Date,ticker,name,Close,High,Low,Open,Volume
2018-05-16,AIQ,AI&Tech ETF,14.608476638793945,14.631794401858897,14.583215883233274,14.612362623785378,6200
2018-05-17,AIQ,AI&Tech ETF,14.670658111572266,14.748383376472502,14.58321695691994,14.592932846672031,57100
2018-05-18,AIQ,AI&Tech ETF,14.55795669555664,14.61722214257065,14.524923039897221,14.602648307445916,47500
2018-05-21,AIQ,AI&Tech ETF,14.588074684143066,14.675514910932547,14.505491475598921,14.670657892687213,31100
2018-05-22,AIQ,AI&Tech ETF,14.524923324584961,14.680373862729176,14.524923324584961,14.680373862729176,27500
2018-05-23,AIQ,AI&Tech ETF,14.592934608459473,14.600706579952849,14.388905531824607,14.447199024258365,13400
2018-05-24,AIQ,AI&Tech ETF,14.631794929504395,14.660941671107576,14.544353778136642,14.651225781720445,29500
2018-05-25,AIQ,AI&Tech ETF,14.602648735046387,14.670659041061707,14.58321788086937,14.602648735046387,23500
2018-05-29,AIQ,AI&Tech ETF,14.447196960449219,14.573500744757435,14.398618439321716,14.534638113167079,43200
2018-05-30,AIQ,AI&Tech ETF,14.622079849243164,14.653169585132508,14.534638693036777,14.554069546328051,17400
2018-05-31,AIQ,AI&Tech ETF,14.579329490661621,14.680372516501114,14.573500512966978,14.651225774911477,20400
2018-06-01,AIQ,AI&Tech ETF,14.806675910949707,14.811533855513764,14.66094128026074,14.670657169388853,37700
2018-06-04,AIQ,AI&Tech ETF,15.005849838256836,15.005849838256836,14.85525723457326,14.962129255484449,47500
2018-06-05,AIQ,AI&Tech ETF,15.119522094726562,15.156441735158289,15.020422056018155,15.049568799205948,44100
2018-06-06,AIQ,AI&Tech ETF,15.21473503112793,15.21473503112793,15.117578912865067,15.175872398511135,23300
2018-06-07,AIQ,AI&Tech ETF,15.069000244140625,15.282744258178504,14.981559089962294,15.282744258178504,19600
2018-06-08,AIQ,AI&Tech ETF,15.107863426208496,15.13701016980928,14.990303565618477,15.030138158900892,16700
2018-06-11,AIQ,AI&Tech ETF,15.185586929321289,15.21279067706271,15.107861671043462,15.166155151472749,40100
2018-06-12,AIQ,AI&Tech ETF,15.195304870605469,15.282745103059549,15.195304870605469,15.224451614756829,36000
2018-06-13,AIQ,AI&Tech ETF,15.235136985778809,15.389616474501901,15.224450063542465,15.292459435152281,43800
2018-06-14,AIQ,AI&Tech ETF,15.35075569152832,15.409049180907123,15.311893056423015,15.35075569152832,52700
2018-06-15,AIQ,AI&Tech ETF,15.302175521850586,15.350754042152229,15.156440887503864,15.350754042152229,28200
2018-06-18,AIQ,AI&Tech ETF,15.302175521850586,15.311891411222556,15.156440887503864,15.292459632478614,22600
2018-06-19,AIQ,AI&Tech ETF,15.195304870605469,15.21473572452028,14.982530951281499,15.15644223621756,22400
2018-06-20,AIQ,AI&Tech ETF,15.234166145324707,15.302175517794055,15.234166145324707,15.282743739055265,17600
2018-06-21,AIQ,AI&Tech ETF,15.054427146911621,15.282745006680951,15.010706567681154,15.282745006680951,19400
2018-06-22,AIQ,AI&Tech ETF,14.971840858459473,15.166153989263478,14.918404400029086,15.166153989263478,14500
2018-06-25,AIQ,AI&Tech ETF,14.548240661621094,14.89411837676025,14.438453699130172,14.89411837676025,28200
2018-06-26,AIQ,AI&Tech ETF,14.636652946472168,14.684260437094647,14.55115570839392,14.66094267159757,11700
2018-06-27,AIQ,AI&Tech ETF,14.291747093200684,14.73866784038019,14.291747093200684,14.709521096982774,33800
2018-06-28,AIQ,AI&Tech ETF,14.520063400268555,14.543381163123481,14.269399765973503,14.28202968036099,11200
2018-06-29,AIQ,AI&Tech ETF,14.554067611694336,14.651224644910663,14.538522745816001,14.583215277594116,8700
2018-07-02,AIQ,AI&Tech ETF,14.575444221496582,14.58321711869613,14.340325431548859,14.340325431548859,14800
2018-07-03,AIQ,AI&Tech ETF,14.622079849243164,14.758098601956867,14.56572842892612,14.64345369520774,5400
2018-07-05,AIQ,AI&Tech ETF,14.767814636230469,14.767814636230469,14.58321735864683,14.651226735668445,8700
2018-07-06,AIQ,AI&Tech ETF,14.975728988647461,14.981558893013771,14.74838310264239,14.767813955227558,7300
2018-07-09,AIQ,AI&Tech ETF,15.09814739227295,15.09814739227295,14.913550115816134,15.03013801566648,10900
2018-07-10,AIQ,AI&Tech ETF,15.146724700927734,15.214734072080653,15.098146181579283,15.214734072080653,147500
2018-07-11,AIQ,AI&Tech ETF,15.044710159301758,15.08162979802809,14.895089538372986,15.030137251660145,14000
2018-07-12,AIQ,AI&Tech ETF,15.331321716308594,15.331321716308594,15.107861828076713,15.107861828076713,10500
2018-07-13,AIQ,AI&Tech ETF,15.339097023010254,15.341040015808966,15.28274559905603,15.28274559905603,5800
2018-07-16,AIQ,AI&Tech ETF,15.302175521850586,15.389616673081902,15.253597001548941,15.389616673081902,5200
2018-07-17,AIQ,AI&Tech ETF,15.318695068359375,15.321610021000168,15.117580940753752,15.117580940753752,9500
2018-07-18,AIQ,AI&Tech ETF,15.342982292175293,15.350755189565508,15.294403768242582,15.350755189565508,4700
2018-07-19,AIQ,AI&Tech ETF,15.234166145324707,15.311891407163449,15.218620351710392,15.311891407163449,5400
2018-07-20,AIQ,AI&Tech ETF,15.195304870605469,15.26331424914474,15.195304870605469,15.205019834283728,4200
2018-07-23,AIQ,AI&Tech ETF,15.195304870605469,15.195304870605469,15.067058084469537,15.195304870605469,6000
2018-07-24,AIQ,AI&Tech ETF,15.117578506469727,15.349782336325644,15.093288782638288,15.282743995732389,5700
2018-07-25,AIQ,AI&Tech ETF,15.35075569152832,15.35075569152832,15.156442516001796,15.2147360053806,275000
2018-07-26,AIQ,AI&Tech ETF,15.219592094421387,15.292459410537216,15.122435055228152,15.243880890940599,6000
2018-07-27,AIQ,AI&Tech ETF,14.911605834960938,15.234166702605334,14.836795522508021,15.234166702605334,7400
2018-07-30,AIQ,AI&Tech ETF,14.592934608459473,14.816394540386137,14.534640189467359,14.816394540386137,16800
2018-07-31,AIQ,AI&Tech ETF,14.609448432922363,14.695918552673218,14.563784863940308,14.592932532569197,6400
2018-08-01,AIQ,AI&Tech ETF,14.602648735046387,14.66482913621779,14.57350199050171,14.612364625414047,6700
2018-08-02,AIQ,AI&Tech ETF,14.708548545837402,14.708548545837402,14.456912935312786,14.534638198952246,6900
2018-08-03,AIQ,AI&Tech ETF,14.738668441772461,14.7580992959775,14.631796427248991,14.69008991642241,14200
2018-08-06,AIQ,AI&Tech ETF,14.771700859069824,14.77752983687478,14.699804573459334,14.738667205167058,3400
2018-08-07,AIQ,AI&Tech ETF,14.902863502502441,14.952413989476124,14.835826079954234,14.835826079954234,3800
2018-08-08,AIQ,AI&Tech ETF,14.894116401672363,14.961154736511823,14.894116401672363,14.903832290371039,2500
2018-08-09,AIQ,AI&Tech ETF,14.94269847869873,15.004878884003306,14.864973203707605,14.864973203707605,3300
2018-08-10,AIQ,AI&Tech ETF,14.845539093017578,14.88440172441717,14.767813830218394,14.88440172441717,4600
2018-08-13,AIQ,AI&Tech ETF,14.81639289855957,14.954355569421093,14.806677008711123,14.921321914559678,6300
2018-08-14,AIQ,AI&Tech ETF,14.859140396118164,14.864970300210874,14.767813262169959,14.767813262169959,5400
2018-08-15,AIQ,AI&Tech ETF,14.65511417388916,14.728953462865988,14.573502913372684,14.728953462865988,6400
2018-08-16,AIQ,AI&Tech ETF,14.717292785644531,14.834852643161067,14.699804925252918,14.834852643161067,7700
2018-08-17,AIQ,AI&Tech ETF,14.767814636230469,14.81639315977088,14.602648212128035,14.81639315977088,200600
2018-08-20,AIQ,AI&Tech ETF,14.826111793518066,14.826111793518066,14.719238836639546,14.719238836639546,2900
2018-08-21,AIQ,AI&Tech ETF,14.90869140625,14.949497030121183,14.898975516787846,14.949497030121183,1600
2018-08-22,AIQ,AI&Tech ETF,14.903833389282227,14.974757714207392,14.903833389282227,14.903833389282227,7900
2018-08-23,AIQ,AI&Tech ETF,14.991276741027832,15.107864651444428,14.932982322540362,14.932982322540362,75500
2018-08-24,AIQ,AI&Tech ETF,15.225421905517578,15.26719949025121,15.193360210546789,15.193360210546789,12100
2018-08-27,AIQ,AI&Tech ETF,15.370185852050781,15.447911118753172,15.321608255280488,15.321608255280488,19900
2018-08-28,AIQ,AI&Tech ETF,15.415848731994629,15.447910426236023,15.389616942101611,15.399332831643422,5300
2018-08-29,AIQ,AI&Tech ETF,15.583930969238281,15.583930969238281,15.4644271961195,15.468313181298605,11000
2018-08-30,AIQ,AI&Tech ETF,15.428481101989746,15.583932570382387,15.389618466531164,15.583932570382387,73200
2018-08-31,AIQ,AI&Tech ETF,15.379900932312012,15.457626194922348,15.379900932312012,15.391559814359384,13700
2018-09-04,AIQ,AI&Tech ETF,15.409049034118652,15.409049034118652,15.326465819486788,15.389618180030254,7400
2018-09-05,AIQ,AI&Tech ETF,15.15644359588623,15.447912916663817,15.07094542193956,15.447912916663817,5200
2018-09-06,AIQ,AI&Tech ETF,14.969902992248535,15.156444217632167,14.95532915498846,15.156444217632167,3600
2018-09-07,AIQ,AI&Tech ETF,15.053455352783203,15.08357312831067,15.01070580879655,15.01070580879655,3000
2018-09-10,AIQ,AI&Tech ETF,15.117578506469727,15.117578506469727,15.05248315847134,15.0592840958325,2700
2018-09-11,AIQ,AI&Tech ETF,15.18170166015625,15.2050184974924,15.10786238334352,15.10786238334352,2200
2018-09-12,AIQ,AI&Tech ETF,15.256512641906738,15.256512641906738,15.039852746617482,15.195304203906934,3600
2018-09-13,AIQ,AI&Tech ETF,15.35075569152832,15.399334217049528,15.35075569152832,15.360471581944223,3300
2018-09-14,AIQ,AI&Tech ETF,15.436250686645508,15.447909568136406,15.368241316747067,15.447909568136406,2500
2018-09-17,AIQ,AI&Tech ETF,15.166156768798828,15.457626981702278,15.166156768798828,15.457626981702278,23000
2018-09-18,AIQ,AI&Tech ETF,15.292461395263672,15.35075581165697,15.292461395263672,15.294404388050395,173500
2018-09-19,AIQ,AI&Tech ETF,15.224451065063477,15.243881918276717,15.175872542192991,15.175872542192991,3300
2018-09-20,AIQ,AI&Tech ETF,15.364356994628906,15.364356994628906,15.283716774988527,15.302176595467147,7300
2018-09-21,AIQ,AI&Tech ETF,15.365326881408691,15.515920386330764,15.331322195316032,15.515920386330764,9900
2018-09-24,AIQ,AI&Tech ETF,15.331321716308594,15.331321716308594,15.205017938654766,15.28274319774048,4500
2018-09-25,AIQ,AI&Tech ETF,15.399333953857422,15.418764807798826,15.360471319416325,15.418764807798826,11900
2018-09-26,AIQ,AI&Tech ETF,15.447911262512207,15.477058932715552,15.428480408934918,15.477058932715552,3600
2018-09-27,AIQ,AI&Tech ETF,15.447911262512207,15.467343042647771,15.389617775222066,15.467343042647771,4700
2018-09-28,AIQ,AI&Tech ETF,15.382816314697266,15.447910737510949,15.370185472726757,15.370185472726757,1400
2018-10-01,AIQ,AI&Tech ETF,15.414877891540527,15.496489140971493,15.387674141730205,15.467342398540183,5000
2018-10-02,AIQ,AI&Tech ETF,15.18170166015625,15.360469947935385,15.18170166015625,15.360469947935385,8200
2018-10-03,AIQ,AI&Tech ETF,15.292461395263672,15.302177285755608,15.253598759854244,15.277888486084084,5900
2018-10-04,AIQ,AI&Tech ETF,14.961155891418457,15.273028900878668,14.88148763636735,15.273028900878668,8300
2018-10-05,AIQ,AI&Tech ETF,14.874687194824219,15.049568577938023,14.712434800609824,14.923264790570236,26500
2018-10-08,AIQ,AI&Tech ETF,14.69980525970459,14.864971683812596,14.524922945576522,14.806677270250482,241100
2018-10-09,AIQ,AI&Tech ETF,14.568644523620605,14.679403453708332,14.524923942089048,14.622080995838807,7900
2018-10-10,AIQ,AI&Tech ETF,13.893404960632324,14.612364146211997,13.893404960632324,14.612364146211997,16400
2018-10-11,AIQ,AI&Tech ETF,13.773900985717773,13.874944010259465,13.621365415914372,13.835109420237307,9300
2018-10-12,AIQ,AI&Tech ETF,14.160584449768066,14.160584449768066,13.980845129361779,14.048854501779488,17300
2018-10-15,AIQ,AI&Tech ETF,14.043998718261719,14.136297828287937,13.914779964225014,14.136297828287937,4600
2018-10-16,AIQ,AI&Tech ETF,14.3986177444458,14.3986177444458,14.164470933184779,14.164470933184779,3200
2018-10-17,AIQ,AI&Tech ETF,14.437481880187988,14.534638927889016,14.320893978881719,14.534638927889016,54800
2018-10-18,AIQ,AI&Tech ETF,14.02942180633545,14.369470499320714,13.990559177984974,14.369470499320714,700
2018-10-19,AIQ,AI&Tech ETF,13.903120040893555,14.10520516810504,13.849683575294543,14.078001418798845,3600
2018-10-22,AIQ,AI&Tech ETF,14.000277519226074,14.000277519226074,13.815680233863825,14.000277519226074,19700
2018-10-23,AIQ,AI&Tech ETF,13.930325508117676,13.930325508117676,13.593191699254302,13.728239429426278,6600
2018-10-24,AIQ,AI&Tech ETF,13.145297050476074,13.84676831894668,13.145297050476074,13.796246806614128,10700
2018-10-25,AIQ,AI&Tech ETF,13.514494895935059,13.543641642345268,13.291034962526178,13.291034962526178,16700
2018-10-26,AIQ,AI&Tech ETF,13.244400024414062,13.359044948898113,12.97041855737171,13.03842794424923,10000
2018-10-29,AIQ,AI&Tech ETF,12.80525016784668,13.33961114353796,12.639111785231533,13.32018029018688,9500
2018-10-30,AIQ,AI&Tech ETF,13.082147598266602,13.087005543634818,12.80525119818657,12.80525119818657,36600
2018-10-31,AIQ,AI&Tech ETF,13.514494895935059,13.514494895935059,13.427053730146065,13.514494895935059,2900
2018-11-01,AIQ,AI&Tech ETF,13.757384300231934,13.757384300231934,13.427051474547335,13.592217887389634,23000
2018-11-02,AIQ,AI&Tech ETF,13.660229682922363,13.883689603274263,13.613594150144296,13.815680223438173,15600
2018-11-05,AIQ,AI&Tech ETF,13.593191146850586,13.63982575242076,13.553356552610994,13.590276194452983,1200
2018-11-06,AIQ,AI&Tech ETF,13.650513648986816,13.796248297548642,13.621366904586111,13.740868834596492,6000
2018-11-07,AIQ,AI&Tech ETF,14.087717056274414,14.087717056274414,13.815678641520584,13.815678641520584,21100
2018-11-08,AIQ,AI&Tech ETF,13.91089153289795,14.097432713015229,13.893403673676218,14.097432713015229,8800
2018-11-09,AIQ,AI&Tech ETF,13.699089050292969,13.844823665623668,13.57278528461259,13.844823665623668,8100
2018-11-12,AIQ,AI&Tech ETF,13.29491901397705,13.29491901397705,13.242454507448562,13.242454507448562,5600
2018-11-13,AIQ,AI&Tech ETF,13.432883262634277,13.432883262634277,13.310465448614803,13.310465448614803,1100
2018-11-14,AIQ,AI&Tech ETF,13.368757247924805,13.446482505344052,13.291031990505557,13.42899372016192,7100
2018-11-15,AIQ,AI&Tech ETF,13.590276718139648,13.590276718139648,13.25217187685463,13.368759785110097,31900
2018-11-16,AIQ,AI&Tech ETF,13.514494895935059,13.514494895935059,13.384305106973866,13.475632258535324,33400
2018-11-19,AIQ,AI&Tech ETF,12.853825569152832,13.504775260005635,12.853825569152832,13.504775260005635,11300
2018-11-20,AIQ,AI&Tech ETF,12.740156173706055,12.921839443660977,12.558472903751133,12.591506562491432,17100
2018-11-21,AIQ,AI&Tech ETF,12.999563217163086,13.038425850073779,12.969444514509604,13.009279107030322,6100
2018-11-23,AIQ,AI&Tech ETF,12.989847183227539,12.989847183227539,12.942240620587633,12.980131293468059,1300
2018-11-26,AIQ,AI&Tech ETF,13.271601676940918,13.271601676940918,13.131696012840816,13.21330819072486,14900
2018-11-27,AIQ,AI&Tech ETF,13.20358943939209,13.232736176183522,13.116148302459736,13.125864190242899,21300
2018-11-28,AIQ,AI&Tech ETF,13.669943809509277,13.718522332084637,13.320180114771539,13.475630645766088,80300
2018-11-29,AIQ,AI&Tech ETF,13.689376831054688,13.718523576620779,13.514494504541474,13.601935667798081,39400
2018-11-30,AIQ,AI&Tech ETF,13.796247482299805,13.825394224978169,13.601934320180305,13.699091364519177,19300
2018-12-03,AIQ,AI&Tech ETF,14.087717056274414,14.126579686953534,13.978901134437962,14.116863797644204,4000
2018-12-04,AIQ,AI&Tech ETF,13.514494895935059,13.98084747129023,13.514494895935059,13.98084747129023,4200
2018-12-06,AIQ,AI&Tech ETF,13.477575302124023,13.477575302124023,13.193877955382861,13.291035012526882,2200
2018-12-07,AIQ,AI&Tech ETF,13.242456436157227,13.655372537691376,13.242456436157227,13.553357535402533,1400
2018-12-10,AIQ,AI&Tech ETF,13.349327087402344,13.368758867390161,13.096719506910322,13.24245507714415,22900
2018-12-11,AIQ,AI&Tech ETF,13.465913772583008,13.553354921521564,13.31532119749893,13.524208180728106,26400
2018-12-12,AIQ,AI&Tech ETF,13.708806991577148,13.747669625883033,13.649541543752546,13.649541543752546,7600
2018-12-13,AIQ,AI&Tech ETF,13.524210929870605,13.708808227830879,13.47563240096789,13.708808227830879,13500
2018-12-14,AIQ,AI&Tech ETF,13.274516105651855,13.436767568850057,13.261885263982991,13.359042305922078,17000
2018-12-17,AIQ,AI&Tech ETF,12.81496524810791,13.184160730727923,12.77610261449308,13.164729877199646,12200
2018-12-18,AIQ,AI&Tech ETF,12.979159355163574,13.039395829042867,12.921836906762284,12.981102347668303,2400
2018-12-19,AIQ,AI&Tech ETF,12.771246910095215,13.164731231751729,12.771246910095215,13.087005956524724,24000
2018-12-20,AIQ,AI&Tech ETF,12.523496627807617,12.766388332505962,12.368045158491686,12.737240660820168,6800
2018-12-21,AIQ,AI&Tech ETF,12.207735061645508,12.543897788943559,12.193162154281437,12.543897788943559,2100
2018-12-24,AIQ,AI&Tech ETF,11.897807121276855,12.105722168489333,11.891977216523804,12.105722168489333,3400
2018-12-26,AIQ,AI&Tech ETF,12.39719295501709,12.39719295501709,11.843399232668508,11.843399232668508,26600
2018-12-27,AIQ,AI&Tech ETF,12.270886421203613,12.270886421203613,12.241739682278803,12.241739682278803,600
2018-12-28,AIQ,AI&Tech ETF,12.539451599121094,12.752348298783467,12.49062177324759,12.588281424994598,8600
2018-12-31,AIQ,AI&Tech ETF,12.558982849121094,12.694729186297856,12.549217629122065,12.694729186297856,7800
2019-01-02,AIQ,AI&Tech ETF,12.705473899841309,12.78360125762414,12.392963537358412,12.392963537358412,8300
2019-01-03,AIQ,AI&Tech ETF,12.373431205749512,12.568749585086811,12.373431205749512,12.54921821282883,2500
2019-01-04,AIQ,AI&Tech ETF,12.87149429321289,12.930089343712998,12.500388891756582,12.519920264806107,10800
2019-01-07,AIQ,AI&Tech ETF,13.115640640258789,13.184001833213372,12.891023828427238,12.93985365111683,10700
2019-01-08,AIQ,AI&Tech ETF,13.242597579956055,13.291426470458136,13.047278292542181,13.223065278674113,9700
2019-01-09,AIQ,AI&Tech ETF,13.37443733215332,13.428150231110216,13.362718137265427,13.362718137265427,8000
2019-01-10,AIQ,AI&Tech ETF,13.447683334350586,13.457448554546199,13.242598808619157,13.398853507966631,11800
2019-01-11,AIQ,AI&Tech ETF,13.467215538024902,13.486747842325673,13.340258354124483,13.38908818352488,22600
2019-01-14,AIQ,AI&Tech ETF,13.35002326965332,13.410572289755176,13.271895922390286,13.35978942089906,11000
2019-01-15,AIQ,AI&Tech ETF,13.555109024047852,13.57464039696737,13.379322011014539,13.379322011014539,10100
2019-01-16,AIQ,AI&Tech ETF,13.545343399047852,13.62835383272721,13.52092894911045,13.545343399047852,13300
2019-01-17,AIQ,AI&Tech ETF,13.6430025100708,13.711363712213721,13.437917972290512,13.447684124411365,50500
2019-01-18,AIQ,AI&Tech ETF,13.848087310791016,13.945746039799259,13.721130124863906,13.721130124863906,15100
2019-01-22,AIQ,AI&Tech ETF,13.594173431396484,13.838321659788875,13.535577446787615,13.838321659788875,9000
2019-01-23,AIQ,AI&Tech ETF,13.613703727722168,13.789490736282128,13.496512699132698,13.711363383889147,22000
2019-01-24,AIQ,AI&Tech ETF,13.7504243850708,13.764096622512193,13.63323337927973,13.740658235083714,10800
2019-01-25,AIQ,AI&Tech ETF,14.004340171813965,14.053169995541703,13.838319329950508,13.84808548096634,14200
2019-01-28,AIQ,AI&Tech ETF,13.891056060791016,13.90668134452702,13.800232527419876,13.90668134452702,13300
2019-01-29,AIQ,AI&Tech ETF,13.701597213745117,13.84808669780039,13.68206584134865,13.838320545926404,12900
2019-01-30,AIQ,AI&Tech ETF,14.023873329162598,14.075633191059676,13.774842034640347,13.779725110770377,12800
2019-01-31,AIQ,AI&Tech ETF,14.209426879882812,14.277788084843637,14.033639859867476,14.033639859867476,13200
2019-02-01,AIQ,AI&Tech ETF,14.304154396057129,14.34614716926798,14.304154396057129,14.336381949539543,8700
2019-02-04,AIQ,AI&Tech ETF,14.464315414428711,14.512168251617448,14.307083732314275,14.307083732314275,4000
2019-02-05,AIQ,AI&Tech ETF,14.638151168823242,14.639127225256592,14.531702342440024,14.541468494882864,4600
2019-02-06,AIQ,AI&Tech ETF,14.629358291625977,14.697720414377974,14.57857635755079,14.697720414377974,3000
2019-02-07,AIQ,AI&Tech ETF,14.344194412231445,14.512168302488904,14.258254888793688,14.512168302488904,102500
2019-02-08,AIQ,AI&Tech ETF,14.386189460754395,14.386189460754395,14.30708511820222,14.316851270389211,1400
2019-02-11,AIQ,AI&Tech ETF,14.521934509277344,14.521934509277344,14.474081671737935,14.502403138003718,1200
2019-02-12,AIQ,AI&Tech ETF,14.697723388671875,14.697723388671875,14.590297573187323,14.590297573187323,10100
2019-02-13,AIQ,AI&Tech ETF,14.663538932800293,14.766080713706298,14.663538932800293,14.766080713706298,5400
2019-02-14,AIQ,AI&Tech ETF,14.687954902648926,14.727018575341418,14.629358927934474,14.6498682175981,9800
2019-02-15,AIQ,AI&Tech ETF,14.729948997497559,14.7660826395746,14.718229802243918,14.736785117116227,2100
2019-02-19,AIQ,AI&Tech ETF,14.87936782836914,14.87936782836914,14.658658021445547,14.658658021445547,2700
2019-02-20,AIQ,AI&Tech ETF,14.834444999694824,14.94187080939007,14.795381322901513,14.912573284632966,19300
2019-02-21,AIQ,AI&Tech ETF,14.814912796020508,14.873507842248177,14.765106913591842,14.853976470622777,4300
2019-02-22,AIQ,AI&Tech ETF,14.958471298217773,15.008277177502096,14.941869028005863,14.96628347383415,7900
2019-02-25,AIQ,AI&Tech ETF,15.137186050415039,15.234845687796957,15.088356231724081,15.215313387780043,67500
2019-02-26,AIQ,AI&Tech ETF,15.137186050415039,15.137186050415039,15.060034769240085,15.078590081715623,4600
2019-02-27,AIQ,AI&Tech ETF,15.088358879089355,15.088358879089355,14.951636480387295,15.078592727367354,26700
2019-02-28,AIQ,AI&Tech ETF,15.039525985717773,15.078589653290367,15.002416293172415,15.019994617607127,5900
2019-03-01,AIQ,AI&Tech ETF,15.098124504089355,15.186018003818084,15.088358352708061,15.117655875500486,7700
2019-03-04,AIQ,AI&Tech ETF,14.971165657043457,15.234846126761312,14.785613458293055,15.234846126761312,10900
2019-03-05,AIQ,AI&Tech ETF,15.039525985717773,15.078589653290367,14.961398650572587,15.068824434910693,123100
2019-03-06,AIQ,AI&Tech ETF,14.91257381439209,15.029764848935155,14.91257381439209,15.029764848935155,16700
2019-03-07,AIQ,AI&Tech ETF,14.687954902648926,14.91257171914433,14.668423531978389,14.91257171914433,17000
2019-03-08,AIQ,AI&Tech ETF,14.580530166625977,14.629359059416881,14.52193419138489,14.56099786442847,19500
2019-03-11,AIQ,AI&Tech ETF,15.019996643066406,15.019996643066406,14.687954958247614,14.687954958247614,7700
2019-03-12,AIQ,AI&Tech ETF,15.039525985717773,15.11765332086296,14.990697099765507,15.11765332086296,6400
2019-03-13,AIQ,AI&Tech ETF,15.195784568786621,15.283677139556085,15.146954741902597,15.146954741902597,19000
2019-03-14,AIQ,AI&Tech ETF,15.142070770263672,15.20457283321538,15.137187694729008,15.195783669793554,7100
2019-03-15,AIQ,AI&Tech ETF,15.195784568786621,15.273911919260465,15.137188590255496,15.137188590255496,10900
2019-03-18,AIQ,AI&Tech ETF,15.186017036437988,15.303208051493835,15.107889693067424,15.283675749975496,102500
2019-03-19,AIQ,AI&Tech ETF,15.365711212158203,15.391102647138428,15.29344299526019,15.352038972657425,37300
2019-03-20,AIQ,AI&Tech ETF,15.332507133483887,15.430166788315912,15.225082258249852,15.430166788315912,20100
2019-03-21,AIQ,AI&Tech ETF,15.65478229522705,15.65478229522705,15.391101808337039,15.391101808337039,18100
2019-03-22,AIQ,AI&Tech ETF,15.30320930480957,15.654783310122026,15.30320930480957,15.654783310122026,31100
2019-03-25,AIQ,AI&Tech ETF,15.227035522460938,15.234848630246988,15.126446765729888,15.146955125897826,18700
2019-03-26,AIQ,AI&Tech ETF,15.27391242980957,15.469230812522937,15.27391242980957,15.332507478947823,37600
2019-03-27,AIQ,AI&Tech ETF,15.145001411437988,15.352038979413562,15.060037011336739,15.352038979413562,6700
2019-03-28,AIQ,AI&Tech ETF,15.156720161437988,15.208479086234856,15.111796424842153,15.142070934674935,5600
2019-03-29,AIQ,AI&Tech ETF,15.37156867980957,15.391100980610872,15.293441339307089,15.293441339307089,53700
2019-04-01,AIQ,AI&Tech ETF,15.65478229522705,15.664548446152923,15.478995303967043,15.498526674467369,21900
2019-04-02,AIQ,AI&Tech ETF,15.635248184204102,15.703609370072218,15.576652216780495,15.703609370072218,14100
2019-04-03,AIQ,AI&Tech ETF,15.79345989227295,15.859867115974481,15.771973613475799,15.859867115974481,20700
2019-04-04,AIQ,AI&Tech ETF,15.645017623901367,15.879399680180043,15.537591816260015,15.879399680180043,53600
2019-04-05,AIQ,AI&Tech ETF,15.77196979522705,15.791502093876607,15.732907060630462,15.791502093876607,10200
2019-04-08,AIQ,AI&Tech ETF,15.83349895477295,15.84033507479816,15.723144977995409,15.732911129846139,11300
2019-04-09,AIQ,AI&Tech ETF,15.73291301727295,15.889167740223995,15.723146864250605,15.889167740223995,45500
2019-04-10,AIQ,AI&Tech ETF,15.85986614227295,15.908696897720397,15.830567689004482,15.830567689004482,3700
2019-04-11,AIQ,AI&Tech ETF,15.86963176727295,15.97705756299323,15.859865616507214,15.97705756299323,23200
2019-04-12,AIQ,AI&Tech ETF,15.996591567993164,16.01612387387903,15.918464207152905,15.996591567993164,12100
2019-04-15,AIQ,AI&Tech ETF,15.942874908447266,16.05518283370012,15.854003506763176,16.05518283370012,26200
2019-04-16,AIQ,AI&Tech ETF,16.064950942993164,16.064950942993164,15.977057449429095,16.01612018951158,14600
2019-04-17,AIQ,AI&Tech ETF,16.09620475769043,16.250505499361438,16.072766363827224,16.250505499361438,25800
2019-04-18,AIQ,AI&Tech ETF,16.112804412841797,16.172375512924603,16.030770979001492,16.172375512924603,12900
2019-04-22,AIQ,AI&Tech ETF,16.19190788269043,16.239760719297067,16.074715931927237,16.123546687538095,11800
2019-04-23,AIQ,AI&Tech ETF,16.504419326782227,16.533717783803844,16.309101868080738,16.31886615771818,10500
2019-04-24,AIQ,AI&Tech ETF,16.43605613708496,16.54348193714722,16.406757683603562,16.54348193714722,7700
2019-04-25,AIQ,AI&Tech ETF,16.37746238708496,16.44582358790773,16.230973833507175,16.44582358790773,10400
2019-04-26,AIQ,AI&Tech ETF,16.289567947387695,16.330584665527024,16.152845553589934,16.27980179601601,15900
2019-04-29,AIQ,AI&Tech ETF,16.423362731933594,16.43605891685975,16.367697709877657,16.43605891685975,9100
2019-04-30,AIQ,AI&Tech ETF,16.406761169433594,16.437035685652393,16.318867653018145,16.406761169433594,7200
2019-05-01,AIQ,AI&Tech ETF,16.349138259887695,16.53371534530601,16.349138259887695,16.53371534530601,8800
2019-05-02,AIQ,AI&Tech ETF,16.299333572387695,16.387227069191507,16.123546578780072,16.338396313910028,21000
2019-05-03,AIQ,AI&Tech ETF,16.509302139282227,16.509302139282227,16.348163431381963,16.348163431381963,22600
2019-05-06,AIQ,AI&Tech ETF,16.396991729736328,16.396991729736328,16.11377896295677,16.11377896295677,12100
2019-05-07,AIQ,AI&Tech ETF,15.937994956970215,16.21144162456541,15.879399907736612,16.20167547257597,27200
2019-05-08,AIQ,AI&Tech ETF,16.104013442993164,16.12842788801859,15.99658764963799,16.113779593543885,13100
2019-05-09,AIQ,AI&Tech ETF,15.986825942993164,16.1040160431176,15.64599412574313,16.1040160431176,18400
2019-05-10,AIQ,AI&Tech ETF,15.990729331970215,16.016119833053317,15.859865150795448,15.908695903190246,5200
2019-05-13,AIQ,AI&Tech ETF,15.459465026855469,15.664550497753318,15.412588241352926,15.664550497753318,17200
2019-05-14,AIQ,AI&Tech ETF,15.66454792022705,15.723142961112158,15.459462483075026,15.469228633673005,46100
2019-05-15,AIQ,AI&Tech ETF,15.850099563598633,15.878421959804962,15.625483682708374,15.625483682708374,26600
2019-05-16,AIQ,AI&Tech ETF,15.986825942993164,16.07960159415026,15.801272777975909,15.801272777975909,7900
2019-05-17,AIQ,AI&Tech ETF,15.625487327575684,15.889167873277302,15.625487327575684,15.801274358043429,9800
2019-05-20,AIQ,AI&Tech ETF,15.37156867980957,15.498525840963946,15.31297364010839,15.498525840963946,10200
2019-05-21,AIQ,AI&Tech ETF,15.557124137878418,15.596187813969859,15.50829430992624,15.50829430992624,10400
2019-05-22,AIQ,AI&Tech ETF,15.498525619506836,15.557121589722106,15.430164430381812,15.557121589722106,10900
2019-05-23,AIQ,AI&Tech ETF,15.106914520263672,15.264146213509719,14.990700478863362,15.264146213509719,10700
2019-05-24,AIQ,AI&Tech ETF,15.117656707763672,15.234848668087979,15.098125335277294,15.117656707763672,8700
2019-05-28,AIQ,AI&Tech ETF,15.104960441589355,15.258285104750136,15.104960441589355,15.107890473238692,8100
2019-05-29,AIQ,AI&Tech ETF,14.88327407836914,15.039528777666748,14.88327407836914,15.039528777666748,36000
2019-05-30,AIQ,AI&Tech ETF,14.990699768066406,15.039528662710072,14.90280626754546,14.90280626754546,4400
2019-05-31,AIQ,AI&Tech ETF,14.810029983520508,14.91940883316192,14.780732459885916,14.780732459885916,5000
2019-06-03,AIQ,AI&Tech ETF,14.521934509277344,14.893039876990764,14.521934509277344,14.893039876990764,19100
2019-06-04,AIQ,AI&Tech ETF,14.948705673217773,14.951635704852693,14.648891536634283,14.648891536634283,14000
2019-06-05,AIQ,AI&Tech ETF,15.088358879089355,15.117656402903869,14.98093400420181,15.117656402903869,2300
2019-06-06,AIQ,AI&Tech ETF,15.132304191589355,15.132304191589355,15.029762402313285,15.049293772548603,2600
2019-06-07,AIQ,AI&Tech ETF,15.42137622833252,15.439931542443944,15.353014103597657,15.353014103597657,4000
2019-06-10,AIQ,AI&Tech ETF,15.635248184204102,15.716305551077046,15.566886066984676,15.625482034408282,22800
2019-06-11,AIQ,AI&Tech ETF,15.488760948181152,15.674313164102713,15.423329784157072,15.654782724418355,30300
2019-06-12,AIQ,AI&Tech ETF,15.43016529083252,15.43016529083252,15.38426549966739,15.393054662851963,1700
2019-06-13,AIQ,AI&Tech ETF,15.452628135681152,15.46239428739889,15.430166731811546,15.456534223827653,4200
2019-06-14,AIQ,AI&Tech ETF,15.382312774658203,15.449696981371105,15.333482950968818,15.449696981371105,3400
2019-06-17,AIQ,AI&Tech ETF,15.425285339355469,15.459465942746283,15.400870888748198,15.459465942746283,10000
2019-06-18,AIQ,AI&Tech ETF,15.72314453125,15.796387873994888,15.508293853396054,15.508293853396054,4500
2019-06-19,AIQ,AI&Tech ETF,15.801270484924316,15.859865526483329,15.645015798965094,15.859865526483329,25800
2019-06-20,AIQ,AI&Tech ETF,16.064950942993164,16.088389332123768,15.94873505359894,16.035652490904212,8700
2019-06-21,AIQ,AI&Tech ETF,15.908699035644531,16.006356834257655,15.889166730840662,15.937995630147224,124500
2019-06-24,AIQ,AI&Tech ETF,15.923346519470215,15.977059423585438,15.898932071064118,15.918462512167187,4000
2019-06-25,AIQ,AI&Tech ETF,15.586420059204102,15.947759258727741,15.586420059204102,15.947759258727741,3900
2019-06-26,AIQ,AI&Tech ETF,15.770023345947266,15.859868971674457,15.770023345947266,15.859868971674457,15700
2019-06-27,AIQ,AI&Tech ETF,15.87388801574707,15.901324244498815,15.77590068351102,15.77590068351102,5200
2019-06-28,AIQ,AI&Tech ETF,15.928760528564453,15.934638385493871,15.825872801435212,15.825872801435212,2500
2019-07-01,AIQ,AI&Tech ETF,16.089452743530273,16.285427336041398,16.089452743530273,16.285427336041398,7700
2019-07-02,AIQ,AI&Tech ETF,16.14824867248535,16.17470556723925,16.040464299968242,16.040464299968242,8400
2019-07-03,AIQ,AI&Tech ETF,16.25603485107422,16.308946771424623,16.187444286387,16.187444286387,5300
2019-07-05,AIQ,AI&Tech ETF,16.288368225097656,16.306007399342732,16.142369389149707,16.256033476886802,12800
2019-07-08,AIQ,AI&Tech ETF,16.158044815063477,16.246233203120628,16.069856427006325,16.246233203120628,10400
2019-07-09,AIQ,AI&Tech ETF,16.25603485107422,16.3050275775786,16.158047529112743,16.16784644820416,9900
2019-07-10,AIQ,AI&Tech ETF,16.34912109375,16.460826523966855,16.285430925754383,16.285430925754383,13100
2019-07-11,AIQ,AI&Tech ETF,16.461809158325195,16.51080376155982,16.38341966210281,16.47160807897212,38400
2019-07-12,AIQ,AI&Tech ETF,16.47160530090332,16.47160530090332,16.373617979913433,16.46180638190906,18900
2019-07-15,AIQ,AI&Tech ETF,16.548038482666016,16.56469646043786,16.4716076511862,16.4716076511862,3100
2019-07-16,AIQ,AI&Tech ETF,16.3834171295166,16.60878853165142,16.3834171295166,16.60878853165142,14500
2019-07-17,AIQ,AI&Tech ETF,16.452009201049805,16.500022595473006,16.383416768635406,16.383416768635406,9800
2019-07-18,AIQ,AI&Tech ETF,16.354022979736328,16.38341786950784,16.259954846980744,16.38341786950784,9800
2019-07-19,AIQ,AI&Tech ETF,16.373620986938477,16.51080400909914,16.334427172716175,16.471608325923793,13300
2019-07-22,AIQ,AI&Tech ETF,16.466705322265625,16.476504240394874,16.393214370772533,16.40301328890178,7100
2019-07-23,AIQ,AI&Tech ETF,16.540197372436523,16.540197372436523,16.41281515180654,16.510802481727303,7900
2019-07-24,AIQ,AI&Tech ETF,16.711673736572266,16.711673736572266,16.393215418355002,16.393215418355002,8700
2019-07-25,AIQ,AI&Tech ETF,16.569595336914062,16.745972169805647,16.540198575114463,16.745972169805647,18100
2019-07-26,AIQ,AI&Tech ETF,16.80476188659668,16.80476188659668,16.628385074044132,16.628385074044132,10600
2019-07-29,AIQ,AI&Tech ETF,16.677379608154297,16.863553470517992,16.54999552448147,16.863553470517992,11100
2019-07-30,AIQ,AI&Tech ETF,16.569595336914062,16.58429278333736,16.557837753566027,16.559796416314196,7100
2019-07-31,AIQ,AI&Tech ETF,16.30503273010254,16.530404202518984,16.128655868625888,16.530404202518984,12000
2019-08-01,AIQ,AI&Tech ETF,16.187450408935547,16.564700526354564,16.118859818305438,16.265839922363302,29100
2019-08-02,AIQ,AI&Tech ETF,15.797455787658691,16.040464499603793,15.687710882368771,16.040464499603793,8000
2019-08-05,AIQ,AI&Tech ETF,15.236970901489258,15.442743533727782,15.144863303116761,15.442743533727782,9900
2019-08-06,AIQ,AI&Tech ETF,15.383952140808105,15.432945806454043,15.207576252749758,15.315361569589662,57600
2019-08-07,AIQ,AI&Tech ETF,15.486837387084961,15.501534831178956,15.129184317683997,15.129184317683997,6900
2019-08-08,AIQ,AI&Tech ETF,15.77687931060791,15.77687931060791,15.579925323601184,15.658314812100388,4300
2019-08-09,AIQ,AI&Tech ETF,15.697509765625,15.754340880618251,15.560327699850792,15.697509765625,7400
2019-08-12,AIQ,AI&Tech ETF,15.481937408447266,15.62891745131704,15.481937408447266,15.62891745131704,4000
2019-08-13,AIQ,AI&Tech ETF,15.717107772827148,15.717107772827148,15.369253612280723,15.472139461858719,26500
2019-08-14,AIQ,AI&Tech ETF,15.192875862121582,15.462339585799334,15.138982743595502,15.355533614410474,6500
2019-08-15,AIQ,AI&Tech ETF,15.186017036437988,15.236970293223985,15.127224457655556,15.139963239090225,3600
2019-08-16,AIQ,AI&Tech ETF,15.46234130859375,15.49173806805223,15.26636758458603,15.26636758458603,5400
2019-08-19,AIQ,AI&Tech ETF,15.687707901000977,15.732781425828668,15.628915331142906,15.628915331142906,23500
2019-08-20,AIQ,AI&Tech ETF,15.66419506072998,15.726905906042138,15.657336003619184,15.726905906042138,2500
2019-08-21,AIQ,AI&Tech ETF,15.844491958618164,15.88368577188038,15.815095196956754,15.854290879171966,2500
2019-08-22,AIQ,AI&Tech ETF,15.824889183044434,15.824889183044434,15.653412799204586,15.756298629508494,4100
2019-08-23,AIQ,AI&Tech ETF,15.295763969421387,15.775900778909731,15.295763969421387,15.638718699844995,13600
2019-08-26,AIQ,AI&Tech ETF,15.46234130859375,15.589724462817875,15.40452898992574,15.589724462817875,4700
2019-08-27,AIQ,AI&Tech ETF,15.481937408447266,15.805293315865505,15.4329437493319,15.677911110432406,52300
2019-08-28,AIQ,AI&Tech ETF,15.442744255065918,15.498596976128713,15.364354766215953,15.384931936953338,9100
2019-08-29,AIQ,AI&Tech ETF,15.736702919006348,15.75434022530347,15.579923955772244,15.579923955772244,5500
2019-08-30,AIQ,AI&Tech ETF,15.775898933410645,15.81117354676315,15.678890943262198,15.775898933410645,10800
2019-09-03,AIQ,AI&Tech ETF,15.581888198852539,15.70731177310729,15.52505520373247,15.70731177310729,5000
2019-09-04,AIQ,AI&Tech ETF,15.844491958618164,15.849390484418567,15.75140501678653,15.799418419233067,20500
2019-09-05,AIQ,AI&Tech ETF,16.069856643676758,16.177642868078205,16.002245420657847,16.04046175989631,11300
2019-09-06,AIQ,AI&Tech ETF,16.07965850830078,16.148249074962866,16.06006066955368,16.06006066955368,10400
2019-09-09,AIQ,AI&Tech ETF,16.011070251464844,16.03164742443202,15.967955373791836,16.020869172252027,4800
2019-09-10,AIQ,AI&Tech ETF,15.952278137207031,15.97187410926515,15.833713628728729,15.97187410926515,40400
2019-09-11,AIQ,AI&Tech ETF,15.991470336914062,16.056141710563693,15.99147033691406,16.050261985062964,5500
2019-09-12,AIQ,AI&Tech ETF,16.109054565429688,16.212919742154604,16.0698588896411,16.079657808588248,7300
2019-09-13,AIQ,AI&Tech ETF,16.046340942382812,16.10905364627574,16.040463086512055,16.07181850398223,5200
2019-09-16,AIQ,AI&Tech ETF,16.060060501098633,16.060060501098633,15.971872096614462,15.98167101588523,7800
2019-09-17,AIQ,AI&Tech ETF,16.053203582763672,16.07966048142349,15.962077172417864,15.962077172417864,7600
2019-09-18,AIQ,AI&Tech ETF,15.981673240661621,16.02870731212773,15.79549935545837,16.001271081931336,17100
2019-09-19,AIQ,AI&Tech ETF,16.055164337158203,16.177648042627258,16.001271207719334,16.001271207719334,10900
2019-09-20,AIQ,AI&Tech ETF,15.939537048339844,16.148248604958766,15.913080153696578,16.148248604958766,1800
2019-09-23,AIQ,AI&Tech ETF,15.913080215454102,15.94247697283323,15.865066820001763,15.932678053706853,7100
2019-09-24,AIQ,AI&Tech ETF,15.570125579833984,15.981669880734877,15.51133300286168,15.981669880734877,14400
2019-09-25,AIQ,AI&Tech ETF,15.756300926208496,15.756300926208496,15.452541915292635,15.608340614530695,4500
2019-09-26,AIQ,AI&Tech ETF,15.795498847961426,15.854290500928627,15.721028548691592,15.854290500928627,10700
2019-09-27,AIQ,AI&Tech ETF,15.366314888000488,15.756302748517983,15.366314888000488,15.756302748517983,4800
2019-09-30,AIQ,AI&Tech ETF,15.649497985839844,15.649497985839844,15.540732394311389,15.599524984790227,7400
2019-10-01,AIQ,AI&Tech ETF,15.46234130859375,15.700450574720575,15.413347643972713,15.700450574720575,7600
2019-10-02,AIQ,AI&Tech ETF,15.187975883483887,15.354553758254394,15.121344920470941,15.354553758254394,6300
2019-10-03,AIQ,AI&Tech ETF,15.415308952331543,15.415308952331543,15.080193540324336,15.178179940027746,2000
2019-10-04,AIQ,AI&Tech ETF,15.585803985595703,15.588743848194815,15.432944213110773,15.432944213110773,1800
2019-10-07,AIQ,AI&Tech ETF,15.641658782958984,15.697511507388853,15.639699185791065,15.639699185791065,4000
2019-10-08,AIQ,AI&Tech ETF,15.374153137207031,15.530933053317037,15.364355151712266,15.530933053317037,51300
2019-10-09,AIQ,AI&Tech ETF,15.539752006530762,15.539752006530762,15.442744939692561,15.447644399772445,4500
2019-10-10,AIQ,AI&Tech ETF,15.536810874938965,15.57992481185446,15.484878284390346,15.484878284390346,1300
2019-10-11,AIQ,AI&Tech ETF,15.811172485351562,15.918958718513496,15.811172485351562,15.812151816503194,11000
2019-10-14,AIQ,AI&Tech ETF,15.844491958618164,15.86408979972577,15.74650462203313,15.86408979972577,4500
2019-10-15,AIQ,AI&Tech ETF,16.00126838684082,16.00126838684082,15.904262266114575,15.904262266114575,13300
2019-10-16,AIQ,AI&Tech ETF,15.805296897888184,15.932681001143537,15.805296897888184,15.932681001143537,36500
2019-10-17,AIQ,AI&Tech ETF,15.785700798034668,15.81509569166257,15.75630403545371,15.81509569166257,12400
2019-10-18,AIQ,AI&Tech ETF,15.57796573638916,15.77589998927949,15.53093260394581,15.77589998927949,7300
2019-10-21,AIQ,AI&Tech ETF,15.778841018676758,15.778841018676758,15.628920152904836,15.628920152904836,3600
2019-10-22,AIQ,AI&Tech ETF,15.541709899902344,15.756301181703739,15.541709899902344,15.726904424447063,6900
2019-10-23,AIQ,AI&Tech ETF,15.548569679260254,15.569146849610798,15.539751025463792,15.539751025463792,1200
2019-10-24,AIQ,AI&Tech ETF,15.714168548583984,15.714168548583984,15.614221623164333,15.614221623164333,2100
2019-10-25,AIQ,AI&Tech ETF,15.849388122558594,15.880745411239129,15.717107387177085,15.717107387177085,6000
2019-10-28,AIQ,AI&Tech ETF,16.011070251464844,16.0257676981691,15.922881833333216,16.011070251464844,24400
2019-10-29,AIQ,AI&Tech ETF,15.913080215454102,16.040464295144268,15.903281296327725,16.040464295144268,17400
2019-10-30,AIQ,AI&Tech ETF,16.099258422851562,16.114935200708356,15.95227835120255,15.971874323523544,13100
2019-10-31,AIQ,AI&Tech ETF,15.991470336914062,16.109055502164665,15.873887040616257,16.109055502164665,4500
2019-11-01,AIQ,AI&Tech ETF,16.1678466796875,16.17078654235229,16.099256114018235,16.128651002760638,1700
2019-11-04,AIQ,AI&Tech ETF,16.491201400756836,16.491201400756836,16.26583189450042,16.324623533316768,58100
2019-11-05,AIQ,AI&Tech ETF,16.21684455871582,16.41281926770256,16.177650738290474,16.41281926770256,16800
2019-11-06,AIQ,AI&Tech ETF,16.190383911132812,16.221739330393035,16.16784621065841,16.221739330393035,2400
2019-11-07,AIQ,AI&Tech ETF,16.314830780029297,16.466711262392515,16.30503185836523,16.30503185836523,3900
2019-11-08,AIQ,AI&Tech ETF,16.434371948242188,16.44515206857818,16.40693571964781,16.40693571964781,5800
2019-11-11,AIQ,AI&Tech ETF,16.510801315307617,16.55979404233043,16.432411830699476,16.55979404233043,20700
2019-11-12,AIQ,AI&Tech ETF,16.57939338684082,16.657782878570092,16.57939338684082,16.57939338684082,10200
2019-11-13,AIQ,AI&Tech ETF,16.55685806274414,16.60879253355365,16.510805187574388,16.569596847580673,15400
2019-11-14,AIQ,AI&Tech ETF,16.491201400756836,16.55489343303017,16.461804646872412,16.461804646872412,11500
2019-11-15,AIQ,AI&Tech ETF,16.682279586791992,16.682279586791992,16.622508602683517,16.657783220552357,8700
2019-11-18,AIQ,AI&Tech ETF,16.736173629760742,16.804764206566446,16.655823600386604,16.74597255058342,11000
2019-11-19,AIQ,AI&Tech ETF,16.785165786743164,16.794964707228313,16.716575212300114,16.785165786743164,12700
2019-11-20,AIQ,AI&Tech ETF,16.721473693847656,16.84395738246867,16.67737949118598,16.76556789650933,9000
2019-11-21,AIQ,AI&Tech ETF,16.6724796295166,16.744991261335638,16.664641241356154,16.677380023831503,3200
2019-11-22,AIQ,AI&Tech ETF,16.770465850830078,16.770465850830078,16.65974161679616,16.70775501177846,9100
2019-11-25,AIQ,AI&Tech ETF,16.971343994140625,16.993881701413407,16.902753409771176,16.902753409771176,3900
2019-11-26,AIQ,AI&Tech ETF,16.976240158081055,16.991916934056057,16.914506778582926,16.914506778582926,6200
2019-11-27,AIQ,AI&Tech ETF,17.059528350830078,17.075206995924,17.000736702395294,17.069327270394677,1800
2019-11-29,AIQ,AI&Tech ETF,16.963499069213867,17.005632735108396,16.93214365257474,16.93214365257474,18600
2019-12-02,AIQ,AI&Tech ETF,16.700897216796875,17.05952870942626,16.65582181206166,17.05952870942626,11700
2019-12-03,AIQ,AI&Tech ETF,16.633285522460938,16.633285522460938,16.43535220780126,16.559794560673616,10300
2019-12-04,AIQ,AI&Tech ETF,16.7459716796875,16.755770600000574,16.689138689452857,16.70677599843521,3200
2019-12-05,AIQ,AI&Tech ETF,16.736173629760742,16.775369313051456,16.696979815423074,16.775369313051456,4700
2019-12-06,AIQ,AI&Tech ETF,16.873353958129883,16.908630445156835,16.853757986395973,16.89295179881675,2700
2019-12-09,AIQ,AI&Tech ETF,16.785165786743164,16.960563286207233,16.785165786743164,16.892952043126805,8100
2019-12-10,AIQ,AI&Tech ETF,16.790063858032227,16.89294970545933,16.790063858032227,16.85375589789541,7500
2019-12-11,AIQ,AI&Tech ETF,16.843955993652344,16.853754912208416,16.755767595600293,16.80476031942805,18700
2019-12-12,AIQ,AI&Tech ETF,17.010536193847656,17.030132164682858,16.902749943966143,16.902749943966143,8300
2019-12-13,AIQ,AI&Tech ETF,17.169275283813477,17.20553110358162,16.99093978599008,16.99093978599008,8800
2019-12-16,AIQ,AI&Tech ETF,17.23100471496582,17.324093516051313,17.216307270142973,17.304495676985653,13400
2019-12-17,AIQ,AI&Tech ETF,17.29469871520996,17.343693318420296,17.26530382223677,17.26530382223677,9700
2019-12-18,AIQ,AI&Tech ETF,17.34467124938965,17.410321956542546,17.30449623868681,17.373086808690264,18100
2019-12-19,AIQ,AI&Tech ETF,17.47989273071289,17.47989273071289,17.39268365727644,17.39268365727644,5000
2019-12-20,AIQ,AI&Tech ETF,17.587678909301758,17.631773116165213,17.53966550810979,17.53966550810979,9700
2019-12-23,AIQ,AI&Tech ETF,17.667049407958984,17.686645379385194,17.611195749773742,17.637652647390283,9100
2019-12-24,AIQ,AI&Tech ETF,17.647449493408203,17.725838976758407,17.583757454138443,17.725838976758407,7600
2019-12-26,AIQ,AI&Tech ETF,17.711143493652344,17.76405541957196,17.690566322080343,17.706243099114488,4700
2019-12-27,AIQ,AI&Tech ETF,17.71604347229004,17.83362865445493,17.702325356783557,17.83362865445493,4700
2019-12-30,AIQ,AI&Tech ETF,17.5147647857666,17.771020619438996,17.467636888674402,17.771020619438996,11500
2019-12-31,AIQ,AI&Tech ETF,17.574657440185547,17.574657440185547,17.461747852131186,17.515748497000995,5900
2020-01-02,AIQ,AI&Tech ETF,17.965423583984375,17.977204623092927,17.633565701227017,17.633565701227017,13900
2020-01-03,AIQ,AI&Tech ETF,17.859386444091797,17.91633094119108,17.721929754023904,17.721929754023904,9400
2020-01-06,AIQ,AI&Tech ETF,17.89866065979004,17.917316314560225,17.64338605830462,17.67284146825044,20500
2020-01-07,AIQ,AI&Tech ETF,18.006662368774414,18.055752847125284,17.90847953939096,17.967388487948348,20300
2020-01-08,AIQ,AI&Tech ETF,18.095027923583984,18.163755346889065,17.983099603052064,18.026300500278904,9100
2020-01-09,AIQ,AI&Tech ETF,18.30611801147461,18.34048171870868,18.163753011401127,18.163753011401127,40500
2020-01-10,AIQ,AI&Tech ETF,18.27175521850586,18.40724561123048,18.27175521850586,18.30120875607649,26900
2020-01-13,AIQ,AI&Tech ETF,18.4484806060791,18.505425100538314,18.271751921814932,18.271751921814932,24600
2020-01-14,AIQ,AI&Tech ETF,18.468116760253906,18.497572166930563,18.34048041001798,18.497572166930563,26300
2020-01-15,AIQ,AI&Tech ETF,18.433752059936523,18.546661637077044,18.416079565957535,18.487752699586633,13200
2020-01-16,AIQ,AI&Tech ETF,18.639938354492188,18.674302061482148,18.56630076940994,18.57611923893301,7800
2020-01-17,AIQ,AI&Tech ETF,18.635028839111328,18.703756255509603,18.576119892581616,18.703756255509603,37200
2020-01-21,AIQ,AI&Tech ETF,18.571210861206055,18.664483512254556,18.536845281681266,18.664483512254556,43500
2020-01-22,AIQ,AI&Tech ETF,18.752851486206055,18.831397384541372,18.752851486206055,18.752851486206055,16800
2020-01-23,AIQ,AI&Tech ETF,18.767576217651367,18.782302986775928,18.620302908360564,18.723394037595952,15200
2020-01-24,AIQ,AI&Tech ETF,18.68412208557129,18.988487175384137,18.60557619553308,18.87066740398595,18700
2020-01-27,AIQ,AI&Tech ETF,18.25604248046875,18.374843515705304,18.104842184357537,18.26193393614829,18600
2020-01-28,AIQ,AI&Tech ETF,18.50935173034668,18.53684269198061,18.311023543507233,18.320842011616683,43400
2020-01-29,AIQ,AI&Tech ETF,18.487756729125977,18.57612109096192,18.389573896788068,18.566302620459954,31100
2020-01-30,AIQ,AI&Tech ETF,18.37975311279297,18.37975311279297,18.144115468451187,18.320844169877905,38600
2020-01-31,AIQ,AI&Tech ETF,18.1077880859375,18.448481270664402,18.10484235806947,18.448481270664402,14400
2020-02-03,AIQ,AI&Tech ETF,18.458301544189453,18.49266525502726,18.271756220407585,18.271756220407585,24500
2020-02-04,AIQ,AI&Tech ETF,18.900121688842773,18.92859394025502,18.684120972278528,18.684120972278528,11800
2020-02-05,AIQ,AI&Tech ETF,18.94430160522461,19.175030935222466,18.851028962707865,19.175030935222466,28500
2020-02-06,AIQ,AI&Tech ETF,19.00812530517578,19.067034258219238,18.880487055452804,18.92957941022389,23900
2020-02-07,AIQ,AI&Tech ETF,18.851030349731445,18.968848236033903,18.841211880425984,18.968848236033903,33400
2020-02-10,AIQ,AI&Tech ETF,19.027759552001953,19.027759552001953,18.703757515243897,18.703757515243897,24300
2020-02-11,AIQ,AI&Tech ETF,19.21626853942871,19.35961481856595,19.165213623324426,19.194667158169754,25000
2020-02-12,AIQ,AI&Tech ETF,19.513763427734375,19.513763427734375,19.370417129675968,19.41067229680506,19600
2020-02-13,AIQ,AI&Tech ETF,19.41067123413086,19.47939865098779,19.24376099061475,19.381215824328606,86200
2020-02-14,AIQ,AI&Tech ETF,19.376304626464844,19.48135830640909,19.3527406766852,19.47939573632492,9900
2020-02-18,AIQ,AI&Tech ETF,19.400850296020508,19.430305702075444,19.279103531544482,19.371394889965572,29500
2020-02-19,AIQ,AI&Tech ETF,19.558923721313477,19.60703290794388,19.52848702959281,19.587397842867205,11000
2020-02-20,AIQ,AI&Tech ETF,19.400850296020508,19.5677605183023,19.175031134310267,19.50885157887385,10300
2020-02-21,AIQ,AI&Tech ETF,18.960012435913086,19.31248667329221,18.89226631032838,19.31248667329221,22900
2020-02-24,AIQ,AI&Tech ETF,18.281574249267578,18.37975520775638,18.006662696526394,18.24230036772666,30100
2020-02-25,AIQ,AI&Tech ETF,17.746479034423828,18.491682740102316,17.67284144599286,18.3699359596976,55500
2020-02-26,AIQ,AI&Tech ETF,17.783788681030273,18.13135278410872,17.717023833522216,17.820114960396403,25300
2020-02-27,AIQ,AI&Tech ETF,17.116147994995117,17.57662357574051,17.09356532613693,17.45684123490161,57100
2020-02-28,AIQ,AI&Tech ETF,16.838289260864258,17.083745377998376,16.494650322340178,16.59283314373014,51400
2020-03-02,AIQ,AI&Tech ETF,17.7219295501709,17.7219295501709,17.03465359846283,17.280109696790298,18500
2020-03-03,AIQ,AI&Tech ETF,17.22119903564453,17.886875413361683,17.1220330739501,17.70229271554144,42200
2020-03-04,AIQ,AI&Tech ETF,17.79065704345703,17.79065704345703,17.41560019285479,17.604109903118392,14200
2020-03-05,AIQ,AI&Tech ETF,17.2408390045166,17.672842341663717,17.13283957474114,17.417567727562318,19800
2020-03-06,AIQ,AI&Tech ETF,16.583017349243164,16.93156651503425,16.514289924988596,16.82847350597054,14500
2020-03-09,AIQ,AI&Tech ETF,15.7386474609375,16.2079583300207,15.463735925867798,15.483372865375982,25500
2020-03-10,AIQ,AI&Tech ETF,16.489744186401367,16.503489670837617,15.818176146873205,16.31792563094825,24300
2020-03-11,AIQ,AI&Tech ETF,15.571737289428711,16.157887611890278,15.51282833978271,16.082285577171177,16600
2020-03-12,AIQ,AI&Tech ETF,14.187363624572754,14.906059492348072,14.08918173785238,14.717548809153316,21400
2020-03-13,AIQ,AI&Tech ETF,15.17900562286377,15.17900562286377,14.18539922400815,14.80591222961958,21200
2020-03-16,AIQ,AI&Tech ETF,13.686633110046387,13.89281629238005,12.518262367716167,12.655718134718878,82500
2020-03-17,AIQ,AI&Tech ETF,14.040091514587402,14.187364825302652,13.286049654331777,13.647361125445277,12300
2020-03-18,AIQ,AI&Tech ETF,13.323358535766602,13.716088908489178,12.72444591119924,13.107357813927063,42600
2020-03-19,AIQ,AI&Tech ETF,13.756341934204102,14.07936263985815,13.169211337712229,13.254629959246094,63100
2020-03-20,AIQ,AI&Tech ETF,13.627723693847656,14.354273573614357,13.627723693847656,14.138271929023444,27000
2020-03-23,AIQ,AI&Tech ETF,13.735724449157715,13.882998685092428,13.303722083698993,13.549178207249376,10500
2020-03-24,AIQ,AI&Tech ETF,14.6802396774292,14.707730643733045,14.373911098371476,14.373911098371476,26700
2020-03-25,AIQ,AI&Tech ETF,14.880534172058105,15.344936800849172,14.650787007238483,14.972825552103552,33600
2020-03-26,AIQ,AI&Tech ETF,15.64144515991211,15.64144515991211,14.953186006908306,14.953186006908306,32800
2020-03-27,AIQ,AI&Tech ETF,15.32628059387207,15.39500894776301,14.932568934416363,15.041551517297718,7400
2020-03-30,AIQ,AI&Tech ETF,15.414645195007324,15.498100318925507,15.17115256511636,15.247734947170958,6200
2020-03-31,AIQ,AI&Tech ETF,15.306644439697266,15.675809920441658,15.306644439697266,15.40482633004083,8900
2020-04-01,AIQ,AI&Tech ETF,14.589910507202148,14.968895354093492,14.589910507202148,14.855003549374965,15000
2020-04-02,AIQ,AI&Tech ETF,14.78627872467041,14.923733567893995,14.551622333251728,14.737187307944462,18100
2020-04-03,AIQ,AI&Tech ETF,14.668457984924316,15.384208153216685,14.373911376629225,14.766640811916568,29000
2020-04-06,AIQ,AI&Tech ETF,15.701335906982422,15.747481587744934,15.080822897601548,15.09064136661674,13000
2020-04-07,AIQ,AI&Tech ETF,15.70919418334961,16.2491969843295,15.70919418334961,16.23938038592496,11300
2020-04-08,AIQ,AI&Tech ETF,16.02730369567871,16.08228563189296,15.709193119289798,15.836829489404057,8100
2020-04-09,AIQ,AI&Tech ETF,15.993922233581543,16.26883189901338,15.993922233581543,16.200104482655423,8100
2020-04-13,AIQ,AI&Tech ETF,16.180465698242188,16.180465698242188,15.905556064151993,15.915372660213988,7600
2020-04-14,AIQ,AI&Tech ETF,16.88738250732422,16.88738250732422,16.41610531408844,16.41610531408844,117100
2020-04-15,AIQ,AI&Tech ETF,16.504467010498047,16.592831352944106,16.37683066734338,16.5535593522355,7800
2020-04-16,AIQ,AI&Tech ETF,16.798032760620117,16.887380263306778,16.63210569709077,16.63210569709077,10600
2020-04-17,AIQ,AI&Tech ETF,17.09356689453125,17.13284077916088,16.93843954468075,17.044476411426103,11000
2020-04-20,AIQ,AI&Tech ETF,17.044471740722656,17.260472428949193,16.916833523335,16.92665199180185,38700
2020-04-21,AIQ,AI&Tech ETF,16.37879753112793,16.769564434000166,16.249196711256193,16.769564434000166,11700
2020-04-22,AIQ,AI&Tech ETF,16.975746154785156,17.024836629702975,16.71065309579314,16.75974357071096,35600
2020-04-23,AIQ,AI&Tech ETF,16.90701675415039,17.082764173812574,16.872653047403297,16.977708610607937,7000
2020-04-24,AIQ,AI&Tech ETF,17.103382110595703,17.103382110595703,16.734216654209337,16.86774446570984,15800
2020-04-27,AIQ,AI&Tech ETF,17.231016159057617,17.36945412300887,17.231016159057617,17.280108498928865,25900
2020-04-28,AIQ,AI&Tech ETF,17.17211151123047,17.505932014974327,17.034656670635382,17.505932014974327,27700
2020-04-29,AIQ,AI&Tech ETF,17.67382049560547,17.761203556404332,17.32920029579596,17.407746172935536,14600
2020-04-30,AIQ,AI&Tech ETF,17.52556800842285,17.73175025816962,17.427385182156065,17.609022193506547,38300
2020-05-01,AIQ,AI&Tech ETF,16.960037231445312,17.201566352401585,16.887382799921834,17.142655531800365,8400
2020-05-04,AIQ,AI&Tech ETF,17.22119903564453,17.22119903564453,16.818649351770357,16.818649351770357,6900
2020-05-05,AIQ,AI&Tech ETF,17.505929946899414,17.55305785030217,17.270292302567153,17.270292302567153,8100
2020-05-06,AIQ,AI&Tech ETF,17.574657440185547,17.672840260614155,17.4273841458834,17.47647461975694,34000
2020-05-07,AIQ,AI&Tech ETF,17.908479690551758,18.01648099105334,17.721932500416777,17.721932500416777,33400
2020-05-08,AIQ,AI&Tech ETF,18.17455291748047,18.26095470154407,18.006661393212973,18.045933399229654,11000
2020-05-11,AIQ,AI&Tech ETF,18.399391174316406,18.448483523643212,18.153935045727316,18.19320892518876,15700
2020-05-12,AIQ,AI&Tech ETF,18.083240509033203,18.487752793261375,18.026296013999197,18.487752793261375,66900
2020-05-13,AIQ,AI&Tech ETF,17.73764419555664,18.124482225574834,17.54520740221074,17.987027373184905,25100
2020-05-14,AIQ,AI&Tech ETF,17.829931259155273,17.859386665824402,17.358655988537947,17.54520315207952,59600
2020-05-15,AIQ,AI&Tech ETF,17.99488067626953,18.002736576576734,17.653206129702276,17.653206129702276,8000
2020-05-18,AIQ,AI&Tech ETF,18.57611846923828,18.58593693835453,18.365026064942725,18.45829871252482,14100
2020-05-19,AIQ,AI&Tech ETF,18.625207901000977,18.723390713993588,18.51720849212236,18.51720849212236,16600
2020-05-20,AIQ,AI&Tech ETF,18.867721557617188,18.963941817274666,18.713575506874967,18.713575506874967,12900
2020-05-21,AIQ,AI&Tech ETF,18.749902725219727,18.988486110322416,18.65466562821354,18.939395634057664,23700
2020-05-22,AIQ,AI&Tech ETF,18.674304962158203,18.762669328909887,18.52703164179935,18.59575906645469,18900
2020-05-26,AIQ,AI&Tech ETF,18.713571548461914,19.292848063594338,18.674299548336347,19.292848063594338,29200
2020-05-27,AIQ,AI&Tech ETF,18.761680603027344,18.801935760573777,18.18338724956038,18.654662483921186,25600
2020-05-28,AIQ,AI&Tech ETF,18.801939010620117,19.10728724253157,18.674302648173388,18.7626670039756,9600
2020-05-29,AIQ,AI&Tech ETF,19.13673973083496,19.176994893134182,18.80193798045445,18.851030326922356,11000
2020-06-01,AIQ,AI&Tech ETF,19.302669525146484,19.37139694053509,19.104341305687477,19.22412364003356,19700
2020-06-02,AIQ,AI&Tech ETF,19.391035079956055,19.41067202061988,19.17994264952427,19.361579668960317,8500
2020-06-03,AIQ,AI&Tech ETF,19.734676361083984,19.862312744977118,19.597219633027585,19.597219633027585,13500
2020-06-04,AIQ,AI&Tech ETF,19.56776237487793,19.87703761341359,19.548125435644835,19.793581558013734,45500
2020-06-05,AIQ,AI&Tech ETF,19.87212562561035,20.02921737975103,19.7641243423831,19.7641243423831,9200
2020-06-08,AIQ,AI&Tech ETF,19.989946365356445,19.989946365356445,19.770998060198814,19.783762257432358,19000
2020-06-09,AIQ,AI&Tech ETF,19.99681854248047,20.097945214335834,19.793580168318528,19.95067192579078,17500
2020-06-10,AIQ,AI&Tech ETF,20.300201416015625,20.419983735400997,20.105800234190568,20.186308679583945,23400
2020-06-11,AIQ,AI&Tech ETF,19.194669723510742,19.852492264741844,19.15539771424115,19.783764844008736,30900
2020-06-12,AIQ,AI&Tech ETF,19.375324249267578,19.685580781095762,19.009104499107398,19.636490304407403,13000
2020-06-15,AIQ,AI&Tech ETF,19.59917640686035,19.63648583481665,19.027753949957596,19.027753949957596,27800
2020-06-16,AIQ,AI&Tech ETF,19.93202018737793,20.127402682802604,19.83285607554157,20.127402682802604,17900
2020-06-17,AIQ,AI&Tech ETF,19.99976348876953,20.166673708645575,19.970308083139148,20.08812596029789,13400
2020-06-18,AIQ,AI&Tech ETF,20.134273529052734,20.176491260376444,19.95067209122276,19.95067209122276,25300
2020-06-19,AIQ,AI&Tech ETF,20.156858444213867,20.43176811640453,20.048857145749427,20.43176811640453,13400
2020-06-22,AIQ,AI&Tech ETF,20.38758659362793,20.41213370601952,20.097948270615607,20.097948270615607,14800
2020-06-23,AIQ,AI&Tech ETF,20.4317684173584,20.662497786501298,20.4317684173584,20.52995124716485,18600
2020-06-24,AIQ,AI&Tech ETF,20.142127990722656,20.520130628661235,19.950672522618518,20.520130628661235,24000
2020-06-25,AIQ,AI&Tech ETF,20.2246036529541,20.235403407770747,19.94183809399118,20.019400820711443,6400
2020-06-26,AIQ,AI&Tech ETF,19.940858840942383,20.230497198112662,19.895695369828196,20.225588898664544,9000
2020-06-29,AIQ,AI&Tech ETF,19.95268440246582,19.95268440246582,19.637227238833635,19.923109588272926,13200
2020-06-30,AIQ,AI&Tech ETF,20.370662689208984,20.370662689208984,19.992114894076202,19.992114894076202,9600
2020-07-01,AIQ,AI&Tech ETF,20.591487884521484,20.652608043206737,20.337148977708033,20.337148977708033,13400
2020-07-02,AIQ,AI&Tech ETF,20.756118774414062,20.928633849085788,20.71175748660229,20.839911273462246,22500
2020-07-06,AIQ,AI&Tech ETF,21.342668533325195,21.382101618598735,21.14550874777648,21.224373038050565,40700
2020-07-07,AIQ,AI&Tech ETF,21.086360931396484,21.36238691120569,21.05185791895448,21.165225228445806,23300
2020-07-08,AIQ,AI&Tech ETF,21.54475975036621,21.57926276201515,21.155366470016038,21.155366470016038,22900
2020-07-09,AIQ,AI&Tech ETF,21.796142578125,21.815857243171095,21.441252283469783,21.766567760145982,16400
2020-07-10,AIQ,AI&Tech ETF,21.782339096069336,21.875004593058254,21.62855344314183,21.815854963281712,9700
2020-07-13,AIQ,AI&Tech ETF,21.155364990234375,22.091880075900285,21.155364990234375,21.93415149645994,31200
2020-07-14,AIQ,AI&Tech ETF,21.268739700317383,21.268739700317383,20.711759451674528,21.03707496640142,16500
2020-07-15,AIQ,AI&Tech ETF,21.337739944458008,21.480682055530075,21.135650086838968,21.362384682163167,12800
2020-07-16,AIQ,AI&Tech ETF,21.106077194213867,21.165224946143656,20.879342578255404,21.096218922180046,20600
2020-07-17,AIQ,AI&Tech ETF,21.155364990234375,21.253945822452835,20.98778001981787,21.175081532732662,16600
2020-07-20,AIQ,AI&Tech ETF,21.75670623779297,21.75670623779297,21.204656213221075,21.25394568888406,16100
2020-07-21,AIQ,AI&Tech ETF,21.682771682739258,22.111596131125637,21.648266793991144,21.983440487983906,562200
2020-07-22,AIQ,AI&Tech ETF,21.658126831054688,21.82472842861467,21.57926253664175,21.618695623984767,25400
2020-07-23,AIQ,AI&Tech ETF,21.303239822387695,21.835573373992133,21.273665004970088,21.72713613734067,20700
2020-07-24,AIQ,AI&Tech ETF,21.1455135345459,21.29338387724951,20.889204063065375,20.987784918292256,55900
2020-07-27,AIQ,AI&Tech ETF,21.456037521362305,21.456037521362305,21.253947644116295,21.273664188304476,14600
2020-07-28,AIQ,AI&Tech ETF,21.278593063354492,21.485613023391487,21.264791858036908,21.45111001009752,7100
2020-07-29,AIQ,AI&Tech ETF,21.74684715270996,21.786280235982908,21.539829106345707,21.618693392618695,37300
2020-07-30,AIQ,AI&Tech ETF,21.796142578125,21.825715515830765,21.39196280044467,21.52997485713359,138100
2020-07-31,AIQ,AI&Tech ETF,21.796142578125,21.894721544175226,21.50040003915457,21.894721544175226,106900
2020-08-03,AIQ,AI&Tech ETF,22.160886764526367,22.190461579168154,21.97358524594749,21.97358524594749,58400
2020-08-04,AIQ,AI&Tech ETF,22.377765655517578,22.387622047090208,22.151029163612055,22.151029163612055,54100
2020-08-05,AIQ,AI&Tech ETF,22.486204147338867,22.525637236935005,22.41226992475592,22.496062419737903,33400
2020-08-06,AIQ,AI&Tech ETF,22.663646697998047,22.663646697998047,22.36593367457935,22.476343304384166,16300
2020-08-07,AIQ,AI&Tech ETF,22.2397518157959,22.643931561665347,22.062306682434073,22.505919515838638,32000
2020-08-10,AIQ,AI&Tech ETF,22.131317138671875,22.308760412230317,21.963730257861137,22.308760412230317,13500
2020-08-11,AIQ,AI&Tech ETF,21.845428466796875,22.220035245135243,21.829654857082073,22.14116907683416,25700
2020-08-12,AIQ,AI&Tech ETF,22.220041275024414,22.29890558445409,21.973590073022493,21.973590073022493,23200
2020-08-13,AIQ,AI&Tech ETF,22.11159896850586,22.24468282410451,22.05245121499752,22.1313155130997,51700
2020-08-14,AIQ,AI&Tech ETF,22.032733917236328,22.11159821264261,21.993300829396627,22.072165124802908,32600
2020-08-17,AIQ,AI&Tech ETF,22.229890823364258,22.26932390607346,22.155956613693814,22.180601350250626,10800
2020-08-18,AIQ,AI&Tech ETF,22.451702117919922,22.476346859860847,22.284115240339037,22.358051346435097,25900
2020-08-19,AIQ,AI&Tech ETF,22.308759689331055,22.515779655517548,22.308759689331055,22.456631899581378,47300
2020-08-20,AIQ,AI&Tech ETF,22.555206298828125,22.555206298828125,22.09187885731335,22.180601413388736,10300
2020-08-21,AIQ,AI&Tech ETF,22.569997787475586,22.584784255455933,22.466488751066887,22.53549477533935,17900
2020-08-24,AIQ,AI&Tech ETF,22.77208709716797,22.910099142275204,22.69815099856161,22.89038259861043,28100
2020-08-25,AIQ,AI&Tech ETF,23.03825569152832,23.09740344454916,22.79180452695613,22.821377463329966,214600
2020-08-26,AIQ,AI&Tech ETF,23.771696090698242,23.79732609666077,23.255134235510305,23.274850781803536,339000
2020-08-27,AIQ,AI&Tech ETF,23.588329315185547,23.8663257749303,23.447359619236007,23.8663257749303,36800
2020-08-28,AIQ,AI&Tech ETF,23.80027961730957,23.831824957715146,23.688884722692666,23.718457656703446,34300
2020-08-31,AIQ,AI&Tech ETF,23.738174438476562,23.83182519757496,23.585374050215247,23.698743232640986,37400
2020-09-01,AIQ,AI&Tech ETF,24.17193031311035,24.21136152111358,23.861401323889947,23.86632951978792,82300
2020-09-02,AIQ,AI&Tech ETF,24.467668533325195,24.5169598887939,24.127566641819417,24.507101617700158,41200
2020-09-03,AIQ,AI&Tech ETF,23.29949378967285,24.191647700142443,23.117120450723185,24.191647700142443,51600
2020-09-04,AIQ,AI&Tech ETF,22.94953155517578,23.4128590360434,22.343261957348897,23.205840974466284,76100
2020-09-08,AIQ,AI&Tech ETF,22.26932716369629,22.673506919225854,22.062307209735234,22.31861664402013,53700
2020-09-09,AIQ,AI&Tech ETF,22.829265594482422,22.949533509105873,22.466489444026386,22.545353742809297,41600
2020-09-10,AIQ,AI&Tech ETF,22.494089126586914,23.135846974558454,22.35804761659621,22.98896193034456,30600
2020-09-11,AIQ,AI&Tech ETF,22.401426315307617,22.80166126780364,22.16088860616565,22.624218006025934,19500
2020-09-14,AIQ,AI&Tech ETF,22.76222801208496,22.949531409662146,22.643930634595943,22.73265319764445,25000
2020-09-15,AIQ,AI&Tech ETF,22.989948272705078,23.14669159546414,22.969246466323547,23.09740211749089,15600
2020-09-16,AIQ,AI&Tech ETF,22.854894638061523,23.195983703107995,22.804618015107906,23.195983703107995,12700
2020-09-17,AIQ,AI&Tech ETF,22.525636672973633,22.650832780733175,22.27918550998765,22.298902054292085,18300
2020-09-18,AIQ,AI&Tech ETF,22.417200088500977,22.594645246712528,22.229896657025076,22.594645246712528,21400
2020-09-21,AIQ,AI&Tech ETF,22.361989974975586,22.361989974975586,21.86514477762567,22.082021097341123,33300
2020-09-22,AIQ,AI&Tech ETF,22.64787483215332,22.673504833087076,22.24960857232047,22.45662850723408,11700
2020-09-23,AIQ,AI&Tech ETF,22.123428344726562,22.722797402006893,22.111599545825324,22.712941009725814,127000
2020-09-24,AIQ,AI&Tech ETF,22.139202117919922,22.366922010679446,21.904579742076262,22.03273540594137,9400
2020-09-25,AIQ,AI&Tech ETF,22.49605941772461,22.545350773142037,21.924292856793127,22.180602264144888,19400
2020-09-28,AIQ,AI&Tech ETF,22.89629554748535,22.929813292161736,22.72772344137788,22.84109073520561,12300
2020-09-29,AIQ,AI&Tech ETF,22.993894577026367,23.05797052649311,22.915030278989992,22.96924795616804,20600
2020-09-30,AIQ,AI&Tech ETF,23.170352935791016,23.302451530192887,23.018539676777323,23.077687431159212,19900
2020-10-01,AIQ,AI&Tech ETF,23.46904754638672,23.521296570096826,23.304418371204555,23.41285747065069,26700
2020-10-02,AIQ,AI&Tech ETF,23.138809204101562,23.39314625790794,23.07768903886396,23.07768903886396,23300
2020-10-05,AIQ,AI&Tech ETF,23.541011810302734,23.541011810302734,23.260057664170027,23.274846010995354,21800
2020-10-06,AIQ,AI&Tech ETF,23.393144607543945,23.767751438935527,23.363571670515753,23.541014933504535,22400
2020-10-07,AIQ,AI&Tech ETF,23.851543426513672,23.86140169873763,23.639595274381474,23.639595274381474,13100
2020-10-08,AIQ,AI&Tech ETF,23.98462677001953,24.063491065857452,23.910690670051984,24.053632793843573,19100
2020-10-09,AIQ,AI&Tech ETF,24.2310791015625,24.30008512872424,24.171931346891466,24.171931346891466,16200
2020-10-12,AIQ,AI&Tech ETF,24.610610961914062,24.784113150915434,24.43809591622589,24.536674867891715,23700
2020-10-13,AIQ,AI&Tech ETF,24.704261779785156,24.792984340724296,24.576108014135833,24.6352557613376,44400
2020-10-14,AIQ,AI&Tech ETF,24.489355087280273,24.80284170854984,24.403590198866077,24.80284170854984,22800
2020-10-15,AIQ,AI&Tech ETF,24.26952362060547,24.26952362060547,23.98462651939191,24.162071653241302,22600
2020-10-16,AIQ,AI&Tech ETF,24.322757720947266,24.52681811904541,24.309941779536953,24.438097433093887,16300
2020-10-19,AIQ,AI&Tech ETF,24.122638702392578,24.516962059970957,24.02898793911793,24.447954156203558,34500
2020-10-20,AIQ,AI&Tech ETF,24.14826774597168,24.339514063037573,24.053629850437616,24.221216693619994,35900
2020-10-21,AIQ,AI&Tech ETF,24.080249786376953,24.378948093423624,24.053632640136875,24.22121950275569,18900
2020-10-22,AIQ,AI&Tech ETF,24.03194236755371,24.162068531528025,23.7578888367676,24.162068531528025,30000
2020-10-23,AIQ,AI&Tech ETF,24.240936279296875,24.240936279296875,23.928436764574545,24.053632870978745,35100
2020-10-26,AIQ,AI&Tech ETF,23.6849422454834,24.107853294161924,23.44243588948009,24.043775463698136,23200
2020-10-27,AIQ,AI&Tech ETF,23.856470108032227,23.87618476940162,23.723386272356105,23.82689529556879,37500
2020-10-28,AIQ,AI&Tech ETF,23.054027557373047,23.452293860062564,22.998822736861726,23.452293860062564,59600
2020-10-29,AIQ,AI&Tech ETF,23.40300178527832,23.550872104322124,23.16640889875361,23.264989738207188,89100
2020-10-30,AIQ,AI&Tech ETF,22.781944274902344,23.255130018493734,22.65378862750905,23.255130018493734,28500
2020-11-02,AIQ,AI&Tech ETF,22.92981719970703,23.205843188417116,22.70308257341297,23.087545798891874,12800
2020-11-03,AIQ,AI&Tech ETF,23.343852996826172,23.38328420269227,23.057968763136543,23.057968763136543,8400
2020-11-04,AIQ,AI&Tech ETF,24.329662322998047,24.44795784389658,23.889992352271857,24.014205093570745,45700
2020-11-05,AIQ,AI&Tech ETF,24.970428466796875,25.024648016349992,24.800871096840865,24.901422451101237,48100
2020-11-06,AIQ,AI&Tech ETF,25.15773582458496,25.17745236940329,24.792987266538727,24.94085759212977,38300
2020-11-09,AIQ,AI&Tech ETF,24.674692153930664,25.640780302245258,24.664833881363386,25.640780302245258,184000
2020-11-10,AIQ,AI&Tech ETF,23.99448585510254,25.463334590027447,23.767751231919604,25.463334590027447,54300
2020-11-11,AIQ,AI&Tech ETF,24.507104873657227,24.516963146060714,24.137428119755832,24.16207286062795,26600
2020-11-12,AIQ,AI&Tech ETF,24.250795364379883,24.694406339660937,24.21136227487586,24.516963077712433,49000
2020-11-13,AIQ,AI&Tech ETF,24.6352596282959,24.6737055759982,24.398666722078236,24.6352596282959,35100
2020-11-16,AIQ,AI&Tech ETF,24.826501846313477,24.901423202837048,24.61553898029853,24.62046905601014,48200
2020-11-17,AIQ,AI&Tech ETF,24.812702178955078,24.881708201006184,24.64511531957107,24.70426306986158,34900
2020-11-18,AIQ,AI&Tech ETF,24.677648544311523,24.940856699091558,24.6697607985027,24.842277739076074,36200
2020-11-19,AIQ,AI&Tech ETF,24.980287551879883,24.99014582305386,24.566249563937614,24.714119871001362,22700
2020-11-20,AIQ,AI&Tech ETF,24.960573196411133,25.14787660458107,24.95071492437344,25.049295764477254,46200
2020-11-23,AIQ,AI&Tech ETF,25.04436492919922,25.202093504633247,24.8915645491281,25.13801568327788,24000
2020-11-24,AIQ,AI&Tech ETF,25.27997398376465,25.295747595497936,25.020708755362218,25.21688329737786,16300
2020-11-25,AIQ,AI&Tech ETF,25.315462112426758,25.345035046682373,25.187306463075657,25.236597820623402,24500
2020-11-27,AIQ,AI&Tech ETF,25.650636672973633,25.685139684264307,25.4633332686292,25.571772378555938,44400
2020-11-30,AIQ,AI&Tech ETF,25.59148597717285,25.65063560572991,25.231667531345987,25.65063560572991,55400
2020-12-01,AIQ,AI&Tech ETF,25.749217987060547,25.88723003477451,25.62106233109204,25.729501443023373,60300
2020-12-02,AIQ,AI&Tech ETF,25.828083038330078,25.828083038330078,25.51262396532844,25.640779625045113,65800
2020-12-03,AIQ,AI&Tech ETF,25.857656478881836,26.0449598958169,25.7985087241609,25.81822526915895,53300
2020-12-04,AIQ,AI&Tech ETF,26.26183319091797,26.28154973361938,26.005523776618638,26.005523776618638,57800
2020-12-07,AIQ,AI&Tech ETF,26.330842971801758,26.350559517319933,26.22240573199834,26.25197867000233,46400
2020-12-08,AIQ,AI&Tech ETF,26.350553512573242,26.399844865136195,26.19282494491747,26.34069524206065,59400
2020-12-09,AIQ,AI&Tech ETF,25.906944274902344,26.40970482150093,25.80836344375641,26.350555194649594,46300
2020-12-10,AIQ,AI&Tech ETF,26.192827224731445,26.212543767472745,25.72949975194887,25.847795247850673,29400
2020-12-11,AIQ,AI&Tech ETF,26.03510093688965,26.07453402584608,25.798508043970564,25.985811455967276,24800
2020-12-14,AIQ,AI&Tech ETF,26.123821258544922,26.212543820788238,26.069601706032564,26.123821258544922,35800
2020-12-15,AIQ,AI&Tech ETF,26.29140853881836,26.311125081920117,26.10410513989776,26.25197545261485,35800
2020-12-16,AIQ,AI&Tech ETF,26.567434310913086,26.59700724508062,26.400832719362093,26.47871174786444,35400
2020-12-17,AIQ,AI&Tech ETF,26.715307235717773,26.799099731085946,26.626584663990762,26.695590690828837,53900
2020-12-18,AIQ,AI&Tech ETF,26.77248191833496,26.825714328146056,26.65615694693257,26.825714328146056,31800
2020-12-21,AIQ,AI&Tech ETF,26.656156539916992,26.684744210660163,26.222402001589597,26.44913660197344,306500
2020-12-22,AIQ,AI&Tech ETF,26.79416847229004,26.813885014925276,26.567433872803804,26.666012825433995,47400
2020-12-23,AIQ,AI&Tech ETF,26.73501968383789,27.001185477959517,26.73501968383789,26.99132720702569,145200
2020-12-24,AIQ,AI&Tech ETF,26.666017532348633,26.80994493449961,26.56743856231791,26.76459838265268,38800
2020-12-28,AIQ,AI&Tech ETF,26.562503814697266,26.87303278045355,26.53490140709875,26.87303278045355,50900
2020-12-29,AIQ,AI&Tech ETF,26.616722106933594,26.873031508410886,26.527999549488648,26.71530293523608,22500
2020-12-30,AIQ,AI&Tech ETF,26.84886360168457,26.908132088041217,26.777740287589868,26.789595115327923,35900
2020-12-31,AIQ,AI&Tech ETF,26.868616104125977,26.868616104125977,26.73822432448265,26.84885931712283,24200
2021-01-04,AIQ,AI&Tech ETF,26.611783981323242,27.07605717918558,26.325316217202626,27.056300391843962,79500
2021-01-05,AIQ,AI&Tech ETF,27.006912231445312,27.006912231445312,26.57227229952277,26.62166427139526,43500
2021-01-06,AIQ,AI&Tech ETF,26.542638778686523,26.967398428573663,26.52288199010264,26.68093253055159,58800
2021-01-07,AIQ,AI&Tech ETF,27.105693817138672,27.16496229823828,26.68093228701754,26.769835950722477,65000
2021-01-08,AIQ,AI&Tech ETF,27.560091018676758,27.560091018676758,27.226209555998157,27.441554046271513,38200
2021-01-11,AIQ,AI&Tech ETF,27.31313705444336,27.53144525371958,27.125451314887137,27.243990172530864,31600
2021-01-12,AIQ,AI&Tech ETF,27.35264778137207,27.39413590619118,27.12544848493419,27.362526175487723,37200
2021-01-13,AIQ,AI&Tech ETF,27.382282257080078,27.471185923832863,27.25386689627667,27.36252735211032,61300
2021-01-14,AIQ,AI&Tech ETF,27.481067657470703,27.648996616840112,27.402042375656354,27.629239825358688,49600
2021-01-15,AIQ,AI&Tech ETF,27.105693817138672,27.411916500949538,27.036546941837287,27.352648019849926,40600
2021-01-19,AIQ,AI&Tech ETF,27.639114379882812,27.639114379882812,27.33289169092421,27.45143053922716,54700
2021-01-20,AIQ,AI&Tech ETF,28.291072845458984,28.32070802804941,28.044118642871915,28.044118642871915,41100
2021-01-21,AIQ,AI&Tech ETF,28.478757858276367,28.508393040129313,28.231803661834807,28.379975802877546,45400
2021-01-22,AIQ,AI&Tech ETF,28.320711135864258,28.419493204561288,28.263417196879953,28.340467926425912,47000
2021-01-25,AIQ,AI&Tech ETF,28.54790687561035,28.794861090596793,28.02238871308721,28.705957422472782,221100
2021-01-26,AIQ,AI&Tech ETF,28.34046745300293,28.518274796865093,28.291075477423874,28.518274796865093,58400
2021-01-27,AIQ,AI&Tech ETF,27.436613082885742,27.920643121248098,27.372404459029273,27.787287618212886,171900
2021-01-28,AIQ,AI&Tech ETF,27.747777938842773,28.04412226659499,27.55021379760044,27.629239077275116,71000
2021-01-29,AIQ,AI&Tech ETF,27.31313705444336,27.71814183488332,27.14520810517963,27.65887334811707,64100
2021-02-01,AIQ,AI&Tech ETF,28.20216941833496,28.20216941833496,27.579845651604877,27.678627710290414,87700
2021-02-02,AIQ,AI&Tech ETF,28.64668846130371,28.66644525036024,28.300952189258858,28.379977461373873,115400
2021-02-03,AIQ,AI&Tech ETF,28.775104522705078,28.864008191513413,28.6516274142614,28.844253286086904,112300
2021-02-04,AIQ,AI&Tech ETF,28.903520584106445,28.913398978469772,28.651626238119302,28.725713253788715,82600
2021-02-05,AIQ,AI&Tech ETF,29.140596389770508,29.170231572853652,28.913398971799634,29.041814330271105,69900
2021-02-08,AIQ,AI&Tech ETF,29.427064895629883,29.427064895629883,29.219622377182336,29.338161228311094,61200
2021-02-09,AIQ,AI&Tech ETF,29.61968994140625,29.72341026229082,29.446820855820782,29.446820855820782,53900
2021-02-10,AIQ,AI&Tech ETF,29.792558670043945,29.959500350390226,29.438920402535395,29.85182715871448,42600
2021-02-11,AIQ,AI&Tech ETF,30.059267044067383,30.108657132918186,29.841946131257163,29.970363376847043,47500
2021-02-12,AIQ,AI&Tech ETF,30.128414154052734,30.128414154052734,29.822191455775776,29.970363607580037,40900
2021-02-16,AIQ,AI&Tech ETF,30.246950149536133,30.385243893611932,30.03061652971619,30.26176679808398,112900
2021-02-17,AIQ,AI&Tech ETF,30.059267044067383,30.069145438659767,29.654262286335218,30.019753465697846,46400
2021-02-18,AIQ,AI&Tech ETF,29.822195053100586,29.823182327453182,29.450774528386848,29.73329137447173,46900
2021-02-19,AIQ,AI&Tech ETF,30.000001907348633,30.12644085036968,29.886401298918777,29.90121983451603,35000
2021-02-22,AIQ,AI&Tech ETF,29.239376068115234,29.70167471236445,29.239376068115234,29.565355519038864,198400
2021-02-23,AIQ,AI&Tech ETF,29.031938552856445,29.239381084915223,28.01448833539927,28.636812163353113,65800
2021-02-24,AIQ,AI&Tech ETF,29.18998908996582,29.18998908996582,28.607176959279897,28.8936447690559,69100
2021-02-25,AIQ,AI&Tech ETF,28.30095100402832,29.33815977672506,28.216987480221082,29.180109239114117,105300
2021-02-26,AIQ,AI&Tech ETF,28.2318058013916,28.588407748369963,27.915704707448334,28.379977953663612,197800
2021-03-01,AIQ,AI&Tech ETF,29.140596389770508,29.140596389770508,28.61310181237922,28.696078064078733,43900
2021-03-02,AIQ,AI&Tech ETF,28.715835571289062,29.140597118886546,28.715835571289062,29.09120702995661,29500
2021-03-03,AIQ,AI&Tech ETF,28.01449203491211,28.84425850450129,27.95028339935385,28.676329531272255,31900
2021-03-04,AIQ,AI&Tech ETF,27.174840927124023,28.034240504878852,26.873556495756606,27.807043088609053,109500
2021-03-05,AIQ,AI&Tech ETF,27.5996036529541,27.619358558270438,26.527821377902697,27.51069998464159,74800
2021-03-08,AIQ,AI&Tech ETF,26.829103469848633,27.648991318087997,26.829103469848633,27.44155069962175,53000
2021-03-09,AIQ,AI&Tech ETF,28.063873291015625,28.17055730244959,27.382279216304994,27.382279216304994,74900
2021-03-10,AIQ,AI&Tech ETF,27.856435775756836,28.29107383088937,27.75765371445904,28.29107383088937,34300
2021-03-11,AIQ,AI&Tech ETF,28.74547004699707,28.765226835726804,28.20216966159585,28.20216966159585,25500
2021-03-12,AIQ,AI&Tech ETF,28.3710880279541,28.389855658549568,28.103389755665678,28.291073598064706,31000
2021-03-15,AIQ,AI&Tech ETF,28.56272315979004,28.56272315979004,28.241681951951957,28.271317133695945,30900
2021-03-16,AIQ,AI&Tech ETF,28.56272315979004,28.85906744078597,28.515307622644052,28.68620025755684,17100
2021-03-17,AIQ,AI&Tech ETF,28.706947326660156,28.817582335516057,28.1132676600989,28.350345370663238,49700
2021-03-18,AIQ,AI&Tech ETF,28.011524200439453,28.528151263831464,28.004609512280183,28.478761172439867,31900
2021-03-19,AIQ,AI&Tech ETF,28.11722183227539,28.24168622302347,27.8564382226444,28.0737572692998,228900
2021-03-22,AIQ,AI&Tech ETF,28.281192779541016,28.478756883576935,28.14289903718243,28.14289903718243,28100
2021-03-23,AIQ,AI&Tech ETF,27.993743896484375,28.320710673260585,27.993743896484375,28.221928606177105,12000
2021-03-24,AIQ,AI&Tech ETF,27.273624420166016,28.22192771226352,27.273624420166016,28.133024043115483,24400
2021-03-25,AIQ,AI&Tech ETF,27.263744354248047,27.347707878790732,26.997033363151797,27.164962296348207,27800
2021-03-26,AIQ,AI&Tech ETF,27.856435775756836,27.856435775756836,27.30325698613361,27.362527353378958,13400
2021-03-29,AIQ,AI&Tech ETF,27.668752670288086,27.86137667181557,27.54033541319557,27.787289647792097,9500
2021-03-30,AIQ,AI&Tech ETF,27.708261489868164,27.747775067672524,27.49094246427747,27.6687497961749,9000
2021-03-31,AIQ,AI&Tech ETF,28.113265991210938,28.20216965636718,27.77741000342311,27.77741000342311,23800
2021-04-01,AIQ,AI&Tech ETF,28.67632293701172,28.724725750127615,28.439247126518907,28.439247126518907,30800
2021-04-05,AIQ,AI&Tech ETF,29.10799789428711,29.180110362510757,28.844252486129644,28.923277757977488,27500
2021-04-06,AIQ,AI&Tech ETF,29.091209411621094,29.269014876792266,29.02206064370248,29.08133101620415,23400
2021-04-07,AIQ,AI&Tech ETF,29.091209411621094,29.130721109177596,28.913402062338644,28.933158853172532,23700
2021-04-08,AIQ,AI&Tech ETF,29.45571517944336,29.49621603793876,29.288773489501747,29.33816546965884,27300
2021-04-09,AIQ,AI&Tech ETF,29.486331939697266,29.535722026191674,29.19986416251882,29.348036306113073,52000
2021-04-12,AIQ,AI&Tech ETF,29.326305389404297,29.42706388041542,29.239378157649554,29.42706388041542,20900
2021-04-13,AIQ,AI&Tech ETF,29.56536102294922,29.62462951121128,29.39743206944733,29.39743206944733,43600
2021-04-14,AIQ,AI&Tech ETF,29.160350799560547,29.644380779097766,29.160350799560547,29.634502385542607,22500
2021-04-15,AIQ,AI&Tech ETF,29.634504318237305,29.708591332677315,29.436940202471305,29.46657538506952,22700
2021-04-16,AIQ,AI&Tech ETF,29.634504318237305,29.713529587721496,29.585114231351326,29.713529587721496,18400
2021-04-19,AIQ,AI&Tech ETF,29.245309829711914,29.6246304272518,29.130721946869254,29.565361937157068,30900
2021-04-20,AIQ,AI&Tech ETF,29.008230209350586,29.328284180034885,28.873887427978346,29.328284180034885,14800
2021-04-21,AIQ,AI&Tech ETF,29.150474548339844,29.219621424196788,28.775103102100623,28.883763555082144,219500
2021-04-22,AIQ,AI&Tech ETF,28.903520584106445,29.269011754994157,28.86400700665314,29.249256850378575,22600
2021-04-23,AIQ,AI&Tech ETF,29.34309959411621,29.427065006505263,29.06157194124968,29.06157194124968,39200
2021-04-26,AIQ,AI&Tech ETF,29.486331939697266,29.506088727939442,29.269011037255403,29.27888943137649,44000
2021-04-27,AIQ,AI&Tech ETF,29.486331939697266,29.575235602676024,29.39940282507611,29.575235602676024,163700
2021-04-28,AIQ,AI&Tech ETF,29.496212005615234,29.68389585222042,29.476455216253278,29.56535888427095,20500
2021-04-29,AIQ,AI&Tech ETF,29.466575622558594,29.723408221479943,29.20480476855326,29.723408221479943,24000
2021-04-30,AIQ,AI&Tech ETF,28.96278953552246,29.249257324367967,28.940070923818617,29.140596868721587,27000
2021-05-03,AIQ,AI&Tech ETF,28.809677124023438,29.11095965750234,28.775101803544214,29.081326360107255,17100
2021-05-04,AIQ,AI&Tech ETF,28.2318058013916,28.64668895821992,27.861374478655996,28.64668895821992,45500
2021-05-05,AIQ,AI&Tech ETF,28.215999603271484,28.448137165227923,28.14290174443745,28.41949113987254,20300
2021-05-06,AIQ,AI&Tech ETF,28.16858673095703,28.212049407311007,27.856436613697415,28.172537712070014,32900
2021-05-07,AIQ,AI&Tech ETF,28.498517990112305,28.617054963210883,28.370100737792427,28.399735923122677,26600
2021-05-10,AIQ,AI&Tech ETF,27.668752670288086,28.27132160561922,27.668752670288086,28.27132160561922,25000
2021-05-11,AIQ,AI&Tech ETF,27.609477996826172,27.65788080494407,26.957519114263448,26.997030803210137,34700
2021-05-12,AIQ,AI&Tech ETF,26.838987350463867,27.33289583914807,26.779718859372945,27.32301744328102,25300
2021-05-13,AIQ,AI&Tech ETF,26.901212692260742,27.242997942524653,26.710565164541098,27.036544608623977,34900
2021-05-14,AIQ,AI&Tech ETF,27.64899253845215,27.658870932735738,27.22423100481308,27.23410939909667,25000
2021-05-17,AIQ,AI&Tech ETF,27.47612762451172,27.520579460414123,27.313136931499166,27.461309089803443,13600
2021-05-18,AIQ,AI&Tech ETF,27.579849243164062,27.803095707445458,27.579849243164062,27.648996128015206,32500
2021-05-19,AIQ,AI&Tech ETF,27.4711856842041,27.52057765647542,27.041485888054613,27.085937721043255,13900
2021-05-20,AIQ,AI&Tech ETF,28.004610061645508,28.062891275004272,27.599605275133577,27.599605275133577,32000
2021-05-21,AIQ,AI&Tech ETF,27.807043075561523,28.13302255043817,27.807043075561523,28.13302255043817,19200
2021-05-24,AIQ,AI&Tech ETF,28.320711135864258,28.340467926425912,28.014488418603584,28.014488418603584,20300
2021-05-25,AIQ,AI&Tech ETF,28.350345611572266,28.478760978783914,28.281196846338542,28.478760978783914,6200
2021-05-26,AIQ,AI&Tech ETF,28.52815055847168,28.538028953328,28.439248772987153,28.52815055847168,10100
2021-05-27,AIQ,AI&Tech ETF,28.40961456298828,28.53802993230327,28.35034607592838,28.47876144524337,30600
2021-05-28,AIQ,AI&Tech ETF,28.617055892944336,28.744485875126617,28.52815221817642,28.52815221817642,40900
2021-06-01,AIQ,AI&Tech ETF,28.765226364135742,29.002302172672586,28.646687517811802,29.002302172672586,13000
2021-06-02,AIQ,AI&Tech ETF,28.8541316986084,28.913402071128083,28.74547311721153,28.765229908051424,46900
2021-06-03,AIQ,AI&Tech ETF,28.54790687561035,28.72571421185837,28.399734723440712,28.715835817165576,23800
2021-06-04,AIQ,AI&Tech ETF,28.893640518188477,28.972665784412246,28.547904271917876,28.626929538141642,12900
2021-06-07,AIQ,AI&Tech ETF,29.071447372436523,29.071447372436523,28.834371577563648,28.87388326798699,18500
2021-06-08,AIQ,AI&Tech ETF,28.8541316986084,29.140599513453047,28.83437679187978,28.99242735037639,23500
2021-06-09,AIQ,AI&Tech ETF,28.93316078186035,29.007245926259046,28.854133613256835,28.864012009332274,8000
2021-06-10,AIQ,AI&Tech ETF,29.180112838745117,29.180112838745117,28.79486295719723,28.982548700304594,19400
2021-06-11,AIQ,AI&Tech ETF,29.239376068115234,29.239376068115234,29.07144714587513,29.07144714587513,20700
2021-06-14,AIQ,AI&Tech ETF,29.585115432739258,29.585115432739258,29.28876924705628,29.338161220059003,17700
2021-06-15,AIQ,AI&Tech ETF,29.328283309936523,29.575237526696252,29.29864812564534,29.4665770684064,7900
2021-06-16,AIQ,AI&Tech ETF,29.081329345703125,29.386564775341537,28.83437512679898,29.32828356460727,20800
2021-06-17,AIQ,AI&Tech ETF,29.417184829711914,29.565356972121236,28.992423306457116,29.16035223695062,10900
2021-06-18,AIQ,AI&Tech ETF,29.249258041381836,29.436941889594134,29.160354372602896,29.318404920629646,15700
2021-06-21,AIQ,AI&Tech ETF,29.37767219543457,29.436940677476333,29.130717988797652,29.259135231351053,21700
2021-06-22,AIQ,AI&Tech ETF,29.609813690185547,29.633521462977193,29.140600258355857,29.16035704970078,508400
2021-06-23,AIQ,AI&Tech ETF,29.73328971862793,29.84194829881429,29.594994068400624,29.594994068400624,270400
2021-06-24,AIQ,AI&Tech ETF,29.950607299804688,30.088901059164073,29.861703630470462,29.861703630470462,283900
2021-06-25,AIQ,AI&Tech ETF,30.128414154052734,30.128414154052734,29.965423468190256,30.128414154052734,263400
2021-06-28,AIQ,AI&Tech ETF,30.32597541809082,30.35955969586163,30.187679789891384,30.217314971100752,270400
2021-06-29,AIQ,AI&Tech ETF,30.361583709716797,30.410043353979674,30.257739728544525,30.30224375295457,16800
2021-06-30,AIQ,AI&Tech ETF,30.163787841796875,30.297299915980016,30.163787841796875,30.292353976386234,11800
2021-07-01,AIQ,AI&Tech ETF,30.23301124572754,30.272571211087378,30.02532708655729,30.213231263047618,26800
2021-07-02,AIQ,AI&Tech ETF,30.420923233032227,30.430813226298266,30.193459046883284,30.193459046883284,11800
2021-07-06,AIQ,AI&Tech ETF,30.450586318969727,30.509924378808797,30.183562220209538,30.401136363834738,29000
2021-07-07,AIQ,AI&Tech ETF,30.401140213012695,30.658274353302396,30.302242176543864,30.6483843610232,24600
2021-07-08,AIQ,AI&Tech ETF,29.956100463867188,30.06488660115521,29.6989663357193,29.708856327531496,29800
2021-07-09,AIQ,AI&Tech ETF,30.420923233032227,30.420923233032227,30.05500102748204,30.11434098707829,10200
2021-07-12,AIQ,AI&Tech ETF,30.361583709716797,30.480259850594752,30.351693716923094,30.480259850594752,19900
2021-07-13,AIQ,AI&Tech ETF,30.440702438354492,30.62860664661702,30.262686336780906,30.302244422506543,23700
2021-07-14,AIQ,AI&Tech ETF,30.35169219970703,30.687944392591458,30.35169219970703,30.539596394424738,17900
2021-07-15,AIQ,AI&Tech ETF,30.042142868041992,30.351692271078456,29.91654204050069,30.351692271078456,19900
2021-07-16,AIQ,AI&Tech ETF,29.778085708618164,30.21323404977462,29.768195716365998,30.153895982584768,23800
2021-07-19,AIQ,AI&Tech ETF,29.491281509399414,29.560509568646893,29.23414737053511,29.372605375353206,35200
2021-07-20,AIQ,AI&Tech ETF,29.975881576538086,30.084669611092504,29.550621317450727,29.60007128148603,15100
2021-07-21,AIQ,AI&Tech ETF,30.203344345092773,30.252792417413026,29.92643023565943,29.92643023565943,17400
2021-07-22,AIQ,AI&Tech ETF,30.500036239624023,30.500036239624023,30.292350188093028,30.292350188093028,85100
2021-07-23,AIQ,AI&Tech ETF,30.697834014892578,30.70772212074957,30.470367967396044,30.598935979414495,27900
2021-07-26,AIQ,AI&Tech ETF,30.391250610351562,30.529708617712227,30.371470625539587,30.50992863290025,12900
2021-07-27,AIQ,AI&Tech ETF,29.94621467590332,30.16378886734548,29.595126519415373,30.16378886734548,20500
2021-07-28,AIQ,AI&Tech ETF,30.38136100769043,30.430810970354738,30.054998799398795,30.163786830937074,36900
2021-07-29,AIQ,AI&Tech ETF,30.391250610351562,30.55937670860702,30.391250610351562,30.430810579975518,23200
2021-07-30,AIQ,AI&Tech ETF,30.094560623168945,30.218182707959272,30.07181345030996,30.094560623168945,25900
2021-08-02,AIQ,AI&Tech ETF,30.203344345092773,30.420918504154155,30.167739997604986,30.282462392599008,17900
2021-08-03,AIQ,AI&Tech ETF,30.302242279052734,30.302242279052734,30.025330039591026,30.252794203812616,43000
2021-08-04,AIQ,AI&Tech ETF,30.490148544311523,30.50003853668385,30.293342789174773,30.322022446628303,10500
2021-08-05,AIQ,AI&Tech ETF,30.697834014892578,30.697834014892578,30.411029900638447,30.411029900638447,45600
2021-08-06,AIQ,AI&Tech ETF,30.529706954956055,30.697833044054768,30.490146987486675,30.61871310911601,8800
2021-08-09,AIQ,AI&Tech ETF,30.59893798828125,30.658276058934483,30.50003994631036,30.608827981110664,8900
2021-08-10,AIQ,AI&Tech ETF,30.460477828979492,30.707721973326155,30.460477828979492,30.707721973326155,16800
2021-08-11,AIQ,AI&Tech ETF,30.401140213012695,30.57421224841394,30.361582130219055,30.569266309112763,8500
2021-08-12,AIQ,AI&Tech ETF,30.460477828979492,30.500037797510057,30.341801696034043,30.371469786108843,15300
2021-08-13,AIQ,AI&Tech ETF,30.500036239624023,30.539594319810913,30.38135822641731,30.47036626474159,14400
2021-08-16,AIQ,AI&Tech ETF,30.282461166381836,30.361579210684372,30.035217042146044,30.361579210684372,16700
2021-08-17,AIQ,AI&Tech ETF,29.847312927246094,30.045107107748027,29.7187449179129,30.045107107748027,22900
2021-08-18,AIQ,AI&Tech ETF,29.7187442779541,30.07477643604317,29.7187442779541,29.87698037347745,9800
2021-08-19,AIQ,AI&Tech ETF,29.60007095336914,29.817645133742914,29.352826794903073,29.441834842856714,26200
2021-08-20,AIQ,AI&Tech ETF,29.86709213256836,29.916540204823974,29.66929607089981,29.66929607089981,25500
2021-08-23,AIQ,AI&Tech ETF,30.460477828979492,30.500037797510057,30.045107591024177,30.045107591024177,46300
2021-08-24,AIQ,AI&Tech ETF,30.8758487701416,30.885738762499493,30.658274597237547,30.658274597237547,47200
2021-08-25,AIQ,AI&Tech ETF,30.895627975463867,30.92529795178906,30.81156587202717,30.856069893353396,12100
2021-08-26,AIQ,AI&Tech ETF,30.757171630859375,31.0044157727693,30.717611662718696,30.90551773874071,8400
2021-08-27,AIQ,AI&Tech ETF,31.088478088378906,31.11221369216116,30.707721880872636,30.717611872975503,12400
2021-08-30,AIQ,AI&Tech ETF,31.301105499267578,31.370333551685203,31.093421342014704,31.16264939443233,13200
2021-08-31,AIQ,AI&Tech ETF,31.498905181884766,31.498905181884766,31.341657509657185,31.469235204719297,9200
2021-09-01,AIQ,AI&Tech ETF,31.647254943847656,31.84505104177606,31.568136881940973,31.568136881940973,51600
2021-09-02,AIQ,AI&Tech ETF,31.587913513183594,31.928121331871907,31.587913513183594,31.756039612664456,26200
2021-09-03,AIQ,AI&Tech ETF,31.558242797851562,31.83515503547006,31.558242797851562,31.587912774592034,11100
2021-09-07,AIQ,AI&Tech ETF,31.963722229003906,31.963722229003906,31.746146177797364,31.746146177797364,21100
2021-09-08,AIQ,AI&Tech ETF,31.360445022583008,31.76592525106813,31.301106958647466,31.73625716226188,27500
2021-09-09,AIQ,AI&Tech ETF,31.439565658569336,31.592855817687326,31.20220962487894,31.320887641724138,15500
2021-09-10,AIQ,AI&Tech ETF,31.25166130065918,31.65219750739296,31.25166130065918,31.60769159809935,9600
2021-09-13,AIQ,AI&Tech ETF,31.123090744018555,31.390114860041948,30.940130613997948,31.37033487670917,25700
2021-09-14,AIQ,AI&Tech ETF,30.964855194091797,31.271439282167794,30.94507709673453,31.21209933112679,31200
2021-09-15,AIQ,AI&Tech ETF,31.310997009277344,31.310997009277344,30.8066187490685,30.99452481926153,7500
2021-09-16,AIQ,AI&Tech ETF,31.10331153869629,31.13297962631525,30.9055154850627,31.004413511879495,4600
2021-09-17,AIQ,AI&Tech ETF,30.994525909423828,31.172541994149796,30.856069793002792,31.172541994149796,35300
2021-09-20,AIQ,AI&Tech ETF,30.153898239135742,30.4802604625878,29.78797793003785,30.34180433334247,38200
2021-09-21,AIQ,AI&Tech ETF,30.420923233032227,30.54948937284409,30.33290361339079,30.450593212830352,8300
2021-09-22,AIQ,AI&Tech ETF,30.757171630859375,30.863980903986857,30.529707473019787,30.59893553094287,12600
2021-09-23,AIQ,AI&Tech ETF,31.271438598632812,31.271438598632812,30.954964525634175,30.98463450050615,17500
2021-09-24,AIQ,AI&Tech ETF,31.088478088378906,31.123092117577375,30.895627958180835,30.96485601657777,12700
2021-09-27,AIQ,AI&Tech ETF,30.8758487701416,30.964856815039436,30.719591418062556,30.925298731931047,12000
2021-09-28,AIQ,AI&Tech ETF,30.18356704711914,30.539597349412297,29.956102876091222,30.539597349412297,21100
2021-09-29,AIQ,AI&Tech ETF,29.7286376953125,30.13411797260451,29.718747702412298,30.094559887326966,10500
2021-09-30,AIQ,AI&Tech ETF,29.99565887451172,30.02532885027444,29.759293160674343,29.95610079315117,8200
2021-10-01,AIQ,AI&Tech ETF,29.91654396057129,30.045110096370014,29.570401752357874,29.936323946485945,39600
2021-10-04,AIQ,AI&Tech ETF,29.283597946166992,29.906652378792103,29.075911877743167,29.837424318091887,20300
2021-10-05,AIQ,AI&Tech ETF,29.738525390625,29.88687150002035,29.362715121068568,29.362715121068568,16000
2021-10-06,AIQ,AI&Tech ETF,29.73753547668457,29.79786197349112,29.273705620636935,29.333043684176026,221200
2021-10-07,AIQ,AI&Tech ETF,30.302242279052734,30.48816960735507,30.134116182383917,30.134116182383917,16000
2021-10-08,AIQ,AI&Tech ETF,30.24290657043457,30.44070265946937,30.193458491337523,30.40114268713309,13600
2021-10-11,AIQ,AI&Tech ETF,30.104446411132812,30.420918602177494,30.104446411132812,30.2429025231341,13300
2021-10-12,AIQ,AI&Tech ETF,30.173675537109375,30.173675537109375,29.965989475419725,30.144005560775675,27000
2021-10-13,AIQ,AI&Tech ETF,30.420923233032227,30.519821279369303,30.213237147092027,30.213237147092027,15700
2021-10-14,AIQ,AI&Tech ETF,31.029136657714844,31.053860692129714,30.73738852444437,30.73738852444437,35100
2021-10-15,AIQ,AI&Tech ETF,31.192317962646484,31.320884070439863,31.05880591629016,31.14286800863144,248400
2021-10-18,AIQ,AI&Tech ETF,31.400007247924805,31.409897240345924,31.10331502058392,31.10331502058392,37800
2021-10-19,AIQ,AI&Tech ETF,31.716480255126953,31.74614834681081,31.49890607537804,31.49890607537804,35100
2021-10-20,AIQ,AI&Tech ETF,31.667030334472656,31.795598345361636,31.587912284049864,31.775818361175162,20600
2021-10-21,AIQ,AI&Tech ETF,31.686809539794922,31.73625761272256,31.49890346728837,31.49890346728837,25800
2021-10-22,AIQ,AI&Tech ETF,31.281326293945312,31.568130388312976,31.231878222796475,31.51868231716414,22700
2021-10-25,AIQ,AI&Tech ETF,31.439565658569336,31.508793715761087,31.20220962487894,31.35055761751621,35900
2021-10-26,AIQ,AI&Tech ETF,31.330781936645508,31.59780609647817,31.24177388336795,31.578026109900193,37200
2021-10-27,AIQ,AI&Tech ETF,30.984638214111328,31.29122044590778,30.984638214111328,31.18243429765157,18200
2021-10-28,AIQ,AI&Tech ETF,31.360445022583008,31.360445022583008,31.063752816582255,31.08353280000178,20200
2021-10-29,AIQ,AI&Tech ETF,31.360445022583008,31.370335014292774,31.11320088880803,31.11320088880803,20400
2021-11-01,AIQ,AI&Tech ETF,31.627470016479492,31.627470016479492,31.400994293120284,31.41978584378664,46900
2021-11-02,AIQ,AI&Tech ETF,31.568132400512695,31.637360459062972,31.498904341962422,31.578022392637468,19300
2021-11-03,AIQ,AI&Tech ETF,31.924163818359375,31.968669727661894,31.62252753630301,31.676919665434916,15600
2021-11-04,AIQ,AI&Tech ETF,32.37909698486328,32.4285450625345,32.14174093033634,32.15162903681198,21000
2021-11-05,AIQ,AI&Tech ETF,32.31975555419922,32.5768878099515,32.290087463478734,32.52743973453526,25200
2021-11-08,AIQ,AI&Tech ETF,32.63622283935547,32.68567090731019,32.52842325945632,32.55710291251131,25200
2021-11-09,AIQ,AI&Tech ETF,32.57688903808594,32.769739180332095,32.4681047771276,32.7054570571322,23200
2021-11-10,AIQ,AI&Tech ETF,31.943937301635742,32.47798546869078,31.775813122736345,32.35930935578264,38000
2021-11-11,AIQ,AI&Tech ETF,32.29997253417969,32.43348270252184,32.25052446341022,32.25052446341022,32500
2021-11-12,AIQ,AI&Tech ETF,32.745018005371094,32.745018005371094,32.30986585796369,32.31975773730291,37000
2021-11-15,AIQ,AI&Tech ETF,32.626338958740234,32.83402313462501,32.57688711173755,32.83402313462501,26100
2021-11-16,AIQ,AI&Tech ETF,33.05159378051758,33.08126564177991,32.695565399184204,32.695565399184204,17700
2021-11-17,AIQ,AI&Tech ETF,32.794464111328125,33.05159636898076,32.73512415680227,33.04170826288296,19200
2021-11-18,AIQ,AI&Tech ETF,32.7054557800293,32.78457571870562,32.428543539954816,32.78457571870562,32100
2021-11-19,AIQ,AI&Tech ETF,32.68567657470703,32.923032623749116,32.67084252901311,32.78457650041057,16600
2021-11-22,AIQ,AI&Tech ETF,32.201087951660156,32.962600587332396,32.201087951660156,32.824140657771444,38000
2021-11-23,AIQ,AI&Tech ETF,31.80548667907715,32.19118694186213,31.60769060844104,32.042842718369734,24800
2021-11-24,AIQ,AI&Tech ETF,32.072509765625,32.072509765625,31.548351515909747,31.657137653531354,14600
2021-11-26,AIQ,AI&Tech ETF,31.449453353881836,31.815373618928096,31.35055720851132,31.71647747355758,17800
2021-11-29,AIQ,AI&Tech ETF,31.904380798339844,32.003280713689094,31.59780049237222,31.785704672566762,31400
2021-11-30,AIQ,AI&Tech ETF,31.271438598632812,32.03294909044986,31.19232055196391,31.854933013864073,40400
2021-12-01,AIQ,AI&Tech ETF,30.64838409423828,31.785706787921917,30.60882601178898,31.736258713279508,32300
2021-12-02,AIQ,AI&Tech ETF,31.06375503540039,31.197267103534127,30.687944755201233,30.697834747617417,18900
2021-12-03,AIQ,AI&Tech ETF,30.440702438354492,31.132984972301088,30.07478024219509,31.132984972301088,22000
2021-12-06,AIQ,AI&Tech ETF,30.61871337890625,30.687943322587667,30.015438960267183,30.49014725614408,78500
2021-12-07,AIQ,AI&Tech ETF,31.775819778442383,31.845047839859653,31.281329583340764,31.281329583340764,23200
2021-12-08,AIQ,AI&Tech ETF,31.864830017089844,31.894498110410737,31.637363945797464,31.736261991621543,29500
2021-12-09,AIQ,AI&Tech ETF,31.439565658569336,31.943942042772953,31.380225706985197,31.765925960666696,14400
2021-12-10,AIQ,AI&Tech ETF,31.607688903808594,31.89449300213103,31.45934280199352,31.716476925423727,34400
2021-12-13,AIQ,AI&Tech ETF,31.231884002685547,31.731316404478445,31.15276594241172,31.617584310730027,38200
2021-12-14,AIQ,AI&Tech ETF,30.697834014892578,30.940132221174597,30.44069987717881,30.78684017186741,16700
2021-12-15,AIQ,AI&Tech ETF,31.439565658569336,31.469233748038324,30.44069910944663,30.72750133014431,25500
2021-12-16,AIQ,AI&Tech ETF,30.846179962158203,31.587912394844665,30.66816387650175,31.587912394844665,39000
2021-12-17,AIQ,AI&Tech ETF,30.569265365600586,30.796729522032074,30.322021225221206,30.361581193116994,20300
2021-12-20,AIQ,AI&Tech ETF,30.153898239135742,30.268620648787547,29.936324052275463,30.173678225120298,32900
2021-12-21,AIQ,AI&Tech ETF,31.034082412719727,31.04397240429286,30.32201999636117,30.500036072031563,25200
2021-12-22,AIQ,AI&Tech ETF,31.29121971130371,31.301109703880865,30.935189410142122,30.935189410142122,23200
2021-12-23,AIQ,AI&Tech ETF,31.548349380493164,31.617577432381903,31.291215268961466,31.330775233653853,40200
2021-12-27,AIQ,AI&Tech ETF,31.835153579711914,31.869767607831395,31.53846137116691,31.53846137116691,24800
2021-12-28,AIQ,AI&Tech ETF,31.65713882446289,31.90438297070178,31.578022659442507,31.90438297070178,26400
2021-12-29,AIQ,AI&Tech ETF,31.587913513183594,31.597803505661666,31.38022744379044,31.57802352070552,14200
2021-12-30,AIQ,AI&Tech ETF,31.650243759155273,31.917374737473374,31.590881529205838,31.590881529205838,29400
2021-12-31,AIQ,AI&Tech ETF,31.462261199951172,31.709606026639754,31.41279298944996,31.660137816138544,23200
2022-01-03,AIQ,AI&Tech ETF,31.551307678222656,31.571095718632957,31.284176681049157,31.511733484493448,29000
2022-01-04,AIQ,AI&Tech ETF,31.05661392211914,31.57603953584252,30.735066799485452,31.551303545024336,34900
2022-01-05,AIQ,AI&Tech ETF,29.988086700439453,30.8874328960228,29.96830054820269,30.769697270076062,23500
2022-01-06,AIQ,AI&Tech ETF,29.978193283081055,30.250274111580104,29.701168275287596,29.938619090721133,33800
2022-01-07,AIQ,AI&Tech ETF,29.859466552734375,30.30369725443936,29.69127200201428,30.04744914167829,86100
2022-01-10,AIQ,AI&Tech ETF,29.790210723876953,29.849572952289833,28.98881214839259,29.463715636969283,49100
2022-01-11,AIQ,AI&Tech ETF,30.39373207092285,30.413520110250726,29.68137963894113,29.79021196815313,25100
2022-01-12,AIQ,AI&Tech ETF,30.561927795410156,30.81916665519918,30.38383920885688,30.670760128768574,38700
2022-01-13,AIQ,AI&Tech ETF,29.582441329956055,30.59160869060117,29.582441329956055,30.59160869060117,31900
2022-01-14,AIQ,AI&Tech ETF,29.71006965637207,29.780316626740834,29.354883235530203,29.394457425338217,27200
2022-01-18,AIQ,AI&Tech ETF,28.9294490814209,29.37467049934021,28.879980873692606,29.186687913208594,72300
2022-01-19,AIQ,AI&Tech ETF,28.66231918334961,29.24605315271507,28.61285097052529,29.087752607167626,40100
2022-01-20,AIQ,AI&Tech ETF,28.5238037109375,29.379616536004228,28.489175588143965,29.058069411908356,17300
2022-01-21,AIQ,AI&Tech ETF,27.583894729614258,28.25667297203507,27.514638478851754,28.11816047051007,63300
2022-01-24,AIQ,AI&Tech ETF,27.574003219604492,27.57894928601722,26.08004017981233,26.94079915456889,75900
2022-01-25,AIQ,AI&Tech ETF,27.01995086669922,27.455278330780075,26.81218209864856,27.18814544006513,25900
2022-01-26,AIQ,AI&Tech ETF,26.9407958984375,27.751097726902053,26.668716988429416,27.603680056014326,28100
2022-01-27,AIQ,AI&Tech ETF,26.525257110595703,27.316761641253418,26.485682921962955,27.168353244379926,63600
2022-01-28,AIQ,AI&Tech ETF,27.24750328063965,27.30686550252614,26.253176156813122,26.62419334601296,30200
2022-01-31,AIQ,AI&Tech ETF,28.48423194885254,28.489178015205344,27.484958594458572,27.484958594458572,38100
2022-02-01,AIQ,AI&Tech ETF,28.761255264282227,28.761255264282227,28.18741535942856,28.632636788664687,19400
2022-02-02,AIQ,AI&Tech ETF,28.573274612426758,28.97892187942081,28.38529389585129,28.969027859533995,19600
2022-02-03,AIQ,AI&Tech ETF,27.376127243041992,27.959861222302017,27.356339202740305,27.752090573317087,17700
2022-02-04,AIQ,AI&Tech ETF,27.959856033325195,28.197306811603564,27.425590366880588,27.544316699565293,29500
2022-02-07,AIQ,AI&Tech ETF,27.702621459960938,28.098372817684968,27.702621459960938,27.949966294424872,15400
2022-02-08,AIQ,AI&Tech ETF,28.09540367126465,28.09837206584321,27.54234062110513,27.613576429716765,13400
2022-02-09,AIQ,AI&Tech ETF,28.82061767578125,28.82061767578125,28.405078301548453,28.494122587961996,14500
2022-02-10,AIQ,AI&Tech ETF,28.325929641723633,29.02838995361368,28.226993217509015,28.335823661563364,27200
2022-02-11,AIQ,AI&Tech ETF,27.376127243041992,28.424868846843314,27.237614735112963,28.395188673482174,36900
2022-02-14,AIQ,AI&Tech ETF,27.35633659362793,27.54431918438232,27.07931160419115,27.257398288647135,14400
2022-02-15,AIQ,AI&Tech ETF,27.989540100097656,28.04890232716132,27.67293715254538,27.712513228648607,14800
2022-02-16,AIQ,AI&Tech ETF,27.870813369750977,27.94996363376117,27.494850087475356,27.742194898393596,47400
2022-02-17,AIQ,AI&Tech ETF,27.010053634643555,27.712513905913802,26.95069140612914,27.64325765813178,17800
2022-02-18,AIQ,AI&Tech ETF,26.4134578704834,26.822071599217637,26.27791188904184,26.822071599217637,18400
2022-02-22,AIQ,AI&Tech ETF,25.87226676940918,26.37685040866631,25.674392053504572,26.030567296969323,58900
2022-02-23,AIQ,AI&Tech ETF,25.33800506591797,26.23834009888133,25.31821702655604,26.208658039838443,22200
2022-02-24,AIQ,AI&Tech ETF,26.119613647460938,26.119613647460938,24.27936939711198,24.318943588589477,35700
2022-02-25,AIQ,AI&Tech ETF,26.45600128173828,26.45600128173828,25.842587195088353,26.198762446755957,19000
2022-02-28,AIQ,AI&Tech ETF,26.495580673217773,26.662784521558475,26.109721428919904,26.139403489894026,20100
2022-03-01,AIQ,AI&Tech ETF,26.060251235961914,26.617271517024566,25.990994986038142,26.396640353098473,17500
2022-03-02,AIQ,AI&Tech ETF,26.525257110595703,26.67366362037804,25.931629184375208,26.23833810996201,15900
2022-03-03,AIQ,AI&Tech ETF,25.93163299560547,26.584625131383543,25.853473442618434,26.584625131383543,217800
2022-03-04,AIQ,AI&Tech ETF,25.298429489135742,25.78322514057389,25.17970502479119,25.595244424179793,221500
2022-03-07,AIQ,AI&Tech ETF,24.427778244018555,25.229175040447146,24.38919099761162,25.21928101986266,27100
2022-03-08,AIQ,AI&Tech ETF,24.220008850097656,24.95214942774061,24.041920244464478,24.338735216216964,32500
2022-03-09,AIQ,AI&Tech ETF,25.328109741210938,25.417154026660317,24.932358409819916,24.932358409819916,36900
2022-03-10,AIQ,AI&Tech ETF,24.823528289794922,24.922466603198956,24.521767283103728,24.863102482901713,23300
2022-03-11,AIQ,AI&Tech ETF,24.170536041259766,25.041188974779423,24.170536041259766,25.041188974779423,34500
2022-03-14,AIQ,AI&Tech ETF,23.3592472076416,24.041917604827514,23.299883087553933,23.98255537183121,77900
2022-03-15,AIQ,AI&Tech ETF,24.032024383544922,24.032024383544922,23.398820340925806,23.46807659080025,21800
2022-03-16,AIQ,AI&Tech ETF,25.585350036621094,25.605136188999953,24.655332939527607,24.68501499873286,41900
2022-03-17,AIQ,AI&Tech ETF,25.845552444458008,25.852478068772534,25.42704659129569,25.42704659129569,13000
2022-03-18,AIQ,AI&Tech ETF,26.56483268737793,26.640025720168147,25.74364800244196,25.74364800244196,20800
2022-03-21,AIQ,AI&Tech ETF,26.218549728393555,26.41642633023675,26.02067312655036,26.317488029315154,10600
2022-03-22,AIQ,AI&Tech ETF,26.911117553710938,26.99026782175339,26.386745848497668,26.386745848497668,16000
2022-03-23,AIQ,AI&Tech ETF,26.46589469909668,26.812177810895612,26.44610666137305,26.58462103834731,10200
2022-03-24,AIQ,AI&Tech ETF,26.752817153930664,26.81217938349214,26.254168386922252,26.51536446150225,26000
2022-03-25,AIQ,AI&Tech ETF,26.505474090576172,26.762711064801035,26.28780942256707,26.762711064801035,16400
2022-03-28,AIQ,AI&Tech ETF,26.970481872558594,27.010056066100283,26.614304695226448,26.703348989559483,19000
2022-03-29,AIQ,AI&Tech ETF,27.712514877319336,27.831239338509807,27.30686950858453,27.574002376900022,225700
2022-03-30,AIQ,AI&Tech ETF,27.207929611206055,27.663043164353372,27.13867336503939,27.544318710093716,217500
2022-03-31,AIQ,AI&Tech ETF,26.72313690185547,27.168356484296385,26.692466005639183,27.148570331166024,13500
2022-04-01,AIQ,AI&Tech ETF,26.752817153930664,26.93189456552318,26.59451472994797,26.881435632495737,414100
2022-04-04,AIQ,AI&Tech ETF,27.504743576049805,27.504743576049805,26.961574555833643,27.000161797526353,9000
2022-04-05,AIQ,AI&Tech ETF,26.76270866394043,27.386018664660842,26.634090188366255,27.386018664660842,12400
2022-04-06,AIQ,AI&Tech ETF,25.911842346191406,26.287805620138837,25.753541821677636,26.287805620138837,238100
2022-04-07,AIQ,AI&Tech ETF,25.87226676940918,26.00088712748376,25.43693937507322,25.911842844844788,230200
2022-04-08,AIQ,AI&Tech ETF,25.417156219482422,25.762448649017326,25.387474159408125,25.73375731190946,213700
2022-04-11,AIQ,AI&Tech ETF,24.962038040161133,25.239064909686668,24.962038040161133,25.130232588249644,26600
2022-04-12,AIQ,AI&Tech ETF,24.843313217163086,25.444855596329056,24.694904822106107,25.2984267598705,20200
2022-04-13,AIQ,AI&Tech ETF,25.24896240234375,25.305356242357536,24.881902363027685,24.881902363027685,18200
2022-04-14,AIQ,AI&Tech ETF,24.64544105529785,25.258857122385837,24.625653014113066,25.258857122385837,24900
2022-04-18,AIQ,AI&Tech ETF,24.536603927612305,24.68501232044516,24.30904715966888,24.516817777380215,31600
2022-04-19,AIQ,AI&Tech ETF,25.080766677856445,25.140128909945282,24.47724467583072,24.47724467583072,12900
2022-04-20,AIQ,AI&Tech ETF,24.566287994384766,25.041189606466222,24.49703174517596,25.041189606466222,17200
2022-04-21,AIQ,AI&Tech ETF,23.913299560546875,24.981829209675062,23.913299560546875,24.80374062030513,20800
2022-04-22,AIQ,AI&Tech ETF,23.46807861328125,24.04191858795475,23.45818459286205,23.982556352530995,14200
2022-04-25,AIQ,AI&Tech ETF,23.745107650756836,23.745107650756836,23.21183254590551,23.230629865421786,27700
2022-04-26,AIQ,AI&Tech ETF,22.815086364746094,23.55712084739348,22.815086364746094,23.55712084739348,224900
2022-04-27,AIQ,AI&Tech ETF,22.85466194152832,23.121794802322412,22.706255425673124,22.815085864184944,20100
2022-04-28,AIQ,AI&Tech ETF,23.68574333190918,23.774787628754403,22.90413270117698,23.260309888557874,101900
2022-04-29,AIQ,AI&Tech ETF,23.022855758666992,23.94891367116518,22.98327968259118,23.547225557033308,126400
2022-05-02,AIQ,AI&Tech ETF,23.418607711791992,23.418607711791992,22.815085745094407,22.973386279459145,35200
2022-05-03,AIQ,AI&Tech ETF,23.388927459716797,23.586804086495697,23.270202993322552,23.428503539909123,15200
2022-05-04,AIQ,AI&Tech ETF,24.07159996032715,24.0814939804632,22.9338140639607,23.289991240492988,26200
2022-05-05,AIQ,AI&Tech ETF,22.805191040039062,23.63528092823701,22.607316321579006,23.63528092823701,49000
2022-05-06,AIQ,AI&Tech ETF,22.3896541595459,22.824981607752125,22.163086194786136,22.636999000353082,23000
2022-05-09,AIQ,AI&Tech ETF,21.40027618408203,22.043374321557426,21.39038405044867,21.97411617648341,24600
2022-05-10,AIQ,AI&Tech ETF,21.59814453125,21.964215609141696,21.271649521061523,21.91474552451267,24600
2022-05-11,AIQ,AI&Tech ETF,21.024311065673828,21.84648468179375,21.024311065673828,21.538788777594593,20200
2022-05-12,AIQ,AI&Tech ETF,21.13314437866211,21.43094627679511,20.678028877879964,20.8066492553779,26800
2022-05-13,AIQ,AI&Tech ETF,22.00379753112793,22.08294780729024,21.558577935374228,21.558577935374228,23200
2022-05-16,AIQ,AI&Tech ETF,21.66740608215332,21.944432962815757,21.647618043443597,21.904856885396306,45100
2022-05-17,AIQ,AI&Tech ETF,22.280820846557617,22.35997110995019,21.894961661314078,22.270926827747154,29300
2022-05-18,AIQ,AI&Tech ETF,21.271656036376953,22.01369054927382,21.222187823687037,21.9444342966714,23600
2022-05-19,AIQ,AI&Tech ETF,21.331016540527344,21.605075021124865,21.073777703783385,21.123247799555994,13000
2022-05-20,AIQ,AI&Tech ETF,21.343881607055664,21.687196377315633,20.84622351556536,21.63772816248562,28000
2022-05-23,AIQ,AI&Tech ETF,21.558574676513672,21.60804288397806,21.192503525167286,21.439848336671528,21200
2022-05-24,AIQ,AI&Tech ETF,20.816537857055664,21.113350842018512,20.638449311241583,21.113350842018512,22500
2022-05-25,AIQ,AI&Tech ETF,21.143037796020508,21.287487092290483,20.727498388501562,20.727498388501562,26300
2022-05-26,AIQ,AI&Tech ETF,21.845495223999023,21.89298576329988,20.05471919024402,21.093566717312253,29900
2022-05-27,AIQ,AI&Tech ETF,22.449016571044922,22.458910590374963,22.033477194639413,22.033477194639413,88200
2022-05-31,AIQ,AI&Tech ETF,22.478700637817383,22.686471305575317,22.322379634329092,22.637001200351257,21400
2022-06-01,AIQ,AI&Tech ETF,22.340185165405273,22.864556888941987,22.181884623788775,22.716148479971626,15200
2022-06-02,AIQ,AI&Tech ETF,23.171262741088867,23.171262741088867,22.330289978283584,22.330289978283584,57000
2022-06-03,AIQ,AI&Tech ETF,22.5875301361084,22.874451048980198,22.51827388461281,22.81508693019142,12400
2022-06-06,AIQ,AI&Tech ETF,22.7755126953125,23.111901819451813,22.6864684043879,22.99317546918857,51400
2022-06-07,AIQ,AI&Tech ETF,22.983280181884766,23.062430448664696,22.46880250426961,22.46880250426961,26200
2022-06-08,AIQ,AI&Tech ETF,23.042644500732422,23.191051016368675,22.899184051211176,22.983280384804935,14400
2022-06-09,AIQ,AI&Tech ETF,22.35997200012207,22.993174132471044,22.35997200012207,22.75572333284018,13600
2022-06-10,AIQ,AI&Tech ETF,21.61794090270996,22.023586317663444,21.57638714784959,21.993904255438252,14600
2022-06-13,AIQ,AI&Tech ETF,20.430681228637695,20.964946931887955,20.42078720964145,20.816540421126604,28700
2022-06-14,AIQ,AI&Tech ETF,20.628559112548828,20.727497421550446,20.460364553373463,20.727497421550446,13300
2022-06-15,AIQ,AI&Tech ETF,21.0886173248291,21.28154595910409,20.707706121759333,20.816538433233834,31300
2022-06-16,AIQ,AI&Tech ETF,20.11408233642578,20.42078940999258,20.084400276238785,20.341639136585297,15000
2022-06-17,AIQ,AI&Tech ETF,20.430681228637695,20.550396405273748,20.214007307766067,20.34163694476265,10400
2022-06-21,AIQ,AI&Tech ETF,20.856117248535156,21.02035458788646,20.67802865825502,20.72749875949473,15900
2022-06-22,AIQ,AI&Tech ETF,20.697816848754883,21.0342059912572,20.529622277503726,20.529622277503726,19400
2022-06-23,AIQ,AI&Tech ETF,21.052013397216797,21.073779108552916,20.68792177126149,20.83632829428963,179900
2022-06-24,AIQ,AI&Tech ETF,21.875179290771484,21.875179290771484,21.350807525753332,21.350807525753332,8500
2022-06-27,AIQ,AI&Tech ETF,21.716876983642578,22.03347806636482,21.677300904756642,22.03347806636482,7700
2022-06-28,AIQ,AI&Tech ETF,21.093568801879883,21.934541681091908,21.083674781290156,21.786135146428958,37200
2022-06-29,AIQ,AI&Tech ETF,20.96063995361328,21.11935927716694,20.464647507183557,21.039998669359598,18300
2022-06-30,AIQ,AI&Tech ETF,20.653125762939453,20.885251384944034,20.335690890788623,20.663045839201803,22100
2022-07-01,AIQ,AI&Tech ETF,20.712646484375,20.750342021271116,20.375373316654716,20.563849109074024,11000
2022-07-05,AIQ,AI&Tech ETF,21.020160675048828,21.030080751150084,20.27617199600429,20.385289048995972,22200
2022-07-06,AIQ,AI&Tech ETF,21.03999900817871,21.149117953609984,20.841603161648557,20.990400519561437,7400
2022-07-07,AIQ,AI&Tech ETF,21.585590362548828,21.615350588914342,21.20863506349606,21.20863506349606,6200
2022-07-08,AIQ,AI&Tech ETF,21.51615333557129,21.615352205480942,21.278077183024767,21.3475158243432,7600
2022-07-11,AIQ,AI&Tech ETF,20.901121139526367,21.218555998710322,20.891201063669243,21.218555998710322,14900
2022-07-12,AIQ,AI&Tech ETF,20.643203735351562,20.950720394232718,20.618404493070415,20.950720394232718,9100
2022-07-13,AIQ,AI&Tech ETF,20.603527069091797,20.752324427427276,20.246411895437795,20.246411895437795,8500
2022-07-14,AIQ,AI&Tech ETF,20.484487533569336,20.524167837229776,20.159117368622212,20.424968970139695,10800
2022-07-15,AIQ,AI&Tech ETF,20.911041259765625,20.930881411521984,20.692805266628717,20.7424037539586,14000
2022-07-18,AIQ,AI&Tech ETF,21.000320434570312,21.397114016647247,20.980480282451204,21.25823673593558,12200
2022-07-19,AIQ,AI&Tech ETF,21.59551239013672,21.59551239013672,21.07472068005918,21.23839720971276,7700
2022-07-20,AIQ,AI&Tech ETF,22.022066116333008,22.051824453197028,21.59551229537852,21.674871013784394,36100
2022-07-21,AIQ,AI&Tech ETF,22.35934066772461,22.35934066772461,21.97246526815864,22.071664137074556,7400
2022-07-22,AIQ,AI&Tech ETF,21.873266220092773,22.258156844462388,21.78398742800578,22.220461312424302,52200
2022-07-25,AIQ,AI&Tech ETF,21.714548110961914,21.863347354508512,21.60543106230498,21.863347354508512,8500
2022-07-26,AIQ,AI&Tech ETF,21.218557357788086,21.60543277275181,21.188799020371654,21.60543277275181,16100
2022-07-27,AIQ,AI&Tech ETF,22.061744689941406,22.111345071843964,21.535991994140954,21.59551245242402,9600
2022-07-28,AIQ,AI&Tech ETF,22.141103744506836,22.20062231163089,21.813748787232825,21.962546151073536,5500
2022-07-29,AIQ,AI&Tech ETF,22.319658279418945,22.319658279418945,21.952623066317273,22.041901850799817,99300
2022-08-01,AIQ,AI&Tech ETF,22.309741973876953,22.401996985705168,22.00718625223734,22.131184374741366,32600
2022-08-02,AIQ,AI&Tech ETF,22.379179000854492,22.546825070948604,22.12126269765627,22.12126269765627,11500
2022-08-03,AIQ,AI&Tech ETF,22.835493087768555,22.904931728755432,22.389099121337125,22.389099121337125,14800
2022-08-04,AIQ,AI&Tech ETF,23.05373191833496,23.05373191833496,22.751176180822814,22.924774696672408,11500
2022-08-05,AIQ,AI&Tech ETF,22.88509178161621,22.954530423225588,22.617255399356253,22.647015628072165,31800
2022-08-08,AIQ,AI&Tech ETF,22.81565284729004,23.152927866832254,22.73629413046017,22.885091488008545,23400
2022-08-09,AIQ,AI&Tech ETF,22.43869972229004,22.607337234367847,22.349420928127607,22.607337234367847,7000
2022-08-10,AIQ,AI&Tech ETF,23.19260597229004,23.202526048270123,22.90989042907121,23.033888540730732,13800
2022-08-11,AIQ,AI&Tech ETF,23.212448120117188,23.644954388143983,23.068609844129906,23.33148715005247,37700
2022-08-12,AIQ,AI&Tech ETF,23.579479217529297,23.609237550695457,23.10332696626216,23.1926038578215,27000
2022-08-15,AIQ,AI&Tech ETF,23.678682327270508,23.728280819492454,23.440604266833812,23.440604266833812,8000
2022-08-16,AIQ,AI&Tech ETF,23.51996421813965,23.634044161918997,23.22236946514136,23.51996421813965,14100
2022-08-17,AIQ,AI&Tech ETF,23.202526092529297,23.341405264454377,23.015041764712837,23.262046548523344,92000
2022-08-18,AIQ,AI&Tech ETF,23.19260597229004,23.331485143950204,23.04380861671082,23.21244612425021,19700
2022-08-19,AIQ,AI&Tech ETF,22.77597427368164,23.033890595994073,22.647017058556024,23.033890595994073,9200
2022-08-22,AIQ,AI&Tech ETF,21.982383728027344,22.38909735782451,21.93278524324658,22.38909735782451,52400
2022-08-23,AIQ,AI&Tech ETF,22.091503143310547,22.31965920553921,21.992304279540406,22.002224355123516,35700
2022-08-24,AIQ,AI&Tech ETF,22.07166290283203,22.25022047848357,22.051822751746094,22.091503053917968,7100
2022-08-25,AIQ,AI&Tech ETF,22.666852951049805,22.666852951049805,22.160940478398775,22.160940478398775,12700
2022-08-26,AIQ,AI&Tech ETF,21.89310646057129,22.666855364430745,21.853428048406236,22.666855364430745,9400
2022-08-29,AIQ,AI&Tech ETF,21.605430603027344,21.823666587763036,21.456631362643847,21.555830225545865,44200
2022-08-30,AIQ,AI&Tech ETF,21.44671630859375,21.684792479060782,21.18879998423916,21.664952325173225,27200
2022-08-31,AIQ,AI&Tech ETF,21.42687225341797,21.71454686416445,21.333625817597717,21.645108230262228,7000
2022-09-01,AIQ,AI&Tech ETF,21.09455680847168,21.099517792176727,20.742402647849836,21.039997340081637,13900
2022-09-02,AIQ,AI&Tech ETF,20.970561981201172,21.407035904456585,20.742405888704944,21.317757104425677,8500
2022-09-06,AIQ,AI&Tech ETF,20.6580867767334,20.85152353397396,20.48448827998491,20.85152353397396,17000
2022-09-07,AIQ,AI&Tech ETF,20.96063995361328,21.05983882131143,20.55392629890579,20.643205090628022,16300
2022-09-08,AIQ,AI&Tech ETF,21.030080795288086,21.168958076875008,20.78208456841941,20.78208456841941,175000
2022-09-09,AIQ,AI&Tech ETF,21.69470977783203,21.714548037117932,21.347514697505623,21.347514697505623,5600
2022-09-12,AIQ,AI&Tech ETF,21.92286491394043,22.022063774413823,21.80382590296018,21.80382590296018,15500
2022-09-13,AIQ,AI&Tech ETF,20.920961380004883,21.407033746700264,20.871362892569827,21.29791480386993,19000
2022-09-14,AIQ,AI&Tech ETF,20.930883407592773,21.069760699009272,20.831684531411906,20.9606417460042,19400
2022-09-15,AIQ,AI&Tech ETF,20.593608856201172,21.05984112571916,20.593608856201172,20.801924798306686,14900
2022-09-16,AIQ,AI&Tech ETF,20.325769424438477,20.43488836380054,20.236490636244234,20.42496828821663,22000
2022-09-19,AIQ,AI&Tech ETF,20.682886123657227,20.682886123657227,20.29601071520218,20.29601071520218,12200
2022-09-20,AIQ,AI&Tech ETF,20.236492156982422,20.5043285416926,20.236492156982422,20.395209594130435,5900
2022-09-21,AIQ,AI&Tech ETF,20.067852020263672,20.62336486972695,20.03809368722657,20.33568836996266,13400
2022-09-22,AIQ,AI&Tech ETF,19.641300201416016,19.9636960497267,19.641300201416016,19.938896805716887,22500
2022-09-23,AIQ,AI&Tech ETF,19.383386611938477,19.44290517848813,19.09571007150312,19.44290517848813,7200
2022-09-26,AIQ,AI&Tech ETF,19.2445068359375,19.576822763974565,19.160189026950533,19.29410721657194,29400
2022-09-27,AIQ,AI&Tech ETF,19.274267196655273,19.45282478404313,19.08578953307242,19.44290470784813,7300
2022-09-28,AIQ,AI&Tech ETF,19.77025604248047,19.77025604248047,19.15324179552953,19.19490497270101,19300
2022-09-29,AIQ,AI&Tech ETF,19.046112060546875,19.343706792843072,19.036191983862178,19.343706792843072,11400
2022-09-30,AIQ,AI&Tech ETF,19.0163516998291,19.54210440813845,18.917152825724923,19.155228988338262,11400
2022-10-03,AIQ,AI&Tech ETF,19.383386611938477,19.437944194240007,19.016351352083216,19.13539037724363,8000
2022-10-04,AIQ,AI&Tech ETF,20.256332397460938,20.256332397460938,19.829778573753455,19.829778573753455,4900
2022-10-05,AIQ,AI&Tech ETF,20.22161293029785,20.286092480222678,19.790100017547903,19.96865571477951,8000
2022-10-06,AIQ,AI&Tech ETF,19.968656539916992,20.28609331847717,19.968656539916992,20.057935338252484,19400
2022-10-07,AIQ,AI&Tech ETF,19.194908142089844,19.730579002785852,19.194908142089844,19.730579002785852,8200
2022-10-10,AIQ,AI&Tech ETF,18.996509552001953,19.28418606749252,18.798113716685897,19.28418606749252,18300
2022-10-11,AIQ,AI&Tech ETF,18.460840225219727,18.837793667592415,18.331881124259336,18.75843494856337,11900
2022-10-12,AIQ,AI&Tech ETF,18.460840225219727,18.59971751050528,18.407272191146095,18.490598562317427,14700
2022-10-13,AIQ,AI&Tech ETF,18.90723419189453,18.90723419189453,17.86565066447166,17.974769623519094,30600
2022-10-14,AIQ,AI&Tech ETF,18.29220199584961,19.006430439196368,18.26244176785394,19.006430439196368,10300
2022-10-17,AIQ,AI&Tech ETF,19.0957088470459,19.10562892284493,18.758433838122805,18.758433838122805,8300
2022-10-18,AIQ,AI&Tech ETF,19.19292449951172,19.651221443100436,19.0758702444634,19.49250400154961,16200
2022-10-19,AIQ,AI&Tech ETF,18.927072525024414,19.19490891214795,18.87747403499166,19.01635132073226,6200
2022-10-20,AIQ,AI&Tech ETF,19.075868606567383,19.492502327880505,19.006429968358695,19.006429968358695,7600
2022-10-21,AIQ,AI&Tech ETF,19.36354637145996,19.432985014130573,18.83977844724609,19.03619141882629,9700
2022-10-24,AIQ,AI&Tech ETF,19.214750289916992,19.276251740336296,18.93302615625961,19.264348783111625,9500
2022-10-25,AIQ,AI&Tech ETF,19.66114044189453,19.809937798683816,19.284187011890936,19.39330406443719,13100
2022-10-26,AIQ,AI&Tech ETF,19.740495681762695,20.03809223499171,19.4726593514748,19.4726593514748,16300
2022-10-27,AIQ,AI&Tech ETF,19.36850357055664,19.659156293405367,19.36850357055664,19.651219097832286,4300
2022-10-28,AIQ,AI&Tech ETF,19.58177947998047,19.631379854596467,19.27426472560458,19.27426472560458,14600
2022-10-31,AIQ,AI&Tech ETF,19.51234245300293,19.58475730304565,19.37346517677333,19.561940939638934,11000
2022-11-01,AIQ,AI&Tech ETF,19.51234245300293,19.980559432360987,19.51234245300293,19.958736400970903,6900
2022-11-02,AIQ,AI&Tech ETF,18.956830978393555,19.57186052225226,18.956830978393555,19.57186052225226,11300
2022-11-03,AIQ,AI&Tech ETF,18.619558334350586,18.788195854872857,18.619558334350586,18.70883713298362,79800
2022-11-04,AIQ,AI&Tech ETF,18.788192749023438,18.976668499815478,18.520356397399976,18.902270774627315,7000
2022-11-07,AIQ,AI&Tech ETF,19.0957088470459,19.135389150242023,18.847712628253095,19.006430056915608,12800
2022-11-08,AIQ,AI&Tech ETF,19.30402374267578,19.502421464051682,19.03618927849748,19.184986623498958,12200
2022-11-09,AIQ,AI&Tech ETF,18.793153762817383,19.075869309984085,18.755458230391085,19.075869309984085,9300
2022-11-10,AIQ,AI&Tech ETF,20.22657012939453,20.22657012939453,19.661139077594274,19.730577713140143,9800
2022-11-11,AIQ,AI&Tech ETF,20.77216339111328,20.881280438549414,20.30394641851466,20.33568952518588,12600
2022-11-14,AIQ,AI&Tech ETF,20.762245178222656,20.990401261221315,20.539048187436524,20.6332860759635,31300
2022-11-15,AIQ,AI&Tech ETF,21.14911651611328,21.516151739941478,21.04991765356018,21.287993788451065,38000
2022-11-16,AIQ,AI&Tech ETF,20.87136459350586,21.099520681598573,20.86640360912144,21.049920298060265,20100
2022-11-17,AIQ,AI&Tech ETF,20.732484817504883,20.851523842524216,20.35553137372237,20.45473024589496,17500
2022-11-18,AIQ,AI&Tech ETF,20.415048599243164,20.990399749579037,20.415048599243164,20.990399749579037,36800
2022-11-21,AIQ,AI&Tech ETF,20.28609275817871,20.61840680453479,20.216652223121468,20.514248840040594,70100
2022-11-22,AIQ,AI&Tech ETF,20.464649200439453,20.563848076345373,20.286093494282223,20.30593175581446,17200
2022-11-23,AIQ,AI&Tech ETF,20.811843872070312,20.83168402523664,20.593607863424133,20.593607863424133,206300
2022-11-25,AIQ,AI&Tech ETF,20.80191993713379,20.831680161363337,20.70272297382355,20.71264115650594,16100
2022-11-28,AIQ,AI&Tech ETF,20.325769424438477,20.84160200243611,20.325769424438477,20.623366015772937,13900
2022-11-29,AIQ,AI&Tech ETF,20.405132293701172,20.61345013927703,20.335693642529666,20.57376982885826,12700
2022-11-30,AIQ,AI&Tech ETF,21.565752029418945,21.565752029418945,20.553926952435802,20.62336748647515,10800
2022-12-01,AIQ,AI&Tech ETF,21.645111083984375,21.72446980348695,21.39711484903119,21.50623379787015,121800
2022-12-02,AIQ,AI&Tech ETF,21.605430603027344,21.724467724861018,21.19871696798391,21.19871696798391,136600
2022-12-05,AIQ,AI&Tech ETF,21.030080795288086,21.526073249025437,21.000320566921864,21.466552792292994,17100
2022-12-06,AIQ,AI&Tech ETF,20.633285522460938,21.089599568278434,20.583687033421704,21.089599568278434,8600
2022-12-07,AIQ,AI&Tech ETF,20.59856605529785,20.67296568038892,20.449768697176783,20.449768697176783,7100
2022-12-08,AIQ,AI&Tech ETF,20.920961380004883,21.04991858257263,20.727524630122755,20.742403797941066,12100
2022-12-09,AIQ,AI&Tech ETF,20.980480194091797,21.248316570388624,20.980480194091797,20.980480194091797,17400
2022-12-12,AIQ,AI&Tech ETF,20.96063995361328,21.089599049239187,20.772164186253928,20.891201313842885,9700
2022-12-13,AIQ,AI&Tech ETF,21.327674865722656,21.92286617062014,21.18879758833561,21.912946094798066,14000
2022-12-14,AIQ,AI&Tech ETF,21.30783462524414,21.6748698608867,21.154078180795505,21.357435004147725,11600
2022-12-15,AIQ,AI&Tech ETF,20.424970626831055,20.950723340610136,20.415050550111317,20.950723340610136,5700
2022-12-16,AIQ,AI&Tech ETF,20.28609275817871,20.46464845785685,20.186893885872337,20.43489012060772,10000
2022-12-19,AIQ,AI&Tech ETF,19.998416900634766,20.375372249859655,19.9091381017163,20.375372249859655,14500
2022-12-20,AIQ,AI&Tech ETF,19.93889808654785,20.13729394343191,19.899217779934347,19.899217779934347,11400
2022-12-21,AIQ,AI&Tech ETF,20.335691452026367,20.41505017225427,20.087695214806534,20.127375520951052,40500
2022-12-22,AIQ,AI&Tech ETF,20.038095474243164,20.16705267704644,19.66114015762864,20.16705267704644,19800
2022-12-23,AIQ,AI&Tech ETF,19.879377365112305,19.968654261198814,19.770258425807413,19.90913569978749,9700
2022-12-27,AIQ,AI&Tech ETF,19.75041961669922,19.974608042241165,19.70082112749637,19.869458639671574,25900
2022-12-28,AIQ,AI&Tech ETF,19.423063278198242,19.785137521230933,19.423063278198242,19.750418202862107,23000
2022-12-29,AIQ,AI&Tech ETF,20.01598358154297,20.156253479921862,19.697636337607005,19.697636337607005,15600
2022-12-30,AIQ,AI&Tech ETF,19.9960880279541,20.03588025051096,19.74738047013748,19.970221470427276,64300
2023-01-03,AIQ,AI&Tech ETF,20.00603485107422,20.24479385850897,19.99608632191178,20.24479385850897,14600
2023-01-04,AIQ,AI&Tech ETF,20.65267562866211,20.77205419266396,20.394019543340683,20.4835544150861,33000
2023-01-05,AIQ,AI&Tech ETF,20.254743576049805,20.493502597492935,20.254743576049805,20.423864786758024,13900
2023-01-06,AIQ,AI&Tech ETF,20.682519912719727,20.833732624410146,20.21494852368074,20.394018255866907,15800
2023-01-09,AIQ,AI&Tech ETF,21.169986724853516,21.438589428969173,20.990916990451097,20.990916990451097,25400
2023-01-10,AIQ,AI&Tech ETF,21.378902435302734,21.378902435302734,21.000867764755903,21.000867764755903,66400
2023-01-11,AIQ,AI&Tech ETF,21.52315330505371,21.557972213005407,21.17993754203494,21.309264643357206,35200
2023-01-12,AIQ,AI&Tech ETF,21.61766242980957,21.80668072218264,21.438592668349635,21.587818734558418,23300
2023-01-13,AIQ,AI&Tech ETF,21.975797653198242,21.975797653198242,21.538071866101923,21.538071866101923,201600
2023-01-17,AIQ,AI&Tech ETF,21.936004638671875,21.975798756536705,21.660438152158655,21.95590169760429,45500
2023-01-18,AIQ,AI&Tech ETF,21.607709884643555,22.14491906922132,21.607709884643555,22.13497054015641,15300
2023-01-19,AIQ,AI&Tech ETF,21.504247665405273,21.642528995003094,21.29931327767058,21.478383007578994,13200
2023-01-20,AIQ,AI&Tech ETF,22.130990982055664,22.19465928957245,21.62760642876462,21.67734907290697,16800
2023-01-23,AIQ,AI&Tech ETF,22.67218017578125,22.71197239534463,22.244402904919273,22.244402904919273,13800
2023-01-24,AIQ,AI&Tech ETF,22.443368911743164,23.275047404016295,22.234455479317635,22.48316303076976,15700
2023-01-25,AIQ,AI&Tech ETF,22.56772232055664,22.711973153450728,22.085230968875862,22.284195868309915,31400
2023-01-26,AIQ,AI&Tech ETF,23.020368576049805,23.020368576049805,22.674168116222372,22.93083371264783,176100
2023-01-27,AIQ,AI&Tech ETF,23.060163497924805,23.328768097518125,22.871145235527138,22.871145235527138,170100
2023-01-30,AIQ,AI&Tech ETF,22.53290557861328,22.960682904815705,22.53290557861328,22.960682904815705,31000
2023-01-31,AIQ,AI&Tech ETF,22.741819381713867,22.871146475108155,22.5528011090717,22.59259333108223,8800
2023-02-01,AIQ,AI&Tech ETF,23.454118728637695,23.657064574905643,22.74182064785115,22.910941870159746,24600
2023-02-02,AIQ,AI&Tech ETF,24.113689422607422,24.45292612452655,23.8759246871532,23.955511026877524,102400
2023-02-03,AIQ,AI&Tech ETF,23.75654411315918,24.204218457858914,23.706803362631657,23.706803362631657,91600
2023-02-06,AIQ,AI&Tech ETF,23.438199996948242,23.637166804570352,23.308872900235546,23.46804558733799,26600
2023-02-07,AIQ,AI&Tech ETF,23.826183319091797,23.895821127360392,23.247191431793528,23.438198262685674,52000
2023-02-08,AIQ,AI&Tech ETF,23.54762840270996,23.786387397589984,23.398404268095927,23.706801065963308,32600
2023-02-09,AIQ,AI&Tech ETF,23.48794174194336,23.965459784838426,23.378509812221896,23.91571903359487,34800
2023-02-10,AIQ,AI&Tech ETF,23.01042366027832,23.269079762112007,22.871148027555634,23.259131231562076,21500
2023-02-13,AIQ,AI&Tech ETF,23.45809555053711,23.46804408002805,23.099956078815204,23.189490946745682,17700
2023-02-14,AIQ,AI&Tech ETF,23.567527770996094,23.657062640041776,23.24918241327278,23.279026104629338,7000
2023-02-15,AIQ,AI&Tech ETF,23.826183319091797,23.83115663504471,23.37850898381087,23.49788943904844,13300
2023-02-16,AIQ,AI&Tech ETF,23.48794174194336,23.8062871038734,23.44814762295809,23.517785433694282,19100
2023-02-17,AIQ,AI&Tech ETF,23.080059051513672,23.26907540409737,22.900989330128837,23.25912687541068,27800
2023-02-21,AIQ,AI&Tech ETF,22.5229549407959,22.871145887510693,22.513006411176846,22.83135366652249,34800
2023-02-22,AIQ,AI&Tech ETF,22.433420181274414,22.731870378839545,22.393627960091873,22.63238697965117,29400
2023-02-23,AIQ,AI&Tech ETF,22.811458587646484,22.900993464502857,22.483164671669172,22.900993464502857,166400
2023-02-24,AIQ,AI&Tech ETF,22.184711456298828,22.38367824413071,22.055384372449645,22.38367824413071,35200
2023-02-27,AIQ,AI&Tech ETF,22.45331573486328,22.632385461896124,22.381687464552567,22.513005011378265,16000
2023-02-28,AIQ,AI&Tech ETF,22.443368911743164,22.562749371334917,22.383679630691304,22.4234737497179,11700
2023-03-01,AIQ,AI&Tech ETF,22.45331573486328,22.682126209410633,22.314040123832353,22.542850598379705,12300
2023-03-02,AIQ,AI&Tech ETF,22.68212890625,22.711974496799993,22.284197186357357,22.284197186357357,15300
2023-03-03,AIQ,AI&Tech ETF,22.96068000793457,23.06215197075948,22.626416634087896,22.80150733419576,19400
2023-03-06,AIQ,AI&Tech ETF,22.990524291992188,23.32876667887692,22.970627234531243,23.10990284178219,54300
2023-03-07,AIQ,AI&Tech ETF,22.61248779296875,23.030316512260857,22.602539264237052,22.97062723735851,20600
2023-03-08,AIQ,AI&Tech ETF,22.68212890625,22.75375718507711,22.582647399392926,22.60254256227147,13600
2023-03-09,AIQ,AI&Tech ETF,22.199636459350586,22.920888734337286,22.15486902442071,22.68212781638592,61800
2023-03-10,AIQ,AI&Tech ETF,21.786779403686523,22.264297409290727,21.71714159838856,22.214556661931578,26700
2023-03-13,AIQ,AI&Tech ETF,21.89621353149414,22.125024028385646,21.488333290083002,21.707195257002518,28600
2023-03-14,AIQ,AI&Tech ETF,22.264299392700195,22.453317664981792,22.134972299552608,22.1847130513429,16800
2023-03-15,AIQ,AI&Tech ETF,22.214557647705078,22.214557647705078,21.886263767098125,22.00564422254064,15700
2023-03-16,AIQ,AI&Tech ETF,22.731868743896484,22.815434110108768,22.12502176023282,22.12502176023282,15700
2023-03-17,AIQ,AI&Tech ETF,22.741819381713867,22.871146475108155,22.562749638946347,22.841300885484216,16000
2023-03-20,AIQ,AI&Tech ETF,22.871145248413086,22.880099494066425,22.572696958133214,22.702024044591038,14400
2023-03-21,AIQ,AI&Tech ETF,23.189491271972656,23.35861248071455,22.960680782935974,23.02037006323076,24100
2023-03-22,AIQ,AI&Tech ETF,23.000476837158203,23.547632730465914,23.000476837158203,23.259131039366387,44900
2023-03-23,AIQ,AI&Tech ETF,23.438199996948242,23.736650208381405,23.204416180103586,23.348665123267104,41800
2023-03-24,AIQ,AI&Tech ETF,23.316829681396484,23.438198706317273,23.119853349642156,23.29892308714391,49500
2023-03-27,AIQ,AI&Tech ETF,23.279027938842773,23.398408406139307,23.04026890173786,23.35861428454441,9500
2023-03-28,AIQ,AI&Tech ETF,23.358612060546875,23.358612060546875,23.10990451672294,23.338715001643845,41600
2023-03-29,AIQ,AI&Tech ETF,23.8251895904541,23.83513812087199,23.440191140471487,23.587424836684633,35600
2023-03-30,AIQ,AI&Tech ETF,24.114683151245117,24.492719679349875,23.95551047546037,24.12463168066766,70400
2023-03-31,AIQ,AI&Tech ETF,24.462875366210938,24.512616118428422,24.11468440822434,24.38328902417012,58800
2023-04-03,AIQ,AI&Tech ETF,24.363391876220703,24.41313452574645,24.074892098923616,24.29375406437272,51500
2023-04-04,AIQ,AI&Tech ETF,24.258935928344727,24.492721644815145,24.194271430653057,24.373341179652684,17200
2023-04-05,AIQ,AI&Tech ETF,23.806289672851562,24.17437582574598,23.674972102010308,24.17437582574598,49400
2023-04-06,AIQ,AI&Tech ETF,23.91571807861328,24.02514810647705,23.577475670697,23.73664834530608,35700
2023-04-10,AIQ,AI&Tech ETF,24.01022720336914,24.06494316819208,23.676958098305793,23.816235617170012,32500
2023-04-11,AIQ,AI&Tech ETF,23.91571807861328,24.064942223873295,23.885872490566097,24.054993694524235,44600
2023-04-12,AIQ,AI&Tech ETF,23.657062530517578,24.059967541869828,23.607319882673597,24.025148637123042,37300
2023-04-13,AIQ,AI&Tech ETF,24.05499267578125,24.156464634863557,23.703817004834892,23.796336616123746,43200
2023-04-14,AIQ,AI&Tech ETF,23.935611724853516,24.104732918107374,23.736646842929343,23.91571656490258,21400
2023-04-17,AIQ,AI&Tech ETF,24.025150299072266,24.094788113383064,23.87592614019368,23.975409545275447,29900
2023-04-18,AIQ,AI&Tech ETF,24.035097122192383,24.273856138937447,23.915718562563846,24.184321270472047,65600
2023-04-19,AIQ,AI&Tech ETF,23.826183319091797,23.935613347447607,23.70680286385423,23.78638920151662,37700
2023-04-20,AIQ,AI&Tech ETF,23.48794174194336,23.789374793053465,23.43819909321177,23.68690664440562,17500
2023-04-21,AIQ,AI&Tech ETF,23.59737205505371,23.637166174512647,23.378510090493723,23.51778571362389,10900
2023-04-24,AIQ,AI&Tech ETF,23.413326263427734,23.642136731145257,23.28499346888161,23.527731497286496,118500
2023-04-25,AIQ,AI&Tech ETF,22.811458587646484,23.2392359109629,22.73187224127284,23.2392359109629,75500
2023-04-26,AIQ,AI&Tech ETF,22.990524291992188,23.229283289060028,22.821403098549823,23.129799899243135,87100
2023-04-27,AIQ,AI&Tech ETF,23.53767967224121,23.567525257903227,23.04026462946775,23.239231405572255,82600
2023-04-28,AIQ,AI&Tech ETF,23.70680046081543,23.723712769321768,23.408352199205652,23.49788705718614,251400
2023-05-01,AIQ,AI&Tech ETF,23.647111892700195,23.776438970588444,23.57747408941515,23.72669822466708,71900
2023-05-02,AIQ,AI&Tech ETF,23.428247451782227,23.657059810581167,23.259126263533155,23.64711128215619,54500
2023-05-03,AIQ,AI&Tech ETF,23.348665237426758,23.647115450319145,23.279027423664967,23.468045702081334,29300
2023-05-04,AIQ,AI&Tech ETF,23.28897476196289,23.428250382358637,23.129802082228316,23.31882035097113,184200
2023-05-05,AIQ,AI&Tech ETF,23.696855545043945,23.751571510761064,23.428250930153386,23.428250930153386,48900
2023-05-08,AIQ,AI&Tech ETF,23.78639030456543,23.79633883442057,23.607320562149038,23.716752493067514,71800
2023-05-09,AIQ,AI&Tech ETF,23.59737205505371,23.786390327507547,23.47799349165301,23.577476892812296,102200
2023-05-10,AIQ,AI&Tech ETF,23.856027603149414,23.945562472432574,23.607320054582416,23.836130543866933,83400
2023-05-11,AIQ,AI&Tech ETF,23.84607696533203,23.9853544705082,23.67695577135856,23.90576813790232,50000
2023-05-12,AIQ,AI&Tech ETF,23.637165069580078,23.846078494509555,23.500872304041163,23.836129965109873,42600
2023-05-15,AIQ,AI&Tech ETF,24.035097122192383,24.054994181293136,23.74659735518343,23.82618369409845,64500
2023-05-16,AIQ,AI&Tech ETF,24.09478759765625,24.174373940520564,23.92566638188357,23.975409032103823,313400
2023-05-17,AIQ,AI&Tech ETF,24.492717742919922,24.55240701724809,24.08483565879529,24.144526830611277,127900
2023-05-18,AIQ,AI&Tech ETF,24.950340270996094,24.950340270996094,24.462873721582252,24.522562999727963,358100
2023-05-19,AIQ,AI&Tech ETF,24.99013328552246,25.069719618701377,24.870752837010155,24.96028769902242,227600
2023-05-22,AIQ,AI&Tech ETF,25.17915153503418,25.29853199252707,24.96028957669988,25.029927386284065,219700
2023-05-23,AIQ,AI&Tech ETF,24.771268844604492,25.139356812548034,24.721528099133547,25.039873424118337,233700
2023-05-24,AIQ,AI&Tech ETF,24.622047424316406,24.671788175269313,24.373339874575837,24.61209889462822,120200
2023-05-25,AIQ,AI&Tech ETF,25.16920280456543,25.27863473160315,24.970237906982643,25.228893981579454,586000
2023-05-26,AIQ,AI&Tech ETF,25.915327072143555,25.984966783046218,25.28858485392441,25.328377076952112,532000
2023-05-30,AIQ,AI&Tech ETF,26.12424087524414,26.39284548048274,25.975016727052026,26.313259141614413,868600
2023-05-31,AIQ,AI&Tech ETF,25.994909286499023,26.054600457791032,25.736255134184873,25.915322955597485,422900
2023-06-01,AIQ,AI&Tech ETF,26.36299705505371,26.47143278969136,25.865582016279113,25.96506540353159,427900
2023-06-02,AIQ,AI&Tech ETF,26.601760864257812,26.75894498613478,26.422691114266584,26.641554985361697,346500
2023-06-05,AIQ,AI&Tech ETF,26.542070388793945,26.70124307108903,26.370958711708305,26.571914080794244,272300
2023-06-06,AIQ,AI&Tech ETF,26.721141815185547,26.790779630893443,26.37195655535869,26.542072061943433,291600
2023-06-07,AIQ,AI&Tech ETF,26.293359756469727,26.910153353762297,26.213773424642046,26.731085530265883,351700
2023-06-08,AIQ,AI&Tech ETF,26.641550064086914,26.6863174933152,26.263513573384095,26.333151374964146,236500
2023-06-09,AIQ,AI&Tech ETF,26.860414505004883,27.12901910545204,26.78082816755624,26.87036303437196,304000
2023-06-12,AIQ,AI&Tech ETF,27.37772560119629,27.38269891694584,27.029534676603156,27.099172482024205,507600
2023-06-13,AIQ,AI&Tech ETF,27.735864639282227,27.834353753274424,27.507054152819205,27.82539950746132,697700
2023-06-14,AIQ,AI&Tech ETF,27.914936065673828,27.983579595266168,27.56674510139575,27.73586631847435,533400
2023-06-15,AIQ,AI&Tech ETF,28.352663040161133,28.43224938683048,27.79555861347571,27.855247899105674,664600
2023-06-16,AIQ,AI&Tech ETF,28.16364097595215,28.611315301823403,28.103951698331958,28.611315301823403,713400
2023-06-20,AIQ,AI&Tech ETF,27.954729080200195,28.123850290587953,27.7060215294822,28.02436689080315,510100
2023-06-21,AIQ,AI&Tech ETF,27.467260360717773,27.924881307461437,27.327982852914495,27.904984249562702,505000
2023-06-22,AIQ,AI&Tech ETF,27.596590042114258,27.596590042114258,27.198658334087533,27.228503923747557,474600
2023-06-23,AIQ,AI&Tech ETF,27.288192749023438,27.42547980267934,27.109123009035393,27.21855493846987,540400
2023-06-26,AIQ,AI&Tech ETF,27.05938148498535,27.546848042424116,27.00963883780509,27.288191969550656,187500
2023-06-27,AIQ,AI&Tech ETF,27.51700210571289,27.58663991339558,27.079276303508628,27.208605287051864,451900
2023-06-28,AIQ,AI&Tech ETF,27.53689956665039,27.69607224296148,27.35782983142842,27.3777268903393,222300
2023-06-29,AIQ,AI&Tech ETF,27.477144241333008,27.566776251507804,27.33771751419296,27.526938958298253,449900
2023-06-30,AIQ,AI&Tech ETF,27.84562873840332,27.98605272267782,27.646447977915372,27.765956054298815,522900
2023-07-03,AIQ,AI&Tech ETF,27.925304412841797,28.04182450693504,27.815753755588975,27.94522115998592,211000
2023-07-05,AIQ,AI&Tech ETF,27.89542579650879,27.970117870548815,27.765956495564758,27.795834464908765,425900
2023-07-06,AIQ,AI&Tech ETF,27.43730926513672,27.566778579454432,27.245099817854424,27.546859931167578,241500
2023-07-07,AIQ,AI&Tech ETF,27.536897659301758,27.870528333978697,27.43730632807521,27.43730632807521,307600
2023-07-10,AIQ,AI&Tech ETF,27.736082077026367,27.736082077026367,27.48710468297684,27.56677737309082,294700
2023-07-11,AIQ,AI&Tech ETF,27.985055923461914,28.034850636140728,27.636487236070636,27.87550527611269,338200
2023-07-12,AIQ,AI&Tech ETF,28.49297332763672,28.51289007532672,28.243995935817583,28.483014004018344,560100
2023-07-13,AIQ,AI&Tech ETF,29.070600509643555,29.110435904171506,28.73199110819568,28.79174514976097,631900
2023-07-14,AIQ,AI&Tech ETF,28.89133644104004,29.209031832474924,28.82162307606312,29.0706004650074,478900
2023-07-17,AIQ,AI&Tech ETF,29.190107345581055,29.249863284139913,28.89133525097337,28.9212132202528,699700
2023-07-18,AIQ,AI&Tech ETF,29.369375228881836,29.43709787501279,28.92121702796663,29.11043849300894,593000
2023-07-19,AIQ,AI&Tech ETF,29.369375228881836,29.618352640350363,29.25584121012831,29.508801971449202,542800
2023-07-20,AIQ,AI&Tech ETF,28.562686920166016,29.120395750395208,28.453136259040956,29.06064170775734,525700
2023-07-21,AIQ,AI&Tech ETF,28.502931594848633,28.819629716169462,28.446163642282563,28.731990330941393,288100
2023-07-24,AIQ,AI&Tech ETF,28.582605361938477,28.662278051398054,28.323668646308157,28.5527273910611,272500
2023-07-25,AIQ,AI&Tech ETF,28.80170249938965,28.90627253984901,28.69414447212479,28.712070493411165,275700
2023-07-26,AIQ,AI&Tech ETF,28.78178596496582,28.89133662465248,28.522849250872547,28.712072599545852,290600
2023-07-27,AIQ,AI&Tech ETF,28.731990814208984,29.359412993091578,28.603518771362108,29.339494346258046,396000
2023-07-28,AIQ,AI&Tech ETF,29.389291763305664,29.419169734369227,29.03076370872994,29.10047707499816,475700
2023-07-31,AIQ,AI&Tech ETF,29.508798599243164,29.537681206579258,29.329536479090937,29.389290519141678,466500
2023-08-01,AIQ,AI&Tech ETF,29.28969955444336,29.3295368480094,29.093504872678697,29.28969955444336,370500
2023-08-02,AIQ,AI&Tech ETF,28.502931594848633,28.920216411576224,28.358524257054498,28.89133570383607,362700
2023-08-03,AIQ,AI&Tech ETF,28.373464584350586,28.483015249395905,28.164324477860614,28.243997170744436,253200
2023-08-04,AIQ,AI&Tech ETF,28.253955841064453,28.692154692013116,28.234037193417663,28.532809309932368,369600
2023-08-07,AIQ,AI&Tech ETF,28.43321990966797,28.473057207677442,28.204161144754256,28.473057207677442,311500
2023-08-08,AIQ,AI&Tech ETF,28.06970977783203,28.10456645967492,27.775916388337198,28.064731065945917,822100
2023-08-09,AIQ,AI&Tech ETF,27.74603843688965,28.154361167549908,27.641466498903725,28.154361167549908,257300
2023-08-10,AIQ,AI&Tech ETF,27.78587532043457,28.24399468892135,27.669355228291803,27.9850579849152,208300
2023-08-11,AIQ,AI&Tech ETF,27.477144241333008,27.646448938380214,27.41240958964083,27.556816928205418,236700
2023-08-14,AIQ,AI&Tech ETF,27.765958786010742,27.765958786010742,27.307841282225308,27.407432622040737,656400
2023-08-15,AIQ,AI&Tech ETF,27.447263717651367,27.68030768224142,27.36759103819194,27.666365010824684,435800
2023-08-16,AIQ,AI&Tech ETF,27.058862686157227,27.407431410327202,27.049898725146885,27.32775872190664,250500
2023-08-17,AIQ,AI&Tech ETF,26.839759826660156,27.30783657367372,26.809881860003188,27.24808253990627,347200
2023-08-18,AIQ,AI&Tech ETF,26.76009178161621,26.859681221955746,26.45036307548357,26.540990453956887,355300
2023-08-21,AIQ,AI&Tech ETF,27.128576278686523,27.158454249424928,26.770048228012637,26.899517534998985,760600
2023-08-22,AIQ,AI&Tech ETF,27.13853645324707,27.37755452800895,27.058863761659776,27.37755452800895,262800
2023-08-23,AIQ,AI&Tech ETF,27.656408309936523,27.736080996947944,27.188329611641066,27.23812622823989,306100
2023-08-24,AIQ,AI&Tech ETF,27.178373336791992,28.04481360722529,27.15845468931043,28.04481360722529,294900
2023-08-25,AIQ,AI&Tech ETF,27.407432556152344,27.487105247903788,26.91943708173139,27.22816852482489,284800
2023-08-28,AIQ,AI&Tech ETF,27.66636848449707,27.716163203081287,27.47017379810924,27.60661254273991,184000
2023-08-29,AIQ,AI&Tech ETF,28.27387237548828,28.283831699236412,27.632507502392322,27.666368823226605,554500
2023-08-30,AIQ,AI&Tech ETF,28.36350440979004,28.383423057300423,28.08465094283176,28.144404985816138,337400
2023-08-31,AIQ,AI&Tech ETF,28.453136444091797,28.596548426811502,28.3834230773031,28.443177120329587,330400
2023-09-01,AIQ,AI&Tech ETF,28.702112197875977,28.861457569863962,28.592561542304235,28.771825560677385,405400
2023-09-05,AIQ,AI&Tech ETF,28.682193756103516,28.76087108020352,28.492972312734587,28.592561746277525,347000
2023-09-06,AIQ,AI&Tech ETF,28.52284812927246,28.692152824154874,28.343584111215005,28.582604068322727,265700
2023-09-07,AIQ,AI&Tech ETF,28.263912200927734,28.283830847824394,28.01294408839802,28.184239512887817,384400
2023-09-08,AIQ,AI&Tech ETF,28.224079132080078,28.393383845557356,28.164325086013648,28.20416048354231,234000
2023-09-11,AIQ,AI&Tech ETF,28.582605361938477,28.62244075689489,28.333627969933946,28.502932672478895,381000
2023-09-12,AIQ,AI&Tech ETF,28.114526748657227,28.47305480226626,28.104567424996223,28.343585494219994,257100
2023-09-13,AIQ,AI&Tech ETF,28.1444034576416,28.263911537121352,28.004976731733006,28.164322104070454,394400
2023-09-14,AIQ,AI&Tech ETF,28.303749084472656,28.373462448053782,28.09460709418258,28.33362705438458,349500
2023-09-15,AIQ,AI&Tech ETF,27.86554718017578,28.234034528676247,27.805793142421813,28.16432116803885,248500
2023-09-18,AIQ,AI&Tech ETF,27.756000518798828,27.87550860331098,27.706203900629802,27.74604119516502,351000
2023-09-19,AIQ,AI&Tech ETF,27.686283111572266,27.736079725889063,27.487102352944902,27.696242434435625,268800
2023-09-20,AIQ,AI&Tech ETF,27.347675323486328,27.843639373385027,27.307839929261885,27.765957410349948,223500
2023-09-21,AIQ,AI&Tech ETF,26.750131607055664,27.04890371766735,26.73021295980242,26.989149675454364,293400
2023-09-22,AIQ,AI&Tech ETF,26.839759826660156,27.098694606167925,26.7999225377842,27.08873718349542,337100
2023-09-25,AIQ,AI&Tech ETF,26.81984519958496,26.899517889724613,26.610703200751644,26.670459143016462,214900
2023-09-26,AIQ,AI&Tech ETF,26.42148208618164,26.73021352697069,26.35176681931604,26.710294879294803,354300
2023-09-27,AIQ,AI&Tech ETF,26.550949096679688,26.6604997576986,26.25217698423309,26.560908420367475,310300
2023-09-28,AIQ,AI&Tech ETF,26.71029281616211,26.849719540030243,26.306950679387388,26.39160207615114,269200
2023-09-29,AIQ,AI&Tech ETF,26.7999267578125,27.17837346353993,26.750132038423157,27.048904153852785,218100
2023-10-02,AIQ,AI&Tech ETF,26.959272384643555,27.038945076119596,26.740172957971144,26.780008353935763,228600
2023-10-03,AIQ,AI&Tech ETF,26.46131706237793,26.90847986819398,26.336828365697908,26.740172426778013,521700
2023-10-04,AIQ,AI&Tech ETF,26.73021125793457,26.808888579892912,26.471274558768688,26.580825212139885,235900
2023-10-05,AIQ,AI&Tech ETF,26.770048141479492,26.799926112121316,26.47525938275775,26.78996678857404,433300
2023-10-06,AIQ,AI&Tech ETF,27.27796173095703,27.347675094927215,26.51111282773829,26.600742938880884,549800
2023-10-09,AIQ,AI&Tech ETF,27.268003463745117,27.35763547790605,26.899517982902857,26.979190673318488,503000
2023-10-10,AIQ,AI&Tech ETF,27.4970645904541,27.730106691609667,27.337719206843207,27.377554602972527,369500
2023-10-11,AIQ,AI&Tech ETF,27.66636848449707,27.775917245291694,27.467185811066706,27.65640916087088,336900
2023-10-12,AIQ,AI&Tech ETF,27.447263717651367,27.805791724992055,27.269992338274776,27.73607836790837,254800
2023-10-13,AIQ,AI&Tech ETF,26.999107360839844,27.437306176541895,26.890552069579254,27.437306176541895,232200
2023-10-16,AIQ,AI&Tech ETF,27.317800521850586,27.372575853557358,26.96923178334578,27.009069078967727,514200
2023-10-17,AIQ,AI&Tech ETF,27.30784034729004,27.427350330886267,26.949312296048102,27.00906823761959,452700
2023-10-18,AIQ,AI&Tech ETF,26.7999267578125,27.19032351235653,26.730213390848707,27.098698873242128,276800
2023-10-19,AIQ,AI&Tech ETF,26.67045783996582,27.043923912913854,26.610701900620526,26.90947589870696,305600
2023-10-20,AIQ,AI&Tech ETF,26.172504425048828,26.620662595957956,26.152585777573726,26.590786524292078,268200
2023-10-23,AIQ,AI&Tech ETF,26.192420959472656,26.451357675897953,25.843854129233563,26.04303490372065,289100
2023-10-24,AIQ,AI&Tech ETF,26.46131706237793,26.53103042859126,26.2222989926979,26.32189032995127,475100
2023-10-25,AIQ,AI&Tech ETF,25.744264602661133,26.272095496740615,25.67455123171078,26.272095496740615,577200
2023-10-26,AIQ,AI&Tech ETF,25.395694732666016,25.873730883507317,25.286144069101496,25.664590779844303,293700
2023-10-27,AIQ,AI&Tech ETF,25.564998626708984,25.823935341728575,25.505244584641925,25.74426265245691,237500
2023-10-30,AIQ,AI&Tech ETF,25.903608322143555,26.003199659739177,25.694466323238075,25.8637710272866,330500
2023-10-31,AIQ,AI&Tech ETF,26.052995681762695,26.062955005975034,25.69446760830596,25.863772320821987,164100
2023-11-01,AIQ,AI&Tech ETF,26.431440353393555,26.441397777286646,26.06693633377412,26.09283095462696,213500
2023-11-02,AIQ,AI&Tech ETF,27.038944244384766,27.078781538670764,26.80988550088049,26.959271555359507,416300
2023-11-03,AIQ,AI&Tech ETF,27.4970645904541,27.60661335446984,27.238127867199694,27.297881911167078,362900
2023-11-06,AIQ,AI&Tech ETF,27.59665298461914,27.676327572951678,27.38751288888644,27.646449602326975,281700
2023-11-07,AIQ,AI&Tech ETF,27.86554718017578,27.94521986369661,27.556815768975895,27.636488452496724,307100
2023-11-08,AIQ,AI&Tech ETF,27.89542579650879,27.96513915876481,27.728111827547682,27.88546647339412,190100
2023-11-09,AIQ,AI&Tech ETF,27.66636848449707,28.054772608184855,27.626531189992296,27.975099918722062,234000
2023-11-10,AIQ,AI&Tech ETF,28.134445190429688,28.134445190429688,27.65640905547467,27.716163097457358,216300
2023-11-13,AIQ,AI&Tech ETF,28.12448501586914,28.20116971567689,27.905385602197477,27.985058288945964,246200
2023-11-14,AIQ,AI&Tech ETF,28.89133644104004,28.941131159010204,28.57762439909716,28.652318375599137,334300
2023-11-15,AIQ,AI&Tech ETF,29.100475311279297,29.24886599600519,28.971007910277457,29.1502719267005,430300
2023-11-16,AIQ,AI&Tech ETF,29.03076171875,29.10047508023956,28.82162163428132,28.93117038824493,352700
2023-11-17,AIQ,AI&Tech ETF,29.130353927612305,29.180148644592965,28.96104923051269,29.060640564020705,255600
2023-11-20,AIQ,AI&Tech ETF,29.528715133666992,29.578511746436366,29.140311051798623,29.180146442467574,444200
2023-11-21,AIQ,AI&Tech ETF,29.339494705200195,29.468964011655387,29.219986621830348,29.389291322893246,348000
2023-11-22,AIQ,AI&Tech ETF,29.459003448486328,29.65818611178348,29.349452793718232,29.50879816453729,618100
2023-11-24,AIQ,AI&Tech ETF,29.439085006713867,29.449044329902563,29.349452997562285,29.39924961350576,167400
2023-11-27,AIQ,AI&Tech ETF,29.48888397216797,29.608392060860705,29.34049327406281,29.4191706038394,467000
2023-11-28,AIQ,AI&Tech ETF,29.478923797607422,29.51776383033454,29.309619093888774,29.399251107595514,380400
2023-11-29,AIQ,AI&Tech ETF,29.578516006469727,29.81753408354755,29.562580708179144,29.678105447258705,459100
2023-11-30,AIQ,AI&Tech ETF,29.6083927154541,29.75777877939612,29.409211930047036,29.737862030538217,447200
2023-12-01,AIQ,AI&Tech ETF,29.777694702148438,29.797613348729985,29.36937194496021,29.488881924902792,352400
2023-12-04,AIQ,AI&Tech ETF,29.439085006713867,29.54863566224284,29.224964307023605,29.498840945846037,337000
2023-12-05,AIQ,AI&Tech ETF,29.429126739501953,29.468964033686174,29.201063359073476,29.249864614313168,313100
2023-12-06,AIQ,AI&Tech ETF,29.249860763549805,29.678100222371757,29.239901441314903,29.678100222371757,466900
2023-12-07,AIQ,AI&Tech ETF,29.598430633544922,29.623329891504426,29.339493927048874,29.40920918997013,418400
2023-12-08,AIQ,AI&Tech ETF,29.76773452758789,29.797612496605787,29.468962435595476,29.49884040461337,283500
2023-12-11,AIQ,AI&Tech ETF,29.996797561645508,30.016714309706977,29.707982869966134,29.77769623704825,414400
2023-12-12,AIQ,AI&Tech ETF,30.046588897705078,30.061526931955772,29.79761152927847,29.90716217924108,424000
2023-12-13,AIQ,AI&Tech ETF,30.335403442382812,30.39515938199503,29.857367322765175,30.06650931231457,433200
2023-12-14,AIQ,AI&Tech ETF,30.41507911682129,30.505706492398556,30.15614240120999,30.434995864524655,502400
2023-12-15,AIQ,AI&Tech ETF,30.51466941833496,30.673019439229346,30.39516133054257,30.464874698345934,420800
2023-12-18,AIQ,AI&Tech ETF,30.67401123046875,30.74372648970217,30.484789796903506,30.55450315659034,430500
2023-12-19,AIQ,AI&Tech ETF,30.91303253173828,30.922989955375602,30.713849867151858,30.753685260341143,394400
2023-12-20,AIQ,AI&Tech ETF,30.464872360229492,31.022581159400193,30.425035067658253,30.883154434494184,577600
2023-12-21,AIQ,AI&Tech ETF,30.96282958984375,30.9927075616554,30.683974218242138,30.82340285381635,503700
2023-12-22,AIQ,AI&Tech ETF,30.883153915405273,30.982745245612758,30.74372719284277,30.972785922637346,404100
2023-12-26,AIQ,AI&Tech ETF,31.12217140197754,31.19686537316092,30.98274468195159,31.112212079183315,402400
2023-12-27,AIQ,AI&Tech ETF,31.23172378540039,31.241683108746997,31.1022544814412,31.201845815360567,369000
2023-12-28,AIQ,AI&Tech ETF,31.240692138671875,31.340343848184837,31.205814325447076,31.340343848184837,407900
2023-12-29,AIQ,AI&Tech ETF,31.071285247802734,31.260623308519786,30.921808631741186,31.25065794735591,424300
2024-01-02,AIQ,AI&Tech ETF,30.333866119384766,30.762367152881893,30.16445877825098,30.762367152881893,478900
2024-01-03,AIQ,AI&Tech ETF,29.955188751220703,30.114630724425872,29.895398486443323,29.97511947304591,376400
2024-01-04,AIQ,AI&Tech ETF,29.795747756958008,30.014981902841765,29.696096045256144,29.895399468659868,341500
2024-01-05,AIQ,AI&Tech ETF,29.765850067138672,30.03191738803793,29.697090413172138,29.785778886572526,288600
2024-01-08,AIQ,AI&Tech ETF,30.438499450683594,30.443481180978832,29.853546237989523,29.865503531117085,554800
2024-01-09,AIQ,AI&Tech ETF,30.323902130126953,30.433519208966995,30.074773787816607,30.11463333422309,552900
2024-01-10,AIQ,AI&Tech ETF,30.53316879272461,30.602924423928346,30.269093360110915,30.39365753031713,367900
2024-01-11,AIQ,AI&Tech ETF,30.722503662109375,30.822155368029545,30.311939546053413,30.712538301447537,610300
2024-01-12,AIQ,AI&Tech ETF,30.762367248535156,30.931774590195705,30.692609719041013,30.81219215461836,351200
2024-01-16,AIQ,AI&Tech ETF,30.553098678588867,30.682646476443207,30.38369133572435,30.563064040015995,566500
2024-01-17,AIQ,AI&Tech ETF,30.284038543701172,30.323899987990178,29.905364326447,30.323899987990178,469200
2024-01-18,AIQ,AI&Tech ETF,30.682645797729492,30.711544014740085,30.41358674724373,30.573028725154188,641400
2024-01-19,AIQ,AI&Tech ETF,31.240692138671875,31.2456738688333,30.752400852826455,30.852050661641147,632900
2024-01-22,AIQ,AI&Tech ETF,31.330379486083984,31.559577094782618,31.280552679389718,31.360273669402215,765600
2024-01-23,AIQ,AI&Tech ETF,31.549612045288086,31.549612045288086,31.31144503882088,31.50975250023702,481700
2024-01-24,AIQ,AI&Tech ETF,31.788774490356445,32.10267671798164,31.738949584694556,31.978112553128597,617800
2024-01-25,AIQ,AI&Tech ETF,31.93825340270996,32.10566692243246,31.719021141068808,32.09769539312143,699500
2024-01-26,AIQ,AI&Tech ETF,31.728986740112305,31.90636752384654,31.659231106373433,31.7887770117887,638000
2024-01-29,AIQ,AI&Tech ETF,32.02793884277344,32.02793884277344,31.67517302143248,31.728985594487177,546800
2024-01-30,AIQ,AI&Tech ETF,31.808704376220703,31.998042434012604,31.733965118995453,31.998042434012604,430200
2024-01-31,AIQ,AI&Tech ETF,31.160972595214844,31.62933318072206,31.136060141856717,31.54961218955704,689100
2024-02-01,AIQ,AI&Tech ETF,31.50975227355957,31.555591415282954,31.21279096723713,31.3004834862773,435000
2024-02-02,AIQ,AI&Tech ETF,31.998044967651367,32.047869875947875,31.609403460284607,31.719020539375027,754200
2024-02-05,AIQ,AI&Tech ETF,31.998044967651367,32.077764060646416,31.68912445397807,31.978114244053394,607500
2024-02-06,AIQ,AI&Tech ETF,32.087730407714844,32.207310944494324,31.863514525380356,32.117624591560535,598100
2024-02-07,AIQ,AI&Tech ETF,32.28702926635742,32.31692344597157,32.027933705047545,32.15748148570248,637200
2024-02-08,AIQ,AI&Tech ETF,32.38668441772461,32.446476588229416,32.242189523385605,32.33685950966901,373200
2024-02-09,AIQ,AI&Tech ETF,32.855045318603516,32.904870224235864,32.54612482144836,32.55608828201618,1115800
2024-02-12,AIQ,AI&Tech ETF,32.745426177978516,33.07427357550739,32.67567055421795,32.91483160671234,602100
2024-02-13,AIQ,AI&Tech ETF,32.01299285888672,32.287035563451525,31.796750394617487,32.02793995160899,991200
2024-02-14,AIQ,AI&Tech ETF,32.745426177978516,32.765356899252446,32.36675007656662,32.43650570032718,679700
2024-02-15,AIQ,AI&Tech ETF,32.924800872802734,32.93476433334817,32.68065237337844,32.865008705340266,646100
2024-02-16,AIQ,AI&Tech ETF,32.496299743652344,32.974625677702655,32.4863324817407,32.96466221718762,599700
2024-02-20,AIQ,AI&Tech ETF,32.167449951171875,32.436509013760094,31.888427427627107,32.3667533828739,637400
2024-02-21,AIQ,AI&Tech ETF,32.017974853515625,32.0279383143555,31.738950432539816,31.958182684286143,537900
2024-02-22,AIQ,AI&Tech ETF,32.95469284057617,33.019464833258986,32.745425970619664,32.87497375738166,1604200
2024-02-23,AIQ,AI&Tech ETF,32.95469284057617,33.213788414100165,32.81617755978643,33.134065529509286,978500
2024-02-26,AIQ,AI&Tech ETF,33.06431198120117,33.22375395899263,32.99455635350469,33.07427544170212,805100
2024-02-27,AIQ,AI&Tech ETF,33.12410354614258,33.18389191085444,32.94473084921392,33.18389191085444,584600
2024-02-28,AIQ,AI&Tech ETF,32.874977111816406,32.98957401836336,32.80521767998322,32.964663465434214,721100
2024-02-29,AIQ,AI&Tech ETF,33.18388748168945,33.273573818183046,32.92479573259464,33.233712379431225,801700
2024-03-01,AIQ,AI&Tech ETF,33.79176712036133,33.841592026953734,33.32340463531998,33.35330262039279,883400
2024-03-04,AIQ,AI&Tech ETF,33.79176712036133,33.9761234562896,33.75190567452872,33.90138419570264,958200
2024-03-05,AIQ,AI&Tech ETF,33.06431198120117,33.512743731676096,32.86999218956147,33.512743731676096,1167600
2024-03-06,AIQ,AI&Tech ETF,33.41309356689453,33.66222192048342,33.20382666221515,33.542641375151916,690100
2024-03-07,AIQ,AI&Tech ETF,33.90138244628906,33.99106879408598,33.47288142919227,33.692115568561746,1200800
2024-03-08,AIQ,AI&Tech ETF,33.532676696777344,34.21030609806082,33.43302307811985,34.04089684704152,1074400
2024-03-11,AIQ,AI&Tech ETF,33.433021545410156,33.52270789739187,33.21877102686477,33.48284645175629,938400
2024-03-12,AIQ,AI&Tech ETF,34.10068893432617,34.110652395468975,33.52270935172553,33.801731880486194,748900
2024-03-13,AIQ,AI&Tech ETF,33.84158706665039,34.050853924503386,33.79176216736103,34.04089046520397,752100
2024-03-14,AIQ,AI&Tech ETF,33.56256866455078,33.911346803319745,33.35828161084567,33.87148915988658,755700
2024-03-15,AIQ,AI&Tech ETF,33.034420013427734,33.34333672782754,32.974627842222844,33.26361763428454,801100
2024-03-18,AIQ,AI&Tech ETF,33.353302001953125,33.511748015012614,33.2387012976585,33.46291907526191,647200
2024-03-19,AIQ,AI&Tech ETF,33.34333801269531,33.353305275645305,32.855048567261704,33.163965293565454,645000
2024-03-20,AIQ,AI&Tech ETF,33.84158706665039,33.861517786645365,33.36326119095948,33.472878250233755,857700
2024-03-21,AIQ,AI&Tech ETF,33.951210021972656,34.235216178778956,33.951210021972656,34.19037490205013,842000
2024-03-22,AIQ,AI&Tech ETF,33.89141845703125,33.98110481348783,33.76187445434709,33.831630086991446,530200
2024-03-25,AIQ,AI&Tech ETF,33.851558685302734,33.971139219270896,33.682149444234255,33.682149444234255,533100
2024-03-26,AIQ,AI&Tech ETF,33.851558685302734,34.161471347422086,33.83661159373129,34.09071975323906,537700
2024-03-27,AIQ,AI&Tech ETF,33.89141845703125,34.08075843254897,33.647273742776,34.08075843254897,602200
2024-03-28,AIQ,AI&Tech ETF,33.84158706665039,34.03092700590456,33.83162360735098,33.92130994663028,946300
2024-04-01,AIQ,AI&Tech ETF,34.05085754394531,34.26012822543892,33.871488647716795,34.085739158691375,1040100
2024-04-02,AIQ,AI&Tech ETF,33.851558685302734,33.88145286844562,33.54263818770529,33.84159142332402,613100
2024-04-03,AIQ,AI&Tech ETF,33.96117401123047,34.06580744824332,33.58249790485318,33.702078432668365,614900
2024-04-04,AIQ,AI&Tech ETF,33.502777099609375,34.39964061741969,33.47786654719039,34.39964061741969,855100
2024-04-05,AIQ,AI&Tech ETF,33.79176712036133,33.961176364451546,33.47786678757215,33.60243095475151,539500
2024-04-08,AIQ,AI&Tech ETF,33.81169509887695,33.96117360791811,33.692114572481856,33.93127562527204,384800
2024-04-09,AIQ,AI&Tech ETF,33.911346435546875,34.02096350694163,33.532674117960646,34.011000046540545,563300
2024-04-10,AIQ,AI&Tech ETF,33.502777099609375,33.62236143624853,33.363265841593694,33.472882916147924,684800
2024-04-11,AIQ,AI&Tech ETF,34.03092956542969,34.080754468466466,33.51274221077506,33.75190326591016,899600
2024-04-12,AIQ,AI&Tech ETF,33.24368667602539,33.672187729812045,33.183894505242314,33.672187729812045,721200
2024-04-15,AIQ,AI&Tech ETF,32.69560241699219,33.63232354119228,32.609899932382525,33.63232354119228,1267200
2024-04-16,AIQ,AI&Tech ETF,32.6756706237793,32.84507605287376,32.456436490695744,32.61587845983022,614100
2024-04-17,AIQ,AI&Tech ETF,32.30696105957031,32.85504644449809,32.22724196810603,32.85504644449809,880200
2024-04-18,AIQ,AI&Tech ETF,32.13755798339844,32.5461283359377,32.067802347701274,32.426547789227854,939700
2024-04-19,AIQ,AI&Tech ETF,31.35030746459961,31.968148446795833,31.23072693314728,31.958181185026817,789600
2024-04-22,AIQ,AI&Tech ETF,31.669193267822266,31.82863524331113,31.31044787262319,31.549610835856484,594400
2024-04-23,AIQ,AI&Tech ETF,32.21727752685547,32.28703315528791,31.8146849130909,31.858530221992247,473900
2024-04-24,AIQ,AI&Tech ETF,32.34682083129883,32.61587987867964,32.117623228284785,32.5560877121295,327400
2024-04-25,AIQ,AI&Tech ETF,32.0777587890625,32.13755095003031,31.479852384969256,31.689119246262273,465000
2024-04-26,AIQ,AI&Tech ETF,32.53615951538086,32.64577278099594,32.28902313167468,32.48135098187511,451100
2024-04-29,AIQ,AI&Tech ETF,32.645774841308594,32.67666879191982,32.44547545018561,32.675672825996344,263800
2024-04-30,AIQ,AI&Tech ETF,31.978113174438477,32.56605619602397,31.948218990739846,32.46640638276407,419400
2024-05-01,AIQ,AI&Tech ETF,31.858530044555664,32.491316228622956,31.75788236684966,31.88842612830234,318000
2024-05-02,AIQ,AI&Tech ETF,32.595947265625,32.62584524786399,32.03790228244842,32.386680396933784,368800
2024-05-03,AIQ,AI&Tech ETF,33.024452209472656,33.124105826513805,32.81518531578145,33.00452148606443,432100
2024-05-06,AIQ,AI&Tech ETF,33.532676696777344,33.532676696777344,33.203825457302926,33.23371964220174,613000
2024-05-07,AIQ,AI&Tech ETF,33.433021545410156,33.70208060135529,33.343335193428445,33.70208060135529,413700
2024-05-08,AIQ,AI&Tech ETF,33.23372268676758,33.27358413788231,32.94473666967879,33.00452504495368,576900
2024-05-09,AIQ,AI&Tech ETF,33.24368667602539,33.31344230790724,33.086236620607735,33.20382522883667,346700
2024-05-10,AIQ,AI&Tech ETF,33.273582458496094,33.48284936419049,33.16396537416178,33.42306099193324,407900
2024-05-13,AIQ,AI&Tech ETF,33.47288513183594,33.53267730411337,33.35330458867799,33.48284859318371,397000
2024-05-14,AIQ,AI&Tech ETF,33.69211959838867,33.70706669124319,33.393162535710445,33.393162535710445,458000
2024-05-15,AIQ,AI&Tech ETF,34.33985137939453,34.379712828342385,33.80572088824313,33.911350306697635,1032000
2024-05-16,AIQ,AI&Tech ETF,34.250160217285156,34.419569450859875,34.19037185364411,34.379708007501534,551700
2024-05-17,AIQ,AI&Tech ETF,34.18040466308594,34.27507464090947,34.01099923055589,34.150510481203334,437800
2024-05-20,AIQ,AI&Tech ETF,34.409603118896484,34.429533841114086,34.15051133286084,34.210303499513635,594700
2024-05-21,AIQ,AI&Tech ETF,34.33985137939453,34.34981864232999,34.15051519898774,34.200340109474055,452800
2024-05-22,AIQ,AI&Tech ETF,34.24020004272461,34.40960549115847,34.070790792893916,34.36974784537198,529300
2024-05-23,AIQ,AI&Tech ETF,34.040889739990234,34.68862482114088,33.8924110110757,34.68862482114088,836300
2024-05-24,AIQ,AI&Tech ETF,34.280059814453125,34.349815442916174,34.0209642218218,34.12061783490948,521500
2024-05-28,AIQ,AI&Tech ETF,34.449466705322266,34.479360889809136,34.24019981112058,34.46939742877911,596000
2024-05-29,AIQ,AI&Tech ETF,34.12062072753906,34.22027054767807,33.95619510305243,34.00103638169589,458500
2024-05-30,AIQ,AI&Tech ETF,33.31344223022461,33.89141800752594,33.21379241388201,33.88145454645041,1110900
2024-05-31,AIQ,AI&Tech ETF,33.24368667602539,33.482847756364045,32.61588218769197,33.482847756364045,783600
2024-06-03,AIQ,AI&Tech ETF,33.433021545410156,33.61239424937358,33.04438195395497,33.61239424937358,530600
2024-06-04,AIQ,AI&Tech ETF,33.532676696777344,33.572534342843475,33.27358108966474,33.43302307811985,366100
2024-06-05,AIQ,AI&Tech ETF,34.319915771484375,34.319915771484375,33.751903509690386,33.78180149284554,703200
2024-06-06,AIQ,AI&Tech ETF,34.33985137939453,34.41957427729023,34.22027083394798,34.379712828342385,652100
2024-06-07,AIQ,AI&Tech ETF,34.16047668457031,34.34483302424259,34.075773961503366,34.18040740789138,367400
2024-06-10,AIQ,AI&Tech ETF,34.389671325683594,34.409602047280494,34.050856661329234,34.080754644422804,385400
2024-06-11,AIQ,AI&Tech ETF,34.449466705322266,34.449466705322266,34.09072128589264,34.35978035046486,454500
2024-06-12,AIQ,AI&Tech ETF,35.0772705078125,35.21678176790308,34.87796707851308,34.93775924772193,665000
2024-06-13,AIQ,AI&Tech ETF,35.12709426879883,35.54562803541627,34.98758301325968,35.53566457490488,689700
2024-06-14,AIQ,AI&Tech ETF,35.24667739868164,35.25664466132397,35.03741049995539,35.13706031799735,568100
2024-06-17,AIQ,AI&Tech ETF,35.66521072387695,35.744929808478645,35.16695409057796,35.30646533967825,583700
2024-06-18,AIQ,AI&Tech ETF,35.82465744018555,35.86451888846507,35.655248185696024,35.69510963397555,734900
2024-06-20,AIQ,AI&Tech ETF,35.54562759399414,36.0538515058858,35.39615287979985,36.04388424410158,1011600
2024-06-21,AIQ,AI&Tech ETF,35.4061164855957,35.545627739975295,35.226743786708646,35.4061164855957,412900
2024-06-24,AIQ,AI&Tech ETF,34.9975471496582,35.47587309277146,34.9776164268539,35.3263983738342,873800
2024-06-25,AIQ,AI&Tech ETF,35.31643295288086,35.33636367672421,35.01747969802437,35.127096778464356,428700
2024-06-26,AIQ,AI&Tech ETF,35.38618469238281,35.40611541403335,35.18688507867037,35.28653488552659,500100
2024-06-27,AIQ,AI&Tech ETF,35.55879211425781,35.618656771832555,35.32931663589595,35.40913617932894,565500
2024-06-28,AIQ,AI&Tech ETF,35.5488166809082,35.9379274412973,35.42908736539977,35.63861176453687,443400
2024-07-01,AIQ,AI&Tech ETF,35.70845031738281,35.72840520238169,35.279429804919864,35.61865523789045,731800
2024-07-02,AIQ,AI&Tech ETF,36.01774215698242,36.01774215698242,35.53385045971928,35.62863140763412,435300
2024-07-03,AIQ,AI&Tech ETF,36.44676208496094,36.46671696998864,36.06763068745012,36.10753665150036,344900
2024-07-05,AIQ,AI&Tech ETF,36.75606155395508,36.75606155395508,36.44676650750284,36.56649583219729,492500
2024-07-08,AIQ,AI&Tech ETF,36.69619369506836,36.7161485807792,36.5764681868086,36.676238809357514,539100
2024-07-09,AIQ,AI&Tech ETF,36.656288146972656,36.82589896843785,36.54653817731621,36.69619411284337,557500
2024-07-10,AIQ,AI&Tech ETF,36.94562911987305,36.97556335554365,36.60640362831739,36.736108500207855,644000
2024-07-11,AIQ,AI&Tech ETF,36.42681121826172,37.09528661941272,36.32704058812244,37.05537684495477,1073800
2024-07-12,AIQ,AI&Tech ETF,36.69619369506836,37.00548871457846,36.46671821840162,36.536558415386914,538100
2024-07-15,AIQ,AI&Tech ETF,36.75606155395508,37.09528702857812,36.59742343383971,36.87578707264392,455500
2024-07-16,AIQ,AI&Tech ETF,36.86581039428711,36.935650595200876,36.606400671459824,36.915695708367586,683700
2024-07-17,AIQ,AI&Tech ETF,35.638614654541016,36.267176484907615,35.608680420233824,36.267176484907615,683800
2024-07-18,AIQ,AI&Tech ETF,35.389183044433594,35.917974224821705,35.13975266787233,35.84813402386499,637100
2024-07-19,AIQ,AI&Tech ETF,35.020023345947266,35.45902324452793,34.98610422491669,35.29938795577282,332400
2024-07-22,AIQ,AI&Tech ETF,35.688499450683594,35.74237726564635,35.35426365283118,35.53883969934386,367200
2024-07-23,AIQ,AI&Tech ETF,35.55879211425781,35.76731553336931,35.421106066039634,35.588722540042525,412200
2024-07-24,AIQ,AI&Tech ETF,34.24180221557617,35.075895943661166,34.22184732848251,35.0399786692948,797700
2024-07-25,AIQ,AI&Tech ETF,34.12207794189453,34.77558434249184,33.713012256588435,34.23681378935532,513600
2024-07-26,AIQ,AI&Tech ETF,34.45132064819336,34.65086570053902,34.25177940185301,34.501209765783756,269900
2024-07-29,AIQ,AI&Tech ETF,34.34157180786133,34.7007521526882,34.28171095439381,34.600981526238705,455200
2024-07-30,AIQ,AI&Tech ETF,33.80280685424805,34.59100397859544,33.62321667249658,34.451323571901106,500300
2024-07-31,AIQ,AI&Tech ETF,34.920249938964844,35.04995479013388,34.58601417441886,34.710729352772304,631400
2024-08-01,AIQ,AI&Tech ETF,33.92253112792969,35.09984280685004,33.69305563878494,34.92025263169233,1022600
2024-08-02,AIQ,AI&Tech ETF,32.695335388183594,32.99465108958359,32.356109911662095,32.93478642690134,940900
2024-08-05,AIQ,AI&Tech ETF,31.777429580688477,32.171528119776426,30.77970809873909,30.87948062753457,1063800
2024-08-06,AIQ,AI&Tech ETF,32.03683853149414,32.47583462897197,31.597840531013546,31.87720324095625,722100
2024-08-07,AIQ,AI&Tech ETF,31.95701789855957,32.95473938205883,31.937063012168935,32.72526389757465,466800
2024-08-08,AIQ,AI&Tech ETF,33.05451583862305,33.08943594044418,32.25633936413588,32.38604042461117,389100
2024-08-09,AIQ,AI&Tech ETF,33.27401351928711,33.31392329634672,32.87492716670842,32.93478802629202,254400
2024-08-12,AIQ,AI&Tech ETF,33.264034271240234,33.4196770560205,33.054513674033956,33.35382935661512,682400
2024-08-13,AIQ,AI&Tech ETF,33.95246124267578,33.98239547559693,33.51346515522203,33.52344069552544,246100
2024-08-14,AIQ,AI&Tech ETF,34.012325286865234,34.122075258243484,33.69305471885872,34.06221059949024,214700
2024-08-15,AIQ,AI&Tech ETF,34.80052947998047,34.870369685505764,34.391463787901245,34.391463787901245,278400
2024-08-16,AIQ,AI&Tech ETF,35.0998420715332,35.15970673066682,34.740661728742346,34.80052638787596,248900
2024-08-19,AIQ,AI&Tech ETF,35.498931884765625,35.498931884765625,34.98011626137553,35.049956460100596,232700
2024-08-20,AIQ,AI&Tech ETF,35.349273681640625,35.55580276658709,35.199613931562034,35.42908942394514,243100
2024-08-21,AIQ,AI&Tech ETF,35.56877136230469,35.618656673810364,35.324326865717865,35.40913608188335,265200
2024-08-22,AIQ,AI&Tech ETF,34.940208435058594,35.69847512316704,34.900298660419836,35.63861426721449,436500
2024-08-23,AIQ,AI&Tech ETF,35.44904327392578,35.58872367337636,35.15970693478049,35.314352547599995,202100
2024-08-26,AIQ,AI&Tech ETF,35.10981750488281,35.34927233468321,34.96016156651229,35.319341908210184,243000
2024-08-27,AIQ,AI&Tech ETF,35.169681549072266,35.19961197502211,34.79054632768446,34.900296297507666,340800
2024-08-28,AIQ,AI&Tech ETF,34.720706939697266,35.139751942796444,34.44134614163476,35.12977259657683,330000
2024-08-29,AIQ,AI&Tech ETF,34.81050109863281,35.279431402326054,34.77558099980493,34.910275528144844,334800
2024-08-30,AIQ,AI&Tech ETF,35.26945495605469,35.299389190372004,34.880344163980276,35.24950387451732,250200
2024-09-03,AIQ,AI&Tech ETF,34.25178146362305,35.04995791504624,34.082166826817506,35.04995791504624,276300
2024-09-04,AIQ,AI&Tech ETF,34.15200424194336,34.38147971512903,33.94248365416581,33.94248365416581,240300
2024-09-05,AIQ,AI&Tech ETF,34.19191360473633,34.4213890751836,33.922528363949056,34.032278329381484,288100
2024-09-06,AIQ,AI&Tech ETF,33.27401351928711,34.21686011778705,33.18421842390588,34.18194001436134,330100
2024-09-09,AIQ,AI&Tech ETF,33.64316940307617,33.81677272683835,33.42366946034027,33.62321451682696,217400
2024-09-10,AIQ,AI&Tech ETF,33.94248580932617,33.952461349661014,33.52344080115881,33.8227602952807,248600
2024-09-11,AIQ,AI&Tech ETF,34.58102798461914,34.635902973102105,33.47754898019035,34.02230255915877,275300
2024-09-12,AIQ,AI&Tech ETF,34.93022537231445,35.0100449131003,34.51617387400473,34.640889051978725,245600
2024-09-13,AIQ,AI&Tech ETF,35.01005172729492,35.08887030405742,34.900301740355744,34.980121296677304,204800
2024-09-16,AIQ,AI&Tech ETF,35.11979675292969,35.14972717931909,34.845421824342154,35.00007124136667,166100
2024-09-17,AIQ,AI&Tech ETF,35.07988739013672,35.43906773502636,35.000071650164266,35.32931776230948,347400
2024-09-18,AIQ,AI&Tech ETF,34.96015930175781,35.439065124329204,34.856396183233755,35.189634770531285,172000
2024-09-19,AIQ,AI&Tech ETF,35.927947998046875,35.96785776977495,35.54083539150158,35.70845186555311,403300
2024-09-20,AIQ,AI&Tech ETF,35.818199157714844,35.88105533078623,35.49892861976349,35.788264928153446,194000
2024-09-23,AIQ,AI&Tech ETF,36.037696838378906,36.07261693604573,35.87905873583383,35.91797133295052,356100
2024-09-24,AIQ,AI&Tech ETF,36.566497802734375,36.566497802734375,36.06763700764117,36.32704294644707,251000
2024-09-25,AIQ,AI&Tech ETF,36.45674514770508,36.616380438198355,36.346995171864904,36.436790260642724,292900
2024-09-26,AIQ,AI&Tech ETF,37.23496627807617,37.43451134036279,36.77601529902081,37.38462602629251,375800
2024-09-27,AIQ,AI&Tech ETF,37.14516830444336,37.354688890863635,37.05537322369107,37.354688890863635,251900
2024-09-30,AIQ,AI&Tech ETF,37.08530807495117,37.165127625593556,36.716152168244314,37.01546787114192,240400
2024-10-01,AIQ,AI&Tech ETF,36.63633728027344,37.05637568643288,36.36695199956487,37.05537851292738,302000
2024-10-02,AIQ,AI&Tech ETF,37.005489349365234,37.04539912147152,36.626354126366195,36.736104096655815,258100
2024-10-03,AIQ,AI&Tech ETF,36.88576126098633,37.07532695623381,36.676236875075325,36.676236875075325,124700
2024-10-04,AIQ,AI&Tech ETF,37.47441864013672,37.47441864013672,37.135193198445194,37.3746442125773,178600
2024-10-07,AIQ,AI&Tech ETF,37.304805755615234,37.484395927590285,37.106261676624634,37.43451061448731,355400
2024-10-08,AIQ,AI&Tech ETF,37.36466979980469,37.39460022597264,37.0054894617678,37.015465001821994,266200
2024-10-09,AIQ,AI&Tech ETF,37.6440315246582,37.703896184480456,37.17510120439752,37.21501097761236,407400
2024-10-10,AIQ,AI&Tech ETF,37.69391632080078,37.7936907524684,37.34970499806235,37.544260382307456,191800
2024-10-11,AIQ,AI&Tech ETF,37.883487701416016,37.9383626900311,37.54426222907076,37.58416819769534,211800
2024-10-14,AIQ,AI&Tech ETF,38.00320816040039,38.10297877768898,37.84656440913211,37.943343506424185,481100
2024-10-15,AIQ,AI&Tech ETF,37.33473205566406,37.923387819628005,37.22498590136994,37.923387819628005,342600
2024-10-16,AIQ,AI&Tech ETF,37.4544677734375,37.484398201914196,37.196055213435756,37.35469333517242,212400
2024-10-17,AIQ,AI&Tech ETF,37.37464141845703,37.67894673925427,37.29981155488304,37.67395706674802,217600
2024-10-18,AIQ,AI&Tech ETF,37.68394088745117,37.74480272004013,37.58516743492485,37.7138713140336,190600
2024-10-21,AIQ,AI&Tech ETF,37.56421661376953,37.65301072302603,37.28485200110189,37.55423726724272,229700
2024-10-22,AIQ,AI&Tech ETF,37.4544677734375,37.55423840569692,37.30480801904271,37.32476290669573,229800
2024-10-23,AIQ,AI&Tech ETF,36.92566680908203,37.374642193835484,36.75605600040019,37.28484711688479,305500
2024-10-24,AIQ,AI&Tech ETF,37.22499084472656,37.23496638516711,36.985536008092836,37.07533109607979,223600
2024-10-25,AIQ,AI&Tech ETF,37.27487564086914,37.683941301345264,37.22499032734873,37.39460115451922,208600
2024-10-28,AIQ,AI&Tech ETF,37.35469055175781,37.65300905883129,37.35469055175781,37.6240758059923,235900
2024-10-29,AIQ,AI&Tech ETF,37.73382568359375,37.78371099588299,37.35469045938586,37.464440430025405,328400
2024-10-30,AIQ,AI&Tech ETF,37.39460372924805,37.75378410093438,37.364673300276095,37.594148803074425,181100
2024-10-31,AIQ,AI&Tech ETF,36.486671447753906,37.01546257406755,36.436786138744054,37.01546257406755,601700
2024-11-01,AIQ,AI&Tech ETF,36.845855712890625,37.071338703953565,36.61638022203657,36.746085084173394,283700
2024-11-04,AIQ,AI&Tech ETF,36.845855712890625,37.095286090689235,36.70218281049317,36.81592528547656,189800
2024-11-05,AIQ,AI&Tech ETF,37.33473205566406,37.35069824665639,37.05537128836084,37.05537128836084,222300
2024-11-06,AIQ,AI&Tech ETF,38.172821044921875,38.222710162281736,37.64303272036759,37.81364451956582,456400
2024-11-07,AIQ,AI&Tech ETF,39.00093078613281,39.07077098163634,38.59186515275276,38.60184069239389,476700
2024-11-08,AIQ,AI&Tech ETF,38.68165969848633,38.74152435352066,38.56193419442282,38.70161458349777,386500
2024-11-11,AIQ,AI&Tech ETF,38.86125183105469,38.91113714311402,38.641751890787205,38.84129694502988,328800
2024-11-12,AIQ,AI&Tech ETF,38.68165969848633,38.833313779769185,38.45218422986245,38.721569468509216,1521800
2024-11-13,AIQ,AI&Tech ETF,38.661705017089844,38.87122560180573,38.541979512395784,38.69163544176207,282000
2024-11-14,AIQ,AI&Tech ETF,38.28257369995117,38.72157360509049,38.20275795738392,38.681663830804084,292700
2024-11-15,AIQ,AI&Tech ETF,37.6440315246582,38.03314229848921,37.504351124411734,37.93337167145758,513200
2024-11-18,AIQ,AI&Tech ETF,37.7936897277832,37.93337012232537,37.60412021575714,37.8036652676768,289300
2024-11-19,AIQ,AI&Tech ETF,38.06307601928711,38.083027099620644,37.44448596079628,37.45446530696845,289900
2024-11-20,AIQ,AI&Tech ETF,38.10298156738281,38.112960913445356,37.67396103082215,38.112960913445356,487000
2024-11-21,AIQ,AI&Tech ETF,38.41227722167969,38.57989370062125,38.01318710476656,38.342437022120706,440900
2024-11-22,AIQ,AI&Tech ETF,38.601844787597656,38.65173390911158,38.29255354784276,38.37735896480745,399500
2024-11-25,AIQ,AI&Tech ETF,38.751502990722656,39.08074910471772,38.621798130782565,38.911138277569904,290100
2024-11-26,AIQ,AI&Tech ETF,38.83131790161133,38.973993625098075,38.716582063581306,38.80138747534356,354500
2024-11-27,AIQ,AI&Tech ETF,38.49209976196289,38.861255674922546,38.246658064985354,38.85127632792039,326700
2024-11-29,AIQ,AI&Tech ETF,38.73154830932617,38.7405266762448,38.37236796051547,38.37236796051547,148400
2024-12-02,AIQ,AI&Tech ETF,39.030860900878906,39.107685115322255,38.761475660646745,38.84129520116228,290500
2024-12-03,AIQ,AI&Tech ETF,39.060794830322266,39.060794830322266,38.73154493724277,38.73154493724277,323000
2024-12-04,AIQ,AI&Tech ETF,39.77915573120117,39.839020392253886,39.43594157011335,39.49979492496625,501800
2024-12-05,AIQ,AI&Tech ETF,39.63947677612305,39.88890716394613,39.594581133197615,39.8789316230757,378900
2024-12-06,AIQ,AI&Tech ETF,40.16826248168945,40.16826248168945,39.71929088987288,39.84899193346182,441200
2024-12-09,AIQ,AI&Tech ETF,40.15829086303711,40.55738099028938,40.01861046030047,40.5074918698787,444200
2024-12-10,AIQ,AI&Tech ETF,39.699337005615234,40.011623542260175,39.55965661299517,39.82903805247373,461700
2024-12-11,AIQ,AI&Tech ETF,40.248085021972656,40.2879947949774,39.91883510369164,40.008630189949606,490500
2024-12-12,AIQ,AI&Tech ETF,39.96872329711914,40.158289005492456,39.93380319805023,40.04853903527436,435900
2024-12-13,AIQ,AI&Tech ETF,40.04854202270508,40.2411030716515,39.77915675007634,40.13833711358133,461500
2024-12-16,AIQ,AI&Tech ETF,40.477561950683594,40.51347922526607,40.068496277816166,40.18822179509294,594000
2024-12-17,AIQ,AI&Tech ETF,40.407718658447266,40.52744416656859,40.26803826463817,40.32789911569619,549700
2024-12-18,AIQ,AI&Tech ETF,38.91114044189453,40.46160058281683,38.79141492160106,40.39774722572735,598100
2024-12-19,AIQ,AI&Tech ETF,38.88120651245117,39.42995255422653,38.831317394649055,39.310227044713166,790400
2024-12-20,AIQ,AI&Tech ETF,39.16057205200195,39.579613289115116,38.47214553131356,38.59187105534506,607300
2024-12-23,AIQ,AI&Tech ETF,39.409996032714844,39.42097255161704,38.901159783896745,39.20047544826063,612400
2024-12-24,AIQ,AI&Tech ETF,39.85897445678711,39.85897445678711,39.44990879638176,39.44990879638176,203000
2024-12-26,AIQ,AI&Tech ETF,39.839019775390625,39.928814862576544,39.58958940054145,39.739249147853144,505400
2024-12-27,AIQ,AI&Tech ETF,39.3202018737793,39.62949689093602,38.98696327755493,39.62949689093602,437800
2024-12-30,AIQ,AI&Tech ETF,38.802242279052734,39.019804793483786,38.47290044136395,38.66252288381555,480000
2024-12-31,AIQ,AI&Tech ETF,38.562721252441406,38.95194066209968,38.44296231263918,38.93198020428797,399100
2025-01-02,AIQ,AI&Tech ETF,38.383079528808594,38.88207953456139,38.15353998301046,38.782281056238,465300
2025-01-03,AIQ,AI&Tech ETF,39.05174255371094,39.07170301131951,38.55772979380195,38.68247979855448,353400
2025-01-06,AIQ,AI&Tech ETF,39.51082229614258,39.85014246683683,39.31721004198482,39.630581236661705,662200
2025-01-07,AIQ,AI&Tech ETF,38.882080078125,39.660522686788006,38.70243976897722,39.550742074856814,709100
2025-01-08,AIQ,AI&Tech ETF,38.842159271240234,38.99285825011206,38.56072557797727,38.89206231830602,705000
2025-01-10,AIQ,AI&Tech ETF,38.12360382080078,38.69944953198994,37.894064259228564,38.40304262496379,774900
2025-01-13,AIQ,AI&Tech ETF,37.92400360107422,37.94396405981771,37.56372550595092,37.67450357738294,364400
2025-01-14,AIQ,AI&Tech ETF,38.023799896240234,38.38308051877963,37.82420293444547,38.35314173592402,363100
2025-01-15,AIQ,AI&Tech ETF,38.89206314086914,38.98188329759206,38.55274297181232,38.70244069497182,723800
2025-01-16,AIQ,AI&Tech ETF,38.802242279052734,39.10164152699927,38.772299689310486,39.071702744325016,314500
2025-01-17,AIQ,AI&Tech ETF,39.38108444213867,39.56072477113522,39.26930891424186,39.534775792996776,356200
2025-01-21,AIQ,AI&Tech ETF,39.99984359741211,40.04974283820661,39.490861442931305,39.85014206796057,719000
2025-01-22,AIQ,AI&Tech ETF,40.558719635009766,40.73835994065653,40.474887999983665,40.62658442728839,1609700
2025-01-23,AIQ,AI&Tech ETF,40.72838592529297,40.72838592529297,40.30423283220466,40.349144816902566,958200
2025-01-24,AIQ,AI&Tech ETF,40.67848205566406,40.89804329406255,40.55073968860166,40.86810450957847,1042100
2025-01-27,AIQ,AI&Tech ETF,39.580684661865234,40.03976380400616,39.231386142207654,39.53078541720963,1127100
2025-01-28,AIQ,AI&Tech ETF,40.3192024230957,40.369101662796304,39.3511411832186,39.790259822479044,783700
2025-01-29,AIQ,AI&Tech ETF,40.079681396484375,40.409023236603446,39.84015971211887,40.389062778983984,660900
2025-01-30,AIQ,AI&Tech ETF,40.52878189086914,40.67847961136267,40.2194005105404,40.33915944834882,901700
2025-01-31,AIQ,AI&Tech ETF,40.369102478027344,41.01780022137117,40.22938308121692,40.62858081395127,590000
2025-02-03,AIQ,AI&Tech ETF,39.979881286621094,40.16949991567863,39.287269044422644,39.43097824211902,1054800
2025-02-04,AIQ,AI&Tech ETF,40.848140716552734,40.88806163065166,40.30921979742099,40.31920192947967,873700
2025-02-05,AIQ,AI&Tech ETF,40.937965393066406,40.9419552006764,40.488864577501154,40.65852657763395,909200
2025-02-06,AIQ,AI&Tech ETF,41.07767868041992,41.1475383738693,40.76829731866712,40.93795929352116,1324900
2025-02-07,AIQ,AI&Tech ETF,40.73836135864258,41.49185245538405,40.67847998565339,41.29724275200423,755900
2025-02-10,AIQ,AI&Tech ETF,41.52678298950195,41.56271029106087,41.225385023006666,41.27728297520027,689700
2025-02-11,AIQ,AI&Tech ETF,41.31720733642578,41.486865532905206,41.18746625219136,41.18746625219136,634800
2025-02-12,AIQ,AI&Tech ETF,41.46689987182617,41.55472512188561,40.81820214616065,40.90802229981501,846900
2025-02-13,AIQ,AI&Tech ETF,42.08565902709961,42.08565902709961,41.54674190952921,41.621592672462526,710300
2025-02-14,AIQ,AI&Tech ETF,42.32518005371094,42.34014944465293,41.99085096578007,42.22538157605237,1101200
2025-02-18,AIQ,AI&Tech ETF,42.68446350097656,42.69444182657833,42.32518286622288,42.634564258831475,1801200
2025-02-19,AIQ,AI&Tech ETF,42.38506317138672,42.594642267347936,42.21540118389331,42.55472135181207,871500
2025-02-20,AIQ,AI&Tech ETF,42.14554214477539,42.45492353441779,41.831173495914,42.34514291851022,884100
2025-02-21,AIQ,AI&Tech ETF,41.15752410888672,42.314202766152036,41.05772181874436,42.29524356703287,679900
2025-02-24,AIQ,AI&Tech ETF,40.22938537597656,41.08766226349375,40.019802461737896,41.08766226349375,882300
2025-02-25,AIQ,AI&Tech ETF,39.68048095703125,40.20942358092396,39.334174812233414,40.20942358092396,1264000
2025-02-26,AIQ,AI&Tech ETF,40.009822845458984,40.44894150447289,39.82319655878774,40.139563920171234,674000
2025-02-27,AIQ,AI&Tech ETF,38.852142333984375,40.31920362887718,38.82220355068226,40.23936179731411,567800
2025-02-28,AIQ,AI&Tech ETF,38.99186325073242,39.026793101634624,38.18348180647936,38.44296396209708,779000
2025-03-03,AIQ,AI&Tech ETF,38.18347930908203,39.55074208541255,37.93397930265108,39.520799495834616,1311100
2025-03-04,AIQ,AI&Tech ETF,38.21342086791992,38.88207903972635,37.305241021290556,37.9040394977461,1466600
2025-03-05,AIQ,AI&Tech ETF,39.16152572631836,39.23637268840688,38.30324502839949,38.59266216496773,780600
2025-03-06,AIQ,AI&Tech ETF,37.973899841308594,39.011820771478774,37.86411923043529,38.49286030639369,773500
2025-03-07,AIQ,AI&Tech ETF,38.373104095458984,38.40803394621115,37.35015248375273,37.864121919278084,830500
2025-03-10,AIQ,AI&Tech ETF,36.53678512573242,37.51482478978751,36.20744325762729,37.42500462640142,1238100
2025-03-11,AIQ,AI&Tech ETF,36.76632308959961,37.23538434533534,36.32720442506219,36.61662155481258,1087500
2025-03-12,AIQ,AI&Tech ETF,37.38507843017578,37.66452101407757,36.86611798243567,37.44495979966926,639000
2025-03-13,AIQ,AI&Tech ETF,36.55674362182617,37.1256033570323,36.39307014846896,37.1156212243764,652300
2025-03-14,AIQ,AI&Tech ETF,37.624603271484375,37.67450251339976,37.11063384632651,37.14556369637409,681100
2025-03-17,AIQ,AI&Tech ETF,38.2234001159668,38.43597536956452,37.7224052009025,37.79425980155088,486500
2025-03-18,AIQ,AI&Tech ETF,37.6146240234375,37.92899650504233,37.325206875306314,37.9240054383476,740700
2025-03-19,AIQ,AI&Tech ETF,38.07370376586914,38.37310302209412,37.57470373647147,37.79426116060014,355900
2025-03-20,AIQ,AI&Tech ETF,37.674503326416016,38.00084902020827,37.40504284577625,37.43498163015793,383200
2025-03-21,AIQ,AI&Tech ETF,37.764320373535156,37.80424128746533,37.11561884690742,37.18547854275128,573800
2025-03-24,AIQ,AI&Tech ETF,38.52280044555664,38.57270349376081,38.22140628800555,38.323203481012214,750900
2025-03-25,AIQ,AI&Tech ETF,38.61262130737305,38.73238405676787,38.502844497696664,38.58268252355841,867000
2025-03-26,AIQ,AI&Tech ETF,37.84416198730469,38.652543439334096,37.69446425645586,38.602644195717815,402500
2025-03-27,AIQ,AI&Tech ETF,37.544761657714844,37.98388412609453,37.45494149891611,37.71442364969831,328000
2025-03-28,AIQ,AI&Tech ETF,36.466922760009766,37.285282496877734,36.34716001285733,37.18548020758404,2059300
2025-03-31,AIQ,AI&Tech ETF,36.30724334716797,36.35714258888957,35.285289211913536,35.67850224168508,854700
2025-04-01,AIQ,AI&Tech ETF,36.64656448364258,36.71143311887825,35.957941985759646,36.29726216827738,652400
2025-04-02,AIQ,AI&Tech ETF,36.91602325439453,37.175501590385274,36.03478598830124,36.09765971688211,472700
2025-04-03,AIQ,AI&Tech ETF,34.76034164428711,35.548758746762424,34.74038118754411,35.3192192048197,1328600
2025-04-04,AIQ,AI&Tech ETF,32.335201263427734,33.58270125342004,32.11564004692738,33.34817064617063,1628200
2025-04-07,AIQ,AI&Tech ETF,32.10565948486328,33.6485689793842,30.538801628920407,30.868141566240173,2125000
2025-04-08,AIQ,AI&Tech ETF,31.437000274658203,33.59268014120919,30.957960727321083,33.31324135702952,1032600
2025-04-09,AIQ,AI&Tech ETF,35.26932144165039,35.40904083762736,31.39708023411089,31.446981378055526,1129600
2025-04-10,AIQ,AI&Tech ETF,33.74238586425781,34.55076353539177,32.854162548029784,34.50086429015991,875700
2025-04-11,AIQ,AI&Tech ETF,34.381103515625,34.43100275820877,33.330208030438584,33.792283316172906,400100
2025-04-14,AIQ,AI&Tech ETF,34.66054153442383,35.269322178529556,34.31623029638119,35.259343853066156,450600
2025-04-15,AIQ,AI&Tech ETF,34.790283203125,35.049761547362074,34.630603343501846,34.6805025858088,309800
2025-04-16,AIQ,AI&Tech ETF,33.83220291137695,34.44097973842551,33.36314167386391,33.961940175612796,435100
2025-04-17,AIQ,AI&Tech ETF,33.83220291137695,34.25136110118757,33.688489900412726,34.17152307758613,318100
2025-04-21,AIQ,AI&Tech ETF,33.16353988647461,33.68250034869525,32.784298816569546,33.53279882431833,515100
2025-04-22,AIQ,AI&Tech ETF,34.04178237915039,34.29128239212327,33.48290097954664,33.592681594385596,350600
2025-04-23,AIQ,AI&Tech ETF,35.01982498168945,35.70844370610894,34.85016297861693,35.23938623022975,439800
2025-04-24,AIQ,AI&Tech ETF,36.12760543823242,36.20245620933564,35.07970606399251,35.08968439017437,339100
2025-04-25,AIQ,AI&Tech ETF,36.69646072387695,36.73538037900635,36.09765843527893,36.18747858821524,286500
2025-04-28,AIQ,AI&Tech ETF,36.72639846801758,36.896060444133134,36.190473727980255,36.68647755515888,313700
2025-04-29,AIQ,AI&Tech ETF,36.876102447509766,36.95594047148493,36.4689174847391,36.55674273747302,229000
2025-04-30,AIQ,AI&Tech ETF,36.796260833740234,36.91602358101222,35.91402991508446,36.16752354236862,380900
2025-05-01,AIQ,AI&Tech ETF,37.09566116333008,37.55973135302701,37.08568283763547,37.32520453205603,272600
2025-05-02,AIQ,AI&Tech ETF,38.083683013916016,38.243362874908755,37.70444191640769,37.70444191640769,354800
2025-05-05,AIQ,AI&Tech ETF,38.023799896240234,38.253343255026635,37.764321561666236,37.834181259708004,289100
2025-05-06,AIQ,AI&Tech ETF,37.70444107055664,37.95394108570234,37.32520378862421,37.454941055410934,305000
2025-05-07,AIQ,AI&Tech ETF,37.8142204284668,37.91302145656846,37.32520254700647,37.68447935892778,415400
2025-05-08,AIQ,AI&Tech ETF,38.23338317871094,38.55274288924895,37.95394057668914,38.12360256438824,360000
2025-05-09,AIQ,AI&Tech ETF,38.24335861206055,38.57270043012339,38.103639225149436,38.5128190612753,500100
2025-05-12,AIQ,AI&Tech ETF,39.84016036987305,39.920002201669064,39.396050649944925,39.890063418279595,808900
2025-05-13,AIQ,AI&Tech ETF,40.628578186035156,40.77827970554514,39.90003865902665,40.00981926572493,813200
2025-05-14,AIQ,AI&Tech ETF,40.908023834228516,41.08766034120726,40.67848047189353,40.91800215964531,559100
2025-05-15,AIQ,AI&Tech ETF,40.72838592529297,40.85812319871292,40.32918435782219,40.518803008483246,731900
2025-05-16,AIQ,AI&Tech ETF,40.848140716552734,40.88806163065166,40.538759342887936,40.77828102041357,394300
2025-05-19,AIQ,AI&Tech ETF,40.79824447631836,40.833174326955444,40.16950335778267,40.29924443460678,310300
2025-05-20,AIQ,AI&Tech ETF,40.6385612487793,40.76829850778786,40.4688992689766,40.72838140112946,654400
2025-05-21,AIQ,AI&Tech ETF,40.139564514160156,40.92798168552627,39.9798846533314,40.43896377733054,441400
2025-05-22,AIQ,AI&Tech ETF,40.219398498535156,40.483867884537965,39.97788192430483,40.06970078553037,371700
2025-05-23,AIQ,AI&Tech ETF,39.87010192871094,40.11960193601568,39.430979479331086,39.58068100654113,483300
2025-05-27,AIQ,AI&Tech ETF,40.70842361450195,40.73836239822653,40.22938403956815,40.39904222343157,471400
2025-05-28,AIQ,AI&Tech ETF,40.43896484375,40.77728758095243,40.37409620725735,40.70842532982977,357200
2025-05-29,AIQ,AI&Tech ETF,40.369102478027344,40.91800173995459,40.18946216582307,40.898041282257665,529000
2025-05-30,AIQ,AI&Tech ETF,40.219398498535156,40.33915743035254,39.570700794712145,40.299240324458616,715800
2025-06-02,AIQ,AI&Tech ETF,40.64854049682617,40.64854049682617,39.979882308531046,40.1495404851189,421200
2025-06-03,AIQ,AI&Tech ETF,40.878082275390625,40.957924109012026,40.52379270459901,40.648542714331334,417000
2025-06-04,AIQ,AI&Tech ETF,41.26729965209961,41.33715934952316,40.878080250148955,41.127580257252504,687700
2025-06-05,AIQ,AI&Tech ETF,41.11760330200195,41.74634440682982,40.86810328658576,41.38706377549961,879100
2025-06-06,AIQ,AI&Tech ETF,41.53676223754883,41.63656452972709,41.33716146026048,41.39704283556743,383800
2025-06-09,AIQ,AI&Tech ETF,41.81620407104492,41.95592347042835,41.53676146520995,41.60662116490167,739900
2025-06-10,AIQ,AI&Tech ETF,41.995845794677734,42.045745037978065,41.57668377540483,41.89604350100884,468000
2025-06-11,AIQ,AI&Tech ETF,42.02578353881836,42.405024631234895,41.88606413820915,42.12558202294833,548500
2025-06-12,AIQ,AI&Tech ETF,42.105621337890625,42.2453445448153,41.916002696237875,42.00582285429825,685500
2025-06-13,AIQ,AI&Tech ETF,41.51679992675781,41.906023138284795,41.357120073465204,41.47688281873566,749500
2025-06-16,AIQ,AI&Tech ETF,42.2353630065918,42.355121950001624,41.82618312679573,41.916003286120144,587100
2025-06-17,AIQ,AI&Tech ETF,41.84614181518555,42.325181375630436,41.766299984910724,42.035760451486226,683900
2025-06-18,AIQ,AI&Tech ETF,41.79624557495117,42.17448542288453,41.68646495397719,42.00582468386424,427300
2025-06-20,AIQ,AI&Tech ETF,41.4170036315918,42.075683537064506,41.297244687069906,41.92598200111099,640100
2025-06-23,AIQ,AI&Tech ETF,41.87607955932617,41.90602214847055,41.087658636724065,41.38706168576035,750800
2025-06-24,AIQ,AI&Tech ETF,43.01380157470703,43.05073013571596,42.40302601802821,42.534761997058304,778000
2025-06-25,AIQ,AI&Tech ETF,42.99384307861328,43.25431886286609,42.88605736991006,43.10361988387103,851800
2025-06-26,AIQ,AI&Tech ETF,43.393043518066406,43.41300397674298,42.94394271551404,43.22338532991785,719300
2025-06-27,AIQ,AI&Tech ETF,43.332096099853516,43.636829852674644,43.102297563709676,43.51193909533364,1003000
2025-06-30,AIQ,AI&Tech ETF,43.65181350708008,43.70676574191256,43.48696061394585,43.63183052974434,1310300
2025-07-01,AIQ,AI&Tech ETF,43.1622428894043,43.511935456166825,42.882485024631144,43.50194587341495,982500
2025-07-02,AIQ,AI&Tech ETF,43.45199203491211,43.46198161805435,42.99738786899303,43.09230605997905,851200
2025-07-03,AIQ,AI&Tech ETF,43.961544036865234,44.46110703728416,43.68478570776047,43.741735097044675,786200
2025-07-07,AIQ,AI&Tech ETF,43.501949310302734,43.72175445047792,43.25216779677738,43.63183295315425,1115300
2025-07-08,AIQ,AI&Tech ETF,43.64182662963867,43.751731106117084,43.52692545567575,43.741737711148076,814100
2025-07-09,AIQ,AI&Tech ETF,43.731746673583984,43.83165775177162,43.471971772114806,43.75172965149418,730000
2025-07-10,AIQ,AI&Tech ETF,43.61185073852539,43.91658446864095,43.342086265405236,43.821666280497794,1220800
2025-07-11,AIQ,AI&Tech ETF,43.24217224121094,43.51193671970273,43.19221670327466,43.461981181766454,886000
2025-07-14,AIQ,AI&Tech ETF,43.47196960449219,43.53191853523356,43.08730778015033,43.20220894456385,746100
2025-07-15,AIQ,AI&Tech ETF,43.75172805786133,44.05146509286981,43.71675880063306,43.98152657841327,1028500
2025-07-16,AIQ,AI&Tech ETF,43.94156265258789,43.97153521406345,43.37206111637208,43.86163455153194,728500
2025-07-17,AIQ,AI&Tech ETF,44.391170501708984,44.4261397608432,43.931573435555535,43.961545997281036,1035400
2025-07-18,AIQ,AI&Tech ETF,44.321231842041016,44.54803464276697,44.22131695100247,44.53604409356967,1012800
2025-07-21,AIQ,AI&Tech ETF,44.49108123779297,44.72087976909338,44.41414886829238,44.43113611480534,1332000
2025-07-22,AIQ,AI&Tech ETF,44.141387939453125,44.441124983662206,43.741736006265484,44.40115902807078,899100
2025-07-23,AIQ,AI&Tech ETF,44.730873107910156,44.74585938863832,44.30124860734026,44.49108118216935,1042200
2025-07-24,AIQ,AI&Tech ETF,44.551029205322266,44.72987361592934,44.416148870163845,44.70089963226565,1200000
2025-07-25,AIQ,AI&Tech ETF,44.70090103149414,44.74086317674843,44.41615026047906,44.511064643241816,1110300
2025-07-28,AIQ,AI&Tech ETF,44.89073181152344,44.93069776654139,44.71588552252394,44.9007213945963,1222800
2025-07-29,AIQ,AI&Tech ETF,44.84077835083008,45.25041988033401,44.715887594135424,45.09055986421939,1193800
2025-07-30,AIQ,AI&Tech ETF,44.780826568603516,45.00562839181684,44.48108953386469,44.910714014490175,909300
2025-07-31,AIQ,AI&Tech ETF,44.53104782104492,45.190470862737335,44.446123021374426,45.190470862737335,1553700
2025-08-01,AIQ,AI&Tech ETF,43.432010650634766,43.84165217903391,43.15724946210217,43.82166920065304,1289500
2025-08-04,AIQ,AI&Tech ETF,44.291259765625,44.3012493491566,43.87162484139272,43.88161442492433,885100
2025-08-05,AIQ,AI&Tech ETF,44.13139343261719,44.61097726490058,43.98152681997143,44.571011310316436,900100
2025-08-06,AIQ,AI&Tech ETF,44.60098648071289,44.60698175538769,44.05646461024934,44.201338345572786,1114800
2025-08-07,AIQ,AI&Tech ETF,44.67092514038086,45.060583693199526,44.236307744404705,44.98065559046507,1179600
2025-08-08,AIQ,AI&Tech ETF,44.870750427246094,44.905719686287654,44.67592115381979,44.760845952725944,982600
2025-08-11,AIQ,AI&Tech ETF,44.64094924926758,45.06557702999746,44.55102775829487,44.85076479108284,1499400
2025-08-12,AIQ,AI&Tech ETF,45.30037307739258,45.3253527519847,44.58100113640753,44.87874102036575,1104800
2025-08-13,AIQ,AI&Tech ETF,45.55015563964844,45.72999862908689,45.400285211328615,45.590121595382165,1375900
2025-08-14,AIQ,AI&Tech ETF,45.190467834472656,45.35032783958377,44.980652292394915,45.13951372035754,1281600
2025-08-15,AIQ,AI&Tech ETF,45.18048095703125,45.34034097171478,45.04160249781187,45.34034097171478,946700
2025-08-18,AIQ,AI&Tech ETF,45.260406494140625,45.280389471264215,44.97065904289338,45.060580534267935,1084100
2025-08-19,AIQ,AI&Tech ETF,44.45111846923828,45.243424674211866,44.371186557891804,45.2304355480499,1158500
2025-08-20,AIQ,AI&Tech ETF,44.10142135620117,44.311236903025055,43.41202578319558,44.2612813649284,1192900
2025-08-21,AIQ,AI&Tech ETF,43.841651916503906,44.04147788775253,43.641825945255285,43.90659373733027,929600
2025-08-22,AIQ,AI&Tech ETF,44.90072250366211,45.05059293299968,43.93157284439941,44.01150094504633,1363400
2025-08-25,AIQ,AI&Tech ETF,44.730873107910156,44.95767590732298,44.66093459026979,44.835780884370706,728100
2025-08-26,AIQ,AI&Tech ETF,44.94068908691406,44.97066164865457,44.7308735320037,44.7308735320037,1574400
2025-08-27,AIQ,AI&Tech ETF,44.97066116333008,45.01062711946171,44.69090709313537,44.85076710629854,1167700
2025-08-28,AIQ,AI&Tech ETF,45.49020767211914,45.530173628701625,45.05059358380205,45.10054912384845,1396500
2025-08-29,AIQ,AI&Tech ETF,45.04060363769531,45.410279204698334,44.85076725113869,45.37031324843764,1003800
2025-09-02,AIQ,AI&Tech ETF,44.58100128173828,44.605980956411834,43.971533808790596,44.161370189037854,936500
2025-09-03,AIQ,AI&Tech ETF,44.84077835083008,44.95068282653952,44.61097981587553,44.80081239396057,625800
2025-09-04,AIQ,AI&Tech ETF,45.0206184387207,45.07057397590061,44.440124958464146,44.8207924786379,744800
2025-09-05,AIQ,AI&Tech ETF,45.42026901245117,45.653067088024514,44.9207059908148,45.54515976786026,708200
2025-09-08,AIQ,AI&Tech ETF,46.0697021484375,46.09967470989337,45.80992724460881,45.859886595519725,1088500
2025-09-09,AIQ,AI&Tech ETF,46.429386138916016,46.46934828202114,46.07169732574202,46.12964529176684,910200
2025-09-10,AIQ,AI&Tech ETF,46.7890739440918,47.17473436690497,46.6641831899955,47.158749509035104,1321600
2025-09-11,AIQ,AI&Tech ETF,47.158748626708984,47.32759964246995,46.96891224476185,47.16873820984992,1622100
2025-09-12,AIQ,AI&Tech ETF,47.29862594604492,47.36356776526346,47.12377965479248,47.27364627099602,1426700
2025-09-15,AIQ,AI&Tech ETF,47.91808319091797,47.923079888219135,47.57838019034168,47.57838019034168,1412800
2025-09-16,AIQ,AI&Tech ETF,48.14788055419922,48.21781906927024,47.96803756934137,48.20782948627291,1494900
2025-09-17,AIQ,AI&Tech ETF,48.19784164428711,48.35070780580182,47.59836373598542,48.18784824956557,1392500
2025-09-18,AIQ,AI&Tech ETF,48.73736572265625,48.907219126873265,48.39266983969916,48.61747166820871,1332300
2025-09-19,AIQ,AI&Tech ETF,49.09705352783203,49.161999160408385,48.74736093458787,48.837282431616856,1395800
2025-09-22,AIQ,AI&Tech ETF,49.61659622192383,49.67154845596278,49.07207439000005,49.07207439000005,4395300
2025-09-23,AIQ,AI&Tech ETF,49.186973571777344,49.79644105459519,49.08905964856156,49.77645807680537,4987800
2025-09-24,AIQ,AI&Tech ETF,49.19696807861328,49.53667108599366,48.87724423811111,49.51668810775207,4757300
2025-09-25,AIQ,AI&Tech ETF,48.87724304199219,49.04709644720744,48.24779639392087,48.69740386494559,2536500
2025-09-26,AIQ,AI&Tech ETF,48.87724304199219,48.91720899749734,48.447622360083336,48.80730452553982,1528800
2025-09-29,AIQ,AI&Tech ETF,49.296878814697266,49.506694367725856,49.20695731891882,49.31186509543311,2301600
2025-09-30,AIQ,AI&Tech ETF,49.346832275390625,49.38779680706998,48.99214300458557,49.38679822991144,1400800
2025-10-01,AIQ,AI&Tech ETF,49.846397399902344,49.896352939503515,49.15700180613412,49.17698478424726,1866500
2025-10-02,AIQ,AI&Tech ETF,50.27602005004883,50.44587345207581,49.96628961774271,50.44587345207581,2456600
2025-10-03,AIQ,AI&Tech ETF,50.166114807128906,50.62571184563922,49.906343727951,50.500821097476866,1949500
2025-10-06,AIQ,AI&Tech ETF,51.015377044677734,51.345086656422396,50.90547257030839,51.1452606858748,2104100
2025-10-07,AIQ,AI&Tech ETF,50.515811920166016,51.345084518061384,50.25603702586394,51.255163025628086,1958800
2025-10-08,AIQ,AI&Tech ETF,51.50494384765625,51.53492021898161,50.65568828358,50.67567126067585,2277400
2025-10-09,AIQ,AI&Tech ETF,51.22519302368164,51.49495751445477,50.90047629526787,51.49495751445477,1876500
2025-10-10,AIQ,AI&Tech ETF,48.887237548828125,51.42301764492013,48.857264987198974,51.32510371965908,2760800
2025-10-13,AIQ,AI&Tech ETF,50.39591598510742,50.44587533609859,49.831411145722875,50.17611084847242,2071400
2025-10-14,AIQ,AI&Tech ETF,49.7664680480957,50.276020637403086,49.017123538820385,49.50169645327328,1483800
2025-10-15,AIQ,AI&Tech ETF,50.505821228027344,50.84552423857688,49.901350423192504,50.55577676841569,1376600
2025-10-16,AIQ,AI&Tech ETF,50.485836029052734,51.18522499781821,50.18609898854275,51.00538201123957,2220500
2025-10-17,AIQ,AI&Tech ETF,50.45586395263672,50.60972868874185,49.8364068881227,50.1061713705796,1410300
2025-10-20,AIQ,AI&Tech ETF,51.245174407958984,51.370065160282124,50.91546099237151,50.925454386920805,1064400
2025-10-21,AIQ,AI&Tech ETF,50.97541046142578,51.2451749466431,50.78557788798989,51.07532153978923,1365800
2025-10-22,AIQ,AI&Tech ETF,50.355953216552734,50.930447632202245,49.7564753143537,50.85551622937027,1476900
2025-10-23,AIQ,AI&Tech ETF,51.03535842895508,51.070327686856515,50.17610945039047,50.2310616858589,1258100
2025-10-24,AIQ,AI&Tech ETF,51.89460372924805,52.06445713332151,51.6198463625645,51.71476074204709,1726100
2025-10-27,AIQ,AI&Tech ETF,53.043601989746094,53.053591573216586,52.58400492283545,52.58400492283545,1838000
2025-10-28,AIQ,AI&Tech ETF,53.11354064941406,53.29937891791212,52.85876243955969,52.87874541791723,1552000
2025-10-29,AIQ,AI&Tech ETF,53.42327117919922,53.62409572893391,52.943691131969786,53.5731378000665,3428600
2025-10-30,AIQ,AI&Tech ETF,52.6539421081543,53.28339256903442,52.60398656933978,52.86375765799323,1858700
2025-10-31,AIQ,AI&Tech ETF,53.03361129760742,53.2933823874071,52.653942340487895,53.24342684837216,1624600
2025-11-03,AIQ,AI&Tech ETF,53.51319122314453,53.70302379563365,53.043600772179005,53.66305783994226,1755200
2025-11-04,AIQ,AI&Tech ETF,51.51493835449219,52.51306197414948,51.47497239943731,52.044473919197934,2370400
2025-11-05,AIQ,AI&Tech ETF,52.07444763183594,52.30924285877359,51.3750586483562,51.4949565161733,2171800
2025-11-06,AIQ,AI&Tech ETF,51.05533981323242,52.03448669973756,50.755602759432044,51.934571807561824,2773200
2025-11-07,AIQ,AI&Tech ETF,50.63570785522461,50.65069413596004,49.471725107503765,50.345960389795124,3587900
2025-11-10,AIQ,AI&Tech ETF,52.05446243286133,52.10442178133517,51.484960924800674,51.77470837595102,1969400
2025-11-11,AIQ,AI&Tech ETF,51.59486770629883,51.88461517043877,51.28014437816545,51.73474474102478,2072400
2025-11-12,AIQ,AI&Tech ETF,51.5349235534668,51.99452062231937,51.3051212076771,51.99452062231937,1313600
2025-11-13,AIQ,AI&Tech ETF,50.1561279296875,51.33509696084258,49.88636344174218,51.315113982695145,2443500
2025-11-14,AIQ,AI&Tech ETF,50.106170654296875,50.710641429704964,48.96716380752909,49.09705125530636,3345400
2025-11-17,AIQ,AI&Tech ETF,49.45673751831055,50.44587394567659,49.097051544722895,49.83140977223714,2741100
2025-11-18,AIQ,AI&Tech ETF,48.757347106933594,49.256910097396776,48.22781155667883,48.90721752861781,4112800
2025-11-19,AIQ,AI&Tech ETF,48.74736022949219,49.398790832081765,48.317735728941614,48.63745575567273,2377600
2025-11-20,AIQ,AI&Tech ETF,47.28863525390625,49.93631685837921,47.228686322012685,49.84639536622046,3491300
2025-11-21,AIQ,AI&Tech ETF,47.55839538574219,48.06795177271578,46.4393753491524,47.3186072835831,4667600
2025-11-24,AIQ,AI&Tech ETF,49.06707763671875,49.14201284771909,48.008002722609795,48.087934630707,1599300
2025-11-25,AIQ,AI&Tech ETF,49.20695495605469,49.276893470372514,48.10791789274899,48.782327173021265,1223900
2025-11-26,AIQ,AI&Tech ETF,49.6265869140625,49.78645073401334,49.26690475326283,49.566641792944175,1187400
2025-11-28,AIQ,AI&Tech ETF,50.09617614746094,50.10117284455459,49.66655167012209,49.706517624145036,549800
2025-12-01,AIQ,AI&Tech ETF,50.08618927001953,50.29600482292839,49.56164657638403,49.57663285711132,933800
2025-12-02,AIQ,AI&Tech ETF,50.39591598510742,50.70564642898117,50.10617233072083,50.31099118660382,1073200
2025-12-03,AIQ,AI&Tech ETF,50.79556655883789,50.81554953642429,50.096177588766885,50.28601397015607,1302500
2025-12-04,AIQ,AI&Tech ETF,50.90547180175781,50.94243821460338,50.52980096470902,50.89547840713145,1382800
2025-12-05,AIQ,AI&Tech ETF,51.43500518798828,51.73074791226177,51.095302201046195,51.095302201046195,1594700
2025-12-08,AIQ,AI&Tech ETF,51.474971771240234,51.81067664233248,51.20520729495687,51.609852103700305,955400
2025-12-09,AIQ,AI&Tech ETF,51.624839782714844,51.66980243566204,51.16524272682857,51.22519166030373,857700
2025-12-10,AIQ,AI&Tech ETF,52.02449035644531,52.209330037972414,51.35507776794099,51.63483182745167,1274500
2025-12-11,AIQ,AI&Tech ETF,51.63483428955078,51.70077468756686,50.90547273436043,51.484963858316256,1591600
2025-12-12,AIQ,AI&Tech ETF,50.47584533691406,51.50494388422038,50.16311917730016,51.36007015869499,1608400
2025-12-15,AIQ,AI&Tech ETF,49.83640670776367,50.785577184522154,49.81642373009512,50.70564527384792,1108700
2025-12-16,AIQ,AI&Tech ETF,49.826412200927734,49.981279321561,49.416770696275286,49.4867092108723,2283400
2025-12-17,AIQ,AI&Tech ETF,48.92720413208008,50.25603980329648,48.90722115361684,50.16611830589361,1374900
2025-12-18,AIQ,AI&Tech ETF,49.756473541259766,50.14613206755365,49.651565769670114,49.96628908443906,1064000
2025-12-19,AIQ,AI&Tech ETF,50.68566131591797,50.801561059608794,50.00125863661851,50.09617682586762,2133200
2025-12-22,AIQ,AI&Tech ETF,51.11528778076172,51.255164815796014,50.90547222821028,51.225192254392475,1028500
2025-12-23,AIQ,AI&Tech ETF,51.255165100097656,51.26016179748041,50.80056473371463,50.97541102847733,758400
2025-12-24,AIQ,AI&Tech ETF,51.405033111572266,51.42001939165191,51.21519673359493,51.28513905957192,407300
2025-12-26,AIQ,AI&Tech ETF,51.52492904663086,51.594867563800676,51.3700657316639,51.549908721918655,737600
2025-12-29,AIQ,AI&Tech ETF,51.44499969482422,51.52492779334699,51.08531372306365,51.25516331452656,942100
2025-12-30,AIQ,AI&Tech ETF,51.36000061035156,51.689998626708984,51.34000015258789,51.5099983215332,980500
2025-12-31,AIQ,AI&Tech ETF,50.86000061035156,51.39500045776367,50.86000061035156,51.38999938964844,911100
2026-01-02,AIQ,AI&Tech ETF,51.43000030517578,52.04999923706055,51.1150016784668,51.79999923706055,1450700
2026-01-05,AIQ,AI&Tech ETF,52.04999923706055,52.33000183105469,51.845001220703125,52.220001220703125,2440800
2026-01-06,AIQ,AI&Tech ETF,52.650001525878906,52.650001525878906,52.05500030517578,52.209999084472656,2149500
2026-01-07,AIQ,AI&Tech ETF,52.58000183105469,52.91999816894531,52.505001068115234,52.630001068115234,3026900
2026-01-08,AIQ,AI&Tech ETF,52.13999938964844,52.52000045776367,51.939998626708984,52.5099983215332,2060900
2026-01-09,AIQ,AI&Tech ETF,52.58000183105469,52.69599914550781,51.93000030517578,52.2400016784668,2116500
2026-01-12,AIQ,AI&Tech ETF,53.150001525878906,53.25,52.209999084472656,52.209999084472656,2221600
2026-01-13,AIQ,AI&Tech ETF,52.63999938964844,53.209999084472656,52.5099983215332,52.96500015258789,1912600
2026-01-14,AIQ,AI&Tech ETF,52.279998779296875,52.61000061035156,51.834999084472656,52.5099983215332,2574300
2026-01-15,AIQ,AI&Tech ETF,52.36000061035156,52.935001373291016,52.32500076293945,52.90999984741211,2458900
2026-01-16,AIQ,AI&Tech ETF,52.34000015258789,52.790000915527344,52.09000015258789,52.70000076293945,2128100
2026-01-20,AIQ,AI&Tech ETF,50.939998626708984,51.75,50.869998931884766,51.220001220703125,2061000
2026-01-21,AIQ,AI&Tech ETF,51.900001525878906,52.255001068115234,51.2599983215332,51.40999984741211,2560700
2026-01-22,AIQ,AI&Tech ETF,52.45000076293945,52.57500076293945,52.09000015258789,52.529998779296875,2682400
2026-01-23,AIQ,AI&Tech ETF,52.5099983215332,52.685001373291016,52.099998474121094,52.25,973600
2026-01-26,AIQ,AI&Tech ETF,52.43000030517578,52.685001373291016,52.310001373291016,52.45000076293945,1059600
2026-01-27,AIQ,AI&Tech ETF,53.11000061035156,53.220001220703125,52.81999969482422,53.119998931884766,976200
2026-01-28,AIQ,AI&Tech ETF,53.61000061035156,53.939998626708984,53.404998779296875,53.72999954223633,1472600
2026-01-29,AIQ,AI&Tech ETF,53.029998779296875,53.66999816894531,51.95000076293945,53.650001525878906,1936600
2026-01-30,AIQ,AI&Tech ETF,51.970001220703125,53.04800033569336,51.755001068115234,52.810001373291016,1182700
2026-02-02,AIQ,AI&Tech ETF,52.380001068115234,52.724998474121094,51.77000045776367,51.8650016784668,2176300
2026-02-03,AIQ,AI&Tech ETF,51.040000915527344,52.4900016784668,50.334999084472656,52.47999954223633,1728800
2026-02-04,AIQ,AI&Tech ETF,49.380001068115234,50.52000045776367,48.82500076293945,50.52000045776367,2469000
2026-02-05,AIQ,AI&Tech ETF,48.470001220703125,49.45000076293945,48.279998779296875,48.900001525878906,2152000
2026-02-06,AIQ,AI&Tech ETF,50.08000183105469,50.18000030517578,49.0099983215332,49.130001068115234,1347100
2026-02-09,AIQ,AI&Tech ETF,50.83000183105469,51.06999969482422,49.63999938964844,49.8650016784668,1329800
2026-02-10,AIQ,AI&Tech ETF,50.77000045776367,51.34000015258789,50.7400016784668,51.0,2525400
2026-02-11,AIQ,AI&Tech ETF,50.54999923706055,51.29499816894531,49.93000030517578,51.255001068115234,1065400
2026-02-12,AIQ,AI&Tech ETF,49.209999084472656,50.650001525878906,48.90999984741211,50.599998474121094,1869500
2026-02-13,AIQ,AI&Tech ETF,49.45000076293945,49.849998474121094,48.540000915527344,49.0099983215332,2204500
2026-02-17,AIQ,AI&Tech ETF,48.970001220703125,49.2599983215332,48.268001556396484,48.880001068115234,1919400
2026-02-18,AIQ,AI&Tech ETF,49.54999923706055,49.970001220703125,48.83000183105469,49.08000183105469,1337900
2026-02-19,AIQ,AI&Tech ETF,49.40999984741211,49.540000915527344,49.0099983215332,49.209999084472656,1262100
2026-02-20,AIQ,AI&Tech ETF,49.880001068115234,50.150001525878906,49.02000045776367,49.02000045776367,1501900
2026-02-23,AIQ,AI&Tech ETF,48.529998779296875,49.5,48.34000015258789,49.5,2334600
2026-02-24,AIQ,AI&Tech ETF,49.4900016784668,49.665000915527344,48.52899932861328,48.849998474121094,2365200
2026-02-25,AIQ,AI&Tech ETF,50.54999923706055,50.59000015258789,50.0099983215332,50.060001373291016,1390400
2026-02-26,AIQ,AI&Tech ETF,50.52000045776367,50.79999923706055,49.81999969482422,50.720001220703125,2613100
2026-02-27,AIQ,AI&Tech ETF,50.2599983215332,50.290000915527344,49.560001373291016,49.7599983215332,1117100
2026-03-02,AIQ,AI&Tech ETF,50.060001373291016,50.220001220703125,48.90999984741211,49.0099983215332,2842300
2026-03-03,AIQ,AI&Tech ETF,48.810001373291016,49.1150016784668,47.369998931884766,48.0,4333600
2026-03-04,AIQ,AI&Tech ETF,49.91999816894531,50.314998626708984,49.04999923706055,49.154998779296875,5030100
2026-03-05,AIQ,AI&Tech ETF,49.650001525878906,50.2599983215332,48.97999954223633,49.345001220703125,5497600
2026-03-06,AIQ,AI&Tech ETF,49.099998474121094,49.66999816894531,48.75,48.89500045776367,3026500
2026-03-09,AIQ,AI&Tech ETF,49.83000183105469,50.0,48.04999923706055,48.505001068115234,4445400
2026-03-10,AIQ,AI&Tech ETF,49.66999816894531,50.45500183105469,49.47999954223633,50.099998474121094,2666800
2026-03-11,AIQ,AI&Tech ETF,49.91999816894531,50.369998931884766,49.54499816894531,49.900001525878906,1425700
2026-03-12,AIQ,AI&Tech ETF,48.59000015258789,49.56999969482422,48.57500076293945,49.36000061035156,1694900
2026-03-13,AIQ,AI&Tech ETF,48.349998474121094,49.40999984741211,48.22999954223633,49.0,2557100
2026-03-16,AIQ,AI&Tech ETF,49.34000015258789,49.71500015258789,49.16999816894531,49.279998779296875,1161200
2026-03-17,AIQ,AI&Tech ETF,49.58000183105469,49.91999816894531,49.439998626708984,49.47999954223633,744700
2026-03-18,AIQ,AI&Tech ETF,48.869998931884766,49.72999954223633,48.849998474121094,49.439998626708984,976400
2026-03-19,AIQ,AI&Tech ETF,48.79999923706055,49.06999969482422,47.84000015258789,48.0,1035300
2026-03-20,AIQ,AI&Tech ETF,47.369998931884766,48.5,47.09000015258789,48.5,1058100
2026-03-23,AIQ,AI&Tech ETF,48.52000045776367,49.04999923706055,48.029998779296875,48.29999923706055,2607200
2026-03-24,AIQ,AI&Tech ETF,47.61000061035156,48.0,47.334999084472656,47.82500076293945,2062100
2026-03-25,AIQ,AI&Tech ETF,47.900001525878906,48.38999938964844,47.650001525878906,48.064998626708984,1689200
2026-03-26,AIQ,AI&Tech ETF,46.40999984741211,47.5099983215332,46.38999938964844,47.209999084472656,1843500
2026-03-27,AIQ,AI&Tech ETF,45.470001220703125,46.15999984741211,45.34000015258789,46.15999984741211,1729800
2026-03-30,AIQ,AI&Tech ETF,44.779998779296875,45.834999084472656,44.459999084472656,45.755001068115234,1657900
2026-03-31,AIQ,AI&Tech ETF,46.66999816894531,46.72999954223633,45.16999816894531,45.33000183105469,3106700
2026-04-01,AIQ,AI&Tech ETF,47.34000015258789,47.81999969482422,46.970001220703125,47.25,2164600
2026-04-02,AIQ,AI&Tech ETF,47.27000045776367,47.400001525878906,45.73500061035156,45.94499969482422,1662300
2026-04-06,AIQ,AI&Tech ETF,47.75,48.0099983215332,47.380001068115234,47.56999969482422,3127100
2026-04-07,AIQ,AI&Tech ETF,47.849998474121094,47.849998474121094,46.790000915527344,47.58000183105469,1989700
2026-04-08,AIQ,AI&Tech ETF,49.599998474121094,50.5,49.26499938964844,50.400001525878906,1615600
2026-04-09,AIQ,AI&Tech ETF,49.349998474121094,49.400001525878906,48.63999938964844,49.290000915527344,1819000
2026-04-10,AIQ,AI&Tech ETF,49.369998931884766,49.66999816894531,49.19499969482422,49.58000183105469,1174300
2026-04-13,AIQ,AI&Tech ETF,50.58000183105469,50.60499954223633,49.20000076293945,49.2599983215332,2080900
2026-04-14,AIQ,AI&Tech ETF,51.83000183105469,51.83000183105469,51.15999984741211,51.17499923706055,1675100
2026-04-15,AIQ,AI&Tech ETF,52.720001220703125,52.7599983215332,51.93000030517578,51.93000030517578,1168800
2026-04-16,AIQ,AI&Tech ETF,53.4900016784668,53.70000076293945,52.78499984741211,53.30500030517578,1018700
2026-04-17,AIQ,AI&Tech ETF,54.099998474121094,54.5099983215332,53.91999816894531,54.2400016784668,1302300
2026-04-20,AIQ,AI&Tech ETF,53.90999984741211,54.1150016784668,53.38999938964844,54.040000915527344,2056700
2026-04-21,AIQ,AI&Tech ETF,53.689998626708984,54.54999923706055,53.54999923706055,54.20000076293945,1589800
2026-04-22,AIQ,AI&Tech ETF,54.970001220703125,54.97999954223633,54.22999954223633,54.4900016784668,1374300
2026-04-23,AIQ,AI&Tech ETF,53.5099983215332,54.29499816894531,52.88999938964844,54.18000030517578,1388000
2026-04-24,AIQ,AI&Tech ETF,55.13999938964844,55.15999984741211,54.29999923706055,54.54999923706055,1619200
2026-04-27,AIQ,AI&Tech ETF,55.380001068115234,55.435001373291016,55.064998626708984,55.380001068115234,1083400
2026-04-28,AIQ,AI&Tech ETF,54.5,54.83000183105469,54.040000915527344,54.369998931884766,1433600
2026-04-29,AIQ,AI&Tech ETF,55.040000915527344,55.09000015258789,54.45000076293945,54.75,1210800
2026-04-30,AIQ,AI&Tech ETF,55.880001068115234,55.95500183105469,54.70000076293945,55.540000915527344,1017200
2026-05-01,AIQ,AI&Tech ETF,56.81999969482422,56.98500061035156,56.0,56.0,1754200
2026-05-04,AIQ,AI&Tech ETF,57.11000061035156,57.7599983215332,56.79999923706055,57.310001373291016,1590400
2026-05-05,AIQ,AI&Tech ETF,58.43000030517578,58.599998474121094,57.75,57.91999816894531,1751600
2026-05-06,AIQ,AI&Tech ETF,60.29999923706055,60.314998626708984,59.275001525878906,59.720001220703125,2276100
2026-05-07,AIQ,AI&Tech ETF,59.9900016784668,60.9900016784668,59.619998931884766,60.43000030517578,2491900
2026-05-08,AIQ,AI&Tech ETF,62.310001373291016,62.310001373291016,60.709999084472656,60.724998474121094,2382100
2026-05-11,AIQ,AI&Tech ETF,62.849998474121094,63.03499984741211,62.189998626708984,62.54999923706055,2608600
2026-05-12,AIQ,AI&Tech ETF,61.02000045776367,62.0099983215332,59.744998931884766,61.869998931884766,2361800
2026-05-13,AIQ,AI&Tech ETF,62.11000061035156,62.31999969482422,60.89500045776367,61.834999084472656,1685200
2026-05-14,AIQ,AI&Tech ETF,62.43000030517578,62.75,61.82500076293945,61.90999984741211,1572100
2026-05-15,AIQ,AI&Tech ETF,61.040000915527344,61.67499923706055,60.45000076293945,60.81999969482422,1737200
2026-05-18,AIQ,AI&Tech ETF,60.720001220703125,61.66999816894531,59.939998626708984,61.540000915527344,2906600
2026-05-19,AIQ,AI&Tech ETF,60.400001525878906,61.08000183105469,59.4900016784668,60.16999816894531,2305800
2026-05-20,AIQ,AI&Tech ETF,61.869998931884766,61.88999938964844,60.47999954223633,60.75,1505300
2026-05-21,AIQ,AI&Tech ETF,62.61000061035156,62.821998596191406,61.470001220703125,61.55500030517578,1724400
2026-05-22,AIQ,AI&Tech ETF,62.810001373291016,63.36000061035156,62.63999938964844,62.84000015258789,1987400
2026-05-26,AIQ,AI&Tech ETF,65.19999694824219,65.30999755859375,64.12000274658203,64.36499786376953,2334500
2026-05-27,AIQ,AI&Tech ETF,65.0999984741211,65.6500015258789,64.47000122070312,65.6500015258789,2333400
2026-05-28,AIQ,AI&Tech ETF,66.33999633789062,66.5250015258789,64.84500122070312,65.19000244140625,2885500
2026-05-29,AIQ,AI&Tech ETF,67.31999969482422,67.42500305175781,66.58999633789062,66.76000213623047,2437200
2026-06-01,AIQ,AI&Tech ETF,69.44000244140625,69.83000183105469,67.70500183105469,68.02999877929688,3548200
2026-06-02,AIQ,AI&Tech ETF,70.13999938964844,70.18000030517578,69.0999984741211,69.55999755859375,2836000
2026-06-03,AIQ,AI&Tech ETF,69.16000366210938,70.26000213623047,68.6500015258789,70.20999908447266,3559600
2026-06-04,AIQ,AI&Tech ETF,68.06999969482422,68.51000213623047,66.87000274658203,67.37000274658203,2542600
2026-06-05,AIQ,AI&Tech ETF,62.52000045776367,66.19000244140625,62.33000183105469,66.13999938964844,4016000
2026-06-08,AIQ,AI&Tech ETF,64.44000244140625,65.18499755859375,63.9900016784668,64.53500366210938,3333000
2026-06-09,AIQ,AI&Tech ETF,63.15999984741211,65.55000305175781,60.54999923706055,65.37000274658203,5697200
2026-06-10,AIQ,AI&Tech ETF,61.36000061035156,63.470001220703125,61.23400115966797,62.11000061035156,3259500
2026-06-11,AIQ,AI&Tech ETF,63.95000076293945,64.0199966430664,61.16999816894531,61.810001373291016,4271600
2026-06-12,AIQ,AI&Tech ETF,64.0,64.44999694824219,62.88999938964844,63.525001525878906,3381900
2026-06-15,AIQ,AI&Tech ETF,66.55000305175781,66.66999816894531,65.91999816894531,66.08999633789062,2354100
2026-06-16,AIQ,AI&Tech ETF,64.63999938964844,66.80999755859375,64.58000183105469,66.23500061035156,2058500
2026-06-17,AIQ,AI&Tech ETF,64.33000183105469,66.02999877929688,64.26499938964844,65.43000030517578,2604500
2026-06-18,AIQ,AI&Tech ETF,66.80000305175781,67.04000091552734,65.62999725341797,66.19999694824219,1761600
2026-06-22,AIQ,AI&Tech ETF,67.08999633789062,67.76499938964844,66.5250015258789,67.41999816894531,1846800
2026-06-23,AIQ,AI&Tech ETF,63.349998474121094,64.75,62.970001220703125,63.45000076293945,12367000
2026-06-24,AIQ,AI&Tech ETF,63.38999938964844,64.16999816894531,62.439998626708984,63.849998474121094,3656900
2026-06-25,AIQ,AI&Tech ETF,64.18000030517578,65.86000061035156,62.959999084472656,65.83999633789062,4306100
2026-06-26,AIQ,AI&Tech ETF,63.150001525878906,64.16000366210938,62.5,62.7599983215332,3717300
2026-06-29,AIQ,AI&Tech ETF,64.22000122070312,64.28500366210938,61.93000030517578,63.41999816894531,2481300
2026-06-30,AIQ,AI&Tech ETF,65.61000061035156,65.76499938964844,64.26499938964844,64.3499984741211,1614600
2026-07-01,AIQ,AI&Tech ETF,63.630001068115234,64.68000030517578,63.61000061035156,64.20999908447266,1606100
2026-07-02,AIQ,AI&Tech ETF,61.849998474121094,64.15899658203125,61.16999816894531,63.334999084472656,3168300
2026-07-06,AIQ,AI&Tech ETF,63.84000015258789,64.33000183105469,63.11000061035156,63.20000076293945,1434800
2026-07-07,AIQ,AI&Tech ETF,62.08000183105469,62.720001220703125,61.369998931884766,62.58000183105469,2482200
2026-07-08,AIQ,AI&Tech ETF,62.56999969482422,62.64500045776367,61.08000183105469,61.29999923706055,3149700
2026-07-09,AIQ,AI&Tech ETF,63.83000183105469,64.05999755859375,63.09000015258789,63.16999816894531,2258000
2026-07-10,AIQ,AI&Tech ETF,63.439998626708984,63.59000015258789,62.75,63.560001373291016,1224300
2026-07-13,AIQ,AI&Tech ETF,61.29999923706055,62.25,61.060001373291016,62.060001373291016,1901000
2026-07-14,AIQ,AI&Tech ETF,61.959999084472656,62.209999084472656,61.2599983215332,61.85499954223633,1275100
2026-07-15,AIQ,AI&Tech ETF,61.119998931884766,62.400001525878906,60.16999816894531,62.349998474121094,1924700
2026-07-16,AIQ,AI&Tech ETF,59.310001373291016,60.349998474121094,58.97999954223633,60.150001525878906,2607400
2026-07-17,AIQ,AI&Tech ETF,58.70000076293945,59.560001373291016,56.970001220703125,57.650001525878906,3518300
2026-07-20,AIQ,AI&Tech ETF,59.13999938964844,59.9900016784668,59.0099983215332,59.4900016784668,1749100
2026-07-21,AIQ,AI&Tech ETF,61.0,61.05500030517578,60.11000061035156,60.22999954223633,927200
2026-07-22,AIQ,AI&Tech ETF,60.13999938964844,60.77000045776367,60.0,60.130001068115234,818900
2026-07-23,AIQ,AI&Tech ETF,59.33000183105469,60.06999969482422,58.78499984741211,59.689998626708984,1075900
2026-07-24,AIQ,AI&Tech ETF,57.97999954223633,59.119998931884766,57.83000183105469,59.0,1974600
2026-07-27,AIQ,AI&Tech ETF,58.29999923706055,59.20500183105469,57.26499938964844,59.0,1397800
2026-07-28,AIQ,AI&Tech ETF,57.2400016784668,57.77000045776367,56.119998931884766,57.0099983215332,2241500
2026-07-29,AIQ,AI&Tech ETF,55.97999954223633,58.029998779296875,55.91999816894531,57.02000045776367,6080000
2026-07-30,AIQ,AI&Tech ETF,58.689998626708984,58.7599983215332,56.9900016784668,57.0,2047200
2026-07-31,AIQ,AI&Tech ETF,58.88999938964844,60.33000183105469,58.22999954223633,59.89500045776367,2499600
2026-08-03,AIQ,AI&Tech ETF,60.56999969482422,60.67499923706055,59.099998474121094,59.45000076293945,1557100
2026-08-04,AIQ,AI&Tech ETF,63.130001068115234,63.349998474121094,61.29999923706055,61.30500030517578,2080100
2026-08-05,AIQ,AI&Tech ETF,62.36000061035156,63.45000076293945,62.31999969482422,63.099998474121094,1104200
2026-08-06,AIQ,AI&Tech ETF,61.95000076293945,62.33000183105469,60.88999938964844,61.2400016784668,1123800
2026-08-07,AIQ,AI&Tech ETF,63.349998474121094,63.43000030517578,62.452999114990234,62.755001068115234,1031400
2026-08-10,AIQ,AI&Tech ETF,63.5099983215332,63.75199890136719,63.09000015258789,63.220001220703125,922200
2026-08-11,AIQ,AI&Tech ETF,63.20000076293945,63.7400016784668,62.970001220703125,63.689998626708984,570400
2026-08-12,AIQ,AI&Tech ETF,63.77000045776367,64.16999816894531,63.470001220703125,64.16999816894531,803500
2026-08-13,AIQ,AI&Tech ETF,64.62000274658203,64.78199768066406,63.72999954223633,63.72999954223633,973700
2026-08-14,AIQ,AI&Tech ETF,64.19999694824219,65.0,64.05999755859375,64.87000274658203,838800
2026-08-17,AIQ,AI&Tech ETF,64.0,64.5999984741211,63.939998626708984,64.4000015258789,750500
2026-08-18,AIQ,AI&Tech ETF,62.529998779296875,63.369998931884766,62.43000030517578,62.9900016784668,2397800
2026-08-19,AIQ,AI&Tech ETF,62.9900016784668,63.349998474121094,62.32500076293945,62.939998626708984,862000
2026-08-20,AIQ,AI&Tech ETF,63.029998779296875,63.209999084472656,62.689998626708984,62.83000183105469,599400
2026-08-21,AIQ,AI&Tech ETF,63.43000030517578,63.74599838256836,62.90999984741211,63.459999084472656,894300
2026-08-24,AIQ,AI&Tech ETF,62.29999923706055,62.84000015258789,61.959999084472656,62.70000076293945,803500
2026-08-25,AIQ,AI&Tech ETF,63.08000183105469,63.26499938964844,62.63999938964844,62.70000076293945,3917400
2026-08-26,AIQ,AI&Tech ETF,63.06999969482422,63.209999084472656,62.64699935913086,62.880001068115234,1117700
2026-08-27,AIQ,AI&Tech ETF,64.54000091552734,64.55000305175781,63.77000045776367,63.900001525878906,1240200
2026-08-28,AIQ,AI&Tech ETF,64.22000122070312,65.04000091552734,64.09500122070312,64.375,759900
2026-08-31,AIQ,AI&Tech ETF,64.30000305175781,64.43000030517578,64.02999877929688,64.1500015258789,731000
2026-09-01,AIQ,AI&Tech ETF,63.060001373291016,63.66999816894531,62.78499984741211,63.119998931884766,750400
2026-09-02,AIQ,AI&Tech ETF,63.08000183105469,63.150001525878906,62.779998779296875,63.0099983215332,617000
2026-09-03,AIQ,AI&Tech ETF,64.30000305175781,64.45500183105469,63.41999816894531,63.439998626708984,979700
2026-09-04,AIQ,AI&Tech ETF,64.31999969482422,64.47000122070312,64.08999633789062,64.41000366210938,1243800
2026-09-08,AIQ,AI&Tech ETF,64.31999969482422,64.70999908447266,63.974998474121094,64.51000213623047,851700
2026-09-09,AIQ,AI&Tech ETF,64.11000061035156,64.56999969482422,63.97999954223633,64.22000122070312,750700
2026-09-10,AIQ,AI&Tech ETF,63.08000183105469,63.619998931884766,62.98099899291992,63.189998626708984,866700
2026-09-11,AIQ,AI&Tech ETF,63.97999954223633,64.1500015258789,63.709999084472656,63.92499923706055,678900
