Date,ticker,name,Close,High,Low,Open,Volume
2018-03-05,ROBT,AI ETF,29.464550018310547,29.54267934371782,29.034837797195546,29.230162042088743,52900
2018-03-06,ROBT,AI ETF,29.833715438842773,29.894265999630925,29.659877993926976,29.82590306414439,23800
2018-03-07,ROBT,AI ETF,29.79660415649414,29.816136956181523,29.58174894818382,29.689175620963827,19700
2018-03-08,ROBT,AI ETF,29.972394943237305,30.00169227934856,29.78683707594821,29.825902674430235,24900
2018-03-09,ROBT,AI ETF,30.3630428314209,30.38648181889962,30.079822819324015,30.138421219395994,17700
2018-03-12,ROBT,AI ETF,30.53883934020996,30.577903083946943,30.392347041382653,30.577903083946943,28800
2018-03-13,ROBT,AI ETF,30.192134857177734,30.831818211218508,30.192134857177734,30.831818211218508,34500
2018-03-14,ROBT,AI ETF,30.275144577026367,30.44116963792652,30.197015246176306,30.38257310547652,24000
2018-03-15,ROBT,AI ETF,30.274168014526367,30.529064882518313,30.20287497797498,30.529064882518313,14300
2018-03-16,ROBT,AI ETF,30.177480697631836,30.27026055327626,30.114977981676706,30.255610023950783,18300
2018-03-19,ROBT,AI ETF,29.65011215209961,30.197017509033174,29.571982815394815,30.197017509033174,20500
2018-03-20,ROBT,AI ETF,29.855195999145508,29.855195999145508,29.708703750021392,29.708703750021392,10500
2018-03-21,ROBT,AI ETF,29.816137313842773,30.072986368086745,29.77707171399939,29.77707171399939,11000
2018-03-22,ROBT,AI ETF,29.100683212280273,29.6556245589967,29.100683212280273,29.52839002428544,18300
2018-03-23,ROBT,AI ETF,28.56531524658203,29.03902150407843,28.56531524658203,29.03902150407843,17200
2018-03-26,ROBT,AI ETF,29.27391815185547,29.27391815185547,28.65340036570129,28.872637575571755,7800
2018-03-27,ROBT,AI ETF,28.629911422729492,29.567536372126924,28.510504329961588,29.567536372126924,22900
2018-03-28,ROBT,AI ETF,28.402843475341797,28.813911574529822,28.314757320745375,28.813911574529822,36900
2018-03-29,ROBT,AI ETF,28.85306167602539,28.980298070005112,28.53007971199473,28.56922994607646,7100
2018-04-02,ROBT,AI ETF,28.246244430541992,28.999867674000452,27.981985984074207,28.999867674000452,46100
2018-04-03,ROBT,AI ETF,28.412630081176758,28.416544730860963,28.158159183846077,28.32454392953207,1400
2018-04-04,ROBT,AI ETF,28.207096099853516,28.207096099853516,27.48381180849164,27.737304519037597,6700
2018-04-05,ROBT,AI ETF,28.450803756713867,28.490932187799345,28.328462071766992,28.334334980410226,6600
2018-04-06,ROBT,AI ETF,27.893901824951172,28.29028952292758,27.707941956751473,28.29028952292758,2700
2018-04-09,ROBT,AI ETF,28.050498962402344,28.293225919726545,28.040711404434195,28.040711404434195,4400
2018-04-10,ROBT,AI ETF,28.513442993164062,28.549656775480038,28.369569793355186,28.460592413693593,5200
2018-04-11,ROBT,AI ETF,28.56922721862793,28.706249291260946,28.3343314369203,28.3343314369203,4000
2018-04-12,ROBT,AI ETF,28.809017181396484,28.83740165974768,28.686675506077577,28.686675506077577,9500
2018-04-13,ROBT,AI ETF,28.603485107421875,28.857956025391932,28.603485107421875,28.84327375440316,3600
2018-04-16,ROBT,AI ETF,28.926469802856445,28.97051288641598,28.843276482005734,28.843276482005734,3500
2018-04-17,ROBT,AI ETF,29.32284927368164,29.32284927368164,29.04880513973531,29.05859269691706,9700
2018-04-18,ROBT,AI ETF,29.371789932250977,29.449110334799023,29.25238470981246,29.352214815972967,7400
2018-04-19,ROBT,AI ETF,29.180938720703125,29.352216330005874,29.05859703783375,29.352216330005874,4500
2018-04-20,ROBT,AI ETF,28.872634887695312,29.01944452224169,28.843272214071725,29.01944452224169,4100
2018-04-23,ROBT,AI ETF,28.549654006958008,28.84425334954666,28.549654006958008,28.833485728734097,8200
2018-04-24,ROBT,AI ETF,28.245262145996094,28.872630891381984,28.148368509985307,28.79433230600898,4300
2018-04-25,ROBT,AI ETF,28.13858413696289,28.148371694590036,27.897815446335187,28.03092286985003,5100
2018-04-26,ROBT,AI ETF,28.47135353088379,28.52028945206489,28.167946712632343,28.167946712632343,10100
2018-04-27,ROBT,AI ETF,28.397953033447266,28.397953033447266,28.246250529662802,28.3930601871387,2600
2018-04-30,ROBT,AI ETF,28.298114776611328,28.45177549480215,28.28539076636764,28.40283957864487,13500
2018-05-01,ROBT,AI ETF,28.197309494018555,28.2159064147845,28.001563928795253,28.119010894572064,5600
2018-05-02,ROBT,AI ETF,28.383270263671875,28.521272412940842,28.323566716320908,28.334334337517845,4200
2018-05-03,ROBT,AI ETF,28.500717163085938,28.500717163085938,28.285394622354907,28.285394622354907,4500
2018-05-04,ROBT,AI ETF,28.647531509399414,28.725830118872477,28.29518683337759,28.324549511974777,10500
2018-05-07,ROBT,AI ETF,28.83935546875,28.931356265942664,28.73561072303271,28.73561072303271,6800
2018-05-08,ROBT,AI ETF,29.011615753173828,29.02825441518621,28.83837989587694,28.862847857617805,4500
2018-05-09,ROBT,AI ETF,29.254343032836914,29.28468390503528,29.078170708275028,29.127108502201086,7000
2018-05-10,ROBT,AI ETF,29.313064575195312,29.401150726026092,29.19463755611012,29.22497842436453,7200
2018-05-11,ROBT,AI ETF,29.283702850341797,29.37178900402324,29.244552619023032,29.37178900402324,10800
2018-05-14,ROBT,AI ETF,29.204425811767578,29.479450024063016,29.1858288920127,29.36200119788574,18800
2018-05-15,ROBT,AI ETF,28.94114875793457,29.02923492063882,28.900042130910713,29.02923492063882,53000
2018-05-16,ROBT,AI ETF,29.146678924560547,29.175061533715358,28.99986743321806,28.99986743321806,4300
2018-05-17,ROBT,AI ETF,29.166259765625,29.25043128610399,29.068387901629958,29.078173594600546,7500
2018-05-18,ROBT,AI ETF,29.159406661987305,29.22498312118441,29.08795916076745,29.146684515283013,13600
2018-05-21,ROBT,AI ETF,29.293493270874023,29.43051536030861,29.26413059451549,29.410940242736253,15500
2018-05-22,ROBT,AI ETF,29.3326473236084,29.46575665546693,29.3326473236084,29.45988374569992,6700
2018-05-23,ROBT,AI ETF,29.320899963378906,29.320899963378906,29.09774808602895,29.09774808602895,7600
2018-05-24,ROBT,AI ETF,29.32774543762207,29.342425840728662,29.224978882304434,29.31306503451548,6200
2018-05-25,ROBT,AI ETF,29.27391815185547,29.371791872926465,29.264130593069773,29.27391815185547,4200
2018-05-29,ROBT,AI ETF,28.85306167602539,29.08795748015806,28.83348655898452,28.97051051148468,10200
2018-05-30,ROBT,AI ETF,29.214216232299805,29.332641399035108,29.039022104997954,29.215194428134623,3600
2018-05-31,ROBT,AI ETF,29.166259765625,29.254345936649454,29.087961154357277,29.117323833627477,5600
2018-06-01,ROBT,AI ETF,29.42464256286621,29.485324307498242,29.336558267029677,29.352216867717964,4900
2018-06-04,ROBT,AI ETF,29.684986114501953,29.6947736732308,29.44030274663867,29.44030274663867,7300
2018-06-05,ROBT,AI ETF,29.903244018554688,29.91009512315997,29.75349791310044,29.8993293683211,10800
2018-06-06,ROBT,AI ETF,30.086267471313477,30.086267471313477,29.886605374978824,30.047119102165386,22300
2018-06-07,ROBT,AI ETF,29.796560287475586,30.076477356833923,29.606685766257446,30.02754143286023,13600
2018-06-08,ROBT,AI ETF,29.888561248779297,29.890519507134158,29.75349555908354,29.75349555908354,9100
2018-06-11,ROBT,AI ETF,29.929668426513672,29.973711505846758,29.91107337233502,29.919880868130107,5900
2018-06-12,ROBT,AI ETF,30.01873207092285,30.096052473573945,29.978603642535205,30.086264915421896,5100
2018-06-13,ROBT,AI ETF,30.11562728881836,30.186094719951317,29.99817845895373,30.13520240492677,5000
2018-06-14,ROBT,AI ETF,30.262435913085938,30.30158427720652,30.190988421789044,30.20371243351218,13100
2018-06-15,ROBT,AI ETF,30.086267471313477,30.115630148264042,29.944350666231404,30.037331543181864,55500
2018-06-18,ROBT,AI ETF,30.02754020690918,30.066688571132634,29.79264442121116,29.88073057419614,7400
2018-06-19,ROBT,AI ETF,29.655620574951172,29.85136799705601,29.561663380440894,29.822005323704552,12300
2018-06-20,ROBT,AI ETF,29.893455505371094,29.919881727086782,29.782859639354974,29.782859639354974,8400
2018-06-21,ROBT,AI ETF,29.54762077331543,29.870920264370508,29.528026411767566,29.861123083596574,3700
2018-06-22,ROBT,AI ETF,29.32425308227539,29.723969884252778,29.317395241766498,29.723969884252778,10400
2018-06-25,ROBT,AI ETF,28.68549346923828,29.155747001040197,28.582623990901702,29.155747001040197,11300
2018-06-26,ROBT,AI ETF,28.822647094726562,28.901022674692744,28.714879971540103,28.754068695833805,5000
2018-06-27,ROBT,AI ETF,28.52873992919922,29.018587784745336,28.52873992919922,29.003891078416483,7400
2018-06-28,ROBT,AI ETF,28.577726364135742,28.61691322418299,28.264224009272006,28.411178004536705,5000
2018-06-29,ROBT,AI ETF,28.783462524414062,28.94021557558999,28.783462524414062,28.93041839310265,7500
2018-07-02,ROBT,AI ETF,28.763864517211914,28.763864517211914,28.479751885376512,28.479751885376512,7000
2018-07-03,ROBT,AI ETF,28.71487808227539,28.89122359275214,28.71487808227539,28.803050837513766,2700
2018-07-05,ROBT,AI ETF,28.79129409790039,28.812846772739718,28.53853133845083,28.754065561328176,6600
2018-07-06,ROBT,AI ETF,29.077369689941406,29.121456072725117,28.85204011954525,28.86183543250046,10600
2018-07-09,ROBT,AI ETF,29.430057525634766,29.430057525634766,29.27330450621734,29.361477262117905,10300
2018-07-10,ROBT,AI ETF,29.615217208862305,29.61619636626065,29.488836765499375,29.488836765499375,2600
2018-07-11,ROBT,AI ETF,29.234121322631836,29.39087249310536,29.234121322631836,29.302699726136336,3500
2018-07-12,ROBT,AI ETF,29.606403350830078,29.661266070790102,29.42222082850107,29.430059694653398,8500
2018-07-13,ROBT,AI ETF,29.709272384643555,29.753358765197927,29.68282018258669,29.753358765197927,2000
2018-07-16,ROBT,AI ETF,29.596603393554688,29.7827460821176,29.596603393554688,29.7827460821176,5000
2018-07-17,ROBT,AI ETF,29.919910430908203,29.919910430908203,29.518233436435043,29.518233436435043,4300
2018-07-18,ROBT,AI ETF,30.00807762145996,30.00807762145996,29.900312368165412,29.911088706632746,10600
2018-07-19,ROBT,AI ETF,29.959091186523438,29.9688883666969,29.826832057113265,29.8513240732364,10300
2018-07-20,ROBT,AI ETF,29.870920181274414,29.929701397133318,29.870920181274414,29.929701397133318,3100
2018-07-23,ROBT,AI ETF,29.763153076171875,29.767073443369384,29.586809428509316,29.68477749878146,3800
2018-07-24,ROBT,AI ETF,29.552518844604492,29.949294369018677,29.469243746432173,29.870918795302945,9000
2018-07-25,ROBT,AI ETF,29.988489151000977,29.991428492544767,29.4790468845775,29.4790468845775,7900
2018-07-26,ROBT,AI ETF,30.2294921875,30.33627828907812,30.155035103077687,30.33627828907812,12400
2018-07-27,ROBT,AI ETF,29.885618209838867,30.370568431175226,29.782750603944336,30.29219284545253,7000
2018-07-30,ROBT,AI ETF,29.390872955322266,29.94538074346371,29.390872955322266,29.89051801979731,7500
2018-07-31,ROBT,AI ETF,29.5819149017334,29.751402606988435,29.46925010698861,29.557422880027396,9900
2018-08-01,ROBT,AI ETF,29.694576263427734,29.73376498852383,29.59072950544135,29.73376498852383,2300
2018-08-02,ROBT,AI ETF,29.93950080871582,29.93950080871582,29.41046608932422,29.41046608932422,5000
2018-08-03,ROBT,AI ETF,29.851327896118164,29.93950066035004,29.851327896118164,29.93950066035004,1000
2018-08-06,ROBT,AI ETF,30.027673721313477,30.047268084363367,29.831735696678514,29.86112537263204,7000
2018-08-07,ROBT,AI ETF,30.174623489379883,30.18442066953546,30.076655425066242,30.076655425066242,6400
2018-08-08,ROBT,AI ETF,30.350969314575195,30.360766494833946,30.2627965608675,30.301985281902503,8100
2018-08-09,ROBT,AI ETF,30.55670738220215,30.64389911275812,30.48812898672404,30.534173679993142,13400
2018-08-10,ROBT,AI ETF,30.301990509033203,30.3509745501557,30.19422337621804,30.204020558166818,7500
2018-08-13,ROBT,AI ETF,30.145238876342773,30.36567079528224,30.076660472366353,30.223614462118878,10900
2018-08-14,ROBT,AI ETF,30.301990509033203,30.3509745501557,30.1648336989931,30.243209285961928,6500
2018-08-15,ROBT,AI ETF,29.944400787353516,29.949298443855394,29.71711103206701,29.93950126223031,14100
2018-08-16,ROBT,AI ETF,30.066862106323242,30.12662248373976,30.027673380668034,30.12662248373976,3300
2018-08-17,ROBT,AI ETF,30.217731475830078,30.217731475830078,29.934599876040707,29.978686253550002,3800
2018-08-20,ROBT,AI ETF,30.34117317199707,30.370564713778528,30.18834051825153,30.26279759586765,6600
2018-08-21,ROBT,AI ETF,30.615495681762695,30.66447972740489,30.341180167750338,30.390166082014098,7400
2018-08-22,ROBT,AI ETF,30.7624454498291,30.7624454498291,30.61549146452365,30.625288646026856,7200
2018-08-23,ROBT,AI ETF,30.722274780273438,30.88000695896375,30.693864264525402,30.693864264525402,8600
2018-08-24,ROBT,AI ETF,31.10533905029297,31.124933413124467,30.902541319091664,30.902541319091664,10100
2018-08-27,ROBT,AI ETF,31.428640365600586,31.511913604528846,31.291481694687448,31.32087137025211,17500
2018-08-28,ROBT,AI ETF,31.751935958862305,31.76173127100402,31.614779165424306,31.668662725309566,9200
2018-08-29,ROBT,AI ETF,31.967470169067383,31.996859842707888,31.745078090058527,31.76173124185686,24300
2018-08-30,ROBT,AI ETF,31.841093063354492,31.957676356774957,31.830318591967053,31.908692313599385,7600
2018-08-31,ROBT,AI ETF,31.869503021240234,31.893996911016846,31.732346207874098,31.74214525868189,15100
2018-09-04,ROBT,AI ETF,31.712745666503906,31.761729699273168,31.579509246861207,31.751934387616174,70800
2018-09-05,ROBT,AI ETF,31.330673217773438,31.64417559462881,31.10436446028736,31.64417559462881,36600
2018-09-06,ROBT,AI ETF,31.409046173095703,31.51680956316457,31.28168468288738,31.369857447301975,109300
2018-09-07,ROBT,AI ETF,31.252290725708008,31.495254453558697,31.213103871561,31.213103871561,5500
2018-09-10,ROBT,AI ETF,31.527587890625,31.529546205749355,31.340466022077702,31.448231281177467,5400
2018-09-11,ROBT,AI ETF,31.634374618530273,31.65396898073216,31.311073248062833,31.33066761026472,18400
2018-09-12,ROBT,AI ETF,31.810728073120117,31.830322440207865,31.624583454408203,31.6637721885837,8900
2018-09-13,ROBT,AI ETF,31.92829132080078,32.045853788964735,31.898901638070665,31.92829132080078,9600
2018-09-14,ROBT,AI ETF,32.126251220703125,32.2075960905356,32.02628802879299,32.07724914289753,15700
2018-09-17,ROBT,AI ETF,31.675424575805664,32.13605230963892,31.675424575805664,32.13605230963892,4300
2018-09-18,ROBT,AI ETF,31.891042709350586,31.9704248116271,31.753835383322798,31.753835383322798,16900
2018-09-19,ROBT,AI ETF,31.851837158203125,31.940042395262907,31.763631921143343,31.940042395262907,9700
2018-09-20,ROBT,AI ETF,31.995901107788086,32.10664646562437,31.970418683947287,32.008642319708486,28200
2018-09-21,ROBT,AI ETF,31.796960830688477,32.106656873525836,31.767560325106757,32.09685795120517,16300
2018-09-24,ROBT,AI ETF,31.734235763549805,31.734235763549805,31.616626272299428,31.655829436049554,7600
2018-09-25,ROBT,AI ETF,31.626436233520508,31.744042013300753,31.601933315865306,31.744042013300753,9300
2018-09-26,ROBT,AI ETF,31.625455856323242,31.817546163760227,31.597034865331885,31.744041151410702,11400
2018-09-27,ROBT,AI ETF,31.56761932373047,31.675426138125257,31.528416166019834,31.528416166019834,23900
2018-09-28,ROBT,AI ETF,31.626436233520508,31.734243089410867,31.528428301520027,31.528428301520027,12600
2018-10-01,ROBT,AI ETF,31.459815979003906,31.891043284142654,31.459815979003906,31.891043284142654,8500
2018-10-02,ROBT,AI ETF,31.254003524780273,31.47451849694723,31.230482002521512,31.430414007066187,7400
2018-10-03,ROBT,AI ETF,31.38140869140625,31.459811265107817,31.332404746206056,31.342205535246094,2700
2018-10-04,ROBT,AI ETF,30.626771926879883,31.21480632173794,30.570909472518135,31.21480632173794,19400
2018-10-05,ROBT,AI ETF,30.187707901000977,30.636574069614877,29.9995375592976,30.54836881302988,10200
2018-10-08,ROBT,AI ETF,29.823118209838867,30.03872995687978,29.529100151900167,29.989727881878,9600
2018-10-09,ROBT,AI ETF,29.519302368164062,29.770195469315144,29.499700789685402,29.499700789685402,5200
2018-10-10,ROBT,AI ETF,28.264829635620117,29.362491869819472,28.264829635620117,29.362491869819472,29300
2018-10-11,ROBT,AI ETF,28.039419174194336,28.431441429846792,27.912010772788808,28.127624415379834,10500
2018-10-12,ROBT,AI ETF,28.421642303466797,28.527488225223227,28.088422899329654,28.38243914095199,14000
2018-10-15,ROBT,AI ETF,28.304033279418945,28.391259003165263,28.138404973156494,28.32363485970277,8600
2018-10-16,ROBT,AI ETF,28.921470642089844,28.980273514991733,28.42164154914971,28.42164154914971,6400
2018-10-17,ROBT,AI ETF,28.941076278686523,28.9704767846029,28.813667855349262,28.95087707042861,10300
2018-10-18,ROBT,AI ETF,28.294235229492188,28.689197924751397,28.215830775253153,28.686257500687358,6800
2018-10-19,ROBT,AI ETF,28.147226333618164,28.480445744382777,28.078622667162456,28.372640783942256,12700
2018-10-22,ROBT,AI ETF,28.225629806518555,28.23543059700038,27.95611461085213,28.108024059355948,11700
2018-10-23,ROBT,AI ETF,28.04922103881836,28.084502388920363,27.33377829187067,27.44158511729627,11700
2018-10-24,ROBT,AI ETF,26.794748306274414,27.86104927239509,26.794748306274414,27.86104927239509,8200
2018-10-25,ROBT,AI ETF,27.333778381347656,27.431784416663607,26.912353738005816,26.990760061706293,38600
2018-10-26,ROBT,AI ETF,26.93195343017578,27.186768356403064,26.506608874340536,26.765343742616004,25800
2018-10-29,ROBT,AI ETF,26.44192886352539,27.255375835791273,26.18711390158177,27.14757087177227,5200
2018-10-30,ROBT,AI ETF,27.13776969909668,27.13776969909668,26.481131655826196,26.481131655826196,37100
2018-10-31,ROBT,AI ETF,27.804208755493164,27.961017674305083,27.52979221291743,27.52979221291743,10700
2018-11-01,ROBT,AI ETF,28.402042388916016,28.411843180119856,28.024720339462306,28.024720339462306,24900
2018-11-02,ROBT,AI ETF,28.43438148498535,28.666654411416665,28.30403266132306,28.617652331086777,7700
2018-11-05,ROBT,AI ETF,28.304033279418945,28.392238521386577,28.15702516590942,28.26483198816088,4300
2018-11-06,ROBT,AI ETF,28.411840438842773,28.411840438842773,28.22562916255577,28.37655908936086,10300
2018-11-07,ROBT,AI ETF,29.029281616210938,29.029281616210938,28.59805612490294,28.607856916672425,7500
2018-11-08,ROBT,AI ETF,28.91853141784668,29.05965869252836,28.91853141784668,29.05965869252836,4300
2018-11-09,ROBT,AI ETF,28.460844039916992,28.55884820267404,28.206029104267593,28.549047412536417,10200
2018-11-12,ROBT,AI ETF,27.74148178100586,28.353037635577483,27.666017752074534,28.353037635577483,22600
2018-11-13,ROBT,AI ETF,27.54939079284668,27.893390484566876,27.54939079284668,27.755201775367496,8300
2018-11-14,ROBT,AI ETF,27.608192443847656,27.931611023026107,27.58369140453146,27.73559896987757,8400
2018-11-15,ROBT,AI ETF,27.79440689086914,27.929653316336555,27.33377907400444,27.372982236848113,19600
2018-11-16,ROBT,AI ETF,27.882610321044922,27.9316124020967,27.62779538709461,27.62779538709461,10400
2018-11-19,ROBT,AI ETF,27.070146560668945,27.843410868026147,27.070146560668945,27.843410868026147,2000
2018-11-20,ROBT,AI ETF,26.579139709472656,26.808472254710274,26.226318683590264,26.226318683590264,15900
2018-11-21,ROBT,AI ETF,26.980955123901367,27.11816243066727,26.843745947826108,26.843745947826108,8100
2018-11-23,ROBT,AI ETF,26.961355209350586,27.0103572878446,26.931952840668497,27.0103572878446,3800
2018-11-26,ROBT,AI ETF,27.495485305786133,27.519006826199128,27.353376665172867,27.363177454454064,3400
2018-11-27,ROBT,AI ETF,27.235774993896484,27.578793323343284,27.14756974652168,27.245573915329512,4000
2018-11-28,ROBT,AI ETF,27.963956832885742,28.029620073972435,27.353380473884737,27.353380473884737,140500
2018-11-29,ROBT,AI ETF,28.068819046020508,28.157024285229305,28.019816966153186,28.019816966153186,2200
2018-11-30,ROBT,AI ETF,28.088420867919922,28.137422948209828,28.02961799771013,28.137422948209828,900
2018-12-03,ROBT,AI ETF,28.813663482666016,28.813663482666016,28.52944804251677,28.705858528483006,4900
2018-12-04,ROBT,AI ETF,27.608192443847656,28.441240865764716,27.58859086467091,28.411838496999593,7900
2018-12-06,ROBT,AI ETF,27.235774993896484,27.245573915329512,26.847670783861528,27.157368667954707,9500
2018-12-07,ROBT,AI ETF,26.667343139648438,27.245576768861778,26.657544217189134,27.245576768861778,3200
2018-12-10,ROBT,AI ETF,26.75554656982422,26.75554656982422,26.26944004256286,26.50073347845921,11400
2018-12-11,ROBT,AI ETF,26.735944747924805,27.014279342112395,26.511511696571517,26.86335128355711,5900
2018-12-12,ROBT,AI ETF,27.265174865722656,27.284776446754393,27.039762291786634,27.051522118819882,6100
2018-12-13,ROBT,AI ETF,26.89275360107422,27.03976171706835,26.775145986693147,27.03976171706835,8400
2018-12-14,ROBT,AI ETF,26.304719924926758,26.579136452464933,26.255717841474425,26.34392121782669,10400
2018-12-17,ROBT,AI ETF,25.60887908935547,26.28511869195,25.579478586618546,26.28511869195,11700
2018-12-18,ROBT,AI ETF,25.71180534362793,25.99803647528608,25.613780548069013,25.74121334319584,51400
2018-12-19,ROBT,AI ETF,25.388320922851562,26.112721601369707,25.309901472397215,26.00587573113833,4400
2018-12-20,ROBT,AI ETF,25.03543472290039,25.352053516149898,24.751163042007374,25.270693077949502,132600
2018-12-21,ROBT,AI ETF,24.32965850830078,25.025632798549022,24.32965850830078,25.025632798549022,15100
2018-12-24,ROBT,AI ETF,24.06499671936035,24.3218217420161,23.819935645356,24.123812723282082,46900
2018-12-26,ROBT,AI ETF,24.677648544311523,24.78057561275355,23.941485642123304,24.231637479954582,37300
2018-12-27,ROBT,AI ETF,24.940353393554688,24.957015869355306,24.34926552613286,24.604129236721025,103100
2018-12-28,ROBT,AI ETF,25.132478713989258,25.39028339393904,24.983481190241303,25.21187787376696,33400
2018-12-31,ROBT,AI ETF,25.211883544921875,25.407933159180878,25.12366140547209,25.407933159180878,35600
2019-01-02,ROBT,AI ETF,25.309904098510742,25.45694034966048,24.908004139523342,24.908004139523342,34000
2019-01-03,ROBT,AI ETF,24.73155975341797,25.192275706049667,24.613931501016054,25.192275706049667,84300
2019-01-04,ROBT,AI ETF,25.632410049438477,25.662797759351207,25.025639296419484,25.025639296419484,5400
2019-01-07,ROBT,AI ETF,26.143110275268555,26.235253086241013,25.770618339160123,25.770618339160123,171000
2019-01-08,ROBT,AI ETF,26.50580406188965,26.525407524939773,26.39895630734616,26.482278036562064,14600
2019-01-09,ROBT,AI ETF,26.942989349365234,27.03513216000192,26.741059678338843,26.741059678338843,5900
2019-01-10,ROBT,AI ETF,27.097867965698242,27.102770233383364,26.848886239779223,26.85280693212693,5500
2019-01-11,ROBT,AI ETF,27.024354934692383,27.054742642145932,26.839087702841034,26.93711250528257,4700
2019-01-14,ROBT,AI ETF,26.79987907409668,26.896922301666944,26.73126227285152,26.750867607398025,9000
2019-01-15,ROBT,AI ETF,27.12335777282715,27.13316043943446,27.015530309814203,27.015530309814203,4400
2019-01-16,ROBT,AI ETF,27.280197143554688,27.36841927478999,27.260591810020728,27.36841927478999,3700
2019-01-17,ROBT,AI ETF,27.407625198364258,27.43213279754572,27.142960702077254,27.142960702077254,17300
2019-01-18,ROBT,AI ETF,27.878143310546875,27.983029775459233,27.711501735275064,27.740907862303025,6000
2019-01-22,ROBT,AI ETF,27.280197143554688,27.682097132663284,27.231185679387302,27.682097132663284,3500
2019-01-23,ROBT,AI ETF,27.34881019592285,27.48604564219909,27.18020921175571,27.38802085762099,4200
2019-01-24,ROBT,AI ETF,27.848739624023438,27.897751089767105,27.740912155786287,27.740912155786287,7400
2019-01-25,ROBT,AI ETF,28.375123977661133,28.403550395955154,28.14280475522231,28.14280475522231,13800
2019-01-28,ROBT,AI ETF,28.034984588623047,28.07419338452841,27.976170459931282,28.06439071813521,7200
2019-01-29,ROBT,AI ETF,27.966365814208984,28.231030309423932,27.946760482810156,28.231030309423932,6600
2019-01-30,ROBT,AI ETF,28.333959579467773,28.333959579467773,27.88500755154083,28.00557679670135,9700
2019-01-31,ROBT,AI ETF,28.583919525146484,28.69664737906462,28.407475277390326,28.407475277390326,16900
2019-02-01,ROBT,AI ETF,28.525104522705078,28.60352397822429,28.45158546517638,28.60352397822429,20400
2019-02-04,ROBT,AI ETF,28.858388900756836,28.858388900756836,28.56431452782954,28.56431452782954,3900
2019-02-05,ROBT,AI ETF,29.020130157470703,29.054438556156608,28.927007628132895,28.936810294852798,27000
2019-02-06,ROBT,AI ETF,29.24950408935547,29.3289032473941,29.064236894375703,29.064236894375703,8700
2019-02-07,ROBT,AI ETF,28.858388900756836,29.025030484515423,28.75056144371676,29.025030484515423,32000
2019-02-08,ROBT,AI ETF,28.838783264160156,28.838783264160156,28.632931018317617,28.691747014082548,9400
2019-02-11,ROBT,AI ETF,28.897594451904297,29.025027226770057,28.83878033178704,28.877989121976157,61200
2019-02-12,ROBT,AI ETF,29.57396697998047,29.57396697998047,29.230881143109706,29.230881143109706,6000
2019-02-13,ROBT,AI ETF,29.70139503479004,29.838630478096817,29.642580913182687,29.760211026064606,14500
2019-02-14,ROBT,AI ETF,29.78961753845215,29.87783965684116,29.61317330167412,29.61317330167412,17200
2019-02-15,ROBT,AI ETF,30.18171501159668,30.18171501159668,29.92685133580172,29.92685133580172,7700
2019-02-19,ROBT,AI ETF,30.279741287231445,30.3875687423527,30.181718367667408,30.201321829779808,21800
2019-02-20,ROBT,AI ETF,30.642431259155273,30.67183925568539,30.485592350329192,30.485592350329192,11300
2019-02-21,ROBT,AI ETF,30.377763748168945,30.5444053161899,30.377763748168945,30.534602651051348,10100
2019-02-22,ROBT,AI ETF,30.83847999572754,30.858085327405846,30.495396039693805,30.495396039693805,14100
2019-02-25,ROBT,AI ETF,31.073741912841797,31.171764837186632,30.916902990289135,30.916902990289135,19600
2019-02-26,ROBT,AI ETF,30.867889404296875,31.063938990707232,30.828680608815255,30.828680608815255,25700
2019-02-27,ROBT,AI ETF,30.9717960357666,30.985519394575267,30.750261013712088,30.877691935554363,8700
2019-02-28,ROBT,AI ETF,30.916902542114258,30.9659140035762,30.825739428914332,30.926703338672716,76400
2019-03-01,ROBT,AI ETF,31.230581283569336,31.230581283569336,30.97571756334698,31.210975950552047,85500
2019-03-04,ROBT,AI ETF,31.053157806396484,31.426631366655606,30.82279981400381,31.426631366655606,14600
2019-03-05,ROBT,AI ETF,31.034528732299805,31.093342856073836,30.975714608525774,31.034528732299805,6300
2019-03-06,ROBT,AI ETF,30.84730339050293,31.152160132493677,30.82867963391327,31.152160132493677,10200
2019-03-07,ROBT,AI ETF,30.338560104370117,30.69144676089091,30.285626077574864,30.69144676089091,15900
2019-03-08,ROBT,AI ETF,30.054288864135742,30.17191899799772,29.760216333982125,30.064091531096537,9600
2019-03-11,ROBT,AI ETF,30.73065948486328,30.73065948486328,30.279746130147185,30.279746130147185,8600
2019-03-12,ROBT,AI ETF,30.80907440185547,30.904158205509177,30.749278700100454,30.789469069837363,13900
2019-03-13,ROBT,AI ETF,31.02277183532715,31.083545380562963,30.93650911174339,30.93650911174339,5900
2019-03-14,ROBT,AI ETF,30.94630241394043,30.985513070915715,30.88160632566483,30.975710406671894,5100
2019-03-15,ROBT,AI ETF,31.127653121948242,31.22077751566141,31.054135930228128,31.073741262553785,3700
2019-03-18,ROBT,AI ETF,31.171762466430664,31.240381125787696,31.06687787057195,31.152159004853093,12500
2019-03-19,ROBT,AI ETF,31.306058883666992,31.358011332009387,31.231560116018414,31.269789205565935,6000
2019-03-20,ROBT,AI ETF,31.157058715820312,31.360949669069637,30.96199072233682,31.20116977531497,5200
2019-03-21,ROBT,AI ETF,31.38057518005371,31.424692274867724,30.94922839128261,30.94922839128261,5200
2019-03-22,ROBT,AI ETF,30.664932250976562,31.33155962765193,30.65022592917369,31.33155962765193,14500
2019-03-25,ROBT,AI ETF,30.537490844726562,30.635524898370157,30.370833514485668,30.478671160478026,9800
2019-03-26,ROBT,AI ETF,30.72963523864746,30.870802842637215,30.664933030601347,30.694341935267104,11500
2019-03-27,ROBT,AI ETF,30.60611343383789,30.802181536720923,30.292405965100244,30.802181536720923,7700
2019-03-28,ROBT,AI ETF,30.69434356689453,30.802181209318373,30.51788265014424,30.606113108519388,11500
2019-03-29,ROBT,AI ETF,31.25313377380371,31.25313377380371,31.023735714574578,31.023735714574578,22000
2019-04-01,ROBT,AI ETF,31.684478759765625,31.684478759765625,31.517823332042667,31.517823332042667,14900
2019-04-02,ROBT,AI ETF,31.720752716064453,31.86094238836584,31.606056494721493,31.86094238836584,16500
2019-04-03,ROBT,AI ETF,32.076622009277344,32.19426138079268,31.98839154571879,32.03740763887617,17700
2019-04-04,ROBT,AI ETF,31.802120208740234,32.02759719393753,31.684480855525905,31.998188290555856,18300
2019-04-05,ROBT,AI ETF,32.05701446533203,32.05701446533203,31.929569632798515,31.929569632798515,8600
2019-04-08,ROBT,AI ETF,32.096229553222656,32.10603127608841,31.929570346998972,31.99819362612395,12100
2019-04-09,ROBT,AI ETF,31.929561614990234,32.04720095564876,31.929561614990234,32.03739923546356,9100
2019-04-10,ROBT,AI ETF,32.19033432006836,32.19033432006836,31.96485732870709,31.97858198261875,18000
2019-04-11,ROBT,AI ETF,32.215824127197266,32.27268233937508,32.145241261067035,32.223666252357546,9300
2019-04-12,ROBT,AI ETF,32.48835754394531,32.498163005141556,32.43541852461121,32.44914317853578,12500
2019-04-15,ROBT,AI ETF,32.52267074584961,32.59129401877903,32.46581253104749,32.566787843983036,8000
2019-04-16,ROBT,AI ETF,32.539337158203125,32.70403300626611,32.539337158203125,32.55698100495974,17800
2019-04-17,ROBT,AI ETF,32.478553771972656,32.76284855402416,32.43933940903884,32.76284855402416,22300
2019-04-18,ROBT,AI ETF,32.52561569213867,32.615805750200444,32.282491088966125,32.615805750200444,18700
2019-04-22,ROBT,AI ETF,32.63835525512695,32.65502304651104,32.49816929420618,32.49816929420618,20300
2019-04-23,ROBT,AI ETF,32.93146896362305,32.958918271106825,32.78147757063132,32.78147757063132,11400
2019-04-24,ROBT,AI ETF,32.91971206665039,33.10597471534788,32.83148160364881,32.900104881573576,39100
2019-04-25,ROBT,AI ETF,32.716773986816406,32.82166847580681,32.56972200292818,32.82166847580681,19900
2019-04-26,ROBT,AI ETF,32.86873245239258,32.90010469627642,32.6060006614688,32.733445493906224,30900
2019-04-29,ROBT,AI ETF,33.047149658203125,33.1451855731986,32.929510299896315,32.929510299896315,17700
2019-04-30,ROBT,AI ETF,33.02754592895508,33.04715311400454,32.820696297168794,33.02754592895508,14600
2019-05-01,ROBT,AI ETF,32.802066802978516,33.086365358398005,32.802066802978516,33.0471509908185,13800
2019-05-02,ROBT,AI ETF,32.77363967895508,32.821675973256525,32.47855958538905,32.71383832573013,21000
2019-05-03,ROBT,AI ETF,33.15205001831055,33.163811337111206,32.8412819444363,32.880496312939854,15400
2019-05-06,ROBT,AI ETF,32.890296936035156,32.919709581273864,32.31386144498691,32.56678775591247,16800
2019-05-07,ROBT,AI ETF,32.19719696044922,32.586393744045644,31.998189476792867,32.48835782965964,11100
2019-05-08,ROBT,AI ETF,32.19327163696289,32.3413034086983,32.07661209979418,32.223660333838446,48900
2019-05-09,ROBT,AI ETF,31.970733642578125,32.031514775183986,31.524682477158557,31.81192035528512,11500
2019-05-10,ROBT,AI ETF,31.968780517578125,32.03740378768694,31.464887511528943,31.85114116020411,133900
2019-05-13,ROBT,AI ETF,30.713951110839844,31.341366048998076,30.664935019987734,31.341366048998076,30100
2019-05-14,ROBT,AI ETF,31.32372283935547,31.44920808084825,30.841396538609487,30.841396538609487,17200
2019-05-15,ROBT,AI ETF,31.576637268066406,31.61585162497107,31.155094150401958,31.164897739628124,14900
2019-05-16,ROBT,AI ETF,31.84133529663086,31.898193508377563,31.439397402634274,31.439397402634274,16500
2019-05-17,ROBT,AI ETF,31.32175636291504,31.688402804403484,31.32175636291504,31.537427880500157,9000
2019-05-20,ROBT,AI ETF,30.78061294555664,31.2727409004946,30.67473677457708,31.2727409004946,17700
2019-05-21,ROBT,AI ETF,31.145296096801758,31.15509968777037,30.929620835179836,30.929620835179836,9300
2019-05-22,ROBT,AI ETF,31.12078857421875,31.164903799392622,31.027655393382897,31.027655393382897,22800
2019-05-23,ROBT,AI ETF,30.51788330078125,30.841394365105995,30.41004752590235,30.841394365105995,19700
2019-05-24,ROBT,AI ETF,30.826684951782227,30.876682703174705,30.64532319925556,30.64532319925556,9800
2019-05-28,ROBT,AI ETF,30.764928817749023,30.97864263979833,30.72375485247035,30.861001403399257,9400
2019-05-29,ROBT,AI ETF,30.51395606994629,30.57375740952868,30.272792985316205,30.410041378996628,23500
2019-05-30,ROBT,AI ETF,30.713951110839844,30.792377978109624,30.606113467152394,30.636504041830783,5600
2019-05-31,ROBT,AI ETF,30.312009811401367,30.33161699349933,30.24730760635313,30.33161699349933,2900
2019-06-03,ROBT,AI ETF,30.057125091552734,30.36102896541173,29.988501817117864,30.36102896541173,23600
2019-06-04,ROBT,AI ETF,30.753164291381836,30.753164291381836,30.34142278666034,30.34142278666034,19400
2019-06-05,ROBT,AI ETF,30.99825096130371,31.164908294907004,30.851198942949445,31.164908294907004,9100
2019-06-06,ROBT,AI ETF,31.135498046875,31.174710547884136,30.856102198999977,31.00805321144604,10200
2019-06-07,ROBT,AI ETF,31.500179290771484,31.55703750386111,31.33156050821438,31.36097128280287,14700
2019-06-10,ROBT,AI ETF,31.743303298950195,31.96878029051882,31.65507284662441,31.65507284662441,74000
2019-06-11,ROBT,AI ETF,31.94426918029785,32.1550417118627,31.86094146169229,32.141317058452664,6200
2019-06-12,ROBT,AI ETF,31.929561614990234,31.929561614990234,31.79231509427408,31.91975989480503,12800
2019-06-13,ROBT,AI ETF,31.945255279541016,32.01878129150828,31.927611430069394,31.99819430733251,13200
2019-06-14,ROBT,AI ETF,31.618881225585938,31.87053925980087,31.585457072594377,31.87053925980087,6300
2019-06-17,ROBT,AI ETF,31.772233963012695,31.791895449071944,31.703420636827833,31.753554988749656,6800
2019-06-18,ROBT,AI ETF,32.20478057861328,32.28342653548166,31.870542762013915,31.870542762013915,19300
2019-06-19,ROBT,AI ETF,32.450538635253906,32.450538635253906,32.194946814380934,32.224437168700305,10400
2019-06-20,ROBT,AI ETF,32.783790588378906,32.878164212752885,32.642233901862625,32.765115365880995,27700
2019-06-21,ROBT,AI ETF,32.656982421875,32.696301644353525,32.460371309302104,32.696301644353525,16500
2019-06-24,ROBT,AI ETF,32.39155960083008,32.59799959182597,32.39155960083008,32.59799959182597,7400
2019-06-25,ROBT,AI ETF,32.01307678222656,32.40138264793085,31.99833160695399,32.38172116421922,19500
2019-06-26,ROBT,AI ETF,32.00030517578125,32.11139277591936,32.00030517578125,32.09664759670919,11500
2019-06-27,ROBT,AI ETF,32.28145217895508,32.31290755257213,32.14873810261894,32.21460388495203,28100
2019-06-28,ROBT,AI ETF,32.578338623046875,32.578338623046875,32.36206600996442,32.42105047263563,9800
2019-07-01,ROBT,AI ETF,32.8427734375,33.19667263660013,32.8427734375,33.0207055487078,9800
2019-07-02,ROBT,AI ETF,32.94206237792969,33.01087945023163,32.84375870328945,33.01087945023163,15100
2019-07-03,ROBT,AI ETF,33.07969284057617,33.089521708042504,32.93714988702307,33.03053725311007,7300
2019-07-05,ROBT,AI ETF,32.74053955078125,32.75233719205181,32.450537328156805,32.696300271039085,14500
2019-07-08,ROBT,AI ETF,32.49576187133789,32.56850899860657,32.430882338945736,32.56850899860657,8700
2019-07-09,ROBT,AI ETF,32.450538635253906,32.4603712533904,32.283421627384094,32.31291198170346,11500
2019-07-10,ROBT,AI ETF,32.69728088378906,32.779856858326674,32.51541498746071,32.60781982799573,10800
2019-07-11,ROBT,AI ETF,32.56260681152344,32.715961144994864,32.51050368858971,32.715961144994864,18600
2019-07-12,ROBT,AI ETF,32.54884338378906,32.588166353004006,32.371893772366555,32.489858929966644,15300
2019-07-15,ROBT,AI ETF,32.578338623046875,32.66681344203103,32.539015647932736,32.66681344203103,11700
2019-07-16,ROBT,AI ETF,32.434814453125,32.52918809720467,32.3915614287741,32.51935922805054,13200
2019-07-17,ROBT,AI ETF,32.362060546875,32.4800294523029,32.362060546875,32.45053535092359,13200
2019-07-18,ROBT,AI ETF,32.362060546875,32.362060546875,32.05731691629795,32.22443390725379,6000
2019-07-19,ROBT,AI ETF,32.48003005981445,32.65697967122132,32.42104560599725,32.42104560599725,11200
2019-07-22,ROBT,AI ETF,32.63732147216797,32.706134800193006,32.56850814414293,32.56850814414293,13700
2019-07-23,ROBT,AI ETF,32.94206237792969,32.94206237792969,32.69138688258364,32.74545502864922,11600
2019-07-24,ROBT,AI ETF,33.30088424682617,33.30580055650635,32.96664643943923,33.04037608445976,37600
2019-07-25,ROBT,AI ETF,32.77494812011719,33.16817035163032,32.734642635134605,33.07969553704212,20000
2019-07-26,ROBT,AI ETF,32.98138427734375,33.02070724594149,32.68646951295013,32.68646951295013,11100
2019-07-29,ROBT,AI ETF,32.79461669921875,32.981395237057434,32.67665150427042,32.981395237057434,23600
2019-07-30,ROBT,AI ETF,32.76315689086914,32.78478340532673,32.46037818837115,32.6078337415161,13000
2019-07-31,ROBT,AI ETF,32.421043395996094,32.74545224481007,32.2342649300406,32.74545224481007,23700
2019-08-01,ROBT,AI ETF,31.939355850219727,32.59111744845734,31.77715139702228,32.28342249332478,8600
2019-08-02,ROBT,AI ETF,31.388845443725586,31.67393137636027,31.20010004609855,31.67393137636027,12100
2019-08-05,ROBT,AI ETF,30.3271484375,30.985793219206638,30.08826681984368,30.985793219206638,22200
2019-08-06,ROBT,AI ETF,30.69087791442871,30.80884496079459,30.356640137251745,30.533589769289268,9600
2019-08-07,ROBT,AI ETF,30.789180755615234,30.81277416280542,30.33697784701857,30.366468199739487,16600
2019-08-08,ROBT,AI ETF,31.321016311645508,31.342642823207086,30.91698267506567,30.91698267506567,8400
2019-08-09,ROBT,AI ETF,31.24138832092285,31.270878676269543,30.926810155384906,31.24138832092285,16900
2019-08-12,ROBT,AI ETF,30.75969123840332,30.975961955994986,30.72036826701076,30.975961955994986,19200
2019-08-13,ROBT,AI ETF,31.143077850341797,31.270873745077694,30.661382747072196,30.661382747072196,20700
2019-08-14,ROBT,AI ETF,30.268165588378906,30.563080376093534,30.189519644964346,30.563080376093534,12600
2019-08-15,ROBT,AI ETF,30.179689407348633,30.264230417641887,29.997823483990224,30.264230417641887,14800
2019-08-16,ROBT,AI ETF,30.769521713256836,30.823589864234236,30.405793583991255,30.405793583991255,6200
2019-08-19,ROBT,AI ETF,31.084102630615234,31.15291596522236,31.025118165218206,31.084102630615234,51400
2019-08-20,ROBT,AI ETF,30.93270492553711,31.032977370647515,30.850128941344312,30.966129073907243,10500
2019-08-21,ROBT,AI ETF,31.320032119750977,31.43799729015168,31.15291323249783,31.15291323249783,31300
2019-08-22,ROBT,AI ETF,31.256132125854492,31.408505830203133,31.202063976730056,31.359352115079776,6400
2019-08-23,ROBT,AI ETF,30.474609375,31.33969423547387,30.474609375,31.080168589829437,6900
2019-08-26,ROBT,AI ETF,30.591588973999023,30.651555944827688,30.376300761142517,30.651555944827688,12200
2019-08-27,ROBT,AI ETF,30.58274269104004,30.857996000363098,30.429386472264675,30.828505645805652,11300
2019-08-28,ROBT,AI ETF,30.435283660888672,30.44806381464418,30.11087663301177,30.29765700512955,8800
2019-08-29,ROBT,AI ETF,30.838335037231445,30.907148361545847,30.592572093238605,30.592572093238605,7300
2019-08-30,ROBT,AI ETF,31.07426643371582,31.320029371344013,31.025112721176733,31.310198628836194,15900
2019-09-03,ROBT,AI ETF,30.789180755615234,30.97596111461154,30.671215594686725,30.916978534147283,4400
2019-09-04,ROBT,AI ETF,31.246301651000977,31.26104682815328,30.985793521190164,30.985793521190164,22300
2019-09-05,ROBT,AI ETF,31.801725387573242,31.840065849186132,31.65426986223283,31.82236938612361,21600
2019-09-06,ROBT,AI ETF,31.801725387573242,31.90003282117867,31.745692212942984,31.850880979398532,19700
2019-09-09,ROBT,AI ETF,31.664091110229492,31.821379216099764,31.557923607540292,31.80171773411045,7200
2019-09-10,ROBT,AI ETF,31.536306381225586,31.622812427377962,31.457660430128495,31.555964118954506,10700
2019-09-11,ROBT,AI ETF,32.06714630126953,32.06714630126953,31.728978517031063,31.78206415032647,7300
2019-09-12,ROBT,AI ETF,32.303077697753906,32.32863800056934,32.1585697357538,32.26375473189084,3200
2019-09-13,ROBT,AI ETF,32.283416748046875,32.39155303093417,32.22934860660323,32.29324561465277,11900
2019-09-16,ROBT,AI ETF,32.1202278137207,32.18215979460491,32.07697480327454,32.07697480327454,7100
2019-09-17,ROBT,AI ETF,32.2490119934082,32.2490119934082,32.02782685629711,32.02782685629711,5600
2019-09-18,ROBT,AI ETF,31.988506317138672,32.23426926594881,31.94918334531825,32.19396378233963,12000
2019-09-19,ROBT,AI ETF,32.228370666503906,32.48003243781993,32.17528502918626,32.41220162347962,14700
2019-09-20,ROBT,AI ETF,32.029788970947266,32.29226207648385,31.90985505190979,32.207721076209296,5000
2019-09-23,ROBT,AI ETF,31.831214904785156,31.880366739480948,31.743722614002557,31.77223045312344,4700
2019-09-24,ROBT,AI ETF,31.133251190185547,31.752573011293922,31.133251190185547,31.752573011293922,9600
2019-09-25,ROBT,AI ETF,31.193296432495117,31.193296432495117,30.770035884708246,30.976743476444263,7700
2019-09-26,ROBT,AI ETF,31.227746963500977,31.23955802098539,31.120454273448633,31.20313918565195,12400
2019-09-27,ROBT,AI ETF,30.866498947143555,31.27204196324919,30.77987889254317,31.23266801641521,11400
2019-09-30,ROBT,AI ETF,31.114545822143555,31.163761371733994,31.025956330918465,31.025956330918465,4200
2019-10-01,ROBT,AI ETF,30.77003288269043,31.044659192761518,30.65092914397321,30.996427426062088,11800
2019-10-02,ROBT,AI ETF,30.230621337890625,30.445204820868362,30.061318264751083,30.415674363685138,24300
2019-10-03,ROBT,AI ETF,30.268030166625977,30.423554634959086,29.766023587348528,30.021948620555847,16400
2019-10-04,ROBT,AI ETF,30.838939666748047,30.838939666748047,30.48852053202684,30.48852053202684,12100
2019-10-07,ROBT,AI ETF,30.69227409362793,30.793660320051952,30.671603334157382,30.671603334157382,4600
2019-10-08,ROBT,AI ETF,30.178457260131836,30.37630703597605,30.178457260131836,30.37630703597605,29000
2019-10-09,ROBT,AI ETF,30.48064422607422,30.48064422607422,30.302481427067626,30.302481427067626,4200
2019-10-10,ROBT,AI ETF,30.49441909790039,30.605648792268706,30.356614058375797,30.356614058375797,11200
2019-10-11,ROBT,AI ETF,31.17361068725586,31.351773488331194,30.937372625625148,30.937372625625148,9500
2019-10-14,ROBT,AI ETF,31.132265090942383,31.17163715733233,31.03580155696138,31.124391053154987,5600
2019-10-15,ROBT,AI ETF,31.54765510559082,31.63624461700679,31.33110400960362,31.33110400960362,11800
2019-10-16,ROBT,AI ETF,31.365550994873047,31.44626645612739,31.342910788619186,31.438390540609106,5600
2019-10-17,ROBT,AI ETF,31.419689178466797,31.566353932542373,31.352754222664718,31.566353932542373,5300
2019-10-18,ROBT,AI ETF,31.262195587158203,31.41968760503181,31.061392607260824,31.41968760503181,3200
2019-10-21,ROBT,AI ETF,31.341928482055664,31.42953420011392,31.336022014501527,31.42953420011392,2400
2019-10-22,ROBT,AI ETF,31.025962829589844,31.46890850104144,31.025962829589844,31.311416456420435,12100
2019-10-23,ROBT,AI ETF,31.02301025390625,31.025963487955387,30.88815653789782,30.88815653789782,5200
2019-10-24,ROBT,AI ETF,31.311410903930664,31.311410903930664,31.212977924134456,31.232664895584286,17700
2019-10-25,ROBT,AI ETF,31.38031578063965,31.419689726493054,31.09289273474083,31.252354211522217,40400
2019-10-28,ROBT,AI ETF,31.769115447998047,31.80356669944744,31.50826596713288,31.50826596713288,9000
2019-10-29,ROBT,AI ETF,31.6953067779541,31.846892363306473,31.683493841329913,31.75436395126156,8700
2019-10-30,ROBT,AI ETF,31.744516372680664,31.744516372680664,31.537808795152287,31.577182739892752,6900
2019-10-31,ROBT,AI ETF,31.508275985717773,31.774044476363557,31.404924075959514,31.774044476363557,16000
2019-11-01,ROBT,AI ETF,31.84294319152832,31.911845708092425,31.84294319152832,31.86361394649755,7100
2019-11-04,ROBT,AI ETF,32.30557632446289,32.30557632446289,32.138242720777704,32.18745826569068,16800
2019-11-05,ROBT,AI ETF,32.3321533203125,32.3547916447361,32.13824249764144,32.13824249764144,8100
2019-11-06,ROBT,AI ETF,32.16777801513672,32.22683893431067,32.00044062159694,32.22683893431067,11600
2019-11-07,ROBT,AI ETF,32.246517181396484,32.43354151916291,32.246517181396484,32.42861883793074,11000
2019-11-08,ROBT,AI ETF,32.3154296875,32.3154296875,32.1687630467534,32.1687630467534,7500
2019-11-11,ROBT,AI ETF,32.33511734008789,32.38433665884144,32.13825508470102,32.13825508470102,3600
2019-11-12,ROBT,AI ETF,32.39811706542969,32.57135720139392,32.3912268114146,32.482767684784605,4400
2019-11-13,ROBT,AI ETF,32.285892486572266,32.33510803625812,32.20714835805605,32.24651854486129,12400
2019-11-14,ROBT,AI ETF,32.321327209472656,32.360701150790554,32.23667661505432,32.23667661505432,23000
2019-11-15,ROBT,AI ETF,32.531978607177734,32.54182397145571,32.39417354653635,32.41386052018601,10600
2019-11-18,ROBT,AI ETF,32.39023208618164,32.4827604795209,32.31542684910248,32.4827604795209,29200
2019-11-19,ROBT,AI ETF,32.43650436401367,32.54182950319816,32.31543490010189,32.54182950319816,6300
2019-11-20,ROBT,AI ETF,32.35578155517578,32.52213515889206,32.20715110812024,32.35479776978487,6400
2019-11-21,ROBT,AI ETF,32.48276138305664,32.59103785511847,32.48276138305664,32.59103785511847,4200
2019-11-22,ROBT,AI ETF,32.617610931396484,32.64910707968773,32.53984683612803,32.630407649729406,5700
2019-11-25,ROBT,AI ETF,33.1521110534668,33.17179803063109,32.86665551694496,32.86665551694496,8400
2019-11-26,ROBT,AI ETF,33.171791076660156,33.24069360483732,33.15210410362294,33.21116502273458,16000
2019-11-27,ROBT,AI ETF,33.2613639831543,33.2613639831543,33.14324590118712,33.19147767035991,8000
2019-11-29,ROBT,AI ETF,33.00740432739258,33.11666457227337,33.00346543135574,33.102884068502924,2200
2019-12-02,ROBT,AI ETF,32.62450408935547,32.97492317719708,32.564459388331336,32.97492317719708,11100
2019-12-03,ROBT,AI ETF,32.477840423583984,32.48866957332691,32.23077509945599,32.36464501853881,2100
2019-12-04,ROBT,AI ETF,32.692420959472656,32.81742928116819,32.679624240731265,32.679624240731265,7400
2019-12-05,ROBT,AI ETF,32.66486358642578,32.69931485036884,32.591038376574595,32.69931485036884,6400
2019-12-06,ROBT,AI ETF,33.02906036376953,33.04382465349125,32.94539355207591,32.94539355207591,15200
2019-12-09,ROBT,AI ETF,32.800697326660156,32.98279523461011,32.800697326660156,32.97492119730866,2800
2019-12-10,ROBT,AI ETF,32.754425048828125,32.915852160928836,32.72883161773607,32.77804715490208,5700
2019-12-11,ROBT,AI ETF,32.893226623535156,32.91586495335063,32.74853131097268,32.74853131097268,7500
2019-12-12,ROBT,AI ETF,33.28990936279297,33.28990936279297,32.87452286546123,32.89617740946225,19200
2019-12-13,ROBT,AI ETF,33.44153594970703,33.63846216023245,33.35981014501084,33.3991931334399,10800
2019-12-16,ROBT,AI ETF,33.7202033996582,33.82260672870018,33.59613847803341,33.59613847803341,12600
2019-12-17,ROBT,AI ETF,33.570533752441406,33.64536332781397,33.39920174506042,33.64536332781397,9400
2019-12-18,ROBT,AI ETF,33.487823486328125,33.50751686569568,33.40905372498599,33.47797867470838,4900
2019-12-19,ROBT,AI ETF,33.5291748046875,33.54985604347999,33.42480328592126,33.47797502881019,5400
2019-12-20,ROBT,AI ETF,33.7202033996582,33.72906786272313,33.680820393202374,33.680820393202374,2700
2019-12-23,ROBT,AI ETF,33.81275177001953,33.87183189616788,33.73004184708821,33.73004184708821,24400
2019-12-24,ROBT,AI ETF,33.81669998168945,33.81669998168945,33.714296659046454,33.78322161119769,11500
2019-12-26,ROBT,AI ETF,33.974239349365234,33.98113184378576,33.88266495482982,33.88266495482982,5500
2019-12-27,ROBT,AI ETF,33.94272994995117,34.137688009010624,33.92500478270584,34.137688009010624,4800
2019-12-30,ROBT,AI ETF,33.72906494140625,33.950608888529686,33.66013999091771,33.950608888529686,15100
2019-12-31,ROBT,AI ETF,33.854122161865234,33.92107891745948,33.76353559871778,33.79307379719154,12100
2020-01-02,ROBT,AI ETF,34.25879669189453,34.25879669189453,34.02543600845334,34.03922099603107,8300
2020-01-03,ROBT,AI ETF,34.02051544189453,34.12784303810042,33.822601311157335,33.86198806743279,19100
2020-01-06,ROBT,AI ETF,34.067779541015625,34.078612213872304,33.773370480273705,33.773370480273705,18100
2020-01-07,ROBT,AI ETF,34.1849479675293,34.27553824960802,34.058914866738625,34.058914866738625,12900
2020-01-08,ROBT,AI ETF,34.40846633911133,34.525638743719725,34.167229035505805,34.18692241320614,19100
2020-01-09,ROBT,AI ETF,34.7048454284668,34.77771055418879,34.55025822736289,34.77771055418879,18200
2020-01-10,ROBT,AI ETF,34.85254669189453,35.043568349274985,34.84171401807266,35.01403015685639,9200
2020-01-13,ROBT,AI ETF,35.335025787353516,35.348810778226515,34.954950676602216,34.954950676602216,16900
2020-01-14,ROBT,AI ETF,35.34486389160156,35.634348644993835,35.29956874898891,35.634348644993835,18600
2020-01-15,ROBT,AI ETF,35.363582611083984,35.49650824589395,35.299578179843714,35.427583286195656,29600
2020-01-16,ROBT,AI ETF,35.75251388549805,35.75251388549805,35.49650370554039,35.5457352767236,12600
2020-01-17,ROBT,AI ETF,35.80174255371094,35.91989906619558,35.76826418655019,35.91989906619558,14600
2020-01-21,ROBT,AI ETF,35.64518737792969,35.7623597980358,35.59497169963513,35.7623597980358,16500
2020-01-22,ROBT,AI ETF,35.67570877075195,35.94944036462916,35.66881627562647,35.752514078831446,13600
2020-01-23,ROBT,AI ETF,35.85392761230469,35.92974881073987,35.5555821267945,35.92974881073987,17900
2020-01-24,ROBT,AI ETF,35.68259811401367,36.05774889049374,35.50634932916056,36.038055512427874,28500
2020-01-27,ROBT,AI ETF,34.80429458618164,35.03371886803215,34.70878377022069,34.97463873494069,26500
2020-01-28,ROBT,AI ETF,35.23655319213867,35.2995697465036,34.88602008711405,34.935251652832655,12700
2020-01-29,ROBT,AI ETF,35.06325912475586,35.27003396858122,35.06325912475586,35.27003396858122,11900
2020-01-30,ROBT,AI ETF,34.895870208740234,35.05341349669351,34.684171063416,34.767868869616386,10400
2020-01-31,ROBT,AI ETF,34.35234451293945,34.82694255116553,34.30114097636258,34.82694255116553,18300
2020-02-03,ROBT,AI ETF,34.60441970825195,34.678268951503256,34.393704653211266,34.393704653211266,30000
2020-02-04,ROBT,AI ETF,35.50044250488281,35.59496922131434,35.20110915489232,35.20110915489232,23200
2020-02-05,ROBT,AI ETF,35.66881561279297,35.870669934951145,35.555583376176294,35.870669934951145,13900
2020-02-06,ROBT,AI ETF,35.87460708618164,35.91990223542561,35.75251414098095,35.75251414098095,12000
2020-02-07,ROBT,AI ETF,35.3143424987793,35.68259701325476,35.29956964858977,35.67373630804319,16900
2020-02-10,ROBT,AI ETF,35.41773223876953,35.4374256175209,35.250340397446855,35.309420533700965,19700
2020-02-11,ROBT,AI ETF,35.82143783569336,35.93959435445793,35.61465923269536,35.61465923269536,20900
2020-02-12,ROBT,AI ETF,36.14144515991211,36.15621425380581,35.91989748312373,35.96912904814526,24000
2020-02-13,ROBT,AI ETF,36.12864685058594,36.20544839798083,35.68358701054714,35.90020666329868,19500
2020-02-14,ROBT,AI ETF,36.09220886230469,36.1759066523173,35.99867001813271,36.14636470920151,11900
2020-02-18,ROBT,AI ETF,35.762359619140625,35.831284571799436,35.65404790606872,35.831284571799436,13800
2020-02-19,ROBT,AI ETF,35.978981018066406,36.07744415742307,35.8903626901942,35.8903626901942,18400
2020-02-20,ROBT,AI ETF,35.84900665283203,35.969131378777895,35.49650156291717,35.79189472831413,24000
2020-02-21,ROBT,AI ETF,35.201107025146484,35.614656689353744,35.07408605335269,35.614656689353744,24700
2020-02-24,ROBT,AI ETF,33.87184143066406,34.058922915270664,33.438594562543855,34.0293847219455,35200
2020-02-25,ROBT,AI ETF,33.059505462646484,34.14753934418572,32.94626946767718,34.11800115251031,22300
2020-02-26,ROBT,AI ETF,33.123504638671875,33.66505941306485,32.93642317293698,33.11365982726603,50300
2020-02-27,ROBT,AI ETF,31.69183349609375,32.591798095693434,31.666231725172874,32.57210847081561,43100
2020-02-28,ROBT,AI ETF,31.41022300720215,31.469301271405907,30.54373491264514,30.780049847524324,30300
2020-03-02,ROBT,AI ETF,32.291473388671875,32.291473388671875,31.311751378467928,31.587454894782887,32500
2020-03-03,ROBT,AI ETF,31.744014739990234,32.94626869383222,31.40037409699354,32.49333223684989,71300
2020-03-04,ROBT,AI ETF,32.55635070800781,32.69518847725209,31.922237377336916,32.10932261420944,12100
2020-03-05,ROBT,AI ETF,31.6839542388916,32.12901409516319,31.4899783961762,31.745002588054664,12500
2020-03-06,ROBT,AI ETF,30.871620178222656,31.016362572531623,30.317264508081802,30.622504375794822,28300
2020-03-09,ROBT,AI ETF,27.314088821411133,29.366091401467685,26.58545076651144,28.85013656206281,28300
2020-03-10,ROBT,AI ETF,29.284366607666016,29.29322919115038,28.284951153889565,29.214457557523623,31000
2020-03-11,ROBT,AI ETF,27.959033966064453,28.653209577798986,27.63410074095603,28.653209577798986,10800
2020-03-12,ROBT,AI ETF,24.862321853637695,25.88438493243605,24.714625267743735,25.610653350639616,91700
2020-03-13,ROBT,AI ETF,26.575603485107422,26.605143550292052,24.763854137853276,26.240823591936735,31900
2020-03-16,ROBT,AI ETF,23.424739837646484,24.906631911632246,23.424739837646484,23.86782961124013,29300
2020-03-17,ROBT,AI ETF,24.5472354888916,24.70379465991222,23.39519910528811,24.133683918416914,19800
2020-03-18,ROBT,AI ETF,22.723670959472656,23.473972610966296,22.16734704153172,22.942262601744268,21200
2020-03-19,ROBT,AI ETF,23.448368072509766,23.71028474568486,22.272701932937153,22.331780189855355,30900
2020-03-20,ROBT,AI ETF,23.13328742980957,24.485208335466,23.13328742980957,23.818602521438027,13700
2020-03-23,ROBT,AI ETF,23.089962005615234,23.44541946498129,22.512958700178437,22.922572019480032,23400
2020-03-24,ROBT,AI ETF,25.318212509155273,25.36449176187416,24.53738862674296,24.53738862674296,23600
2020-03-25,ROBT,AI ETF,25.73866081237793,26.516532506371867,25.08879422456582,25.56142412878112,34700
2020-03-26,ROBT,AI ETF,27.124956130981445,27.124956130981445,26.06084607572087,26.08055039061957,90800
2020-03-27,ROBT,AI ETF,26.366287231445312,26.898341373170197,26.11011231902729,26.376140329532884,18600
2020-03-30,ROBT,AI ETF,26.927900314331055,26.95745960820617,26.29731707928548,26.494373400594085,17500
2020-03-31,ROBT,AI ETF,26.793903350830078,27.23334064920489,26.63231666797161,26.95746140512614,29900
2020-04-01,ROBT,AI ETF,25.365230560302734,25.99187283941853,25.307098606439336,25.863786343460564,18600
2020-04-02,ROBT,AI ETF,25.548498153686523,25.627321056850594,25.11497124664101,25.11497124664101,12700
2020-04-03,ROBT,AI ETF,24.86864471435547,25.4401111235392,24.73464599236463,25.262759155294958,77100
2020-04-06,ROBT,AI ETF,26.898338317871094,26.94760380271305,25.952463560338597,25.962316657306985,26000
2020-04-07,ROBT,AI ETF,27.08061981201172,27.972303542345824,27.065839225814035,27.91318683541377,16000
2020-04-08,ROBT,AI ETF,27.72597885131836,27.83436103548292,27.145645927526267,27.312158187300803,24800
2020-04-09,ROBT,AI ETF,28.060977935791016,28.51421100775074,27.86392163087098,28.17921322217194,67400
2020-04-13,ROBT,AI ETF,27.994962692260742,28.09053566196809,27.58803901159963,28.09053566196809,12600
2020-04-14,ROBT,AI ETF,28.951677322387695,28.977293870258222,28.395974322698248,28.58317940054452,25700
2020-04-15,ROBT,AI ETF,28.12994956970215,28.321095532224685,28.00186305712105,28.228478668226355,12400
2020-04-16,ROBT,AI ETF,28.55362319946289,28.55362319946289,28.10039198008391,28.336860687492887,32700
2020-04-17,ROBT,AI ETF,29.272884368896484,29.322149860774854,28.93788842055537,28.97729893477171,20600
2020-04-20,ROBT,AI ETF,29.07582664489746,29.50245657560174,28.9477382514426,29.036414253284807,20600
2020-04-21,ROBT,AI ETF,28.357547760009766,28.85905965357728,28.272812634611842,28.829500364451686,21500
2020-04-22,ROBT,AI ETF,28.86890983581543,28.928028411947423,28.681706649255187,28.701410962013277,11900
2020-04-23,ROBT,AI ETF,28.93788719177246,29.319192498359325,28.888621701986043,28.888621701986043,9600
2020-04-24,ROBT,AI ETF,29.30243682861328,29.356627917395095,28.96743907913109,29.184203434258343,10300
2020-04-27,ROBT,AI ETF,30.1202335357666,30.215806527553394,29.755678274150416,29.755678274150416,8900
2020-04-28,ROBT,AI ETF,30.317285537719727,30.671987627735287,30.109389516633,30.58331351469595,22600
2020-04-29,ROBT,AI ETF,31.371545791625977,31.478941363830806,30.701550169455484,30.809932366949614,20400
2020-04-30,ROBT,AI ETF,30.888757705688477,31.164636951186086,30.831610485141223,31.12522643580918,19100
2020-05-01,ROBT,AI ETF,29.864057540893555,30.386260486508235,29.705426977149198,30.386260486508235,19200
2020-05-04,ROBT,AI ETF,29.962583541870117,30.001995931848846,29.46993994285313,29.5487628435244,11400
2020-05-05,ROBT,AI ETF,31.184337615966797,31.184337615966797,30.199050475624805,30.199050475624805,15400
2020-05-06,ROBT,AI ETF,30.622724533081055,30.87791467156522,30.622724533081055,30.691694332864316,10000
2020-05-07,ROBT,AI ETF,31.322284698486328,31.49963483688345,30.947874465757437,30.947874465757437,36700
2020-05-08,ROBT,AI ETF,31.82379150390625,31.903601031094006,31.61786683707179,31.61786683707179,183900
2020-05-11,ROBT,AI ETF,32.041542053222656,32.179481667850645,31.627719450766087,31.844483850080127,13600
2020-05-12,ROBT,AI ETF,31.263160705566406,32.03168347704783,31.263160705566406,31.962713677482686,23000
2020-05-13,ROBT,AI ETF,30.8099308013916,31.341984905365095,30.514343517596398,31.332131807976637,31700
2020-05-14,ROBT,AI ETF,30.647356033325195,30.66312136424259,29.785229785975588,30.159639951510478,18000
2020-05-15,ROBT,AI ETF,31.075958251953125,31.075958251953125,30.48478557394189,30.524196083523364,16400
2020-05-18,ROBT,AI ETF,32.533203125,32.55389406858654,31.8346347735025,31.8346347735025,70500
2020-05-19,ROBT,AI ETF,32.44648742675781,32.89380633180505,32.44648742675781,32.55290011141997,12700
2020-05-20,ROBT,AI ETF,33.12042999267578,33.32241190879607,32.839623298556745,32.839623298556745,15200
2020-05-21,ROBT,AI ETF,32.916473388671875,33.12535227581688,32.82483940032129,33.12535227581688,15000
2020-05-22,ROBT,AI ETF,33.10269546508789,33.12338640688623,32.750949454516125,32.859327893527045,28800
2020-05-26,ROBT,AI ETF,33.75593566894531,34.05152481698269,33.75593566894531,33.795348056493246,11300
2020-05-27,ROBT,AI ETF,34.04167175292969,34.0515267296563,33.24359153240263,34.0515267296563,69900
2020-05-28,ROBT,AI ETF,33.923439025878906,34.622007298694115,33.923439025878906,34.26828804681292,9600
2020-05-29,ROBT,AI ETF,34.321495056152344,34.321495056152344,33.77564508806214,34.0022607002448,10600
2020-06-01,ROBT,AI ETF,34.75108337402344,34.83877463492735,34.34711573308685,34.34711573308685,15500
2020-06-02,ROBT,AI ETF,35.05946731567383,35.07621551074501,34.68210296797591,34.880145864406735,45800
2020-06-03,ROBT,AI ETF,35.57477951049805,35.6673982535135,35.273281860561866,35.273281860561866,25300
2020-06-04,ROBT,AI ETF,35.25356674194336,35.529449650609116,35.06734831562975,35.40136129153471,16300
2020-06-05,ROBT,AI ETF,35.69399642944336,36.0339179182106,35.627980871678375,35.627980871678375,21000
2020-06-08,ROBT,AI ETF,36.02013397216797,36.04181342121366,35.62799077569006,35.73637298662655,12200
2020-06-09,ROBT,AI ETF,35.7442512512207,35.9028818091833,35.62798732397376,35.726514546967046,18500
2020-06-10,ROBT,AI ETF,35.75606918334961,35.981700015809835,35.60827461730871,35.81518400290841,11700
2020-06-11,ROBT,AI ETF,33.568729400634766,35.145187172877094,33.54902320866026,35.145187172877094,31000
2020-06-12,ROBT,AI ETF,33.94413757324219,34.52447256300164,33.43080291072672,34.29785690438382,29300
2020-06-15,ROBT,AI ETF,34.209171295166016,34.3461261498574,33.09579575531078,33.22388413812619,5500
2020-06-16,ROBT,AI ETF,34.89393615722656,35.22400636375289,34.79048148466926,35.18459398604405,11700
2020-06-17,ROBT,AI ETF,35.033851623535156,35.32057052219723,34.99739723469708,35.18558517105479,7900
2020-06-18,ROBT,AI ETF,34.905765533447266,35.00725073989701,34.78063514964204,34.8298987547284,11800
2020-06-19,ROBT,AI ETF,34.88802719116211,35.39643413206449,34.801320703798865,35.135333682797075,19800
2020-06-22,ROBT,AI ETF,35.31269073486328,35.31269073486328,34.82497466004981,34.879165752648206,10700
2020-06-23,ROBT,AI ETF,35.44078063964844,35.71173235573524,35.430925663166875,35.5294566351212,40900
2020-06-24,ROBT,AI ETF,34.622989654541016,35.25357282561637,34.44662241376461,35.15504561460041,27500
2020-06-25,ROBT,AI ETF,35.036861419677734,35.036861419677734,34.509658062837985,34.509658062837985,19300
2020-06-26,ROBT,AI ETF,34.74814224243164,35.258591413782725,34.588500476403674,35.07136155976193,40700
2020-06-29,ROBT,AI ETF,34.795440673828125,34.9038345234074,34.48995684563117,34.775731675966355,9200
2020-06-30,ROBT,AI ETF,35.485233306884766,35.485233306884766,34.903831084126,34.903831084126,6600
2020-07-01,ROBT,AI ETF,35.39654541015625,35.47045320655135,35.16989759122284,35.307860565410145,11900
2020-07-02,ROBT,AI ETF,35.72174072265625,35.82028195204149,35.62319949327101,35.72174072265625,8200
2020-07-06,ROBT,AI ETF,36.36916732788086,36.54457101390403,36.17503577139268,36.33270399116658,22900
2020-07-07,ROBT,AI ETF,36.0666389465332,36.44110238627077,35.96809771670556,36.04693370785324,13100
2020-07-08,ROBT,AI ETF,36.23416519165039,36.32285380616072,36.008502231549095,36.06664058241659,42500
2020-07-09,ROBT,AI ETF,36.227264404296875,36.43124857767034,35.74144871407377,36.22430598721658,14100
2020-07-10,ROBT,AI ETF,36.27161407470703,36.27358760619043,36.1060629765565,36.20460798196105,17700
2020-07-13,ROBT,AI ETF,35.65276336669922,36.697317756183686,35.65276336669922,36.51008414575215,21900
2020-07-14,ROBT,AI ETF,36.052833557128906,36.052833557128906,35.28321675503886,35.5246453360964,8500
2020-07-15,ROBT,AI ETF,36.55935287475586,36.66775048380392,36.224307428201406,36.470664263635356,7000
2020-07-16,ROBT,AI ETF,36.118873596191406,36.20756222047281,35.96810331082378,36.11591893766197,10800
2020-07-17,ROBT,AI ETF,36.3918342590332,36.3918342590332,36.07649779110059,36.12576840938246,10000
2020-07-20,ROBT,AI ETF,37.09345626831055,37.130904494078464,36.34256333096678,36.34256333096678,8700
2020-07-21,ROBT,AI ETF,37.02250289916992,37.35656344138498,37.02250289916992,37.24915072425429,18700
2020-07-22,ROBT,AI ETF,37.05207061767578,37.21959523891759,36.90425875563496,37.0225089970891,90400
2020-07-23,ROBT,AI ETF,36.83527374267578,37.32798739556671,36.672677335036134,37.05009542176634,14600
2020-07-24,ROBT,AI ETF,36.25387191772461,36.395770684760386,35.997658710041435,36.39183114073544,17700
2020-07-27,ROBT,AI ETF,37.02250289916992,37.02250289916992,36.60369705370736,36.60369705370736,8800
2020-07-28,ROBT,AI ETF,36.617496490478516,36.98210356938594,36.60764011155534,36.781077796817485,5400
2020-07-29,ROBT,AI ETF,37.24521255493164,37.38612643688598,36.579061217869054,36.717020441785294,10600
2020-07-30,ROBT,AI ETF,37.07474136352539,37.12105357084005,36.47461484981149,36.6874668071798,7500
2020-07-31,ROBT,AI ETF,36.58103561401367,36.92396390988792,36.18784805744797,36.92396390988792,9100
2020-08-03,ROBT,AI ETF,37.241275787353516,37.26886763697894,36.786010268534056,36.786010268534056,12600
2020-08-04,ROBT,AI ETF,37.26886749267578,37.27872387270817,36.91411299366105,36.91411299366105,11100
2020-08-05,ROBT,AI ETF,37.63346862792969,37.722157238579605,37.46594778509481,37.46594778509481,7500
2020-08-06,ROBT,AI ETF,37.8601188659668,37.8601188659668,37.536899551201195,37.70245063248793,14000
2020-08-07,ROBT,AI ETF,37.456092834472656,37.71723424625173,37.13385841395251,37.534928828769836,14100
2020-08-10,ROBT,AI ETF,37.367408752441406,37.54478600201564,37.061928635258326,37.495515379157816,12700
2020-08-11,ROBT,AI ETF,37.14371109008789,37.68274068208451,37.126956751371715,37.68274068208451,13200
2020-08-12,ROBT,AI ETF,37.72807312011719,37.83055766095548,37.436388952497836,37.436388952497836,20100
2020-08-13,ROBT,AI ETF,37.998085021972656,38.1163352671467,37.62362152662941,37.62362152662941,7600
2020-08-14,ROBT,AI ETF,37.653167724609375,37.791126913986005,37.59896893462485,37.77142168045161,8100
2020-08-17,ROBT,AI ETF,38.10154342651367,38.10154342651367,37.83054944403519,37.83054944403519,9800
2020-08-18,ROBT,AI ETF,38.123233795166016,38.25922327073255,38.01779458684653,38.20502445774277,34900
2020-08-19,ROBT,AI ETF,37.8857421875,38.155751348671785,37.88180264302002,38.14589496925718,18700
2020-08-20,ROBT,AI ETF,37.94290542602539,37.958671124657855,37.57435496695909,37.594063969803635,12400
2020-08-21,ROBT,AI ETF,37.85026168823242,37.85026168823242,37.67682778002193,37.771429460539196,7200
2020-08-24,ROBT,AI ETF,38.214874267578125,38.355791922807065,38.03749703067913,38.19516526802187,17200
2020-08-25,ROBT,AI ETF,38.56962966918945,38.56962966918945,38.31342018700947,38.372543427993186,26900
2020-08-26,ROBT,AI ETF,39.34910202026367,39.42104005628178,38.63860818969256,38.63860818969256,23300
2020-08-27,ROBT,AI ETF,39.08205032348633,39.48607540494954,38.934234710638265,39.48607540494954,11500
2020-08-28,ROBT,AI ETF,39.446659088134766,39.45651546760187,39.29884722809437,39.29884722809437,12600
2020-08-31,ROBT,AI ETF,39.57475280761719,39.622053639961926,39.19043683403401,39.34810502214778,18000
2020-09-01,ROBT,AI ETF,40.081268310546875,40.081268310546875,39.486070153093266,39.486070153093266,18400
2020-09-02,ROBT,AI ETF,40.60552215576172,40.6143898895455,40.07733000910667,40.38281385223472,15600
2020-09-03,ROBT,AI ETF,38.71744155883789,40.077328597920435,38.3676153000017,40.077328597920435,59300
2020-09-04,ROBT,AI ETF,38.19516372680664,38.81598403090238,37.130904107463955,38.717442796204644,40700
2020-09-08,ROBT,AI ETF,37.259010314941406,37.791138239276236,37.24915393611446,37.534928776382216,20600
2020-09-09,ROBT,AI ETF,38.136043548583984,38.14097173844631,37.702453059277815,37.8601213029053,22800
2020-09-10,ROBT,AI ETF,37.584197998046875,38.421813489210535,37.449193430521746,38.421813489210535,16400
2020-09-11,ROBT,AI ETF,37.60588073730469,37.878844559241095,37.41668110470104,37.8404152046861,18300
2020-09-14,ROBT,AI ETF,38.38140869140625,38.397174385228524,38.09661876198917,38.09661876198917,8000
2020-09-15,ROBT,AI ETF,38.79628372192383,38.87511973462581,38.65832445880335,38.65832445880335,21400
2020-09-16,ROBT,AI ETF,38.54006576538086,39.03277945962688,38.530209386395924,38.8849638477102,12200
2020-09-17,ROBT,AI ETF,38.31341552734375,38.31341552734375,37.869972478360395,38.1064729317469,14500
2020-09-18,ROBT,AI ETF,38.24443817138672,38.441520641133245,37.80099509624273,38.402106402648236,6900
2020-09-21,ROBT,AI ETF,37.43442153930664,37.51522732186577,36.963386528906014,37.41668606842303,51600
2020-09-22,ROBT,AI ETF,37.61376190185547,37.663036278942414,37.20086908598153,37.25901119693696,15400
2020-09-23,ROBT,AI ETF,37.01462173461914,37.800993076768265,36.9830865864087,37.78128407902511,12900
2020-09-24,ROBT,AI ETF,36.99490737915039,37.27486603940177,36.67059093899162,36.67059093899162,10300
2020-09-25,ROBT,AI ETF,37.572566986083984,37.61002441312843,36.880554088856705,36.90717025878147,8000
2020-09-28,ROBT,AI ETF,38.11276626586914,38.44497202986047,38.08023873274796,38.44497202986047,34000
2020-09-29,ROBT,AI ETF,38.319786071777344,38.435121576184024,38.16403369144999,38.28232487732984,13000
2020-09-30,ROBT,AI ETF,38.3878059387207,38.640163236676706,38.29711239073008,38.38583172391454,9600
2020-10-01,ROBT,AI ETF,38.87871551513672,38.87871551513672,38.50412612298178,38.50412612298178,11800
2020-10-02,ROBT,AI ETF,38.41244125366211,38.52580628883101,37.99151992777125,37.99151992777125,7000
2020-10-05,ROBT,AI ETF,39.099525451660156,39.115296605392935,38.62241232736169,38.62241232736169,15800
2020-10-06,ROBT,AI ETF,38.89842224121094,39.47805532481492,38.87378028613826,39.00685737267372,10400
2020-10-07,ROBT,AI ETF,39.677188873291016,39.726476554592175,39.08572917685899,39.08572917685899,28000
2020-10-08,ROBT,AI ETF,39.993621826171875,40.046854179289554,39.75605421239945,39.75605421239945,17800
2020-10-09,ROBT,AI ETF,40.741817474365234,40.741817474365234,40.367224358678946,40.367224358678946,24300
2020-10-12,ROBT,AI ETF,40.95868682861328,41.06613675508196,40.82067981869515,40.82067981869515,13400
2020-10-13,ROBT,AI ETF,40.96854782104492,41.00797571045575,40.79110915726432,40.79110915726432,11000
2020-10-14,ROBT,AI ETF,40.830535888671875,41.0483914232779,40.71224470297606,41.047406196121706,13000
2020-10-15,ROBT,AI ETF,40.5712776184082,40.611694489889665,40.041917380951155,40.041917380951155,11500
2020-10-16,ROBT,AI ETF,40.63337707519531,40.86010336947104,40.6195763769386,40.63337707519531,11200
2020-10-19,ROBT,AI ETF,40.44016647338867,40.98036795892382,40.39679392155155,40.800958868569275,10200
2020-10-20,ROBT,AI ETF,40.53184509277344,40.82560444471026,40.5249447431683,40.70730951398625,10500
2020-10-21,ROBT,AI ETF,40.32286071777344,40.722099531495836,40.32286071777344,40.49537321971213,5700
2020-10-22,ROBT,AI ETF,40.52494430541992,40.52494430541992,40.07149169043493,40.308074028510376,11200
2020-10-23,ROBT,AI ETF,40.712242126464844,40.712242126464844,40.37018030446456,40.61366677135826,14400
2020-10-26,ROBT,AI ETF,39.54902648925781,40.11091416696551,39.27301254523522,40.11091416696551,55100
2020-10-27,ROBT,AI ETF,39.60818862915039,39.860545940268636,39.593402699583315,39.854630816359936,9200
2020-10-28,ROBT,AI ETF,38.44497299194336,39.016720549127335,38.44497299194336,38.95757308308496,27200
2020-10-29,ROBT,AI ETF,38.997005462646484,39.1350124589398,38.53369303759726,38.53369303759726,16500
2020-10-30,ROBT,AI ETF,38.19853210449219,38.78999174259182,38.11966881386095,38.78999174259182,15600
2020-11-02,ROBT,AI ETF,38.72098922729492,39.01179291837537,38.410473473464506,38.809708551304865,16700
2020-11-03,ROBT,AI ETF,39.6693000793457,39.76590497977828,39.184301362596344,39.184301362596344,16600
2020-11-04,ROBT,AI ETF,40.52494430541992,40.67280732661496,39.98277237355452,40.08134772101788,9900
2020-11-05,ROBT,AI ETF,41.51072692871094,41.560014619192565,41.076986227489215,41.076986227489215,35000
2020-11-06,ROBT,AI ETF,41.76700973510742,41.826157198065694,41.38256062689953,41.54028343437991,15100
2020-11-09,ROBT,AI ETF,42.24018096923828,43.50196727347959,42.15146164909951,43.50196727347959,16700
2020-11-10,ROBT,AI ETF,41.71772384643555,41.99373783122474,41.500853566724885,41.99373783122474,14100
2020-11-11,ROBT,AI ETF,42.26974868774414,42.26974868774414,41.94444332119299,41.94444332119299,11600
2020-11-12,ROBT,AI ETF,41.9986686706543,42.417619552812894,41.8892483013097,42.29932837958886,14400
2020-11-13,ROBT,AI ETF,42.516204833984375,42.53789111350815,42.2401870425287,42.328906375423536,13400
2020-11-16,ROBT,AI ETF,43.24566650390625,43.24566650390625,42.88093318262366,42.88093318262366,26500
2020-11-17,ROBT,AI ETF,43.35212707519531,43.44971719256855,43.049496932394625,43.24566239412753,16800
2020-11-18,ROBT,AI ETF,43.21017837524414,43.67349079831378,43.1865216447272,43.41324796058443,25800
2020-11-19,ROBT,AI ETF,43.896278381347656,43.896278381347656,43.1963835168321,43.31467470622973,120000
2020-11-20,ROBT,AI ETF,44.290584564208984,44.42563588848873,43.9849949371111,44.0047107608344,15900
2020-11-23,ROBT,AI ETF,44.75389862060547,44.79628595094189,44.30833151767495,44.46802480701109,101600
2020-11-24,ROBT,AI ETF,45.21326446533203,45.236921197375246,44.748966785253224,45.236921197375246,25100
2020-11-25,ROBT,AI ETF,45.8283805847168,45.9170999027759,45.00033486963461,45.16791371463042,19300
2020-11-27,ROBT,AI ETF,46.69881820678711,46.88315721061549,46.26212192326393,46.26212192326393,11500
2020-11-30,ROBT,AI ETF,46.03539276123047,46.843722684113025,45.907241794800214,46.843722684113025,12800
2020-12-01,ROBT,AI ETF,46.52827453613281,46.94229550633382,46.31140426007983,46.94229550633382,25900
2020-12-02,ROBT,AI ETF,46.61699676513672,46.656428410593264,46.16452935068763,46.3311229761898,23900
2020-12-03,ROBT,AI ETF,46.922584533691406,47.12565413172235,46.54799516777432,46.54799516777432,21300
2020-12-04,ROBT,AI ETF,47.88863754272461,47.88863754272461,47.08030387925953,47.08030387925953,21800
2020-12-07,ROBT,AI ETF,47.780208587646484,47.962573384741624,47.57812420551409,47.740776938390056,33400
2020-12-08,ROBT,AI ETF,47.86004638671875,47.93792444672612,47.66190670251556,47.66190670251556,27500
2020-12-09,ROBT,AI ETF,47.32083511352539,48.174508031307965,47.03101666263902,47.878778218109005,20600
2020-12-10,ROBT,AI ETF,47.53376770019531,47.53376770019531,46.58742689460726,47.28732552632107,23400
2020-12-11,ROBT,AI ETF,47.36617660522461,47.44503989177291,46.88315213654597,47.139450297010974,15200
2020-12-14,ROBT,AI ETF,47.4489860534668,47.79992245289097,47.31689417032234,47.65205565444515,15100
2020-12-15,ROBT,AI ETF,47.987220764160156,47.99707679661038,47.66388950198241,47.681631112474655,16000
2020-12-16,ROBT,AI ETF,48.23365783691406,48.302661337992774,47.898496362927965,48.302661337992774,25300
2020-12-17,ROBT,AI ETF,48.78569030761719,48.78569030761719,48.48995671541639,48.48995671541639,57700
2020-12-18,ROBT,AI ETF,48.716678619384766,48.912847849113646,48.499812101323656,48.87440519311429,26500
2020-12-21,ROBT,AI ETF,48.618106842041016,48.618106842041016,47.79992086297293,47.86892436384342,26700
2020-12-22,ROBT,AI ETF,49.051841735839844,49.051841735839844,48.519529573034426,48.598389102172455,38900
2020-12-23,ROBT,AI ETF,49.21942901611328,49.38700788168772,49.11099386290206,49.25886066462808,22200
2020-12-24,ROBT,AI ETF,49.2598762512207,49.3388201703348,49.13159802904017,49.319084190556275,9500
2020-12-28,ROBT,AI ETF,49.30922317504883,49.68419553680513,49.1513390847689,49.457237392293585,15200
2020-12-29,ROBT,AI ETF,49.092124938964844,49.694059133461806,48.98357893480924,49.694059133461806,18700
2020-12-30,ROBT,AI ETF,49.61511993408203,49.762151676538764,49.32895761730519,49.32895761730519,50400
2020-12-31,ROBT,AI ETF,49.48684310913086,49.56578327192384,49.250015092244645,49.56578327192384,27400
2021-01-04,ROBT,AI ETF,49.269752502441406,50.162784058588755,48.93424833127357,49.93089097148329,122100
2021-01-05,ROBT,AI ETF,49.956546783447266,50.01969966666746,49.39803317898702,49.39803317898702,22800
2021-01-06,ROBT,AI ETF,49.91609191894531,50.414415141075075,49.65459673002445,49.74340677194605,32900
2021-01-07,ROBT,AI ETF,51.27290725708008,51.27290725708008,49.899316022768716,49.899316022768716,28200
2021-01-08,ROBT,AI ETF,51.943912506103516,52.1363336156041,51.408093608440254,51.56893639547907,53000
2021-01-11,ROBT,AI ETF,51.884708404541016,52.052458596969196,51.213700106321326,51.51959840175,36500
2021-01-12,ROBT,AI ETF,51.83537292480469,52.020886652185425,51.56894279453094,51.88471476557142,37300
2021-01-13,ROBT,AI ETF,51.91431427001953,52.032726400596594,51.71991691301183,51.79590213944247,38600
2021-01-14,ROBT,AI ETF,52.891212463378906,52.90897597403456,51.68734783944647,51.68734783944647,46300
2021-01-15,ROBT,AI ETF,52.121543884277344,52.89122848934539,52.0998354297338,52.62480209855591,33900
2021-01-19,ROBT,AI ETF,53.581966400146484,53.581966400146484,52.9010919295768,52.9010919295768,52200
2021-01-20,ROBT,AI ETF,54.43848419189453,54.631891539016195,54.14442446924376,54.14442446924376,23500
2021-01-21,ROBT,AI ETF,54.558876037597656,54.588478129365356,54.18389989677377,54.33191788411982,28300
2021-01-22,ROBT,AI ETF,54.8746337890625,54.90818457666693,54.09507956398095,54.23322765161503,27500
2021-01-25,ROBT,AI ETF,55.545654296875,56.7149821288476,54.92891893764763,55.772612457360204,54600
2021-01-26,ROBT,AI ETF,55.673927307128906,55.92062142762683,55.0522608337367,55.92062142762683,44400
2021-01-27,ROBT,AI ETF,55.8515510559082,56.937007516187876,54.68715442927851,55.131204628290476,49700
2021-01-28,ROBT,AI ETF,54.233238220214844,55.654198859650876,53.877998060355836,54.86477460918473,32700
2021-01-29,ROBT,AI ETF,52.95043182373047,54.30231470199414,52.723473659077,54.30231470199414,23000
2021-02-01,ROBT,AI ETF,54.34178161621094,54.4029620303074,53.137913080268476,53.41421306027796,45900
2021-02-02,ROBT,AI ETF,54.47006607055664,54.7463622987664,54.09015499251443,54.7463622987664,30600
2021-02-03,ROBT,AI ETF,54.86476516723633,55.03646404638583,54.41578387219857,54.57860287815592,42500
2021-02-04,ROBT,AI ETF,55.47657775878906,55.486443867824114,54.904245564159076,54.904245564159076,30300
2021-02-05,ROBT,AI ETF,56.098243713378906,56.12784956870154,55.53578139754689,55.80221150992843,44000
2021-02-08,ROBT,AI ETF,57.18369674682617,57.18369674682617,56.650836553728944,56.650836553728944,44900
2021-02-09,ROBT,AI ETF,57.489593505859375,57.51821312424854,56.85904342347498,57.04258465365216,36400
2021-02-10,ROBT,AI ETF,57.24290466308594,57.94351885794297,56.749516399688616,57.74616279973329,44900
2021-02-11,ROBT,AI ETF,57.45999526977539,57.72642537707231,56.92812505388482,57.617879359552795,50400
2021-02-12,ROBT,AI ETF,58.48624801635742,58.4961141258297,57.390925416493566,57.70669361916103,54400
2021-02-16,ROBT,AI ETF,58.131004333496094,58.930294665576895,57.91884723225417,58.88095282843633,56600
2021-02-17,ROBT,AI ETF,57.15409851074219,57.598148730839405,56.54229807652712,57.598148730839405,52400
2021-02-18,ROBT,AI ETF,56.3942756652832,56.4475586725623,55.67392554370266,56.236391583735525,33800
2021-02-19,ROBT,AI ETF,56.75938415527344,57.09488831243627,56.364672053580605,56.404144016600604,34600
2021-02-22,ROBT,AI ETF,55.496315002441406,56.4929576647976,55.42723718061111,56.25612963578266,73300
2021-02-23,ROBT,AI ETF,54.558876037597656,54.761163271766556,53.06884134772719,54.33191788411982,54100
2021-02-24,ROBT,AI ETF,55.2496223449707,55.259488454494424,53.88786961120813,54.08522567996783,52900
2021-02-25,ROBT,AI ETF,53.522762298583984,55.26935349815145,53.15765226093081,55.06213132386431,49100
2021-02-26,ROBT,AI ETF,52.95043182373047,53.78919042198258,52.66426570837237,53.41421802694849,31400
2021-03-01,ROBT,AI ETF,54.78583908081055,54.81544117522028,53.947076684744836,53.947076684744836,59000
2021-03-02,ROBT,AI ETF,53.6016960144043,54.81543058603925,53.6016960144043,54.81543058603925,32200
2021-03-03,ROBT,AI ETF,52.17087173461914,53.68064231713308,52.14126964461515,53.55236032002653,127300
2021-03-04,ROBT,AI ETF,50.562435150146484,52.39783648268143,49.980236799705395,51.855110100059335,69300
2021-03-05,ROBT,AI ETF,50.828857421875,50.910760054577935,48.91451230813419,50.69070930990709,44100
2021-03-08,ROBT,AI ETF,49.4375,50.90779860723952,49.4375,50.670970596449635,41400
2021-03-09,ROBT,AI ETF,51.22357177734375,51.44066382806452,50.10851319535145,50.10851319535145,54500
2021-03-10,ROBT,AI ETF,51.40118408203125,52.131400292138025,51.31237405329196,51.40118408203125,26100
2021-03-11,ROBT,AI ETF,53.04910659790039,53.12805053012048,52.39290304152678,52.57545429734146,37700
2021-03-12,ROBT,AI ETF,53.00963592529297,53.02937190742811,52.111669441539476,52.97016396102269,22400
2021-03-15,ROBT,AI ETF,53.443817138671875,53.51289119518015,52.94549393307323,53.12804894770439,25200
2021-03-16,ROBT,AI ETF,53.424076080322266,53.996408224731496,53.06390478621422,53.77931620247235,15100
2021-03-17,ROBT,AI ETF,53.57209777832031,53.70037601470967,52.62479322954183,53.16751955868031,31400
2021-03-18,ROBT,AI ETF,52.121543884277344,53.40435281414218,52.121543884277344,53.40435281414218,25000
2021-03-19,ROBT,AI ETF,52.52611541748047,52.69386938875235,51.84524095165107,52.26955517020171,22000
2021-03-22,ROBT,AI ETF,52.851749420166016,53.176397465475034,52.53598124892371,52.53598124892371,50700
2021-03-23,ROBT,AI ETF,51.539337158203125,52.54584965973382,51.44066101196144,52.496511586612975,19700
2021-03-24,ROBT,AI ETF,50.493350982666016,51.66761741014894,50.493350982666016,51.559071394406466,23600
2021-03-25,ROBT,AI ETF,50.62163162231445,50.87819560978066,49.73945247370948,50.522955482060354,26300
2021-03-26,ROBT,AI ETF,51.61531448364258,51.61827695105963,50.735111585215094,50.85845864026176,28900
2021-03-29,ROBT,AI ETF,50.651241302490234,51.42092579453153,50.64729260031022,51.3222458825687,49200
2021-03-30,ROBT,AI ETF,50.76866149902344,50.93739791851951,50.2377737957439,50.48348166720658,25400
2021-03-31,ROBT,AI ETF,51.41105270385742,51.62814473233607,50.749914274223016,50.749914274223016,21400
2021-04-01,ROBT,AI ETF,52.30902099609375,52.42645065277848,52.05246076046543,52.05246076046543,33600
2021-04-05,ROBT,AI ETF,53.08858108520508,53.176404896481856,52.69387269812141,52.871492789797976,17100
2021-04-06,ROBT,AI ETF,52.759979248046875,53.00963584564024,52.6741316783544,52.930691917218304,21100
2021-04-07,ROBT,AI ETF,52.30902099609375,52.91095526783185,52.22021095986594,52.91095526783185,16900
2021-04-08,ROBT,AI ETF,52.940555572509766,53.049097814961065,52.71359368708031,52.71359368708031,23000
2021-04-09,ROBT,AI ETF,53.09844207763672,53.09844207763672,52.683994011630766,52.95042410458029,18500
2021-04-12,ROBT,AI ETF,52.77281188964844,53.039242022214694,52.575455817645214,53.039242022214694,28000
2021-04-13,ROBT,AI ETF,53.276058197021484,53.305660283740764,52.87049003485104,52.87148003342774,36500
2021-04-14,ROBT,AI ETF,53.28001022338867,53.927337629819505,53.177385376287056,53.53262552119678,25300
2021-04-15,ROBT,AI ETF,53.609596252441406,53.69051265336088,53.41125395243918,53.562230646153274,23900
2021-04-16,ROBT,AI ETF,53.51288986206055,53.808922063186046,53.424079825297525,53.808922063186046,31700
2021-04-19,ROBT,AI ETF,52.891212463378906,53.5434747222028,52.70274007197865,53.473410678160924,23500
2021-04-20,ROBT,AI ETF,51.943912506103516,52.72248058232372,51.759385036155,52.555712860304,44200
2021-04-21,ROBT,AI ETF,52.762939453125,52.762939453125,51.746557121672346,51.87483911773016,25200
2021-04-22,ROBT,AI ETF,52.6445198059082,53.295792083935304,52.486635731363855,52.98989380689808,28900
2021-04-23,ROBT,AI ETF,53.503021240234375,53.60366985005244,52.772804998451996,52.772804998451996,22500
2021-04-26,ROBT,AI ETF,54.08522033691406,54.17304037218663,53.50302206192772,53.50302206192772,16000
2021-04-27,ROBT,AI ETF,53.68064498901367,53.986543305623385,53.59183495032775,53.95694121414599,19800
2021-04-28,ROBT,AI ETF,53.35500717163086,53.557298169001946,53.24646115004187,53.49315528483367,25900
2021-04-29,ROBT,AI ETF,52.87148666381836,53.67077321949916,52.55670471948366,53.67077321949916,22200
2021-04-30,ROBT,AI ETF,51.95378112792969,52.64452162527455,51.8847070781952,52.545845486869105,23900
2021-05-03,ROBT,AI ETF,51.72682189941406,52.27941809001852,51.71695579076648,52.239946126921,20800
2021-05-04,ROBT,AI ETF,50.5229606628418,51.2038351346224,49.98023430728446,51.2038351346224,52100
2021-05-05,ROBT,AI ETF,50.74004364013672,51.01634360794175,50.57426591800577,50.76964949355543,24700
2021-05-06,ROBT,AI ETF,50.453880310058594,50.522954359552486,49.98022807170617,50.522954359552486,25000
2021-05-07,ROBT,AI ETF,50.99660873413086,51.282774816452005,50.52295647593735,50.52295647593735,15500
2021-05-10,ROBT,AI ETF,49.819393157958984,51.036090476049154,49.78288365591657,51.036090476049154,60300
2021-05-11,ROBT,AI ETF,49.63683319091797,49.79274482252466,48.7961021430214,48.9835883362041,73400
2021-05-12,ROBT,AI ETF,48.21390151977539,49.180942060679456,48.08561951778447,49.12173411416356,45000
2021-05-13,ROBT,AI ETF,48.440860748291016,48.93424902082841,48.01654653276856,48.14482853761934,32000
2021-05-14,ROBT,AI ETF,49.66446304321289,49.72366722408029,48.84543674151345,48.84543674151345,9800
2021-05-17,ROBT,AI ETF,49.23028564453125,49.329951801017664,48.894781438560884,49.24015551884886,19200
2021-05-18,ROBT,AI ETF,49.44440841674805,49.96937498892404,49.41776879397688,49.41776879397688,9700
2021-05-19,ROBT,AI ETF,49.24606704711914,49.29935382216107,48.569141308507206,48.983585638269616,37900
2021-05-20,ROBT,AI ETF,50.18745422363281,50.26639438752857,49.54111680998743,49.565783964343865,10700
2021-05-21,ROBT,AI ETF,50.35520935058594,50.60190350380535,50.325607256760904,50.49335747410816,10100
2021-05-24,ROBT,AI ETF,50.74004364013672,50.863390697329876,50.424275474862505,50.424275474862505,18200
2021-05-25,ROBT,AI ETF,50.838722229003906,51.05087931245677,50.74991219955263,50.858458209354566,12300
2021-05-26,ROBT,AI ETF,51.174224853515625,51.31237294763258,50.83872072598021,50.83872072598021,16000
2021-05-27,ROBT,AI ETF,51.480133056640625,51.56894310059229,51.04101777383903,51.30251673299126,21500
2021-05-28,ROBT,AI ETF,51.618282318115234,52.1708747730584,51.618282318115234,51.75643043185102,21600
2021-06-01,ROBT,AI ETF,51.80577850341797,52.06233879782958,51.534413396031596,52.06233879782958,91100
2021-06-02,ROBT,AI ETF,52.32184982299805,52.34849321041931,51.825502863603795,52.16100702826465,23400
2021-06-03,ROBT,AI ETF,52.14126968383789,52.67412988983188,51.95378350658233,52.348491842528816,16900
2021-06-04,ROBT,AI ETF,52.66426467895508,52.74320861168482,52.39783455237304,52.39783455237304,12600
2021-06-07,ROBT,AI ETF,53.018516540527344,53.048118632016795,52.61492454622105,52.74320654976493,28500
2021-06-08,ROBT,AI ETF,53.25633239746094,53.39842545227633,52.86162026590873,53.17738846544895,16100
2021-06-09,ROBT,AI ETF,52.84188461303711,53.26619883961779,52.822148629910814,53.25633273018159,46800
2021-06-10,ROBT,AI ETF,53.108306884765625,53.14185767469318,52.80240483792817,52.80240483792817,17900
2021-06-11,ROBT,AI ETF,53.42704391479492,53.45368353880421,53.1675212021064,53.21685927641611,17100
2021-06-14,ROBT,AI ETF,53.720115661621094,53.759587628243175,53.453685533302924,53.453685533302924,15300
2021-06-15,ROBT,AI ETF,53.39447784423828,53.79806983047137,53.32540378930877,53.78918619179924,10500
2021-06-16,ROBT,AI ETF,53.11818313598633,53.443817437883624,52.68399904778489,53.40434547272826,9400
2021-06-17,ROBT,AI ETF,53.29580307006836,53.419150146365205,52.76294656129907,52.8813587005529,10300
2021-06-18,ROBT,AI ETF,52.5853271484375,53.08858156994687,52.44717902348411,52.93069746082098,13800
2021-06-21,ROBT,AI ETF,52.84188461303711,53.088578755735,52.323829171923876,52.585324360903016,15900
2021-06-22,ROBT,AI ETF,53.424076080322266,53.42506231471386,52.92082175011191,52.93068785828124,9700
2021-06-23,ROBT,AI ETF,53.522762298583984,53.81681828061783,53.43395225756752,53.43395225756752,19800
2021-06-24,ROBT,AI ETF,53.89993667602539,54.05001843788126,53.6442070865759,53.6442070865759,18700
2021-06-25,ROBT,AI ETF,54.01940155029297,54.177381739471834,53.940413338975944,54.01940155029297,12800
2021-06-28,ROBT,AI ETF,54.3748664855957,54.402512928894716,54.01941006229671,54.01941006229671,12000
2021-06-29,ROBT,AI ETF,54.364990234375,54.427194727065704,54.12801804802104,54.325494242225155,34600
2021-06-30,ROBT,AI ETF,53.604713439941406,54.137898075159754,53.545469447179784,54.137898075159754,19800
2021-07-01,ROBT,AI ETF,53.55534362792969,53.74294394923045,53.39242547791978,53.74294394923045,16900
2021-07-02,ROBT,AI ETF,53.515846252441406,53.85155465900183,53.515846252441406,53.73306668030154,24000
2021-07-06,ROBT,AI ETF,53.634334564208984,53.68370267583502,53.150521797110116,53.60471445054245,26600
2021-07-07,ROBT,AI ETF,53.38747787475586,53.89104228973196,53.06657957368985,53.782430209382426,29800
2021-07-08,ROBT,AI ETF,52.73582077026367,52.977727151048036,52.06440391349668,52.716072772529884,25100
2021-07-09,ROBT,AI ETF,53.65407943725586,53.65407943725586,53.046840776640366,53.05177871747902,30800
2021-07-12,ROBT,AI ETF,53.111019134521484,53.58495972642276,53.111019134521484,53.48621974901936,13400
2021-07-13,ROBT,AI ETF,52.834556579589844,53.18705249823845,52.77531635339677,53.150520774316355,15500
2021-07-14,ROBT,AI ETF,52.42972946166992,53.31837047622509,52.42972946166992,53.31837047622509,78300
2021-07-15,ROBT,AI ETF,51.79780960083008,52.32408260887648,51.570713285447916,52.14339389805577,40700
2021-07-16,ROBT,AI ETF,51.30412292480469,52.03478377441135,51.30412292480469,51.9360437857913,8800
2021-07-19,ROBT,AI ETF,51.04740524291992,51.27450156139117,50.435232394582435,50.76106493272105,25800
2021-07-20,ROBT,AI ETF,51.99528503417969,52.24805411853997,51.00790779937449,51.15601589121337,28900
2021-07-21,ROBT,AI ETF,52.51859664916992,52.676576864757784,52.08415199793968,52.09402411355029,10600
2021-07-22,ROBT,AI ETF,52.67656707763672,52.83454726387241,52.4623071798226,52.73581105992938,8700
2021-07-23,ROBT,AI ETF,53.12089157104492,53.15051544771804,52.79999323399214,52.97278725385943,12200
2021-07-26,ROBT,AI ETF,52.716064453125,53.00240472525785,52.69335595426034,52.992528844676805,13600
2021-07-27,ROBT,AI ETF,52.27174758911133,52.795060066132415,51.79780698530466,52.795060066132415,28100
2021-07-28,ROBT,AI ETF,53.03202819824219,53.19000839865754,52.291495302568016,52.291495302568016,19100
2021-07-29,ROBT,AI ETF,53.3183708190918,53.554352411945324,53.150518496677115,53.150518496677115,16900
2021-07-30,ROBT,AI ETF,53.16927719116211,53.43192216424103,52.85430360367947,53.051779809291816,14100
2021-08-02,ROBT,AI ETF,53.456600189208984,53.72220564632179,53.33811598165056,53.466476070323466,11500
2021-08-03,ROBT,AI ETF,53.44672775268555,53.53559184945532,53.03202737891158,53.50596797283538,20600
2021-08-04,ROBT,AI ETF,53.44672775268555,53.65407605630002,53.32823977929583,53.44672775268555,22500
2021-08-05,ROBT,AI ETF,54.03915786743164,54.098401859952304,53.52572123188879,53.555345111421815,19300
2021-08-06,ROBT,AI ETF,53.66394805908203,53.93054034883632,53.446727641409844,53.93054034883632,13300
2021-08-09,ROBT,AI ETF,53.831809997558594,53.92955938447872,53.5553455632207,53.61458578969572,12800
2021-08-10,ROBT,AI ETF,53.52572250366211,54.03915915140424,53.48622650770991,53.84168293818873,18200
2021-08-11,ROBT,AI ETF,53.542510986328125,53.772567822237335,53.27098071732086,53.72319970965753,13100
2021-08-12,ROBT,AI ETF,53.70344924926758,53.752817359584085,53.40723682082312,53.47635292857532,27000
2021-08-13,ROBT,AI ETF,53.47635269165039,53.693576895935095,53.40723658420441,53.693576895935095,19800
2021-08-16,ROBT,AI ETF,53.002410888671875,53.2788753123725,52.74569069533963,53.2788753123725,17600
2021-08-17,ROBT,AI ETF,52.360618591308594,52.58771492516545,52.08415414427339,52.58771492516545,16900
2021-08-18,ROBT,AI ETF,52.26188278198242,52.78519156563075,52.18289078703027,52.37049489176882,24000
2021-08-19,ROBT,AI ETF,51.896549224853516,52.30038690878082,51.79780924067046,52.024905554473584,20400
2021-08-20,ROBT,AI ETF,52.400108337402344,52.42479427431941,51.926167727646884,51.926167727646884,13200
2021-08-23,ROBT,AI ETF,53.35786819458008,53.43685641701367,52.6173352473566,52.6173352473566,12400
2021-08-24,ROBT,AI ETF,54.118141174316406,54.24946175844896,53.52571264379993,53.52571264379993,14000
2021-08-25,ROBT,AI ETF,54.17738723754883,54.40448354713077,54.07865102174631,54.256379223427,7300
2021-08-26,ROBT,AI ETF,53.95029067993164,54.340305133685334,53.91079468717413,54.15763899209077,17300
2021-08-27,ROBT,AI ETF,54.720436096191406,54.778693242388876,53.95028317724853,53.95028317724853,14100
2021-08-30,ROBT,AI ETF,54.810302734375,54.91792423829857,54.688854242004176,54.769819903584725,15300
2021-08-31,ROBT,AI ETF,55.195369720458984,55.32175236552136,54.94457433327778,55.06602280461924,14900
2021-09-01,ROBT,AI ETF,56.064266204833984,56.25483079861398,55.45110652609658,55.45110652609658,20100
2021-09-02,ROBT,AI ETF,56.31011962890625,56.58658780182752,56.204471806911066,56.27062740409897,18600
2021-09-03,ROBT,AI ETF,56.788997650146484,56.80677197605707,56.5569634112408,56.5569634112408,13300
2021-09-07,ROBT,AI ETF,56.51747131347656,56.91241992466204,56.50167065711673,56.714943735796794,15000
2021-09-08,ROBT,AI ETF,56.00404357910156,56.30025602593599,55.742389188288726,56.30025602593599,15700
2021-09-09,ROBT,AI ETF,56.04353332519531,56.348634806155516,55.99021787437261,55.99416521400258,15000
2021-09-10,ROBT,AI ETF,55.88554763793945,56.40886011167448,55.88554763793945,56.339744009462414,13300
2021-09-13,ROBT,AI ETF,55.85593032836914,56.32987095296586,55.59822330109476,56.32987095296586,19800
2021-09-14,ROBT,AI ETF,55.579463958740234,56.05340456673508,55.50047197413519,56.0040364596295,16500
2021-09-15,ROBT,AI ETF,55.98329544067383,56.01390238307088,55.42147763019584,55.53897499274519,16500
2021-09-16,ROBT,AI ETF,56.03365707397461,56.0830251815237,55.643642621209985,55.7670647733553,13800
2021-09-17,ROBT,AI ETF,55.62784194946289,55.99415727511476,55.45899904058421,55.99415727511476,10500
2021-09-20,ROBT,AI ETF,54.325496673583984,54.69082520095769,53.77256405837477,54.6612050887922,47800
2021-09-21,ROBT,AI ETF,54.52099609375,54.91792217432369,54.29093927118675,54.91792217432369,22000
2021-09-22,ROBT,AI ETF,54.83892822265625,55.23387682566544,54.53283994792455,54.611831928453356,22800
2021-09-23,ROBT,AI ETF,55.81840515136719,55.90529180731816,55.283246929985836,55.283246929985836,10900
2021-09-24,ROBT,AI ETF,55.401737213134766,55.460977436597304,55.26251816814351,55.460977436597304,14100
2021-09-27,ROBT,AI ETF,54.94754409790039,55.125272299788804,54.66120379857515,55.125272299788804,69200
2021-09-28,ROBT,AI ETF,53.199893951416016,54.35512367074273,53.18014595195584,54.35512367074273,51800
2021-09-29,ROBT,AI ETF,52.824684143066406,53.328244895374546,52.78518814814743,53.23938079007954,19800
2021-09-30,ROBT,AI ETF,52.98957824707031,53.13077474003579,52.6469581978236,52.81481430017925,14500
2021-10-01,ROBT,AI ETF,52.87601852416992,52.992529056295574,52.197693927410064,52.775308647728075,18600
2021-10-04,ROBT,AI ETF,51.77806091308594,52.63708182053754,51.363364281801914,52.63708182053754,13800
2021-10-05,ROBT,AI ETF,51.985408782958984,52.38035738553034,51.62995240406331,51.62995240406331,9300
2021-10-06,ROBT,AI ETF,51.7681884765625,51.7681884765625,51.17576364510805,51.38311195946258,14000
2021-10-07,ROBT,AI ETF,52.59758377075195,52.95304016455284,52.04465118411223,52.04465118411223,12900
2021-10-08,ROBT,AI ETF,52.23225784301758,52.69138841327156,52.202633964373746,52.66670247549258,20100
2021-10-11,ROBT,AI ETF,51.9459114074707,52.54821205936597,51.9459114074707,52.25199590715563,7700
2021-10-12,ROBT,AI ETF,52.03478240966797,52.1947362905282,51.82743408882224,51.88667431389511,11600
2021-10-13,ROBT,AI ETF,52.63707733154297,52.70619343086261,52.31124106342613,52.31124106342613,8700
2021-10-14,ROBT,AI ETF,53.5849609375,53.5849609375,52.82468004376323,52.82468004376323,20000
2021-10-15,ROBT,AI ETF,53.8959846496582,54.17738700669602,53.8959846496582,53.90092259039085,8200
2021-10-18,ROBT,AI ETF,53.86142349243164,53.89993264814483,53.584959092065034,53.66394730650765,15300
2021-10-19,ROBT,AI ETF,54.453853607177734,54.63651597698061,54.06877333867029,54.06877333867029,9600
2021-10-20,ROBT,AI ETF,54.601959228515625,54.680951213646196,54.33043275435589,54.53284312479895,36000
2021-10-21,ROBT,AI ETF,54.62071990966797,54.66120273670964,54.364990328165,54.364990328165,24600
2021-10-22,ROBT,AI ETF,54.364990234375,54.90804694352748,54.29587413138533,54.75006674147321,20600
2021-10-25,ROBT,AI ETF,54.720436096191406,54.88829215879503,54.27611942236723,54.355107630352435,19400
2021-10-26,ROBT,AI ETF,54.68095016479492,55.12131955047005,54.53284207878858,54.957414574358666,10900
2021-10-27,ROBT,AI ETF,53.90092086791992,54.532841665878045,53.895982927345074,54.47359767861508,31900
2021-10-28,ROBT,AI ETF,54.858680725097656,54.858680725097656,54.10827191459856,54.10827191459856,18800
2021-10-29,ROBT,AI ETF,54.926815032958984,54.926815032958984,54.493353432548325,54.6612095370851,14900
2021-11-01,ROBT,AI ETF,55.657466888427734,55.6772148851277,54.99691278328578,55.056153006840425,12200
2021-11-02,ROBT,AI ETF,55.85395431518555,55.96355324481145,55.653517617129225,55.70781989798759,30100
2021-11-03,ROBT,AI ETF,56.530303955078125,56.55696356074197,55.67819847481075,55.90529477380629,15500
2021-11-04,ROBT,AI ETF,57.23825454711914,57.23825454711914,56.66557399261456,56.66557399261456,17900
2021-11-05,ROBT,AI ETF,56.705074310302734,57.26787902700311,56.57770105131372,57.26787902700311,30400
2021-11-08,ROBT,AI ETF,57.001285552978516,57.127671974528155,56.784061362735315,56.784061362735315,14600
2021-11-09,ROBT,AI ETF,56.82355880737305,57.05065511818444,56.497726280224605,56.951918901847385,20000
2021-11-10,ROBT,AI ETF,55.44123458862305,56.64583228311658,55.224010386391036,56.64583228311658,12200
2021-11-11,ROBT,AI ETF,55.71769714355469,55.96454144996188,55.69794914705668,55.69794914705668,12000
2021-11-12,ROBT,AI ETF,56.36936950683594,56.401953891434104,55.846060749636656,56.092905071567706,24300
2021-11-15,ROBT,AI ETF,56.28050231933594,56.67446411802666,56.063278122633506,56.48785063443632,46600
2021-11-16,ROBT,AI ETF,56.848243713378906,56.872925883742774,56.29037317821442,56.46810137763291,17000
2021-11-17,ROBT,AI ETF,56.57078552246094,56.971662666751165,56.5273421931467,56.971662666751165,13500
2021-11-18,ROBT,AI ETF,56.349609375,56.71493783815688,56.16200908668584,56.71493783815688,18600
2021-11-19,ROBT,AI ETF,56.24100112915039,56.57670950824022,56.153123870429376,56.39898132127826,12700
2021-11-22,ROBT,AI ETF,55.53996658325195,56.52734376695421,55.4708504817164,56.30024746668809,26000
2021-11-23,ROBT,AI ETF,54.819183349609375,55.56958837464568,54.43410683896277,55.41160817113566,16300
2021-11-24,ROBT,AI ETF,54.88829803466797,54.90804603041448,53.98583383843192,54.46372554248049,28700
2021-11-26,ROBT,AI ETF,53.5750846862793,54.34524145593348,53.52571658007526,54.30574546435223,15900
2021-11-29,ROBT,AI ETF,54.3748664855957,54.63158668755405,53.851557732708514,54.09840205260555,17200
2021-11-30,ROBT,AI ETF,53.564231872558594,54.47854195978171,53.128796613568646,54.28600368694943,13100
2021-12-01,ROBT,AI ETF,53.080406188964844,54.888294985418675,53.0507860802631,54.37485842416771,13500
2021-12-02,ROBT,AI ETF,53.496097564697266,53.72319387112041,52.79506064923297,53.012281074286115,93700
2021-12-03,ROBT,AI ETF,52.75458526611328,53.72320145189797,52.24213542719958,53.72320145189797,26300
2021-12-06,ROBT,AI ETF,52.85429763793945,53.02215371205467,51.90542964307567,52.8148054145108,18200
2021-12-07,ROBT,AI ETF,54.522972106933594,54.75994053400281,53.84167940438284,53.84167940438284,15500
2021-12-08,ROBT,AI ETF,54.84880447387695,55.06504183532088,54.288964024160556,54.6217081625455,16200
2021-12-09,ROBT,AI ETF,54.33536911010742,55.154894039288195,54.18726478185888,54.92779772273752,9100
2021-12-10,ROBT,AI ETF,54.27513885498047,54.76981428797972,54.03816667057165,54.5328421035709,14900
2021-12-13,ROBT,AI ETF,53.82884216308594,54.27612693601854,53.51584602537098,54.246503058196566,20800
2021-12-14,ROBT,AI ETF,53.002410888671875,53.504984792197725,52.607458483489324,53.476351514963774,29100
2021-12-15,ROBT,AI ETF,54.30574417114258,54.33536428085063,52.76543443505943,53.19988279901736,47600
2021-12-16,ROBT,AI ETF,53.07152557373047,54.44397930685041,52.88392525789122,54.44397930685041,13000
2021-12-17,ROBT,AI ETF,53.150516510009766,53.501034964196265,52.33099162566617,52.75556412319801,49500
2021-12-20,ROBT,AI ETF,52.35073471069336,52.459346795205064,52.034774337501915,52.39023069897848,23500
2021-12-21,ROBT,AI ETF,53.713321685791016,53.713321685791016,52.804932694745645,52.804932694745645,38900
2021-12-22,ROBT,AI ETF,54.276126861572266,54.276126861572266,53.56521405954286,53.71332214881404,13200
2021-12-23,ROBT,AI ETF,54.5871467590332,54.67107291461426,54.16751221458295,54.27612430606195,13300
2021-12-27,ROBT,AI ETF,55.19438934326172,55.19438934326172,54.49334863875499,54.49334863875499,23900
2021-12-28,ROBT,AI ETF,54.92779541015625,55.31287192055332,54.833993369633056,55.164763831995145,22000
2021-12-29,ROBT,AI ETF,54.6562614440918,54.977159769728935,54.51309130599077,54.977159769728935,13100
2021-12-30,ROBT,AI ETF,54.74020004272461,55.03641626699304,54.55259969836092,54.55259969836092,10000
2021-12-31,ROBT,AI ETF,54.39165496826172,54.80437795546328,54.39165496826172,54.80437795546328,5800
2022-01-03,ROBT,AI ETF,54.77968978881836,54.77968978881836,54.41436125821137,54.54272135630665,27900
2022-01-04,ROBT,AI ETF,54.28303909301758,54.9080483064496,53.73899176899371,54.9080483064496,33400
2022-01-05,ROBT,AI ETF,52.52846908569336,54.414359433431066,52.52846908569336,54.414359433431066,38200
2022-01-06,ROBT,AI ETF,52.322105407714844,52.86417527013581,51.90641819754256,52.2717467005394,33300
2022-01-07,ROBT,AI ETF,51.7681884765625,52.72594559507424,51.55096428064143,52.32112108138649,31900
2022-01-10,ROBT,AI ETF,51.13626480102539,51.29424499837534,50.010655424088846,51.29424499837534,126300
2022-01-11,ROBT,AI ETF,52.272743225097656,52.30730127974913,50.988162893883896,51.313999209065365,64600
2022-01-12,ROBT,AI ETF,52.291500091552734,52.96390378134639,52.272742695321654,52.57784040807465,19900
2022-01-13,ROBT,AI ETF,51.10664749145508,52.65683332073246,51.10664749145508,52.390240997221525,171100
2022-01-14,ROBT,AI ETF,51.01777267456055,51.267581218913875,50.3661039427286,51.01777267456055,34000
2022-01-18,ROBT,AI ETF,50.34636306762695,50.99210706763654,50.283167976388164,50.9289157429427,22500
2022-01-19,ROBT,AI ETF,50.07977294921875,51.08689814842031,50.0402769571218,50.37598535685565,39600
2022-01-20,ROBT,AI ETF,49.5070915222168,51.02370218744517,49.5070915222168,50.23775229741444,23100
2022-01-21,ROBT,AI ETF,48.262996673583984,49.35898592469754,48.262996673583984,49.35898592469754,93200
2022-01-24,ROBT,AI ETF,48.332115173339844,48.341987288158045,45.96240836318606,47.226253752989145,73800
2022-01-25,ROBT,AI ETF,47.0978889465332,47.74955768911099,46.691087045695866,47.571829507812986,56700
2022-01-26,ROBT,AI ETF,46.76218795776367,48.282749852589276,46.456099649102825,47.87792532386769,37400
2022-01-27,ROBT,AI ETF,45.67606735229492,47.06826904563442,45.597079135352196,46.801680517725764,37900
2022-01-28,ROBT,AI ETF,46.51533889770508,46.51533889770508,45.063893258240974,45.60694994628799,20300
2022-01-31,ROBT,AI ETF,48.50984573364258,48.50984573364258,46.831303641959465,46.831303641959465,105900
2022-02-01,ROBT,AI ETF,48.815921783447266,48.87516576457253,47.98652488041698,48.52958529103685,46800
2022-02-02,ROBT,AI ETF,48.77643966674805,49.2800004277204,48.45060335287824,49.17138832309713,120000
2022-02-03,ROBT,AI ETF,46.90041732788086,48.11489084038583,46.90041732788086,48.11489084038583,112100
2022-02-04,ROBT,AI ETF,47.917415618896484,48.17906998139268,47.12751459064046,47.21637869172834,37300
2022-02-07,ROBT,AI ETF,47.828548431396484,48.38641893921594,47.66069612158724,47.848296426646684,19600
2022-02-08,ROBT,AI ETF,48.39727783203125,48.435786987706074,47.571831970876296,47.72981216614908,50100
2022-02-09,ROBT,AI ETF,49.745059967041016,49.745059967041016,48.914675987640145,48.914675987640145,31300
2022-02-10,ROBT,AI ETF,48.588829040527344,49.64532229824892,48.41110085076624,48.83567333002388,19900
2022-02-11,ROBT,AI ETF,47.374359130859375,48.76656087706733,47.20650680939126,48.64807666388129,43200
2022-02-14,ROBT,AI ETF,46.84116744995117,47.540230605336006,46.554830958526104,47.22624767612322,23700
2022-02-15,ROBT,AI ETF,47.966793060302734,48.282753508274176,47.473104389529155,47.473104389529155,21100
2022-02-16,ROBT,AI ETF,48.17314529418945,48.29261633251409,47.601451573107724,48.17413212895855,15300
2022-02-17,ROBT,AI ETF,46.54496383666992,47.91741763730333,46.48572361114612,47.91741763730333,27000
2022-02-18,ROBT,AI ETF,45.87354278564453,46.663443774730965,45.69779202841799,46.475843466868255,129200
2022-02-22,ROBT,AI ETF,45.330482482910156,46.048306809337774,45.0520406643931,45.51808277584054,52700
2022-02-23,ROBT,AI ETF,44.46158981323242,45.9624034641554,44.43196970538981,45.62669509794178,55200
2022-02-24,ROBT,AI ETF,45.70569610595703,45.725444103936006,42.66457221501418,43.47422129942458,65900
2022-02-25,ROBT,AI ETF,46.74243927001953,46.74243927001953,45.61682980515373,46.061150321954784,26000
2022-02-28,ROBT,AI ETF,47.226253509521484,47.51752797697113,46.53508871291106,46.53508871291106,36400
2022-03-01,ROBT,AI ETF,45.9722900390625,46.92017137598034,45.75506582023089,46.92017137598034,14800
2022-03-02,ROBT,AI ETF,46.920162200927734,46.98927829948684,46.001901158305394,46.26849343840977,21100
2022-03-03,ROBT,AI ETF,45.87354278564453,47.048524038046565,45.69976569800902,46.89054384022928,21600
2022-03-04,ROBT,AI ETF,44.58995056152344,45.33048340107479,44.30854823315572,45.290987412327965,32200
2022-03-07,ROBT,AI ETF,43.34585952758789,44.58995311191223,43.21848627488476,44.54058500642741,16000
2022-03-08,ROBT,AI ETF,43.5532112121582,44.284858871187275,42.86303321694161,43.40510311765918,25300
2022-03-09,ROBT,AI ETF,44.6590690612793,44.91578923540076,43.87904019101446,43.90866406744078,24600
2022-03-10,ROBT,AI ETF,44.00740432739258,44.35298486295642,43.669722237420864,44.35298486295642,30700
2022-03-11,ROBT,AI ETF,42.931156158447266,44.481337915044094,42.87191217607381,44.21474564418069,60400
2022-03-14,ROBT,AI ETF,42.22024917602539,43.2668704076436,42.091892846583214,43.2668704076436,42200
2022-03-15,ROBT,AI ETF,43.612449645996094,43.612449645996094,42.23999592396654,42.338735905093394,15600
2022-03-16,ROBT,AI ETF,45.00465393066406,45.00465393066406,43.54333238131659,43.54333238131659,23900
2022-03-17,ROBT,AI ETF,45.942665100097656,45.97228898069445,44.88617167808647,44.975035786785796,17200
2022-03-18,ROBT,AI ETF,47.04852294921875,47.04852294921875,45.81430150528904,45.81430150528904,6300
2022-03-21,ROBT,AI ETF,46.59431838989258,47.11763075121261,46.256636396403266,46.959650584872136,9700
2022-03-22,ROBT,AI ETF,47.29536819458008,47.35460841449812,46.57457954218723,46.57457954218723,11400
2022-03-23,ROBT,AI ETF,46.39685821533203,47.12751526446121,46.34748634004214,47.01890316529586,13400
2022-03-24,ROBT,AI ETF,47.15713882446289,47.15713882446289,46.317869614802184,46.47584983426345,6400
2022-03-25,ROBT,AI ETF,46.589332580566406,47.10282291782994,46.194338854382345,47.004072602814254,11300
2022-03-28,ROBT,AI ETF,46.804603576660156,46.804603576660156,46.06695771953713,46.332587224344515,14600
2022-03-29,ROBT,AI ETF,48.31742858886719,48.53467553766115,47.37932121636752,47.37932121636752,64600
2022-03-30,ROBT,AI ETF,47.458316802978516,48.27792370436377,47.379316550491595,48.27792370436377,19300
2022-03-31,ROBT,AI ETF,46.67820739746094,47.31019436498701,46.67820739746094,47.171947686708116,14800
2022-04-01,ROBT,AI ETF,46.727577209472656,47.03369752221397,46.2634601665608,46.83620066776599,22000
2022-04-04,ROBT,AI ETF,47.68148422241211,47.715058952224744,46.93494842874027,46.93494842874027,21300
2022-04-05,ROBT,AI ETF,46.056095123291016,47.6360663620483,46.056095123291016,47.6360663620483,27600
2022-04-06,ROBT,AI ETF,45.1574821472168,45.81909603127108,44.831615545829365,45.81909603127108,28800
2022-04-07,ROBT,AI ETF,45.04886245727539,45.345105874286574,44.525498961657654,44.97973911887076,19500
2022-04-08,ROBT,AI ETF,44.54524612426758,45.02910946159084,44.47612279036426,45.02910946159084,17100
2022-04-11,ROBT,AI ETF,43.74538803100586,44.337878626849765,43.54789116572455,44.337878626849765,24300
2022-04-12,ROBT,AI ETF,43.52814483642578,44.62424509237381,43.389894393976164,44.17000493942893,42800
2022-04-13,ROBT,AI ETF,44.264801025390625,44.36749908761491,43.587388589933994,43.60713865193164,14200
2022-04-14,ROBT,AI ETF,43.43927001953125,44.43662369387381,43.409643042216636,44.34775029580849,8900
2022-04-18,ROBT,AI ETF,42.9159049987793,43.202275270351095,42.63842470433135,43.0936518041039,25800
2022-04-19,ROBT,AI ETF,43.77501678466797,43.824390061255855,42.773711517029945,42.935656014915786,16900
2022-04-20,ROBT,AI ETF,43.44914245605469,44.17000277658835,43.44914245605469,44.04162925549794,17500
2022-04-21,ROBT,AI ETF,42.65916442871094,44.64399885892875,42.65916442871094,43.9922617867889,98600
2022-04-22,ROBT,AI ETF,41.82967758178711,42.989966499088915,41.82473912419007,42.807281237392765,15800
2022-04-25,ROBT,AI ETF,42.274044036865234,42.31354039630457,41.46431028079854,41.612430104309645,27000
2022-04-26,ROBT,AI ETF,40.703948974609375,42.106169530191465,40.703948974609375,42.106169530191465,18400
2022-04-27,ROBT,AI ETF,40.49657440185547,41.02981478585326,40.47682810639413,40.703948173591876,27000
2022-04-28,ROBT,AI ETF,41.335933685302734,41.77042374239961,40.35141401490466,40.782943257865625,34300
2022-04-29,ROBT,AI ETF,40.6841926574707,42.07653985108337,40.67234186823111,41.63217292398598,21100
2022-05-02,ROBT,AI ETF,40.88169479370117,41.10782792185423,40.151944493831905,40.53607435357571,15500
2022-05-03,ROBT,AI ETF,41.38531494140625,41.38531494140625,40.87182453833831,41.18781805300476,58900
2022-05-04,ROBT,AI ETF,42.382667541503906,42.40241760646754,40.516329722247576,41.2865671880703,28900
2022-05-05,ROBT,AI ETF,40.04233932495117,42.00742746220476,39.82015768702603,42.00742746220476,27700
2022-05-06,ROBT,AI ETF,39.39059829711914,39.89421548404094,38.788234562573905,39.89421548404094,27700
2022-05-09,ROBT,AI ETF,38.21549606323242,38.92647946096672,37.331700564628385,38.92647946096672,33100
2022-05-10,ROBT,AI ETF,37.73163604736328,38.27474967040257,37.01077559977442,38.05750648135078,42600
2022-05-11,ROBT,AI ETF,36.67502975463867,38.22833861369439,36.67502975463867,37.85013410746295,28600
2022-05-12,ROBT,AI ETF,37.07002258300781,37.810633032107624,36.12204211222555,36.5664053681338,97800
2022-05-13,ROBT,AI ETF,39.21284866333008,39.30172205654266,37.830378261837666,37.830378261837666,52900
2022-05-16,ROBT,AI ETF,38.74774932861328,39.26222662592403,38.74774932861328,39.26222662592403,17100
2022-05-17,ROBT,AI ETF,39.28197479248047,39.83496525262148,38.965981320096844,39.37084819202207,27500
2022-05-18,ROBT,AI ETF,38.432743072509766,39.676970735685714,38.41299677545323,39.52884713918492,41400
2022-05-19,ROBT,AI ETF,39.31159973144531,39.7855899154379,38.58086251011978,38.58086251011978,51800
2022-05-20,ROBT,AI ETF,39.43009948730469,40.0058008408052,38.65295351376134,39.73621982030357,18500
2022-05-23,ROBT,AI ETF,39.884342193603516,40.00481645823639,39.49922534915956,39.86459212889618,23900
2022-05-24,ROBT,AI ETF,38.73886489868164,39.568348783608535,38.52556947306498,39.568348783608535,25300
2022-05-25,ROBT,AI ETF,39.252349853515625,39.43700897813417,38.35374274968503,38.46236620733585,16700
2022-05-26,ROBT,AI ETF,40.08184051513672,40.24971042077644,39.2227333876409,39.43997657335468,11300
2022-05-27,ROBT,AI ETF,41.36555862426758,41.36555862426758,40.338577973339966,40.338577973339966,19000
2022-05-31,ROBT,AI ETF,41.128570556640625,41.49393734219642,40.753326855104014,41.395187017086926,40900
2022-06-01,ROBT,AI ETF,40.61507797241211,41.53343522814199,40.437331163758614,41.21744173874456,19300
2022-06-02,ROBT,AI ETF,42.155548095703125,42.155548095703125,40.68420401912278,40.782950578525835,28400
2022-06-03,ROBT,AI ETF,41.286563873291016,41.79017730514091,41.14140109581002,41.79017730514091,15400
2022-06-06,ROBT,AI ETF,41.45443344116211,42.046924037102706,41.3063136173815,41.78030383397034,25600
2022-06-07,ROBT,AI ETF,41.74079895019531,41.74079895019531,40.80269177207947,41.02981182287569,20400
2022-06-08,ROBT,AI ETF,41.64205551147461,42.056799326442416,41.53343580861454,41.69143255552142,12500
2022-06-09,ROBT,AI ETF,40.50645065307617,41.424807821495435,40.50645065307617,41.424807821495435,34400
2022-06-10,ROBT,AI ETF,39.1931037902832,40.00283758366305,39.07460717262603,40.00283758366305,29600
2022-06-13,ROBT,AI ETF,37.010772705078125,38.04762658922933,36.91202615113594,37.98838016363985,31000
2022-06-14,ROBT,AI ETF,36.734275817871094,37.12926576270201,36.49826577549442,36.91202261147373,16500
2022-06-15,ROBT,AI ETF,37.692134857177734,37.93900502134664,36.93177806644449,36.93177806644449,14100
2022-06-16,ROBT,AI ETF,36.003536224365234,36.87252007321179,35.845539503387585,36.54664971729222,19100
2022-06-17,ROBT,AI ETF,36.52394104003906,36.78364889561795,36.01341530537186,36.01341530537186,28800
2022-06-21,ROBT,AI ETF,37.071998596191406,37.5835151127653,37.030524589464314,37.07989786886232,27600
2022-06-22,ROBT,AI ETF,37.07594680786133,37.455138230809574,36.62565440333944,36.62565440333944,46500
2022-06-23,ROBT,AI ETF,37.77408981323242,37.77408981323242,37.04039177404327,37.28726189822014,48300
2022-06-24,ROBT,AI ETF,38.95623779296875,38.97602302830336,38.194523214001315,38.194523214001315,21900
2022-06-27,ROBT,AI ETF,38.28355026245117,39.15408164379581,38.28355026245117,39.114511177905754,28000
2022-06-28,ROBT,AI ETF,37.72957992553711,39.0353752790911,37.71968919461302,38.669357856534496,19600
2022-06-29,ROBT,AI ETF,37.2646369934082,37.46248557826658,36.98765123879521,37.43280961131458,27800
2022-06-30,ROBT,AI ETF,36.74034118652344,36.918404534248744,36.037982300300214,36.87883406283248,17700
2022-07-01,ROBT,AI ETF,36.9975471496582,37.096469559023056,36.43862459316752,36.44357184573017,15000
2022-07-05,ROBT,AI ETF,37.2547492980957,37.2547492980957,36.00830952712033,36.404002955433185,34400
2022-07-06,ROBT,AI ETF,37.33388137817383,37.690004246953364,37.11130033983341,37.422913038780536,14600
2022-07-07,ROBT,AI ETF,38.313232421875,38.40226409770406,37.55646506415195,37.55646506415195,21900
2022-07-08,ROBT,AI ETF,38.45172119140625,38.64956975806283,37.866092603966685,38.243981894558225,24900
2022-07-11,ROBT,AI ETF,37.257713317871094,38.05603232191824,37.215176757828274,38.05603232191824,95100
2022-07-12,ROBT,AI ETF,36.67109298706055,37.44269827437818,36.504901543471846,37.333885143681535,12400
2022-07-13,ROBT,AI ETF,36.5424919128418,36.834319416964576,35.85002754437647,35.87970351055419,17000
2022-07-14,ROBT,AI ETF,36.13690185546875,36.223956130989926,35.533465421724785,36.05776469252478,15600
2022-07-15,ROBT,AI ETF,36.939178466796875,36.94808050208905,36.35651591689542,36.61173904233654,15200
2022-07-18,ROBT,AI ETF,36.9975471496582,37.74145393240451,36.90851547177063,37.373455324163054,27100
2022-07-19,ROBT,AI ETF,38.192543029785156,38.20935840308369,37.45259113169942,37.53172829360328,24800
2022-07-20,ROBT,AI ETF,39.186729431152344,39.27279501838311,38.323126339849345,38.323126339849345,17900
2022-07-21,ROBT,AI ETF,39.89799499511719,39.89799499511719,39.0551620435019,39.0551620435019,37400
2022-07-22,ROBT,AI ETF,39.04526901245117,39.945476454675884,38.83752593067028,39.90590598446545,36600
2022-07-25,ROBT,AI ETF,38.72871398925781,39.08483691116188,38.54570338914145,39.08483691116188,11200
2022-07-26,ROBT,AI ETF,37.97688674926758,38.51107674508749,37.93731628135925,38.461615547025836,12300
2022-07-27,ROBT,AI ETF,39.30247116088867,39.47064377947386,38.25387629846025,38.25387629846025,14400
2022-07-28,ROBT,AI ETF,39.80698013305664,39.84654682619062,38.81774110540625,39.03537112540909,11500
2022-07-29,ROBT,AI ETF,40.31148910522461,40.37084480352447,39.62891555618905,39.945471733160375,42600
2022-08-01,ROBT,AI ETF,40.44998550415039,40.76357562181686,39.915795493601294,40.37084833979921,32100
2022-08-02,ROBT,AI ETF,40.440093994140625,40.78632615709187,40.064182093188165,40.13342852577841,16200
2022-08-03,ROBT,AI ETF,41.36997985839844,41.46890226132644,40.489557641936784,40.489557641936784,16400
2022-08-04,ROBT,AI ETF,41.666748046875,41.666748046875,41.290839922036824,41.518364452432834,12700
2022-08-05,ROBT,AI ETF,41.4095458984375,41.5282535239796,40.89514115622523,41.10288044433575,25700
2022-08-08,ROBT,AI ETF,41.617286682128906,42.084207636174376,41.548040250270255,41.67664238385668,15800
2022-08-09,ROBT,AI ETF,40.75664520263672,41.50846513884388,40.56868738834961,41.50846513884388,18800
2022-08-10,ROBT,AI ETF,42.369117736816406,42.39879370594206,41.58761784489015,41.58761784489015,262700
2022-08-11,ROBT,AI ETF,42.064422607421875,43.01211380650663,42.01792749619073,42.66588164552474,59900
2022-08-12,ROBT,AI ETF,42.7252311706543,42.7252311706543,42.14158000808051,42.210826436381865,14900
2022-08-15,ROBT,AI ETF,42.82416534423828,42.83405607571085,42.40868292307791,42.53728507410946,8800
2022-08-16,ROBT,AI ETF,42.50760269165039,42.69852283735093,42.117841514240865,42.57684912245317,19300
2022-08-17,ROBT,AI ETF,41.65685272216797,41.953623651967526,41.44911344867299,41.94373292288795,10400
2022-08-18,ROBT,AI ETF,41.65685272216797,41.745884378472546,41.419433714140055,41.70631391486004,8900
2022-08-19,ROBT,AI ETF,40.380741119384766,41.12267046935923,40.29170944644192,41.12267046935923,24600
2022-08-22,ROBT,AI ETF,39.12440490722656,39.94547515598383,39.08384574262668,39.94547515598383,17300
2022-08-23,ROBT,AI ETF,38.916664123535156,39.49042080648763,38.916664123535156,38.98591055469067,14200
2022-08-24,ROBT,AI ETF,39.62397003173828,39.81192409074288,39.29257585915881,39.302466589149596,12400
2022-08-25,ROBT,AI ETF,40.33127975463867,40.33226845036269,39.767413752826144,39.78719898825,17800
2022-08-26,ROBT,AI ETF,38.89391326904297,40.370847208927536,38.87709412204793,40.33127674103658,16100
2022-08-29,ROBT,AI ETF,38.50118637084961,38.809829261073496,38.491295639635425,38.718820194040894,15500
2022-08-30,ROBT,AI ETF,38.28355026245117,39.025479516476786,38.04613124075815,38.708923336650976,18300
2022-08-31,ROBT,AI ETF,37.917537689208984,38.5803260953943,37.917537689208984,38.5803260953943,12700
2022-09-01,ROBT,AI ETF,36.967864990234375,37.32399167849402,36.42378422701449,37.284421207876775,15500
2022-09-02,ROBT,AI ETF,36.55238342285156,37.46940617490697,36.423781290537285,37.31409793940926,27400
2022-09-06,ROBT,AI ETF,36.314964294433594,36.63152048570537,36.30507356442712,36.63152048570537,10000
2022-09-07,ROBT,AI ETF,36.888729095458984,36.94214885527069,36.09733852404679,36.21604616634664,19800
2022-09-08,ROBT,AI ETF,37.3140983581543,37.3140983581543,36.45345766337064,36.69087669695001,15300
2022-09-09,ROBT,AI ETF,38.30333709716797,38.313227827230435,37.94721043655957,37.98678090410439,15100
2022-09-12,ROBT,AI ETF,38.74849319458008,38.797958167807515,38.51107792713796,38.550648396260854,10100
2022-09-13,ROBT,AI ETF,36.95797348022461,37.68011757234947,36.92137287118158,37.452593031568846,11800
2022-09-14,ROBT,AI ETF,37.076683044433594,37.244855662934775,36.740341581079136,36.99754587439908,11200
2022-09-15,ROBT,AI ETF,36.65130615234375,37.2300100925695,36.542489252749675,36.641415422220426,10100
2022-09-16,ROBT,AI ETF,36.09733963012695,36.2457232441365,35.78077961821426,36.01819868373678,15500
2022-09-19,ROBT,AI ETF,36.2852897644043,36.2852897644043,35.80056095469097,35.95883905658046,11000
2022-09-20,ROBT,AI ETF,35.671958923339844,35.97862059154162,35.51368083772521,35.85991297074246,16000
2022-09-21,ROBT,AI ETF,35.38507843017578,36.087437193606135,35.3455079656776,35.671958637316806,8700
2022-09-22,ROBT,AI ETF,34.51455307006836,35.19713049337031,34.39584542961718,35.19713049337031,11000
2022-09-23,ROBT,AI ETF,33.683589935302734,34.039716608055855,33.327463262549614,34.039716608055855,22300
2022-09-26,ROBT,AI ETF,33.347251892089844,34.163374971297536,33.347251892089844,33.574776450924766,15700
2022-09-27,ROBT,AI ETF,33.46595764160156,34.06939027003671,33.20875338482179,33.5648800335031,20600
2022-09-28,ROBT,AI ETF,34.10896301269531,34.494765649966155,33.40660417183569,33.40660417183569,16200
2022-09-29,ROBT,AI ETF,33.50552749633789,33.56488320126906,33.22854175395451,33.396710590787926,14200
2022-09-30,ROBT,AI ETF,33.29779052734375,33.950688232834885,33.24832932325236,33.50552984871639,16300
2022-10-03,ROBT,AI ETF,34.257354736328125,34.38100963699123,33.52036881134939,33.68359418590023,12300
2022-10-04,ROBT,AI ETF,35.83024597167969,35.85003120903658,34.89046795229222,34.89046795229222,11100
2022-10-05,ROBT,AI ETF,35.573036193847656,35.681853095766634,34.86078662667839,34.969599754949776,9200
2022-10-06,ROBT,AI ETF,35.26835632324219,35.74121329404003,35.2268084580454,35.662072346818675,6100
2022-10-07,ROBT,AI ETF,33.881439208984375,34.6926149699062,33.881439208984375,34.6926149699062,5200
2022-10-10,ROBT,AI ETF,33.258216857910156,34.06939260271424,33.05047755650493,34.06939260271424,5100
2022-10-11,ROBT,AI ETF,32.74380874633789,33.406600825594694,32.50045755715205,32.9515518002227,10100
2022-10-12,ROBT,AI ETF,32.771507263183594,32.911981281242376,32.66467153651436,32.71413273073052,13500
2022-10-13,ROBT,AI ETF,33.41649627685547,33.539162471180475,31.65565185025246,31.873285664290233,27900
2022-10-14,ROBT,AI ETF,32.47671890258789,33.78251410969497,32.47671890258789,33.60445078384879,12800
2022-10-17,ROBT,AI ETF,33.59455871582031,33.83098906302094,33.10983367315803,33.10983367315803,13000
2022-10-18,ROBT,AI ETF,33.86165237426758,34.70250783457176,33.86165237426758,34.326595937334034,16000
2022-10-19,ROBT,AI ETF,33.51542282104492,34.006083830084194,33.35714471100182,33.75283809928567,10900
2022-10-20,ROBT,AI ETF,33.50552749633789,34.1791990866687,33.33735865950447,33.44617556505443,17000
2022-10-21,ROBT,AI ETF,34.277137756347656,34.315715758292235,33.18105909716605,33.35714505302419,50800
2022-10-24,ROBT,AI ETF,34.326595306396484,34.47497889761868,33.73304962056536,34.15842270796772,19000
2022-10-25,ROBT,AI ETF,35.33562088012695,35.39398411367998,34.69261397349088,34.69261397349088,9700
2022-10-26,ROBT,AI ETF,35.39497375488281,36.09733638314962,35.098202779910416,35.098202779910416,15100
2022-10-27,ROBT,AI ETF,35.404869079589844,35.93905911110811,35.33562264294649,35.33562264294649,10600
2022-10-28,ROBT,AI ETF,35.7807731628418,35.83023813223547,35.14766080053516,35.14766080053516,10800
2022-10-31,ROBT,AI ETF,35.46422576904297,35.61162447084757,35.34551811510883,35.44444430476084,9200
2022-11-01,ROBT,AI ETF,35.65217208862305,36.19625274761786,35.59281639406746,36.19625274761786,18600
2022-11-02,ROBT,AI ETF,34.35627365112305,35.662068967348944,34.296917946331796,35.45432966105112,37800
2022-11-03,ROBT,AI ETF,34.000152587890625,34.41563504278872,33.782522514990035,33.84187445594095,23600
2022-11-04,ROBT,AI ETF,34.593692779541016,34.80143208633667,34.069393486747785,34.53433707460752,14900
2022-11-07,ROBT,AI ETF,34.08917999267578,34.99928196734885,34.08917999267578,34.93003552916858,16300
2022-11-08,ROBT,AI ETF,35.305938720703125,35.76099153085608,34.840998954554905,35.07841420245031,21200
2022-11-09,ROBT,AI ETF,34.47101974487305,34.94981252481912,34.47101974487305,34.94981252481912,9500
2022-11-10,ROBT,AI ETF,37.3803825378418,37.388295878297185,35.86981377091238,35.86981377091238,11600
2022-11-11,ROBT,AI ETF,38.61198425292969,38.80785167389597,38.04613707021486,38.04613707021486,24000
2022-11-14,ROBT,AI ETF,37.85818099975586,38.28355411678159,37.798825294944926,38.28355411678159,17400
2022-11-15,ROBT,AI ETF,38.35279846191406,38.85730871754292,38.10548869915241,38.42204489359552,15700
2022-11-16,ROBT,AI ETF,37.591087341308594,38.14506261853584,37.48227043206325,38.14506261853584,20800
2022-11-17,ROBT,AI ETF,37.21517562866211,37.38136708070672,36.87883416796084,37.12614395454566,13600
2022-11-18,ROBT,AI ETF,37.16571044921875,37.596030790343846,37.0371083173341,37.56140757487269,23500
2022-11-21,ROBT,AI ETF,36.72055435180664,37.00743459661043,36.61371861201237,37.00743459661043,13300
2022-11-22,ROBT,AI ETF,37.0173225402832,37.03710777364021,36.59986656948692,36.898614913788606,12200
2022-11-23,ROBT,AI ETF,37.502052307128906,37.60097470286134,37.08657371667566,37.08657371667566,17200
2022-11-25,ROBT,AI ETF,37.68605422973633,37.73947398758438,37.6108718451922,37.63065708045621,1600
2022-11-28,ROBT,AI ETF,36.78980255126953,37.27453139413745,36.78287790742353,37.27453139413745,30700
2022-11-29,ROBT,AI ETF,36.502925872802734,36.83926733224558,36.47324613244305,36.83926733224558,9500
2022-11-30,ROBT,AI ETF,37.808719635009766,37.85818083531351,36.48313908917184,36.61173745523204,27000
2022-12-01,ROBT,AI ETF,38.30333709716797,38.49129115753463,37.94721043655957,37.98678090410439,25000
2022-12-02,ROBT,AI ETF,38.36268997192383,38.461616143228134,37.739472074120805,37.739472074120805,19000
2022-12-05,ROBT,AI ETF,37.46248245239258,38.19452102319282,37.35366555111777,38.19452102319282,9300
2022-12-06,ROBT,AI ETF,36.611732482910156,37.333880249129564,36.512810095737535,37.333880249129564,13000
2022-12-07,ROBT,AI ETF,36.49303436279297,36.64241045164313,36.344650743409446,36.42378791901769,11500
2022-12-08,ROBT,AI ETF,37.076683044433594,37.24089710629149,36.47819380901496,36.5622782314416,19200
2022-12-09,ROBT,AI ETF,36.967864990234375,37.35366764463306,36.94709105920749,37.284421207876775,19400
2022-12-12,ROBT,AI ETF,37.502052307128906,37.51986014971155,36.94708838389707,37.03710874516194,13100
2022-12-13,ROBT,AI ETF,38.174739837646484,39.20354948325899,37.992717927892905,38.7287151330489,17000
2022-12-14,ROBT,AI ETF,37.95710754394531,39.30544333840046,37.74837951909552,37.94721681222107,125100
2022-12-15,ROBT,AI ETF,36.74034118652344,37.5910874537337,36.70077071510718,37.5910874537337,14400
2022-12-16,ROBT,AI ETF,36.265506744384766,36.73045034804606,36.117119363831804,36.47324605824064,17000
2022-12-19,ROBT,AI ETF,35.83024597167969,36.46335847250757,35.69175308382961,36.46335847250757,28300
2022-12-20,ROBT,AI ETF,35.731319427490234,36.005339112987635,35.61261177818443,35.61261177818443,51900
2022-12-21,ROBT,AI ETF,36.07754898071289,36.255612309727425,35.741207556312936,35.93905611895658,29400
2022-12-22,ROBT,AI ETF,35.36529541015625,35.85002419646256,34.74207376309026,35.85002419646256,58000
2022-12-23,ROBT,AI ETF,35.309818267822266,35.309818267822266,34.908571535483205,35.29991257415317,35800
2022-12-27,ROBT,AI ETF,34.97296142578125,35.25036992806232,34.86397991910182,35.22064529392326,27400
2022-12-28,ROBT,AI ETF,34.590545654296875,35.08194893025664,34.53704508305574,34.88380104599543,20300
2022-12-29,ROBT,AI ETF,35.567413330078125,35.64865060418803,34.86398810704223,34.86398810704223,26200
2022-12-30,ROBT,AI ETF,35.389076232910156,35.43861225618715,35.1215771719868,35.200834053358726,25500
2023-01-03,ROBT,AI ETF,35.616943359375,36.41943672664654,35.47130587017011,35.933978429296914,8000
2023-01-04,ROBT,AI ETF,36.27082824707031,36.4610470192258,35.904257160311104,36.241107390655166,7800
2023-01-05,ROBT,AI ETF,35.600101470947266,35.84481480017327,35.547594871982994,35.72592758476845,32200
2023-01-06,ROBT,AI ETF,36.42934799194336,36.60768069997356,35.43861240482286,35.68629630160299,68300
2023-01-09,ROBT,AI ETF,37.04360580444336,37.54888310859801,36.66712519459277,36.66712519459277,15600
2023-01-10,ROBT,AI ETF,37.154563903808594,37.154563903808594,36.741427356462594,36.746382092485156,31100
2023-01-11,ROBT,AI ETF,37.97489547729492,37.97489547729492,37.45971253734207,37.45971253734207,22600
2023-01-12,ROBT,AI ETF,38.43063735961914,38.43063735961914,37.55878891603541,38.12350794284303,18600
2023-01-13,ROBT,AI ETF,38.638694763183594,38.658509931969604,37.94517897310121,37.94517897310121,27400
2023-01-17,ROBT,AI ETF,38.94581604003906,38.95076699667917,38.41081793312295,38.54952030617019,11200
2023-01-18,ROBT,AI ETF,38.648590087890625,39.60960472969375,38.628778703777314,39.37183032677412,54600
2023-01-19,ROBT,AI ETF,38.123512268066406,38.440547414546025,37.990754792559294,38.42073224547141,43300
2023-01-20,ROBT,AI ETF,38.896278381347656,38.90618785388615,38.19285700537161,38.19285700537161,21100
2023-01-23,ROBT,AI ETF,39.7384033203125,39.787939341698326,38.89627583932874,38.89627583932874,17100
2023-01-24,ROBT,AI ETF,39.52043914794922,39.707687344224254,39.44118227189546,39.55016000404987,31200
2023-01-25,ROBT,AI ETF,39.41146469116211,39.42137416454018,38.64859775339022,39.00526320786609,24000
2023-01-26,ROBT,AI ETF,39.966278076171875,39.976183770202105,39.37183817108268,39.62942778879287,16100
2023-01-27,ROBT,AI ETF,40.46857833862305,40.63997593493838,39.778036996355866,39.778036996355866,20800
2023-01-30,ROBT,AI ETF,39.67896270751953,40.25359120847131,39.67896270751953,40.16442484726695,20700
2023-01-31,ROBT,AI ETF,40.550804138183594,40.600340157093534,39.60960466147088,39.60960466147088,26200
2023-02-01,ROBT,AI ETF,41.9576530456543,42.126080070536176,40.63997660333203,40.87775104164503,48500
2023-02-02,ROBT,AI ETF,42.89884948730469,43.24560920492103,42.16570728088161,42.16570728088161,49600
2023-02-03,ROBT,AI ETF,42.324222564697266,42.96819838418444,42.10229499668622,42.1954258890574,50700
2023-02-06,ROBT,AI ETF,41.7595100402832,42.17561720797106,41.596037747538695,41.97746931791923,43900
2023-02-07,ROBT,AI ETF,42.155799865722656,42.17264445746366,41.17497371858112,41.74959841278755,27400
2023-02-08,ROBT,AI ETF,41.56135940551758,42.372772108279825,41.55937902276127,42.04681773576039,48100
2023-02-09,ROBT,AI ETF,41.085811614990234,42.26478576401085,40.996645248805024,42.26478576401085,22000
2023-02-10,ROBT,AI ETF,40.57062530517578,40.838124382100574,40.323931586033254,40.838124382100574,21000
2023-02-13,ROBT,AI ETF,40.966922760009766,41.073923916797746,40.47155487280599,40.7291482905919,29700
2023-02-14,ROBT,AI ETF,41.53163528442383,41.5811750887994,40.52108828009326,40.96691628462174,38300
2023-02-15,ROBT,AI ETF,42.00719451904297,42.00719451904297,40.93719816608655,41.17497639319577,256800
2023-02-16,ROBT,AI ETF,41.62080001831055,42.085456758565904,41.25422891223481,41.501912807029065,131000
2023-02-17,ROBT,AI ETF,41.214603424072266,41.36321529015083,40.87280217906235,41.36321529015083,36100
2023-02-21,ROBT,AI ETF,39.986087799072266,40.82821151317762,39.986087799072266,40.80839634845845,35100
2023-02-22,ROBT,AI ETF,40.32293701171875,40.552786113755126,39.956365922158035,40.17432516979504,28800
2023-02-23,ROBT,AI ETF,40.77371597290039,40.93718822814353,40.09902537767207,40.927282536623856,82100
2023-02-24,ROBT,AI ETF,39.966278076171875,40.065350133901156,39.68887329104448,40.055444439870925,20300
2023-02-27,ROBT,AI ETF,40.44182586669922,40.66969459541264,40.38238037163456,40.65978890258001,45600
2023-02-28,ROBT,AI ETF,40.47154998779297,40.7786794013566,40.451738600530305,40.451738600530305,38800
2023-03-01,ROBT,AI ETF,40.44182586669922,40.788581806185675,40.32293865592619,40.73904578330994,20600
2023-03-02,ROBT,AI ETF,40.659786224365234,40.69941655179794,39.92168554851633,40.144603305808246,15600
2023-03-03,ROBT,AI ETF,42.046817779541016,42.165708773458334,41.19478833260534,41.19478833260534,44500
2023-03-06,ROBT,AI ETF,41.92792892456055,42.532278225581145,41.898208066922244,42.36385121379947,39900
2023-03-07,ROBT,AI ETF,41.105621337890625,41.997281102271906,41.01645498351686,41.997281102271906,36000
2023-03-08,ROBT,AI ETF,41.383026123046875,41.42860138130771,41.021405969122746,41.10562136673665,65900
2023-03-09,ROBT,AI ETF,40.46164321899414,41.700062754615466,40.423993269611024,41.34339732365948,52200
2023-03-10,ROBT,AI ETF,39.47883224487305,40.35266102444842,39.354000101984624,40.332845858685054,70700
2023-03-13,ROBT,AI ETF,39.56998062133789,39.89692520092803,38.80711371498416,39.421372540997766,69600
2023-03-14,ROBT,AI ETF,40.034637451171875,40.27340586256866,39.66905650869562,39.97618214276733,87800
2023-03-15,ROBT,AI ETF,39.2697868347168,39.33220290354277,38.67336284213451,39.20340622116188,64000
2023-03-16,ROBT,AI ETF,40.365543365478516,40.49136570690319,39.134058899494995,39.134058899494995,85000
2023-03-17,ROBT,AI ETF,39.817665100097656,40.27340637927375,39.56998118332317,40.27340637927375,27900
2023-03-20,ROBT,AI ETF,39.98014450073242,40.06534631107583,39.65914486617258,40.06534631107583,105300
2023-03-21,ROBT,AI ETF,40.67960739135742,40.67960739135742,40.134699757133376,40.134699757133376,25200
2023-03-22,ROBT,AI ETF,39.89692306518555,40.996640185873275,39.89692306518555,40.53099324448317,58000
2023-03-23,ROBT,AI ETF,40.37247848510742,40.94710698683941,39.99599787291601,40.283312123782,74800
2023-03-24,ROBT,AI ETF,40.115806579589844,40.29418744689111,39.79868587780471,40.29418744689111,39500
2023-03-27,ROBT,AI ETF,40.25752639770508,40.48248153614355,40.0365330947972,40.363562203809686,28100
2023-03-28,ROBT,AI ETF,40.026615142822266,40.29418643706849,39.818505396311934,40.29418643706849,37700
2023-03-29,ROBT,AI ETF,40.769866943359375,40.819416342301295,40.21490762660698,40.21490762660698,37000
2023-03-30,ROBT,AI ETF,41.255462646484375,41.41402300101218,41.09690229195657,41.31492041669665,29200
2023-03-31,ROBT,AI ETF,42.246463775634766,42.27123658523948,41.225727998348354,41.324830577897785,127500
2023-04-03,ROBT,AI ETF,42.11763000488281,42.1671794017544,41.79753417202189,42.07798897523488,40800
2023-04-04,ROBT,AI ETF,41.60231018066406,42.22664319961777,41.493299233503286,42.22664319961777,112700
2023-04-05,ROBT,AI ETF,40.61130905151367,41.423931340450764,40.51221024764409,41.423931340450764,30800
2023-04-06,ROBT,AI ETF,40.79959487915039,40.9036535290017,40.27436445788533,40.541935742410004,57100
2023-04-10,ROBT,AI ETF,41.07707595825195,41.07707595825195,40.40319360184161,40.58157444797238,20500
2023-04-11,ROBT,AI ETF,41.1068115234375,41.285192398574395,40.99780056858972,41.05726212042772,51900
2023-04-12,ROBT,AI ETF,40.85409927368164,41.57257875402959,40.85409927368164,41.48338832820628,25500
2023-04-13,ROBT,AI ETF,41.57060241699219,41.632041104746655,41.09690227122096,41.09690227122096,47100
2023-04-14,ROBT,AI ETF,41.28618240356445,41.542851105812865,40.98789174960008,41.463572817944076,105500
2023-04-17,ROBT,AI ETF,41.44870376586914,41.44870376586914,41.176176412052165,41.26536683872166,39000
2023-04-18,ROBT,AI ETF,41.50321578979492,41.818355599144674,41.35456379508209,41.800515998843316,36200
2023-04-19,ROBT,AI ETF,41.14545440673828,41.26536416642654,40.98788453714699,41.23563528625414,49000
2023-04-20,ROBT,AI ETF,40.741127014160156,41.06716560071106,40.59346928151372,40.92842577664685,53400
2023-04-21,ROBT,AI ETF,40.87194061279297,40.948247518314325,40.53202803365238,40.77977880701119,46200
2023-04-24,ROBT,AI ETF,40.690589904785156,40.92842853912634,40.47256800632496,40.908608022868414,39900
2023-04-25,ROBT,AI ETF,39.57075500488281,40.58157864401519,39.55093448877705,40.58157864401519,57900
2023-04-26,ROBT,AI ETF,39.471656799316406,39.93742570349878,39.455798117966765,39.87796793466275,36000
2023-04-27,ROBT,AI ETF,40.15544509887695,40.15544509887695,39.630214678242794,39.87796544727804,70200
2023-04-28,ROBT,AI ETF,40.27040481567383,40.3040955349199,39.858147150141654,40.095985784639794,29200
2023-05-01,ROBT,AI ETF,40.373470306396484,40.432928076414726,40.165356770201534,40.30409660741348,44500
2023-05-02,ROBT,AI ETF,39.818504333496094,40.40319630597371,39.67480843225246,40.40319630597371,37300
2023-05-03,ROBT,AI ETF,39.78877639770508,40.26445743708765,39.74913536599565,39.95724511190486,49100
2023-05-04,ROBT,AI ETF,39.511295318603516,39.71940885733326,39.37255547970174,39.71940885733326,26100
2023-05-05,ROBT,AI ETF,40.28427505493164,40.327877918449154,39.749132506482546,39.749132506482546,63800
2023-05-08,ROBT,AI ETF,40.48247528076172,40.4913969700818,40.155446222282,40.33382708340797,28000
2023-05-09,ROBT,AI ETF,40.31400680541992,40.413105604240144,40.103912361823596,40.185175342652144,30900
2023-05-10,ROBT,AI ETF,40.779781341552734,40.839239111413114,40.39328693557511,40.641037724332115,63500
2023-05-11,ROBT,AI ETF,40.55184555053711,40.85905787636004,40.30409477240222,40.85905787636004,104300
2023-05-12,ROBT,AI ETF,40.31400680541992,40.6707685297757,40.06129995393843,40.6707685297757,31000
2023-05-15,ROBT,AI ETF,40.849151611328125,40.888788864783635,40.24463907670116,40.482477718942455,281200
2023-05-16,ROBT,AI ETF,40.690589904785156,40.84915025447159,40.54193792303922,40.78968870569783,41900
2023-05-17,ROBT,AI ETF,41.433841705322266,41.47347895693747,40.71833733348565,40.849149714758035,91600
2023-05-18,ROBT,AI ETF,42.08790588378906,42.08790588378906,41.53294274707092,41.60231266661355,95000
2023-05-19,ROBT,AI ETF,42.15727615356445,42.34556539669056,42.02844468175336,42.12754348752982,73100
2023-05-22,ROBT,AI ETF,42.692413330078125,42.781599975670375,42.077988715458375,42.266281714935275,129000
2023-05-23,ROBT,AI ETF,41.909523010253906,42.631964378189394,41.85006146189382,42.52394388846716,114200
2023-05-24,ROBT,AI ETF,41.65186309814453,41.81537953269648,41.45366548334152,41.74105353695676,45900
2023-05-25,ROBT,AI ETF,42.15925598144531,42.54376568895274,41.91943264364286,42.54376568895274,136800
2023-05-26,ROBT,AI ETF,43.30683898925781,43.43567045898338,42.41295371262147,42.45457566401907,223400
2023-05-30,ROBT,AI ETF,44.020355224609375,44.595138828535795,43.58729038461967,44.09963728599651,187100
2023-05-31,ROBT,AI ETF,43.5942268371582,43.67350511718872,43.009534872973425,43.67350511718872,170200
2023-06-01,ROBT,AI ETF,43.79044723510742,44.03027057375038,43.00953853162633,43.47530744482141,203600
2023-06-02,ROBT,AI ETF,44.376129150390625,44.55550047763403,44.149189339529286,44.357299092622135,189000
2023-06-05,ROBT,AI ETF,44.50099182128906,44.694237118258705,44.149186183719294,44.44648634979745,131500
2023-06-06,ROBT,AI ETF,44.9261360168457,45.06091401661553,44.28792899622578,44.605049698814454,146100
2023-06-07,ROBT,AI ETF,44.43657684326172,45.22937852593834,44.307745388459075,45.05099767478902,170000
2023-06-08,ROBT,AI ETF,44.585227966308594,44.68432675712073,44.15909636113863,44.45639651395158,209700
2023-06-09,ROBT,AI ETF,44.644691467285156,45.06091475902597,44.43658171160326,44.8627133715483,211300
2023-06-12,ROBT,AI ETF,45.39785385131836,45.39785385131836,44.86271126437703,44.86271126437703,129700
2023-06-13,ROBT,AI ETF,46.28975296020508,46.49291040618897,45.810110100620086,46.091551588126755,387000
2023-06-14,ROBT,AI ETF,46.2501106262207,46.486962563408945,45.72488021833624,46.29966380312625,259400
2023-06-15,ROBT,AI ETF,46.64651107788086,46.764439921180234,45.87352994477909,46.111368548636655,232700
2023-06-16,ROBT,AI ETF,46.240203857421875,46.99336453967471,46.160925576310575,46.99336453967471,187000
2023-06-20,ROBT,AI ETF,45.58613967895508,45.98254240570532,45.308660038455855,45.98254240570532,220400
2023-06-21,ROBT,AI ETF,44.8924446105957,45.4672282863836,44.67145131839602,45.4672282863836,428800
2023-06-22,ROBT,AI ETF,44.793338775634766,44.86865521940414,44.456397586219474,44.793338775634766,150800
2023-06-23,ROBT,AI ETF,43.88161087036133,44.119453249608135,43.762691570926116,43.88161087036133,147600
2023-06-26,ROBT,AI ETF,43.584320068359375,44.094686108993166,43.564499550811426,43.71315154223244,163000
2023-06-27,ROBT,AI ETF,44.235389709472656,44.33463744345038,43.52079390944627,43.57042156249349,79500
2023-06-28,ROBT,AI ETF,44.64231491088867,44.67208847616085,44.12125858833227,44.245320158377886,87900
2023-06-29,ROBT,AI ETF,44.711788177490234,44.82096296267841,44.49344239317245,44.64231400256295,109400
2023-06-30,ROBT,AI ETF,45.3271369934082,45.535563324945926,45.19811567633599,45.257662811581945,83700
2023-07-03,ROBT,AI ETF,45.4263801574707,45.4750120757869,45.19810734695778,45.46608076435771,54100
2023-07-05,ROBT,AI ETF,45.1981086730957,45.34698027420258,45.10183678090207,45.24773254013133,169100
2023-07-06,ROBT,AI ETF,44.344566345214844,44.49344173847329,43.907870996946464,44.49344173847329,104300
2023-07-07,ROBT,AI ETF,44.66216278076172,45.10878516578103,44.35448874084654,44.35448874084654,126000
2023-07-10,ROBT,AI ETF,45.386680603027344,45.386680603027344,44.66216154780113,44.691935110627654,83600
2023-07-11,ROBT,AI ETF,45.7836799621582,45.81345352553956,45.356907885419496,45.595103964587175,188600
2023-07-12,ROBT,AI ETF,46.30970001220703,46.39902448886858,45.95934952278942,46.39902448886858,174500
2023-07-13,ROBT,AI ETF,46.984596252441406,47.04414716688128,46.764262790889944,46.81587055455769,111200
2023-07-14,ROBT,AI ETF,46.19060134887695,46.86549654431323,46.12112717752837,46.8158688910142,126700
2023-07-17,ROBT,AI ETF,46.60744857788086,46.74639692713949,46.03279682314451,46.18067648455303,93200
2023-07-18,ROBT,AI ETF,46.95481872558594,47.00444259040199,46.61737114435528,46.78609304194151,106600
2023-07-19,ROBT,AI ETF,47.08384323120117,47.35181666277163,46.84564714939973,47.24264188108828,159200
2023-07-20,ROBT,AI ETF,45.83330535888672,46.68684954083975,45.753904139142925,46.63722567152915,140700
2023-07-21,ROBT,AI ETF,45.992103576660156,46.41887566359412,45.89483973363632,46.22037640217345,63400
2023-07-24,ROBT,AI ETF,45.972251892089844,46.190601451704836,45.81345324493123,46.091349930944205,84700
2023-07-25,ROBT,AI ETF,46.10127639770508,46.24022473896845,45.93255070755789,45.992101619267196,109800
2023-07-26,ROBT,AI ETF,46.299781799316406,46.51812759913029,45.81345875425228,45.912706500889605,222600
2023-07-27,ROBT,AI ETF,45.73405838012695,46.925046407603475,45.605033288928844,46.925046407603475,119500
2023-07-28,ROBT,AI ETF,45.922630310058594,46.0506596670323,45.73405809031677,45.952403874739254,243800
2023-07-31,ROBT,AI ETF,46.27992248535156,46.2898457436604,45.90277430662786,45.9126975649367,168500
2023-08-01,ROBT,AI ETF,46.0119514465332,46.0814256164452,45.55540581966624,45.89285341040667,76500
2023-08-02,ROBT,AI ETF,44.42396545410156,45.23781283893714,44.184777411803395,45.23781283893714,118800
2023-08-03,ROBT,AI ETF,44.235389709472656,44.41403865947925,43.96741628446276,44.0071168924772,58600
2023-08-04,ROBT,AI ETF,44.116294860839844,44.751489490758246,43.9277188521675,44.473592786683604,68500
2023-08-07,ROBT,AI ETF,44.344566345214844,44.453741128796565,43.987268430241386,44.453741128796565,80500
2023-08-08,ROBT,AI ETF,43.62004852294922,43.6795956531355,43.223049986767066,43.6795956531355,116700
2023-08-09,ROBT,AI ETF,43.20319366455078,43.739140477939124,43.05432207375942,43.67958956998772,140000
2023-08-10,ROBT,AI ETF,43.1535758972168,43.906876626838326,43.034477850547226,43.590271259044314,65700
2023-08-11,ROBT,AI ETF,42.826053619384766,42.92530135665305,42.63549372344414,42.816126574022846,119500
2023-08-14,ROBT,AI ETF,42.875675201416016,42.88063872383226,42.30002775499603,42.5680011745993,69600
2023-08-15,ROBT,AI ETF,42.309959411621094,42.7069541688531,42.24048523445403,42.7069541688531,81300
2023-08-16,ROBT,AI ETF,41.545738220214844,42.1332928633973,41.52787180983023,42.061834793975976,89200
2023-08-17,ROBT,AI ETF,40.781517028808594,41.61521088132145,40.76166672445609,41.50603610041191,71700
2023-08-18,ROBT,AI ETF,40.89069747924805,41.02964584292243,40.32497697796867,40.47384860216595,58800
2023-08-21,ROBT,AI ETF,41.29761505126953,41.36311765050777,40.94528065512426,41.11896609180734,69200
2023-08-22,ROBT,AI ETF,41.1983642578125,41.55566218308379,41.053460435768805,41.55566218308379,55200
2023-08-23,ROBT,AI ETF,41.85340881347656,41.942733293986265,41.2876883656013,41.31746571647693,61300
2023-08-24,ROBT,AI ETF,40.91550064086914,42.061832020467335,40.890690600705895,42.061832020467335,247000
2023-08-25,ROBT,AI ETF,41.377010345458984,41.535808991650384,40.774568951647815,41.0891904021522,81600
2023-08-28,ROBT,AI ETF,41.783935546875,41.88318707518788,41.62116909813577,41.70453811028338,47800
2023-08-29,ROBT,AI ETF,42.45882797241211,42.488605321955646,41.565586993332914,41.70453533767467,81700
2023-08-30,ROBT,AI ETF,42.58190155029297,42.67320992992047,42.23055908145137,42.34965713253328,44200
2023-08-31,ROBT,AI ETF,42.78238296508789,43.05432798406681,42.66725649439247,42.83597841099569,66600
2023-09-01,ROBT,AI ETF,42.9332389831543,43.14364917524181,42.81612484061101,43.084098263656664,87300
2023-09-05,ROBT,AI ETF,42.726802825927734,42.855827915427334,42.55907285981924,42.855827915427334,64100
2023-09-06,ROBT,AI ETF,42.67717742919922,43.05630953328178,42.518378780905,42.75657864637554,49600
2023-09-07,ROBT,AI ETF,42.05190658569336,42.171008412847215,41.68666931175017,42.171008412847215,41600
2023-09-08,ROBT,AI ETF,41.81371307373047,42.1144359299357,41.75416215649303,42.06183621646506,50600
2023-09-11,ROBT,AI ETF,42.12137985229492,42.176959189347585,41.861349576537826,42.17100750557056,58300
2023-09-12,ROBT,AI ETF,41.63506317138672,42.08168557547279,41.63506317138672,41.89310956815944,45200
2023-09-13,ROBT,AI ETF,41.40679168701172,41.68171255596176,41.34724076917611,41.575513608457854,50800
2023-09-14,ROBT,AI ETF,41.73430633544922,41.80378050334902,41.436559360727486,41.72438307691705,57400
2023-09-15,ROBT,AI ETF,41.316471099853516,41.74423511688801,41.22813857240333,41.74423511688801,56600
2023-09-18,ROBT,AI ETF,41.358154296875,41.56558485541008,41.208286967732626,41.28768439496193,39100
2023-09-19,ROBT,AI ETF,41.11896896362305,41.23806701622965,40.880769072351,41.13881927006729,51000
2023-09-20,ROBT,AI ETF,40.7715950012207,41.52588765910795,40.7715950012207,41.28768778574124,51600
2023-09-21,ROBT,AI ETF,39.95774459838867,40.384516657200535,39.94782133969786,40.384516657200535,50300
2023-09-22,ROBT,AI ETF,39.9974479675293,40.33489557719526,39.95774735790777,40.22572079376531,137300
2023-09-25,ROBT,AI ETF,39.97760009765625,40.09670193377504,39.66992981949625,39.77910460957577,51400
2023-09-26,ROBT,AI ETF,39.26102066040039,39.76917789781401,39.22330772888691,39.630229540566255,60200
2023-09-27,ROBT,AI ETF,39.60045623779297,39.82475750568278,39.267968339527904,39.540905318836806,62500
2023-09-28,ROBT,AI ETF,39.968666076660156,40.16518144269851,39.34240278328761,39.481351129951854,48700
2023-09-29,ROBT,AI ETF,40.20587158203125,40.49369533052462,40.04906060606247,40.32497341413386,70200
2023-10-02,ROBT,AI ETF,39.812843322753906,40.20587026931959,39.65007688188842,40.116545791188365,66200
2023-10-03,ROBT,AI ETF,38.925559997558594,39.59052820540679,38.80645816261309,39.49128046234425,94100
2023-10-04,ROBT,AI ETF,39.15382766723633,39.193528273644446,38.63773114210547,38.985101983030944,142000
2023-10-05,ROBT,AI ETF,38.96525573730469,39.233229179376394,38.66750873035566,39.18360530922799,32900
2023-10-06,ROBT,AI ETF,39.521053314208984,39.68977901763818,38.50871045180973,38.63773554430752,57200
2023-10-09,ROBT,AI ETF,39.392024993896484,39.51112681693143,39.014880579127485,39.14390187499451,73500
2023-10-10,ROBT,AI ETF,39.97760009765625,40.18403873699165,39.60045564145633,39.60045564145633,103100
2023-10-11,ROBT,AI ETF,39.927974700927734,40.21579844813571,39.69970186950511,40.12647396748698,50900
2023-10-12,ROBT,AI ETF,39.481353759765625,40.09670188749285,39.24811739687565,40.09670188749285,59200
2023-10-13,ROBT,AI ETF,38.86600875854492,39.441656264509696,38.717133359124055,39.34240473620955,52300
2023-10-16,ROBT,AI ETF,39.302703857421875,39.389052497152434,38.74691044695817,38.74691044695817,47000
2023-10-17,ROBT,AI ETF,39.46150207519531,39.715580682597064,38.817376137454225,38.86600806032709,48100
2023-10-18,ROBT,AI ETF,38.498783111572266,39.05457646146829,38.439232201487016,39.024802899454784,36900
2023-10-19,ROBT,AI ETF,38.10178756713867,38.667508005555305,37.992612783223436,38.57818352653907,54200
2023-10-20,ROBT,AI ETF,37.51622009277344,37.98269283339939,37.446745912602616,37.92314191351346,66600
2023-10-23,ROBT,AI ETF,37.36734390258789,37.81197860130787,36.97034539068071,37.258169122510495,56800
2023-10-24,ROBT,AI ETF,37.714717864990234,37.8139656081062,37.40704380363681,37.56584246425758,89400
2023-10-25,ROBT,AI ETF,36.79169845581055,37.41696982122063,36.761924890905796,37.36734595102651,82700
2023-10-26,ROBT,AI ETF,36.56342697143555,37.06959652376178,36.35996417426582,36.751999199545565,58600
2023-10-27,ROBT,AI ETF,36.285526275634766,36.761922209657705,36.22101184163505,36.6626706904498,91600
2023-10-30,ROBT,AI ETF,36.39469528198242,36.60312156791812,36.10687535712878,36.57334422075123,74200
2023-10-31,ROBT,AI ETF,36.74207305908203,36.811547231679064,36.31530097823829,36.42447575976461,37900
2023-11-01,ROBT,AI ETF,36.950496673583984,36.9703469786378,36.46417745097054,36.71230058505535,54500
2023-11-02,ROBT,AI ETF,38.00253677368164,38.01246003230414,37.53606411120117,37.53606411120117,61800
2023-11-03,ROBT,AI ETF,39.13397979736328,39.27292814237321,38.508708458760154,38.508708458760154,61100
2023-11-06,ROBT,AI ETF,38.90570831298828,39.441655193073956,38.638726820292696,39.382104277711576,62400
2023-11-07,ROBT,AI ETF,39.124053955078125,39.31957737747546,38.826306951464986,38.84615725651367,38700
2023-11-08,ROBT,AI ETF,38.96525573730469,39.19353235489284,38.818368021569,39.00495634784685,42700
2023-11-09,ROBT,AI ETF,38.4293098449707,39.188565982604665,38.36975893348749,39.10420503088052,46700
2023-11-10,ROBT,AI ETF,38.975181579589844,38.975181579589844,38.26554927880798,38.359837279419786,39600
2023-11-13,ROBT,AI ETF,38.87493896484375,38.93548182747538,38.48885942797941,38.68735869287302,29100
2023-11-14,ROBT,AI ETF,40.51652526855469,40.583019816124555,39.818800097310884,39.818800097310884,90000
2023-11-15,ROBT,AI ETF,40.801368713378906,41.208290501224326,40.596913979084505,40.642570059245536,244300
2023-11-16,ROBT,AI ETF,40.265419006347656,40.65249046196853,40.12647066700255,40.65249046196853,112100
2023-11-17,ROBT,AI ETF,40.67234420776367,40.771595734308775,40.444071375797854,40.543319116284344,217800
2023-11-20,ROBT,AI ETF,41.317466735839844,41.39686417266366,40.900617887824076,40.9502417590963,121300
2023-11-21,ROBT,AI ETF,40.980018615722656,41.24799206062631,40.86091678283749,41.22814175514545,95900
2023-11-22,ROBT,AI ETF,41.08720397949219,41.38693865766485,41.001851076997184,41.29761417981865,36500
2023-11-24,ROBT,AI ETF,41.37800979614258,41.39686436851649,41.10705671852988,41.238065708058876,10100
2023-11-27,ROBT,AI ETF,41.257911682128906,41.36907035417261,41.163623685923994,41.317462593320165,46900
2023-11-28,ROBT,AI ETF,41.24799346923828,41.377014780181966,40.94528292592027,41.01972062750087,67500
2023-11-29,ROBT,AI ETF,41.823631286621094,42.18092917481235,41.625132039175035,41.625132039175035,40400
2023-11-30,ROBT,AI ETF,41.77401351928711,42.11146115338727,41.61521485536108,41.85341095822073,55500
2023-12-01,ROBT,AI ETF,42.67717742919922,42.6970277334933,41.640024585727886,41.82363327484589,96800
2023-12-04,ROBT,AI ETF,42.45882797241211,42.4846337466637,42.03404357486137,42.29010606458524,32300
2023-12-05,ROBT,AI ETF,42.12137985229492,42.25238883049883,41.89310703424885,42.21070432770933,38900
2023-12-06,ROBT,AI ETF,42.18093490600586,42.75658242320779,42.14123429391081,42.617630280875126,51200
2023-12-07,ROBT,AI ETF,42.309959411621094,42.3298097173915,41.84745826674088,42.12138339983159,39000
2023-12-08,ROBT,AI ETF,42.736732482910156,42.80620666164169,41.99236303702194,41.99236303702194,395900
2023-12-11,ROBT,AI ETF,43.004703521728516,43.03447708635254,42.4786799016665,42.786353951662825,33300
2023-12-12,ROBT,AI ETF,42.97492599487305,43.07913725668849,42.62755512215491,43.044400169416676,139800
2023-12-13,ROBT,AI ETF,43.87809371948242,43.89794402435373,42.6553444706665,42.9352250614173,68800
2023-12-14,ROBT,AI ETF,44.60261535644531,44.91028942042829,44.28501803248942,44.48351730647654,79700
2023-12-15,ROBT,AI ETF,44.61254119873047,45.00953594993416,44.47359284650624,44.820963727066804,41300
2023-12-18,ROBT,AI ETF,44.57284164428711,44.79119122356273,44.414042982829955,44.79119122356273,53200
2023-12-19,ROBT,AI ETF,45.4263801574707,45.4263801574707,45.01945840202448,45.01945840202448,96600
2023-12-20,ROBT,AI ETF,44.32471466064453,45.51570641146356,44.294941097343035,45.35690776375825,82500
2023-12-21,ROBT,AI ETF,45.069087982177734,45.07901124212859,44.552991385382455,44.97976349838511,78900
2023-12-22,ROBT,AI ETF,45.188262939453125,45.367029997023785,44.94990559983845,45.367029997023785,130300
2023-12-26,ROBT,AI ETF,45.615318298339844,45.704701829363536,45.3372378856268,45.42662141665049,51300
2023-12-27,ROBT,AI ETF,45.694766998291016,45.7920989286973,45.267716571008066,45.50607012165151,103400
2023-12-28,ROBT,AI ETF,45.67490768432617,45.88346798976257,45.625247221407726,45.65504425687108,54900
2023-12-29,ROBT,AI ETF,45.218055725097656,45.73449346519542,45.09093433764036,45.73449346519542,32800
2024-01-02,ROBT,AI ETF,43.93689727783203,44.87045563081732,43.78792346716268,44.87045563081732,52700
2024-01-03,ROBT,AI ETF,42.80470657348633,43.62902179602827,42.774913325439314,43.62902179602827,134700
2024-01-04,ROBT,AI ETF,42.61600875854492,42.84939929931906,42.4173782692545,42.49683198039526,116700
2024-01-05,ROBT,AI ETF,42.655738830566406,42.963612513048346,42.40745164737168,42.586218722356826,108200
2024-01-08,ROBT,AI ETF,43.62902069091797,43.67867736592572,42.68552871152479,42.68552871152479,96400
2024-01-09,ROBT,AI ETF,43.450252532958984,43.73131453462111,43.26651867265181,43.3608690047773,63100
2024-01-10,ROBT,AI ETF,43.797855377197266,43.877309090296606,43.301281036011076,43.64888534797835,64700
2024-01-11,ROBT,AI ETF,43.777992248535156,43.96668911926528,43.20196424015699,43.81771531335748,98700
2024-01-12,ROBT,AI ETF,43.61908721923828,44.264635362043016,43.57936415224468,44.10573172838421,75700
2024-01-16,ROBT,AI ETF,43.01327133178711,43.34100843098948,42.80470722659111,43.34100843098948,51000
2024-01-17,ROBT,AI ETF,42.45710372924805,42.57628050348034,42.005219286251865,42.57628050348034,192700
2024-01-18,ROBT,AI ETF,42.953678131103516,42.9636079504096,42.54648734544938,42.90402145745035,62100
2024-01-19,ROBT,AI ETF,43.47011947631836,43.52970976277999,42.824571299616586,43.152312192313026,109900
2024-01-22,ROBT,AI ETF,44.24477005004883,44.44340053080379,43.98456408237422,44.03620975010871,72200
2024-01-23,ROBT,AI ETF,44.41360855102539,44.55264875494984,44.17525120961104,44.43347197852337,43600
2024-01-24,ROBT,AI ETF,44.19511413574219,44.71155187914677,44.165320889113914,44.701618271229755,73000
2024-01-25,ROBT,AI ETF,44.1553840637207,44.562574821735616,43.94682377539721,44.562574821735616,60900
2024-01-26,ROBT,AI ETF,44.095802307128906,44.42353939701527,44.05607545121495,44.25470594222322,87900
2024-01-29,ROBT,AI ETF,44.76121139526367,44.76121139526367,44.01634987376907,44.11566322787704,55200
2024-01-30,ROBT,AI ETF,44.24477005004883,44.66189443849038,44.13552309620554,44.66189443849038,79900
2024-01-31,ROBT,AI ETF,43.251625061035156,44.28946742099745,43.251625061035156,43.91703665906793,79600
2024-02-01,ROBT,AI ETF,43.777992248535156,43.95675551163876,43.19600483329333,43.52970509772966,41500
2024-02-02,ROBT,AI ETF,43.902137756347656,43.976620874018764,43.4601831229843,43.658813610083925,69500
2024-02-05,ROBT,AI ETF,43.50984573364258,43.847516441809525,43.14734479265213,43.847516441809525,65100
2024-02-06,ROBT,AI ETF,43.777992248535156,43.80778549429221,43.44528458714923,43.460181210027756,130100
2024-02-07,ROBT,AI ETF,43.94683074951172,44.185188108679604,43.708473390343826,44.075941143584394,90700
2024-02-08,ROBT,AI ETF,44.20504379272461,44.33613938139341,43.74819633281604,43.74819633281604,146800
2024-02-09,ROBT,AI ETF,44.81086730957031,44.93004787874518,44.49306003556043,44.70162034877413,133500
2024-02-12,ROBT,AI ETF,44.93997573852539,45.32730310004673,44.691688579749005,44.91018249181187,73000
2024-02-13,ROBT,AI ETF,43.54956817626953,44.04614251710983,43.272480360867476,44.01634926899911,122200
2024-02-14,ROBT,AI ETF,44.42354202270508,44.43247923981743,43.97662433866142,44.145461591994234,62900
2024-02-15,ROBT,AI ETF,45.33723449707031,45.33723449707031,44.900246694254804,44.900246694254804,43600
2024-02-16,ROBT,AI ETF,44.86051940917969,45.49613768091623,44.77113967425924,45.49613768091623,53100
2024-02-20,ROBT,AI ETF,44.58244323730469,44.86052365285925,44.254706145909886,44.86052365285925,67400
2024-02-21,ROBT,AI ETF,43.72833251953125,43.893195554127765,43.45322992751471,43.77799298137267,106400
2024-02-22,ROBT,AI ETF,44.552650451660156,44.900250974709046,44.45929271772042,44.900250974709046,81500
2024-02-23,ROBT,AI ETF,44.33415222167969,44.73141317104547,44.300384775784316,44.73141317104547,48400
2024-02-26,ROBT,AI ETF,44.999568939208984,45.14853897100026,44.41361105494874,44.41361105494874,93200
2024-02-27,ROBT,AI ETF,45.376956939697266,45.44151402162596,45.09887655157716,45.09887655157716,331700
2024-02-28,ROBT,AI ETF,44.9896354675293,45.6848403170224,44.77114532919154,45.6848403170224,58200
2024-02-29,ROBT,AI ETF,45.34716796875,45.59048833128769,45.138607658003416,45.257784437206965,162200
2024-03-01,ROBT,AI ETF,45.83381271362305,45.95298949342785,45.173367937698686,45.257784665537024,77000
2024-03-04,ROBT,AI ETF,45.60538101196289,45.88346519080932,45.52791630160645,45.804011485835716,74600
2024-03-05,ROBT,AI ETF,44.81086730957031,45.466345285785884,44.654945270503596,45.466345285785884,72400
2024-03-06,ROBT,AI ETF,45.625247955322266,45.888435531914794,45.15847066258398,45.565661460559895,87200
2024-03-07,ROBT,AI ETF,45.982784271240234,46.09203123493029,45.64511356008991,45.933127593716115,113800
2024-03-08,ROBT,AI ETF,45.555728912353516,46.46942766843776,45.43655213149437,45.89339961525572,67500
2024-03-11,ROBT,AI ETF,45.05915069580078,45.34716469761474,44.97075977374768,45.30743784455876,49900
2024-03-12,ROBT,AI ETF,45.4862060546875,45.6053828283333,44.900248217133786,45.16839879925782,72100
2024-03-13,ROBT,AI ETF,45.079017639160156,45.35709805512389,45.0194311434888,45.28757795113296,418700
2024-03-14,ROBT,AI ETF,44.2646369934082,44.96977165697169,43.97364515343774,44.939978408488095,54200
2024-03-15,ROBT,AI ETF,43.867374420166016,44.19511529592621,43.77004627596803,44.19511529592621,30900
2024-03-18,ROBT,AI ETF,43.976619720458984,44.4831276387048,43.976619720458984,44.21497705643843,39200
2024-03-19,ROBT,AI ETF,43.976619720458984,44.056073428639245,43.480045410016366,43.69853931895074,74800
2024-03-20,ROBT,AI ETF,44.81086730957031,44.88038741397488,44.0024451036647,44.19511618974636,74000
2024-03-21,ROBT,AI ETF,45.069087982177734,45.4961422159853,45.03929094567291,45.4961422159853,69400
2024-03-22,ROBT,AI ETF,44.781070709228516,45.049221286955785,44.55363958797015,45.049221286955785,52700
2024-03-25,ROBT,AI ETF,44.592376708984375,44.77114377231074,44.56257967272231,44.56257967272231,46600
2024-03-26,ROBT,AI ETF,44.58244323730469,44.96977061284469,44.56257980925629,44.73141705338693,46200
2024-03-27,ROBT,AI ETF,44.900245666503906,44.900245666503906,44.325214072481224,44.87045242192524,99800
2024-03-28,ROBT,AI ETF,44.93004608154297,45.116757752841266,44.880385618759085,44.90024904616036,92800
2024-04-01,ROBT,AI ETF,44.49305725097656,44.97970173991357,44.35401705086922,44.97970173991357,97800
2024-04-02,ROBT,AI ETF,43.94683074951172,44.075941143584394,43.708473390343826,44.075941143584394,102100
2024-04-03,ROBT,AI ETF,44.026283264160156,44.164330871509456,43.51977531045915,43.51977531045915,129900
2024-04-04,ROBT,AI ETF,43.50984573364258,44.62217121231421,43.440325628010704,44.37388403832562,88400
2024-04-05,ROBT,AI ETF,43.63895034790039,43.79785398047002,43.30127965511974,43.59922728117906,75400
2024-04-08,ROBT,AI ETF,43.887237548828125,43.96172445540788,43.69854066891267,43.71840409657137,78600
2024-04-09,ROBT,AI ETF,44.24477005004883,44.26463347698046,43.84949808322499,44.01634632317708,54100
2024-04-10,ROBT,AI ETF,43.30127716064453,43.61908440747574,43.06292361980174,43.579361343042756,64700
2024-04-11,ROBT,AI ETF,43.64888381958008,43.758130776985524,43.124501454883074,43.46018315185742,44400
2024-04-12,ROBT,AI ETF,42.55641555786133,43.172170411306546,42.39751193503445,43.172170411306546,55100
2024-04-15,ROBT,AI ETF,41.632789611816406,42.91395228025819,41.54638767958051,42.91395228025819,55600
2024-04-16,ROBT,AI ETF,41.28519058227539,41.55334118217695,41.01703998237383,41.473887468771345,72000
2024-04-17,ROBT,AI ETF,40.937591552734375,41.50368602145984,40.87800126550369,41.28519209017573,79600
2024-04-18,ROBT,AI ETF,40.89786148071289,41.40039521003883,40.768751096139795,40.937588335744834,75600
2024-04-19,ROBT,AI ETF,40.54032897949219,41.00711007333143,40.37645853737055,40.629712512598395,62700
2024-04-22,ROBT,AI ETF,40.9475212097168,41.116358461916306,40.46088045923935,40.76875413729929,40100
2024-04-23,ROBT,AI ETF,41.642723083496094,41.76189986037238,40.87799817046384,40.87799817046384,92400
2024-04-24,ROBT,AI ETF,41.76190185546875,42.03005245767186,41.50070326382022,42.03005245767186,50300
2024-04-25,ROBT,AI ETF,41.35470962524414,41.434163336609394,40.76775916078274,40.927655398059606,53200
2024-04-26,ROBT,AI ETF,41.990325927734375,42.109506499794136,41.54539724877516,41.67251864603161,51900
2024-04-29,ROBT,AI ETF,42.38758850097656,42.45710860965011,42.17902817495592,42.35779525113412,53600
2024-04-30,ROBT,AI ETF,41.642723083496094,42.27833761158487,41.6327894754289,42.03998405783229,123100
2024-05-01,ROBT,AI ETF,41.55333709716797,42.40645288646926,41.38449986705982,41.463953572654525,54000
2024-05-02,ROBT,AI ETF,42.238609313964844,42.258472740859446,41.63775485750792,42.258472740859446,49700
2024-05-03,ROBT,AI ETF,42.70539093017578,43.013268368205644,42.47696720075802,43.013268368205644,41700
2024-05-06,ROBT,AI ETF,43.40060043334961,43.40060043334961,42.78484927906921,42.78484927906921,43600
2024-05-07,ROBT,AI ETF,42.96360778808594,43.28141883310044,42.96360778808594,43.24169197890346,50200
2024-05-08,ROBT,AI ETF,42.834503173828125,42.874226241299056,42.52662572241898,42.675599538259874,36400
2024-05-09,ROBT,AI ETF,42.97354507446289,42.98844169892158,42.645804182125104,42.933818216865276,40100
2024-05-10,ROBT,AI ETF,42.64580154418945,43.08278937360914,42.616008297114995,42.9536789886841,31300
2024-05-13,ROBT,AI ETF,43.08279037475586,43.403575455492046,42.83450320720193,42.83450320720193,114300
2024-05-14,ROBT,AI ETF,43.6588134765625,43.81275409258867,43.32114278609425,43.32114278609425,37900
2024-05-15,ROBT,AI ETF,44.046138763427734,44.046138763427734,43.61908456361439,44.046138763427734,36400
2024-05-16,ROBT,AI ETF,43.54956817626953,43.98655602088839,43.54956817626953,43.98655602088839,43900
2024-05-17,ROBT,AI ETF,43.430389404296875,43.569429607188326,43.272478377138334,43.569429607188326,33000
2024-05-20,ROBT,AI ETF,43.6588134765625,43.6588134765625,43.43038974309301,43.43038974309301,36300
2024-05-21,ROBT,AI ETF,43.29135513305664,43.420465534243895,43.1394034921394,43.420465534243895,101700
2024-05-22,ROBT,AI ETF,43.12251281738281,43.40953423372365,42.935801142864264,43.11258299779161,28700
2024-05-23,ROBT,AI ETF,42.7153205871582,43.48004548111773,42.52761631583319,43.48004548111773,42800
2024-05-24,ROBT,AI ETF,42.89408874511719,42.97254985237496,42.6358717635929,42.6358717635929,56700
2024-05-28,ROBT,AI ETF,43.04306411743164,43.20196775533408,42.79477694642397,43.13244765053686,73200
2024-05-29,ROBT,AI ETF,42.2485466003418,42.42731366939747,42.15022584892966,42.21874956312476,56700
2024-05-30,ROBT,AI ETF,41.9108772277832,42.24854794804188,41.81156008149433,42.24854794804188,38700
2024-05-31,ROBT,AI ETF,42.13929748535156,42.24357763888205,41.52354638369283,42.079707202522094,53600
2024-06-03,ROBT,AI ETF,42.15916442871094,42.70539547356747,41.92577387053435,42.42731504096307,44300
2024-06-04,ROBT,AI ETF,41.96052932739258,42.14922620190587,41.84631556876523,42.00025618157264,44400
2024-06-05,ROBT,AI ETF,42.80470657348633,42.80470657348633,42.1343319724976,42.16909202473963,125000
2024-06-06,ROBT,AI ETF,42.70539093017578,42.745117784481835,42.53655748221709,42.715320749471616,39500
2024-06-07,ROBT,AI ETF,42.19888687133789,42.5653581998312,42.119433162587214,42.31806364590255,59600
2024-06-10,ROBT,AI ETF,42.48689651489258,42.55641661482091,41.94066553464369,42.15915944216777,25600
2024-06-11,ROBT,AI ETF,42.36771774291992,42.43723783956809,42.05984032307722,42.119430601016134,80500
2024-06-12,ROBT,AI ETF,42.86429214477539,43.321139577881844,42.760011999515946,42.85436232603879,37800
2024-06-13,ROBT,AI ETF,42.27833557128906,42.87521960708297,42.18795944275849,42.794773297578956,33500
2024-06-14,ROBT,AI ETF,41.970458984375,42.0002560191755,41.74203525656486,42.0002560191755,43200
2024-06-17,ROBT,AI ETF,42.19888687133789,42.258473364339544,41.70231255733023,41.73210580383106,53400
2024-06-18,ROBT,AI ETF,42.218746185302734,42.30812971267921,42.08963959241775,42.08963959241775,56700
2024-06-20,ROBT,AI ETF,41.92080307006836,42.25450334594614,41.761899439647024,42.11943355523538,67900
2024-06-21,ROBT,AI ETF,41.742034912109375,41.80162519265732,41.50368136704018,41.67251481241742,53800
2024-06-24,ROBT,AI ETF,41.73210525512695,42.06580173494502,41.65265154742095,41.65265154742095,36600
2024-06-25,ROBT,AI ETF,41.51361083984375,41.58809774276693,41.39940087211463,41.54340787414978,51400
2024-06-26,ROBT,AI ETF,41.62285614013672,41.70230984371726,41.295119084269764,41.295119084269764,62000
2024-06-27,ROBT,AI ETF,42.05474853515625,42.08062322929809,41.63679022749533,41.7163997067865,62300
2024-06-28,ROBT,AI ETF,42.13436508178711,42.41300397519364,41.95523899426286,42.1940750430186,45200
2024-07-01,ROBT,AI ETF,41.87562561035156,42.343340309860274,41.824870819370275,42.343340309860274,63500
2024-07-02,ROBT,AI ETF,42.174171447753906,42.20402453008999,41.71640267363625,41.71640267363625,68200
2024-07-03,ROBT,AI ETF,42.373199462890625,42.59212838644943,42.10451034217885,42.10451034217885,32100
2024-07-05,ROBT,AI ETF,42.9603271484375,42.9603271484375,42.54236885552715,42.54236885552715,72300
2024-07-08,ROBT,AI ETF,43.029991149902344,43.19418688331771,42.930474557955336,43.000134274233325,48100
2024-07-09,ROBT,AI ETF,42.61203384399414,42.96033246451928,42.46276083738608,42.96033246451928,44600
2024-07-10,ROBT,AI ETF,43.21907043457031,43.2588770745306,42.73244697822565,42.78120878351747,93100
2024-07-11,ROBT,AI ETF,43.527565002441406,43.89178473916401,43.25887588435701,43.25887588435701,75200
2024-07-12,ROBT,AI ETF,44.074893951416016,44.24406647598855,43.81615458937907,43.81615458937907,42400
2024-07-15,ROBT,AI ETF,44.074893951416016,44.36348639516103,43.82610814739516,43.8858143108113,169900
2024-07-16,ROBT,AI ETF,44.731685638427734,44.751588957095684,44.22416050281979,44.22416050281979,83800
2024-07-17,ROBT,AI ETF,43.55741882324219,44.33362931344394,43.45790222438934,44.00523402765477,85400
2024-07-18,ROBT,AI ETF,42.930477142333984,44.02513694262974,42.75135106221595,43.786300903749016,78000
2024-07-19,ROBT,AI ETF,42.57222366333008,42.930475812468494,42.47271086464493,42.930475812468494,43100
2024-07-22,ROBT,AI ETF,43.29867935180664,43.29867935180664,42.82101106704325,43.010090706295685,121900
2024-07-23,ROBT,AI ETF,43.33848190307617,43.43799849228733,42.99018333126143,42.99018333126143,58400
2024-07-24,ROBT,AI ETF,41.835819244384766,43.067805440576095,41.82586568695653,42.84091216295292,103200
2024-07-25,ROBT,AI ETF,41.965187072753906,42.83096439310985,41.62684202786039,41.766161468974204,80600
2024-07-26,ROBT,AI ETF,42.52246856689453,42.66178800779052,42.25377944680797,42.65183824608511,309800
2024-07-29,ROBT,AI ETF,42.24382781982422,42.6319330440891,42.10450838507989,42.62198328282303,70300
2024-07-30,ROBT,AI ETF,41.76615905761719,42.47270978028478,41.567129669158334,42.29358371028879,125100
2024-07-31,ROBT,AI ETF,42.57222366333008,43.03496538993888,42.44285778427338,42.79115637584132,38300
2024-08-01,ROBT,AI ETF,40.681453704833984,42.29358457145358,40.452571232105335,42.20402153463194,155100
2024-08-02,ROBT,AI ETF,39.338008880615234,39.78582407301203,38.880243926685175,39.75597099224224,55800
2024-08-05,ROBT,AI ETF,38.14384078979492,38.41252611395163,36.730735467650845,37.04918098888922,141100
2024-08-06,ROBT,AI ETF,38.541893005371094,38.95388371930523,38.16373755269023,38.36276693811015,133200
2024-08-07,ROBT,AI ETF,38.37272262573242,39.71815360168319,38.33291598720441,39.566891412212755,97500
2024-08-08,ROBT,AI ETF,39.88534164428711,39.88534164428711,38.90014819692876,38.90014819692876,59000
2024-08-09,ROBT,AI ETF,39.83557891845703,39.935095510756064,39.53504754090458,39.68630972426324,32400
2024-08-12,ROBT,AI ETF,39.53704071044922,39.82563316288766,39.4484722630545,39.80572984242602,39400
2024-08-13,ROBT,AI ETF,40.51227569580078,40.51227569580078,39.80572498833852,39.80572498833852,74300
2024-08-14,ROBT,AI ETF,40.4426155090332,40.761061001531914,40.243586127179086,40.532178541059075,44400
2024-08-15,ROBT,AI ETF,41.45766830444336,41.49150357028477,40.890436946589084,40.890436946589084,51900
2024-08-16,ROBT,AI ETF,41.63679122924805,41.663660520554124,41.31834571208198,41.31834571208198,27100
2024-08-19,ROBT,AI ETF,42.3134880065918,42.33239672899397,41.646740109271946,41.646740109271946,55100
2024-08-20,ROBT,AI ETF,42.30353546142578,42.59013870536933,42.184119341200976,42.442858697219734,188300
2024-08-21,ROBT,AI ETF,42.77125549316406,42.7812090513015,42.283637437193725,42.363246921442496,29400
2024-08-22,ROBT,AI ETF,42.11445999145508,43.06780736088184,42.079630131243036,42.96033019441609,229900
2024-08-23,ROBT,AI ETF,43.089698791503906,43.099652349125996,42.512517723031266,42.77125327865625,69900
2024-08-26,ROBT,AI ETF,42.75135040283203,43.049892599700776,42.66178736415441,42.96032956102315,42300
2024-08-27,ROBT,AI ETF,42.7314453125,42.83096190477834,42.38314672995041,42.592125879480164,37700
2024-08-28,ROBT,AI ETF,42.283634185791016,42.870768797137245,42.02489484049546,42.73144556711741,38300
2024-08-29,ROBT,AI ETF,42.7314453125,43.22901688538217,42.65183583484717,42.65183583484717,33400
2024-08-30,ROBT,AI ETF,42.88072204589844,43.21907089683964,42.472713472366706,43.21907089683964,30100
2024-09-03,ROBT,AI ETF,41.29844284057617,42.612031562173186,41.20887980064138,42.4627585635585,71700
2024-09-04,ROBT,AI ETF,41.07950973510742,41.53329630599715,40.761064217484105,40.88048413372036,42400
2024-09-05,ROBT,AI ETF,40.90038299560547,41.298441784283405,40.761063558419174,40.979996271809036,80400
2024-09-06,ROBT,AI ETF,39.84553527832031,40.90038465769437,39.68133573660526,40.72125857512706,36700
2024-09-09,ROBT,AI ETF,40.39286422729492,40.61179695467344,40.154028179593794,40.27344810152945,58600
2024-09-10,ROBT,AI ETF,40.30329895019531,40.462521707781384,39.83060745628447,40.37295866937859,43800
2024-09-11,ROBT,AI ETF,40.90038299560547,40.90038299560547,39.707208818438595,40.3232019278094,96200
2024-09-12,ROBT,AI ETF,41.149169921875,41.36312586234753,40.68244979445719,40.880484597718855,28200
2024-09-13,ROBT,AI ETF,41.606937408447266,41.768149357246976,41.24868525896351,41.268588577953714,38200
2024-09-16,ROBT,AI ETF,41.596981048583984,41.65669100153208,41.298438876182864,41.58703128784414,182000
2024-09-17,ROBT,AI ETF,41.73630142211914,42.14430995275646,41.557175355383755,41.81591469452143,34500
2024-09-18,ROBT,AI ETF,41.65669631958008,42.35827032447976,41.422837052556794,41.92538544789384,35500
2024-09-19,ROBT,AI ETF,42.76130294799805,42.914554327042644,42.422954120580016,42.76130294799805,76600
2024-09-20,ROBT,AI ETF,42.393096923828125,42.54236991568444,42.05275890595278,42.44285711856015,46600
2024-09-23,ROBT,AI ETF,42.393096923828125,42.592126314246585,42.31348744536266,42.38314716258365,33600
2024-09-24,ROBT,AI ETF,42.78120803833008,42.78120803833008,42.313489517368936,42.582178638165544,125000
2024-09-25,ROBT,AI ETF,42.48265838623047,42.84887108441546,42.4329019895112,42.70159108719891,52800
2024-09-26,ROBT,AI ETF,43.80620574951172,43.80620574951172,43.23897440809939,43.63702942520847,65500
2024-09-27,ROBT,AI ETF,43.80620574951172,44.18436124251,43.61712990109767,43.96542851558939,159800
2024-09-30,ROBT,AI ETF,43.57732009887695,43.801225792495174,43.210112787334715,43.63702625921786,85100
2024-10-01,ROBT,AI ETF,42.9006233215332,43.67683379121796,42.64188396752496,43.67683379121796,34300
2024-10-02,ROBT,AI ETF,43.09965133666992,43.20911389475182,42.572222884017755,42.731445636701274,66500
2024-10-03,ROBT,AI ETF,42.68169403076172,42.87077368067089,42.51252149786435,42.54237458104146,34300
2024-10-04,ROBT,AI ETF,43.56736755371094,43.56736755371094,42.9553566189764,43.25887559499499,38300
2024-10-07,ROBT,AI ETF,43.05984878540039,43.42506693434012,42.79115965296923,43.2986810390035,58100
2024-10-08,ROBT,AI ETF,43.28873062133789,43.423073287434065,43.04989457518115,43.11955809394492,78100
2024-10-09,ROBT,AI ETF,43.66688537597656,43.82013676309696,43.20911661158002,43.29867965285651,38600
2024-10-10,ROBT,AI ETF,43.89576721191406,43.89576721191406,43.288729251800454,43.328535890928904,38500
2024-10-11,ROBT,AI ETF,44.293819427490234,44.403285780120235,43.56736539187362,43.56736539187362,89900
2024-10-14,ROBT,AI ETF,44.502803802490234,44.572463520736264,44.25401800984871,44.35353080843735,44300
2024-10-15,ROBT,AI ETF,43.56736755371094,44.39333822187169,43.56736755371094,44.383384664136976,51400
2024-10-16,ROBT,AI ETF,43.68678665161133,43.69673641298976,43.388240663879415,43.59722361452574,29500
2024-10-17,ROBT,AI ETF,43.66688537597656,44.10673621747966,43.527565933139826,44.01518398306839,37500
2024-10-18,ROBT,AI ETF,43.985328674316406,44.13260867840533,43.894771041057616,44.104744791248784,39300
2024-10-21,ROBT,AI ETF,43.68678665161133,44.0052321621001,43.43103488746547,43.72658949329498,41700
2024-10-22,ROBT,AI ETF,43.34843826293945,43.49273447949835,43.33450631916604,43.33848470528989,20200
2024-10-23,ROBT,AI ETF,42.66178512573242,43.17428323276466,42.343339626291616,43.02999081884881,35400
2024-10-24,ROBT,AI ETF,43.179264068603516,43.30863375121032,42.88370564908657,43.03994462402857,21400
2024-10-25,ROBT,AI ETF,43.20911407470703,43.706685653436516,43.20911407470703,43.308630668154855,29100
2024-10-28,ROBT,AI ETF,43.78630065917969,43.88581346039163,43.50766177885023,43.50766177885023,24000
2024-10-29,ROBT,AI ETF,44.20425796508789,44.234114841702215,43.646980217219735,43.82610629222591,43700
2024-10-30,ROBT,AI ETF,43.995277404785156,44.63216840839446,43.98532764367806,44.12464707619637,39200
2024-10-31,ROBT,AI ETF,42.9603271484375,43.88581056407588,42.85086459279654,43.656928099457865,32300
2024-11-01,ROBT,AI ETF,43.597225189208984,43.83705202917373,43.24892278966477,43.24892278966477,14000
2024-11-04,ROBT,AI ETF,43.537513732910156,43.8460094825531,43.457900457065556,43.70668624982504,30500
2024-11-05,ROBT,AI ETF,44.61227035522461,44.65008400408054,43.8659129740112,43.8659129740112,25700
2024-11-06,ROBT,AI ETF,45.88605499267578,45.92088485391692,44.92076484374974,44.92076484374974,88900
2024-11-07,ROBT,AI ETF,46.5826530456543,46.692115605316204,46.154741179858924,46.154741179858924,68300
2024-11-08,ROBT,AI ETF,46.9608039855957,46.980707304180044,46.413476011120856,46.413476011120856,74600
2024-11-11,ROBT,AI ETF,47.30910873413086,47.40762693930926,46.9001055766044,47.15983573536293,48000
2024-11-12,ROBT,AI ETF,46.532894134521484,46.95085625048951,46.16469221524658,46.87124297271654,20800
2024-11-13,ROBT,AI ETF,46.3537712097168,47.01056555756485,46.294061252214256,46.483137090050676,33700
2024-11-14,ROBT,AI ETF,45.279014587402344,46.25425444605215,45.20935486865378,46.23435112695685,34800
2024-11-15,ROBT,AI ETF,44.58241653442383,45.050135073484434,44.46797718731551,45.050135073484434,60800
2024-11-18,ROBT,AI ETF,44.6918830871582,44.87896974433791,44.387369496420476,44.66203000451183,35200
2024-11-19,ROBT,AI ETF,45.51784896850586,45.51784896850586,44.48289919012911,44.48289919012911,22800
2024-11-20,ROBT,AI ETF,45.34867477416992,45.39843117433669,44.92076289962968,45.33872501260456,40400
2024-11-21,ROBT,AI ETF,45.91590881347656,46.10001168081002,45.249164660086066,45.657173239547326,32400
2024-11-22,ROBT,AI ETF,46.652313232421875,46.68913228485218,45.81639281132646,45.81639281132646,27200
2024-11-25,ROBT,AI ETF,47.4583740234375,47.71313117842187,47.25038947580181,47.4185711837288,83500
2024-11-26,ROBT,AI ETF,47.08022689819336,47.45340560405554,46.9060737985216,47.239449660847754,48400
2024-11-27,ROBT,AI ETF,46.43338394165039,46.89114892604764,46.068165791501066,46.89114892604764,37100
2024-11-29,ROBT,AI ETF,46.94090270996094,47.00360025412374,46.54284770945967,46.54284770945967,9400
2024-12-02,ROBT,AI ETF,46.79163360595703,46.99066300470791,46.75182696697285,46.85134356443331,43900
2024-12-03,ROBT,AI ETF,46.9608039855957,47.040417259933065,46.567721984937165,46.572698763625716,33400
2024-12-04,ROBT,AI ETF,47.81663131713867,47.866387719274435,47.27925306326405,47.27925306326405,46000
2024-12-05,ROBT,AI ETF,47.15983581542969,47.73702069573088,47.11007941447925,47.70716381822457,34000
2024-12-06,ROBT,AI ETF,47.70716094970703,47.737017825418114,47.408618765785,47.46832872103734,41400
2024-12-09,ROBT,AI ETF,47.647457122802734,48.49332731801255,47.50515009742898,48.21468843886955,122200
2024-12-10,ROBT,AI ETF,47.02051544189453,47.6175998337998,46.82148604586944,47.36881403781094,42200
2024-12-11,ROBT,AI ETF,47.428524017333984,47.60765009422214,47.06032210202832,47.557893694235425,277700
2024-12-12,ROBT,AI ETF,47.319061279296875,47.766876505772544,47.10013234337453,47.10013234337453,50600
2024-12-13,ROBT,AI ETF,47.20207595825195,47.49202820371146,46.85213622342638,47.46203445902843,27900
2024-12-16,ROBT,AI ETF,47.701995849609375,47.781984260553905,46.965119967743895,47.162085517905886,47500
2024-12-17,ROBT,AI ETF,47.3420524597168,47.65200181029489,47.20307584695159,47.65200181029489,37200
2024-12-18,ROBT,AI ETF,45.2124137878418,47.490031441740854,44.932458175290066,47.28206615884285,71100
2024-12-19,ROBT,AI ETF,44.922462463378906,45.91229423662483,44.68250104964994,45.802315894975386,69900
2024-12-20,ROBT,AI ETF,45.44237518310547,45.772317832550314,44.16258734734684,44.302567062020515,83800
2024-12-23,ROBT,AI ETF,45.652339935302734,45.652339935302734,45.092432507726016,45.482370285215005,61400
2024-12-24,ROBT,AI ETF,45.99228286743164,45.99228286743164,45.61234554972116,45.79231565737048,16700
2024-12-26,ROBT,AI ETF,46.22224426269531,46.292232214772255,45.61234598254708,45.61234598254708,25200
2024-12-27,ROBT,AI ETF,45.73232650756836,46.01227830307853,45.29139861558267,45.91229279464121,70000
2024-12-30,ROBT,AI ETF,45.142425537109375,45.44237443550383,44.71249738425636,45.06243713004036,46800
2024-12-31,ROBT,AI ETF,45.03244400024414,45.50236254900071,44.86247053992666,45.50236254900071,60100
2025-01-02,ROBT,AI ETF,44.96245574951172,45.532359804661496,44.67250349294578,45.33239259964853,164000
2025-01-03,ROBT,AI ETF,45.82231140136719,45.89229935000529,45.162418490109964,45.24240689658617,37300
2025-01-06,ROBT,AI ETF,46.38221740722656,46.822146037653944,46.2572383761383,46.472202462172405,33500
2025-01-07,ROBT,AI ETF,45.562355041503906,46.67216944228978,45.32539528794,46.45220512817155,100200
2025-01-08,ROBT,AI ETF,45.222412109375,45.322397622587346,44.787483708530324,45.272402958952505,94800
2025-01-10,ROBT,AI ETF,44.362552642822266,44.64250824605005,44.03760642235936,44.64250824605005,94100
2025-01-13,ROBT,AI ETF,44.01261520385742,44.02261184796804,43.51269908906675,43.782654248740585,92200
2025-01-14,ROBT,AI ETF,44.32256317138672,44.73149112300395,44.00361645610132,44.50252945810754,46500
2025-01-15,ROBT,AI ETF,45.29240036010742,45.54235842369969,45.082436502063686,45.372388771204484,91400
2025-01-16,ROBT,AI ETF,45.722328186035156,45.93229204247818,45.471370841326014,45.722328186035156,81500
2025-01-17,ROBT,AI ETF,46.08226776123047,46.5021954682491,46.05227401474551,46.442207975279175,56800
2025-01-21,ROBT,AI ETF,47.272064208984375,47.272064208984375,46.47219922848813,46.692163528396,53700
2025-01-22,ROBT,AI ETF,47.642005920410156,47.871966869036015,47.57201797143956,47.70199341149515,84800
2025-01-23,ROBT,AI ETF,47.911956787109375,47.911956787109375,47.202076846500646,47.362049844582295,91400
2025-01-24,ROBT,AI ETF,47.81197738647461,48.32189396447794,47.7519860790456,47.991947494704334,70800
2025-01-27,ROBT,AI ETF,46.742156982421875,47.332058153585855,46.37222012343822,46.48220227952837,78500
2025-01-28,ROBT,AI ETF,47.542022705078125,47.63500942323664,46.49219960582263,46.98211908630578,47800
2025-01-29,ROBT,AI ETF,47.00210952758789,47.652001976072945,46.77714881068151,47.652001976072945,101900
2025-01-30,ROBT,AI ETF,47.29206466674805,47.50602947005523,47.01711308640595,47.18208250898827,64600
2025-01-31,ROBT,AI ETF,47.09209442138672,47.951950711347706,46.95211852563625,47.552020125497386,56700
2025-02-03,ROBT,AI ETF,46.47220230102539,46.63217530770135,45.5323613635613,45.632343062462276,52500
2025-02-04,ROBT,AI ETF,47.4720344543457,47.50802771331807,46.852139531433814,46.852139531433814,94800
2025-02-05,ROBT,AI ETF,47.98194885253906,47.99194549633232,47.332056398320034,47.332056398320034,48200
2025-02-06,ROBT,AI ETF,47.74198913574219,48.16191684294258,47.42204312623981,47.991947194044506,73600
2025-02-07,ROBT,AI ETF,47.4620361328125,48.33188908580999,47.38204772542748,48.06193393197135,61200
2025-02-10,ROBT,AI ETF,48.29189682006836,48.36188477231026,47.98195126415631,47.98195126415631,29200
2025-02-11,ROBT,AI ETF,47.90196228027344,48.285896729985176,47.75798543136005,48.02194108067261,50500
2025-02-12,ROBT,AI ETF,48.121925354003906,48.20190994752536,47.47203289162756,47.47203289162756,52300
2025-02-13,ROBT,AI ETF,48.43186950683594,48.51185791211661,48.06193266755554,48.491860810796446,65400
2025-02-14,ROBT,AI ETF,48.57184982299805,48.99177751379745,48.34188506197116,48.711825719931184,64900
2025-02-18,ROBT,AI ETF,48.91178894042969,48.91178894042969,48.50185789478709,48.771813043974724,60200
2025-02-19,ROBT,AI ETF,48.43186950683594,48.87179810776547,48.36188155924389,48.87179810776547,38300
2025-02-20,ROBT,AI ETF,47.85197067260742,48.25190127228305,47.31206035828522,48.25190127228305,52800
2025-02-21,ROBT,AI ETF,46.44220733642578,48.061934463306876,46.38721625925494,47.881964358758175,284900
2025-02-24,ROBT,AI ETF,45.83230972290039,46.56218679545668,45.5323608157489,46.552190151309794,251500
2025-02-25,ROBT,AI ETF,45.412376403808594,45.82730767953767,44.89246701949263,45.69233201158311,54400
2025-02-26,ROBT,AI ETF,45.79231643676758,46.32223012455752,45.58235257895551,45.632343428807324,32100
2025-02-27,ROBT,AI ETF,44.242576599121094,45.92229506665299,44.21258285243359,45.92229506665299,109400
2025-02-28,ROBT,AI ETF,44.03261184692383,44.192584849426204,43.40271648092067,43.61268033156931,55700
2025-03-03,ROBT,AI ETF,43.14276123046875,44.751488595933544,42.852808975247854,44.5425240309518,55000
2025-03-04,ROBT,AI ETF,42.872806549072266,43.5956848150616,41.80298638160319,42.32289959232623,124200
2025-03-05,ROBT,AI ETF,44.07260513305664,44.07260513305664,42.972787426461274,43.112763323978086,53700
2025-03-06,ROBT,AI ETF,43.23274612426758,44.13259281829105,43.08876928016324,43.542691666117555,49200
2025-03-07,ROBT,AI ETF,43.74266052246094,43.782654727455224,42.55286152931063,43.11276514300145,74900
2025-03-10,ROBT,AI ETF,42.13292694091797,42.99278321547663,41.722995904681525,42.872804423276385,74000
2025-03-11,ROBT,AI ETF,41.96295928955078,42.49286914307196,41.44304607999574,42.022946781462025,81100
2025-03-12,ROBT,AI ETF,42.342891693115234,42.8028173988971,41.95295774952003,42.702831891528376,71400
2025-03-13,ROBT,AI ETF,41.31306838989258,41.947964006435946,41.13309827922338,41.822984974807746,35200
2025-03-14,ROBT,AI ETF,42.6728401184082,42.70283386497638,41.94296304414341,41.94296304414341,29400
2025-03-17,ROBT,AI ETF,43.05277633666992,43.24974187847149,42.532863129770874,42.532863129770874,33300
2025-03-18,ROBT,AI ETF,42.52286148071289,42.722828679927844,42.27290343520848,42.722828679927844,33700
2025-03-19,ROBT,AI ETF,42.89280319213867,43.25273958273496,42.44287793632182,42.57285719112606,40300
2025-03-20,ROBT,AI ETF,42.60285186767578,42.94779520701504,42.41288130325949,42.41288130325949,30900
2025-03-21,ROBT,AI ETF,42.63284683227539,42.63284683227539,41.792987583753415,41.88297263945425,43200
2025-03-24,ROBT,AI ETF,43.56269073486328,43.60268494015211,43.16275631008966,43.16275631008966,33300
2025-03-25,ROBT,AI ETF,43.69266891479492,43.74265976314135,43.51269880950199,43.73266311909496,32500
2025-03-26,ROBT,AI ETF,42.952789306640625,43.81764581587886,42.787816082453325,43.73765741116124,35400
2025-03-27,ROBT,AI ETF,42.40288543701172,42.85380999393536,42.34289412913914,42.85281071091275,56500
2025-03-28,ROBT,AI ETF,41.22308349609375,42.072943202930155,41.053113843160894,42.072943202930155,47700
2025-03-31,ROBT,AI ETF,40.66317367553711,40.773155827603105,39.763326985469895,40.30323728794452,116300
2025-04-01,ROBT,AI ETF,40.89313888549805,40.9881203518215,40.2132526780577,40.52319822194034,52200
2025-04-02,ROBT,AI ETF,41.453041076660156,41.653008274551325,40.16325665502202,40.16325665502202,41800
2025-04-03,ROBT,AI ETF,38.953460693359375,39.84331072047607,38.883472746106854,39.613349777495344,96500
2025-04-04,ROBT,AI ETF,36.403892517089844,37.423721882303376,35.9669655438609,37.263748872900706,213700
2025-04-07,ROBT,AI ETF,36.11393737792969,37.76366200531549,34.37722936445489,34.604192459955975,151200
2025-04-08,ROBT,AI ETF,35.37406539916992,37.663678309376316,34.844151723204135,37.663678309376316,155000
2025-04-09,ROBT,AI ETF,39.49337387084961,39.76332903600812,35.06611526474177,35.13410465105855,214200
2025-04-10,ROBT,AI ETF,37.773658752441406,38.56352709445943,36.68384151754709,38.20358689738503,119200
2025-04-11,ROBT,AI ETF,38.46354675292969,38.533534703257935,37.303741529416584,37.61368707685389,64900
2025-04-14,ROBT,AI ETF,38.77349090576172,39.47337419792802,38.383556963941714,39.193422406684334,53800
2025-04-15,ROBT,AI ETF,38.93346405029297,39.26341050327219,38.753493951223774,38.76349440898157,47800
2025-04-16,ROBT,AI ETF,38.16359329223633,38.663509392877984,37.67167908352542,38.443548902154525,71200
2025-04-17,ROBT,AI ETF,38.21358871459961,38.44854989682977,37.97862753236945,38.21358871459961,65400
2025-04-21,ROBT,AI ETF,37.413719177246094,37.9136352783684,37.02378522861984,37.683674329539,112700
2025-04-22,ROBT,AI ETF,38.22358322143555,38.48153934034428,37.803655542760175,37.803655542760175,56400
2025-04-23,ROBT,AI ETF,39.49337387084961,40.39822083650616,39.373395068798274,39.82332034406246,37700
2025-04-24,ROBT,AI ETF,40.88313674926758,40.88313674926758,39.643346996516364,39.643346996516364,32300
2025-04-25,ROBT,AI ETF,41.32306671142578,41.44304550764853,40.68317089877106,40.88313810184709,34200
2025-04-28,ROBT,AI ETF,41.453041076660156,41.75298996646838,40.98911824548862,41.44304443309127,35100
2025-04-29,ROBT,AI ETF,41.7130012512207,41.82298340517502,41.34306058536395,41.34306058536395,45900
2025-04-30,ROBT,AI ETF,41.493038177490234,41.493038177490234,40.63318183633404,40.933130747094786,30700
2025-05-01,ROBT,AI ETF,41.67300796508789,42.173923366862724,41.58302291114852,42.12293323478475,30900
2025-05-02,ROBT,AI ETF,42.56285858154297,42.74382797471102,42.41288221840534,42.48287398484496,23000
2025-05-05,ROBT,AI ETF,42.46287536621094,42.732830521786724,42.30290236446868,42.30290236446868,27600
2025-05-06,ROBT,AI ETF,42.0329475402832,42.28290559585474,41.76299238257908,41.832980333014525,33000
2025-05-07,ROBT,AI ETF,42.31290054321289,42.377888266445765,41.877972141110966,41.982957883801745,66800
2025-05-08,ROBT,AI ETF,43.112762451171875,43.45270554428371,42.252906167767996,42.86280440665015,49700
2025-05-09,ROBT,AI ETF,42.962791442871094,43.34272493795311,42.862805933067506,43.26274034416745,39600
2025-05-12,ROBT,AI ETF,44.522525787353516,44.772483832535706,44.07060197730114,44.772483832535706,57700
2025-05-13,ROBT,AI ETF,45.2124137878418,45.4223776367127,44.5325275794489,44.5325275794489,39100
2025-05-14,ROBT,AI ETF,45.172420501708984,45.58635250994102,45.03244459961814,45.40238145715213,45600
2025-05-15,ROBT,AI ETF,45.092430114746094,45.15242141903553,44.63250822403178,45.072436827373394,40900
2025-05-16,ROBT,AI ETF,45.28240203857422,45.307395555573315,44.92246183008368,45.182416528406165,27100
2025-05-19,ROBT,AI ETF,45.05244064331055,45.1304266706348,44.492533234046235,44.59251492917402,24800
2025-05-20,ROBT,AI ETF,45.32239532470703,45.342388612278484,44.98245222513512,45.162418511678226,43100
2025-05-21,ROBT,AI ETF,44.242576599121094,45.23241219443919,44.112597340046385,44.92246282712483,43300
2025-05-22,ROBT,AI ETF,44.562522888183594,44.78248720274808,44.20258266946256,44.20258266946256,20400
2025-05-23,ROBT,AI ETF,44.202579498291016,44.38055102884054,43.54269041599651,43.62267882066593,24400
2025-05-27,ROBT,AI ETF,45.37238693237305,45.46237198418169,44.832476621521224,45.09243131893661,31800
2025-05-28,ROBT,AI ETF,44.74249267578125,45.33239384909686,44.74249267578125,45.33239384909686,67800
2025-05-29,ROBT,AI ETF,44.842472076416016,45.27240022209525,44.68249907900447,45.27240022209525,67800
2025-05-30,ROBT,AI ETF,44.562522888183594,44.75248964181644,43.97762193979057,44.75248964181644,28100
2025-06-02,ROBT,AI ETF,44.75248718261719,44.81247848712655,44.14158965300536,44.46253874596475,35200
2025-06-03,ROBT,AI ETF,45.31239700317383,45.360389286533696,44.782487134232674,44.782487134232674,65700
2025-06-04,ROBT,AI ETF,45.622344970703125,45.70232956447471,45.282401865545154,45.41237730718114,42600
2025-06-05,ROBT,AI ETF,45.402381896972656,46.11626281860875,45.252405535246886,45.782319216369245,37200
2025-06-06,ROBT,AI ETF,46.05227279663086,46.177251822422136,45.795315950116446,45.94229064368539,34900
2025-06-09,ROBT,AI ETF,46.422210693359375,46.59218034152638,46.11226132933704,46.28223479156131,88900
2025-06-10,ROBT,AI ETF,46.57218551635742,46.68216385409981,46.322227467379264,46.54218795692118,64800
2025-06-11,ROBT,AI ETF,46.552188873291016,46.937122594323824,46.39221587293155,46.82214402653334,39100
2025-06-12,ROBT,AI ETF,46.35222244262695,46.61917593732113,46.30522944331093,46.36221908666618,31900
2025-06-13,ROBT,AI ETF,45.50236129760742,46.08726602755514,45.442373807192254,45.65233765175958,27600
2025-06-16,ROBT,AI ETF,46.33222579956055,46.45920339462022,45.96228894152789,45.972285585666164,47200
2025-06-17,ROBT,AI ETF,45.772315979003906,46.47219926780159,45.772315979003906,46.47219926780159,40200
2025-06-18,ROBT,AI ETF,46.102264404296875,46.38221620618705,45.80231550026351,45.80231550026351,42200
2025-06-20,ROBT,AI ETF,45.562355041503906,46.37222053198322,45.42237913763133,46.362220073673846,38900
2025-06-23,ROBT,AI ETF,45.82231140136719,45.94828970891577,45.01244594905281,45.79231384191004,64300
2025-06-24,ROBT,AI ETF,46.94212341308594,46.99211426119065,46.36221889571101,46.37221935376629,36600
2025-06-25,ROBT,AI ETF,47.122093200683594,47.292062845908276,46.87213514778338,47.23207535420884,30800
2025-06-26,ROBT,AI ETF,48.01194381713867,48.04193756333722,47.29206339591555,47.29206339591555,53200
2025-06-27,ROBT,AI ETF,48.07193374633789,48.451867234158605,47.668997679913296,48.29189423558748,47100
2025-06-30,ROBT,AI ETF,48.29189682006836,48.34188766966153,48.15192091558455,48.27189971741962,53100
2025-07-01,ROBT,AI ETF,47.98194885253906,48.1919126987118,47.5770142188549,47.95195129304499,162700
2025-07-02,ROBT,AI ETF,48.46186828613281,48.50685890469325,47.88196377541697,47.961952182711784,48900
2025-07-03,ROBT,AI ETF,49.161746978759766,49.2307356440076,48.831804339186874,48.831804339186874,19300
2025-07-07,ROBT,AI ETF,48.50185775756836,48.73681893197751,48.181911762560155,48.621840366239276,72700
2025-07-08,ROBT,AI ETF,48.71182632446289,48.99177812180347,48.501858662400274,48.67183212082647,120300
2025-07-09,ROBT,AI ETF,49.0717658996582,49.10175964497221,48.4968616254445,48.93178618872618,45700
2025-07-10,ROBT,AI ETF,48.921791076660156,49.28173128792613,48.69482797158869,49.21174333729744,73300
2025-07-11,ROBT,AI ETF,48.38188171386719,48.807812752158135,48.32189422017805,48.68183062448483,31700
2025-07-14,ROBT,AI ETF,48.27189636230469,48.35688499616906,47.8269713479523,48.06193252017241,23700
2025-07-15,ROBT,AI ETF,48.13192367553711,48.6018460512976,48.11192657294546,48.6018460512976,39100
2025-07-16,ROBT,AI ETF,48.49186325073242,48.58184830417236,47.73199243261749,48.311893143852544,59900
2025-07-17,ROBT,AI ETF,49.34272003173828,49.3817111375973,48.7518157914442,48.7518157914442,42700
2025-07-18,ROBT,AI ETF,49.436702728271484,49.72165475215814,49.25173239856861,49.69166100671443,46400
2025-07-21,ROBT,AI ETF,49.61367416381836,50.32855432623603,49.60167514021544,49.88162693056963,51000
2025-07-22,ROBT,AI ETF,49.83163833618164,49.92162338915577,49.07376608800536,49.571683635399324,46900
2025-07-23,ROBT,AI ETF,51.37137985229492,51.37137985229492,50.52152018809757,50.56151439174249,151200
2025-07-24,ROBT,AI ETF,50.83147048950195,51.25139819340267,50.71149169039564,51.17141359868422,116500
2025-07-25,ROBT,AI ETF,51.15141677856445,51.18141052499212,50.7214886141673,50.95144956957971,65700
2025-07-28,ROBT,AI ETF,51.04943084716797,51.36137876648202,50.88645999969007,51.36137876648202,107400
2025-07-29,ROBT,AI ETF,50.481529235839844,51.55134938004564,50.43153457481234,51.281394229537106,114400
2025-07-30,ROBT,AI ETF,50.31155776977539,50.801477243205056,49.99161175963829,50.67149798469395,44000
2025-07-31,ROBT,AI ETF,49.95761489868164,50.766481064130446,49.86262961996262,50.64150204015578,46900
2025-08-01,ROBT,AI ETF,49.014774322509766,49.45170128253405,48.48186661099049,49.40171043374229,63600
2025-08-04,ROBT,AI ETF,50.101593017578125,50.101593017578125,49.611673552931336,49.68166150301556,51700
2025-08-05,ROBT,AI ETF,50.00860595703125,50.50152326725269,49.85263390193715,50.40154157183927,41800
2025-08-06,ROBT,AI ETF,49.881629943847656,50.08059787204424,49.49369454574674,50.051603408299904,48000
2025-08-07,ROBT,AI ETF,49.729652404785156,50.39154387729195,49.32172373963307,50.3415492165704,43200
2025-08-08,ROBT,AI ETF,49.95161819458008,50.24657069104915,49.8716335980501,50.191579612284706,44600
2025-08-11,ROBT,AI ETF,49.061767578125,49.861632605136236,48.9217916751552,49.5916774433842,78900
2025-08-12,ROBT,AI ETF,50.0735969543457,50.097591187926845,49.20574257455134,49.37171508583999,41700
2025-08-13,ROBT,AI ETF,50.9914436340332,50.9914436340332,50.351551618286656,50.51152462222329,61000
2025-08-14,ROBT,AI ETF,50.47153091430664,50.606510402302725,50.10959213236609,50.511525119198616,54800
2025-08-15,ROBT,AI ETF,50.53152084350586,50.591508335150486,50.36854617934164,50.591508335150486,46500
2025-08-18,ROBT,AI ETF,50.75048065185547,50.761480392517065,50.38154309501174,50.51152234674777,46800
2025-08-19,ROBT,AI ETF,49.89162826538086,50.76148121074324,49.811639858697944,50.76148121074324,53900
2025-08-20,ROBT,AI ETF,49.41070556640625,49.60167540589007,48.76181621627199,49.60167540589007,44300
2025-08-21,ROBT,AI ETF,49.29872512817383,49.42070630334611,48.97678056572332,49.25173213025945,45900
2025-08-22,ROBT,AI ETF,50.665496826171875,50.891460643192765,49.487693087815,49.50169067762793,47800
2025-08-25,ROBT,AI ETF,50.17158126831055,50.64150363374106,50.17158126831055,50.551518581085375,77800
2025-08-26,ROBT,AI ETF,50.25056457519531,50.42853610740877,50.12158842043705,50.18157591044291,99900
2025-08-27,ROBT,AI ETF,50.446537017822266,50.49652786653303,50.09159321964408,50.09159321964408,56700
2025-08-28,ROBT,AI ETF,50.96544647216797,51.06043175331708,50.6864939547939,50.71149128585122,35700
2025-08-29,ROBT,AI ETF,50.6714973449707,51.23040166561492,50.55251782919666,50.99144335106851,66100
2025-09-02,ROBT,AI ETF,49.92162322998047,50.05160248698582,49.41170666006722,49.64167142786794,48900
2025-09-03,ROBT,AI ETF,49.7546501159668,50.086595137726185,49.576678581297514,50.07159826501778,43400
2025-09-04,ROBT,AI ETF,50.071598052978516,50.071598052978516,49.28172970518543,49.481696906584034,50400
2025-09-05,ROBT,AI ETF,50.68149185180664,50.981444557174626,50.06159696788984,50.63150100559768,55000
2025-09-08,ROBT,AI ETF,51.357383728027344,51.38137796246472,50.97144689854885,51.04143484989615,29400
2025-09-09,ROBT,AI ETF,51.323387145996094,51.36637919823286,50.95144792047926,51.36137896930433,57800
2025-09-10,ROBT,AI ETF,50.70549011230469,51.35138161202801,50.541516169430054,51.35138161202801,96500
2025-09-11,ROBT,AI ETF,51.671329498291016,51.78131165287547,50.89346015222391,51.061431233091554,53900
2025-09-12,ROBT,AI ETF,51.10442352294922,51.61133843094769,51.08642880080564,51.61133843094769,45000
2025-09-15,ROBT,AI ETF,51.629337310791016,51.65533392523506,51.321390325724664,51.321390325724664,53900
2025-09-16,ROBT,AI ETF,51.88629150390625,51.900289093418905,51.45236241495688,51.78130958256135,35600
2025-09-17,ROBT,AI ETF,51.99627685546875,52.39121104906709,51.32139085438089,51.9412857769894,56100
2025-09-18,ROBT,AI ETF,53.161075592041016,53.24106399780862,52.61116865158869,52.781142106816276,91900
2025-09-19,ROBT,AI ETF,53.19807434082031,53.281060599214236,52.911119926971374,53.141084696876845,108400
2025-09-22,ROBT,AI ETF,54.15391159057617,54.2508954395043,53.351048715665904,53.67099472601608,119200
2025-09-23,ROBT,AI ETF,53.85196304321289,54.57584059114732,53.740981606219776,54.370876970191496,80500
2025-09-24,ROBT,AI ETF,53.161075592041016,53.840961784837134,53.121085203214335,53.840961784837134,66000
2025-09-25,ROBT,AI ETF,52.55118179321289,52.78814153636015,51.92128643941889,52.56117843702548,99700
2025-09-26,ROBT,AI ETF,52.48819351196289,52.58617664199557,52.15124825480147,52.42120341091603,65000
2025-09-29,ROBT,AI ETF,52.61417007446289,52.89112401638095,52.60117176788211,52.871126915030295,37900
2025-09-30,ROBT,AI ETF,52.881126403808594,52.931117252846306,52.426204719290894,52.831135554770874,39800
2025-10-01,ROBT,AI ETF,53.579010009765625,53.59400688274744,52.82113777023054,52.82113777023054,43600
2025-10-02,ROBT,AI ETF,54.32588195800781,54.40087013621454,53.85096318612712,54.050930389992686,99100
2025-10-03,ROBT,AI ETF,54.56084442138672,55.04076343353172,54.230901769187085,54.730817883595286,93300
2025-10-06,ROBT,AI ETF,55.67465591430664,56.01060189250743,55.20073641444495,55.45069447154429,95800
2025-10-07,ROBT,AI ETF,54.79080581665039,55.8506293607736,54.31088680064855,55.8506293607736,109300
2025-10-08,ROBT,AI ETF,55.81063461303711,55.85062881749589,54.94877972145401,55.00076913600461,518600
2025-10-09,ROBT,AI ETF,55.910614013671875,56.15057541651117,55.520680071358,55.96060867422051,133700
2025-10-10,ROBT,AI ETF,53.31105422973633,56.0116012981371,53.271060025139136,55.86062565491991,102200
2025-10-13,ROBT,AI ETF,54.88079071044922,55.00076951058539,54.09092233026673,54.340880388750506,223300
2025-10-14,ROBT,AI ETF,54.480857849121094,55.070758995275824,53.28105845527419,54.06092634494897,93600
2025-10-15,ROBT,AI ETF,55.19573974609375,55.69965298999624,54.280892345935264,55.380706266501676,97200
2025-10-16,ROBT,AI ETF,54.57084274291992,55.81563275112271,54.35087844069431,55.610665321493,52300
2025-10-17,ROBT,AI ETF,54.040931701660156,54.39587168846704,53.48102808937091,54.11091965319631,44800
2025-10-20,ROBT,AI ETF,55.28472137451172,55.38070593870327,54.81080187963029,54.81080187963029,34000
2025-10-21,ROBT,AI ETF,55.28872299194336,55.671658156308894,54.77080834065145,55.10075480730948,67000
2025-10-22,ROBT,AI ETF,54.45785903930664,55.23073194756019,53.771973331965754,55.1007526947035,60500
2025-10-23,ROBT,AI ETF,55.133750915527344,55.25072805360303,54.07092951614579,54.460863480550934,54400
2025-10-24,ROBT,AI ETF,55.7806396484375,56.05959216243902,55.74364329379539,56.00060014004216,76600
2025-10-27,ROBT,AI ETF,56.56550979614258,56.630497518745514,56.2905544042507,56.53051582027064,97100
2025-10-28,ROBT,AI ETF,55.906620025634766,56.48052504474081,55.89062386923167,56.42053373714321,149100
2025-10-29,ROBT,AI ETF,56.14057922363281,56.365539941679636,55.46069302652878,56.12058212206421,112700
2025-10-30,ROBT,AI ETF,55.1307487487793,55.75464461175098,55.09075454406276,55.400703909529966,150600
2025-10-31,ROBT,AI ETF,55.960609436035156,56.10958269457594,55.36070782779879,55.78063933496996,75000
2025-11-03,ROBT,AI ETF,55.98060607910156,56.35054292201285,55.30071988377119,56.320549176766754,73100
2025-11-04,ROBT,AI ETF,53.843963623046875,54.94077965863108,53.69098941987267,54.570842815894586,164100
2025-11-05,ROBT,AI ETF,54.22390365600586,54.40587233061493,53.710989227973414,53.850965131518855,100900
2025-11-06,ROBT,AI ETF,52.910118103027344,54.13091387187573,52.71115400028444,54.10092012683163,80200
2025-11-07,ROBT,AI ETF,53.03010177612305,53.03710057104434,51.67132865029731,52.43119944777646,88600
2025-11-10,ROBT,AI ETF,53.964942932128906,54.12091880181893,53.39104174341981,54.12091880181893,43400
2025-11-11,ROBT,AI ETF,53.65799331665039,53.960943870174326,53.42603380747671,53.900952566430426,65800
2025-11-12,ROBT,AI ETF,53.69599151611328,54.23989896541285,53.56101202976129,54.03093439637491,68500
2025-11-13,ROBT,AI ETF,52.03826904296875,53.32605115703506,51.80130929227878,53.29105718149134,57200
2025-11-14,ROBT,AI ETF,51.85529708862305,52.42120402146832,50.87546196282686,51.101425785574904,99600
2025-11-17,ROBT,AI ETF,50.62850570678711,51.85929817595053,50.36154839581262,51.59134158196952,74400
2025-11-18,ROBT,AI ETF,50.04359817504883,50.40153980249087,49.501689319130534,49.98161211962743,95200
2025-11-19,ROBT,AI ETF,49.94261932373047,50.37154819950531,49.57168318809573,50.04160173689167,73100
2025-11-20,ROBT,AI ETF,48.60084533691406,51.296392136340884,48.561850415900196,50.91145459738886,91600
2025-11-21,ROBT,AI ETF,49.28173065185547,49.606676883613076,47.991946182818495,48.76181744385474,97200
2025-11-24,ROBT,AI ETF,50.46253204345703,50.51552073999922,49.6816610446401,49.69166150259257,68900
2025-11-25,ROBT,AI ETF,51.225406646728516,51.310391472589416,49.99161249097775,50.5115257185708,60700
2025-11-26,ROBT,AI ETF,51.595340728759766,51.79130698480736,50.92645427122588,51.351382191671945,51600
2025-11-28,ROBT,AI ETF,51.949283599853516,52.28522576718972,51.50635712514015,51.701324106405956,26900
2025-12-01,ROBT,AI ETF,51.541351318359375,51.9712794875946,51.41137205894801,51.52135421583014,116600
2025-12-02,ROBT,AI ETF,51.637332916259766,52.031267803918084,51.57134591435846,51.92128565335881,52000
2025-12-03,ROBT,AI ETF,52.582176208496094,52.589175003566645,51.551350953063825,51.73132105889439,73700
2025-12-04,ROBT,AI ETF,53.569007873535156,53.70098569132066,52.85112986047934,52.85112986047934,91700
2025-12-05,ROBT,AI ETF,53.747982025146484,53.99094129147056,53.58101022311614,53.641001530945076,61600
2025-12-08,ROBT,AI ETF,53.9139518737793,54.210902921035604,53.70598659380836,54.13091451455887,50200
2025-12-09,ROBT,AI ETF,54.00593566894531,54.2808910495488,53.72598387346333,53.800972051269476,40200
2025-12-10,ROBT,AI ETF,54.24889373779297,54.53684741889824,53.62100077763989,53.88095546575205,100000
2025-12-11,ROBT,AI ETF,54.08392333984375,54.15091344182367,53.4210363713735,53.94094958882923,68200
2025-12-12,ROBT,AI ETF,52.965110778808594,54.01093670974061,52.72615246608133,54.00093625171899,41700
2025-12-15,ROBT,AI ETF,52.085262298583984,53.34104829229768,52.07626112335904,53.28106079910362,60800
2025-12-16,ROBT,AI ETF,51.92928695678711,52.13625296416217,51.531354912568816,51.7613158716331,77400
2025-12-17,ROBT,AI ETF,50.884464263916016,52.3412167706519,50.8614654980907,51.98128036439973,72700
2025-12-18,ROBT,AI ETF,51.41136932373047,52.11125261878877,51.34838017044036,51.781309979753516,55700
2025-12-19,ROBT,AI ETF,52.24723434448242,52.36621386299634,51.73132206522924,51.73132206522924,56200
2025-12-22,ROBT,AI ETF,52.97111129760742,53.145081892729564,52.711156594962574,52.751146985637504,63500
2025-12-23,ROBT,AI ETF,52.75614547729492,52.881124502424136,52.38421006489485,52.841130299009066,66900
2025-12-24,ROBT,AI ETF,52.87312698364258,52.92111926543671,52.65116411061619,52.84113085776076,19900
2025-12-26,ROBT,AI ETF,52.67116165161133,52.881125502425185,52.55118285315445,52.881125502425185,39800
2025-12-29,ROBT,AI ETF,52.52618408203125,52.93111489950785,52.35221349411813,52.501186751595135,86200
2025-12-30,ROBT,AI ETF,52.41920471191406,52.83113433301431,52.40120617592921,52.63116712743053,76600
2025-12-31,ROBT,AI ETF,51.858299255371094,52.49119248213325,51.81130625533532,52.49119248213325,80400
2026-01-02,ROBT,AI ETF,52.45219802856445,52.591174649828275,51.97127972482175,52.591174649828275,53700
2026-01-05,ROBT,AI ETF,53.73198318481445,53.950944391447095,53.071094804914374,53.071094804914374,120100
2026-01-06,ROBT,AI ETF,55.02276611328125,55.0507612923164,53.980941163121976,54.00093445038387,131700
2026-01-07,ROBT,AI ETF,55.01676940917969,55.36070965287022,54.89079109709237,55.170742901730854,139100
2026-01-08,ROBT,AI ETF,54.74281311035156,54.92078465070807,54.59083818435085,54.88079044616951,50400
2026-01-09,ROBT,AI ETF,55.30072021484375,55.485686730378184,54.84079450532647,55.240728909935285,66700
2026-01-12,ROBT,AI ETF,55.74064636230469,55.83063141482406,55.270723997586046,55.34071194798364,55900
2026-01-13,ROBT,AI ETF,54.99277114868164,55.81063470514421,54.85079668089312,55.790637602881816,64100
2026-01-14,ROBT,AI ETF,54.83879852294922,54.92078549930289,54.390875630179636,54.830800444729384,75600
2026-01-15,ROBT,AI ETF,54.6378288269043,55.25572514835711,54.63583026098077,55.24072827581643,100100
2026-01-16,ROBT,AI ETF,54.65483093261719,55.049761310328925,54.47085987850669,54.930781792696976,46600
2026-01-20,ROBT,AI ETF,53.171077728271484,54.0409306911391,53.071096031962924,53.69099094000191,184000
2026-01-21,ROBT,AI ETF,53.73298263549805,54.0009354069935,52.83113356453858,53.5910043578353,115900
2026-01-22,ROBT,AI ETF,54.35087966918945,54.770807367594955,54.045930539322846,54.2808917194552,82500
2026-01-23,ROBT,AI ETF,53.96094512939453,54.36087572151533,53.840962519106846,54.1409152307689,91400
2026-01-26,ROBT,AI ETF,54.06092834472656,54.46086276215529,53.950946189230805,54.01093749606229,52100
2026-01-27,ROBT,AI ETF,54.67282485961914,54.746813756204006,54.22090103017205,54.57084459687951,85600
2026-01-28,ROBT,AI ETF,54.22590255737305,55.09075531565162,54.10092352642642,54.890791917382884,71800
2026-01-29,ROBT,AI ETF,53.25406265258789,54.13091438853045,52.38120804852557,54.13091438853045,82100
2026-01-30,ROBT,AI ETF,51.88629150390625,52.871126812691394,51.71931971271144,52.811135508755555,82500
2026-02-02,ROBT,AI ETF,51.919288635253906,52.201239000780504,51.54134989180934,51.591340739720124,65900
2026-02-03,ROBT,AI ETF,51.23740005493164,52.131251061742255,50.41954032407905,52.131251061742255,77800
2026-02-04,ROBT,AI ETF,50.48252868652344,51.28139439990327,49.78664251634068,51.1714122477688,171700
2026-02-05,ROBT,AI ETF,48.993778228759766,50.14658467714116,48.91679148206966,49.84163553942202,61100
2026-02-06,ROBT,AI ETF,51.1814079284668,51.47636040491871,49.74165096212123,49.80164226599037,87000
2026-02-09,ROBT,AI ETF,51.9412841796875,52.11625405398777,50.89146111982868,51.0714312231253,106300
2026-02-10,ROBT,AI ETF,52.026268005371094,52.571178533815306,51.991274031181625,52.08125908110557,137000
2026-02-11,ROBT,AI ETF,51.21140670776367,52.14125096257893,50.77147809702095,52.14125096257893,89900
2026-02-12,ROBT,AI ETF,50.167579650878906,51.77131060706302,49.851634594841805,51.66132845372712,273000
2026-02-13,ROBT,AI ETF,50.80247497558594,51.189411076218775,50.00160687761963,50.23157164106523,47600
2026-02-17,ROBT,AI ETF,50.312557220458984,50.54551984073294,49.571684216808436,50.38154588901686,63600
2026-02-18,ROBT,AI ETF,50.7034912109375,51.13141697263714,50.19157609837831,50.64150134128943,104600
2026-02-19,ROBT,AI ETF,51.0554313659668,51.07143133597904,50.344552126214346,50.57151522884091,49800
2026-02-20,ROBT,AI ETF,50.884464263916016,51.511357986322594,50.65150164092927,50.881462600780935,120100
2026-02-23,ROBT,AI ETF,49.82763671875,50.481530129048785,49.64167091729209,50.45153256909008,78000
2026-02-24,ROBT,AI ETF,50.8194694519043,50.94145062623718,49.89162759402216,49.92162133909607,45700
2026-02-25,ROBT,AI ETF,51.557350158691406,51.68132608916341,51.07143163864848,51.33138633771573,70900
2026-02-26,ROBT,AI ETF,51.68132400512695,51.70132110641148,50.81147107656414,51.52135100890785,304300
2026-02-27,ROBT,AI ETF,50.82147216796875,50.871463014774896,50.49152571374537,50.79147460863936,58800
2026-03-02,ROBT,AI ETF,50.52751922607422,50.56651414637081,49.72165471906861,49.72165471906861,122900
2026-03-03,ROBT,AI ETF,49.32172393798828,49.68166032385405,47.6889947316199,48.52185513191199,133900
2026-03-04,ROBT,AI ETF,50.09659194946289,50.291558923440085,49.44170307861934,49.671664027052515,144500
2026-03-05,ROBT,AI ETF,49.68865966796875,50.31155622987719,49.01077584374042,49.391712432401235,110500
2026-03-06,ROBT,AI ETF,49.0097770690918,49.391712944694426,48.70182627537474,48.70182627537474,112500
2026-03-09,ROBT,AI ETF,49.376712799072266,49.51169228544407,47.721991685666346,48.191914052348956,92600
2026-03-10,ROBT,AI ETF,49.14775085449219,49.9516168140137,48.91179038946136,49.58167996041503,58800
2026-03-11,ROBT,AI ETF,49.418704986572266,49.77164639892197,49.08176354423247,49.30172785183951,54400
2026-03-12,ROBT,AI ETF,48.207908630371094,49.190745384978214,48.18191201694943,48.77181316349607,71600
2026-03-13,ROBT,AI ETF,47.806976318359375,48.79281095020391,47.622009798299594,48.40187771090402,43300
2026-03-16,ROBT,AI ETF,48.65183639526367,48.87679712248212,48.44687277042911,48.56185134156483,34000
2026-03-17,ROBT,AI ETF,49.08876037597656,49.418703010134266,48.91678835716263,48.93178522952565,49900
2026-03-18,ROBT,AI ETF,48.401878356933594,49.13175543099495,48.401878356933594,48.771815216048026,63100
2026-03-19,ROBT,AI ETF,48.39687728881836,48.67183267437436,47.53202455617354,47.6220096083503,69600
2026-03-20,ROBT,AI ETF,47.09409713745117,48.071933662816846,46.78214921867089,48.071933662816846,74300
2026-03-23,ROBT,AI ETF,48.21590805053711,48.61184151852749,47.76798516831312,47.81197650451519,87800
2026-03-24,ROBT,AI ETF,47.011112213134766,47.52202425073268,46.842138035226505,47.52202425073268,97200
2026-03-25,ROBT,AI ETF,47.23207473754883,48.0549346841558,46.93212202673898,47.72199037896488,53700
2026-03-26,ROBT,AI ETF,46.1922492980957,47.212078619548585,46.142258449938225,46.59217989741274,37800
2026-03-27,ROBT,AI ETF,44.70249557495117,45.64234025931395,44.632507627910165,45.64234025931395,87100
2026-03-30,ROBT,AI ETF,44.312564849853516,45.15242408928814,44.00261548044713,45.06243903456095,73000
2026-03-31,ROBT,AI ETF,46.15225601196289,46.22224396358694,44.792483556311765,44.93245945955986,81000
2026-04-01,ROBT,AI ETF,46.77714920043945,47.28206552803701,46.61217597250305,46.8921315813198,65800
2026-04-02,ROBT,AI ETF,46.75215148925781,46.75215148925781,45.37238581426963,45.59234630233691,109300
2026-04-06,ROBT,AI ETF,47.00311279296875,47.121093022208015,46.70716102987365,46.74215500405237,49300
2026-04-07,ROBT,AI ETF,46.906131744384766,47.32206232745015,46.02227734834216,46.7321611460889,157800
2026-04-08,ROBT,AI ETF,48.214908599853516,49.43170346272856,47.99194644251375,49.251733358444554,74600
2026-04-09,ROBT,AI ETF,47.30206298828125,47.89196414175201,46.88613242488103,47.89196414175201,86000
2026-04-10,ROBT,AI ETF,46.79214859008789,47.582016983854615,46.59218137705035,47.50202857301666,57200
2026-04-13,ROBT,AI ETF,48.1019287109375,48.1019287109375,46.52219197270536,46.52219197270536,61800
2026-04-14,ROBT,AI ETF,48.673831939697266,48.86180012475828,48.47186616440891,48.501859910879695,59600
2026-04-15,ROBT,AI ETF,49.74165344238281,49.781647646956465,48.89179757250772,48.89179757250772,55100
2026-04-16,ROBT,AI ETF,50.17457962036133,50.571516190270884,49.761650708249924,50.37154898080256,54400
2026-04-17,ROBT,AI ETF,51.17141342163086,51.66632930353209,51.02143706272395,51.20140716778935,60700
2026-04-20,ROBT,AI ETF,51.42137145996094,51.43136810399135,50.369546010082395,50.94145245129896,40000
2026-04-21,ROBT,AI ETF,50.95145034790039,52.28122906601358,50.901459498404876,51.60134283351407,43600
2026-04-22,ROBT,AI ETF,51.731319427490234,51.811304019749606,51.44136717567859,51.581343072675345,48600
2026-04-23,ROBT,AI ETF,50.30155944824219,51.161411938027015,49.58167904241035,51.161411938027015,60800
2026-04-24,ROBT,AI ETF,51.33138656616211,51.38137741458323,50.686494323575126,50.92145550661735,44100
2026-04-27,ROBT,AI ETF,51.50935745239258,51.67732853170451,51.38537770888409,51.40137386480222,30100
2026-04-28,ROBT,AI ETF,50.89545822143555,51.25539842781419,50.54151752703751,50.99144278501081,66500
2026-04-29,ROBT,AI ETF,50.39754104614258,50.751481743100264,50.13258611843585,50.751481743100264,29600
2026-04-30,ROBT,AI ETF,51.571346282958984,51.586343155586604,50.491525685084994,50.75148037676366,45800
2026-05-01,ROBT,AI ETF,52.32021713256836,52.431198566462974,51.69132488320362,51.811303677829464,70700
2026-05-04,ROBT,AI ETF,52.33121871948242,52.90112278163229,51.986275381949575,52.33121871948242,39200
2026-05-05,ROBT,AI ETF,53.03409957885742,53.03409957885742,52.41120300892636,52.781143675510734,40700
2026-05-06,ROBT,AI ETF,53.71098709106445,53.770974582164555,52.98610645646186,53.271058481358835,94100
2026-05-07,ROBT,AI ETF,53.74098205566406,54.45086201953723,53.49102399959121,54.32088657650057,64200
2026-05-08,ROBT,AI ETF,54.870792388916016,54.870792388916016,53.91095057499676,54.210903287253686,51600
2026-05-11,ROBT,AI ETF,54.79580307006836,55.06075798819638,54.500850592904854,54.60083609959464,60600
2026-05-12,ROBT,AI ETF,53.66099166870117,54.300887472465305,53.20607000672953,54.300887472465305,50900
2026-05-13,ROBT,AI ETF,53.970943450927734,54.085925835846744,53.48602420793166,53.70098829047454,24500
2026-05-14,ROBT,AI ETF,54.420867919921875,54.750810568485775,53.965942430075884,53.9709426591009,87800
2026-05-15,ROBT,AI ETF,53.67099380493164,54.080924862036284,53.30105695194873,53.52101744650378,36600
2026-05-18,ROBT,AI ETF,53.73598098754883,53.97094216683769,53.201070908467536,53.75097786042988,46800
2026-05-19,ROBT,AI ETF,53.28605651855469,53.62100321209731,52.90112279070777,53.28106010355861,37400
2026-05-20,ROBT,AI ETF,54.24089813232422,54.24089813232422,52.956113877512564,53.20107170436768,48900
2026-05-21,ROBT,AI ETF,54.89078903198242,55.08075577597482,53.930947226083966,54.030932734019814,52600
2026-05-22,ROBT,AI ETF,55.85962677001953,56.162577341619354,55.39070749486732,55.39070749486732,102000
2026-05-26,ROBT,AI ETF,56.983436584472656,57.160405022548666,56.46052553404789,56.73048068563697,51800
2026-05-27,ROBT,AI ETF,56.478519439697266,56.80046781381315,56.18056911287305,56.80046781381315,67900
2026-05-28,ROBT,AI ETF,57.50034713745117,57.620329745472404,56.09058391268695,56.300551569695564,37100
2026-05-29,ROBT,AI ETF,58.31621551513672,58.41019770147692,57.41036546025432,57.600336027083294,57400
2026-06-01,ROBT,AI ETF,60.2498893737793,60.42985948290909,58.680153055080716,58.680153055080716,58300
2026-06-02,ROBT,AI ETF,60.2698860168457,60.2698860168457,59.47102027318942,59.61999735132731,60200
2026-06-03,ROBT,AI ETF,59.23006057739258,60.26988315567027,58.920111225622456,60.26988315567027,69300
2026-06-04,ROBT,AI ETF,59.343040466308594,59.68998235742595,58.48018632590713,58.78013521935005,82000
2026-06-05,ROBT,AI ETF,55.55067825317383,58.31021343944355,55.230732255173194,58.31021343944355,61500
2026-06-08,ROBT,AI ETF,56.33354568481445,56.86045769574941,55.910616317050824,56.48052419551579,56700
2026-06-09,ROBT,AI ETF,55.22373580932617,56.755476481746136,53.4530330041856,56.57050995838063,69100
2026-06-10,ROBT,AI ETF,53.83096694946289,55.30072153532978,53.78097610120738,54.35088016224612,185600
2026-06-11,ROBT,AI ETF,55.37070846557617,55.47069016024518,53.5580129562966,53.89095726294329,60500
2026-06-12,ROBT,AI ETF,55.12874984741211,55.4107002166168,54.590838095201526,55.210736822365085,34200
2026-06-15,ROBT,AI ETF,56.44552993774414,57.820299243334794,56.40453645048249,57.820299243334794,39100
2026-06-16,ROBT,AI ETF,55.47868728637695,56.88545266686052,55.47868728637695,56.45052429299163,152500
2026-06-17,ROBT,AI ETF,54.67882537841797,56.45052747056245,54.60083934839965,55.85062965095758,66000
2026-06-18,ROBT,AI ETF,55.6126708984375,55.64066607930776,54.830800586058714,55.52068346352893,50200
2026-06-22,ROBT,AI ETF,55.00177001953125,55.77063816410192,54.775806206084575,55.460692627163255,59100
2026-06-23,ROBT,AI ETF,53.67999267578125,54.16091097959142,53.56101315712125,53.61100400665087,40900
2026-06-24,ROBT,AI ETF,53.624000549316406,54.17090965519071,53.461029698682815,53.63099934430137,39600
2026-06-25,ROBT,AI ETF,53.66899871826172,54.125,53.40999984741211,54.099998474121094,32100
2026-06-26,ROBT,AI ETF,54.172000885009766,54.20000076293945,53.06999969482422,53.06999969482422,37300
2026-06-29,ROBT,AI ETF,55.224998474121094,55.22700119018555,54.349998474121094,54.869998931884766,28000
2026-06-30,ROBT,AI ETF,56.2599983215332,56.5,55.27000045776367,55.36000061035156,31300
2026-07-01,ROBT,AI ETF,56.7239990234375,57.435001373291016,56.47999954223633,56.47999954223633,37600
2026-07-02,ROBT,AI ETF,56.255001068115234,57.400001525878906,55.79999923706055,56.86000061035156,54000
2026-07-06,ROBT,AI ETF,57.249000549316406,57.540000915527344,56.529998779296875,56.529998779296875,46500
2026-07-07,ROBT,AI ETF,55.98899841308594,57.02000045776367,55.900001525878906,56.91999816894531,33400
2026-07-08,ROBT,AI ETF,55.33700180053711,55.33700180053711,54.59600067138672,55.130001068115234,39500
2026-07-09,ROBT,AI ETF,56.290000915527344,56.34000015258789,55.2400016784668,55.34000015258789,35000
2026-07-10,ROBT,AI ETF,56.17499923706055,56.630001068115234,55.86000061035156,56.630001068115234,37100
2026-07-13,ROBT,AI ETF,55.51499938964844,56.08000183105469,55.24700164794922,55.84000015258789,26700
2026-07-14,ROBT,AI ETF,55.5369987487793,55.770999908447266,55.029998779296875,55.06999969482422,20400
2026-07-15,ROBT,AI ETF,55.29800033569336,56.23099899291992,54.900001525878906,56.060001373291016,56300
2026-07-16,ROBT,AI ETF,54.62900161743164,54.91999816894531,54.400001525878906,54.880001068115234,24700
2026-07-17,ROBT,AI ETF,53.834999084472656,54.297000885009766,53.349998474121094,53.439998626708984,26800
2026-07-20,ROBT,AI ETF,53.707000732421875,54.21900177001953,53.39500045776367,53.91999816894531,27300
2026-07-21,ROBT,AI ETF,54.36399841308594,54.44900131225586,53.90999984741211,53.90999984741211,26900
2026-07-22,ROBT,AI ETF,53.4900016784668,54.22999954223633,53.34000015258789,54.22999954223633,85800
2026-07-23,ROBT,AI ETF,52.814998626708984,53.38800048828125,52.470001220703125,53.27000045776367,26700
2026-07-24,ROBT,AI ETF,52.88399887084961,53.290000915527344,52.6150016784668,52.9900016784668,42900
2026-07-27,ROBT,AI ETF,53.77299880981445,54.220001220703125,53.349998474121094,53.84000015258789,44900
2026-07-28,ROBT,AI ETF,53.9630012512207,54.185001373291016,53.0,53.439998626708984,49000
2026-07-29,ROBT,AI ETF,53.430999755859375,54.7400016784668,53.430999755859375,54.15999984741211,45400
2026-07-30,ROBT,AI ETF,54.500999450683594,54.500999450683594,53.6150016784668,53.630001068115234,90800
2026-07-31,ROBT,AI ETF,55.02299880981445,55.209999084472656,54.150001525878906,55.0099983215332,31500
2026-08-03,ROBT,AI ETF,56.316001892089844,56.45500183105469,55.45000076293945,55.529998779296875,65900
2026-08-04,ROBT,AI ETF,58.40800094604492,58.5,56.790000915527344,56.790000915527344,66400
2026-08-05,ROBT,AI ETF,58.150001525878906,58.970001220703125,58.119998931884766,58.970001220703125,27200
2026-08-06,ROBT,AI ETF,57.58300018310547,57.95600128173828,57.11000061035156,57.470001220703125,45900
2026-08-07,ROBT,AI ETF,59.09000015258789,59.15999984741211,58.290000915527344,58.290000915527344,37600
2026-08-10,ROBT,AI ETF,59.439998626708984,59.540000915527344,58.900001525878906,58.93000030517578,50400
2026-08-11,ROBT,AI ETF,59.5260009765625,59.86000061035156,59.2400016784668,59.52000045776367,28100
2026-08-12,ROBT,AI ETF,59.52000045776367,60.0,59.387001037597656,59.970001220703125,62800
2026-08-13,ROBT,AI ETF,60.77199935913086,60.79499816894531,59.63199996948242,59.88999938964844,29000
2026-08-14,ROBT,AI ETF,60.2400016784668,60.970001220703125,60.220001220703125,60.970001220703125,31200
2026-08-17,ROBT,AI ETF,59.61899948120117,60.11000061035156,59.52000045776367,60.11000061035156,92800
2026-08-18,ROBT,AI ETF,58.68000030517578,59.00899887084961,58.5099983215332,58.900001525878906,38100
2026-08-19,ROBT,AI ETF,59.34000015258789,59.507999420166016,58.77000045776367,58.959999084472656,20700
2026-08-20,ROBT,AI ETF,58.95000076293945,59.095001220703125,58.70000076293945,58.9900016784668,22300
2026-08-21,ROBT,AI ETF,59.617000579833984,59.709999084472656,59.060001373291016,59.27000045776367,25000
2026-08-24,ROBT,AI ETF,58.57899856567383,59.209999084472656,58.53499984741211,59.209999084472656,20500
2026-08-25,ROBT,AI ETF,59.013999938964844,59.11000061035156,58.72999954223633,59.08000183105469,20800
2026-08-26,ROBT,AI ETF,58.85499954223633,59.04999923706055,58.459999084472656,58.459999084472656,33200
2026-08-27,ROBT,AI ETF,60.56999969482422,60.6150016784668,59.540000915527344,59.540000915527344,37900
2026-08-28,ROBT,AI ETF,60.18000030517578,60.790000915527344,59.97999954223633,60.599998474121094,43400
2026-08-31,ROBT,AI ETF,60.2599983215332,60.38999938964844,59.97999954223633,60.029998779296875,43500
2026-09-01,ROBT,AI ETF,58.68000030517578,59.54999923706055,58.595001220703125,59.54999923706055,44700
2026-09-02,ROBT,AI ETF,58.233001708984375,58.68000030517578,58.040000915527344,58.369998931884766,31700
2026-09-03,ROBT,AI ETF,59.180999755859375,59.275001525878906,58.56999969482422,58.79999923706055,31300
2026-09-04,ROBT,AI ETF,58.93299865722656,58.97800064086914,58.67499923706055,58.95000076293945,67400
2026-09-08,ROBT,AI ETF,57.84400177001953,58.7599983215332,57.84400177001953,58.7599983215332,36800
2026-09-09,ROBT,AI ETF,57.279998779296875,57.849998474121094,57.20000076293945,57.849998474121094,51200
2026-09-10,ROBT,AI ETF,56.762001037597656,57.27000045776367,56.67499923706055,56.779998779296875,31900
2026-09-11,ROBT,AI ETF,57.3849983215332,57.52000045776367,57.19900131225586,57.38999938964844,38500
