Date,ticker,name,Close,High,Low,Open,Volume
2015-01-02,AVGO,Broadcom,7.532594680786133,7.692142017758407,7.460347006125812,7.595812024117404,13500000
2015-01-05,AVGO,Broadcom,7.412179946899414,7.587531399973783,7.405406841100157,7.531087894689164,15596000
2015-01-06,AVGO,Broadcom,7.243600368499756,7.4565810281383165,7.163073845737513,7.446797814250616,22194000
2015-01-07,AVGO,Broadcom,7.439269542694092,7.479908875841415,7.264670341402229,7.303804620391172,30907000
2015-01-08,AVGO,Broadcom,7.8110432624816895,7.849425367290398,7.552908212599401,7.565702247535637,33265000
2015-01-09,AVGO,Broadcom,7.894580841064453,7.962313300150817,7.719982362813691,7.862219665633762,23432000
2015-01-12,AVGO,Broadcom,7.763632774353027,7.95027314429215,7.7305194265817345,7.90737586698885,18692000
2015-01-13,AVGO,Broadcom,7.719985485076904,8.081224456012984,7.656015994258885,7.810295227810924,24337000
2015-01-14,AVGO,Broadcom,7.78094482421875,7.788470816196111,7.526572611303186,7.609356369899871,20984000
2015-01-15,AVGO,Broadcom,7.625156879425049,7.942746268413546,7.60483685433789,7.793735143500238,18372000
2015-01-16,AVGO,Broadcom,7.813304901123047,7.820078005849375,7.549148792770292,7.577746984030783,15375000
2015-01-20,AVGO,Broadcom,7.892323970794678,7.920169267412196,7.719982707166434,7.803519314736766,12840000
2015-01-21,AVGO,Broadcom,7.93070650100708,8.043593475553388,7.835128728583869,7.8516850446503605,16451000
2015-01-22,AVGO,Broadcom,7.917159557342529,8.014242375131229,7.640209478261075,7.975860261889881,20639000
2015-01-23,AVGO,Broadcom,8.051118850708008,8.090253132870956,7.8456642282114455,7.9043656514558664,15088000
2015-01-26,AVGO,Broadcom,8.032305717468262,8.057140910858855,7.87351062635856,8.033057885854625,9611000
2015-01-27,AVGO,Broadcom,7.88630485534668,7.975861700291938,7.738045859831837,7.907377054157329,15242000
2015-01-28,AVGO,Broadcom,7.902107238769531,8.153469231522951,7.891571141718443,8.061654466444105,23302000
2015-01-29,AVGO,Broadcom,8.017253875732422,8.022521925399747,7.696654296706942,7.874263648597304,15842000
2015-01-30,AVGO,Broadcom,7.742563247680664,8.032307473141504,7.722996099589401,7.923935631229749,16938000
2015-02-02,AVGO,Broadcom,7.707942008972168,7.788468520413574,7.462600915204247,7.770406432079251,21581000
2015-02-03,AVGO,Broadcom,7.766644477844238,7.805778768572872,7.628169405684144,7.713963977908762,15390000
2015-02-04,AVGO,Broadcom,7.887057304382324,7.92318148518189,7.710200831130217,7.746325011929783,16658000
2015-02-05,AVGO,Broadcom,7.99241828918457,7.993923343627289,7.808035842170311,7.882541419969164,16585000
2015-02-06,AVGO,Broadcom,7.882540225982666,8.060902428209117,7.846416053957614,7.997685127165275,10682000
2015-02-09,AVGO,Broadcom,7.694394111633301,7.853189159168132,7.662785822849418,7.823085924461902,20346000
2015-02-10,AVGO,Broadcom,8.055636405944824,8.087244705558723,7.743314251994234,7.754603238021187,20398000
2015-02-11,AVGO,Broadcom,8.123366355895996,8.150459485682974,8.002201234418933,8.036819635493003,17169000
2015-02-12,AVGO,Broadcom,8.25582218170166,8.281409542622335,8.162501629224877,8.188089707863455,21072000
2015-02-13,AVGO,Broadcom,8.289690017700195,8.293453013385744,8.134657896958592,8.27840103064355,14614000
2015-02-17,AVGO,Broadcom,8.34387493133545,8.379999112948688,8.209915740335992,8.293452372028119,15312000
2015-02-18,AVGO,Broadcom,8.278398513793945,8.322800844578689,8.224965139653168,8.302480817598155,16681000
2015-02-19,AVGO,Broadcom,8.346131324768066,8.3611825858378,8.252058610499207,8.278398855659631,13196000
2015-02-20,AVGO,Broadcom,8.433431625366211,8.440956897657578,8.313017938371493,8.386018462482086,19283000
2015-02-23,AVGO,Broadcom,8.49288558959961,8.521483778691906,8.42590599815604,8.504174575099603,23854000
2015-02-24,AVGO,Broadcom,8.517720222473145,8.549328518529595,8.399565196437965,8.54180324640989,23213000
2015-02-25,AVGO,Broadcom,8.48008918762207,8.571904665135898,8.452243892406017,8.525997285237855,38216000
2015-02-26,AVGO,Broadcom,9.727119445800781,9.77528477631908,9.260518838124263,9.274817931836225,89263000
2015-02-27,AVGO,Broadcom,9.604449272155762,9.68572795961793,9.493067340532866,9.68572795961793,33825000
2015-03-02,AVGO,Broadcom,9.70981216430664,9.84903941630736,9.57359430405398,9.57359430405398,27893000
2015-03-03,AVGO,Broadcom,9.649601936340332,9.703788196110144,9.600684443067252,9.651107708321009,18682000
2015-03-04,AVGO,Broadcom,9.73840618133545,9.774530352972288,9.359858135977968,9.609715075885337,36143000
2015-03-05,AVGO,Broadcom,9.826462745666504,9.899463287456584,9.69175064983426,9.735400110566989,21688000
2015-03-06,AVGO,Broadcom,9.624768257141113,9.82043969637615,9.595417900114821,9.783563349136681,22329000
2015-03-09,AVGO,Broadcom,9.566822052001953,9.677451838503861,9.552522954185813,9.617245337504782,17835000
2015-03-10,AVGO,Broadcom,9.416301727294922,9.552518823067524,9.37039434396526,9.461456224657494,17688000
2015-03-11,AVGO,Broadcom,9.381683349609375,9.517901173846596,9.371147251545683,9.429848676922477,17742000
2015-03-12,AVGO,Broadcom,9.491561889648438,9.498334993701137,9.147631460268952,9.24772511972574,22305000
2015-03-13,AVGO,Broadcom,9.407273292541504,9.538975262180685,9.32749965521296,9.460706679485812,18414000
2015-03-16,AVGO,Broadcom,9.773780822753906,9.817430277164936,9.535212083803088,9.548006124520832,23077000
2015-03-17,AVGO,Broadcom,9.715832710266113,9.75346195073111,9.59541971495258,9.694007621607165,19006000
2015-03-18,AVGO,Broadcom,9.845656394958496,9.909060331016425,9.638085724850386,9.711301754917303,21250000
2015-03-19,AVGO,Broadcom,9.966428756713867,10.035115596338532,9.813957937583508,9.850188769819818,24461000
2015-03-20,AVGO,Broadcom,10.060776710510254,10.1279540353251,9.978502969420568,10.071343913967944,55522000
2015-03-23,AVGO,Broadcom,10.147577285766602,10.28646112551025,10.106062867633856,10.189846092687722,23849000
2015-03-24,AVGO,Broadcom,10.04794692993164,10.21777732830213,10.029831514677934,10.187585209491584,25819000
2015-03-25,AVGO,Broadcom,9.392021179199219,10.063796649874451,9.389756572578209,10.010205518810398,48853000
2015-03-26,AVGO,Broadcom,9.413153648376465,9.445610363854417,8.828181260292986,9.077266342171844,45058000
2015-03-27,AVGO,Broadcom,9.677334785461426,9.736963893230584,9.42372050069199,9.434287702570996,24297000
2015-03-30,AVGO,Broadcom,9.853962898254395,9.880380913557447,9.684131771539157,9.799616649770748,19523000
2015-03-31,AVGO,Broadcom,9.584492683410645,9.774703013822755,9.565622888029068,9.760361710191598,16402000
2015-04-01,AVGO,Broadcom,9.482595443725586,9.582984583784874,9.330125401676282,9.560340682057186,21830000
2015-04-02,AVGO,Broadcom,9.436553001403809,9.579210957079937,9.407115999675996,9.518826736242179,14508000
2015-04-06,AVGO,Broadcom,9.49769401550293,9.565626455953502,9.24634427377054,9.312012107582941,14227000
2015-04-07,AVGO,Broadcom,9.484106063842773,9.598836523205621,9.465236263475498,9.549019501605803,16132000
2015-04-08,AVGO,Broadcom,9.570154190063477,9.621480710823068,9.457688333782013,9.470520143931102,13607000
2015-04-09,AVGO,Broadcom,9.602609634399414,9.65695514332718,9.484105083248357,9.498446389185917,13961000
2015-04-10,AVGO,Broadcom,9.572418212890625,9.65922044358157,9.515808093737258,9.628273223324946,11669000
2015-04-13,AVGO,Broadcom,9.46146011352539,9.621478347102675,9.442590317238448,9.604873156717872,10483000
2015-04-14,AVGO,Broadcom,9.358051300048828,9.460705028632102,9.219167478880165,9.439569908161623,16047000
2015-04-15,AVGO,Broadcom,9.502974510192871,9.53316661609367,9.408624089273301,9.4176817930272,16893000
2015-04-16,AVGO,Broadcom,9.45995044708252,9.522599263786779,9.419945529485092,9.440325542566844,15456000
2015-04-17,AVGO,Broadcom,9.197281837463379,9.380699128412694,9.128594292057205,9.336165706167083,26817000
2015-04-20,AVGO,Broadcom,9.286349296569824,9.345978419880145,9.223700457766585,9.246344364860912,13295000
2015-04-21,AVGO,Broadcom,9.291631698608398,9.438818155463457,9.279554277870526,9.38371753275508,20616000
2015-04-22,AVGO,Broadcom,9.653935432434082,9.6614836391755,9.265211423290385,9.352768749915645,22580000
2015-04-23,AVGO,Broadcom,9.364846229553223,9.469763864561505,9.250116500832345,9.451649174643128,28053000
2015-04-24,AVGO,Broadcom,9.019899368286133,9.339181420303168,8.745905831385052,9.339181420303168,55059000
2015-04-27,AVGO,Broadcom,9.068965911865234,9.20407568734241,8.961028537382823,9.05764359822619,27320000
2015-04-28,AVGO,Broadcom,8.865168571472168,9.133124235147704,8.64703065582815,9.086326202650628,31023000
2015-04-29,AVGO,Broadcom,8.833464622497559,8.870449829447159,8.661369675991605,8.757229602505257,20903000
2015-04-30,AVGO,Broadcom,8.822142601013184,8.97763236083029,8.775345299187457,8.807801295014599,21339000
2015-05-01,AVGO,Broadcom,9.268986701965332,9.3165398345967,8.897623665205519,8.900642660350249,25334000
2015-05-04,AVGO,Broadcom,9.14520263671875,9.348244891757938,9.122558725106376,9.271254728471499,14207000
2015-05-05,AVGO,Broadcom,8.815348625183105,9.108212706010862,8.803271926553526,9.065188792296173,22090000
2015-05-06,AVGO,Broadcom,8.814593315124512,8.934606619956842,8.709674982205678,8.89460242495824,14475000
2015-05-07,AVGO,Broadcom,9.244830131530762,9.332387439239113,9.057638819838948,9.057638819838948,23542000
2015-05-08,AVGO,Broadcom,9.308993339538574,9.42976180558683,9.263704804852058,9.299180523757812,14846000
2015-05-11,AVGO,Broadcom,9.269740104675293,9.348994111413893,9.253889303327572,9.327105320887942,12418000
2015-05-12,AVGO,Broadcom,9.28030776977539,9.327860176197126,9.155765238787554,9.210110743292878,10264000
2015-05-13,AVGO,Broadcom,9.293895721435547,9.42296748875012,9.232001998552398,9.33163604216221,11857000
2015-05-14,AVGO,Broadcom,9.581477165222168,9.712812831510174,9.332392032663257,9.370131637118936,23279000
2015-05-15,AVGO,Broadcom,9.651673316955566,9.774706383208928,9.553548763506972,9.645635325873684,22627000
2015-05-18,AVGO,Broadcom,9.826033592224121,9.842639508531617,9.607140563822481,9.657712701764442,17984000
2015-05-19,AVGO,Broadcom,9.772441864013672,9.952085777205145,9.755836668553222,9.877360238122698,16053000
2015-05-20,AVGO,Broadcom,9.745268821716309,9.893210392343343,9.669788178799966,9.807917654559727,18721000
2015-05-21,AVGO,Broadcom,9.781498908996582,9.814710737344862,9.649408863873054,9.775460918269083,21309000
2015-05-22,AVGO,Broadcom,10.011717796325684,10.101539778917338,9.798863430609849,9.798863430609849,22856000
2015-05-26,AVGO,Broadcom,9.91057014465332,10.154371643141687,9.860753124651591,10.141539833781938,26781000
2015-05-27,AVGO,Broadcom,10.679717063903809,10.931066819759794,9.934725503560676,9.970201223592554,114248000
2015-05-28,AVGO,Broadcom,10.746888160705566,10.980122366718794,10.265324058625403,10.945401775709744,249123000
2015-05-29,AVGO,Broadcom,11.17637825012207,11.26468999881757,10.877476060891905,10.878230449948521,118244000
2015-06-01,AVGO,Broadcom,11.066929817199707,11.359793973521388,10.955974175152987,11.189208491875172,83579000
2015-06-02,AVGO,Broadcom,10.881251335144043,11.070706665228023,10.804261172718391,11.051081750093523,41264000
2015-06-03,AVGO,Broadcom,10.79822063446045,11.020133375701041,10.779350831491477,11.020133375701041,30450000
2015-06-04,AVGO,Broadcom,10.657824516296387,10.826900470054273,10.603479008226943,10.755193941498996,28017000
2015-06-05,AVGO,Broadcom,10.854830741882324,10.87219176679694,10.515169250250112,10.64046693002197,38593000
2015-06-08,AVGO,Broadcom,10.463842391967773,10.851811401804666,10.380814253930605,10.836715703905552,54422000
2015-06-09,AVGO,Broadcom,10.583100318908691,10.622350137369041,10.303823096711623,10.487995487910975,44071000
2015-06-10,AVGO,Broadcom,10.783123016357422,10.867660639999533,10.555172324269995,10.561965423335991,42617000
2015-06-11,AVGO,Broadcom,10.717453956604004,10.813313880861283,10.644237933234779,10.731795261794986,31517000
2015-06-12,AVGO,Broadcom,10.6027250289917,10.678960058074821,10.558191609645709,10.66461875083611,19145000
2015-06-15,AVGO,Broadcom,10.80274772644043,10.870680155527205,10.49252330286795,10.503845614327979,34565000
2015-06-16,AVGO,Broadcom,10.717453956604004,10.830674180880903,10.671410326365791,10.771045073913815,20998000
2015-06-17,AVGO,Broadcom,10.649333953857422,10.786339200304548,10.556230705772583,10.710645303133157,25429000
2015-06-18,AVGO,Broadcom,10.824180603027344,10.880950635884016,10.652356020918635,10.652356020918635,25298000
2015-06-19,AVGO,Broadcom,10.815857887268066,10.893065536280451,10.718213365260594,10.824941182556017,26881000
2015-06-22,AVGO,Broadcom,10.845376968383789,10.986166939057288,10.748488982720417,10.911987548761141,22846000
2015-06-23,AVGO,Broadcom,10.721240043640137,10.896849442854679,10.662199711733372,10.896849442854679,21497000
2015-06-24,AVGO,Broadcom,10.594827651977539,10.765138454826683,10.584230599522042,10.753027640858981,22402000
2015-06-25,AVGO,Broadcom,10.538820266723633,10.67658201923365,10.508542855355326,10.606943900899502,17538000
2015-06-26,AVGO,Broadcom,10.229989051818848,10.524437073696602,10.199711644387497,10.510055251026435,71798000
2015-06-29,AVGO,Broadcom,9.992311477661133,10.234530746784417,9.918888599287305,10.055893819244886,40473000
2015-06-30,AVGO,Broadcom,10.061946868896484,10.171702174837943,10.000634826183976,10.127800196835393,28695000
2015-07-01,AVGO,Broadcom,10.25648021697998,10.423006294821231,10.167161769631608,10.173974058995933,43059000
2015-07-02,AVGO,Broadcom,10.418466567993164,10.426792621053266,10.245128162842825,10.264051995075405,32797000
2015-07-06,AVGO,Broadcom,10.158079147338867,10.416193971448427,10.133100270106643,10.30643864875909,30188000
2015-07-07,AVGO,Broadcom,10.055136680603027,10.177002827809115,9.549503337726845,10.139156610739331,59268000
2015-07-08,AVGO,Broadcom,9.692564964294434,9.941596525286634,9.60248925806085,9.84773677459054,51371000
2015-07-09,AVGO,Broadcom,9.437479019165039,9.943111748092846,9.364812649891675,9.853793270753066,73469000
2015-07-10,AVGO,Broadcom,9.828054428100586,9.90223381193265,9.575237430216346,9.583564203206837,50948000
2015-07-13,AVGO,Broadcom,9.778099060058594,9.944624454259008,9.723599288891974,9.944624454259008,25304000
2015-07-14,AVGO,Broadcom,10.014259338378906,10.027884637709525,9.727380916816989,9.790963962662827,26289000
2015-07-15,AVGO,Broadcom,9.970358848571777,10.104336527117445,9.902234507362758,9.966574082741246,23100000
2015-07-16,AVGO,Broadcom,10.195926666259766,10.201225194403342,9.907533698741537,10.114934260176257,33977000
2015-07-17,AVGO,Broadcom,10.117205619812012,10.218634900070045,9.988526455913354,10.215607375844534,29000000
2015-07-20,AVGO,Broadcom,10.191383361816406,10.265563468260714,10.124016266578892,10.184571072479839,23563000
2015-07-21,AVGO,Broadcom,10.18154239654541,10.323088860338812,10.15353527862975,10.226201614983738,31532000
2015-07-22,AVGO,Broadcom,9.80913257598877,9.840167226748273,9.490462903077932,9.616114546402322,61346000
2015-07-23,AVGO,Broadcom,9.98928451538086,10.218636474759425,9.878015403308202,9.929486932425347,30608000
2015-07-24,AVGO,Broadcom,9.725113868713379,10.131589016758431,9.714516810407362,10.10585289123213,36311000
2015-07-27,AVGO,Broadcom,9.435206413269043,9.650933036226617,9.393574706427984,9.639578737487142,34893000
2015-07-28,AVGO,Broadcom,9.720569610595703,9.80610329300982,9.349671239508618,9.505599541743793,27869000
2015-07-29,AVGO,Broadcom,9.732680320739746,9.773554778674107,9.495759624346244,9.716784738313619,33407000
2015-07-30,AVGO,Broadcom,9.662286758422852,9.748576969334781,9.466997018604742,9.517712017037173,39169000
2015-07-31,AVGO,Broadcom,9.472295761108398,9.71451501695172,9.458671180621826,9.71451501695172,30593000
2015-08-03,AVGO,Broadcom,9.522253036499023,9.650174948185821,9.404170938694154,9.569183267596665,27273000
2015-08-04,AVGO,Broadcom,9.3458833694458,9.503326103138843,8.989366937497802,9.503326103138843,47467000
2015-08-05,AVGO,Broadcom,9.442776679992676,9.51392855847035,9.15892568626789,9.310312738547028,34158000
2015-08-06,AVGO,Broadcom,9.330751419067383,9.491979039957767,9.128650044107971,9.464729148707868,46052000
2015-08-07,AVGO,Broadcom,9.276247024536133,9.384488563222593,9.145296895263735,9.160435955654359,30527000
2015-08-10,AVGO,Broadcom,9.634278297424316,9.643361590239465,9.310310167208128,9.347399858445694,28907000
2015-08-11,AVGO,Broadcom,9.401900291442871,9.55480180834108,9.304255781498943,9.510142579472104,26744000
2015-08-12,AVGO,Broadcom,9.516955375671387,9.58886449086122,9.130161359516721,9.203584236836285,27205000
2015-08-13,AVGO,Broadcom,9.40038776397705,9.59946229793858,9.38676318187422,9.508630066222095,14571000
2015-08-14,AVGO,Broadcom,9.23159122467041,9.423852742840484,9.171792924607436,9.38600579972257,26496000
2015-08-17,AVGO,Broadcom,9.501058578491211,9.501058578491211,9.143784774118176,9.183145471951484,21293000
2015-08-18,AVGO,Broadcom,9.252786636352539,9.519984836158542,9.217967934676063,9.519984836158542,19502000
2015-08-19,AVGO,Broadcom,9.192985534667969,9.293657556044783,9.030244223989103,9.20282534768523,30891000
2015-08-20,AVGO,Broadcom,8.707035064697266,9.131676065466078,8.707035064697266,9.089287833971113,41756000
2015-08-21,AVGO,Broadcom,8.436051368713379,8.741852979222351,8.426968073940102,8.534452405328206,56472000
2015-08-24,AVGO,Broadcom,8.32175350189209,8.705519974932738,7.569358898234696,7.651865066149442,69040000
2015-08-25,AVGO,Broadcom,8.213512420654297,8.70476401240348,8.190047300671521,8.638910661159132,43921000
2015-08-26,AVGO,Broadcom,8.795595169067383,8.836469633046857,8.415613452771252,8.523098501914106,59354000
2015-08-27,AVGO,Broadcom,9.5570707321167,9.613083525098142,9.111992302353869,9.12107559454251,91882000
2015-08-28,AVGO,Broadcom,9.660016059875488,9.667585592156144,9.438233672770574,9.501816733309603,36322000
2015-08-31,AVGO,Broadcom,9.53512191772461,9.69180748636582,9.461699040768838,9.585836197235883,30087000
2015-09-01,AVGO,Broadcom,9.035543441772461,9.463211879040944,8.939412698627347,9.19828476488525,49749000
2015-09-02,AVGO,Broadcom,9.389032363891602,9.391302645887833,9.095340888659987,9.245971392096541,36700000
2015-09-03,AVGO,Broadcom,9.368597030639648,9.605517797527575,9.326208798224263,9.49197768302338,29954000
2015-09-04,AVGO,Broadcom,9.170279502868652,9.371624323737647,9.132432558345506,9.177091794071325,24923000
2015-09-08,AVGO,Broadcom,9.776583671569824,9.789451009240352,9.44807350260605,9.491975487184368,35477000
2015-09-09,AVGO,Broadcom,9.62595272064209,9.97565698470641,9.56009938589091,9.853790128480892,31502000
2015-09-10,AVGO,Broadcom,9.743280410766602,9.776586069732597,9.44656133597575,9.729655827834438,36224000
2015-09-11,AVGO,Broadcom,9.921913146972656,9.932510200724119,9.608542097650618,9.700888058019121,39606000
2015-09-14,AVGO,Broadcom,9.930238723754883,10.12250015170511,9.885579510643842,10.029396960760218,34643000
2015-09-15,AVGO,Broadcom,10.171703338623047,10.214848801626058,9.915859528176139,10.001393212289372,30804000
2015-09-16,AVGO,Broadcom,9.984156608581543,10.166390639327615,9.890761468687423,10.166390639327615,27317000
2015-09-17,AVGO,Broadcom,9.917335510253906,10.103366142609111,9.886204284935271,9.98567344135042,19918000
2015-09-18,AVGO,Broadcom,9.68802547454834,9.832294620989579,9.612853884813267,9.76016004776896,44021000
2015-09-21,AVGO,Broadcom,9.662969589233398,9.823943072481853,9.58400135607246,9.747252964082719,16515000
2015-09-22,AVGO,Broadcom,9.468585968017578,9.555146736370009,9.39265475803323,9.490605425123418,22483000
2015-09-23,AVGO,Broadcom,9.532365798950195,9.703969517892908,9.401005077570641,9.477695888793901,21879000
2015-09-24,AVGO,Broadcom,9.423026084899902,9.51793972511708,9.069947227430628,9.423026084899902,44995000
2015-09-25,AVGO,Broadcom,9.623483657836914,9.78977225141471,9.506550562744017,9.564257494135198,35087000
2015-09-28,AVGO,Broadcom,9.176250457763672,9.732064982737208,9.173213441515077,9.564257162664632,39887000
2015-09-29,AVGO,Broadcom,9.086651802062988,9.300017758661433,8.964402848528605,9.25673701927595,47991000
2015-09-30,AVGO,Broadcom,9.492122650146484,9.508826962468717,9.187639706634277,9.247624756046307,43955000
2015-10-01,AVGO,Broadcom,9.274198532104492,9.483767801786303,9.07374103276827,9.34785158665354,45674000
2015-10-02,AVGO,Broadcom,9.3645601272583,9.366838251731345,8.97579376871811,9.110950418557817,35207000
2015-10-05,AVGO,Broadcom,9.20434856414795,9.481497051942767,9.184606501909066,9.41239947203973,39085000
2015-10-06,AVGO,Broadcom,8.892268180847168,9.1883982322588,8.468573323210782,9.16941579660085,115846000
2015-10-07,AVGO,Broadcom,9.008442878723145,9.076780809586811,8.794317313741418,9.009201770677805,37284000
2015-10-08,AVGO,Broadcom,8.860377311706543,8.956809453778328,8.64017770980082,8.923400103713629,41409000
2015-10-09,AVGO,Broadcom,8.877082824707031,8.965921707029732,8.773057412546686,8.850507121624753,34479000
2015-10-12,AVGO,Broadcom,8.93554973602295,8.95832953170874,8.789762809128753,8.928716086970663,24184000
2015-10-13,AVGO,Broadcom,8.612083435058594,8.858858736759064,8.596138014184428,8.833801543366295,32475000
2015-10-14,AVGO,Broadcom,8.918848037719727,8.941627115953864,8.533118595734607,8.580195985001154,33530000
2015-10-15,AVGO,Broadcom,9.253697395324707,9.26280916547671,8.93630612007446,8.959844799289357,49316000
2015-10-16,AVGO,Broadcom,9.192952156066895,9.262048957491372,9.104112583797342,9.255974203067248,19866000
2015-10-19,AVGO,Broadcom,9.032739639282227,9.207381082830945,8.91200993325057,9.18763903179095,18593000
2015-10-20,AVGO,Broadcom,9.103354454040527,9.117021747472128,8.929472650079019,8.995532441887386,21920000
2015-10-21,AVGO,Broadcom,9.149674415588379,9.315203381129153,9.120060973796386,9.24534694106969,28197000
2015-10-22,AVGO,Broadcom,9.517179489135742,9.538440048852996,9.203584785039242,9.234716008568004,34344000
2015-10-23,AVGO,Broadcom,9.839126586914062,9.85886863914779,9.419987966013503,9.678912044981336,35498000
2015-10-26,AVGO,Broadcom,9.385820388793945,9.723712726635943,9.31976057427414,9.723712726635943,58129000
2015-10-27,AVGO,Broadcom,9.224845886230469,9.502753135094926,9.183083656258244,9.346335219822166,32280000
2015-10-28,AVGO,Broadcom,9.650060653686523,9.70776831694002,9.392655017816782,9.475419879679436,30966000
2015-10-29,AVGO,Broadcom,9.118544578552246,9.42758385218843,9.014519148393669,9.187642142654864,61582000
2015-10-30,AVGO,Broadcom,9.349373817443848,9.416952868095947,9.124618657106772,9.17625156020401,25516000
2015-11-02,AVGO,Broadcom,9.400246620178223,9.507309045444917,9.298499335368735,9.38961633926381,26068000
2015-11-03,AVGO,Broadcom,9.274198532104492,9.487564433108082,9.224084157270436,9.224084157270436,26222000
2015-11-04,AVGO,Broadcom,9.423786163330078,9.480734205427199,9.116265432565061,9.301537197562263,43098000
2015-11-05,AVGO,Broadcom,9.192194938659668,9.491362732540832,9.157267082974139,9.484529084613968,28308000
2015-11-06,AVGO,Broadcom,9.845961570739746,9.855073344094057,9.356966446682005,9.358484954885453,45287000
2015-11-09,AVGO,Broadcom,9.605259895324707,9.790531647279401,9.54527484095102,9.74725090660964,28250000
2015-11-10,AVGO,Broadcom,9.101078987121582,9.421507377584323,9.094245338410971,9.347854301643482,44759000
2015-11-11,AVGO,Broadcom,9.107913970947266,9.316724440100842,9.09804330450359,9.12765602796832,25953000
2015-11-12,AVGO,Broadcom,9.100320816040039,9.21877315961188,9.029705469305789,9.127656139356704,26588000
2015-11-13,AVGO,Broadcom,8.924919128417969,9.10335723410529,8.748000255027785,9.035778189825846,39824000
2015-11-16,AVGO,Broadcom,9.223326683044434,9.246105750342696,8.88998993274808,8.91960264782247,27796000
2015-11-17,AVGO,Broadcom,9.26812744140625,9.391135293893186,9.187640714598707,9.222568575225749,19868000
2015-11-18,AVGO,Broadcom,9.561216354370117,9.574883646201833,9.233194833209268,9.257493125961902,20270000
2015-11-19,AVGO,Broadcom,9.507308006286621,9.57716444071749,9.340259822004064,9.574886316732382,32780000
2015-11-20,AVGO,Broadcom,9.59766674041748,9.61816768523316,9.39493107159456,9.58323982778413,28057000
2015-11-23,AVGO,Broadcom,9.446564674377441,9.624243163441651,9.43137814451542,9.624243163441651,16003000
2015-11-24,AVGO,Broadcom,9.74497127532959,9.763954434512415,9.370631921019354,9.370631921019354,35659000
2015-11-25,AVGO,Broadcom,9.748767852783203,9.807994005662962,9.693338331718829,9.795085602317346,21396000
2015-11-27,AVGO,Broadcom,9.874056816101074,9.905188771997217,9.708527818465626,9.766994373151485,13262000
2015-11-30,AVGO,Broadcom,9.905186653137207,9.924169089806531,9.65233659948465,9.827736950155304,32615000
2015-12-01,AVGO,Broadcom,10.09045696258545,10.157276380499097,9.940113815379863,9.95985586675434,43255000
2015-12-02,AVGO,Broadcom,10.038824081420898,10.25067150690716,9.987950807073647,10.10412499146284,54364000
2015-12-03,AVGO,Broadcom,10.99327564239502,11.15121205598463,10.849007248678973,10.99935039835366,120661000
2015-12-04,AVGO,Broadcom,11.204363822937012,11.229421015372033,10.876342921339305,10.994794511286518,60329000
2015-12-07,AVGO,Broadcom,11.300796508789062,11.368374820877818,11.051743096322442,11.138303844392626,44769000
2015-12-08,AVGO,Broadcom,11.221067428588867,11.282571701863425,11.068446169361943,11.149692492466185,34560000
2015-12-09,AVGO,Broadcom,11.059338569641113,11.237776701383362,10.965944148810792,11.172475771881007,30803000
2015-12-10,AVGO,Broadcom,11.186902046203613,11.347116619867402,11.024410072159384,11.094266522811461,33078000
2015-12-11,AVGO,Broadcom,10.965944290161133,11.216516280302434,10.956832515598384,10.981130098343236,27777000
2015-12-14,AVGO,Broadcom,10.820917129516602,11.03732016391889,10.72448423445646,10.944683902250658,36993000
2015-12-15,AVGO,Broadcom,10.878620147705078,10.951514323904622,10.729795503475698,10.833820903638074,35398000
2015-12-16,AVGO,Broadcom,10.958596229553223,10.989062861208462,10.693542926160044,10.904519846912814,29644000
2015-12-17,AVGO,Broadcom,10.699634552001953,11.081981851670987,10.694303037654905,11.038567780688876,24378000
2015-12-18,AVGO,Broadcom,10.67831039428711,10.80855190403908,10.552637717124904,10.680594810581992,51964000
2015-12-21,AVGO,Broadcom,11.104829788208008,11.120063099615004,10.804740381314259,10.899185168763404,26627000
2015-12-22,AVGO,Broadcom,11.05151653289795,11.213747114094845,10.873290681454275,11.213747114094845,21684000
2015-12-23,AVGO,Broadcom,11.158906936645508,11.170331920257196,10.997437612027852,11.12158634042397,16170000
2015-12-24,AVGO,Broadcom,11.14443588256836,11.218315847253198,11.098736673250418,11.15129058237498,7436000
2015-12-28,AVGO,Broadcom,11.146723747253418,11.150532076157136,10.962404405408716,11.112449513484428,13873000
2015-12-29,AVGO,Broadcom,11.267822265625,11.331801156441182,11.044659919792895,11.196227445491397,22533000
2015-12-30,AVGO,Broadcom,11.224410057067871,11.340180184363078,11.205368415945268,11.235073085550793,17396000
2015-12-31,AVGO,Broadcom,11.055322647094727,11.234309692569967,11.0530375051794,11.164238060202008,19673000
2016-01-04,AVGO,Broadcom,10.836729049682617,10.842060563198556,10.653933677966796,10.820734509134802,30970000
2016-01-05,AVGO,Broadcom,10.474186897277832,10.914419649579125,10.450575696314413,10.902233434155411,38173000
2016-01-06,AVGO,Broadcom,10.152009010314941,10.362985156444187,10.075081945165055,10.249499449126562,50824000
2016-01-07,AVGO,Broadcom,9.829070091247559,10.188568144630189,9.763568733555358,10.001202461399396,50056000
2016-01-08,AVGO,Broadcom,9.764330863952637,10.164957882688093,9.753667834359659,9.903712931295724,64641000
2016-01-11,AVGO,Broadcom,9.752141952514648,9.89913991010237,9.55259009139444,9.863342502597511,38941000
2016-01-12,AVGO,Broadcom,9.895332336425781,10.028620906013836,9.662268191858168,9.890762778814224,41112000
2016-01-13,AVGO,Broadcom,9.391883850097656,9.899903040888917,9.374365395931937,9.730055097737226,48470000
2016-01-14,AVGO,Broadcom,9.535076141357422,9.64856187819202,9.161868608253501,9.458911012560314,63942000
2016-01-15,AVGO,Broadcom,9.137495040893555,9.428444686824978,9.086465031543385,9.155774729100722,75916000
2016-01-19,AVGO,Broadcom,9.145108222961426,9.505367429527864,9.064373569368,9.349991591548969,54773000
2016-01-20,AVGO,Broadcom,9.43149185180664,9.56477973265785,8.924233769146126,8.974502548885575,103988000
2016-01-21,AVGO,Broadcom,9.484804153442383,9.596766666070986,9.394929651443807,9.50536825186544,48475000
2016-01-22,AVGO,Broadcom,9.483281135559082,9.633325476005817,9.46195508065483,9.633325476005817,58428000
2016-01-25,AVGO,Broadcom,9.481760025024414,9.519080629275457,9.444438694408943,9.477189740050736,61359000
2016-01-26,AVGO,Broadcom,9.47414493560791,9.635614321688664,9.444440257456185,9.52060539113105,119134000
2016-01-27,AVGO,Broadcom,9.318763732910156,9.551828579192446,9.14663139955412,9.417778067664555,58156000
2016-01-28,AVGO,Broadcom,9.62494945526123,9.638658857108778,9.292108945046195,9.363703779342343,49969000
2016-01-29,AVGO,Broadcom,10.183996200561523,10.231979818062534,9.757472977015567,9.858772451437432,259449000
2016-02-01,AVGO,Broadcom,10.486368179321289,10.563295216914772,10.126870272081279,10.155812974074065,45619000
2016-02-02,AVGO,Broadcom,10.14819622039795,10.479512628184475,10.030902236564884,10.283007924632189,59005000
2016-02-03,AVGO,Broadcom,10.005011558532715,10.481041733366718,9.923515651663436,10.45362292990048,56234000
2016-02-04,AVGO,Broadcom,10.36755657196045,10.4551459483979,9.939510036420753,10.008058496715938,60833000
2016-02-05,AVGO,Broadcom,9.776516914367676,10.434580495852426,9.671409087835897,10.434580495852426,70953000
2016-02-08,AVGO,Broadcom,9.281445503234863,9.672171428541963,9.080370411125974,9.672171428541963,91242000
2016-02-09,AVGO,Broadcom,9.117691040039062,9.57544151317469,9.046096208709208,9.126830883013552,63400000
2016-02-10,AVGO,Broadcom,9.078847885131836,9.419304335801176,9.036956995775231,9.32942981225645,45473000
2016-02-11,AVGO,Broadcom,8.85873031616211,8.960029816450383,8.70183125578488,8.873201673346149,66673000
2016-02-12,AVGO,Broadcom,9.266213417053223,9.31724342270673,8.814555665247138,8.969170321116001,39965000
2016-02-16,AVGO,Broadcom,9.615045547485352,9.656936426472175,9.364463682390458,9.388836108412162,38521000
2016-02-17,AVGO,Broadcom,9.953217506408691,9.963880533597392,9.652366876830607,9.672930975109852,32742000
2016-02-18,AVGO,Broadcom,9.678265571594238,10.052997007489564,9.602862401156445,10.035478548929914,39202000
2016-02-19,AVGO,Broadcom,9.800127983093262,9.809267826232565,9.520603353373069,9.676741190259236,31118000
2016-02-22,AVGO,Broadcom,9.950172424316406,10.086507379872954,9.86258305352474,9.901426839551524,24204000
2016-02-23,AVGO,Broadcom,9.761284828186035,9.93951069142556,9.753668170681442,9.913614346455716,22352000
2016-02-24,AVGO,Broadcom,9.927323341369629,9.99663302819756,9.551830740381101,9.635611784269113,25680000
2016-02-25,AVGO,Broadcom,10.089554786682129,10.091077972867815,9.801652259383651,9.960836474436384,25652000
2016-02-26,AVGO,Broadcom,10.138301849365234,10.279968354317624,10.07280047567799,10.221321682644048,27142000
2016-02-29,AVGO,Broadcom,10.203803062438965,10.504653779418973,10.122306422651326,10.15581869978534,35911000
2016-03-01,AVGO,Broadcom,10.543495178222656,10.559489718919565,10.253306851031883,10.310430314430024,44906000
2016-03-02,AVGO,Broadcom,10.432295799255371,10.529025743535836,10.286059764396098,10.499321072278423,43834000
2016-03-03,AVGO,Broadcom,10.459718704223633,10.57548960168819,10.228939592138078,10.49170780177633,59437000
2016-03-04,AVGO,Broadcom,11.1246337890625,11.261730700216946,10.79407845208762,11.120064230994045,72399000
2016-03-07,AVGO,Broadcom,10.930413246154785,11.137581795859788,10.706488924081079,11.02561927164077,41363000
2016-03-08,AVGO,Broadcom,10.634893417358398,10.87785863844475,10.618136919697024,10.837491669740725,33216000
2016-03-09,AVGO,Broadcom,10.812357902526855,10.855771971874894,10.698872193098909,10.720198249684403,31152000
2016-03-10,AVGO,Broadcom,10.999723434448242,11.104830529993302,10.815404131205515,10.926604696993262,54546000
2016-03-11,AVGO,Broadcom,11.334851264953613,11.426248984172325,11.101025088262599,11.119304777379243,55822000
2016-03-14,AVGO,Broadcom,11.28305721282959,11.3630299299891,11.196229068744092,11.2046076817544,28444000
2016-03-15,AVGO,Broadcom,11.308188438415527,11.42319730882608,11.126154314478379,11.310473580085478,30891000
2016-03-16,AVGO,Broadcom,11.357860565185547,11.406767552562759,11.221838666989969,11.268452945754495,34906000
2016-03-17,AVGO,Broadcom,11.580997467041016,11.593988510106977,11.261574930297876,11.261574930297876,44708000
2016-03-18,AVGO,Broadcom,11.652830123901367,11.691803255686603,11.529034788936965,11.610801261879857,70568000
2016-03-21,AVGO,Broadcom,11.683395385742188,11.691801740072318,11.52597683581294,11.660470488632273,28207000
2016-03-22,AVGO,Broadcom,11.826298713684082,11.89125321437567,11.580999986543823,11.64595448723541,33945000
2016-03-23,AVGO,Broadcom,11.6910400390625,11.869091548837844,11.641369295393355,11.830883620832124,27577000
2016-03-24,AVGO,Broadcom,11.691804885864258,11.713966038669138,11.548141089792972,11.597047355781001,25651000
2016-03-28,AVGO,Broadcom,11.699445724487305,11.730012502400744,11.620735706563865,11.713200519479038,17224000
2016-03-29,AVGO,Broadcom,11.778152465820312,11.83928600842293,11.629139546822596,11.712433506699377,26765000
2016-03-30,AVGO,Broadcom,11.992125511169434,12.018871357554634,11.809489276380644,11.844640751981292,26794000
2016-03-31,AVGO,Broadcom,11.80643081665039,12.025748190937714,11.802609877753898,11.999001618662263,24968000
2016-04-01,AVGO,Broadcom,12.058606147766113,12.067776254750928,11.551197448043848,11.771278558140345,25671000
2016-04-04,AVGO,Broadcom,11.9218168258667,12.099104545714495,11.895070990710641,12.07388693988602,17760000
2016-04-05,AVGO,Broadcom,11.846931457519531,12.00129358984497,11.802609152061065,11.802609152061065,56915000
2016-04-06,AVGO,Broadcom,12.038740158081055,12.056316625166977,11.746063340452112,11.82171619192083,28149000
2016-04-07,AVGO,Broadcom,11.8423433303833,12.07006626688207,11.82094666178922,12.034150326203527,22975000
2016-04-08,AVGO,Broadcom,11.932517051696777,11.9898296687988,11.817127338323068,11.942451637055102,18526000
2016-04-11,AVGO,Broadcom,11.891250610351562,12.058603754259916,11.890486860036651,12.030329688451067,18568000
2016-04-12,AVGO,Broadcom,11.877497673034668,11.949329567408096,11.691804289779519,11.921819247615241,16537000
2016-04-13,AVGO,Broadcom,12.186984062194824,12.199975104777847,11.89125018532127,11.956969148523998,21730000
2016-04-14,AVGO,Broadcom,12.136549949645996,12.158711099073875,11.921054288377134,12.019632013343802,27549000
2016-04-15,AVGO,Broadcom,11.882081031799316,12.09986939938088,11.807956436882048,12.083821896823874,27685000
2016-04-18,AVGO,Broadcom,11.913413047790527,11.951621701983122,11.753701033594762,11.871383455301727,15297000
2016-04-19,AVGO,Broadcom,11.544319152832031,11.97989592129705,11.522922481120146,11.955442790417603,24560000
2016-04-20,AVGO,Broadcom,11.709378242492676,11.775860958634663,11.493118113067004,11.574120101715698,19435000
2016-04-21,AVGO,Broadcom,11.565717697143555,11.713202443014994,11.496942253351685,11.684163889913112,16117000
2016-04-22,AVGO,Broadcom,11.487770080566406,11.68721824869458,11.365502970812608,11.493119248398898,25699000
2016-04-25,AVGO,Broadcom,11.393777847290039,11.528272260569725,11.368560235896288,11.481657247559584,10870000
2016-04-26,AVGO,Broadcom,11.520628929138184,11.776625949306101,11.465608295532306,11.576413313095314,26309000
2016-04-27,AVGO,Broadcom,11.579468727111816,11.719312278330257,11.195090991985719,11.249347141574868,38930000
2016-04-28,AVGO,Broadcom,11.308956146240234,11.769751328494465,11.258520917923118,11.492356843980733,25520000
2016-04-29,AVGO,Broadcom,11.137779235839844,11.293670300146186,10.946736707853674,11.180572575543778,35067000
2016-05-02,AVGO,Broadcom,11.162994384765625,11.220306984783011,11.042255539504374,11.169108029992103,19525000
2016-05-03,AVGO,Broadcom,10.94291877746582,11.156122513012457,10.876436041076252,11.08811154675192,23986000
2016-05-04,AVGO,Broadcom,10.8565673828125,11.036147871375633,10.795433816552164,10.890191354394402,20888000
2016-05-05,AVGO,Broadcom,10.895540237426758,11.072827283423553,10.858095327839587,10.990297044013875,16841000
2016-05-06,AVGO,Broadcom,10.842812538146973,10.889426827559298,10.635722455809304,10.832877951068992,30027000
2016-05-09,AVGO,Broadcom,10.881786346435547,10.997940573994851,10.794671404535753,10.851219559515155,17300000
2016-05-10,AVGO,Broadcom,11.050665855407715,11.091166492152212,10.813008288065536,10.88942560133711,18461000
2016-05-11,AVGO,Broadcom,10.992588996887207,11.173696969312292,10.966606905749156,11.010929210776474,16716000
2016-05-12,AVGO,Broadcom,10.77785587310791,11.059834262204756,10.661701683737874,11.009399043929756,26452000
2016-05-13,AVGO,Broadcom,10.702202796936035,10.937566900492143,10.669343312152295,10.770213746357689,21716000
2016-05-16,AVGO,Broadcom,10.900888442993164,10.975013047563548,10.751111004186436,10.764865799949584,20373000
2016-05-17,AVGO,Broadcom,10.787793159484863,10.926872293536755,10.68921540026822,10.890192586891088,21248000
2016-05-18,AVGO,Broadcom,10.994880676269531,11.084289034341468,10.723600600284641,10.738884354364103,22620000
2016-05-19,AVGO,Broadcom,10.907764434814453,11.054484666606847,10.783969102595353,10.929925584037976,17478000
2016-05-20,AVGO,Broadcom,11.212668418884277,11.284500305167652,10.981889007836287,11.013984012928509,25889000
2016-05-23,AVGO,Broadcom,11.31735897064209,11.488533047520047,11.300546990194555,11.32423636712583,17609000
2016-05-24,AVGO,Broadcom,11.571065902709961,11.590934346401015,11.336465517062068,11.355569481516358,19907000
2016-05-25,AVGO,Broadcom,11.735361099243164,11.76821985554325,11.499996264870637,11.603159408596854,21737000
2016-05-26,AVGO,Broadcom,11.693333625793457,11.787326680735163,11.601633279910457,11.750646250874135,18431000
2016-05-27,AVGO,Broadcom,11.714731216430664,11.762873737811034,11.650541187923501,11.69180631035948,18693000
2016-05-31,AVGO,Broadcom,11.795731544494629,11.840817599622993,11.714729541108886,11.768221223881682,32058000
2016-06-01,AVGO,Broadcom,11.827062606811523,11.869091473103541,11.717785805405457,11.723134973593687,30777000
2016-06-02,AVGO,Broadcom,11.837761878967285,11.884376166688096,11.721607670532823,11.860686783190562,46746000
2016-06-03,AVGO,Broadcom,12.42235279083252,12.685227269038528,12.318425874919331,12.667650804107218,82985000
2016-06-06,AVGO,Broadcom,12.443746566772461,12.527804289045491,12.304666753399797,12.486539907029023,34010000
2016-06-07,AVGO,Broadcom,12.59658432006836,12.68140728122964,12.441458404947127,12.48195905141404,32340000
2016-06-08,AVGO,Broadcom,12.509467124938965,12.579770062139696,12.4819560758934,12.539269425327557,25620000
2016-06-09,AVGO,Broadcom,12.543088912963867,12.612628095713355,12.388726794157176,12.390255752503522,29143000
2016-06-10,AVGO,Broadcom,12.289382934570312,12.454443357243157,12.226720432658096,12.392544605586847,26657000
2016-06-13,AVGO,Broadcom,12.22748851776123,12.39866337578163,12.19921444411311,12.237423104764636,21568000
2016-06-14,AVGO,Broadcom,12.149540901184082,12.26722258694982,12.083821932525531,12.170937571323307,25669000
2016-06-15,AVGO,Broadcom,12.142643928527832,12.274495085200249,12.125778905665706,12.174840192208444,30884000
2016-06-16,AVGO,Broadcom,12.160270690917969,12.176368816906386,11.927997103597907,12.039150935099126,22804000
2016-06-17,AVGO,Broadcom,11.958662033081055,12.246129863385228,11.876637609801056,12.186336502045028,43333000
2016-06-20,AVGO,Broadcom,12.02995491027832,12.234632179133875,12.011556838527708,12.14264255144939,20265000
2016-06-21,AVGO,Broadcom,11.944097518920898,12.142641841901575,11.928765549668444,12.082081586850327,16126000
2016-06-22,AVGO,Broadcom,11.892736434936523,12.048352415495991,11.866672379337302,11.9379647212515,16039000
2016-06-23,AVGO,Broadcom,12.15950870513916,12.160274865076806,11.95636446816047,12.062152293978478,24435000
2016-06-24,AVGO,Broadcom,11.400591850280762,11.872039696789585,11.376061575356541,11.65203045806261,64177000
2016-06-27,AVGO,Broadcom,11.010400772094727,11.287903398771007,10.90614602130163,11.230409249707348,37864000
2016-06-28,AVGO,Broadcom,11.48108196258545,11.49334709869218,11.236542475957489,11.245741510804661,37233000
2016-06-29,AVGO,Broadcom,11.882002830505371,11.931830262640599,11.558505773821443,11.652795326760115,47860000
2016-06-30,AVGO,Broadcom,11.912668228149414,12.053719138132235,11.818378657846859,11.882005018634391,42626000
2016-07-01,AVGO,Broadcom,11.822214126586914,11.948699983712466,11.776219668215113,11.841378362397041,19779000
2016-07-05,AVGO,Broadcom,11.556974411010742,11.62979907391499,11.462684844302496,11.619833878460057,26321000
2016-07-06,AVGO,Broadcom,11.547008514404297,11.596069794098952,11.281004834054745,11.449652845929764,20603000
2016-07-07,AVGO,Broadcom,11.57460880279541,11.728691778190587,11.509449375597233,11.509449375597233,19248000
2016-07-08,AVGO,Broadcom,11.892736434936523,11.901168579480489,11.647430772645896,11.701858094403622,26741000
2016-07-11,AVGO,Broadcom,12.062917709350586,12.148008240413528,11.98012711995652,12.04298658738027,25201000
2016-07-12,AVGO,Broadcom,12.157206535339355,12.33505284041191,12.131142480862843,12.1564396444736,20306000
2016-07-13,AVGO,Broadcom,12.066752433776855,12.294426952824066,12.06138638982496,12.181739298765631,15734000
2016-07-14,AVGO,Broadcom,12.325854301452637,12.346552312679808,12.177903583731876,12.230797851473765,23550000
2016-07-15,AVGO,Broadcom,12.354218482971191,12.385648583896396,12.239231628344243,12.35038622140974,19259000
2016-07-18,AVGO,Broadcom,12.443909645080566,12.548932041062837,12.414779484208,12.45080947086773,14626000
2016-07-19,AVGO,Broadcom,12.305928230285645,12.418616643155566,12.249201674848264,12.3779867613994,14797000
2016-07-20,AVGO,Broadcom,12.469971656799316,12.55429602371317,12.335819121969363,12.387947231436916,18064000
2016-07-21,AVGO,Broadcom,12.296724319458008,12.532064044099068,12.251496035316242,12.49603552602655,19530000
2016-07-22,AVGO,Broadcom,12.239998817443848,12.288293940903916,12.011557422395201,12.23386588287267,19664000
2016-07-25,AVGO,Broadcom,12.248431205749512,12.318956664908217,12.209335848905033,12.237699118338533,9627000
2016-07-26,AVGO,Broadcom,12.529000282287598,12.533600166181142,12.29366051370231,12.373385011216422,28631000
2016-07-27,AVGO,Broadcom,12.69918155670166,12.847898466315055,12.473040090352011,12.720645732345877,30493000
2016-07-28,AVGO,Broadcom,12.589560508728027,12.799603839544398,12.565796391532256,12.648586990681714,19512000
2016-07-29,AVGO,Broadcom,12.417078971862793,12.621756250413316,12.349620347006661,12.56656203254709,26030000
2016-08-01,AVGO,Broadcom,12.534368515014648,12.562732521128378,12.410949485370852,12.478408124995017,17876000
2016-08-02,AVGO,Broadcom,12.486839294433594,12.571163683964167,12.439311055321358,12.50293742747444,22689000
2016-08-03,AVGO,Broadcom,12.580363273620605,12.583430838249527,12.363421535447609,12.409415997092974,15019000
2016-08-04,AVGO,Broadcom,12.801136016845703,12.801903638908636,12.58726042660299,12.5926264703572,19978000
2016-08-05,AVGO,Broadcom,13.041078567504883,13.047212234686732,12.819536942301848,12.87473117411297,25594000
2016-08-08,AVGO,Broadcom,12.905389785766602,13.12616518457094,12.86782748241031,13.031876346247184,19084000
2016-08-09,AVGO,Broadcom,13.12156867980957,13.198225617450968,12.932223353502573,12.950619965797607,32743000
2016-08-10,AVGO,Broadcom,13.17369556427002,13.198993465348822,13.019612602098798,13.125401166360362,19523000
2016-08-11,AVGO,Broadcom,13.192092895507812,13.274117336187162,13.100870149042018,13.190560575612057,15745000
2016-08-12,AVGO,Broadcom,13.221221923828125,13.232720170609976,13.137665170414786,13.195157866461226,16530000
2016-08-15,AVGO,Broadcom,13.456564903259277,13.477261457754382,13.223523600422975,13.290216072354111,25807000
2016-08-16,AVGO,Broadcom,13.215856552124023,13.414401631996402,13.192858595254181,13.400603442729398,19069000
2016-08-17,AVGO,Broadcom,13.264148712158203,13.28331294192083,13.166793781623776,13.204356081356886,16613000
2016-08-18,AVGO,Broadcom,13.333145141601562,13.352309377160381,13.2342563994371,13.248054590553952,21120000
2016-08-19,AVGO,Broadcom,13.409802436828613,13.419768364864384,13.294815570848993,13.35230827277014,15349000
2016-08-22,AVGO,Broadcom,13.486458778381348,13.515588935948928,13.343107932211558,13.415166435218286,15393000
2016-08-23,AVGO,Broadcom,13.594545364379883,13.604511290575319,13.501022691662936,13.547018599270922,19741000
2016-08-24,AVGO,Broadcom,13.4381685256958,13.621380210043846,13.366876160590728,13.612181902677492,21802000
2016-08-25,AVGO,Broadcom,13.494891166687012,13.579215539400222,13.39140256257638,13.455028922040038,18735000
2016-08-26,AVGO,Broadcom,13.580748558044434,13.694969254586926,13.42513329500961,13.555452122210877,22586000
2016-08-29,AVGO,Broadcom,13.599145889282227,13.697268449817575,13.560817426603991,13.591479904319154,16726000
2016-08-30,AVGO,Broadcom,13.568482398986816,13.753993957555267,13.487224134152042,13.65740518607555,27838000
2016-08-31,AVGO,Broadcom,13.524023056030273,13.669673865142697,13.441998614526506,13.576149713618658,32753000
2016-09-01,AVGO,Broadcom,13.575382232666016,13.619844362097448,13.401368900756944,13.559284102341438,39128000
2016-09-02,AVGO,Broadcom,13.270284652709961,13.59454721897415,12.939886958508449,13.568484622338584,80668000
2016-09-06,AVGO,Broadcom,13.11620044708252,13.338508160994923,13.004279699207649,13.309378003182484,36132000
2016-09-07,AVGO,Broadcom,12.947553634643555,13.185194815966423,12.856330886211058,13.140732681696768,31437000
2016-09-08,AVGO,Broadcom,12.907691955566406,12.942188163275942,12.768174804731673,12.908459577702104,18680000
2016-09-09,AVGO,Broadcom,12.325087547302246,12.805734411652846,12.316655402688568,12.750540198540007,45022000
2016-09-12,AVGO,Broadcom,12.608728408813477,12.629426430154394,12.169477386125267,12.198607555606413,35673000
2016-09-13,AVGO,Broadcom,12.666982650756836,12.829497716219382,12.594924152963866,12.608722339837072,36003000
2016-09-14,AVGO,Broadcom,13.00197696685791,13.026507236030438,12.652415148136372,12.666214795299174,40324000
2016-09-15,AVGO,Broadcom,13.280318260192871,13.301847168480853,12.932778912218128,13.019664482485256,36322000
2016-09-16,AVGO,Broadcom,13.166519165039062,13.301074802431687,13.05964312546822,13.25724852812279,83067000
2016-09-19,AVGO,Broadcom,13.127310752868652,13.346445150545106,13.025048425032196,13.190360544899988,28306000
2016-09-20,AVGO,Broadcom,12.935087203979492,13.241107176502787,12.930473446971638,13.241107176502787,18722000
2016-09-21,AVGO,Broadcom,13.058113098144531,13.072722843320786,12.887418713427126,12.94739316925758,17977000
2016-09-22,AVGO,Broadcom,12.981989860534668,13.167292473045034,12.922783891783187,13.145763563152492,20619000
2016-09-23,AVGO,Broadcom,12.81360149383545,12.996597214965504,12.725947452673227,12.97122448719446,26875000
2016-09-26,AVGO,Broadcom,12.816676139831543,12.858195546601946,12.514500035581799,12.694421864560647,32033000
2016-09-27,AVGO,Broadcom,13.137309074401855,13.138846016014279,12.765163887567548,12.83205751139151,25353000
2016-09-28,AVGO,Broadcom,13.124999046325684,13.27954665378192,13.054261640525414,13.208039311048259,20843000
2016-09-29,AVGO,Broadcom,13.26032829284668,13.377968822593122,13.031966401840679,13.07118040060514,38570000
2016-09-30,AVGO,Broadcom,13.264942169189453,13.428715867664524,13.258790004699353,13.30184782339526,34220000
2016-10-03,AVGO,Broadcom,13.076560974121094,13.370278026041644,13.049649841082307,13.30261595819366,22807000
2016-10-04,AVGO,Broadcom,12.998133659362793,13.140378420531567,12.92355096191041,13.11808104496003,19596000
2016-10-05,AVGO,Broadcom,13.338754653930664,13.38719469890963,13.12346556513527,13.186513884048095,26149000
2016-10-06,AVGO,Broadcom,13.393345832824707,13.428714542327521,13.168059310964873,13.32491382541001,21014000
2016-10-07,AVGO,Broadcom,13.394881248474121,13.451780325267245,13.254943367459637,13.446398099074381,21842000
2016-10-10,AVGO,Broadcom,13.437943458557129,13.524829043084939,13.360285388551201,13.434868109232209,16336000
2016-10-11,AVGO,Broadcom,13.16114330291748,13.494072974278449,13.035043711424803,13.47792628998446,26181000
2016-10-12,AVGO,Broadcom,13.107319831848145,13.152684531204786,12.948158415503865,13.128848742285395,21740000
2016-10-13,AVGO,Broadcom,12.989675521850586,13.063489753983054,12.82513337366322,12.976605657017785,22373000
2016-10-14,AVGO,Broadcom,13.07810115814209,13.27416822070708,13.020433598627527,13.06964211528364,19570000
2016-10-17,AVGO,Broadcom,12.985066413879395,13.14422637441091,12.973532020690783,13.04811474160623,12741000
2016-10-18,AVGO,Broadcom,13.238030433654785,13.291854177099548,13.11270225547701,13.121159832339927,14167000
2016-10-19,AVGO,Broadcom,13.21496295928955,13.246487850901598,13.079637346454522,13.161140688999163,20440000
2016-10-20,AVGO,Broadcom,13.33337116241455,13.423332075443458,13.149605517227121,13.198815494676259,18961000
2016-10-21,AVGO,Broadcom,13.295700073242188,13.332607202177634,13.125005701826208,13.247260016469644,15842000
2016-10-24,AVGO,Broadcom,13.574806213378906,13.609406456455625,13.344907374520236,13.391040543106865,19772000
2016-10-25,AVGO,Broadcom,13.351824760437012,13.570959115147847,13.341060306985863,13.53482193565333,21622000
2016-10-26,AVGO,Broadcom,13.301849365234375,13.438713409435596,13.155760739596161,13.236494159008931,21075000
2016-10-27,AVGO,Broadcom,13.243414878845215,13.47485068262868,13.20804469498076,13.40257484004671,19840000
2016-10-28,AVGO,Broadcom,13.021200180053711,13.29185138203579,12.997364395790289,13.262633371214392,20651000
2016-10-31,AVGO,Broadcom,13.09271240234375,13.198820031977414,12.970458087030817,13.071183488104722,20317000
2016-11-01,AVGO,Broadcom,12.978913307189941,13.190360057259873,12.75055287028025,13.126541796918334,28452000
2016-11-02,AVGO,Broadcom,13.268017768859863,13.390272058708284,13.056572490962797,13.294928906053292,43501000
2016-11-03,AVGO,Broadcom,13.301077842712402,13.481768139837708,13.236491122001096,13.259558436489474,20654000
2016-11-04,AVGO,Broadcom,13.238030433654785,13.419489233793948,13.088866466201303,13.101937800097469,21753000
2016-11-07,AVGO,Broadcom,13.606328964233398,13.677067854658908,13.387194591160721,13.408723499866982,26126000
2016-11-08,AVGO,Broadcom,13.60940170288086,13.687828208739539,13.464080146098643,13.614783928445146,18923000
2016-11-09,AVGO,Broadcom,13.334139823913574,13.570959269071675,13.160370159139772,13.184205944415776,32506000
2016-11-10,AVGO,Broadcom,12.912787437438965,13.417181269563976,12.556020603372295,13.357206839181453,51217000
2016-11-11,AVGO,Broadcom,12.882033348083496,13.071181252654707,12.742863900111487,12.86742507301132,29793000
2016-11-14,AVGO,Broadcom,12.592927932739258,12.899716324439305,12.534491908934791,12.799759427624949,28187000
2016-11-15,AVGO,Broadcom,12.798224449157715,12.878957862894124,12.579858530201788,12.673663277573667,25380000
2016-11-16,AVGO,Broadcom,12.904332160949707,12.930473361879088,12.744402273502264,12.786690157305834,13333000
2016-11-17,AVGO,Broadcom,12.843589782714844,12.995830570372371,12.765161777027965,12.86742557269257,18100000
2016-11-18,AVGO,Broadcom,12.929703712463379,13.006593300041288,12.821289232658367,12.821289232658367,19524000
2016-11-21,AVGO,Broadcom,13.269553184509277,13.283392986825175,13.00428566272299,13.00428566272299,21384000
2016-11-22,AVGO,Broadcom,13.610942840576172,13.641699262739664,13.325683331161581,13.35720822391508,31024000
2016-11-23,AVGO,Broadcom,13.615557670593262,13.6678415392273,13.47408134389115,13.560196986262772,22123000
2016-11-25,AVGO,Broadcom,13.59018325805664,13.610943697669608,13.499453860126728,13.592490136518862,8198000
2016-11-28,AVGO,Broadcom,13.428717613220215,13.614790182383326,13.420260035812284,13.537132111205548,26570000
2016-11-29,AVGO,Broadcom,13.490225791931152,13.60786631005222,13.334909686514155,13.367971517576803,18514000
2016-11-30,AVGO,Broadcom,13.108859062194824,13.524830535132596,13.10501524175141,13.464856083765405,31249000
2016-12-01,AVGO,Broadcom,12.516810417175293,13.108858463643704,12.39532604497673,13.071951336264043,46389000
2016-12-02,AVGO,Broadcom,12.626761436462402,12.680583711431185,12.349959489140662,12.576782981185533,26945000
2016-12-05,AVGO,Broadcom,12.773618698120117,12.810524349699353,12.486820795364883,12.764391185315167,21372000
2016-12-06,AVGO,Broadcom,12.668283462524414,12.915098974225154,12.567558060558662,12.825906500261771,39184000
2016-12-07,AVGO,Broadcom,12.959691047668457,12.959691047668457,12.584472064810031,12.668280826177583,32659000
2016-12-08,AVGO,Broadcom,13.125770568847656,13.177287427676642,12.879725065560917,13.036579587197622,38361000
2016-12-09,AVGO,Broadcom,13.770101547241211,13.986160530997628,13.601714128568696,13.913114775946282,75744000
2016-12-12,AVGO,Broadcom,13.698596000671387,13.899276802744447,13.575573253043146,13.690138425085804,37194000
2016-12-13,AVGO,Broadcom,13.797011375427246,13.989234558492745,13.686290047644965,13.743189118816346,69076000
2016-12-14,AVGO,Broadcom,13.735150337219238,13.858877860216074,13.627663277651994,13.822532614567905,46795000
2016-12-15,AVGO,Broadcom,13.919968605041504,14.011991028413487,13.653957414849748,13.78850947515544,38103000
2016-12-16,AVGO,Broadcom,13.797014236450195,14.003482442553484,13.724325215473744,13.977191798743139,41541000
2016-12-19,AVGO,Broadcom,13.954768180847168,14.02823155481145,13.773819194578696,13.847281093611763,22219000
2016-12-20,AVGO,Broadcom,14.079264640808105,14.17283130092561,13.930019342974472,13.996522497834937,27352000
2016-12-21,AVGO,Broadcom,14.096275329589844,14.22773442605456,14.056837158171227,14.207628171042083,21013000
2016-12-22,AVGO,Broadcom,13.965593338012695,14.151182446748448,13.871252318358524,14.13958358836844,17557000
2016-12-23,AVGO,Broadcom,14.069212913513184,14.07230584370968,13.892902617934373,13.923060531013896,8977000
2016-12-27,AVGO,Broadcom,14.097824096679688,14.205311156753647,14.07771783943549,14.082357971865818,8283000
2016-12-28,AVGO,Broadcom,13.933886528015137,14.15118072988669,13.906821545124636,14.123342883179587,14039000
2016-12-29,AVGO,Broadcom,13.909140586853027,13.97100361103558,13.813253858075116,13.895994528284517,13671000
2016-12-30,AVGO,Broadcom,13.669425964355469,13.988794316944228,13.611428715183317,13.947810400491694,25421000
2017-01-03,AVGO,Broadcom,13.790827751159668,13.988790021623844,13.651635575831135,13.786961957369815,32098000
2017-01-04,AVGO,Broadcom,13.692626953125,13.841870847660578,13.662467553642227,13.78464792993106,23965000
2017-01-05,AVGO,Broadcom,13.476872444152832,13.687207908859309,13.44594166915329,13.635396537718977,24861000
2017-01-06,AVGO,Broadcom,13.655502319335938,13.679474369717436,13.40186289350962,13.471458978497092,23142000
2017-01-09,AVGO,Broadcom,13.684886932373047,13.787733854182143,13.659367680384793,13.660142019033149,20265000
2017-01-10,AVGO,Broadcom,13.963271141052246,13.976417200178492,13.679475261476512,13.725099299056698,30181000
2017-01-11,AVGO,Broadcom,13.874345779418945,13.955542215976935,13.745979568695887,13.923062756395028,18787000
2017-01-12,AVGO,Broadcom,13.831037521362305,13.849596574697504,13.5634806627304,13.771494567921788,23137000
2017-01-13,AVGO,Broadcom,13.953995704650879,13.979513490313321,13.794698704194213,13.834135416120828,20902000
2017-01-17,AVGO,Broadcom,13.850371360778809,13.890582402764432,13.730512573560981,13.878983545919075,26316000
2017-01-18,AVGO,Broadcom,14.307387351989746,14.311253146303674,13.919195820945928,13.94703366981319,35642000
2017-01-19,AVGO,Broadcom,14.349143028259277,14.451217099543475,14.281094139046797,14.31357211855259,45718000
2017-01-20,AVGO,Broadcom,14.775996208190918,14.811567112694513,14.545555980225888,14.584221289408694,57623000
2017-01-23,AVGO,Broadcom,14.769813537597656,14.810797446742477,14.570304038972672,14.77058640146896,33394000
2017-01-24,AVGO,Broadcom,15.29178237915039,15.437934768133042,14.86879428866397,14.902817997265679,62008000
2017-01-25,AVGO,Broadcom,15.65754222869873,15.666049627877399,15.313429141393419,15.459581480508112,60888000
2017-01-26,AVGO,Broadcom,15.788232803344727,15.873295019160754,15.553153889081202,15.80911192539861,38820000
2017-01-27,AVGO,Broadcom,15.907318115234375,15.913505450191678,15.739515231302889,15.881800336427144,25780000
2017-01-30,AVGO,Broadcom,15.71476936340332,15.84236119956468,15.512941311702484,15.80988322399885,33234000
2017-01-31,AVGO,Broadcom,15.427108764648438,15.65677469728736,15.37761745454781,15.65677469728736,26749000
2017-02-01,AVGO,Broadcom,15.751117706298828,15.812207881620326,15.482013559222418,15.63976482558594,31184000
2017-02-02,AVGO,Broadcom,15.778962135314941,15.854744124813866,15.543108760912565,15.618117886213408,22712000
2017-02-03,AVGO,Broadcom,15.942123413085938,15.97614860857544,15.70008419897964,15.848556706619988,24367000
2017-02-06,AVGO,Broadcom,15.973052024841309,15.980785089090336,15.79828890262063,15.941346903899653,18716000
2017-02-07,AVGO,Broadcom,15.922788619995117,16.038008775532855,15.84700665156837,16.02331698519617,22840000
2017-02-08,AVGO,Broadcom,15.998566627502441,16.142398939051684,15.864788919901505,15.92742481045055,21069000
2017-02-09,AVGO,Broadcom,15.87871265411377,16.060434520626806,15.746480634029737,16.032596666376907,27519000
2017-02-10,AVGO,Broadcom,15.892627716064453,15.968409670260744,15.763488658423142,15.92974582932455,23842000
2017-02-13,AVGO,Broadcom,15.98464584350586,16.01557809074848,15.865559936469369,15.990058839280245,12463000
2017-02-14,AVGO,Broadcom,15.877938270568848,16.007077347258875,15.83695288221097,16.006303008375617,17357000
2017-02-15,AVGO,Broadcom,15.928976058959961,16.00243796097773,15.83695362177662,15.915829996505199,17088000
2017-02-16,AVGO,Broadcom,16.09833335876465,16.101426291025216,15.866345740038657,15.965326947036582,17188000
2017-02-17,AVGO,Broadcom,16.27076530456543,16.27076530456543,15.99315380742366,16.161731036548186,30945000
2017-02-21,AVGO,Broadcom,16.451717376708984,16.518993413381345,16.30943223910028,16.316392439417225,30333000
2017-02-22,AVGO,Broadcom,16.560749053955078,16.62029201697412,16.35505370677652,16.47104670258297,23949000
2017-02-23,AVGO,Broadcom,16.283905029296875,16.699934206340785,16.21121603720544,16.631883870177916,29364000
2017-02-24,AVGO,Broadcom,16.267675399780273,16.28932738966415,15.667602594584345,16.113789928898488,27651000
2017-02-27,AVGO,Broadcom,16.492704391479492,16.50585045570739,16.253758118031648,16.290876243506716,26991000
2017-02-28,AVGO,Broadcom,16.310977935791016,16.574669060639888,16.262260962864442,16.55920293354004,27548000
2017-03-01,AVGO,Broadcom,16.636533737182617,16.655865660501178,16.28236735624525,16.47646240324527,51155000
2017-03-02,AVGO,Broadcom,16.802785873413086,17.39744403325442,16.704577608623588,17.33016801640613,71171000
2017-03-03,AVGO,Broadcom,16.88243865966797,17.012350588699046,16.834494550164287,16.85769226610208,30747000
2017-03-06,AVGO,Broadcom,16.853057861328125,16.898681915766627,16.638856517197425,16.731650354230496,22771000
2017-03-07,AVGO,Broadcom,16.954347610473633,17.118284668971913,16.787317622559247,16.806649537607846,29129000
2017-03-08,AVGO,Broadcom,16.983739852905273,17.10824027046931,16.900224823540277,16.952036206750872,24532000
2017-03-09,AVGO,Broadcom,17.167776107788086,17.23350491448834,16.866966964333653,16.918003987452064,25675000
2017-03-10,AVGO,Broadcom,17.503389358520508,17.50802949175784,17.22345923538657,17.22345923538657,39430000
2017-03-13,AVGO,Broadcom,17.51111602783203,17.611642870035045,17.42682669616811,17.465492000808162,26669000
2017-03-14,AVGO,Broadcom,17.34872817993164,17.497973483426303,17.28377222501698,17.380433293620232,22165000
2017-03-15,AVGO,Broadcom,17.47091293334961,17.526590112368204,17.262897482193072,17.347186852151335,20727000
2017-03-16,AVGO,Broadcom,17.272829055786133,17.54160088676497,17.211461828672547,17.515189525058346,27835000
2017-03-17,AVGO,Broadcom,17.181167602539062,17.377697119413536,17.155532609128365,17.362937218572167,51635000
2017-03-20,AVGO,Broadcom,17.18582534790039,17.29457625187671,17.150091638062506,17.18116417155285,17215000
2017-03-21,AVGO,Broadcom,16.78034019470215,17.32099082105789,16.741501002256747,17.26350840138503,30557000
2017-03-22,AVGO,Broadcom,16.88909339904785,16.962888460831522,16.73140306996363,16.780340988142093,19131000
2017-03-23,AVGO,Broadcom,16.845590591430664,16.969877773104844,16.81218746682293,16.87666164603917,19223000
2017-03-24,AVGO,Broadcom,17.009492874145508,17.198254229969464,16.913947642885248,16.934921456114584,23794000
2017-03-27,AVGO,Broadcom,17.01571273803711,17.10348985849649,16.77645919018582,16.84326397352917,15358000
2017-03-28,AVGO,Broadcom,17.163305282592773,17.227779486051528,16.96133816602691,16.97376748151582,17929000
2017-03-29,AVGO,Broadcom,17.191261291503906,17.194368248239496,17.064643544404777,17.151644259480555,15927000
2017-03-30,AVGO,Broadcom,17.09261131286621,17.43517818377502,17.00094940216281,17.237095944295014,34168000
2017-03-31,AVGO,Broadcom,17.00872039794922,17.16641073608845,16.936478070081108,17.08873086144383,25897000
2017-04-03,AVGO,Broadcom,16.99628257751465,17.088722308067098,16.830049299497094,17.011818840991317,19210000
2017-04-04,AVGO,Broadcom,17.00872039794922,17.1213561421029,16.924826607451546,16.947353163634133,12634000
2017-04-05,AVGO,Broadcom,16.866561889648438,17.128341916684295,16.84092838228931,17.05377050122321,15690000
2017-04-06,AVGO,Broadcom,16.895305633544922,16.970654907515915,16.746937674087214,16.833162039904735,14615000
2017-04-07,AVGO,Broadcom,16.953563690185547,17.077073010786464,16.859571202216333,16.89530343053572,16412000
2017-04-10,AVGO,Broadcom,16.935699462890625,17.015709915811566,16.798982960848488,16.861904406621726,17994000
2017-04-11,AVGO,Broadcom,16.89919090270996,16.965219311954773,16.625759355582822,16.822288881988705,22219000
2017-04-12,AVGO,Broadcom,16.250564575195312,16.78966092995051,16.191527941605166,16.75315084801184,61026000
2017-04-13,AVGO,Broadcom,16.415250778198242,16.621101215612146,16.235033858502554,16.25134650112885,42579000
2017-04-17,AVGO,Broadcom,16.61332893371582,16.651393238633705,16.48282782526666,16.49758772583853,14507000
2017-04-18,AVGO,Broadcom,16.553516387939453,16.600901566946863,16.472729561894862,16.55040943026393,8486000
2017-04-19,AVGO,Broadcom,16.594682693481445,16.687897322377708,16.56594075073486,16.606334151688525,12081000
2017-04-20,AVGO,Broadcom,16.95046043395996,17.021150024977814,16.64052026198652,16.701109646721363,16916000
2017-04-21,AVGO,Broadcom,16.907733917236328,16.95977878482131,16.791213389825693,16.889090692115428,14683000
2017-04-24,AVGO,Broadcom,17.18582534790039,17.237093842863505,17.064645134203946,17.14310135516114,17531000
2017-04-25,AVGO,Broadcom,17.33807945251465,17.40022304805118,17.240979991887553,17.246417537976747,14848000
2017-04-26,AVGO,Broadcom,17.220001220703125,17.394780495855574,17.157081274296146,17.360602491199813,14726000
2017-04-27,AVGO,Broadcom,17.32953453063965,17.40721439359054,17.24952407918961,17.31399826172544,11850000
2017-04-28,AVGO,Broadcom,17.152423858642578,17.33341708675123,17.071637041823085,17.3093377971105,16490000
2017-05-01,AVGO,Broadcom,17.192039489746094,17.26505816647197,17.082510733847293,17.251852487725593,15339000
2017-05-02,AVGO,Broadcom,17.51285743713379,17.516740763348672,17.20602280945545,17.358275569916177,27277000
2017-05-03,AVGO,Broadcom,17.47013282775879,17.570339234732018,17.365265244195168,17.439838143161303,18002000
2017-05-04,AVGO,Broadcom,17.35361099243164,17.544702904073834,17.233985011070985,17.498094108908568,16245000
2017-05-05,AVGO,Broadcom,17.590534210205078,17.593641166955962,17.404103470573624,17.474791551920664,23128000
2017-05-08,AVGO,Broadcom,17.484115600585938,17.641028057179152,17.38934673516687,17.59597495367145,17448000
2017-05-09,AVGO,Broadcom,17.74667739868164,17.819696097329853,17.455378973183446,17.526067082927298,19261000
2017-05-10,AVGO,Broadcom,17.969614028930664,18.1319640417052,17.764540016663844,17.826683611847116,24433000
2017-05-11,AVGO,Broadcom,17.95096206665039,18.009998675588257,17.72957552394312,17.919114656392914,14823000
2017-05-12,AVGO,Broadcom,18.329269409179688,18.336259692426328,17.931549257930197,17.981265017646393,25852000
2017-05-15,AVGO,Broadcom,18.567747116088867,18.635328257539733,18.2546985506608,18.30208372738414,29172000
2017-05-16,AVGO,Broadcom,18.695913314819336,18.74329699522237,18.541330002503578,18.638429432755707,18128000
2017-05-17,AVGO,Broadcom,17.95796012878418,18.563083360254033,17.95096836410736,18.487734094646004,31447000
2017-05-18,AVGO,Broadcom,18.461326599121094,18.535898023856575,17.68608366179433,17.989034982649034,30699000
2017-05-19,AVGO,Broadcom,18.184785842895508,18.409279439477963,18.02554279570614,18.387529256346934,35812000
2017-05-22,AVGO,Broadcom,18.51725196838379,18.563860768545723,18.194106213990064,18.295865353284416,20419000
2017-05-23,AVGO,Broadcom,18.374324798583984,18.55997921810188,18.31994933713945,18.51492462935347,13696000
2017-05-24,AVGO,Broadcom,18.61202621459961,18.643875126113997,18.40773002637928,18.52347272821182,16392000
2017-05-25,AVGO,Broadcom,18.709897994995117,18.76427344653462,18.544439570602126,18.72931758745638,19010000
2017-05-26,AVGO,Broadcom,18.737091064453125,18.767385755862122,18.512597429807457,18.713010288815113,13120000
2017-05-30,AVGO,Broadcom,18.629104614257812,18.751061152773488,18.565406832572464,18.681925827852535,29364000
2017-05-31,AVGO,Broadcom,18.602703094482422,18.867590115825386,18.453558760995566,18.838849647321783,44830000
2017-06-01,AVGO,Broadcom,18.222850799560547,18.788358590499545,18.162261419912937,18.767384773844494,63774000
2017-06-02,AVGO,Broadcom,19.771780014038086,19.87198791448198,18.96546748630688,19.30648015422491,108613000
2017-06-05,AVGO,Broadcom,19.59156608581543,19.946560830045385,19.43542997449426,19.730611706881245,39532000
2017-06-06,AVGO,Broadcom,19.719736099243164,19.834702424059753,19.468054745673097,19.479706207472923,29653000
2017-06-07,AVGO,Broadcom,19.752355575561523,19.874312148986622,19.650596443718324,19.70574826043228,29290000
2017-06-08,AVGO,Broadcom,19.804405212402344,19.89373653193903,19.60010758268953,19.808288538634336,28273000
2017-06-09,AVGO,Broadcom,18.902549743652344,19.88597386088237,18.755735969505302,19.84791103054795,58191000
2017-06-12,AVGO,Broadcom,18.850492477416992,18.88467195799925,18.312950546184332,18.674160494126173,54872000
2017-06-13,AVGO,Broadcom,18.871475219726562,19.257542481084382,18.772821537630282,19.028387690344402,30853000
2017-06-14,AVGO,Broadcom,18.68504524230957,19.02761214902058,18.45899739933028,18.920413958474477,34509000
2017-06-15,AVGO,Broadcom,18.56568717956543,18.68270243313425,18.35349948008251,18.358960181996192,27527000
2017-06-16,AVGO,Broadcom,18.429950714111328,18.678024320480066,18.342579476821122,18.63901824102566,35819000
2017-06-19,AVGO,Broadcom,18.81220054626465,19.097719381308668,18.749792309784105,19.097719381308668,28519000
2017-06-20,AVGO,Broadcom,18.72170639038086,19.007223695803628,18.71078498778976,18.878507377827052,24429000
2017-06-21,AVGO,Broadcom,19.121898651123047,19.183527204163507,18.872265738674553,19.00176322118783,34998000
2017-06-22,AVGO,Broadcom,19.037649154663086,19.22253482871209,18.962760167639736,19.152325380426067,18666000
2017-06-23,AVGO,Broadcom,19.1328182220459,19.25841582924647,18.940132854796758,18.998641214019383,34985000
2017-06-26,AVGO,Broadcom,18.93701171875,19.33876602357645,18.816096631373593,19.189766270490384,32103000
2017-06-27,AVGO,Broadcom,18.35817527770996,18.877722974602133,18.350374064636846,18.82857667137782,33582000
2017-06-28,AVGO,Broadcom,18.804397583007812,18.85744524865433,18.29343065929135,18.456472031749637,24533000
2017-06-29,AVGO,Broadcom,18.257537841796875,18.642128807930483,17.98684189061124,18.62106717261853,34513000
2017-06-30,AVGO,Broadcom,18.180316925048828,18.464274921172525,18.165494169155785,18.431510708688602,26534000
2017-07-03,AVGO,Broadcom,17.923662185668945,18.351159268118238,17.870616003891772,18.29421173466454,21123000
2017-07-05,AVGO,Broadcom,18.0679874420166,18.12415532048492,17.87296145015987,18.02040194514793,29699000
2017-07-06,AVGO,Broadcom,18.33555793762207,18.389385285722646,17.747359948356166,17.75204097547703,26334000
2017-07-07,AVGO,Broadcom,18.692842483520508,18.737307769988366,18.353497832259244,18.355838345430637,24731000
2017-07-10,AVGO,Broadcom,18.860563278198242,18.8738251930919,18.62965299990456,18.762270660911703,22499000
2017-07-11,AVGO,Broadcom,18.791915893554688,18.925313238200268,18.67489916491976,18.878507439504006,20502000
2017-07-12,AVGO,Broadcom,19.223312377929688,19.28260041605584,18.805177410853084,18.956516206362014,27710000
2017-07-13,AVGO,Broadcom,19.292743682861328,19.492449130036473,19.23345564000431,19.277920928182272,20400000
2017-07-14,AVGO,Broadcom,19.52521514892578,19.533797527656006,19.33487024923046,19.395719135876178,14417000
2017-07-17,AVGO,Broadcom,19.4261417388916,19.686696076511208,19.41365949702188,19.564220122878773,18746000
2017-07-18,AVGO,Broadcom,19.57124137878418,19.575142730577657,19.19523260444296,19.288844216469993,13003000
2017-07-19,AVGO,Broadcom,19.845834732055664,19.856756134143815,19.545494686702142,19.658610058574787,25526000
2017-07-20,AVGO,Broadcom,19.770170211791992,19.892646182582098,19.685919159175175,19.853641589160745,12135000
2017-07-21,AVGO,Broadcom,19.745203018188477,19.777186063793778,19.538474550765166,19.621945910402847,15504000
2017-07-24,AVGO,Broadcom,19.738962173461914,19.789669327101848,19.634429165691152,19.759245630089737,13638000
2017-07-25,AVGO,Broadcom,19.838035583496094,19.846616473468856,19.516632375528925,19.721020336378352,16123000
2017-07-26,AVGO,Broadcom,20.049442291259766,20.141494537575653,19.86299728552783,19.86845798678505,19971000
2017-07-27,AVGO,Broadcom,19.576698303222656,20.164897649247187,19.420678483974932,20.143053356864456,32010000
2017-07-28,AVGO,Broadcom,19.531455993652344,19.589962875833052,19.30756572970653,19.418340605001447,31919000
2017-07-31,AVGO,Broadcom,19.242033004760742,19.69371329529265,19.148419931102836,19.57903709407055,18902000
2017-08-01,AVGO,Broadcom,19.376996994018555,19.502593146322717,19.265440947070893,19.364514751136436,17582000
2017-08-02,AVGO,Broadcom,19.76470375061035,20.07050449482932,19.585280292460634,19.861435530732184,36970000
2017-08-03,AVGO,Broadcom,19.52521514892578,19.736623181995764,19.286503605158916,19.72180191387306,23447000
2017-08-04,AVGO,Broadcom,19.43783950805664,19.57825838148119,19.355928994535454,19.560315440835378,13454000
2017-08-07,AVGO,Broadcom,19.69293785095215,19.728042577776627,19.416781063380878,19.45500597891179,18730000
2017-08-08,AVGO,Broadcom,19.608684539794922,19.837255819321108,19.535354905907468,19.6570511789838,20439000
2017-08-09,AVGO,Broadcom,19.43783950805664,19.530671423380653,19.309123199370404,19.46592268756979,21256000
2017-08-10,AVGO,Broadcom,18.777873992919922,19.268560442704388,18.758371699567043,19.242036609538264,29033000
2017-08-11,AVGO,Broadcom,19.047794342041016,19.131265722421357,18.621078360965125,18.726391064588363,16976000
2017-08-14,AVGO,Broadcom,19.573575973510742,19.600099801138892,19.190545774521848,19.257635018543255,16736000
2017-08-15,AVGO,Broadcom,19.790449142456055,19.81931348942724,19.601665094275038,19.745983853271714,20942000
2017-08-16,AVGO,Broadcom,19.769384384155273,19.872359521868244,19.64378825407664,19.839593826092134,15394000
2017-08-17,AVGO,Broadcom,19.2646541595459,19.83412931207069,19.241252008685215,19.7366163823399,22793000
2017-08-18,AVGO,Broadcom,19.453447341918945,19.618049577640203,19.20069419227163,19.294305808616645,20126000
2017-08-21,AVGO,Broadcom,19.472949981689453,19.650032975819617,19.20459439527162,19.650032975819617,20693000
2017-08-22,AVGO,Broadcom,19.907459259033203,19.985469901700508,19.580596913030377,19.64534564228919,26917000
2017-08-23,AVGO,Broadcom,20.04242515563965,20.19766682598091,19.76704951917341,19.808394625215282,27928000
2017-08-24,AVGO,Broadcom,19.896541595458984,20.232767543386927,19.588401805336265,20.178940204715513,52119000
2017-08-25,AVGO,Broadcom,19.158565521240234,19.845837240494564,19.017366951273797,19.678114836981695,69099000
2017-08-28,AVGO,Broadcom,18.97601890563965,19.318483711499386,18.917510545892963,19.271677916459677,34174000
2017-08-29,AVGO,Broadcom,18.857444763183594,19.079774172253842,18.72482709041103,18.82311971641778,33536000
2017-08-30,AVGO,Broadcom,19.19211196899414,19.217076455623417,18.791138687625445,18.844186361800375,21924000
2017-08-31,AVGO,Broadcom,19.66407012939453,19.699954522544164,19.155442297711577,19.238913648679826,29491000
2017-09-01,AVGO,Broadcom,19.715559005737305,19.91916579705339,19.682013634094563,19.684354147272387,23242000
2017-09-05,AVGO,Broadcom,19.42848014831543,19.715558288864287,19.270118324430268,19.51195001702201,24306000
2017-09-06,AVGO,Broadcom,19.4542236328125,19.6047842486829,19.323166797556688,19.55017723399298,13996000
2017-09-07,AVGO,Broadcom,19.233457565307617,19.502592810436937,19.200693352227336,19.4862107038968,16088000
2017-09-08,AVGO,Broadcom,19.043107986450195,19.22175177809071,18.964317655631618,19.184306544291296,18094000
2017-09-11,AVGO,Broadcom,19.3262882232666,19.365292811134076,19.19133002807489,19.27480139355812,16878000
2017-09-12,AVGO,Broadcom,19.279478073120117,19.482305157742935,19.151539958868504,19.476063294265018,18396000
2017-09-13,AVGO,Broadcom,19.209274291992188,19.339551469456293,19.12424208246093,19.176510078828503,29664000
2017-09-14,AVGO,Broadcom,19.2646541595459,19.308339761610352,18.975235557939676,19.08289021327235,28645000
2017-09-15,AVGO,Broadcom,19.54549789428711,19.59542388690352,19.12112100532888,19.317707763106576,50066000
2017-09-18,AVGO,Broadcom,19.568212509155273,19.80398400572933,19.473433894412565,19.66455684826707,25743000
2017-09-19,AVGO,Broadcom,19.56351089477539,19.727218719892072,19.45150035622249,19.673955709075518,22088000
2017-09-20,AVGO,Broadcom,19.02695655822754,19.572911772174447,18.63139304746111,19.561945726046826,57010000
2017-09-21,AVGO,Broadcom,18.828784942626953,19.010509075054017,18.656461132814524,18.991709923836606,28620000
2017-09-22,AVGO,Broadcom,18.73948860168457,18.857766527800734,18.6517602288377,18.66899216092925,23100000
2017-09-25,AVGO,Broadcom,18.44732093811035,18.627477842872015,18.135569981565627,18.57891349588163,38692000
2017-09-26,AVGO,Broadcom,18.585172653198242,18.795096172712043,18.43164805804318,18.632954120717212,39010000
2017-09-27,AVGO,Broadcom,18.844444274902344,19.008152058591246,18.687785236590567,18.759848872297606,26489000
2017-09-28,AVGO,Broadcom,19.0293025970459,19.062200728441518,18.75985016798792,18.76063302997027,21932000
2017-09-29,AVGO,Broadcom,18.997974395751953,19.13426711142645,18.9172947733652,19.02930681011985,17319000
2017-10-02,AVGO,Broadcom,18.835838317871094,19.214951360127458,18.77944085483732,19.214951360127458,19431000
2017-10-03,AVGO,Broadcom,18.759851455688477,18.87342770539305,18.633740449337434,18.805281357965697,25611000
2017-10-04,AVGO,Broadcom,18.955678939819336,18.981526839122193,18.603979582366676,18.70345836249966,23271000
2017-10-05,AVGO,Broadcom,19.08648681640625,19.24862742672994,18.984657965351285,19.055154402539575,22811000
2017-10-06,AVGO,Broadcom,19.248628616333008,19.249412972536355,18.82251851829622,18.82251851829622,17489000
2017-10-09,AVGO,Broadcom,19.30189323425293,19.366906652799674,19.221213607716454,19.268995093881585,16551000
2017-10-10,AVGO,Broadcom,19.268205642700195,19.438179309827667,19.037134382910526,19.388832116145498,15348000
2017-10-11,AVGO,Broadcom,19.613643646240234,19.673956901886086,19.201631053002917,19.20711407624345,26603000
2017-10-12,AVGO,Broadcom,19.483617782592773,19.682573847514252,19.44758520463712,19.61521034691543,20067000
2017-10-13,AVGO,Broadcom,19.422517776489258,19.648106068991513,19.384136616620502,19.594058702724013,15257000
2017-10-16,AVGO,Broadcom,19.321481704711914,19.54080420783297,19.23923632629614,19.471090604787797,14899000
2017-10-17,AVGO,Broadcom,19.004234313964844,19.264287893122997,18.982302228398378,19.256454791990507,26965000
2017-10-18,AVGO,Broadcom,19.112335205078125,19.160116689250906,18.78335232107053,19.059855053913804,19905000
2017-10-19,AVGO,Broadcom,19.135053634643555,19.141319520622048,18.67056084771665,18.863251034668522,25844000
2017-10-20,AVGO,Broadcom,19.13113021850586,19.347319649771624,19.093531926632558,19.344185213772647,23548000
2017-10-23,AVGO,Broadcom,19.13348388671875,19.241578622623297,19.0112901622205,19.2047631858398,23418000
2017-10-24,AVGO,Broadcom,19.400583267211914,19.436614342229085,19.12094764329356,19.19614422942634,22887000
2017-10-25,AVGO,Broadcom,19.254892349243164,19.498495411725642,19.130348559833195,19.2595910155143,20955000
2017-10-26,AVGO,Broadcom,19.093538284301758,19.413905239881565,19.093538284301758,19.368473830906186,24446000
2017-10-27,AVGO,Broadcom,19.809467315673828,19.816516063460305,19.01755738419683,19.156984543676508,44753000
2017-10-30,AVGO,Broadcom,20.461946487426758,20.537925944936323,19.838446114986148,19.840796195343678,50202000
2017-10-31,AVGO,Broadcom,20.6718692779541,20.8904073207086,20.46742872878318,20.561424469437142,32845000
2017-11-01,AVGO,Broadcom,20.309993743896484,20.807383211778344,20.122002212115543,20.69772272991614,27333000
2017-11-02,AVGO,Broadcom,20.326440811157227,20.729053105151003,19.493799611396508,20.53557856836146,67196000
2017-11-03,AVGO,Broadcom,21.433231353759766,21.77552886536477,20.139231930150576,20.681269847217163,120503000
2017-11-06,AVGO,Broadcom,21.737932205200195,22.073180971659745,21.151245743387168,21.79902832167158,78088000
2017-11-07,AVGO,Broadcom,21.252286911010742,21.501374486865064,20.956202214923884,21.347848369555223,36789000
2017-11-08,AVGO,Broadcom,21.336883544921875,21.44811121457356,20.932705598593376,21.096413413738688,30254000
2017-11-09,AVGO,Broadcom,20.807382583618164,21.18023119871765,20.561429369148946,21.04237124424419,30980000
2017-11-10,AVGO,Broadcom,20.754114151000977,20.885706690948517,20.647586643327504,20.81912755890694,20338000
2017-11-13,AVGO,Broadcom,20.758031845092773,20.83401130491128,20.48701363781229,20.561425879340927,28064000
2017-11-14,AVGO,Broadcom,20.620952606201172,20.802676688962922,20.464293553541726,20.624085548212527,19718000
2017-11-15,AVGO,Broadcom,20.804241180419922,20.913903108389214,20.21128898707077,20.545754804653825,29032000
2017-11-16,AVGO,Broadcom,21.314170837402344,21.513126889194666,20.84419507667375,20.898242446028775,31000000
2017-11-17,AVGO,Broadcom,21.294588088989258,21.314170100423414,21.025918469837993,21.28753784774734,24069000
2017-11-20,AVGO,Broadcom,21.531147003173828,21.677621435962667,21.25777716516317,21.354121518517925,28639000
2017-11-21,AVGO,Broadcom,21.665082931518555,21.791975309289406,21.53348889937084,21.62670177456218,20903000
2017-11-22,AVGO,Broadcom,21.569522857666016,21.75281268957643,21.475527114371154,21.69876532393334,18642000
2017-11-24,AVGO,Broadcom,22.118610382080078,22.166390367526013,21.65881635559968,21.671349619034405,11572000
2017-11-27,AVGO,Broadcom,22.294065475463867,22.37709516487128,21.914168229894507,21.952549385465836,26230000
2017-11-28,AVGO,Broadcom,21.728532791137695,22.316002139652994,21.684668604348733,22.31286919688404,26796000
2017-11-29,AVGO,Broadcom,21.266395568847656,21.786501552112323,20.747072447972954,21.77553550260406,47231000
2017-11-30,AVGO,Broadcom,21.770832061767578,21.802945846850395,21.15594757368223,21.28832300115271,31452000
2017-12-01,AVGO,Broadcom,21.271087646484375,21.580488490312728,20.682835508571273,21.556989181435718,47729000
2017-12-04,AVGO,Broadcom,20.648366928100586,21.502938457048764,20.376564423339236,21.455158478679447,48439000
2017-12-05,AVGO,Broadcom,20.494840621948242,20.844971127074302,20.400844902913924,20.573953000713626,38117000
2017-12-06,AVGO,Broadcom,20.67030143737793,20.711815536828095,19.911291270243456,20.273955108406295,48751000
2017-12-07,AVGO,Broadcom,20.67030143737793,21.595369496324636,20.49641044291275,21.531923307050867,79282000
2017-12-08,AVGO,Broadcom,20.35855484008789,20.9092102706001,20.31077484599385,20.817564593550706,41848000
2017-12-11,AVGO,Broadcom,20.3616886138916,20.643672889917756,20.27082580202913,20.313907127341803,34941000
2017-12-12,AVGO,Broadcom,20.26377296447754,20.43452951883738,20.03035159030153,20.31547024561665,28541000
2017-12-13,AVGO,Broadcom,20.52461051940918,20.623306427735514,20.379701840517004,20.39771812786517,26943000
2017-12-14,AVGO,Broadcom,20.313905715942383,20.60059013328698,20.107116564018614,20.548892845306035,37595000
2017-12-15,AVGO,Broadcom,20.814434051513672,20.835583286197174,20.229314687346534,20.494851426343228,45091000
2017-12-18,AVGO,Broadcom,20.846757888793945,21.013916653629416,20.704831827414285,20.822316245179465,29786000
2017-12-19,AVGO,Broadcom,20.7923526763916,20.917720615754025,20.60075077369548,20.760812550621655,19094000
2017-12-20,AVGO,Broadcom,20.945322036743164,21.001305321005884,20.71981580324262,20.9847472025443,19845000
2017-12-21,AVGO,Broadcom,20.62125015258789,20.993415205724975,20.584980211964176,20.96976011197076,17758000
2017-12-22,AVGO,Broadcom,20.685911178588867,20.766336109252357,20.398114240532898,20.644120353126013,14617000
2017-12-26,AVGO,Broadcom,20.350799560546875,20.685906622997116,19.9794240611846,20.282201442580853,22256000
2017-12-27,AVGO,Broadcom,20.43122673034668,20.627558452358613,20.382340436860655,20.409149243471184,35615000
2017-12-28,AVGO,Broadcom,20.533733367919922,20.56369589256114,20.38628640506923,20.513233484700304,13641000
2017-12-29,AVGO,Broadcom,20.256183624267578,20.654367957390814,20.235682240666513,20.482477872393478,17980000
2018-01-02,AVGO,Broadcom,21.053340911865234,21.091976513488735,20.30901078184125,20.48247696315925,33135000
2018-01-03,AVGO,Broadcom,21.28357696533203,21.34665570913574,20.97606827727844,21.075416960388207,31161000
2018-01-04,AVGO,Broadcom,21.290679931640625,21.427876200397485,21.16531046069912,21.414471794379136,19067000
2018-01-05,AVGO,Broadcom,21.416833877563477,21.624993906277023,21.245731844309358,21.44443073713413,28633000
2018-01-08,AVGO,Broadcom,21.46808433532715,21.49016182299037,21.214981279212047,21.361638660986877,20971000
2018-01-09,AVGO,Broadcom,21.170827865600586,21.592667326187748,21.146384716182332,21.530376622578903,26027000
2018-01-10,AVGO,Broadcom,20.7237548828125,20.98474296082144,20.55817222775017,20.972126609532005,31607000
2018-01-11,AVGO,Broadcom,20.776586532592773,20.804183395889087,20.622832150251526,20.782105905252035,17726000
2018-01-12,AVGO,Broadcom,20.838869094848633,20.920082044841944,20.659094023714754,20.767905330133452,19881000
2018-01-16,AVGO,Broadcom,20.756868362426758,21.05255023936209,20.63149893379169,20.909045090135983,33528000
2018-01-17,AVGO,Broadcom,20.95872688293457,21.01549822053083,20.536887375458207,20.932707626483992,37365000
2018-01-18,AVGO,Broadcom,21.27332305908203,21.293824437275156,20.853849400997806,20.931120587292018,30319000
2018-01-19,AVGO,Broadcom,21.004459381103516,21.244947632763377,20.979228176923,21.222082088961713,29963000
2018-01-22,AVGO,Broadcom,20.6669864654541,21.034420265428444,20.549502035243492,20.946110305726364,27230000
2018-01-23,AVGO,Broadcom,20.72927474975586,20.848335270246103,20.351590301023474,20.637809584533287,35398000
2018-01-24,AVGO,Broadcom,20.253028869628906,20.758446902884053,20.18521880231681,20.577095691349168,45405000
2018-01-25,AVGO,Broadcom,19.498445510864258,20.330297421101502,19.47557997539075,20.322412390682693,59520000
2018-01-26,AVGO,Broadcom,19.77442169189453,19.787036541343863,19.336812143400696,19.666398395966237,49014000
2018-01-29,AVGO,Broadcom,19.354944229125977,19.671914068710656,19.19882421718154,19.576507144091952,50401000
2018-01-30,AVGO,Broadcom,19.000913619995117,19.320250627191793,18.687885540329628,19.022203054591422,46002000
2018-01-31,AVGO,Broadcom,19.556795120239258,19.959710745069042,19.30684579404106,19.712127078652852,80482000
2018-02-01,AVGO,Broadcom,18.828235626220703,19.388848885752527,18.773829961380486,19.05926268879699,66851000
2018-02-02,AVGO,Broadcom,18.567245483398438,18.762789130358474,18.457646113934114,18.668959822206556,58352000
2018-02-05,AVGO,Broadcom,17.9853458404541,19.239037348573852,17.94592218454234,18.50416981480946,70776000
2018-02-06,AVGO,Broadcom,18.9536075592041,18.955185167284316,17.73303218962774,17.78980352177264,77744000
2018-02-07,AVGO,Broadcom,18.717058181762695,19.168070508518642,18.687095666637386,18.825867996139603,40475000
2018-02-08,AVGO,Broadcom,18.101253509521484,18.80694655019979,18.096522189727917,18.717848549611716,43200000
2018-02-09,AVGO,Broadcom,18.56882667541504,18.696561800782224,17.839478434892026,18.35514724900166,43282000
2018-02-12,AVGO,Broadcom,19.27057456970215,19.355730796602977,18.72651947747077,18.754904385132434,35063000
2018-02-13,AVGO,Broadcom,19.385700225830078,19.399104632538677,18.928378805118985,19.00328436833398,23719000
2018-02-14,AVGO,Broadcom,19.52762222290039,19.6056814763834,19.19803453065005,19.317884600559267,25491000
2018-02-15,AVGO,Broadcom,19.856416702270508,19.857204754083313,19.272938026755696,19.65535220024517,25540000
2018-02-16,AVGO,Broadcom,19.624605178833008,19.898997650786303,19.557584668670735,19.812265314336067,32639000
2018-02-20,AVGO,Broadcom,19.682165145874023,20.16471764608975,19.5165839953749,19.613567025822103,41693000
2018-02-21,AVGO,Broadcom,19.603322982788086,19.985738870419713,19.589918575023177,19.908467640647363,28156000
2018-02-22,AVGO,Broadcom,19.66087532043457,19.95655722952116,19.57571908702489,19.642741101787486,19342000
2018-02-23,AVGO,Broadcom,20.004657745361328,20.108737765136638,19.734995055625586,19.880865896854477,18280000
2018-02-26,AVGO,Broadcom,19.944730758666992,20.062215171465365,19.790976404068818,19.86666999948805,28878000
2018-02-27,AVGO,Broadcom,19.854841232299805,20.159196199449465,19.844590541967047,19.876918716760617,21176000
2018-02-28,AVGO,Broadcom,19.433006286621094,20.066159509084248,19.3951587320989,20.033832830849544,28834000
2018-03-01,AVGO,Broadcom,19.18462562561035,19.64273636354745,19.026929547820014,19.385690117481197,26044000
2018-03-02,AVGO,Broadcom,19.780723571777344,19.805166715628935,18.941776161917,18.957544719308498,27402000
2018-03-05,AVGO,Broadcom,19.474010467529297,19.81779071798156,19.193308982747972,19.704248037424033,25900000
2018-03-06,AVGO,Broadcom,19.787826538085938,19.814633845720937,19.500817651893993,19.657725748807465,30030000
2018-03-07,AVGO,Broadcom,19.479530334472656,19.664824871291103,19.265062826538667,19.60884158178826,31549000
2018-03-08,AVGO,Broadcom,19.471637725830078,19.5780833861733,19.390423261796187,19.574929674624116,33554000
2018-03-09,AVGO,Broadcom,20.010173797607422,20.049597448529592,19.525255672468493,19.60016121078697,30782000
2018-03-12,AVGO,Broadcom,20.72454261779785,20.839661369857623,20.47065001934094,20.551864489708194,53881000
2018-03-13,AVGO,Broadcom,20.596805572509766,21.592662541862744,20.518746325214035,21.007606197429187,66855000
2018-03-14,AVGO,Broadcom,20.547128677368164,20.685112937708883,20.118192384784425,20.65830564135386,39619000
2018-03-15,AVGO,Broadcom,21.112476348876953,21.202363903127225,20.776582730252215,20.79471694914746,57990000
2018-03-16,AVGO,Broadcom,20.09612464904785,20.78447318881277,20.05985469787087,20.737162987538746,113955000
2018-03-19,AVGO,Broadcom,19.313940048217773,20.223851176402817,19.142049999499516,19.956554217490435,71267000
2018-03-20,AVGO,Broadcom,19.109725952148438,19.558374190506647,19.024569713208518,19.32577101342944,61918000
2018-03-21,AVGO,Broadcom,19.680953979492188,20.04817148067609,19.20573106161546,19.247333114135227,54912000
2018-03-22,AVGO,Broadcom,19.486541748046875,19.73855435095883,19.32093316094278,19.36333480669191,43078000
2018-03-23,AVGO,Broadcom,19.39934539794922,19.618556222447445,19.23373826175264,19.471349031409755,59070000
2018-03-26,AVGO,Broadcom,19.819355010986328,19.907358211343592,19.24172709660238,19.814554364763374,48713000
2018-03-27,AVGO,Broadcom,19.550546646118164,20.340984080486674,19.32893557630591,19.847361246610163,63917000
2018-03-28,AVGO,Broadcom,18.935314178466797,19.755355015315743,18.84891016298306,19.527344122187316,41744000
2018-03-29,AVGO,Broadcom,18.852916717529297,19.268136177828833,18.781712695344858,19.04812579005012,46874000
2018-04-02,AVGO,Broadcom,18.215282440185547,18.890515052404563,18.036074536938305,18.7169073961338,53088000
2018-04-03,AVGO,Broadcom,18.943315505981445,18.959316645847082,18.17767942743831,18.469693363199063,45569000
2018-04-04,AVGO,Broadcom,18.960119247436523,19.03452318623636,18.360891266320305,18.40489211898942,37720000
2018-04-05,AVGO,Broadcom,18.90571403503418,19.335333795463544,18.800908555262744,19.26173099543886,35798000
2018-04-06,AVGO,Broadcom,18.310483932495117,18.924113737278375,18.221679593292606,18.699302766197718,30248000
2018-04-09,AVGO,Broadcom,18.780109405517578,19.173727388403755,18.341687924282805,18.39928958824734,37494000
2018-04-10,AVGO,Broadcom,19.18092918395996,19.325736001236844,19.013721379522135,19.16572764212772,33244000
2018-04-11,AVGO,Broadcom,19.226531982421875,19.258534266663602,18.96731988906608,19.050523996951085,19922000
2018-04-12,AVGO,Broadcom,19.15532684326172,19.41213857716477,18.968916462660893,19.315333664468834,41036000
2018-04-13,AVGO,Broadcom,19.756153106689453,20.160973047671916,19.59294485614183,20.000964719534636,48312000
2018-04-16,AVGO,Broadcom,19.9505672454834,19.992169298601386,19.65535335118298,19.928166257339317,25172000
2018-04-17,AVGO,Broadcom,20.140178680419922,20.228983045310535,19.972171247358265,20.07217610778632,25084000
2018-04-18,AVGO,Broadcom,19.968164443969727,20.134572630257892,19.797756735836376,20.08097049219766,20511000
2018-04-19,AVGO,Broadcom,19.42974281311035,19.7033568669693,19.25373481668939,19.48414608932477,50141000
2018-04-20,AVGO,Broadcom,18.97052001953125,19.328937366808223,18.80171147800377,19.29853580682764,41530000
2018-04-23,AVGO,Broadcom,18.67690658569336,19.066526644744656,18.570501881497414,19.040124605564987,31337000
2018-04-24,AVGO,Broadcom,18.27208137512207,18.890510234604722,18.136074757829004,18.86010868363557,44889000
2018-04-25,AVGO,Broadcom,18.320886611938477,18.488895538735104,18.06967510992831,18.320886611938477,34023000
2018-04-26,AVGO,Broadcom,18.434497833251953,18.551303449835316,18.264889656761685,18.480900545277187,32751000
2018-04-27,AVGO,Broadcom,18.623300552368164,18.736906205194924,18.456892358140383,18.686503987396595,27211000
2018-04-30,AVGO,Broadcom,18.35448455810547,18.730503665418574,18.266481352397015,18.607296735902764,39682000
2018-05-01,AVGO,Broadcom,18.431289672851562,18.468890669795048,18.109673808243933,18.468890669795048,44947000
2018-05-02,AVGO,Broadcom,18.30008888244629,18.67610658824865,18.14488115202172,18.664906093308858,52950000
2018-05-03,AVGO,Broadcom,18.020872116088867,18.231282693050048,17.81526218657431,18.12007735823757,58011000
2018-05-04,AVGO,Broadcom,18.442489624023438,18.56809535312071,17.759256594520554,17.89286289263678,51303000
2018-05-07,AVGO,Broadcom,18.87851333618164,18.952917265023878,18.480894309082032,18.504894493516304,36953000
2018-05-08,AVGO,Broadcom,19.10892677307129,19.117726943443024,18.786511236830133,18.860114048987263,40149000
2018-05-09,AVGO,Broadcom,19.044921875,19.13132589761289,18.724906693849906,18.864912858742837,35031000
2018-05-10,AVGO,Broadcom,19.481748580932617,19.49934892533257,19.08972967364184,19.179333646518998,25747000
2018-05-11,AVGO,Broadcom,19.47134780883789,19.56095330824364,19.328941275893243,19.447347616493524,24052000
2018-05-14,AVGO,Broadcom,19.581748962402344,19.874562532058512,19.504944702710883,19.703355198262866,27580000
2018-05-15,AVGO,Broadcom,19.327333450317383,19.556143930671194,19.080921107353824,19.385736232082692,24984000
2018-05-16,AVGO,Broadcom,19.24173355102539,19.37774020732931,19.1201273122684,19.37213996017479,29330000
2018-05-17,AVGO,Broadcom,19.156923294067383,19.333732354984093,19.040917335312507,19.050518628260413,22825000
2018-05-18,AVGO,Broadcom,18.880115509033203,19.250532931302445,18.87131381304915,19.189729814419543,25262000
2018-05-21,AVGO,Broadcom,19.124923706054688,19.240928145900835,18.93451381920181,19.157724056411734,25720000
2018-05-22,AVGO,Broadcom,19.080127716064453,19.31053746965103,19.007322970489334,19.22013390764537,19218000
2018-05-23,AVGO,Broadcom,19.2457275390625,19.251327784606552,18.883310776881792,18.899310388470177,23454000
2018-05-24,AVGO,Broadcom,19.483341217041016,19.549744569645,19.200927068685694,19.269730744702816,22799000
2018-05-25,AVGO,Broadcom,20.003358840942383,20.055361760356767,19.524135130177147,19.524135130177147,32214000
2018-05-29,AVGO,Broadcom,19.976167678833008,20.089773341396718,19.878563157690174,19.89216397530264,28281000
2018-05-30,AVGO,Broadcom,19.95296859741211,20.163377671756212,19.94736835008754,20.09537510451586,26844000
2018-05-31,AVGO,Broadcom,20.166576385498047,20.424187727483883,19.92096360992635,19.941765397711865,34698000
2018-06-01,AVGO,Broadcom,20.508190155029297,20.61699514858781,20.20417463160583,20.35058214751641,26360000
2018-06-04,AVGO,Broadcom,20.67060089111328,20.749805471234378,20.499392038778687,20.640998932732213,25886000
2018-06-05,AVGO,Broadcom,20.741809844970703,20.909017688919523,20.64420530271238,20.75780946390006,42374000
2018-06-06,AVGO,Broadcom,21.08262062072754,21.10342240956914,20.77780696708343,20.860209945313724,37465000
2018-06-07,AVGO,Broadcom,21.175430297851562,21.319437546473015,21.0346229729401,21.04102282036008,46077000
2018-06-08,AVGO,Broadcom,20.638599395751953,20.795406299937316,20.30018275144673,20.540193755063886,73694000
2018-06-11,AVGO,Broadcom,20.867408752441406,20.94501260100439,20.506591141773814,20.629796559678784,31859000
2018-06-12,AVGO,Broadcom,20.915416717529297,20.939418433913275,20.673005333268257,20.827413476027598,27594000
2018-06-13,AVGO,Broadcom,21.087417602539062,21.28662765664836,20.857805995682735,20.941811209770815,34868000
2018-06-14,AVGO,Broadcom,21.47783851623535,21.526640008010414,21.12902099943282,21.20102460128699,37042000
2018-06-15,AVGO,Broadcom,21.619447708129883,21.745853061509447,21.307431558081237,21.604246166181632,60969000
2018-06-18,AVGO,Broadcom,21.16102409362793,21.521040590814756,21.139422707049015,21.521040590814756,30191000
2018-06-19,AVGO,Broadcom,21.156972885131836,21.17156795892345,20.60565240062048,20.755643923429364,36221000
2018-06-20,AVGO,Broadcom,21.178863525390625,21.405878929585118,21.139946422224035,21.201564911168482,24951000
2018-06-21,AVGO,Broadcom,21.05156707763672,21.28831091341136,20.953464027198372,21.2080457653171,18186000
2018-06-22,AVGO,Broadcom,21.056440353393555,21.201566862053696,20.995632180798438,21.17562263969399,52412000
2018-06-25,AVGO,Broadcom,20.46538543701172,20.789691996707298,20.30404170576084,20.789691996707298,29705000
2018-06-26,AVGO,Broadcom,20.394039154052734,20.642945606472054,20.313773986918825,20.512411100018983,24233000
2018-06-27,AVGO,Broadcom,20.034873962402344,20.687541979280795,20.01379321783512,20.438635479625052,24720000
2018-06-28,AVGO,Broadcom,19.855690002441406,20.051896149379044,19.642457817279784,19.967576280150954,33238000
2018-06-29,AVGO,Broadcom,19.672456741333008,20.021897232348373,19.666781395257342,20.021897232348373,42794000
2018-07-02,AVGO,Broadcom,19.624622344970703,19.638405549834975,19.249237618753053,19.46571264769115,33369000
2018-07-03,AVGO,Broadcom,19.400848388671875,19.733262806114116,19.377335138561577,19.73083029428094,11591000
2018-07-05,AVGO,Broadcom,19.896228790283203,19.913254828076767,19.513546554447977,19.603541767475594,25299000
2018-07-06,AVGO,Broadcom,20.081079483032227,20.155670836497713,19.816769232143574,19.855686325567692,23112000
2018-07-09,AVGO,Broadcom,20.060813903808594,20.20675225486976,19.906767694753388,20.188104026841884,17955000
2018-07-10,AVGO,Broadcom,20.314586639404297,20.41512223674492,20.03000743401747,20.13459618770815,16413000
2018-07-11,AVGO,Broadcom,19.737314224243164,20.06972861242566,19.67002040630594,19.859740848437806,35761000
2018-07-12,AVGO,Broadcom,17.024484634399414,17.04880820085759,16.009405251623846,16.789363010964987,435083000
2018-07-13,AVGO,Broadcom,16.414793014526367,17.35041782173944,16.36939024913406,17.228803050664947,161678000
2018-07-16,AVGO,Broadcom,16.478845596313477,16.732615532450495,16.258315869176137,16.3450682527385,102277000
2018-07-17,AVGO,Broadcom,16.88909339904785,16.95233407837512,16.37831067200355,16.394526389412174,110827000
2018-07-18,AVGO,Broadcom,16.92719841003418,17.01638330003855,16.75288333216151,16.800718611023093,80834000
2018-07-19,AVGO,Broadcom,17.05611228942871,17.146107509569447,16.867203668609886,16.887472541906757,63247000
2018-07-20,AVGO,Broadcom,17.052865982055664,17.12421295823889,16.925574328988795,17.034217756427783,62893000
2018-07-23,AVGO,Broadcom,17.57094955444336,17.726616417518485,17.0585446481725,17.05935497010063,82211000
2018-07-24,AVGO,Broadcom,17.6212158203125,17.86850009323296,17.512573918032725,17.658512278865516,81158000
2018-07-25,AVGO,Broadcom,18.320903778076172,18.538189070647743,17.651209997808504,17.651209997808504,92271000
2018-07-26,AVGO,Broadcom,18.094701766967773,18.628996090216795,17.964167279421215,18.363875506241286,85069000
2018-07-27,AVGO,Broadcom,17.92201042175293,18.590083726960227,17.84255557440643,18.161997154038954,79443000
2018-07-30,AVGO,Broadcom,18.25766944885254,18.48711737874132,17.922012120600893,17.926877145385763,75275000
2018-07-31,AVGO,Broadcom,17.980384826660156,18.553597849856995,17.961736598990598,18.378470904099093,63860000
2018-08-01,AVGO,Broadcom,17.577436447143555,18.156323359411868,17.52879083899691,18.1011920825566,42669000
2018-08-02,AVGO,Broadcom,17.540943145751953,17.695799620803548,17.289605824292178,17.372303471725587,40312000
2018-08-03,AVGO,Broadcom,17.659320831298828,17.67472467848436,17.38284953248109,17.492303292138217,24832000
2018-08-06,AVGO,Broadcom,17.5895938873291,17.699857965043446,17.501220870076786,17.563649671352024,22638000
2018-08-07,AVGO,Broadcom,17.86201286315918,17.98606014973748,17.605000110316514,17.77363984174088,29798000
2018-08-08,AVGO,Broadcom,17.7930965423584,17.936602376001222,17.751748478479026,17.88066078684585,15801000
2018-08-09,AVGO,Broadcom,17.55959701538086,17.857147505385772,17.507707035534825,17.849039647709336,27563000
2018-08-10,AVGO,Broadcom,17.206907272338867,17.389330152145206,17.063401479746588,17.253932214923793,37017000
2018-08-13,AVGO,Broadcom,17.113679885864258,17.34880319842739,17.06260175707285,17.15989453554428,29842000
2018-08-14,AVGO,Broadcom,16.807205200195312,17.154214731243602,16.769910289143905,17.154214731243602,36327000
2018-08-15,AVGO,Broadcom,16.748825073242188,16.829900534271538,16.43992243262159,16.63126348976822,41132000
2018-08-16,AVGO,Broadcom,16.919902801513672,16.933686006798084,16.757750265161416,16.845312975003143,29239000
2018-08-17,AVGO,Broadcom,16.9669246673584,17.122591506843378,16.662076655662414,16.861525615285863,39093000
2018-08-20,AVGO,Broadcom,16.760181427001953,17.026112369328814,16.690455084244803,16.983952434919356,54489000
2018-08-21,AVGO,Broadcom,17.06745719909668,17.142857320356022,16.791796285698915,16.825038030778508,29952000
2018-08-22,AVGO,Broadcom,16.82666015625,17.164749888452018,16.817741977948916,17.062593679232407,26890000
2018-08-23,AVGO,Broadcom,16.668567657470703,16.951526246069918,16.64343375572074,16.8420724571103,35578000
2018-08-24,AVGO,Broadcom,16.945035934448242,16.966926997523903,16.59478511090117,16.73018309893822,20541000
2018-08-27,AVGO,Broadcom,17.266910552978516,17.3804174712335,16.91503755997228,17.046380837834253,28213000
2018-08-28,AVGO,Broadcom,17.38528823852539,17.509335567716295,17.23448481466932,17.401502413335486,24340000
2018-08-29,AVGO,Broadcom,17.43068504333496,17.496356681439924,17.305825888409185,17.416091517802275,18125000
2018-08-30,AVGO,Broadcom,17.565279006958008,17.588790720624342,17.39988204989521,17.42906911144075,26529000
2018-08-31,AVGO,Broadcom,17.758235931396484,17.7817476385707,17.500411288742328,17.51500636190138,27623000
2018-09-04,AVGO,Broadcom,17.790666580200195,17.86039137671967,17.604188935640803,17.722560881044895,36663000
2018-09-05,AVGO,Broadcom,17.952009201049805,17.982818444162888,17.802828009769573,17.832826930973745,37194000
2018-09-06,AVGO,Broadcom,17.510141372680664,18.06551653687324,17.343934139028175,17.95849527865392,62509000
2018-09-07,AVGO,Broadcom,18.856822967529297,19.086270850935183,18.16118487444412,18.177400589497932,104703000
2018-09-10,AVGO,Broadcom,19.507871627807617,19.535436489768855,18.81385412629588,19.025464120456558,60880000
2018-09-11,AVGO,Broadcom,18.854389190673828,19.434087820421656,18.680075677995152,19.271935320009593,60755000
2018-09-12,AVGO,Broadcom,18.638729095458984,18.716561751575583,18.06632790804783,18.493601060823657,53077000
2018-09-13,AVGO,Broadcom,19.087085723876953,19.39517819769794,18.738455499171344,18.94682269340709,43757000
2018-09-14,AVGO,Broadcom,19.16166877746582,19.222475377372763,18.946814461164834,19.06599824238678,28095000
2018-09-17,AVGO,Broadcom,19.039247512817383,19.482737924068235,18.997087577946324,19.45841434942176,36739000
2018-09-18,AVGO,Broadcom,19.582456588745117,19.71887116860363,19.185465170609653,19.19608468013859,50511000
2018-09-19,AVGO,Broadcom,19.750722885131836,19.807902442833043,19.585717015446235,19.642898131173535,31160000
2018-09-20,AVGO,Broadcom,20.007221221923828,20.097892139084255,19.745011573933738,19.84875121838026,39986000
2018-09-21,AVGO,Broadcom,20.26616096496582,20.320891316708845,20.02763958575142,20.121577672111084,135321000
2018-09-24,AVGO,Broadcom,20.376436233520508,20.42953221482231,20.201630346783276,20.26207709658714,45326000
2018-09-25,AVGO,Broadcom,20.229400634765625,20.368265958248266,20.078282992690074,20.338043364648918,47037000
2018-09-26,AVGO,Broadcom,20.048065185546875,20.26208197392602,19.9966035615394,20.065219060216034,33428000
2018-09-27,AVGO,Broadcom,20.13138198852539,20.24819190963458,20.00558537053922,20.069300864433828,29572000
2018-09-28,AVGO,Broadcom,20.154253005981445,20.173857652695947,19.91899880343389,20.05704773629078,26739000
2018-10-01,AVGO,Broadcom,20.38134002685547,20.5961731931813,20.23103876262445,20.24819263505169,27709000
2018-10-02,AVGO,Broadcom,20.26616096496582,20.561045507601303,20.25145786973128,20.351113913016956,24888000
2018-10-03,AVGO,Broadcom,20.37398910522461,20.530008337695946,20.179578537635823,20.324161854366643,19607000
2018-10-04,AVGO,Broadcom,20.271879196166992,20.399308619967794,20.11095999422245,20.148534917669416,25660000
2018-10-05,AVGO,Broadcom,19.950037002563477,20.425445344539,19.8005521733212,20.28984876135296,33860000
2018-10-08,AVGO,Broadcom,19.71642303466797,20.047249780119795,19.63555520948474,19.874893060774564,33397000
2018-10-09,AVGO,Broadcom,19.988435745239258,20.072572310400812,19.634738725189706,19.652709006708417,24675000
2018-10-10,AVGO,Broadcom,18.93714141845703,20.018656466469995,18.921620357791642,19.843849001650135,56327000
2018-10-11,AVGO,Broadcom,18.697803497314453,19.245096206085567,18.55812173065588,18.948578798933628,37424000
2018-10-12,AVGO,Broadcom,19.028629302978516,19.25081324625379,18.714956478919348,19.176479796513505,32589000
2018-10-15,AVGO,Broadcom,18.989418029785156,19.22303942212852,18.79092234379391,18.871791706766043,30099000
2018-10-16,AVGO,Broadcom,19.4672794342041,19.503219989626395,19.129100433088233,19.27776888024232,30355000
2018-10-17,AVGO,Broadcom,19.373340606689453,19.583273780995338,19.107863785114287,19.583273780995338,20262000
2018-10-18,AVGO,Broadcom,18.62592124938965,19.34475271307977,18.50420975974459,19.23120995754817,37442000
2018-10-19,AVGO,Broadcom,18.64716148376465,18.876697804987604,18.536887451906384,18.787661238560126,32231000
2018-10-22,AVGO,Broadcom,18.6749267578125,18.986148739057384,18.62755029473444,18.833396726656076,25619000
2018-10-23,AVGO,Broadcom,18.71005630493164,18.750082008252267,17.874413412798205,18.200338555007047,35990000
2018-10-24,AVGO,Broadcom,17.865427017211914,18.494405426934613,17.79436075496233,18.493587463027808,37810000
2018-10-25,AVGO,Broadcom,18.153778076171875,18.24771617175563,17.901369982777172,17.961000333436075,35193000
2018-10-26,AVGO,Broadcom,17.4112548828125,17.75351588663326,17.088596966948884,17.60893259627126,53324000
2018-10-29,AVGO,Broadcom,17.276472091674805,17.86379035575972,17.009360948588494,17.65957673397154,28636000
2018-10-30,AVGO,Broadcom,18.053298950195312,18.098226191461826,17.235628144828336,17.462713568225375,29697000
2018-10-31,AVGO,Broadcom,18.25588607788086,18.433959177352158,18.110484797541915,18.379230374745475,28146000
2018-11-01,AVGO,Broadcom,18.777851104736328,19.133182359871885,18.27466783320808,18.392295698510623,36830000
2018-11-02,AVGO,Broadcom,18.0336971282959,18.458461856496108,17.787007023613437,18.40618383980671,40241000
2018-11-05,AVGO,Broadcom,17.978151321411133,18.060653488782958,17.456997751694484,17.890747603257452,27609000
2018-11-06,AVGO,Broadcom,18.64470863342285,18.719042084990956,17.947931070157615,17.99530910261904,29464000
2018-11-07,AVGO,Broadcom,19.147075653076172,19.219774740685573,18.723127217915245,18.95021273724071,29004000
2018-11-08,AVGO,Broadcom,19.624929428100586,19.818523549466875,19.00902136008237,19.00902136008237,29796000
2018-11-09,AVGO,Broadcom,19.522010803222656,19.524461579238242,18.995139142646387,19.196085637630578,33611000
2018-11-12,AVGO,Broadcom,18.267322540283203,18.94041033337997,17.993675403006925,18.86934406105362,50306000
2018-11-13,AVGO,Broadcom,18.365341186523438,18.772952066802485,18.16031113759292,18.419253575829668,26697000
2018-11-14,AVGO,Broadcom,18.477256774902344,18.830953816278505,18.42987873401004,18.52300044554584,25411000
2018-11-15,AVGO,Broadcom,19.305538177490234,19.548143107384362,18.449474463156502,18.47888064919634,36694000
2018-11-16,AVGO,Broadcom,19.409282684326172,19.53916289511873,18.922438332374405,19.09969501505799,36005000
2018-11-19,AVGO,Broadcom,18.716583251953125,19.692723921877317,18.668388834272772,19.321055266006056,35326000
2018-11-20,AVGO,Broadcom,18.600595474243164,18.712505398715134,18.18154867792444,18.29264063850562,32123000
2018-11-21,AVGO,Broadcom,18.787654876708984,19.058033224988954,18.584257642593002,18.805625153528958,19926000
2018-11-23,AVGO,Broadcom,18.77949333190918,19.00739529291235,18.589982714811224,18.589982714811224,8066000
2018-11-26,AVGO,Broadcom,19.221403121948242,19.45339012124506,18.914266282330647,19.132366593258702,28714000
2018-11-27,AVGO,Broadcom,19.263885498046875,19.471366365348967,18.985338355558735,19.08009286979787,30406000
2018-11-28,AVGO,Broadcom,19.21405029296875,19.44113573559745,18.91998374363791,19.31860787687408,31080000
2018-11-29,AVGO,Broadcom,19.259798049926758,19.492603056568598,19.013107910345596,19.136453759149468,17920000
2018-11-30,AVGO,Broadcom,19.392948150634766,19.46401442724563,19.064573747343253,19.22876172800241,40083000
2018-12-03,AVGO,Broadcom,19.773603439331055,20.179580036296404,19.724591032780303,20.02927875053302,35241000
2018-12-04,AVGO,Broadcom,18.954294204711914,19.696815347642573,18.91671928013701,19.644535769166357,36455000
2018-12-06,AVGO,Broadcom,18.562204360961914,18.563020766835777,17.775572373070936,18.480518590807748,57859000
2018-12-07,AVGO,Broadcom,18.670032501220703,19.464013842889667,18.338389367651114,19.118485574859694,78396000
2018-12-10,AVGO,Broadcom,19.54324722290039,19.630650958669616,18.502574243330287,18.620202137643997,43344000
2018-12-11,AVGO,Broadcom,20.163236618041992,20.44913600645621,19.88387159202912,19.887140331256116,57730000
2018-12-12,AVGO,Broadcom,20.828155517578125,21.253736640095884,20.584734158788553,20.620674710031587,68703000
2018-12-13,AVGO,Broadcom,21.09935760498047,21.360750869189665,20.79548785743594,21.11242789140163,54355000
2018-12-14,AVGO,Broadcom,20.815902709960938,21.36809682874061,20.7995652463105,20.859195586410934,42727000
2018-12-17,AVGO,Broadcom,20.75872802734375,21.346046428876445,20.672958660046763,20.74729211170415,56238000
2018-12-18,AVGO,Broadcom,20.609315872192383,21.097990333299354,20.53832732560131,21.055891265979916,51849000
2018-12-19,AVGO,Broadcom,20.132198333740234,21.126055251919144,20.019110725858585,20.554009269950587,59728000
2018-12-20,AVGO,Broadcom,19.96710777282715,20.512739372176533,19.683148842496728,20.174299940245252,75365000
2018-12-21,AVGO,Broadcom,20.216394424438477,20.780185582182447,19.967104798224348,19.967104798224348,102138000
2018-12-24,AVGO,Broadcom,19.299306869506836,20.116515889176924,19.275369018266165,19.976187242555667,28494000
2018-12-26,AVGO,Broadcom,20.483020782470703,20.51273842024764,19.274544973244094,19.62784242113579,36741000
2018-12-27,AVGO,Broadcom,20.706724166870117,20.738091827176106,19.98774773012004,20.223829404177266,37507000
2018-12-28,AVGO,Broadcom,20.93290138244629,21.301883508491805,20.732313984491668,20.884199085928728,28702000
2018-12-31,AVGO,Broadcom,20.98985481262207,21.338200631505153,20.71497571735807,21.282895123799364,26590000
2019-01-02,AVGO,Broadcom,20.926294326782227,21.024523910815898,20.34682007764626,20.54162922801738,30346000
2019-01-03,AVGO,Broadcom,19.064876556396484,20.350945625135928,19.01287266170418,20.187504138483988,68580000
2019-01-04,AVGO,Broadcom,19.252254486083984,19.51805372507414,19.12348227197694,19.339754220754894,54248000
2019-01-07,AVGO,Broadcom,19.644350051879883,19.830904373749824,19.04836623242525,19.28692444707312,53433000
2019-01-08,AVGO,Broadcom,19.486690521240234,19.967935235651584,19.263815302753542,19.8201767655931,36795000
2019-01-09,AVGO,Broadcom,20.32948112487793,20.362498790673698,19.633616223820056,19.680666909273338,52971000
2019-01-10,AVGO,Broadcom,20.59693145751953,20.683604606109153,20.170993941911053,20.27087352774626,29594000
2019-01-11,AVGO,Broadcom,20.683612823486328,20.877597011206838,20.580430012902184,20.589511410171614,20158000
2019-01-14,AVGO,Broadcom,20.7083740234375,20.766982719769032,20.298119446894738,20.480547181657457,25498000
2019-01-15,AVGO,Broadcom,21.172283172607422,21.645273043921083,20.802476091237114,20.86438482053647,39247000
2019-01-16,AVGO,Broadcom,20.77688980102539,21.24327652323648,20.748823750414417,21.230893515940657,24484000
2019-01-17,AVGO,Broadcom,21.076528549194336,21.243271647691973,20.530897003296577,20.641509587899446,35154000
2019-01-18,AVGO,Broadcom,21.529708862304688,21.62216023920491,21.214382280853354,21.39020521362887,34634000
2019-01-22,AVGO,Broadcom,21.320863723754883,21.41744170610948,21.04103145633486,21.296924299524733,37156000
2019-01-23,AVGO,Broadcom,21.25730323791504,21.537133928613002,20.937848510078247,21.4240463251811,31771000
2019-01-24,AVGO,Broadcom,21.755056381225586,22.01920403911946,21.462017671652333,21.551992436247506,35999000
2019-01-25,AVGO,Broadcom,22.1174373626709,22.147978434907834,21.537136522392057,21.88878395310157,30333000
2019-01-28,AVGO,Broadcom,22.091020584106445,22.192553350344895,21.350581455846683,21.590791279061357,31320000
2019-01-29,AVGO,Broadcom,21.98370933532715,22.08936871129244,21.77816879361863,22.068732471134233,27870000
2019-01-30,AVGO,Broadcom,22.355167388916016,22.59702720334609,22.070381928846018,22.287478885492035,28727000
2019-01-31,AVGO,Broadcom,22.14302635192871,22.370028164666735,21.98618807745116,22.333707307828686,21063000
2019-02-01,AVGO,Broadcom,22.02415657043457,22.254459968082763,21.865668295410234,22.217315680863287,22878000
2019-02-04,AVGO,Broadcom,22.462480545043945,22.464132137247013,21.87062484301918,22.08111704168908,20761000
2019-02-05,AVGO,Broadcom,22.28748321533203,22.669671737749013,22.28005341188691,22.449273128877394,22619000
2019-02-06,AVGO,Broadcom,22.800092697143555,23.11294264578345,22.514482208816275,22.557406282945106,27064000
2019-02-07,AVGO,Broadcom,22.21236801147461,22.664721683010935,21.982062982024473,22.523566428867614,28646000
2019-02-08,AVGO,Broadcom,22.622623443603516,22.641609671462597,22.044799113498343,22.067086951757997,23903000
2019-02-11,AVGO,Broadcom,22.759645462036133,22.782758304159366,22.558231527819604,22.65068447075682,18012000
2019-02-12,AVGO,Broadcom,23.062591552734375,23.145138101321304,22.870258991960174,23.0015078310245,19809000
2019-02-13,AVGO,Broadcom,23.221908569335938,23.29124710971072,22.94537941680948,23.112947556048535,19190000
2019-02-14,AVGO,Broadcom,23.23676300048828,23.347375589016483,23.026270810635587,23.162471268906305,16015000
2019-02-15,AVGO,Broadcom,23.272258758544922,23.45055828387405,23.013062707855646,23.45055828387405,17352000
2019-02-19,AVGO,Broadcom,23.249975204467773,23.34655478781933,23.12532957089247,23.207876129132156,15152000
2019-02-20,AVGO,Broadcom,23.39525032043457,23.660224571912135,23.30114893382452,23.381218872879543,16150000
2019-02-21,AVGO,Broadcom,23.190540313720703,23.38947610770122,23.02462219668941,23.3803962859013,13254000
2019-02-22,AVGO,Broadcom,22.824031829833984,23.112943944023144,22.67214675703485,23.108817325360086,27225000
2019-02-25,AVGO,Broadcom,22.997379302978516,23.18145703616845,22.987472899259338,23.17732884313735,19245000
2019-02-26,AVGO,Broadcom,22.700212478637695,22.948677113721416,22.654811801769327,22.942072319732556,27211000
2019-02-27,AVGO,Broadcom,22.41047477722168,22.70846670003235,22.252811499972818,22.553280023659397,29146000
2019-02-28,AVGO,Broadcom,22.72992706298828,22.758818114672323,22.174392287432152,22.285003292609836,31460000
2019-03-01,AVGO,Broadcom,22.514490127563477,22.961065657331375,22.380766230915235,22.925571373227978,19035000
2019-03-04,AVGO,Broadcom,22.691133499145508,22.830637144693245,22.358472291984615,22.700213319966835,17382000
2019-03-05,AVGO,Broadcom,22.866132736206055,23.149266662367246,22.661417166503487,22.74148711522675,21699000
2019-03-06,AVGO,Broadcom,22.39891815185547,22.85952654946682,22.327103024886178,22.83723871623118,19973000
2019-03-07,AVGO,Broadcom,21.91684341430664,22.314716412713018,21.798802630673734,22.302333411322213,25411000
2019-03-08,AVGO,Broadcom,21.807889938354492,21.85494063646673,21.395983779870907,21.590792941255703,22167000
2019-03-11,AVGO,Broadcom,22.209890365600586,22.332884395758924,21.796334176790825,21.865672712719,27161000
2019-03-12,AVGO,Broadcom,22.25693702697754,22.289956271111294,21.814489861805928,22.26766843876543,23324000
2019-03-13,AVGO,Broadcom,22.387365341186523,22.54172703223491,22.20658919418335,22.32958322677152,32089000
2019-03-14,AVGO,Broadcom,22.138896942138672,22.47403472368599,22.11330749943433,22.460001701916237,43094000
2019-03-15,AVGO,Broadcom,23.96234130859375,24.726719786142667,23.401853351863107,23.646189769123858,144066000
2019-03-18,AVGO,Broadcom,24.255388259887695,24.514582778199564,23.95574468510874,23.957396277504287,56746000
2019-03-19,AVGO,Broadcom,24.7069149017334,24.844766971436165,24.27767407571273,24.28180226940318,51556000
2019-03-20,AVGO,Broadcom,24.238025665283203,24.901795079101905,24.176394710872152,24.818511164755368,41263000
2019-03-21,AVGO,Broadcom,24.718568801879883,24.93260759441401,24.23552406226399,24.308813072158063,27379000
2019-03-22,AVGO,Broadcom,24.372947692871094,24.68859232988188,24.2688431815043,24.645284815029083,23307000
2019-03-25,AVGO,Broadcom,24.332136154174805,24.500368745965243,24.068959991871623,24.335467256708984,23878000
2019-03-26,AVGO,Broadcom,24.73772621154785,24.940939345744003,24.504533155351783,24.516192808161588,28009000
2019-03-27,AVGO,Broadcom,24.649446487426758,24.8751449607118,24.357121199591006,24.782700116528186,21862000
2019-03-28,AVGO,Broadcom,24.907623291015625,25.25991316156641,24.624458953696365,24.744388163823984,33030000
2019-03-29,AVGO,Broadcom,25.044208526611328,25.207445245664793,24.84182937030836,25.08668365463432,24493000
2019-04-01,AVGO,Broadcom,25.46729278564453,25.547244013382496,24.964259758528417,25.24409302688286,27040000
2019-04-02,AVGO,Broadcom,25.239089965820312,25.597209625228736,25.20244466843873,25.49810100548214,22857000
2019-04-03,AVGO,Broadcom,25.334869384765625,25.601376631682243,25.136653706479006,25.503101965243605,22266000
2019-04-04,AVGO,Broadcom,25.151647567749023,25.484781646502213,25.124163192141232,25.380677147610054,15228000
2019-04-05,AVGO,Broadcom,25.34153175354004,25.35485775137559,25.134989112394294,25.318212448709204,18875000
2019-04-08,AVGO,Broadcom,25.358184814453125,25.426477961155722,25.151642206207136,25.329868066380914,13899000
2019-04-09,AVGO,Broadcom,25.27240753173828,25.32737469434205,25.00923137174119,25.199950889601887,11621000
2019-04-10,AVGO,Broadcom,25.610536575317383,25.6321911222636,25.234927402516586,25.284898700773194,14992000
2019-04-11,AVGO,Broadcom,25.768781661987305,25.83374214047872,25.503939122348182,25.66384477126635,16669000
2019-04-12,AVGO,Broadcom,26.40339469909668,26.43754127456572,25.865382806390652,25.930344855320982,30087000
2019-04-15,AVGO,Broadcom,26.350927352905273,26.44420615550324,26.081921395480276,26.403395785830647,16216000
2019-04-16,AVGO,Broadcom,26.52582550048828,26.65158295457715,26.325945061788463,26.650750576112102,21116000
2019-04-17,AVGO,Broadcom,26.694889068603516,26.729035643958017,26.47085538286911,26.670734210730398,18138000
2019-04-18,AVGO,Broadcom,26.535816192626953,26.8547918492448,26.497506136399164,26.737362956904,26548000
2019-04-22,AVGO,Broadcom,26.23432731628418,26.475016490429837,26.167700516799023,26.42754551134359,13504000
2019-04-23,AVGO,Broadcom,26.287635803222656,26.491681329815606,26.166875785962205,26.38091462056985,19777000
2019-04-24,AVGO,Broadcom,26.17853355407715,26.401733302082974,26.083589986486746,26.199354135656353,23335000
2019-04-25,AVGO,Broadcom,25.969486236572266,26.063597409889944,25.532247742743852,26.063597409889944,26732000
2019-04-26,AVGO,Broadcom,25.852067947387695,25.897040223866327,25.410664203897635,25.747131047095284,16404000
2019-04-29,AVGO,Broadcom,26.044445037841797,26.20684779232901,25.854559497883873,25.921186309686536,13404000
2019-04-30,AVGO,Broadcom,26.517494201660156,26.519158958417695,26.028619635410024,26.094414063025038,18953000
2019-05-01,AVGO,Broadcom,26.559139251708984,26.91725898209531,26.54164977214176,26.692392883223626,18158000
2019-05-02,AVGO,Broadcom,26.302621841430664,26.83313913026505,26.170200613807353,26.64908026383328,20428000
2019-05-03,AVGO,Broadcom,26.2934627532959,26.371750805801327,25.875380026345784,26.230168632443714,19214000
2019-05-06,AVGO,Broadcom,25.94866943359375,25.97865253182653,25.4306456870827,25.550574902996775,14371000
2019-05-07,AVGO,Broadcom,25.59221076965332,25.786261341262662,25.295720482084096,25.705476168907254,21734000
2019-05-08,AVGO,Broadcom,25.267417907714844,25.623039001146825,25.244098595916615,25.426489608270902,15099000
2019-05-09,AVGO,Broadcom,25.32320785522461,25.472284600732404,24.722732627216335,24.98507637392489,22282000
2019-05-10,AVGO,Broadcom,25.31488037109375,25.434809581467782,24.706910534986132,25.25408338748299,21025000
2019-05-13,AVGO,Broadcom,24.433738708496094,24.625292169789223,24.002330011277905,24.47038400855805,37864000
2019-05-14,AVGO,Broadcom,25.151647567749023,25.368183527557157,24.608638145701597,24.62612762526707,34277000
2019-05-15,AVGO,Broadcom,25.34902572631836,25.632190050566127,24.869312084969405,25.007563145050476,18166000
2019-05-16,AVGO,Broadcom,24.759376525878906,25.243253623242193,24.543671397278633,24.964254382005016,34233000
2019-05-17,AVGO,Broadcom,24.143077850341797,24.449561457486098,24.01981755171549,24.383767033762883,39094000
2019-05-20,AVGO,Broadcom,22.702272415161133,23.31523963355452,22.37330188285034,23.152835313236892,65162000
2019-05-21,AVGO,Broadcom,22.930471420288086,23.301083138356887,22.873837918768253,23.07704944450106,25060000
2019-05-22,AVGO,Broadcom,22.421606063842773,22.907981864295913,22.400783898111253,22.52654291677413,31809000
2019-05-23,AVGO,Broadcom,21.661230087280273,22.110960657970523,21.501324472360672,22.035172919674665,46607000
2019-05-24,AVGO,Broadcom,21.31560516357422,22.13178408890352,21.298948061789865,21.878602813517748,27963000
2019-05-28,AVGO,Broadcom,21.194007873535156,21.46468017552486,20.828393600904924,21.36807027105399,61965000
2019-05-29,AVGO,Broadcom,21.164024353027344,21.35141114126688,20.952484296712953,21.049092603487594,28132000
2019-05-30,AVGO,Broadcom,21.372234344482422,21.432197357144457,21.164025379884617,21.208997639381142,17310000
2019-05-31,AVGO,Broadcom,20.957483291625977,21.29894590102064,20.904182477533787,21.074081403778944,22192000
2019-06-03,AVGO,Broadcom,21.085739135742188,21.514649098806874,20.920837672245614,21.033269116372427,28911000
2019-06-04,AVGO,Broadcom,22.128446578979492,22.15343222442145,21.300608239802614,21.400547644554052,36805000
2019-06-05,AVGO,Broadcom,22.1301212310791,22.612332137603648,21.853619036360104,22.404123112956345,23651000
2019-06-06,AVGO,Broadcom,22.718929290771484,22.902986578429445,22.093470005701874,22.238383270139728,32687000
2019-06-07,AVGO,Broadcom,22.892162322998047,23.142014071711912,22.75974107091564,22.884667739526865,25963000
2019-06-10,AVGO,Broadcom,23.336898803710938,23.71667152022555,23.046239836537552,23.047072215094296,23280000
2019-06-11,AVGO,Broadcom,23.609237670898438,24.297992853720388,23.270273717527104,24.193055961437846,37105000
2019-06-12,AVGO,Broadcom,23.29692268371582,23.582585794594145,23.103704426064553,23.458493082221395,27057000
2019-06-13,AVGO,Broadcom,23.4534912109375,23.56009442224559,23.103700069164375,23.445996628229494,37735000
2019-06-14,AVGO,Broadcom,22.147607803344727,22.32750004659752,21.4430279973446,21.496330402924908,100797000
2019-06-17,AVGO,Broadcom,22.150938034057617,22.378302847434252,21.765335532690962,22.056826846624435,35785000
2019-06-18,AVGO,Broadcom,23.157005310058594,23.570924587378048,22.191748052485167,22.332497857977298,54920000
2019-06-19,AVGO,Broadcom,23.110366821289062,23.24195410981835,22.795554594530213,23.21780242476458,28920000
2019-06-20,AVGO,Broadcom,23.24028778076172,23.773302280992844,23.082880883775324,23.528447990407628,57291000
2019-06-21,AVGO,Broadcom,23.03765296936035,23.627068625185885,23.03513028844359,23.257947323313985,45399000
2019-06-24,AVGO,Broadcom,23.47572135925293,23.496741562587477,23.122576490520878,23.166299219101774,20506000
2019-06-25,AVGO,Broadcom,23.249536514282227,23.785140267556788,23.2083364722978,23.47235512982098,24436000
2019-06-26,AVGO,Broadcom,23.664060592651367,23.8818338411193,23.383226744416092,23.42358642636073,24774000
2019-06-27,AVGO,Broadcom,24.023088455200195,24.253473477277918,23.73048319921798,23.78934039395713,21813000
2019-06-28,AVGO,Broadcom,24.20387077331543,24.324949834372173,23.948262095093398,24.20387077331543,49265000
2019-07-01,AVGO,Broadcom,25.254051208496094,25.70809518527798,24.916040906279132,25.36587988119916,44832000
2019-07-02,AVGO,Broadcom,24.83196258544922,25.280959642442966,24.711723897054974,25.130453597817695,19011000
2019-07-03,AVGO,Broadcom,23.95414161682129,24.281220823606056,23.796907912192697,23.854084387962455,49411000
2019-07-05,AVGO,Broadcom,23.76664161682129,24.000389699093493,23.708624775719425,23.849882055801586,24565000
2019-07-08,AVGO,Broadcom,23.11920928955078,23.643039975419722,23.07128156668555,23.54298273501277,34291000
2019-07-09,AVGO,Broadcom,23.167133331298828,23.204970328593966,22.904797030550988,22.9922424641336,26131000
2019-07-10,AVGO,Broadcom,23.08053207397461,23.442083678235637,23.038490070870928,23.363046636886843,30134000
2019-07-11,AVGO,Broadcom,23.211700439453125,23.32857448274575,22.950204470203502,23.142752516004574,20712000
2019-07-12,AVGO,Broadcom,23.996185302734375,24.041590346043268,23.23860651729412,23.23860651729412,21971000
2019-07-15,AVGO,Broadcom,24.24422836303711,24.76133299935443,24.154260235952545,24.476295741451068,30334000
2019-07-16,AVGO,Broadcom,23.890239715576172,24.19797945131996,23.7439370868014,24.130713856438014,14617000
2019-07-17,AVGO,Broadcom,23.970123291015625,24.155945286535577,23.811208823379417,24.010482979102544,15453000
2019-07-18,AVGO,Broadcom,24.365304946899414,24.409027665671356,23.86249287915289,24.062608954826214,19357000
2019-07-19,AVGO,Broadcom,24.383804321289062,24.64950369347734,24.344284997737148,24.537675009471375,22047000
2019-07-22,AVGO,Broadcom,24.900907516479492,25.22378335433433,24.572147562489764,24.636048518443637,33905000
2019-07-23,AVGO,Broadcom,25.290206909179688,25.423057389095113,25.158198391913718,25.18258323398033,19692000
2019-07-24,AVGO,Broadcom,25.541614532470703,25.63494569409174,25.266664804967167,25.325523609054283,19006000
2019-07-25,AVGO,Broadcom,25.257410049438477,25.40371265664168,25.1741696297744,25.40371265664168,15741000
2019-07-26,AVGO,Broadcom,25.301979064941406,25.47855226930554,25.269187425359267,25.3583151883454,14996000
2019-07-29,AVGO,Broadcom,25.37092399597168,25.43902994764895,24.96901115659425,25.328041639273568,12068000
2019-07-30,AVGO,Broadcom,25.187631607055664,25.302824948518488,24.980789411600306,25.148113882394178,11164000
2019-07-31,AVGO,Broadcom,24.382965087890625,25.29441461116007,24.103811940731987,25.227149005111293,20819000
2019-08-01,AVGO,Broadcom,23.99198341369629,25.041327195896184,23.73805546849191,24.31065428464608,21911000
2019-08-02,AVGO,Broadcom,23.41938018798828,23.865856108350595,23.199084285645046,23.71703080156316,20080000
2019-08-05,AVGO,Broadcom,22.505409240722656,22.890505305326467,22.20439557342654,22.866120463901616,27765000
2019-08-06,AVGO,Broadcom,22.40283203125,22.885464346918962,22.244757927847264,22.71309612096252,22199000
2019-08-07,AVGO,Broadcom,22.706363677978516,22.93086298531266,22.113585112598166,22.20019018881818,22244000
2019-08-08,AVGO,Broadcom,22.784561157226562,22.917411636037546,22.07154549439733,22.73411235942897,29163000
2019-08-09,AVGO,Broadcom,23.183950424194336,23.589226319435003,22.666845857111845,22.666845857111845,30735000
2019-08-12,AVGO,Broadcom,23.176389694213867,23.392480668752366,22.91573562940284,22.986364286530353,20040000
2019-08-13,AVGO,Broadcom,23.854087829589844,24.00543423297156,22.87284846392575,23.14779819885461,22340000
2019-08-14,AVGO,Broadcom,22.83333396911621,23.55559854078511,22.73411707076784,23.44124716033488,27108000
2019-08-15,AVGO,Broadcom,22.58780860900879,22.93590802299669,22.269137792596055,22.870324749468683,20010000
2019-08-16,AVGO,Broadcom,23.01999282836914,23.185634954737367,22.868644822854087,22.88293894370726,17458000
2019-08-19,AVGO,Broadcom,23.440404891967773,23.548870542558067,23.17386514565375,23.500944419182787,17489000
2019-08-20,AVGO,Broadcom,23.574092864990234,23.960029296802347,23.291576709591254,23.388270907271053,17920000
2019-08-21,AVGO,Broadcom,24.17359733581543,24.23749989447837,23.883514745131453,23.93312318379834,19381000
2019-08-22,AVGO,Broadcom,24.183685302734375,24.334192933110003,23.92555400366845,24.248429820954204,12294000
2019-08-23,AVGO,Broadcom,22.88125228881836,24.00374871465112,22.790443823454314,23.878466293978004,25742000
2019-08-26,AVGO,Broadcom,23.30923080444336,23.37061067509554,23.122568512358892,23.28652828703024,14249000
2019-08-27,AVGO,Broadcom,23.170503616333008,23.56148550940411,23.11500944319528,23.471518971107425,14298000
2019-08-28,AVGO,Broadcom,23.211700439453125,23.241129040013252,22.74168158570055,23.06623815454825,17202000
2019-08-29,AVGO,Broadcom,23.82634162902832,24.00459556908781,23.631270886159417,23.668267531592416,16429000
2019-08-30,AVGO,Broadcom,23.764955520629883,24.039063240457146,23.53457051441763,23.993658205506176,16720000
2019-09-03,AVGO,Broadcom,23.04269790649414,23.614454785364302,22.78036154832738,23.542985776907518,22210000
2019-09-04,AVGO,Broadcom,23.796913146972656,23.908741839120534,23.391637178141245,23.44124562406424,19865000
2019-09-05,AVGO,Broadcom,24.469568252563477,24.693227231705972,24.245910877159513,24.245910877159513,20938000
2019-09-06,AVGO,Broadcom,24.544401168823242,24.66127521445986,24.324947198642818,24.539355807557904,13748000
2019-09-09,AVGO,Broadcom,24.603256225585938,24.989192650220428,24.417435875061003,24.804212658586938,21686000
2019-09-10,AVGO,Broadcom,24.757129669189453,24.757970028174867,24.284588113746356,24.49731600996814,20850000
2019-09-11,AVGO,Broadcom,25.057302474975586,25.12204539771224,24.766377898405857,24.915203226298814,19260000
2019-09-12,AVGO,Broadcom,25.273393630981445,25.420536638509535,24.9278152474264,25.344862633569804,33109000
2019-09-13,AVGO,Broadcom,24.410709381103516,25.055619108411772,23.870061895990588,25.02703086732745,62557000
2019-09-16,AVGO,Broadcom,24.271135330200195,24.40650850802227,24.02225274270532,24.114743554463914,22176000
2019-09-17,AVGO,Broadcom,24.285430908203125,24.32495023682009,23.858294354953212,24.217324937568577,21912000
2019-09-18,AVGO,Broadcom,24.193775177001953,24.44770306913849,23.86921865335821,24.25683737155523,16510000
2019-09-19,AVGO,Broadcom,24.4376163482666,24.547764315187493,24.150896773675722,24.257681700984588,19421000
2019-09-20,AVGO,Broadcom,24.121103286743164,24.472405822377727,23.91405401593105,24.410461145008664,35524000
2019-09-23,AVGO,Broadcom,24.222932815551758,24.36718771973948,23.936120809176703,24.066798152848424,14850000
2019-09-24,AVGO,Broadcom,23.95563316345215,24.51483140522272,23.738401952285994,24.380760104507683,20292000
2019-09-25,AVGO,Broadcom,23.400678634643555,23.522871814857698,22.911061059087903,23.059558029665233,55588000
2019-09-26,AVGO,Broadcom,23.49741554260254,23.645912519783426,23.13847528519312,23.357402719692846,27477000
2019-09-27,AVGO,Broadcom,23.262367248535156,23.86823821999173,23.162237384613576,23.473658644055064,28660000
2019-09-30,AVGO,Broadcom,23.426136016845703,23.4812927282828,23.123200577531367,23.40237650148737,19826000
2019-10-01,AVGO,Broadcom,23.322614669799805,23.729922078082776,23.197875582372514,23.612820672190296,19429000
2019-10-02,AVGO,Broadcom,22.91699981689453,23.23351118091203,22.768502853581133,23.204661498393648,19543000
2019-10-03,AVGO,Broadcom,23.286968231201172,23.29290810884733,22.675157596656415,22.911056519458253,17096000
2019-10-04,AVGO,Broadcom,23.880962371826172,23.903873795452935,23.352311537506207,23.631487460987703,25884000
2019-10-07,AVGO,Broadcom,23.426979064941406,23.846166097227105,23.394733784112105,23.760461918350725,18658000
2019-10-08,AVGO,Broadcom,22.93906021118164,23.326850067946623,22.818564854163053,23.255571534680918,22757000
2019-10-09,AVGO,Broadcom,23.178356170654297,23.32770122613087,23.082468403659156,23.223329305627608,16329000
2019-10-10,AVGO,Broadcom,23.28866958618164,23.656095608814226,23.220785023936177,23.298003450484853,17340000
2019-10-11,AVGO,Broadcom,23.83683967590332,24.105833670116915,23.682402811114745,23.716344285559106,23697000
2019-10-14,AVGO,Broadcom,23.900474548339844,23.984480925149274,23.749431717286623,23.7952529359567,13312000
2019-10-15,AVGO,Broadcom,24.63532829284668,24.660785608050972,23.946299165540335,23.983636237474204,21230000
2019-10-16,AVGO,Broadcom,24.47919464111328,24.616661559169156,24.314574223508064,24.523319684816787,20046000
2019-10-17,AVGO,Broadcom,24.559812545776367,24.753282676807284,24.465622564887813,24.620059432995344,13125000
2019-10-18,AVGO,Broadcom,24.330699920654297,24.603086269927086,24.099043015215283,24.565750811538148,16981000
2019-10-21,AVGO,Broadcom,24.571691513061523,24.769405333677888,24.358702329688608,24.475803733181067,13031000
2019-10-22,AVGO,Broadcom,24.392641067504883,24.68115082890923,24.373973341018342,24.57338330956587,13046000
2019-10-23,AVGO,Broadcom,23.786775588989258,24.060011670247043,23.654400435128107,24.01079483113954,20957000
2019-10-24,AVGO,Broadcom,23.95563316345215,24.056611089398416,23.6493037823334,24.004848370571466,16896000
2019-10-25,AVGO,Broadcom,24.592906951904297,24.724432399104202,24.032858831031792,24.036252816840737,20869000
2019-10-28,AVGO,Broadcom,24.739702224731445,24.818616827987135,24.46561810544158,24.706607228887226,12999000
2019-10-29,AVGO,Broadcom,24.45203971862793,24.922141429669367,24.444402038654356,24.801646062779636,13272000
2019-10-30,AVGO,Broadcom,24.628543853759766,24.6904885396584,24.312880545050223,24.60902641412212,17281000
2019-10-31,AVGO,Broadcom,24.850017547607422,24.95439109977838,24.42149652756425,24.591207133568318,27881000
2019-11-01,AVGO,Broadcom,25.167383193969727,25.167383193969727,24.785531429345685,24.861901782270493,21234000
2019-11-04,AVGO,Broadcom,25.881013870239258,25.920047129115655,25.380364619991045,25.416003893551533,34075000
2019-11-05,AVGO,Broadcom,26.648113250732422,26.880618271099216,25.83604429083617,25.88101743483347,38711000
2019-11-06,AVGO,Broadcom,26.573436737060547,26.668474798776284,26.195828765283036,26.480094858735104,18076000
2019-11-07,AVGO,Broadcom,26.452943801879883,27.111425561162573,26.360451625200316,26.778790695931484,23981000
2019-11-08,AVGO,Broadcom,26.594648361206055,26.610771813176317,25.89204328844837,26.29425883713685,17830000
2019-11-11,AVGO,Broadcom,26.538644790649414,26.580223941451553,26.376570264289928,26.40711936788628,9154000
2019-11-12,AVGO,Broadcom,26.774547576904297,26.848372025182876,26.581925537946574,26.64471831894901,16875000
2019-11-13,AVGO,Broadcom,26.616710662841797,26.78981522170312,26.475001678085153,26.51573111526137,12625000
2019-11-14,AVGO,Broadcom,26.21788787841797,26.46142450590509,25.975200961037316,26.36893234694418,17268000
2019-11-15,AVGO,Broadcom,26.552223205566406,26.564951055019332,26.312080538383242,26.497914585475748,18120000
2019-11-18,AVGO,Broadcom,26.396089553833008,26.59465145790815,26.13812724023526,26.459730422006583,15850000
2019-11-19,AVGO,Broadcom,26.958681106567383,27.634982409401633,26.869582927949228,26.869582927949228,31743000
2019-11-20,AVGO,Broadcom,26.44700050354004,26.88485695792806,26.220435405132424,26.805940733809354,19927000
2019-11-21,AVGO,Broadcom,26.75078010559082,26.788965265312967,26.288316112731646,26.402023500358453,19317000
2019-11-22,AVGO,Broadcom,26.72278594970703,27.10972782226682,26.62011019752332,26.868737041380456,13216000
2019-11-25,AVGO,Broadcom,27.121604919433594,27.169125568624334,26.837338826954955,26.86618851095158,19636000
2019-11-26,AVGO,Broadcom,26.837337493896484,27.16912421908543,26.818668148125308,27.068992757028596,30793000
2019-11-27,AVGO,Broadcom,27.0214786529541,27.148762018974285,26.854312313173132,26.97905140377931,20182000
2019-11-29,AVGO,Broadcom,26.832246780395508,26.966318098775528,26.729571039280913,26.88655378109475,9229000
2019-12-02,AVGO,Broadcom,26.36638832092285,26.978197444360774,26.352810761707588,26.960377808294492,23158000
2019-12-03,AVGO,Broadcom,26.00999641418457,26.22043808148562,25.722334698210588,25.950597621740553,18736000
2019-12-04,AVGO,Broadcom,26.281526565551758,26.421537730463527,26.061749482835516,26.284072458513094,14439000
2019-12-05,AVGO,Broadcom,26.40626335144043,26.514030852218266,26.225521140516594,26.35535034893283,15494000
2019-12-06,AVGO,Broadcom,26.81866455078125,26.8432737717933,26.480089900815337,26.699018904342925,16937000
2019-12-09,AVGO,Broadcom,26.676958084106445,26.912008941396422,26.639621012558106,26.81442499519745,24694000
2019-12-10,AVGO,Broadcom,26.734661102294922,26.80678773468122,26.581072355617565,26.738055087307806,14563000
2019-12-11,AVGO,Broadcom,27.130090713500977,27.26840411024443,26.744845061992013,26.744845061992013,20829000
2019-12-12,AVGO,Broadcom,27.815725326538086,28.01598503121343,27.105484114214097,27.13093981391291,38935000
2019-12-13,AVGO,Broadcom,26.765207290649414,27.13432944348874,26.357899975895993,26.989226475613332,70952000
2019-12-16,AVGO,Broadcom,27.419452667236328,27.79875687776368,26.94426067080764,26.981597751286294,37921000
2019-12-17,AVGO,Broadcom,27.47630500793457,27.57388735123177,27.302349089113118,27.471213220433526,20248000
2019-12-18,AVGO,Broadcom,27.785171508789062,28.104228722018377,27.455082631672756,27.527209255713252,35155000
2019-12-19,AVGO,Broadcom,27.501758575439453,27.9396134226727,27.468663577745186,27.935372964243566,31787000
2019-12-20,AVGO,Broadcom,27.343177795410156,27.64061159789393,27.164033149196733,27.64061159789393,50540000
2019-12-23,AVGO,Broadcom,27.388614654541016,27.628619767099597,27.224041728794198,27.475188616274693,20254000
2019-12-24,AVGO,Broadcom,27.471759796142578,27.487189888031914,27.344043823658694,27.428902789490003,7024000
2019-12-26,AVGO,Broadcom,27.25575065612793,27.578039704699627,27.156319942920366,27.537752756183384,15848000
2019-12-27,AVGO,Broadcom,27.131471633911133,27.373188496529135,27.019184113817463,27.368903449643987,14487000
2019-12-30,AVGO,Broadcom,26.868318557739258,27.20003602377601,26.807459792179948,27.130607166905435,13104000
2019-12-31,AVGO,Broadcom,27.08775520324707,27.116898752525472,26.811753072136366,26.83918162179662,12487000
2020-01-02,AVGO,Broadcom,27.63375473022461,27.64318477363139,27.199179812040505,27.37060943435405,20329000
2020-01-03,AVGO,Broadcom,26.930889129638672,27.428894458405335,26.921460721830034,27.21546290255269,22870000
2020-01-06,AVGO,Broadcom,26.890605926513672,26.90774938031068,26.540029980346596,26.644602432684774,20789000
2020-01-07,AVGO,Broadcom,26.798032760620117,27.13575192374902,26.76460417114199,27.021749430820996,18565000
2020-01-08,AVGO,Broadcom,26.463748931884766,26.870897037543614,26.435462064776228,26.827181713325878,31979000
2020-01-09,AVGO,Broadcom,26.251171112060547,26.828035452413243,25.97602569161084,26.770606677016698,42397000
2020-01-10,AVGO,Broadcom,25.647733688354492,26.190311058621003,25.61173178320182,26.181739332145572,40705000
2020-01-13,AVGO,Broadcom,25.81574058532715,26.040313982406527,25.68630961264906,25.716311479307503,22054000
2020-01-14,AVGO,Broadcom,26.41574478149414,26.498888736403998,25.85088055141145,25.886024142231456,28911000
2020-01-15,AVGO,Broadcom,25.98373794555664,26.39002930619102,25.77459303723992,26.34117226039785,22733000
2020-01-16,AVGO,Broadcom,26.318889617919922,26.38831849266276,26.0754577627981,26.14317327279347,21508000
2020-01-17,AVGO,Broadcom,26.468032836914062,26.480889611468804,26.063456430706673,26.456889427025313,26896000
2020-01-21,AVGO,Broadcom,26.40631103515625,26.529741926845457,26.257166600532294,26.383169173492888,21967000
2020-01-22,AVGO,Broadcom,26.82632064819336,27.250610506382746,26.614602425323906,26.640317606231346,29264000
2020-01-23,AVGO,Broadcom,27.39889907836914,27.411755851754183,26.642033385145346,27.015751209574837,30266000
2020-01-24,AVGO,Broadcom,27.77176856994629,28.42149028234158,27.494906454983674,28.328916259939852,55782000
2020-01-27,AVGO,Broadcom,26.488601684570312,27.41861363205906,26.455173093545387,27.121181406892394,38843000
2020-01-28,AVGO,Broadcom,27.284042358398438,27.362901275006738,26.809180398753707,26.87432422359406,23166000
2020-01-29,AVGO,Broadcom,27.21546745300293,27.894332547405913,27.183753860970377,27.499186226140843,23668000
2020-01-30,AVGO,Broadcom,27.017467498779297,27.044896046258724,26.450888237187073,26.942036949598524,21128000
2020-01-31,AVGO,Broadcom,26.156885147094727,26.964322899006152,26.024882507729455,26.928322625058303,22123000
2020-02-03,AVGO,Broadcom,26.16288948059082,26.280318731300984,26.026601772657862,26.197174760731198,21288000
2020-02-04,AVGO,Broadcom,26.708890914916992,26.96346614849224,26.54174631918508,26.725177687313032,22559000
2020-02-05,AVGO,Broadcom,27.204328536987305,27.412616787146078,27.074040886623468,27.21461362969973,24825000
2020-02-06,AVGO,Broadcom,27.402324676513672,27.418611447054687,26.934319534790998,27.329467454832304,22683000
2020-02-07,AVGO,Broadcom,27.020034790039062,27.302036899233563,26.989176248610306,27.28489508165049,15883000
2020-02-10,AVGO,Broadcom,26.931751251220703,26.966036526075854,26.59746205565624,26.774891745428064,19218000
2020-02-11,AVGO,Broadcom,27.442609786987305,27.49661019121847,27.08689213781347,27.141750859096444,15527000
2020-02-12,AVGO,Broadcom,27.831754684448242,27.86518163213357,27.568606164173637,27.60374974567827,15310000
2020-02-13,AVGO,Broadcom,27.76918601989746,27.896903599466544,27.510327401829212,27.555754445683625,13857000
2020-02-14,AVGO,Broadcom,27.237754821777344,27.917476612183407,27.18032441227815,27.843762700104733,19137000
2020-02-18,AVGO,Broadcom,26.63603401184082,27.00118011826618,26.404602275730205,27.000323435989504,26693000
2020-02-19,AVGO,Broadcom,27.05946922302246,27.15718496119464,26.71746495686481,26.828894152042935,20525000
2020-02-20,AVGO,Broadcom,26.50659942626953,27.059463508594156,26.23916745245047,26.911175750525608,25521000
2020-02-21,AVGO,Broadcom,26.100311279296875,26.52460112761886,25.910879877930626,26.443172175640324,24522000
2020-02-24,AVGO,Broadcom,24.994586944580078,25.611736654177005,24.862585928511034,25.21744697065702,36849000
2020-02-25,AVGO,Broadcom,24.230003356933594,25.34858840602721,24.09200231045862,25.209729042416836,31892000
2020-02-26,AVGO,Broadcom,24.504295349121094,24.703155194206747,24.343150781433238,24.37315101292353,23074000
2020-02-27,AVGO,Broadcom,23.48171043395996,24.455436116854305,23.446566841663408,24.026002868745298,34837000
2020-02-28,AVGO,Broadcom,23.367706298828125,23.4971372497386,22.520839953236173,22.571411997553497,44586000
2020-03-02,AVGO,Broadcom,24.42629623413086,24.463154831412602,23.241710454665714,23.72257413992139,31976000
2020-03-03,AVGO,Broadcom,23.50742530822754,24.727154571143636,23.277708556800608,24.398865400200634,29930000
2020-03-04,AVGO,Broadcom,24.46743392944336,24.490577428057648,23.55199378999125,23.78942555155919,23477000
2020-03-05,AVGO,Broadcom,23.489421844482422,24.265145951144714,23.353135802985555,23.765425560987055,24374000
2020-03-06,AVGO,Broadcom,23.095989227294922,23.222848496470835,22.500268104770036,22.884272641187426,30169000
2020-03-09,AVGO,Broadcom,21.2333984375,22.30912661480421,20.93596617363777,21.521402290860863,43934000
2020-03-10,AVGO,Broadcom,22.534557342529297,22.60141453036514,20.86310802795427,21.993693254326097,55071000
2020-03-11,AVGO,Broadcom,21.083398818969727,21.985124086791156,20.785109851014713,21.761407360824894,36030000
2020-03-12,AVGO,Broadcom,18.752796173095703,20.8082483337408,18.541936257169255,19.45651815186198,64281000
2020-03-13,AVGO,Broadcom,20.076244354248047,20.09767285870592,17.242494259541452,19.329663618518257,84714000
2020-03-16,AVGO,Broadcom,16.078474044799805,18.754505250086726,15.448467757642689,17.84421024463696,76935000
2020-03-17,AVGO,Broadcom,17.10106086730957,17.14391786631394,15.555614333173573,16.44190930155904,70662000
2020-03-18,AVGO,Broadcom,14.389030456542969,16.06990652401957,13.343303387195418,15.913905331212238,98993000
2020-03-19,AVGO,Broadcom,16.667346954345703,17.78336067705638,14.143030550929005,14.36931898742738,74438000
2020-03-20,AVGO,Broadcom,16.75625991821289,18.19111592259036,16.380547511179145,17.6088055864322,74044000
2020-03-23,AVGO,Broadcom,16.865224838256836,17.083155586329475,15.494875855428656,16.813793168410257,46921000
2020-03-24,AVGO,Broadcom,18.546775817871094,19.06545201332687,17.546910198971727,17.926109199191703,62970000
2020-03-25,AVGO,Broadcom,18.964336395263672,21.27004452588578,18.238192514430235,18.497093398764566,64442000
2020-03-26,AVGO,Broadcom,21.19767951965332,21.339770406937152,19.703547924982402,19.703547924982402,60213000
2020-03-27,AVGO,Broadcom,20.109777450561523,21.103541106419513,20.04962835268049,20.311144579165344,39448000
2020-03-30,AVGO,Broadcom,20.930936813354492,21.039902168257893,19.913636419593555,20.241403728291328,52343000
2020-03-31,AVGO,Broadcom,20.668546676635742,22.02930667825527,20.577889088803293,20.747001861220095,50191000
2020-04-01,AVGO,Broadcom,19.494340896606445,20.434057455947332,19.15000993571218,19.874411154652833,41858000
2020-04-02,AVGO,Broadcom,20.665061950683594,20.742645898504566,19.304303485808443,19.387116560454174,45049000
2020-04-03,AVGO,Broadcom,20.420982360839844,21.143639436599205,20.097572893418914,20.62845151859845,28960000
2020-04-06,AVGO,Broadcom,22.00577163696289,22.09032886160657,21.231682966881028,21.320598074287624,38868000
2020-04-07,AVGO,Broadcom,22.0781192779541,23.14423570714176,22.013612320568942,22.825185895411966,45892000
2020-04-08,AVGO,Broadcom,22.760690689086914,22.856579099532137,22.110385003301595,22.38323409436785,27565000
2020-04-09,AVGO,Broadcom,22.16791343688965,23.318587389718047,21.90726847808075,23.169523187346975,34828000
2020-04-13,AVGO,Broadcom,22.65782356262207,22.797299102474234,22.037156911476078,22.09817725232645,25729000
2020-04-14,AVGO,Broadcom,23.329923629760742,23.395301858708557,22.867038586033868,23.198292602336707,23094000
2020-04-15,AVGO,Broadcom,22.441627502441406,22.867028914829405,22.330046776853095,22.751961551360054,25926000
2020-04-16,AVGO,Broadcom,22.515727996826172,22.818215906552332,22.15134685219633,22.818215906552332,26896000
2020-04-17,AVGO,Broadcom,23.177366256713867,23.312483895237996,22.57239039400747,22.94548899259555,34089000
2020-04-20,AVGO,Broadcom,22.514860153198242,23.1233227478544,22.482607493946535,22.664797275891328,23801000
2020-04-21,AVGO,Broadcom,21.588218688964844,22.210629497633278,21.514123035050776,22.190579244277437,29138000
2020-04-22,AVGO,Broadcom,22.66217803955078,22.858316007574473,21.857577580006954,22.208881771824775,35438000
2020-04-23,AVGO,Broadcom,22.571523666381836,23.11809470042926,22.53578270361955,22.68659107747817,21659000
2020-04-24,AVGO,Broadcom,23.084096908569336,23.106760894554075,22.567164824744754,22.64823542063866,23373000
2020-04-27,AVGO,Broadcom,23.401399612426758,23.64286721744078,23.043993372317384,23.043993372317384,16588000
2020-04-28,AVGO,Broadcom,23.07712173461914,24.09529518435939,23.023947578030313,23.906130462516188,18988000
2020-04-29,AVGO,Broadcom,24.061294555664062,24.145851782303815,23.469395631865247,23.630663900770973,28871000
2020-04-30,AVGO,Broadcom,23.677736282348633,23.889564958448005,23.431909138651577,23.844235330997122,23379000
2020-05-01,AVGO,Broadcom,22.63864517211914,23.34909986574442,22.5078870577701,23.187831580136592,26836000
2020-05-04,AVGO,Broadcom,22.861804962158203,22.876624424592773,22.256829047921325,22.59592920775594,17046000
2020-05-05,AVGO,Broadcom,23.089324951171875,23.44411582653926,22.988205769096197,23.23577542844645,26462000
2020-05-06,AVGO,Broadcom,23.029178619384766,23.5783650653786,22.980362341995047,23.39094447886893,22727000
2020-05-07,AVGO,Broadcom,23.34037971496582,23.577489441689746,23.187828876459154,23.536517694959706,18238000
2020-05-08,AVGO,Broadcom,23.974992752075195,24.02032237825552,23.53913134557498,23.728294371307133,16757000
2020-05-11,AVGO,Broadcom,24.007253646850586,24.12406355149603,23.68907326975633,23.83029297612267,20851000
2020-05-12,AVGO,Broadcom,23.401399612426758,24.209486744735198,23.38135102412933,24.110111721898843,18764000
2020-05-13,AVGO,Broadcom,22.93938636779785,23.565283708802966,22.609003673272518,23.542618064295933,21927000
2020-05-14,AVGO,Broadcom,23.240131378173828,23.270641545342954,22.207140251797657,22.748480402066107,19912000
2020-05-15,AVGO,Broadcom,22.70053482055664,23.018713457983875,22.383227427118705,22.614233447914515,21650000
2020-05-18,AVGO,Broadcom,23.84423065185547,24.123181639064953,23.36216679362156,23.41621383836223,26531000
2020-05-19,AVGO,Broadcom,23.706504821777344,24.062168602003254,23.676865896311927,23.8442378694439,18702000
2020-05-20,AVGO,Broadcom,24.293170928955078,24.522434450170035,24.066522802255022,24.144106743039806,18605000
2020-05-21,AVGO,Broadcom,23.9549503326416,24.364661252793532,23.941875018229894,24.314100820959155,14847000
2020-05-22,AVGO,Broadcom,24.116212844848633,24.168515749000413,23.580974748901397,23.86254118255951,17452000
2020-05-26,AVGO,Broadcom,24.584327697753906,25.026291159241435,24.52940939723951,24.84410140153132,23573000
2020-05-27,AVGO,Broadcom,25.06987762451172,25.088183724190188,24.40823931610554,24.671499651490695,22812000
2020-05-28,AVGO,Broadcom,24.68195915222168,25.218941392451676,24.620067577019885,24.844100314657968,18543000
2020-05-29,AVGO,Broadcom,25.39067268371582,25.454308413181792,24.574739360909852,24.661040736237922,27300000
2020-06-01,AVGO,Broadcom,25.279090881347656,25.375852168895168,25.050698594890232,25.316574324650823,18444000
2020-06-02,AVGO,Broadcom,25.982576370239258,26.005242020268433,25.28781400783898,25.369755852791133,31847000
2020-06-03,AVGO,Broadcom,26.982433319091797,27.097500694677922,26.196140694372726,26.24321280474204,31926000
2020-06-04,AVGO,Broadcom,26.92664909362793,27.284926600164816,26.334748488904197,26.65292881633729,34997000
2020-06-05,AVGO,Broadcom,27.64059066772461,28.602101612736718,27.46711832439177,27.868981315910982,50958000
2020-06-08,AVGO,Broadcom,27.67894744873047,27.79401485001168,27.31631038707341,27.677203297877305,23916000
2020-06-09,AVGO,Broadcom,27.487171173095703,27.797505367289276,27.16027502554439,27.197760141341025,22335000
2020-06-10,AVGO,Broadcom,27.462757110595703,27.82626538865324,27.433118187106242,27.6031055438207,25914000
2020-06-11,AVGO,Broadcom,25.606863021850586,26.897012657610492,25.57635284998786,26.81594205979825,45115000
2020-06-12,AVGO,Broadcom,26.17347526550293,26.496013414942702,25.517940714472584,26.39750798590076,39439000
2020-06-15,AVGO,Broadcom,26.508222579956055,26.7400998654156,25.490049186728054,25.715826101039234,29824000
2020-06-16,AVGO,Broadcom,27.086177825927734,27.42004723355284,26.500379191286182,27.023413330213348,30387000
2020-06-17,AVGO,Broadcom,27.323284149169922,27.608337262482824,27.179450726360113,27.32153999828586,20279000
2020-06-18,AVGO,Broadcom,27.78268051147461,27.818421469239663,27.155911872565607,27.20821478047477,33625000
2020-06-19,AVGO,Broadcom,26.665063858032227,28.015181659806046,26.665063858032227,27.97819226905681,58465000
2020-06-22,AVGO,Broadcom,27.61358642578125,27.66995074207887,26.73200242492332,26.905499833413618,27195000
2020-06-23,AVGO,Broadcom,27.416311264038086,27.957063732880705,27.415431043936152,27.747457121584542,22419000
2020-06-24,AVGO,Broadcom,27.034961700439453,27.387242841585778,26.818308336686997,27.231358247650018,19096000
2020-06-25,AVGO,Broadcom,27.200532913208008,27.256017002247457,26.685320395339417,26.954817181802195,15029000
2020-06-26,AVGO,Broadcom,27.073713302612305,27.81086224754415,26.69853466069313,27.61622780724413,31425000
2020-06-29,AVGO,Broadcom,27.282442092895508,27.337926188800598,26.813026147866942,27.13184048422839,14516000
2020-06-30,AVGO,Broadcom,27.795896530151367,27.924479218997185,27.015591476684694,27.297418135892617,25125000
2020-07-01,AVGO,Broadcom,27.542247772216797,27.9050965990163,27.47267176248925,27.75185434151599,15661000
2020-07-02,AVGO,Broadcom,27.78356170654297,28.12791584807132,27.712223574665146,27.984361044168455,16638000
2020-07-06,AVGO,Broadcom,28.075956344604492,28.26971057697553,27.948253889723734,28.182521760341782,17561000
2020-07-07,AVGO,Broadcom,27.57659912109375,28.020473605003843,27.526398020766194,27.94825524444563,16150000
2020-07-08,AVGO,Broadcom,28.1446533203125,28.168431020511527,27.6646696592903,27.842571539705567,18023000
2020-07-09,AVGO,Broadcom,28.314624786376953,28.563861402533252,27.764183304030468,28.18339810981985,25225000
2020-07-10,AVGO,Broadcom,28.133203506469727,28.4458529645873,27.780922308604204,28.350738804963328,13280000
2020-07-13,AVGO,Broadcom,27.417186737060547,28.493406742237728,27.352895408693584,28.33047535186788,21549000
2020-07-14,AVGO,Broadcom,27.749210357666016,27.849610856929562,26.878194157317445,27.212862488195935,18363000
2020-07-15,AVGO,Broadcom,27.63471794128418,27.986118827440556,27.316783886181206,27.825829790350397,15253000
2020-07-16,AVGO,Broadcom,27.419830322265625,27.643528811964956,27.240166346672265,27.35553899097784,12929000
2020-07-17,AVGO,Broadcom,27.54048728942871,27.760663230157018,27.301816650310062,27.66730951822743,13354000
2020-07-20,AVGO,Broadcom,27.929758071899414,27.975554708241294,27.324714340195754,27.464746588984656,14323000
2020-07-21,AVGO,Broadcom,27.684040069580078,28.114704460315483,27.536962713205565,28.114704460315483,14312000
2020-07-22,AVGO,Broadcom,27.636484146118164,27.802057896285415,27.33440406361005,27.74304955986577,14404000
2020-07-23,AVGO,Broadcom,27.272750854492188,27.83816280894138,27.159140331649283,27.598611965114618,19417000
2020-07-24,AVGO,Broadcom,26.931039810180664,27.38195935451564,26.789245447832762,27.00149604147704,15631000
2020-07-27,AVGO,Broadcom,27.5378475189209,27.562507119075384,27.080763016193618,27.15209947666777,20646000
2020-07-28,AVGO,Broadcom,27.06843376159668,27.487648652480193,26.96362877901882,27.40574283039826,13974000
2020-07-29,AVGO,Broadcom,27.200532913208008,27.410139471801475,27.076353037875247,27.172350758747978,16562000
2020-07-30,AVGO,Broadcom,27.48676109313965,27.559859659965365,26.94953298969801,26.94953298969801,21259000
2020-07-31,AVGO,Broadcom,27.896286010742188,28.04160291184568,27.425109716548324,27.71574183894649,24719000
2020-08-03,AVGO,Broadcom,28.290847778320312,28.489884999943353,27.942969390848152,28.006378825067873,20796000
2020-08-04,AVGO,Broadcom,28.92143440246582,28.939048882653026,28.21687199307047,28.22655777342136,25258000
2020-08-05,AVGO,Broadcom,29.02271270751953,29.20237838497476,28.693332351421923,28.909103848758434,22299000
2020-08-06,AVGO,Broadcom,28.989240646362305,29.14072244826597,28.65897678922779,28.86682289707166,14193000
2020-08-07,AVGO,Broadcom,28.70477294921875,29.039441279263805,28.312860090983786,28.92142798378127,14192000
2020-08-10,AVGO,Broadcom,28.830718994140625,28.998931722863123,28.54008513414091,28.55417873291442,11989000
2020-08-11,AVGO,Broadcom,28.537445068359375,29.355619649521756,28.42559665354712,28.849214293583525,19316000
2020-08-12,AVGO,Broadcom,29.38380241394043,29.581082579657387,28.65458039167082,28.69773469300483,18471000
2020-08-13,AVGO,Broadcom,29.012144088745117,29.363543352690183,28.873872283150327,29.257859843479228,15095000
2020-08-14,AVGO,Broadcom,28.871232986450195,29.050015076547883,28.710942235709787,28.888844105801734,10140000
2020-08-17,AVGO,Broadcom,29.09140396118164,29.22086683188026,28.975151107547685,29.02006583749111,10594000
2020-08-18,AVGO,Broadcom,28.94344711303711,29.343288718440526,28.899412596744718,29.22703584842713,8857000
2020-08-19,AVGO,Broadcom,28.993654251098633,29.33536443348515,28.908225865597316,29.016550052860136,11273000
2020-08-20,AVGO,Broadcom,28.960182189941406,29.062344823936833,28.716226864052892,28.859783355572656,8910000
2020-08-21,AVGO,Broadcom,29.064985275268555,29.103738472502144,28.622872943829325,28.913506804798846,11508000
2020-08-24,AVGO,Broadcom,29.41550636291504,29.60837868189551,29.163622350944063,29.240245162332304,11996000
2020-08-25,AVGO,Broadcom,29.603973388671875,29.68764131698628,29.327433146809373,29.50357456238904,11140000
2020-08-26,AVGO,Broadcom,29.914867401123047,30.07691860581173,29.37235618451419,29.480680368048493,14844000
2020-08-27,AVGO,Broadcom,29.868181228637695,30.05841284440602,29.603967478209707,29.987074728636376,12552000
2020-08-28,AVGO,Broadcom,30.368423461914062,30.368423461914062,29.741364204505356,29.855856625630004,14589000
2020-08-31,AVGO,Broadcom,30.57363510131836,30.87571521294235,30.25394050907106,30.25394050907106,22229000
2020-09-01,AVGO,Broadcom,31.664823532104492,31.88764350437221,30.597412287906334,30.824633360300265,29205000
2020-09-02,AVGO,Broadcom,33.02727127075195,33.375149659640975,32.01974528082374,32.22142652280465,37053000
2020-09-03,AVGO,Broadcom,31.008703231811523,32.48916626979479,30.838726680643912,32.23464491271871,41795000
2020-09-04,AVGO,Broadcom,31.965137481689453,32.80885174275397,31.132872798148114,31.79075987847247,58514000
2020-09-08,AVGO,Broadcom,30.872188568115234,31.94752838810658,30.824629815274374,31.058895980546577,26685000
2020-09-09,AVGO,Broadcom,31.707979202270508,31.868269963495592,30.92151265455142,31.367149258745457,26273000
2020-09-10,AVGO,Broadcom,31.448169708251953,32.39492691268972,31.211259512246425,31.892926043288895,22851000
2020-09-11,AVGO,Broadcom,31.678916931152344,32.081395855341476,31.23680122913047,31.749371488529036,17362000
2020-09-14,AVGO,Broadcom,31.89908790588379,32.22406710222168,31.64808749507856,32.09372400765716,16447000
2020-09-15,AVGO,Broadcom,32.313907623291016,32.684681859173814,32.17651601769827,32.260183961106556,16618000
2020-09-16,AVGO,Broadcom,32.32534408569336,32.76217501203461,32.26457532149859,32.425746259397506,18498000
2020-09-17,AVGO,Broadcom,32.226707458496094,32.5966047422952,31.264979896006963,31.264979896006963,22862000
2020-09-18,AVGO,Broadcom,31.681562423706055,32.39581404396541,31.26939429719427,32.33240459669249,35295000
2020-09-21,AVGO,Broadcom,31.264741897583008,31.27984884116852,30.526203566219614,31.10654616114064,24198000
2020-09-22,AVGO,Broadcom,32.135719299316406,32.154382623959464,31.367851472180977,31.671800919510474,19500000
2020-09-23,AVGO,Broadcom,31.246959686279297,32.101918926946915,31.110095419417462,32.01038226097541,15542000
2020-09-24,AVGO,Broadcom,31.329622268676758,31.778433490803373,31.024788105396624,31.1234375463478,13611000
2020-09-25,AVGO,Broadcom,31.709997177124023,31.79175978127934,30.952795520604674,31.28785031208229,18183000
2020-09-28,AVGO,Broadcom,32.64316940307617,32.743595330602524,31.908187359114915,32.14370111015808,22192000
2020-09-29,AVGO,Broadcom,32.372989654541016,32.954223876117844,32.34899348193367,32.66005209070683,13722000
2020-09-30,AVGO,Broadcom,32.378318786621094,32.971991758347265,32.14636146186589,32.256561447851766,22403000
2020-10-01,AVGO,Broadcom,32.758705139160156,32.94622653589169,32.42276207574671,32.792475399372094,16016000
2020-10-02,AVGO,Broadcom,31.71265983581543,32.43164657301819,31.652228674242217,31.994389402532626,17100000
2020-10-05,AVGO,Broadcom,32.536521911621094,32.603177577452406,31.98550829522835,32.06904739607518,18923000
2020-10-06,AVGO,Broadcom,32.34809494018555,33.060860371534105,32.173904073258754,32.53739613591523,16672000
2020-10-07,AVGO,Broadcom,32.593406677246094,32.87069172645212,32.532972104294394,32.73649212274292,12747000
2020-10-08,AVGO,Broadcom,33.17906951904297,33.264388484413885,32.7329265258398,32.873343791505086,17045000
2020-10-09,AVGO,Broadcom,33.478572845458984,33.77185638347643,33.23861790194163,33.410140697971094,17253000
2020-10-12,AVGO,Broadcom,33.98781967163086,34.22510988841383,33.753194189537446,33.93094148602439,18839000
2020-10-13,AVGO,Broadcom,33.904273986816406,34.465064976113,33.648320480629316,34.16378725274887,16731000
2020-10-14,AVGO,Broadcom,33.79852294921875,34.10424874705671,33.58078426166588,34.08647367599653,17298000
2020-10-15,AVGO,Broadcom,33.76563262939453,33.81540146002556,33.32926372632836,33.33193185096778,14361000
2020-10-16,AVGO,Broadcom,33.65187454223633,34.063355618602536,33.607435182672276,34.063355618602536,10295000
2020-10-19,AVGO,Broadcom,33.39591979980469,34.09268682766909,33.34081810944759,33.88205753962962,14803000
2020-10-20,AVGO,Broadcom,33.50434112548828,33.873162684370776,33.37725094378031,33.50611761481031,13297000
2020-10-21,AVGO,Broadcom,33.0653190612793,33.49279881900843,32.91067629003427,33.39592587329976,11896000
2020-10-22,AVGO,Broadcom,33.18263244628906,33.26617154829903,32.62628257180581,32.979112466062595,13547000
2020-10-23,AVGO,Broadcom,33.1248664855957,33.23329341113842,32.950675520853515,33.17285884248341,8868000
2020-10-26,AVGO,Broadcom,32.264564514160156,32.87956557086849,31.781983132286147,32.847571805759,15509000
2020-10-27,AVGO,Broadcom,31.95884132385254,32.45475658838411,31.925071066395805,32.45475658838411,9620000
2020-10-28,AVGO,Broadcom,30.857696533203125,31.537576679437237,30.70839005250027,31.461146949624222,22331000
2020-10-29,AVGO,Broadcom,31.550914764404297,31.944624251213042,30.69417539229564,30.862148613973297,15697000
2020-10-30,AVGO,Broadcom,31.072771072387695,31.371384040094615,30.60974128934378,31.051439637410265,18530000
2020-11-02,AVGO,Broadcom,31.21674346923828,31.584680195897818,30.959010111633688,31.55357467965223,11757000
2020-11-03,AVGO,Broadcom,31.4398193359375,31.926845337118067,30.808819695188976,31.63445344354097,15457000
2020-11-04,AVGO,Broadcom,32.405879974365234,32.79247674888223,31.740218315450953,32.03705488053453,21277000
2020-11-05,AVGO,Broadcom,33.84918212890625,34.00737449185172,33.06176312336166,33.09286864896172,21783000
2020-11-06,AVGO,Broadcom,33.82695770263672,34.09802155498348,33.52034371451553,33.77630062379432,13545000
2020-11-09,AVGO,Broadcom,33.37548828125,35.006312934985814,33.32838417272752,34.58060963897005,24088000
2020-11-10,AVGO,Broadcom,32.272560119628906,33.167514193965715,32.02638070704725,32.91156069861113,26784000
2020-11-11,AVGO,Broadcom,33.40924835205078,33.51767523698033,32.75425259917764,32.95954901644075,15133000
2020-11-12,AVGO,Broadcom,32.90089797973633,33.64743387875092,32.73026004044812,33.525676528524485,12160000
2020-11-13,AVGO,Broadcom,33.194183349609375,33.53457103691689,33.02354877370576,33.32749468444639,10997000
2020-11-16,AVGO,Broadcom,33.84383773803711,33.89360656204078,33.23861086738757,33.31059597910895,12100000
2020-11-17,AVGO,Broadcom,33.82518005371094,33.98870524827309,33.5079003576813,33.65276563038605,11950000
2020-11-18,AVGO,Broadcom,33.82695770263672,34.21088967630735,33.73808575344821,33.76207853533602,13517000
2020-11-19,AVGO,Broadcom,34.156673431396484,34.20200103738456,33.26972033109767,33.569221555345905,14555000
2020-11-20,AVGO,Broadcom,34.067806243896484,34.558385262943254,34.011816302433225,34.15490170839488,16140000
2020-11-23,AVGO,Broadcom,34.39397430419922,34.585052071065526,34.03847968064628,34.249109007660884,12212000
2020-11-24,AVGO,Broadcom,34.85878372192383,34.91032905681523,34.321100515019666,34.53795096593116,13455000
2020-11-25,AVGO,Broadcom,34.734352111816406,35.149389583350455,34.571715165668024,34.91298763523641,11787000
2020-11-27,AVGO,Broadcom,35.10050964355469,35.47555576418936,34.92720697603285,34.94053742888108,6846000
2020-11-30,AVGO,Broadcom,35.68973922729492,35.74128454586619,34.90409689998421,35.017856645094646,15454000
2020-12-01,AVGO,Broadcom,35.955467224121094,36.142988562277736,35.55998135882378,35.85681781897064,18181000
2020-12-02,AVGO,Broadcom,35.88082504272461,36.030131563499474,35.6479760313745,35.97058524808418,10031000
2020-12-03,AVGO,Broadcom,35.53154373168945,36.139438791818456,35.380460754116974,35.9492493124441,16120000
2020-12-04,AVGO,Broadcom,36.587364196777344,36.65135512364039,35.7617303742177,35.76262200938406,20083000
2020-12-07,AVGO,Broadcom,37.405879974365234,37.57918262013944,36.73488567981173,37.0077259772924,19707000
2020-12-08,AVGO,Broadcom,37.62984848022461,37.922240400408775,37.1632656288669,37.26280330382322,18121000
2020-12-09,AVGO,Broadcom,36.99085235595703,37.86891977941226,36.76422445514038,37.27968791533854,20908000
2020-12-10,AVGO,Broadcom,36.44161605834961,36.90464595497314,36.261200622524264,36.566038158747794,26244000
2020-12-11,AVGO,Broadcom,36.066558837890625,36.17142934616339,35.39645280053015,35.904810156880245,26664000
2020-12-14,AVGO,Broadcom,36.5980224609375,36.82020569424079,36.08255573235527,36.129659825426494,26116000
2020-12-15,AVGO,Broadcom,37.15437698364258,37.27257797451259,36.7037893142446,36.90730928220438,21207000
2020-12-16,AVGO,Broadcom,37.76227569580078,37.96223931254032,37.056619273858196,37.14904760933631,23160000
2020-12-17,AVGO,Broadcom,37.868919372558594,38.216412997228964,37.73116682170291,37.90446951156905,17152000
2020-12-18,AVGO,Broadcom,38.94986343383789,39.04755837989921,37.82410295802066,38.07506747140394,45243000
2020-12-21,AVGO,Broadcom,38.440765380859375,38.720413049679394,37.97647755979861,38.37533338586972,19096000
2020-12-22,AVGO,Broadcom,38.81900405883789,38.8593361772295,38.36188620225533,38.440762231347904,17929000
2020-12-23,AVGO,Broadcom,38.13422775268555,39.078931410166454,38.10016632707118,38.98930219805492,10533000
2020-12-24,AVGO,Broadcom,38.672000885009766,38.72040215273202,38.32333806537786,38.40579733167184,4123000
2020-12-28,AVGO,Broadcom,38.70965576171875,39.19276591481345,38.644227187027184,38.93014554517064,10625000
2020-12-29,AVGO,Broadcom,38.45510482788086,39.06369725390917,38.25343738326412,39.06369725390917,9593000
2020-12-30,AVGO,Broadcom,38.97406005859375,39.25818673366443,38.55010445051918,38.690825777681766,10553000
2020-12-31,AVGO,Broadcom,39.244747161865234,39.30300580477838,38.81452081177906,39.10671667801033,10211000
2021-01-04,AVGO,Broadcom,38.11270523071289,39.63821702428198,37.75597667727587,39.37739177272791,24171000
2021-01-05,AVGO,Broadcom,38.3708610534668,38.48648255793167,37.859966907495945,38.09748745020253,15069000
2021-01-06,AVGO,Broadcom,38.13422775268555,38.951657518671844,37.69324478053002,37.94062605598183,17226000
2021-01-07,AVGO,Broadcom,39.741294860839844,39.848850576113634,38.59492059347721,38.72578112978626,21267000
2021-01-08,AVGO,Broadcom,39.94296646118164,40.33286067142296,39.31645102007075,40.06486545869572,15271000
2021-01-11,AVGO,Broadcom,39.953731536865234,40.22441424705796,39.47510383610194,39.49213455066066,11660000
2021-01-12,AVGO,Broadcom,40.279075622558594,40.760394015499564,39.939377777990984,40.13387524042987,13846000
2021-01-13,AVGO,Broadcom,40.442203521728516,40.646561772912,40.16435097401692,40.36064006773093,13118000
2021-01-14,AVGO,Broadcom,40.51927947998047,41.0956018366685,40.45295170320695,40.64834836216118,19692000
2021-01-15,AVGO,Broadcom,39.961788177490234,40.33375585765879,39.49660804308182,40.17062893403675,18165000
2021-01-19,AVGO,Broadcom,41.16461944580078,41.18434101076143,40.17958061450694,40.17958061450694,18819000
2021-01-20,AVGO,Broadcom,41.398563385009766,41.74901784008914,40.781905369772,41.18703520574831,14710000
2021-01-21,AVGO,Broadcom,41.841339111328125,42.07885955850343,41.26591242310024,41.419178553765875,15749000
2021-01-22,AVGO,Broadcom,41.68000030517578,41.906767554679085,41.44337569125413,41.563483043764606,16248000
2021-01-25,AVGO,Broadcom,41.659393310546875,42.12636850489294,40.878712484350274,42.086932202356,14692000
2021-01-26,AVGO,Broadcom,41.57693862915039,41.86016954248389,41.39857259638884,41.46758784302545,10742000
2021-01-27,AVGO,Broadcom,39.85871124267578,40.95758005147985,39.5727895366151,40.83030618767995,21857000
2021-01-28,AVGO,Broadcom,40.489715576171875,41.09382545747208,40.06755496806063,40.82941690360102,16946000
2021-01-29,AVGO,Broadcom,40.37857437133789,41.05976867322175,40.121335736080994,40.32479821322902,22069000
2021-02-01,AVGO,Broadcom,41.834171295166016,42.06541764188321,40.655530551830616,40.85809377636469,17027000
2021-02-02,AVGO,Broadcom,42.74303436279297,42.75110010361176,41.94711430736208,42.104866384469915,16141000
2021-02-03,AVGO,Broadcom,41.695247650146484,42.89002336649976,41.641468074821184,42.74751039815253,17857000
2021-02-04,AVGO,Broadcom,42.182830810546875,42.2303362662685,41.004190160560896,41.23005819028387,15243000
2021-02-05,AVGO,Broadcom,41.76874923706055,42.746618534838994,41.71048717029058,42.514472919497805,12488000
2021-02-08,AVGO,Broadcom,42.36836242675781,42.432895166087505,41.73019128139016,42.01432133534255,17610000
2021-02-09,AVGO,Broadcom,42.541351318359375,42.59154421018993,42.00267012523866,42.30562252174045,12758000
2021-02-10,AVGO,Broadcom,42.13085174560547,42.79770274292533,41.72213518438506,42.77260629192768,14587000
2021-02-11,AVGO,Broadcom,42.87837219238281,42.96441814773394,42.05376910925891,42.45710738800782,17123000
2021-02-12,AVGO,Broadcom,43.589141845703125,43.65188297559216,42.56466296342622,42.87747621859886,13551000
2021-02-16,AVGO,Broadcom,43.84099578857422,44.347410659182124,43.651876613064715,43.9978520095692,15163000
2021-02-17,AVGO,Broadcom,43.244956970214844,43.57121081188071,42.57989764306887,43.40180977870805,14084000
2021-02-18,AVGO,Broadcom,43.31486892700195,43.507574786942016,42.58617264787266,43.04328704493742,16715000
2021-02-19,AVGO,Broadcom,43.91539001464844,44.379677734631706,43.62946829453532,43.672491266459446,17992000
2021-02-22,AVGO,Broadcom,42.696414947509766,43.61512613524474,42.603199083130114,43.38119237061902,16967000
2021-02-23,AVGO,Broadcom,42.29666519165039,42.54046318930413,40.876917276333586,42.22854576627095,21303000
2021-02-24,AVGO,Broadcom,43.10154342651367,43.14904546089121,41.46847251500147,41.91842034613805,15125000
2021-02-25,AVGO,Broadcom,40.97551345825195,42.96710495130145,40.800734109906415,42.552114266087955,23148000
2021-02-26,AVGO,Broadcom,42.11471176147461,42.64263640117881,41.29638634362078,41.90497520681741,22640000
2021-03-01,AVGO,Broadcom,43.88132858276367,43.91897325286196,42.4723374746072,42.995779603098285,24677000
2021-03-02,AVGO,Broadcom,43.068389892578125,43.996066281923866,42.98682641833621,43.952147488101296,18546000
2021-03-03,AVGO,Broadcom,41.50433349609375,43.147262086322144,41.406635130737804,42.843413810473926,23991000
2021-03-04,AVGO,Broadcom,39.75923156738281,41.8574831711689,39.565629862646006,41.37975131325002,34575000
2021-03-05,AVGO,Broadcom,40.34630584716797,40.871539689027486,38.810037205521866,40.71468687099222,42414000
2021-03-08,AVGO,Broadcom,37.75688171386719,40.150915784215506,37.57851568400965,40.04963073998314,45243000
2021-03-09,AVGO,Broadcom,39.76012420654297,40.055903330477925,38.594927398094846,39.05114601954473,37884000
2021-03-10,AVGO,Broadcom,39.221435546875,40.694962848733425,38.9982549612091,40.096231367329985,19914000
2021-03-11,AVGO,Broadcom,40.66448974609375,41.00150017131142,39.624775349920974,40.24591586396834,26170000
2021-03-12,AVGO,Broadcom,40.43862533569336,40.6465668659098,39.84258121650776,39.91787056809311,18906000
2021-03-15,AVGO,Broadcom,42.19538879394531,42.23662014726675,40.619683681844094,40.798049716234935,31241000
2021-03-16,AVGO,Broadcom,42.85954284667969,43.381193373973325,41.89422199486093,42.24019396739292,31190000
2021-03-17,AVGO,Broadcom,43.34445571899414,43.674296299751646,42.12727084069101,42.15326310862079,23754000
2021-03-18,AVGO,Broadcom,41.60202407836914,43.322929140942705,41.56617103478192,42.535078510049885,28728000
2021-03-19,AVGO,Broadcom,42.85853576660156,43.05907111928242,41.019393366615404,41.28587216977832,108602000
2021-03-22,AVGO,Broadcom,42.93260955810547,43.4745953410347,42.60651389427191,42.71852507047258,31805000
2021-03-23,AVGO,Broadcom,41.919090270996094,42.94073649459661,41.79172434112874,42.797109544680445,24712000
2021-03-24,AVGO,Broadcom,41.30574035644531,42.45475240390713,41.2696070569114,42.405972794122455,20882000
2021-03-25,AVGO,Broadcom,41.70590591430664,41.915476300711966,40.58670398029197,41.097073928348124,17537000
2021-03-26,AVGO,Broadcom,43.54324722290039,43.6299657751396,41.248837526654725,41.248837526654725,28925000
2021-03-29,AVGO,Broadcom,42.69232177734375,43.463750111016004,42.29937991719372,43.39509822358194,28410000
2021-03-30,AVGO,Broadcom,41.205474853515625,41.913671710602664,40.79536911858169,41.902831031001085,27935000
2021-03-31,AVGO,Broadcom,41.88296890258789,42.19099796336094,40.865839997165374,41.46202583186517,28684000
2021-04-01,AVGO,Broadcom,42.99312973022461,43.050038130164104,42.3833914588051,42.64264428216856,23528000
2021-04-05,AVGO,Broadcom,44.12498474121094,44.22976995449486,43.071722605252326,43.38607479924225,22966000
2021-04-06,AVGO,Broadcom,43.70854949951172,44.10148793161641,43.15481685124576,43.64080042457126,18063000
2021-04-07,AVGO,Broadcom,43.5811882019043,43.71216885213464,43.17831183184482,43.35987773227593,12074000
2021-04-08,AVGO,Broadcom,43.85398864746094,44.0798166339085,43.3698140785559,44.0798166339085,18121000
2021-04-09,AVGO,Broadcom,43.81875991821289,43.83863220291364,43.04642858704726,43.35897513931482,16614000
2021-04-12,AVGO,Broadcom,43.69049072265625,43.84856962876178,43.23251157990382,43.53331463231965,23247000
2021-04-13,AVGO,Broadcom,43.80701446533203,44.101494351305874,43.38516864311549,43.81062917414429,15281000
2021-04-14,AVGO,Broadcom,43.115074157714844,44.18911120232938,42.924476680705006,43.582088285963074,18220000
2021-04-15,AVGO,Broadcom,43.35896682739258,43.56763094554208,43.06810169300237,43.5071112872635,18370000
2021-04-16,AVGO,Broadcom,43.249664306640625,43.519754324220536,43.06809845373874,43.402322833054235,16263000
2021-04-19,AVGO,Broadcom,41.73301315307617,43.06991443755064,41.55686759691694,43.045524628745625,26319000
2021-04-20,AVGO,Broadcom,41.304840087890625,41.73571747859558,41.05913639259764,41.553248784316864,19128000
2021-04-21,AVGO,Broadcom,41.53337860107422,41.58306103204252,40.88389573564431,41.120564394526625,25947000
2021-04-22,AVGO,Broadcom,41.110626220703125,41.65532038845684,40.558702636202945,41.10971995921393,27057000
2021-04-23,AVGO,Broadcom,42.10607147216797,42.261441899274345,41.3265143357428,41.41594132068956,22890000
2021-04-26,AVGO,Broadcom,42.62277603149414,42.801630035118336,41.87483108292266,42.18647481149411,18271000
2021-04-27,AVGO,Broadcom,42.125953674316406,42.840473798314854,42.009428410937815,42.789888546765354,13267000
2021-04-28,AVGO,Broadcom,41.480072021484375,42.09161581273178,41.195530073671456,42.03741586968425,15940000
2021-04-29,AVGO,Broadcom,42.120521545410156,42.42764765267743,41.46471569819113,42.42764765267743,14650000
2021-04-30,AVGO,Broadcom,41.20908737182617,41.618290303572365,40.995905711092796,41.526151415873954,19367000
2021-05-03,AVGO,Broadcom,40.661678314208984,41.53789188452267,40.49366157095381,41.52975965223566,15098000
2021-05-04,AVGO,Broadcom,40.15582275390625,40.44127100104002,39.50272868742391,40.3979117300088,23497000
2021-05-05,AVGO,Broadcom,40.09169387817383,40.77911570774717,39.959810415763,40.6860739977021,16388000
2021-05-06,AVGO,Broadcom,40.52075958251953,40.566827295890064,39.73126462544152,40.088975991832534,13495000
2021-05-07,AVGO,Broadcom,40.8820915222168,41.40601410483245,40.5767709542716,41.063657416304046,11712000
2021-05-10,AVGO,Broadcom,39.393436431884766,40.516253262926085,39.36362628164358,40.502704134415126,25239000
2021-05-11,AVGO,Broadcom,39.752037048339844,39.9046955643514,38.21460087321547,38.39074637503206,17887000
2021-05-12,AVGO,Broadcom,38.15407943725586,38.920087388778654,37.8614087008811,38.77826954402579,29940000
2021-05-13,AVGO,Broadcom,38.8966178894043,39.27781292588599,38.448573130369226,38.832480060234914,21841000
2021-05-14,AVGO,Broadcom,39.89206314086914,40.20822440622348,39.027596347039015,39.41963204320977,16964000
2021-05-17,AVGO,Broadcom,39.740299224853516,39.93902892535077,39.09894866798105,39.93902892535077,15725000
2021-05-18,AVGO,Broadcom,39.18025207519531,40.146795562829766,39.13869843084861,40.09982157827597,17824000
2021-05-19,AVGO,Broadcom,39.90109634399414,39.971553876811676,38.45398952175193,38.48108777763675,21369000
2021-05-20,AVGO,Broadcom,41.100677490234375,41.48910175097574,40.22717603419109,40.265114955703865,21886000
2021-05-21,AVGO,Broadcom,40.76104736328125,41.370782216952605,40.589415894018344,41.370782216952605,13216000
2021-05-24,AVGO,Broadcom,41.47917556762695,41.772752607237294,41.223540906071584,41.27412614899657,14420000
2021-05-25,AVGO,Broadcom,41.51078796386719,41.81972318184115,41.23618385857837,41.72396959765015,9600000
2021-05-26,AVGO,Broadcom,41.59661102294922,41.742043610169844,41.14856976508433,41.62190364681367,9873000
2021-05-27,AVGO,Broadcom,42.24608612060547,42.314738007858594,41.52072550370254,41.55234127770984,19098000
2021-05-28,AVGO,Broadcom,42.666133880615234,42.87299239502982,42.24609369585078,42.45566065743983,19946000
2021-06-01,AVGO,Broadcom,42.30299377441406,43.178301014265934,42.2027261149062,42.94705273734266,16277000
2021-06-02,AVGO,Broadcom,42.7925910949707,43.15120530235185,42.40777800587689,42.62095964681281,13286000
2021-06-03,AVGO,Broadcom,41.98594284057617,42.433987593336354,41.84683339409761,42.34726903177877,20389000
2021-06-04,AVGO,Broadcom,42.907310485839844,43.21443663557293,42.412295316367434,42.50081948680178,23865000
2021-06-07,AVGO,Broadcom,41.893795013427734,42.86034185210904,41.77546413964989,42.72664932907955,24142000
2021-06-08,AVGO,Broadcom,41.871212005615234,42.67154423964721,41.869406374442136,42.279508631701695,16615000
2021-06-09,AVGO,Broadcom,41.9073600769043,42.20184001739362,41.707727494352326,42.20184001739362,12126000
2021-06-10,AVGO,Broadcom,42.33552551269531,42.414111840036696,41.571322927419125,42.04917438570815,15413000
2021-06-11,AVGO,Broadcom,42.518890380859375,42.64806538702329,42.198215073456275,42.314743768295685,14508000
2021-06-14,AVGO,Broadcom,42.98228454589844,42.9886077007846,42.09974786269983,42.49991569753908,14675000
2021-06-15,AVGO,Broadcom,42.52251052856445,43.049141593126265,42.32468360049736,43.04823533146311,11131000
2021-06-16,AVGO,Broadcom,42.071754455566406,42.55683183895888,41.68603849143019,42.48005115077203,20437000
2021-06-17,AVGO,Broadcom,42.56134796142578,42.928993815216614,41.90825383375944,41.99316330666519,20881000
2021-06-18,AVGO,Broadcom,41.868507385253906,42.43398361400557,41.59841730593918,42.20905844289026,28537000
2021-06-21,AVGO,Broadcom,42.29729080200195,42.36738996679649,41.735587601001335,41.98412100345468,18591000
2021-06-22,AVGO,Broadcom,42.2827262878418,42.65871619495353,41.99777673887514,42.47663895149796,13722000
2021-06-23,AVGO,Broadcom,42.48392105102539,42.594985772141385,42.15436294543071,42.2290149964957,17674000
2021-06-24,AVGO,Broadcom,42.793453216552734,43.12028168869206,42.660537414680576,42.777974792364816,12502000
2021-06-25,AVGO,Broadcom,42.0778923034668,43.011032549319545,41.87760698484092,42.9108898900066,19100000
2021-06-28,AVGO,Broadcom,43.04290008544922,43.36062628424834,42.379230903699415,42.42383946892119,13987000
2021-06-29,AVGO,Broadcom,43.43892288208008,43.45348795363333,42.855368463057914,43.00375924569951,14184000
2021-06-30,AVGO,Broadcom,43.41068649291992,43.57000624203094,43.01831177556097,43.528127332480636,15381000
2021-07-01,AVGO,Broadcom,42.755218505859375,43.50173212486471,42.69058210490232,43.50173212486471,11153000
2021-07-02,AVGO,Broadcom,42.621395111083984,43.5691039913305,41.48705607962582,43.404321444906216,37054000
2021-07-06,AVGO,Broadcom,43.086605072021484,43.402508078680626,42.63323681853294,42.82441641174109,13870000
2021-07-07,AVGO,Broadcom,42.7461051940918,43.27594855762019,42.45751614746442,43.24317542156533,12581000
2021-07-08,AVGO,Broadcom,42.8335075378418,42.886311987547415,42.019624445460366,42.279996744850635,16011000
2021-07-09,AVGO,Broadcom,43.71476745605469,43.778493981150525,42.60865209498391,42.74885045019475,16782000
2021-07-12,AVGO,Broadcom,44.22184753417969,44.974733843832375,43.08477885699055,43.818547210184136,33142000
2021-07-13,AVGO,Broadcom,44.06343460083008,44.38388692664049,43.88044748095583,44.18360509121759,11806000
2021-07-14,AVGO,Broadcom,43.8431282043457,44.79083708826302,43.76665637804131,44.535927527746715,14020000
2021-07-15,AVGO,Broadcom,43.456214904785156,44.10349576099051,43.07203254622585,43.996980442397316,12624000
2021-07-16,AVGO,Broadcom,42.61228561401367,43.72386358794968,42.5385469155696,43.61279538969044,13980000
2021-07-19,AVGO,Broadcom,42.393795013427734,42.42110538479572,41.65820349631585,42.19441957850451,14938000
2021-07-20,AVGO,Broadcom,42.65962600708008,42.99282364611991,42.17530102648584,42.595899492901175,20727000
2021-07-21,AVGO,Broadcom,43.60915756225586,43.63282840425772,42.65143307224616,42.754308857548565,13660000
2021-07-22,AVGO,Broadcom,43.36426544189453,43.60642622244178,43.19857648678325,43.388846167618226,12583000
2021-07-23,AVGO,Broadcom,43.98514175415039,44.02429101884069,43.40977987820209,43.70110208327708,13489000
2021-07-26,AVGO,Broadcom,43.90230178833008,44.02793506649342,43.66924330579293,43.89501925338126,11160000
2021-07-27,AVGO,Broadcom,43.27595138549805,43.86314864370153,42.587701592035515,43.767558876947625,14715000
2021-07-28,AVGO,Broadcom,43.484439849853516,43.61462602502399,43.18128216918205,43.397952360685395,8359000
2021-07-29,AVGO,Broadcom,44.07253646850586,44.22912309937729,43.46531137130099,43.559081373300586,9162000
2021-07-30,AVGO,Broadcom,44.18998336791992,44.27555749243505,43.65923001173934,43.876810063243795,11548000
2021-08-02,AVGO,Broadcom,44.124427795410156,45.027527970955894,44.01791596337984,44.52226528944006,15619000
2021-08-03,AVGO,Broadcom,44.3165168762207,44.40482410256608,43.69472328879707,44.19816616178685,11135000
2021-08-04,AVGO,Broadcom,44.40847396850586,44.606939539755786,44.0634408713752,44.474933610785726,12123000
2021-08-05,AVGO,Broadcom,44.39663314819336,44.64789967134219,44.143546859756356,44.64789967134219,8372000
2021-08-06,AVGO,Broadcom,44.192710876464844,44.43760476251913,44.06525784218669,44.15993773519828,9964000
2021-08-09,AVGO,Broadcom,44.124427795410156,44.32016021683372,43.78940693058679,44.28920684354105,5952000
2021-08-10,AVGO,Broadcom,43.90412139892578,44.28557061571808,43.50082110625759,44.23549928514294,9319000
2021-08-11,AVGO,Broadcom,44.02156448364258,44.241877672166865,43.67926101511242,44.1362722283573,9816000
2021-08-12,AVGO,Broadcom,44.08619689941406,44.1535664222186,43.40068014161828,43.9059428805653,8702000
2021-08-13,AVGO,Broadcom,44.25917053222656,44.51498648358218,43.8904631425348,43.9359850600821,8582000
2021-08-16,AVGO,Broadcom,44.439430236816406,44.50952941467467,44.098946531313324,44.13809580215782,9188000
2021-08-17,AVGO,Broadcom,43.5791130065918,44.2646332153818,43.19948355243303,44.207275877210236,16499000
2021-08-18,AVGO,Broadcom,42.694217681884766,43.43253881526488,42.63777370340496,43.39339302523077,15616000
2021-08-19,AVGO,Broadcom,43.10935592651367,43.31874354704481,42.11976821553613,42.45569898563544,14044000
2021-08-20,AVGO,Broadcom,43.25865173339844,43.35515485233264,42.82804111985561,43.0447147233328,10007000
2021-08-23,AVGO,Broadcom,43.921417236328125,44.26190090379247,43.30690954057717,43.36426340696274,15707000
2021-08-24,AVGO,Broadcom,43.82856369018555,43.975134692460855,43.71294259366258,43.91687093922847,9429000
2021-08-25,AVGO,Broadcom,44.00880813598633,44.2691769396978,43.841299447815665,43.841299447815665,10017000
2021-08-26,AVGO,Broadcom,44.22092819213867,44.43668843642891,43.7529915639492,43.971481455934715,10836000
2021-08-27,AVGO,Broadcom,45.14952850341797,45.1950469511787,44.302872178295516,44.42759210004963,16459000
2021-08-30,AVGO,Broadcom,45.4180908203125,46.233793786229555,45.35982706692593,45.519143374168515,19614000
2021-08-31,AVGO,Broadcom,45.26513671875,45.63657370422344,44.85455394579345,45.63657370422344,17378000
2021-09-01,AVGO,Broadcom,44.89644241333008,45.44995326986741,44.8718616873896,45.179568757357124,12586000
2021-09-02,AVGO,Broadcom,44.78173065185547,45.15316771185907,44.623324232165466,45.135869521069694,16991000
2021-09-03,AVGO,Broadcom,45.30793380737305,46.065369510984496,45.06759279737257,45.14679426941359,25191000
2021-09-07,AVGO,Broadcom,45.208702087402344,45.300648865578765,44.69979632644166,45.300648865578765,12398000
2021-09-08,AVGO,Broadcom,45.00750732421875,45.50912708254339,44.43669827445262,45.48454982934199,13987000
2021-09-09,AVGO,Broadcom,44.92648696899414,45.400796398990614,44.86822321076947,44.86822321076947,13174000
2021-09-10,AVGO,Broadcom,45.35071563720703,46.064456077469316,45.2014150048273,45.250576451454904,16110000
2021-09-13,AVGO,Broadcom,45.42445373535156,45.74399963695269,44.905535889948816,45.70121084565551,14927000
2021-09-14,AVGO,Broadcom,45.689388275146484,46.01257379797051,45.36984228368275,45.70122369773795,14134000
2021-09-15,AVGO,Broadcom,46.405853271484375,46.49325063397673,45.466340306778804,45.71214408647546,23346000
2021-09-16,AVGO,Broadcom,46.18826675415039,46.352135917672015,45.5382528685592,45.992534335101475,17569000
2021-09-17,AVGO,Broadcom,46.06537628173828,46.21286065466708,45.61018480277709,45.88056934697784,34470000
2021-09-20,AVGO,Broadcom,45.04756164550781,45.79225552062137,44.46674042997709,45.428104473386405,30105000
2021-09-21,AVGO,Broadcom,45.02646255493164,45.27957051809773,44.66055936763402,45.25572620312454,16935000
2021-09-22,AVGO,Broadcom,45.90684509277344,46.12785633792942,45.13927206232476,45.325433377534026,20610000
2021-09-23,AVGO,Broadcom,46.2470703125,46.521269480858486,45.90684099266646,46.08291673221838,18370000
2021-09-24,AVGO,Broadcom,46.30392837524414,46.35711631866565,45.92885262347986,46.06090942933481,10605000
2021-09-27,AVGO,Broadcom,46.297508239746094,46.386462659801815,45.61246685056283,45.83256152327818,9831000
2021-09-28,AVGO,Broadcom,45.02922058105469,45.98570795320361,44.98520164798658,45.577618895099256,20124000
2021-09-29,AVGO,Broadcom,44.887996673583984,45.327262475341406,44.7201733909461,45.26857172819581,15783000
2021-09-30,AVGO,Broadcom,44.470733642578125,45.350188764981866,44.42946786021136,45.350188764981866,15735000
2021-10-01,AVGO,Broadcom,44.692665100097656,44.81279975160665,43.789365585364834,44.73851713927323,16052000
2021-10-04,AVGO,Broadcom,43.64722442626953,44.62021682866042,43.35651682260122,44.47073854710634,20093000
2021-10-05,AVGO,Broadcom,44.515663146972656,44.91641624934172,43.59035611347907,43.64629719835371,16557000
2021-10-06,AVGO,Broadcom,44.82379913330078,44.87607402303051,43.99111607750144,44.30566447541678,12042000
2021-10-07,AVGO,Broadcom,45.295169830322266,45.8435717158689,45.176871774265386,45.176871774265386,13261000
2021-10-08,AVGO,Broadcom,45.19704055786133,45.66932316663233,45.0530615992439,45.56111068450504,10279000
2021-10-11,AVGO,Broadcom,45.1502799987793,45.815143372347045,45.01363692169828,45.049403404547135,11186000
2021-10-12,AVGO,Broadcom,44.502830505371094,45.55010540873272,44.20387047635536,45.471240047634055,20991000
2021-10-13,AVGO,Broadcom,44.47807312011719,44.512002999340226,43.977363396105055,44.125925122155664,16424000
2021-10-14,AVGO,Broadcom,45.63264083862305,45.77478669753335,45.01087995604719,45.10625372986334,19233000
2021-10-15,AVGO,Broadcom,46.15077590942383,46.39012512980788,45.95177591817072,46.2562352350161,25103000
2021-10-18,AVGO,Broadcom,46.16086959838867,46.217727248516795,45.729856216284716,45.888507006351816,16042000
2021-10-19,AVGO,Broadcom,46.80556106567383,46.84958000372096,46.01505678119698,46.248906733643665,16383000
2021-10-20,AVGO,Broadcom,46.71385192871094,47.0843414381519,46.62673410485196,46.861497102222884,13458000
2021-10-21,AVGO,Broadcom,47.150367736816406,47.20905848136017,46.6414021038861,46.71660126015437,11787000
2021-10-22,AVGO,Broadcom,47.26591873168945,47.81340052389547,47.0467406056378,47.20447483265874,15367000
2021-10-25,AVGO,Broadcom,47.876678466796875,48.09952280118299,47.244828493581124,47.4566672193272,12416000
2021-10-26,AVGO,Broadcom,48.958805084228516,49.061514773051556,48.05367245318906,48.166467701714986,24043000
2021-10-27,AVGO,Broadcom,47.97205352783203,49.16055434413236,47.85742167991237,48.77080676086279,23500000
2021-10-28,AVGO,Broadcom,48.56446838378906,48.599314812607425,48.00139473221616,48.0665083332197,11872000
2021-10-29,AVGO,Broadcom,48.757049560546875,48.8010684962473,48.00781460093233,48.00781460093233,15564000
2021-11-01,AVGO,Broadcom,48.425071716308594,48.84049666667406,48.138950409831665,48.635077317906806,16896000
2021-11-02,AVGO,Broadcom,49.252262115478516,49.59615766059234,48.299440848474525,48.37005375922203,16262000
2021-11-03,AVGO,Broadcom,49.738304138183594,49.86852785973523,48.949636396572124,49.433841252110206,14038000
2021-11-04,AVGO,Broadcom,50.31145477294922,50.35272405377889,49.60532223037479,49.86943583248369,15956000
2021-11-05,AVGO,Broadcom,51.25602340698242,51.32480321408021,50.42058715895613,50.438012123055316,18674000
2021-11-08,AVGO,Broadcom,51.25877380371094,51.71179835794053,51.180824992389276,51.53572262095813,17231000
2021-11-09,AVGO,Broadcom,51.153316497802734,51.529308832289956,50.90938098031751,51.28078706120624,15838000
2021-11-10,AVGO,Broadcom,50.32521057128906,51.437599087662505,50.259183919199685,50.83234311588951,18450000
2021-11-11,AVGO,Broadcom,50.93321990966797,51.090954132866564,50.32888048630026,50.684698164890946,14157000
2021-11-12,AVGO,Broadcom,51.650352478027344,51.890621756086,50.858935239519276,51.20925009982498,13592000
2021-11-15,AVGO,Broadcom,51.884212493896484,52.06028825837106,51.339483782269106,52.06028825837106,13972000
2021-11-16,AVGO,Broadcom,52.15932083129883,52.229017186630195,51.60633624181451,51.73014058931124,13194000
2021-11-17,AVGO,Broadcom,52.23910903930664,52.396843272790385,51.73105990846813,52.10154942323514,12532000
2021-11-18,AVGO,Broadcom,52.713218688964844,52.88929441742318,52.23910299067149,52.37299288885328,12712000
2021-11-19,AVGO,Broadcom,52.15473937988281,52.933317968961795,51.89887822142375,52.848029750046685,19612000
2021-11-22,AVGO,Broadcom,50.738807678222656,52.45920199674586,50.665445112586355,52.4261886672952,25898000
2021-11-23,AVGO,Broadcom,50.90754699707031,50.97540675737833,50.303207520191734,50.65994178133462,17109000
2021-11-24,AVGO,Broadcom,51.23859786987305,51.270694644196844,50.19865538521002,50.734218488376534,12084000
2021-11-26,AVGO,Broadcom,50.12528991699219,51.10745465253029,49.82541335764862,50.60032214938872,14219000
2021-11-29,AVGO,Broadcom,51.75305938720703,52.04743663886296,50.775480912251986,51.00657767209929,18703000
2021-11-30,AVGO,Broadcom,50.77548599243164,51.81267536116539,50.62142147045233,51.65494113701632,22574000
2021-12-01,AVGO,Broadcom,50.874534606933594,52.13273182843078,50.7433943408434,51.674204420076585,21980000
2021-12-02,AVGO,Broadcom,50.66268539428711,51.27344415396102,49.88777655969293,50.07760405400059,22619000
2021-12-03,AVGO,Broadcom,51.18265914916992,52.18041584882336,50.474693481081985,51.80808975113211,20305000
2021-12-06,AVGO,Broadcom,51.811763763427734,52.12264598830571,50.98366338033596,51.78150008706396,22482000
2021-12-07,AVGO,Broadcom,54.142906188964844,54.38775820791648,52.45552553001491,52.45552553001491,29562000
2021-12-08,AVGO,Broadcom,53.97417068481445,54.192432250915466,53.412017103319755,54.192432250915466,17998000
2021-12-09,AVGO,Broadcom,53.502803802490234,54.1282343727965,53.41384938570472,53.41384938570472,29080000
2021-12-10,AVGO,Broadcom,57.92851257324219,59.12710237895576,56.728089665573115,57.22238001061313,57087000
2021-12-13,AVGO,Broadcom,57.009620666503906,58.17978331514448,56.97018798756163,58.14126718711446,26898000
2021-12-14,AVGO,Broadcom,56.39061737060547,56.73084321588949,55.540505785486154,56.65931375356342,35956000
2021-12-15,AVGO,Broadcom,58.67866516113281,58.77036923661774,55.971519852902965,56.451138394638654,29092000
2021-12-16,AVGO,Broadcom,56.91976547241211,58.75204220911973,56.077909727963814,58.449412406500414,42748000
2021-12-17,AVGO,Broadcom,58.229305267333984,58.690585780496896,56.40803452963805,56.63087885553913,50661000
2021-12-20,AVGO,Broadcom,59.15279006958008,59.250000462677505,57.324183094341784,57.435148751065924,32770000
2021-12-21,AVGO,Broadcom,59.64284896850586,59.94095065771011,58.44859034225713,59.81450951936353,36534000
2021-12-22,AVGO,Broadcom,60.46980285644531,60.6507016910628,58.99866813345361,59.3733760830697,28383000
2021-12-23,AVGO,Broadcom,61.35580062866211,61.90308796519479,60.55562394260776,60.55562394260776,23596000
2021-12-27,AVGO,Broadcom,62.23072052001953,62.41714673763741,61.32440998412855,61.355793185968814,19442000
2021-12-28,AVGO,Broadcom,61.74342727661133,62.55190570925698,61.561613102917576,62.53252092864511,17247000
2021-12-29,AVGO,Broadcom,62.076602935791016,62.48176105257294,61.75450434534833,61.81726371786966,14797000
2021-12-30,AVGO,Broadcom,61.38164520263672,62.36178423465035,61.267202468636825,62.121822754801556,11473000
2021-12-31,AVGO,Broadcom,61.4120979309082,61.95661804154687,61.21459567332656,61.55607199988649,12046000
2022-01-03,AVGO,Broadcom,61.21919250488281,61.992597887181965,61.02537995232555,61.496071603580596,22591000
2022-01-04,AVGO,Broadcom,61.920623779296875,62.03783374256682,60.65714177826167,61.17859444195979,21103000
2022-01-05,AVGO,Broadcom,59.34382629394531,61.947385785717486,59.252450970014465,61.947385785717486,34961000
2022-01-06,AVGO,Broadcom,58.7928466796875,59.86527992817005,58.55288872374754,59.08172075341183,28581000
2022-01-07,AVGO,Broadcom,57.14265823364258,59.05864254997779,57.078976455225984,58.683934712811926,27832000
2022-01-10,AVGO,Broadcom,57.32817459106445,57.40938929118806,55.704753713511224,56.19298193180677,29793000
2022-01-11,AVGO,Broadcom,57.41031265258789,57.959448350695396,56.71996660849292,56.80949007399366,19037000
2022-01-12,AVGO,Broadcom,57.405696868896484,58.235401386497806,57.19711508126695,57.91422521706085,18806000
2022-01-13,AVGO,Broadcom,55.11593246459961,57.94837431603416,54.83536363275782,57.91053772972934,30048000
2022-01-14,AVGO,Broadcom,55.040245056152344,55.4103337875084,54.636928293264994,54.98579093836313,25661000
2022-01-18,AVGO,Broadcom,53.32545471191406,54.54832580692088,53.159328641312,54.2972918728697,35825000
2022-01-19,AVGO,Broadcom,52.04997634887695,53.96596059001103,51.990910163861386,53.67524173517045,22692000
2022-01-20,AVGO,Broadcom,50.550235748291016,52.61942546538174,50.46255711396857,52.42191969494908,25225000
2022-01-21,AVGO,Broadcom,49.212921142578125,51.259036248751265,49.03848630295128,50.45055791140354,38010000
2022-01-24,AVGO,Broadcom,49.983558654785156,50.16168314815023,47.382766426702055,48.99695583578128,54256000
2022-01-25,AVGO,Broadcom,49.296905517578125,50.33611409605785,48.38136731567716,48.7302299459954,38158000
2022-01-26,AVGO,Broadcom,51.41777801513672,52.991356538399714,50.76711699995336,50.94524149079912,49715000
2022-01-27,AVGO,Broadcom,50.050926208496094,52.63049215110686,49.93279384523022,52.58065363008428,34183000
2022-01-28,AVGO,Broadcom,51.692806243896484,51.7297239307006,49.13539210960343,50.147836609854565,30254000
2022-01-31,AVGO,Broadcom,54.072105407714844,54.11732834683798,51.31441445271732,51.62820778406072,40288000
2022-02-01,AVGO,Broadcom,54.703369140625,54.812273839265195,53.14363402583898,54.07117055253387,25719000
2022-02-02,AVGO,Broadcom,55.691829681396484,55.81827083681034,54.78736737513776,55.28297839952713,24443000
2022-02-03,AVGO,Broadcom,53.60786819458008,55.28481697702074,53.5404967606984,54.975639271093634,30602000
2022-02-04,AVGO,Broadcom,54.46711349487305,55.05501522479297,53.1731776488108,53.195329671642995,20548000
2022-02-07,AVGO,Broadcom,54.23361587524414,55.5210912992949,53.91336212419926,54.46711340478109,18671000
2022-02-08,AVGO,Broadcom,55.395565032958984,55.54600301856965,54.17454232250852,54.30282828833304,14570000
2022-02-09,AVGO,Broadcom,56.42185592651367,56.45692878625562,55.519238524178675,56.05361202321022,22004000
2022-02-10,AVGO,Broadcom,54.57786178588867,56.7264212171324,54.320363906681344,54.94149009576506,24920000
2022-02-11,AVGO,Broadcom,52.922142028808594,55.35311873922309,52.5215960086839,54.57786485702675,27281000
2022-02-14,AVGO,Broadcom,53.39836120605469,53.78875355196847,52.612953882423426,53.06795393300564,19291000
2022-02-15,AVGO,Broadcom,55.63091278076172,55.93270765567985,54.29083171982316,54.36281874525976,34284000
2022-02-16,AVGO,Broadcom,55.117774963378906,55.45002714276249,54.19577622178892,54.827052546085866,22931000
2022-02-17,AVGO,Broadcom,53.43712615966797,54.598160217571305,53.4269725642899,54.42465132678859,21424000
2022-02-18,AVGO,Broadcom,53.52849578857422,54.243757453882864,52.90921447146057,53.61617441051862,19708000
2022-02-22,AVGO,Broadcom,53.29499816894531,54.471723931602334,52.58896411961688,53.52849919743643,20204000
2022-02-23,AVGO,Broadcom,52.162574768066406,53.99734082315221,52.121041490856264,53.55064597311675,22416000
2022-02-24,AVGO,Broadcom,53.5294189453125,54.05456122890885,50.67021003113417,50.90647829011692,35316000
2022-02-25,AVGO,Broadcom,54.268680572509766,54.395121716595966,52.97567077408768,53.51373392635961,22380000
2022-02-28,AVGO,Broadcom,54.21607971191406,54.66461944842808,53.19532984654897,53.621717560157954,25005000
2022-03-01,AVGO,Broadcom,52.61758041381836,54.232692391092364,52.172730344987094,53.97150483821406,24898000
2022-03-02,AVGO,Broadcom,54.062870025634766,54.501259649559195,52.9369087058732,53.02366140002527,21771000
2022-03-03,AVGO,Broadcom,53.40021514892578,54.79382445403809,53.00612603856709,54.79197962579849,26454000
2022-03-04,AVGO,Broadcom,55.00517654418945,55.920714857244825,53.89951881255474,54.709842058773496,44757000
2022-03-07,AVGO,Broadcom,52.67109680175781,55.26265751465194,52.60649261879136,55.105762647637384,26494000
2022-03-08,AVGO,Broadcom,53.1556396484375,55.010709432427326,52.016753988591624,52.8067734875533,26993000
2022-03-09,AVGO,Broadcom,55.1002311706543,55.526622349408605,54.175465310071544,54.340668963512336,22560000
2022-03-10,AVGO,Broadcom,54.24283981323242,54.45418882612704,53.19440351706959,54.04256681097509,19323000
2022-03-11,AVGO,Broadcom,53.33100128173828,54.86120550103629,53.263629836869626,54.636935621773226,19813000
2022-03-14,AVGO,Broadcom,52.40346145629883,53.52758155082543,52.12197022558281,53.24885756261563,25234000
2022-03-15,AVGO,Broadcom,54.70707321166992,55.07623954727962,53.07165757846393,53.27746859391423,28260000
2022-03-16,AVGO,Broadcom,56.032386779785156,56.08683737775026,53.90412745462727,55.06608758345186,29454000
2022-03-17,AVGO,Broadcom,55.62168502807617,56.021312150592344,55.156534815962274,55.81088554577978,18174000
2022-03-18,AVGO,Broadcom,56.336029052734375,56.59444584260616,55.00517554356524,55.74166691536455,41538000
2022-03-21,AVGO,Broadcom,55.869590759277344,56.270059407175715,54.71464221280665,56.270059407175715,25789000
2022-03-22,AVGO,Broadcom,56.80339050292969,57.004089132820205,55.68746670621137,55.90953850139231,19262000
2022-03-23,AVGO,Broadcom,55.692115783691406,56.806182322663986,55.67167481366409,56.49305303271723,13839000
2022-03-24,AVGO,Broadcom,58.20550537109375,58.27890784741821,55.93556152625527,56.36576121510807,26016000
2022-03-25,AVGO,Broadcom,58.43222427368164,58.57531462874799,57.614560544695,58.26590344581111,14538000
2022-03-28,AVGO,Broadcom,58.804805755615234,58.84383393579248,57.21593951137451,58.154395160526214,14427000
2022-03-29,AVGO,Broadcom,59.60295867919922,59.95975229904837,58.53720689981632,59.466368914099114,23001000
2022-03-30,AVGO,Broadcom,58.63849639892578,59.86499017840585,58.28913193379781,59.361384452959825,18626000
2022-03-31,AVGO,Broadcom,58.50748062133789,59.37346254865331,58.35602886452708,58.58181529436643,21731000
2022-04-01,AVGO,Broadcom,58.25661087036133,58.961843901036744,57.48633322753453,58.69424332732385,16267000
2022-04-04,AVGO,Broadcom,58.987850189208984,59.161603738564395,58.02802496333235,58.20456446747843,16484000
2022-04-05,AVGO,Broadcom,57.06170654296875,58.747209513619765,56.9576408326701,58.49540664831574,19778000
2022-04-06,AVGO,Broadcom,55.9355583190918,56.82662441982213,55.170856192160315,55.94299107702442,23742000
2022-04-07,AVGO,Broadcom,56.033119201660156,56.4596042537034,55.12161214206608,55.73393031795474,16583000
2022-04-08,AVGO,Broadcom,54.54181671142578,55.61871596841433,54.4461124183691,55.506285311188364,20464000
2022-04-11,AVGO,Broadcom,53.948081970214844,54.75366605738742,53.83844081300934,54.1311256013016,23512000
2022-04-12,AVGO,Broadcom,54.362483978271484,55.61871217452839,54.09302613335955,54.737864822280365,17350000
2022-04-13,AVGO,Broadcom,55.05657196044922,55.44403238168082,54.45354383610125,54.68118755560286,20266000
2022-04-14,AVGO,Broadcom,53.3199577331543,55.47654540164644,53.22797160612272,55.28420819460108,27385000
2022-04-18,AVGO,Broadcom,54.495357513427734,54.933922129444895,53.227049712247975,53.227049712247975,21375000
2022-04-19,AVGO,Broadcom,55.52858352661133,55.6289310716985,53.83193342083613,53.83193342083613,16581000
2022-04-20,AVGO,Broadcom,55.537879943847656,56.99759290092764,55.297227993953655,56.13997591669608,13920000
2022-04-21,AVGO,Broadcom,55.07422637939453,57.224310348700186,54.88189268048415,56.26448497972988,20352000
2022-04-22,AVGO,Broadcom,54.537174224853516,55.63265723613227,54.47306180717194,54.83079123369399,21064000
2022-04-25,AVGO,Broadcom,54.62357711791992,54.70534454119938,53.06630273584441,54.02984262255635,26959000
2022-04-26,AVGO,Broadcom,52.039588928222656,54.39873318859402,52.00613974016356,54.24449191831962,35809000
2022-04-27,AVGO,Broadcom,51.99032974243164,52.96966729432325,51.56849152287581,51.641893988898694,19313000
2022-04-28,AVGO,Broadcom,53.79291534423828,54.35784398430346,51.844462169796415,52.5850052380043,22334000
2022-04-29,AVGO,Broadcom,51.511817932128906,53.73158617695397,51.41983178976405,53.205682204192684,26108000
2022-05-02,AVGO,Broadcom,53.55225372314453,53.672117131639055,51.69671910415725,51.767335619147836,26725000
2022-05-03,AVGO,Broadcom,54.00010681152344,54.51857794372733,53.12669229025436,53.520660311969905,17064000
2022-05-04,AVGO,Broadcom,56.08979797363281,56.127893958369256,53.332042823997156,54.0577202928301,23896000
2022-05-05,AVGO,Broadcom,53.890464782714844,55.5518046866289,53.36084275148754,55.21359120923126,32806000
2022-05-06,AVGO,Broadcom,53.900691986083984,54.818706723382704,52.909278319909156,53.421245418894735,20745000
2022-05-09,AVGO,Broadcom,52.30438995361328,53.70556578639146,52.05816257745456,53.22983385264827,30074000
2022-05-10,AVGO,Broadcom,54.02054977416992,54.927413507701495,53.129483751278244,53.936925051906705,29271000
2022-05-11,AVGO,Broadcom,52.6937141418457,54.32718423250015,52.57756887130092,53.38779980983341,26660000
2022-05-12,AVGO,Broadcom,53.10811996459961,53.29766770179662,51.87140400864924,52.348993275163814,25518000
2022-05-13,AVGO,Broadcom,54.65703582763672,54.96830429890327,53.2874481740137,53.617303858190155,19449000
2022-05-16,AVGO,Broadcom,54.139488220214844,54.74065906709731,53.67304985194008,54.29837627710603,14189000
2022-05-17,AVGO,Broadcom,56.506988525390625,56.58596999306282,55.15598824385183,55.326952302178825,24676000
2022-05-18,AVGO,Broadcom,53.01519775390625,55.81662073606317,52.60729638414548,55.749722373580525,35024000
2022-05-19,AVGO,Broadcom,50.75175476074219,52.10275848486451,50.078113746295834,51.84723752381429,34884000
2022-05-20,AVGO,Broadcom,50.47115707397461,51.567568651547575,47.61398286584566,51.46628890364867,40281000
2022-05-23,AVGO,Broadcom,48.907379150390625,49.76313525689162,47.783090283861526,48.68809683189036,58586000
2022-05-24,AVGO,Broadcom,48.70668029785156,49.140601706019496,47.96242260296928,48.93525623820488,25060000
2022-05-25,AVGO,Broadcom,49.39704513549805,49.9378181810752,48.67880390773982,48.67880390773982,17842000
2022-05-26,AVGO,Broadcom,51.165245056152344,51.52854638174093,49.03374471610058,49.388684631446395,39743000
2022-05-27,AVGO,Broadcom,54.1961669921875,54.39872648818739,52.03400706366158,52.22727295361207,37301000
2022-05-31,AVGO,Broadcom,53.90348815917969,54.54460881302642,53.51974229200123,54.30953230329106,30009000
2022-06-01,AVGO,Broadcom,53.2985954284668,54.90790626895633,52.81635936733234,54.59570562287882,18345000
2022-06-02,AVGO,Broadcom,53.588478088378906,53.68418235038171,52.78846971240749,53.68232504756739,29488000
2022-06-03,AVGO,Broadcom,52.341552734375,52.92506491987506,52.124127756042625,52.85723791088663,20562000
2022-06-06,AVGO,Broadcom,52.147369384765625,53.21497509970848,51.80450902676076,53.10347663198088,14557000
2022-06-07,AVGO,Broadcom,53.24005889892578,53.384077890004036,51.803572961506006,52.083253078409456,15895000
2022-06-08,AVGO,Broadcom,52.53110122680664,53.54481658179092,52.23191237260007,53.131339782849885,24004000
2022-06-09,AVGO,Broadcom,51.681854248046875,53.30045157013164,51.65490562734102,52.1408598291053,18787000
2022-06-10,AVGO,Broadcom,50.29275894165039,51.20055147293862,50.14873994186005,51.112279933984624,24018000
2022-06-13,AVGO,Broadcom,48.09529495239258,49.52434474870334,47.94662914157831,48.946407871257804,31619000
2022-06-14,AVGO,Broadcom,48.33222579956055,48.778226749136074,47.81375456932841,48.778226749136074,24380000
2022-06-15,AVGO,Broadcom,48.93989562988281,49.6014571374827,47.90016023432464,49.166610687856796,19141000
2022-06-16,AVGO,Broadcom,46.196083068847656,47.79888992803308,45.74079559350523,47.568456690610255,37244000
2022-06-17,AVGO,Broadcom,46.33266830444336,46.491552807089164,45.33102886814113,45.99352258841564,43504000
2022-06-21,AVGO,Broadcom,47.19646453857422,47.865387053667284,47.11402278970198,47.225509279907875,21901000
2022-06-22,AVGO,Broadcom,46.47789001464844,47.19646412818734,46.29988331306514,46.49756410098429,24721000
2022-06-23,AVGO,Broadcom,46.52285385131836,47.0072115676194,46.00102066859611,47.0072115676194,16707000
2022-06-24,AVGO,Broadcom,47.69486999511719,47.948760374055205,46.979105052155404,47.311691763411595,21201000
2022-06-27,AVGO,Broadcom,47.378204345703125,48.15861314841678,47.107452532303675,48.13613001561281,13207000
2022-06-28,AVGO,Broadcom,46.69805145263672,48.16892966979029,46.666197661144004,48.02465304434871,15667000
2022-06-29,AVGO,Broadcom,45.94480895996094,46.46195683269867,45.59442084265202,46.41979961199962,14444000
2022-06-30,AVGO,Broadcom,45.51384735107422,46.25678073370978,45.03604412008481,45.721831530099905,18890000
2022-07-01,AVGO,Broadcom,44.76715850830078,45.369560600719545,43.97925539779331,44.9142477174613,21315000
2022-07-05,AVGO,Broadcom,44.62288284301758,44.6819050832029,43.46210497165997,44.22003059002518,20711000
2022-07-06,AVGO,Broadcom,45.21405792236328,45.63002634605967,44.547944489733446,45.01918976758916,22975000
2022-07-07,AVGO,Broadcom,46.70647430419922,46.97348072345162,45.72932465921635,45.72932465921635,21319000
2022-07-08,AVGO,Broadcom,46.72053527832031,46.80860227501387,45.906399816597116,46.186522341872575,12713000
2022-07-11,AVGO,Broadcom,45.23747634887695,46.05816982127012,45.06134593317941,45.85861991783713,21449000
2022-07-12,AVGO,Broadcom,45.09788513183594,46.14998230080441,44.9760916442795,45.70216366866228,21159000
2022-07-13,AVGO,Broadcom,45.13161087036133,45.497924103700726,44.2472098286327,44.49922752922583,17665000
2022-07-14,AVGO,Broadcom,45.404232025146484,45.59535116666399,44.35400416264673,45.19905690472986,19957000
2022-07-15,AVGO,Broadcom,46.32423782348633,46.3504699358242,45.54382890757728,45.984156713697836,18714000
2022-07-18,AVGO,Broadcom,46.005699157714844,47.06904310537206,45.736820031625086,46.858246302100284,18042000
2022-07-19,AVGO,Broadcom,47.68644714355469,47.90660749598957,46.458215913230724,46.54347028732507,27257000
2022-07-20,AVGO,Broadcom,47.94594955444336,48.49308207294333,47.262038373639875,47.737029010940574,27412000
2022-07-21,AVGO,Broadcom,48.4996337890625,48.511809918917784,47.40724874310826,48.01902153695256,13912000
2022-07-22,AVGO,Broadcom,48.01621627807617,48.69731842298074,47.469087320700325,48.605506029681386,17867000
2022-07-25,AVGO,Broadcom,48.071495056152344,48.09116914121971,47.45503681685091,47.823226329275045,15061000
2022-07-26,AVGO,Broadcom,47.88224411010742,48.41812968392077,47.678941676218244,48.213894473333546,17958000
2022-07-27,AVGO,Broadcom,49.44680404663086,49.671653250234016,48.42936988823659,48.54835073042615,25699000
2022-07-28,AVGO,Broadcom,49.992061614990234,50.26468971830467,48.771325002312246,49.521756336245446,14867000
2022-07-29,AVGO,Broadcom,50.16726303100586,50.38742694670852,49.67915629905789,49.83936160795347,18482000
2022-08-01,AVGO,Broadcom,50.25063705444336,50.571044049629634,49.69507384723673,49.78782615609499,11485000
2022-08-02,AVGO,Broadcom,49.7672119140625,50.51576696571155,49.39434070093258,49.955522008577454,13072000
2022-08-03,AVGO,Broadcom,51.222171783447266,51.34021629331946,50.03984683573377,50.14946061600291,19228000
2022-08-04,AVGO,Broadcom,51.789913177490234,51.82270332037601,51.060095730220056,51.37863007847795,16293000
2022-08-05,AVGO,Broadcom,51.66249465942383,51.71495888101055,50.898010896507195,51.049785457974835,14357000
2022-08-08,AVGO,Broadcom,51.10880661010742,51.80770650718031,50.47267436316718,51.46668907418722,13722000
2022-08-09,AVGO,Broadcom,49.91617202758789,50.52982110621798,49.443057719168166,50.50546169839676,20072000
2022-08-10,AVGO,Broadcom,51.56599807739258,51.623147626835085,50.51951910046749,51.15846042674046,19519000
2022-08-11,AVGO,Broadcom,51.09943771362305,52.25553045226484,50.98888759187309,51.89764797588302,14268000
2022-08-12,AVGO,Broadcom,52.29863357543945,52.31549503517691,51.12005399313787,51.322416526989926,18399000
2022-08-15,AVGO,Broadcom,52.36702346801758,52.44478346056897,51.57443478394303,51.923886575085405,14329000
2022-08-16,AVGO,Broadcom,51.68216323852539,52.271449318070104,51.15377210287812,52.23210115607052,14782000
2022-08-17,AVGO,Broadcom,50.45862579345703,51.031986859995335,49.751291540139775,51.000133070314625,19022000
2022-08-18,AVGO,Broadcom,52.31923294067383,52.51691010549925,50.74342300331885,50.91018630721464,23459000
2022-08-19,AVGO,Broadcom,51.380496978759766,52.05035574253155,51.32803275606595,51.60815525190818,16923000
2022-08-22,AVGO,Broadcom,49.5367431640625,50.88020597199247,49.377477809293616,50.8314907298496,18555000
2022-08-23,AVGO,Broadcom,49.633243560791016,50.36774622551719,49.55173460416658,50.01454551195398,9003000
2022-08-24,AVGO,Broadcom,49.7325553894043,49.7756525353692,49.03927709459145,49.61263817937805,11883000
2022-08-25,AVGO,Broadcom,51.539764404296875,51.572554542515036,49.865587506374766,49.97707397631651,17345000
2022-08-26,AVGO,Broadcom,48.79755401611328,51.620329007711874,48.716984990221206,51.418902869124956,25682000
2022-08-29,AVGO,Broadcom,48.17173767089844,48.97369339692554,47.96750244339662,48.71699394313491,16580000
2022-08-30,AVGO,Broadcom,47.44192123413086,48.52119044554829,46.97348859040456,48.42094374406726,18282000
2022-08-31,AVGO,Broadcom,46.75988006591797,47.79511572127453,46.51910572921978,47.79511572127453,32445000
2022-09-01,AVGO,Broadcom,46.09470748901367,46.21462469742894,45.04822845873066,46.04411596483394,31930000
2022-09-02,AVGO,Broadcom,46.863868713378906,48.69918722970466,46.68399291744248,48.52961486345739,40426000
2022-09-06,AVGO,Broadcom,46.67462921142578,47.218012803803404,45.941062791259,46.70554665280893,24738000
2022-09-07,AVGO,Broadcom,47.323875427246094,47.72672777573285,46.75707237271412,47.11589122476091,20440000
2022-09-08,AVGO,Broadcom,47.96094512939453,48.03682884420249,46.72147061714707,47.08684750534497,22535000
2022-09-09,AVGO,Broadcom,48.941837310791016,49.27629671327321,48.28977638905052,48.28977638905052,23019000
2022-09-12,AVGO,Broadcom,49.5657844543457,49.771895924687165,49.144198008802626,49.34936955480126,18157000
2022-09-13,AVGO,Broadcom,47.185211181640625,48.55490603739361,47.00064650277061,48.13987406486731,35136000
2022-09-14,AVGO,Broadcom,47.85039138793945,48.061184630965606,47.10277263472855,47.511246638859895,20605000
2022-09-15,AVGO,Broadcom,46.85637664794922,47.92627511878626,46.58843385495175,47.67988268447492,36574000
2022-09-16,AVGO,Broadcom,47.07746887207031,47.188955327235306,45.893271503295864,46.62964677672013,59012000
2022-09-19,AVGO,Broadcom,47.0156364440918,47.16085296493275,46.32048556995566,46.32048556995566,17948000
2022-09-20,AVGO,Broadcom,46.19308090209961,46.73365187329533,45.88016823059341,46.46851810335346,17132000
2022-09-21,AVGO,Broadcom,45.54877853393555,47.22471192902137,45.51382143549017,46.3848550254852,20669000
2022-09-22,AVGO,Broadcom,45.12081527709961,45.649856661438136,44.685296733121916,45.57616926916586,23540000
2022-09-23,AVGO,Broadcom,44.27717971801758,45.1567146561582,43.64610684094149,44.86951869174715,29649000
2022-09-26,AVGO,Broadcom,43.67066955566406,44.71364150593816,43.58091991778514,44.3055192267511,19361000
2022-09-27,AVGO,Broadcom,43.905906677246094,44.39149320964517,43.12745894367086,44.3593759249326,17850000
2022-09-28,AVGO,Broadcom,44.02021408081055,44.28379056799823,43.112335109156845,43.58375133996738,27605000
2022-09-29,AVGO,Broadcom,42.52472686767578,43.586593791460196,42.02874690075654,43.54219106833803,39997000
2022-09-30,AVGO,Broadcom,41.946556091308594,43.25121622170744,41.911598994165416,42.42363757935061,27202000
2022-10-03,AVGO,Broadcom,43.1529655456543,43.54691401489475,42.22619162700021,42.44064441034993,21479000
2022-10-04,AVGO,Broadcom,45.333377838134766,45.36171831233179,44.01076711696801,44.26017338060981,27277000
2022-10-05,AVGO,Broadcom,45.80007553100586,46.110887397749515,44.53981801114667,44.64279369994409,18493000
2022-10-06,AVGO,Broadcom,45.29936981201172,46.26298560365879,45.22568241474929,45.704655902691634,17250000
2022-10-07,AVGO,Broadcom,43.502506256103516,44.71741661275127,43.36457709774016,44.626722776381705,28425000
2022-10-10,AVGO,Broadcom,41.350433349609375,43.46660610264484,40.796824693979715,43.45716047952757,33454000
2022-10-11,AVGO,Broadcom,40.694801330566406,41.444908581382286,40.20543439022982,41.114257678333615,28046000
2022-10-12,AVGO,Broadcom,40.67685317993164,41.163383940238326,40.43500410291598,40.835565623147446,15046000
2022-10-13,AVGO,Broadcom,41.37594985961914,41.92388621047774,39.21253772763064,39.43454775741362,27980000
2022-10-14,AVGO,Broadcom,40.349029541015625,41.94182978711678,40.28384356703185,41.877588015100265,22816000
2022-10-17,AVGO,Broadcom,41.130313873291016,41.68486675920751,40.943260974645916,41.52521013320999,24120000
2022-10-18,AVGO,Broadcom,41.07929992675781,42.37545493620772,40.638112562637495,42.34333405126543,20341000
2022-10-19,AVGO,Broadcom,41.12370681762695,41.407126020265416,40.7061424420597,40.928152469008225,12702000
2022-10-20,AVGO,Broadcom,40.651336669921875,41.774612576233686,40.447277342888306,41.10763845102995,23402000
2022-10-21,AVGO,Broadcom,42.486934661865234,42.5747959008879,40.54458862931531,40.82044697231075,26980000
2022-10-24,AVGO,Broadcom,43.1284065246582,43.34285933111311,42.61731208179543,42.770355712489646,25287000
2022-10-25,AVGO,Broadcom,43.46377182006836,43.85960864262815,43.15768102704485,43.26726971162779,18246000
2022-10-26,AVGO,Broadcom,43.56863784790039,44.56815127670836,43.01692119646223,43.26727165463187,29291000
2022-10-27,AVGO,Broadcom,43.02259063720703,44.47462547798994,42.976299514935945,44.02871709800967,18512000
2022-10-28,AVGO,Broadcom,44.67585754394531,44.81189471732397,43.04621163516453,43.169970577916374,23094000
2022-10-31,AVGO,Broadcom,44.41322326660156,44.66735055537262,43.930469351254466,44.10429982623705,19259000
2022-11-01,AVGO,Broadcom,44.203495025634766,45.047128717892406,43.756642410711734,44.949825456420704,16324000
2022-11-02,AVGO,Broadcom,43.08210754394531,45.3891136323197,43.052819264575135,44.42833409742485,21070000
2022-11-03,AVGO,Broadcom,41.956939697265625,42.7826262093831,41.69619943330004,42.60124214799277,23887000
2022-11-04,AVGO,Broadcom,43.957862854003906,44.29701875675743,42.82230863564318,43.16052033643601,28891000
2022-11-07,AVGO,Broadcom,44.8950309753418,45.13309963060047,43.60548882219933,44.096740573227656,17687000
2022-11-08,AVGO,Broadcom,45.54594421386719,46.17796497615998,44.73253934901157,45.46469958911948,20743000
2022-11-09,AVGO,Broadcom,44.3518180847168,45.252140018718585,44.31025156914273,45.20490108286416,23695000
2022-11-10,AVGO,Broadcom,47.85673522949219,47.91341618555509,46.02586610987002,46.38580171310874,33970000
2022-11-11,AVGO,Broadcom,48.945045471191406,49.031018305895465,47.4249919845637,47.68951269496267,26728000
2022-11-14,AVGO,Broadcom,48.48496627807617,49.599737264582785,48.46418302304374,48.689973430109326,21608000
2022-11-15,AVGO,Broadcom,49.543052673339844,50.31299887786827,48.73909357708657,50.06642523389557,23315000
2022-11-16,AVGO,Broadcom,48.34420394897461,48.98755866475241,48.207218983136435,48.815620206933914,25405000
2022-11-17,AVGO,Broadcom,48.38010787963867,48.439625045786705,47.53269371072873,47.70841260290022,20375000
2022-11-18,AVGO,Broadcom,48.66824722290039,48.91104049746767,48.27524293057712,48.82979587319544,14536000
2022-11-21,AVGO,Broadcom,48.88364028930664,49.205789758080805,48.285632476439815,48.458515141540715,18622000
2022-11-22,AVGO,Broadcom,50.07493591308594,50.0966633709546,49.031963878022644,49.40607329482281,18920000
2022-11-23,AVGO,Broadcom,50.414100646972656,51.1547624430019,49.956858094168794,50.10328872702996,13964000
2022-11-25,AVGO,Broadcom,50.061710357666016,50.50289416016531,50.02108804759036,50.135397757782854,7455000
2022-11-28,AVGO,Broadcom,49.33427429199219,49.95306537265522,48.77027575891338,49.62052246760827,23505000
2022-11-29,AVGO,Broadcom,49.25680923461914,49.67815400254331,48.63707391729005,49.40890865582958,12694000
2022-11-30,AVGO,Broadcom,52.05696487426758,52.11648204122879,48.92049126147019,49.51377452687477,47349000
2022-12-01,AVGO,Broadcom,52.0305061340332,52.18827435694642,51.20009490545311,52.05695820484921,23006000
2022-12-02,AVGO,Broadcom,51.090511322021484,51.27000700730953,50.64460291292115,50.73624096149875,19320000
2022-12-05,AVGO,Broadcom,50.130672454833984,50.96580832409516,49.64414173499013,50.80425968421456,18548000
2022-12-06,AVGO,Broadcom,49.675315856933594,50.4074724039478,49.29081303173295,50.13161406968212,19655000
2022-12-07,AVGO,Broadcom,48.98377990722656,49.59784996740034,48.7523242831162,49.08769978853207,16524000
2022-12-08,AVGO,Broadcom,50.172237396240234,50.2988289256285,49.16138275349362,49.20200866264595,27514000
2022-12-09,AVGO,Broadcom,51.46084213256836,52.20906098729918,51.10940436572907,52.04846014805488,37028000
2022-12-12,AVGO,Broadcom,52.585994720458984,52.60866998123056,51.2265422022519,51.46366661551451,23416000
2022-12-13,AVGO,Broadcom,53.94735336303711,54.9676502691453,53.3795743429907,54.39893065078197,40414000
2022-12-14,AVGO,Broadcom,54.26854705810547,55.3275776482092,53.634637985617076,53.71210579056316,35218000
2022-12-15,AVGO,Broadcom,52.715431213378906,53.51749842184081,52.68709073653067,53.261479116681116,36876000
2022-12-16,AVGO,Broadcom,52.51799392700195,52.885490402653694,52.04185653547952,52.66348035218936,49549000
2022-12-19,AVGO,Broadcom,52.35794448852539,53.010475524516266,51.98547401127984,52.77613661715001,25092000
2022-12-20,AVGO,Broadcom,51.82353210449219,52.29792965826567,51.52822373356806,51.93307946374745,29831000
2022-12-21,AVGO,Broadcom,53.46297073364258,53.52774853168065,52.10265151041987,52.17123762958124,25619000
2022-12-22,AVGO,Broadcom,52.68754196166992,52.863774906609905,52.12646149969035,52.71231058143426,27553000
2022-12-23,AVGO,Broadcom,52.62467956542969,52.738038897167726,52.15028193633086,52.39319686656625,13761000
2022-12-27,AVGO,Broadcom,52.73041915893555,53.165759696867575,52.101700935477204,52.54084979464256,16677000
2022-12-28,AVGO,Broadcom,51.906410217285156,53.13336543493935,51.673975459207625,52.549420482161786,15410000
2022-12-29,AVGO,Broadcom,53.137176513671875,53.5934736977051,52.440824283510004,52.569427796717584,18176000
2022-12-30,AVGO,Broadcom,53.262916564941406,53.31245380636477,52.20362196225097,52.56656438167888,14376000
2023-01-03,AVGO,Broadcom,52.72469711303711,54.06691579705673,52.468445817039395,53.82209673126179,20173000
2023-01-04,AVGO,Broadcom,53.368656158447266,54.12312158046387,52.96761235752058,53.63062357122344,17074000
2023-01-05,AVGO,Broadcom,52.87139892578125,53.33055596852193,52.49988413858309,52.93712880049114,16277000
2023-01-06,AVGO,Broadcom,56.05404281616211,56.298861871261494,53.564891014940734,53.64300519475722,35261000
2023-01-09,AVGO,Broadcom,54.95474624633789,57.315298489612374,53.39914517789475,56.422708688054676,37739000
2023-01-10,AVGO,Broadcom,54.76803207397461,54.78708457970076,52.39223948172167,54.488919951179625,44635000
2023-01-11,AVGO,Broadcom,55.07381057739258,55.09286308090447,54.00022762344663,54.584172502206805,22502000
2023-01-12,AVGO,Broadcom,55.4358024597168,55.73777901647056,54.6565721231231,54.8308972660905,19514000
2023-01-13,AVGO,Broadcom,55.15574264526367,55.43485476567643,54.93378440764765,54.97950969422136,19647000
2023-01-17,AVGO,Broadcom,55.17860794067383,55.76160084933955,54.73088310840292,54.76517980153139,15835000
2023-01-18,AVGO,Broadcom,54.70706558227539,55.97117006925433,54.65276794024633,55.55678625092345,15703000
2023-01-19,AVGO,Broadcom,53.65253448486328,54.304117128503506,53.3753265097845,54.21457071088132,22692000
2023-01-20,AVGO,Broadcom,54.37270736694336,54.42796073043496,53.26101914161771,53.63444175824119,22950000
2023-01-23,AVGO,Broadcom,55.406280517578125,55.70730505240647,54.27744759670753,54.488925708550774,23429000
2023-01-24,AVGO,Broadcom,55.730159759521484,55.888292285881995,54.834713797504634,55.102397322858394,13825000
2023-01-25,AVGO,Broadcom,55.792083740234375,55.91496750124653,54.87377327790598,55.02904593653764,13766000
2023-01-26,AVGO,Broadcom,57.020938873291016,57.20955249562308,55.847329272959485,56.242660576394776,24525000
2023-01-27,AVGO,Broadcom,56.29792022705078,57.08477101813838,56.22171382732096,56.519878497781676,19344000
2023-01-30,AVGO,Broadcom,55.389129638671875,56.166452244876616,55.22814087195293,55.53678201484731,16984000
2023-01-31,AVGO,Broadcom,55.72825622558594,55.93973431657608,55.32149630883941,55.448192020612915,23719000
2023-02-01,AVGO,Broadcom,57.41817092895508,57.94686610243463,55.50820010975318,55.591074686194005,26553000
2023-02-02,AVGO,Broadcom,57.70586395263672,58.40793229197478,57.13239549146033,57.88304899486128,24188000
2023-02-03,AVGO,Broadcom,56.92949676513672,57.9221095320327,56.798989084816085,56.965693986378405,19093000
2023-02-06,AVGO,Broadcom,57.28004837036133,57.4629458840789,56.41889546249617,56.52177463260719,18709000
2023-02-07,AVGO,Broadcom,58.5327262878418,58.776593296887604,57.12954163095628,57.21908805299963,24025000
2023-02-08,AVGO,Broadcom,57.3191032409668,58.12595847496268,57.215268360784314,57.79254508896061,15290000
2023-02-09,AVGO,Broadcom,57.100013732910156,58.5784527349344,56.725639038478235,58.356494469926574,18837000
2023-02-10,AVGO,Broadcom,56.51319885253906,57.00950514920292,56.168356878208,56.80469526769819,21035000
2023-02-13,AVGO,Broadcom,57.26290512084961,57.297198180605,56.53416397394422,56.679912203325294,19847000
2023-02-14,AVGO,Broadcom,57.37625503540039,57.687756030725964,56.51986622676083,56.60083664448629,17571000
2023-02-15,AVGO,Broadcom,57.888763427734375,57.94496523218887,56.8418494708013,57.047615084109935,12683000
2023-02-16,AVGO,Broadcom,57.2076530456543,58.00784015398665,57.11334622672322,57.22765763251525,17449000
2023-02-17,AVGO,Broadcom,56.736114501953125,57.23718491251172,56.43699776442477,57.15621448079854,14215000
2023-02-21,AVGO,Broadcom,55.397701263427734,56.497957102644456,55.235760418648574,56.20360443437407,22737000
2023-02-22,AVGO,Broadcom,54.88615798950195,55.54535727568672,54.498446929371134,55.465338928240485,23475000
2023-02-23,AVGO,Broadcom,55.61300277709961,55.81686062930176,54.64896688322081,55.798760200384685,18939000
2023-02-24,AVGO,Broadcom,55.03667449951172,55.27386968553931,54.64229521329534,55.015714196890315,15353000
2023-02-27,AVGO,Broadcom,55.770172119140625,56.184555964375264,55.65681279287459,55.810184927010965,18321000
2023-02-28,AVGO,Broadcom,56.61227798461914,57.02094572731963,55.458672830835845,55.7806540271899,27822000
2023-03-01,AVGO,Broadcom,56.54368591308594,56.985694617027654,56.23218488040136,56.584650800820015,15484000
2023-03-02,AVGO,Broadcom,57.027610778808594,57.24575707001764,55.834948595832046,56.14549754388279,27525000
2023-03-03,AVGO,Broadcom,60.276947021484375,60.55987113702225,58.65656807563305,58.84232548907134,46088000
2023-03-06,AVGO,Broadcom,60.29217529296875,61.352421907646615,60.17881598055786,60.49031697812715,24983000
2023-03-07,AVGO,Broadcom,59.55200958251953,60.56462688153293,59.395784840803366,60.47794033752049,19334000
2023-03-08,AVGO,Broadcom,60.22930908203125,60.27407865461096,59.411021590745186,59.80254095107883,20912000
2023-03-09,AVGO,Broadcom,59.30146789550781,61.19905812127984,59.24050206068503,60.02163658544126,21775000
2023-03-10,AVGO,Broadcom,58.56892395019531,60.029262416211495,58.377450438843624,59.84160085971752,26098000
2023-03-13,AVGO,Broadcom,58.72514343261719,59.479605179810875,57.81159708597333,57.831601670924066,22364000
2023-03-14,AVGO,Broadcom,60.24836349487305,60.33505367520496,58.91852900614875,59.38435427134696,25893000
2023-03-15,AVGO,Broadcom,59.63679504394531,60.02069417319713,58.699432009693425,59.79206771341827,22963000
2023-03-16,AVGO,Broadcom,60.633209228515625,60.68750686768809,58.85279029415126,59.237645070743326,31716000
2023-03-17,AVGO,Broadcom,60.10642623901367,60.92566587246056,59.735863516647534,60.63321733880902,79303000
2023-03-20,AVGO,Broadcom,61.32004165649414,61.41815679305814,60.166436585820186,60.275031872526796,25857000
2023-03-21,AVGO,Broadcom,61.093605041503906,62.03771098380189,60.861415202142474,61.701901501284645,25000000
2023-03-22,AVGO,Broadcom,60.534236907958984,62.22096668320951,60.510252608943,61.10799345951453,25799000
2023-03-23,AVGO,Broadcom,61.3315544128418,62.19027144718914,60.592769863849405,61.29989132901594,27162000
2023-03-24,AVGO,Broadcom,61.0379524230957,61.33826306600128,60.306843086671265,61.216412729946725,17228000
2023-03-27,AVGO,Broadcom,60.142784118652344,61.31908365559355,60.06123090344546,61.309490666765925,14707000
2023-03-28,AVGO,Broadcom,59.937461853027344,60.11400066138964,59.37713761597877,59.98831091519464,12439000
2023-03-29,AVGO,Broadcom,60.014217376708984,60.83071943914494,59.93170522889287,60.71270481466914,26395000
2023-03-30,AVGO,Broadcom,60.80576705932617,61.02644238222911,60.37880772544132,60.70790101419487,21523000
2023-03-31,AVGO,Broadcom,61.553184509277344,61.618428538180325,60.0535490775233,60.49778017367732,22097000
2023-04-03,AVGO,Broadcom,61.642417907714844,61.77961849805499,61.063863009437156,61.309485226188386,15682000
2023-04-04,AVGO,Broadcom,60.86909866333008,61.81224940537175,60.637867738995354,61.70766716132819,13429000
2023-04-05,AVGO,Broadcom,60.350990295410156,60.60908232407337,60.033407827217026,60.55535280196809,16908000
2023-04-06,AVGO,Broadcom,59.739810943603516,60.29246004901029,59.387688605222316,59.885649257812844,14493000
2023-04-10,AVGO,Broadcom,60.195556640625,60.24161104058488,59.14590941083126,59.29942285734778,15400000
2023-04-11,AVGO,Broadcom,59.637149810791016,60.53040673403785,59.56518958703927,60.52081008551147,16518000
2023-04-12,AVGO,Broadcom,59.16988754272461,60.20802380929559,59.127672538851286,60.190755698642356,14112000
2023-04-13,AVGO,Broadcom,59.8933219909668,60.11016158793,59.20922591148675,59.39728288391592,17265000
2023-04-14,AVGO,Broadcom,59.4423713684082,60.256955465732325,59.02692656128087,59.53256228831897,17465000
2023-04-17,AVGO,Broadcom,60.19267272949219,60.28669938411899,59.276386823205286,59.353145367418335,13201000
2023-04-18,AVGO,Broadcom,60.66856002807617,60.9736690029891,60.17060309020455,60.601398135491394,16806000
2023-04-19,AVGO,Broadcom,60.87771987915039,61.09743624255807,60.01900299176979,60.13797652392701,19060000
2023-04-20,AVGO,Broadcom,60.7357292175293,61.667369090994875,60.17156925203826,60.2406490184109,20239000
2023-04-21,AVGO,Broadcom,60.72421646118164,60.8105679964673,59.67744611658101,60.503541128795845,14807000
2023-04-24,AVGO,Broadcom,60.88156509399414,61.295092062900444,60.617715826297065,60.795213559463534,12338000
2023-04-25,AVGO,Broadcom,59.68032455444336,61.02068942382426,59.653459794285375,60.828796711246206,23670000
2023-04-26,AVGO,Broadcom,59.12096405029297,59.78682951111159,58.86383094222631,59.48364200188908,17179000
2023-04-27,AVGO,Broadcom,59.33395004272461,59.49513857805947,57.87749230839353,59.12094986101827,18250000
2023-04-28,AVGO,Broadcom,60.110164642333984,60.137029402610544,58.964569279042045,59.39728590209609,16183000
2023-05-01,AVGO,Broadcom,61.208740234375,61.30852414801889,60.08137562678672,60.110161911524614,17030000
2023-05-02,AVGO,Broadcom,58.75157165527344,60.110167295013056,58.04924480555083,60.039165999699236,28357000
2023-05-03,AVGO,Broadcom,58.83407974243164,59.673607140194704,58.75732485500449,59.189078874386304,19816000
2023-05-04,AVGO,Broadcom,58.542396545410156,58.906992284889824,57.69135838911289,58.52704630165793,17684000
2023-05-05,AVGO,Broadcom,60.457481384277344,60.58700684572289,58.850386965345244,59.097927035252475,24876000
2023-05-08,AVGO,Broadcom,60.35578155517578,60.516014839614336,59.54215998629295,60.42486497973499,13934000
2023-05-09,AVGO,Broadcom,59.34355926513672,59.87701876514947,59.08929930296546,59.7484485546793,16990000
2023-05-10,AVGO,Broadcom,60.088096618652344,60.254083510385314,59.320529398529764,59.684166267713366,19174000
2023-05-11,AVGO,Broadcom,60.222415924072266,60.30013340319415,59.293660206139926,60.117837345803935,14430000
2023-05-12,AVGO,Broadcom,60.556312561035156,60.70502767275293,59.89044716320609,60.290541761609234,11942000
2023-05-15,AVGO,Broadcom,61.3862419128418,61.407349415048685,60.29917443877114,60.62539094027932,14614000
2023-05-16,AVGO,Broadcom,61.54359436035156,62.06842344530877,61.28358447015142,61.44956769820008,14967000
2023-05-17,AVGO,Broadcom,63.081607818603516,63.41069744965017,61.844862676699165,62.11063346288176,24133000
2023-05-18,AVGO,Broadcom,65.04177856445312,65.1818559427201,62.94055932967169,62.94055932967169,26389000
2023-05-19,AVGO,Broadcom,65.45915222167969,65.7182105018822,65.0907243522004,65.2432752015765,22968000
2023-05-22,AVGO,Broadcom,65.08688354492188,65.69230693908762,64.67911745291029,65.3776012604634,17796000
2023-05-23,AVGO,Broadcom,65.86691284179688,67.06527858822977,65.43707675074177,66.26413058098308,36088000
2023-05-24,AVGO,Broadcom,65.19817352294922,65.65679225461027,64.86524086072922,65.38142483700787,23021000
2023-05-25,AVGO,Broadcom,69.92543029785156,70.26987749205111,66.27661051028657,67.10558228702277,49263000
2023-05-26,AVGO,Broadcom,77.9781723022461,78.19404927511759,71.67356330516465,71.71289418493267,82500000
2023-05-30,AVGO,Broadcom,77.0772476196289,88.44109183747791,76.64260949451239,80.12641238490289,116912000
2023-05-31,AVGO,Broadcom,77.5205307006836,78.83595251680106,75.80981621070882,76.2674761292702,89998000
2023-06-01,AVGO,Broadcom,75.79252624511719,77.31231015095936,75.33294127298377,76.8162637755035,80792000
2023-06-02,AVGO,Broadcom,77.90814208984375,79.0374282825826,75.52868560234567,75.85874151102905,62815000
2023-06-05,AVGO,Broadcom,76.97746276855469,77.63948505111436,76.22716011217763,77.63948505111436,26222000
2023-06-06,AVGO,Broadcom,75.79733276367188,76.9486817257137,74.49054883691612,76.9486817257137,37823000
2023-06-07,AVGO,Broadcom,76.04966735839844,77.27969267371759,75.55842291450165,75.78006083597727,28957000
2023-06-08,AVGO,Broadcom,77.15977478027344,77.23749227341126,75.6802875719692,76.26843558187267,21909000
2023-06-09,AVGO,Broadcom,77.2000503540039,78.45982443299012,77.12905273176492,77.31327029659289,19241000
2023-06-12,AVGO,Broadcom,82.068359375,82.32165671269972,77.82370561288201,77.82370561288201,51065000
2023-06-13,AVGO,Broadcom,81.66154479980469,82.82632604992477,80.6905704537273,82.62196356514367,38990000
2023-06-14,AVGO,Broadcom,85.02542877197266,85.25186140683903,81.28737609068345,82.12018379988548,43524000
2023-06-15,AVGO,Broadcom,84.7615737915039,85.19716357876013,83.57087923322601,84.85560045801327,33814000
2023-06-16,AVGO,Broadcom,83.2916488647461,85.38711424651947,83.03643371032277,85.32282916158772,68299000
2023-06-20,AVGO,Broadcom,83.28398895263672,84.15133995294575,82.61044484650506,82.76875658922955,27535000
2023-06-21,AVGO,Broadcom,81.76287078857422,83.53189465587087,81.46771213012683,82.9531531983991,23229000
2023-06-22,AVGO,Broadcom,81.2583999633789,81.88344487874487,80.57162694122435,81.51498224417186,23464000
2023-06-23,AVGO,Broadcom,79.30223846435547,80.6401000703066,78.98393547782541,80.44622468177553,37413000
2023-06-26,AVGO,Broadcom,79.25208282470703,80.73462419772102,79.11607937427011,79.57714144757644,21372000
2023-06-27,AVGO,Broadcom,81.83423614501953,81.9885711053486,79.19131250169987,79.93210117762992,24923000
2023-06-28,AVGO,Broadcom,81.78987121582031,82.811350567815,80.74041993906114,80.90150319640642,19445000
2023-06-29,AVGO,Broadcom,83.20103454589844,83.22707102534952,81.64228247637581,82.41779866561082,23386000
2023-06-30,AVGO,Broadcom,83.66981506347656,84.35852341417618,83.37080027808531,83.774954466875,23145000
2023-07-03,AVGO,Broadcom,84.53890228271484,84.56687420876155,83.42771549675813,83.78460960291093,9038000
2023-07-05,AVGO,Broadcom,83.13253784179688,84.58325829337168,83.12193338607044,83.66691115763265,14440000
2023-07-06,AVGO,Broadcom,81.79566192626953,82.36475554956084,81.44165996518221,81.50628754755101,23939000
2023-07-07,AVGO,Broadcom,81.67508697509766,82.75926576832852,81.47349190391648,82.0300456033868,19409000
2023-07-10,AVGO,Broadcom,84.66333770751953,84.80223329685917,81.82267490396842,81.82267490396842,30622000
2023-07-11,AVGO,Broadcom,85.08002471923828,85.17166018251122,83.39973704993335,84.98935329754008,25498000
2023-07-12,AVGO,Broadcom,85.84204864501953,86.57898125810303,85.07520866178483,85.75041316934956,28197000
2023-07-13,AVGO,Broadcom,85.881591796875,86.70918844015786,84.71542519682997,86.70918844015786,25912000
2023-07-14,AVGO,Broadcom,85.70988464355469,87.13455402883453,85.47645413263189,85.47645413263189,18510000
2023-07-17,AVGO,Broadcom,87.80976867675781,88.08563176490604,85.82563853819485,85.94428189056975,26819000
2023-07-18,AVGO,Broadcom,87.14228057861328,87.76635400786301,86.64359142925407,87.3882436486204,24513000
2023-07-19,AVGO,Broadcom,86.9435806274414,87.3872826258329,85.4253475293678,86.54810278766634,24118000
2023-07-20,AVGO,Broadcom,85.68673706054688,87.48662473754409,85.46102622997536,86.09185529024144,28268000
2023-07-21,AVGO,Broadcom,86.49794006347656,87.88691782430492,86.21628540163383,87.24451294224968,74287000
2023-07-24,AVGO,Broadcom,86.96479034423828,87.33615239715225,86.2548657285286,86.8885942660053,19992000
2023-07-25,AVGO,Broadcom,88.54668426513672,89.04729406181947,86.87121702848965,86.87121702848965,20042000
2023-07-26,AVGO,Broadcom,86.1449203491211,87.8358127184106,85.6201946524107,87.67955701082113,19877000
2023-07-27,AVGO,Broadcom,86.18736267089844,87.76154716412826,85.46104184939266,87.63132793824961,21922000
2023-07-28,AVGO,Broadcom,86.79117584228516,87.1548255989945,86.2278664366983,86.74584380745101,18791000
2023-07-31,AVGO,Broadcom,86.68122100830078,86.90789591318254,85.9433243550804,86.57029733966618,14952000
2023-08-01,AVGO,Broadcom,88.74058532714844,88.80038535046523,86.589587466542,86.71305839826844,19683000
2023-08-02,AVGO,Broadcom,86.06871032714844,88.06537285554077,85.87482758774196,87.99785315106743,26877000
2023-08-03,AVGO,Broadcom,85.3626480102539,86.36097566665123,84.98646572128142,85.52083914613075,18281000
2023-08-04,AVGO,Broadcom,85.04144287109375,86.19603354401079,84.24277488367339,85.36264534093505,21156000
2023-08-07,AVGO,Broadcom,86.5278549194336,86.55775492955762,85.39062426117488,85.62308340953754,11146000
2023-08-08,AVGO,Broadcom,85.18709564208984,85.90473263472917,84.24566853135661,85.85554443514549,14081000
2023-08-09,AVGO,Broadcom,82.05897521972656,85.22276801803318,81.86509985507071,85.14464386274047,24672000
2023-08-10,AVGO,Broadcom,81.30372619628906,83.09782963330892,80.74138087958778,82.28951389371392,20186000
2023-08-11,AVGO,Broadcom,80.03628540039062,80.67676231028778,79.43053606814082,80.44623124493896,20331000
2023-08-14,AVGO,Broadcom,82.38404083251953,82.39175316432113,79.80670170540502,80.16841595417633,17688000
2023-08-15,AVGO,Broadcom,81.2670669555664,82.43419744381904,80.6825413494615,81.91236397331207,14035000
2023-08-16,AVGO,Broadcom,80.34784698486328,82.42263391930726,80.24849182001348,81.77540872166449,16003000
2023-08-17,AVGO,Broadcom,79.77970123291016,80.96805540016294,79.7710174997319,80.68736476381963,19228000
2023-08-18,AVGO,Broadcom,79.65815734863281,79.88290411409685,78.3231880545189,79.09484805232599,17759000
2023-08-21,AVGO,Broadcom,83.44893646240234,83.6611433641877,80.23016339570826,80.45104667206724,30012000
2023-08-22,AVGO,Broadcom,82.54706573486328,84.37588950974434,82.07345636517482,84.2466416989415,17079000
2023-08-23,AVGO,Broadcom,84.55241394042969,84.70771296942952,81.9885854130059,82.06286078142249,19692000
2023-08-24,AVGO,Broadcom,82.41878509521484,87.76251270622431,82.22587371654629,87.03811995581465,30934000
2023-08-25,AVGO,Broadcom,82.16411590576172,83.8636916239626,80.79924656349326,82.66569712846082,24181000
2023-08-28,AVGO,Broadcom,83.05732727050781,83.35152188264391,81.70981777657336,82.6049415139017,14306000
2023-08-29,AVGO,Broadcom,85.84010314941406,86.12079379378213,82.60782623156408,82.79880949417853,27822000
2023-08-30,AVGO,Broadcom,86.06678009033203,86.6870047265372,84.7964455278454,86.07739190719734,23234000
2023-08-31,AVGO,Broadcom,89.01934051513672,89.09457255888145,86.2105058364148,86.61948762562669,55203000
2023-09-01,AVGO,Broadcom,84.1607894897461,86.991804421117,83.40264066506455,86.991804421117,65017000
2023-09-05,AVGO,Broadcom,84.12701416015625,85.17164500899172,83.62832510920673,83.8704319650643,24808000
2023-09-06,AVGO,Broadcom,84.13666534423828,84.62859880924287,83.60326337540704,84.15885301753684,20142000
2023-09-07,AVGO,Broadcom,82.66666412353516,83.11615032612075,81.07415582707448,82.90490748577923,27789000
2023-09-08,AVGO,Broadcom,82.7168197631836,83.03320201594701,82.00014684571946,82.47085669949473,16810000
2023-09-11,AVGO,Broadcom,82.87019348144531,83.82126099590785,81.5689875293015,83.79907332089138,15710000
2023-09-12,AVGO,Broadcom,81.45999145507812,82.78627719889212,81.18412101785358,82.01172497043106,16680000
2023-09-13,AVGO,Broadcom,82.27120208740234,82.86731102573333,81.43299357432457,81.71754042085503,17413000
2023-09-14,AVGO,Broadcom,84.0759048461914,84.56108268192752,82.47085658692174,82.85957875227011,19648000
2023-09-15,AVGO,Broadcom,82.15062713623047,83.74024354485884,81.30373492476805,83.74024354485884,50190000
2023-09-18,AVGO,Broadcom,81.98857879638672,82.59915568579797,81.02400728113511,81.272869852327,16541000
2023-09-19,AVGO,Broadcom,81.9113998413086,82.08791510868632,80.87930875884699,81.60177325247967,13126000
2023-09-20,AVGO,Broadcom,80.55073547363281,82.43413648673925,80.5294036497264,82.43413648673925,13681000
2023-09-21,AVGO,Broadcom,78.39677429199219,79.76810829783973,77.10982050910557,77.11175909367377,53654000
2023-09-22,AVGO,Broadcom,80.40623474121094,80.55170994648277,78.59266703290785,78.67607054818298,27764000
2023-09-25,AVGO,Broadcom,80.87271118164062,81.32562209489252,79.81754440287212,80.30148745691861,15648000
2023-09-26,AVGO,Broadcom,79.1561279296875,80.5216383690828,78.67315414808431,80.41495705672021,17641000
2023-09-27,AVGO,Broadcom,79.21627044677734,79.88253674531565,78.01078172001039,79.45388022005945,15352000
2023-09-28,AVGO,Broadcom,80.68942260742188,81.35472693711893,79.00969121689623,79.5421211398948,16180000
2023-09-29,AVGO,Broadcom,80.55170440673828,81.85708919767535,79.8078504659115,81.12098959307967,16481000
2023-10-02,AVGO,Broadcom,80.97553253173828,81.32563937915087,79.86507887985867,80.40430128643644,14676000
2023-10-03,AVGO,Broadcom,79.02423095703125,81.05309969628746,78.45009192878716,80.20450304867798,18761000
2023-10-04,AVGO,Broadcom,79.89514923095703,80.55172264277007,79.16681119688047,79.55765054910268,16417000
2023-10-05,AVGO,Broadcom,79.9000015258789,80.36260549130071,79.08728328787942,79.53631716209054,11474000
2023-10-06,AVGO,Broadcom,81.97542572021484,82.27897696749184,78.722629007895,79.46745978805077,21103000
2023-10-09,AVGO,Broadcom,83.00537872314453,83.07618145237285,81.25484432096243,81.5099087667727,15760000
2023-10-10,AVGO,Broadcom,83.25074768066406,84.62207419514836,82.98986009022404,83.12854286930505,14718000
2023-10-11,AVGO,Broadcom,84.81700134277344,84.89264312141327,83.07034440180708,83.37681088224174,14334000
2023-10-12,AVGO,Broadcom,87.82733154296875,89.02312717909331,84.99835277821762,84.99835277821762,43871000
2023-10-13,AVGO,Broadcom,85.65299987792969,89.79706439464834,85.54728783472382,88.15708858501158,28312000
2023-10-16,AVGO,Broadcom,87.53347778320312,88.8155847654585,86.40847750036099,86.40847750036099,21150000
2023-10-17,AVGO,Broadcom,85.77130889892578,86.60341284739306,83.98682739398888,85.84404280028924,33008000
2023-10-18,AVGO,Broadcom,86.02638244628906,86.86043246676908,84.87907347265825,85.33974622753385,20404000
2023-10-19,AVGO,Broadcom,84.16431427001953,86.26495542735178,83.95483616910712,86.02541447016418,26620000
2023-10-20,AVGO,Broadcom,82.78716278076172,84.84997929871868,82.61356329317498,84.84997929871868,26953000
2023-10-23,AVGO,Broadcom,83.6202392578125,84.72390042283838,81.73877666031464,83.20709144022366,16456000
2023-10-24,AVGO,Broadcom,85.45223236083984,85.63553214712009,83.70751406652367,83.79286356132617,14972000
2023-10-25,AVGO,Broadcom,82.39922332763672,85.22141709284061,82.05493966161255,85.06042581827896,21432000
2023-10-26,AVGO,Broadcom,80.18029022216797,82.86379452006298,79.36466402753264,82.23243745554593,27917000
2023-10-27,AVGO,Broadcom,81.30622863769531,81.48565125299854,80.35385851589548,80.49545654422893,18236000
2023-10-30,AVGO,Broadcom,81.58650970458984,82.37982714499095,80.21905321172572,81.57196292480839,20889000
2023-10-31,AVGO,Broadcom,81.59815216064453,81.9986917660321,80.7476168561297,81.84254695062387,14747000
2023-11-01,AVGO,Broadcom,82.72024536132812,82.80656415939347,81.03565995132179,81.65925518380503,18684000
2023-11-02,AVGO,Broadcom,84.50083923339844,85.39308374745711,83.40493978137008,83.59890179793516,18759000
2023-11-03,AVGO,Broadcom,85.6044921875,86.07194992542004,84.47756069702224,85.10212513752799,18041000
2023-11-06,AVGO,Broadcom,85.42509460449219,85.9158228520267,84.49212491932175,85.49588993443413,12870000
2023-11-07,AVGO,Broadcom,87.07280731201172,87.45589224876869,84.97216645530409,85.5695833224323,19365000
2023-11-08,AVGO,Broadcom,88.36365509033203,88.5362852839472,87.18725997298282,87.28424098312871,15280000
2023-11-09,AVGO,Broadcom,88.38789367675781,90.17431375218683,88.11440533071018,88.4965135815243,24486000
2023-11-10,AVGO,Broadcom,92.8626708984375,93.00135366620209,89.05028952970771,89.39264203366653,36272000
2023-11-13,AVGO,Broadcom,91.83563232421875,92.36612371651513,91.21009110452,92.13821426737553,16893000
2023-11-14,AVGO,Broadcom,94.36007690429688,94.72958437725698,92.64252087227212,93.33012634018664,23886000
2023-11-15,AVGO,Broadcom,94.59673309326172,95.21257405113363,93.7733526005128,94.99532679513433,16099000
2023-11-16,AVGO,Broadcom,93.05953979492188,93.94693036848288,92.18378812516566,93.4911115318714,26198000
2023-11-17,AVGO,Broadcom,94.82269287109375,95.42010240736552,92.23034687790538,92.92959128472097,19789000
2023-11-20,AVGO,Broadcom,96.56644439697266,96.96989195276271,94.36397560691486,94.36397560691486,18674000
2023-11-21,AVGO,Broadcom,95.15921783447266,96.10964205281066,94.23109473403323,94.55792375815318,43344000
2023-11-22,AVGO,Broadcom,94.26698303222656,95.81773959337335,94.17000201618558,95.40071456513758,33743000
2023-11-24,AVGO,Broadcom,94.9332504272461,95.0292621446797,93.7578246088286,94.55405001827916,23158000
2023-11-27,AVGO,Broadcom,92.15664672851562,95.14079403135355,92.06838934451072,94.66945905327705,96962000
2023-11-28,AVGO,Broadcom,91.77937316894531,92.21676066681079,90.59715500633384,91.15771658903627,39025000
2023-11-29,AVGO,Broadcom,91.2440414428711,93.04791645158026,91.10244338860534,91.97237945152712,34843000
2023-11-30,AVGO,Broadcom,89.77959442138672,91.39823086156636,89.06580326880469,91.26051738955093,49571000
2023-12-01,AVGO,Broadcom,90.1937255859375,90.57195674646046,88.06011353174766,89.46247966215014,29612000
2023-12-04,AVGO,Broadcom,89.60892486572266,90.28779941561756,88.87864082947715,89.28597295859174,25009000
2023-12-05,AVGO,Broadcom,88.55664825439453,88.9591264776992,87.8515880940769,88.40924185372029,37066000
2023-12-06,AVGO,Broadcom,87.63725280761719,89.31796096079141,87.58488143605254,89.25880454433769,24813000
2023-12-07,AVGO,Broadcom,89.44306182861328,89.623453743816,87.63724848748471,87.82151757100434,43517000
2023-12-08,AVGO,Broadcom,91.58056640625,92.20416163226342,88.30546875570451,89.98423099604975,69668000
2023-12-11,AVGO,Broadcom,99.81826782226562,100.81427107282724,92.72399586169456,92.81321514105917,101184000
2023-12-12,AVGO,Broadcom,103.99236297607422,104.68191433701267,99.36630227380672,99.69701582126743,90242000
2023-12-13,AVGO,Broadcom,105.68084716796875,106.65939565965374,103.04776881847035,103.57729828407686,71654000
2023-12-14,AVGO,Broadcom,107.3101577758789,108.76198725485614,105.73806947610909,105.92233857553803,66964000
2023-12-15,AVGO,Broadcom,109.56499481201172,111.51822205696652,106.15896883443844,106.21716335855426,118544000
2023-12-18,AVGO,Broadcom,111.2389144897461,111.70637228766722,108.48849245889245,108.6979779547967,54741000
2023-12-19,AVGO,Broadcom,111.0274887084961,112.08750751283088,110.33866900553762,111.26326235374731,36020000
2023-12-20,AVGO,Broadcom,108.18258666992188,111.20091914352034,108.07346729940261,110.35718408709855,34523000
2023-12-21,AVGO,Broadcom,109.8301010131836,110.62219766866404,108.63270912919698,110.35232047725877,24106000
2023-12-22,AVGO,Broadcom,109.31275939941406,110.28899129954002,108.4894878906627,109.89732855379606,19089000
2023-12-26,AVGO,Broadcom,110.27828979492188,110.63000655445622,109.41409844339448,109.5329627564683,16793000
2023-12-27,AVGO,Broadcom,109.72097778320312,111.02652268092866,109.40823333854223,110.6787009668293,20055000
2023-12-28,AVGO,Broadcom,109.35464477539062,110.31236793601462,109.0272866679593,110.25878200058155,21247000
2023-12-29,AVGO,Broadcom,108.7544937133789,109.54659036183699,108.600559576511,109.26209950180774,20558000
2024-01-02,AVGO,Broadcom,105.74687194824219,107.3661275288827,104.9391879395532,106.40353564564049,28831000
2024-01-03,AVGO,Broadcom,103.13578796386719,104.73556110189391,102.81719361172073,104.26790137241268,34735000
2024-01-04,AVGO,Broadcom,102.20339965820312,104.1997042905909,102.04361560371443,103.07538084763432,25658000
2024-01-05,AVGO,Broadcom,102.22970581054688,102.83180982939888,101.47268648272849,102.45574197149686,22475000
2024-01-08,AVGO,Broadcom,104.72093963623047,105.02784154314261,102.49469663293206,102.93312899040635,33110000
2024-01-09,AVGO,Broadcom,105.46530151367188,106.05572053370118,103.73302415068878,103.82167991868435,23225000
2024-01-10,AVGO,Broadcom,105.27824401855469,105.51109643383244,103.52745788292108,105.2568141036838,17643000
2024-01-11,AVGO,Broadcom,107.16931915283203,107.29792092648093,104.68781260889122,105.6435881859863,25757000
2024-01-12,AVGO,Broadcom,107.91952514648438,108.69992933783034,107.1722507256937,108.350160131306,26882000
2024-01-16,AVGO,Broadcom,108.62881469726562,109.72780588572951,107.0378051336568,108.37355117567915,26145000
2024-01-17,AVGO,Broadcom,107.52883911132812,108.44856378762118,106.21745913815245,107.78410262528232,18314000
2024-01-18,AVGO,Broadcom,111.4493408203125,111.70655178509568,109.3029973445413,109.59722563743534,32228000
2024-01-19,AVGO,Broadcom,118.00531005859375,118.5703892696824,112.62725688054512,112.75489233829498,53077000
2024-01-22,AVGO,Broadcom,118.91139221191406,119.96654220223579,117.71496684687814,118.4973184444812,31222000
2024-01-23,AVGO,Broadcom,119.47745513916016,119.54273349569829,117.2570618669471,118.96011189881656,16952000
2024-01-24,AVGO,Broadcom,122.16258239746094,125.15168730167494,119.93536553034977,121.03533776023245,34805000
2024-01-25,AVGO,Broadcom,119.83696746826172,124.80582328545634,119.72005067770682,124.80582328545634,36356000
2024-01-26,AVGO,Broadcom,117.38957214355469,118.98058164408975,116.93653348722898,118.83346375529933,25818000
2024-01-29,AVGO,Broadcom,118.64543914794922,119.22026341163715,117.40030372651485,118.36679075953474,21526000
2024-01-30,AVGO,Broadcom,117.70914459228516,119.64212595002952,117.33209552280317,118.5480035107327,20683000
2024-01-31,AVGO,Broadcom,114.96554565429688,116.64326331235263,114.41117765815234,115.88624400648848,27400000
2024-02-01,AVGO,Broadcom,116.91509246826172,117.21517073139772,114.8788418018393,115.68164964562123,19411000
2024-02-02,AVGO,Broadcom,119.2855224609375,120.29391028206285,117.41587213302806,117.76661507661954,26689000
2024-02-05,AVGO,Broadcom,121.11328125,121.56632732335085,119.07215441349987,119.54078790609987,22045000
2024-02-06,AVGO,Broadcom,119.1208724975586,123.93968194037737,118.07741481716022,123.10764675355756,25354000
2024-02-07,AVGO,Broadcom,122.47338104248047,122.71207593401235,119.5154509334327,120.22668172897473,25768000
2024-02-08,AVGO,Broadcom,124.19786834716797,126.26432757045986,123.2479426035075,123.44182274883319,29326000
2024-02-09,AVGO,Broadcom,125.04354095458984,125.26860336774223,121.68713920547644,121.9833224710313,26293000
2024-02-12,AVGO,Broadcom,123.2469711303711,125.68950569964007,122.66240200295394,125.68366320464177,24778000
2024-02-13,AVGO,Broadcom,121.94629669189453,122.3574418168338,119.55345317503426,120.33580484456317,31907000
2024-02-14,AVGO,Broadcom,122.9760971069336,124.02637830066053,120.93984675158343,123.6600479864942,27306000
2024-02-15,AVGO,Broadcom,123.25379180908203,124.7083946314712,121.283785795427,124.70352588575774,21873000
2024-02-16,AVGO,Broadcom,121.34516143798828,124.28750427947597,121.04410942321685,122.6662937259166,21268000
2024-02-20,AVGO,Broadcom,119.50084686279297,120.58912677330956,118.13782102273349,120.40790536315168,26329000
2024-02-21,AVGO,Broadcom,119.58853149414062,119.64698617469715,117.171329361616,118.6678331093782,20579000
2024-02-22,AVGO,Broadcom,127.13435363769531,127.7267201104394,124.36446133143605,124.8749882862246,40819000
2024-02-23,AVGO,Broadcom,126.30328369140625,128.5685065159281,125.56770917552068,127.47243671041038,23115000
2024-02-26,AVGO,Broadcom,127.5464859008789,128.487647944488,126.79921144450601,127.63125411299521,16282000
2024-02-27,AVGO,Broadcom,126.2896499633789,127.82024970645985,125.89896102286814,127.54647012014149,12126000
2024-02-28,AVGO,Broadcom,125.62615966796875,126.51276189349714,124.99774217114943,125.97495509060779,10967000
2024-02-29,AVGO,Broadcom,126.7046890258789,127.47534822759961,125.41766035884123,126.97943492581912,27536000
2024-03-01,AVGO,Broadcom,136.31895446777344,137.15585844448555,128.60553779820953,129.18329069361698,44488000
2024-03-04,AVGO,Broadcom,136.61997985839844,140.1186378953868,134.95687594662022,136.70669555623883,34854000
2024-03-05,AVGO,Broadcom,130.82203674316406,135.9126788696075,129.8107349690773,135.9126788696075,36040000
2024-03-06,AVGO,Broadcom,131.52838134765625,135.89609955774137,131.24193557718837,135.57946013148046,43196000
2024-03-07,AVGO,Broadcom,137.08277893066406,137.79400230557633,133.75851840850194,134.6451206875726,62832000
2024-03-08,AVGO,Broadcom,127.50650787353516,137.6663516649341,126.81087946498519,135.83956890628687,74025000
2024-03-11,AVGO,Broadcom,125.98665618896484,126.56148039560827,122.03495904768528,124.50672097593153,31105000
2024-03-12,AVGO,Broadcom,125.8658447265625,127.41593439184183,122.68967579877288,127.33895617909376,42789000
2024-03-13,AVGO,Broadcom,122.55230712890625,124.98898430192996,122.01547401791834,124.98898430192996,37838000
2024-03-14,AVGO,Broadcom,122.9809799194336,124.039058659259,121.56242818450593,123.00728601139497,38029000
2024-03-15,AVGO,Broadcom,120.37284088134766,123.4778818225736,119.84380516446882,122.12265334877677,88823000
2024-03-18,AVGO,Broadcom,120.54235076904297,123.04041864851733,120.00259642990383,122.17330620907126,25737000
2024-03-19,AVGO,Broadcom,120.61737823486328,120.83756447427538,117.3057837353209,118.56553267565599,24491000
2024-03-20,AVGO,Broadcom,124.8481216430664,126.02126104130306,120.01367953774488,121.22987622368494,40946000
2024-03-21,AVGO,Broadcom,131.89283752441406,137.33389577479304,128.76185334030336,129.96727814551568,72468000
2024-03-22,AVGO,Broadcom,132.4280548095703,134.6539853151844,131.7118466575634,132.088538225213,38624000
2024-03-25,AVGO,Broadcom,132.2430877685547,132.91428259665776,130.86250792238286,131.60221517493963,21237000
2024-03-26,AVGO,Broadcom,130.27745056152344,135.01796229772262,130.18155702696015,133.52584217864126,23522000
2024-03-27,AVGO,Broadcom,129.0289764404297,132.08853726192024,126.80695753560768,132.08853726192024,25583000
2024-03-28,AVGO,Broadcom,129.6825714111328,130.14048061681382,128.32450506228315,128.94776083158834,19856000
2024-04-01,AVGO,Broadcom,132.11398315429688,133.35855386411527,129.682574933658,129.7089855954184,17252000
2024-04-02,AVGO,Broadcom,130.98878479003906,131.34199191781605,127.530018398455,128.74131072654404,24694000
2024-04-03,AVGO,Broadcom,133.38101196289062,134.71266727774804,129.6688296196269,129.93595195712822,28650000
2024-04-04,AVGO,Broadcom,128.9086151123047,137.37010322098553,128.66400673448248,135.5443489165496,27014000
2024-04-05,AVGO,Broadcom,131.0543212890625,133.1873142401752,128.58573828303858,129.74029766182892,19438000
2024-04-08,AVGO,Broadcom,130.72853088378906,131.3547278719865,128.73741466587566,130.4888193981419,17139000
2024-04-09,AVGO,Broadcom,130.53086853027344,133.01608319407555,128.0417273524135,132.8096351469591,17986000
2024-04-10,AVGO,Broadcom,129.38514709472656,130.6942889822178,128.71101075994738,129.44679188646822,17467000
2024-04-11,AVGO,Broadcom,135.26454162597656,136.18524208452965,129.51037650842707,130.3939019821126,31713000
2024-04-12,AVGO,Broadcom,131.50833129882812,133.70393966717967,130.7794029961524,132.28521383934165,27823000
2024-04-15,AVGO,Broadcom,128.24234008789062,134.04543072210117,127.78346036828319,134.04543072210117,24370000
2024-04-16,AVGO,Broadcom,130.03968811035156,130.75002879886983,128.27263745330438,128.70117985905543,18923000
2024-04-17,AVGO,Broadcom,125.49681854248047,131.79499162138106,125.37842593716422,131.4143885082251,24718000
2024-04-18,AVGO,Broadcom,123.18380737304688,126.47721207020356,122.83841597089464,126.02224405320784,24888000
2024-04-19,AVGO,Broadcom,117.87286376953125,123.28262197699547,117.17327992976246,123.18380222315295,44797000
2024-04-22,AVGO,Broadcom,119.8052749633789,120.66042643308569,117.46486355780483,119.80918654774412,25162000
2024-04-23,AVGO,Broadcom,122.22494506835938,123.07716287996155,120.15360431167987,120.16828021842464,22025000
2024-04-24,AVGO,Broadcom,122.97148132324219,125.78936718355271,121.81106209060337,123.66421243703142,20108000
2024-04-25,AVGO,Broadcom,126.650390625,127.98203121551052,122.98908816234066,124.50077359556775,30410000
2024-04-26,AVGO,Broadcom,131.50833129882812,132.6589642721039,127.5026296086532,128.1748100725924,24100000
2024-04-29,AVGO,Broadcom,130.97508239746094,132.38011763195047,129.7109537886553,131.50931229646997,13372000
2024-04-30,AVGO,Broadcom,127.2227783203125,131.92710067243522,127.10341527387862,130.02208436700482,22113000
2024-05-01,AVGO,Broadcom,121.60560607910156,126.44982749348259,121.45786164438228,125.0761073237566,30958000
2024-05-02,AVGO,Broadcom,121.18584442138672,123.7180278990024,119.69275389311025,122.91864638796821,29480000
2024-05-03,AVGO,Broadcom,125.05457305908203,125.61913264635449,122.02436410138714,123.18479088159945,24898000
2024-05-06,AVGO,Broadcom,128.20513916015625,128.25013731200056,124.75713711294637,125.8480810252115,16287000
2024-05-07,AVGO,Broadcom,127.50064086914062,129.0543906189542,126.87932609760733,128.80488532142766,12413000
2024-05-08,AVGO,Broadcom,129.6786346435547,130.90558802079534,126.07016867267377,126.56037075084562,13918000
2024-05-09,AVGO,Broadcom,127.7510986328125,129.31071553895953,127.39200932140716,128.94087683855486,12170000
2024-05-10,AVGO,Broadcom,130.40562438964844,131.50146520528386,128.69435101131378,128.69435101131378,16300000
2024-05-13,AVGO,Broadcom,130.86647033691406,132.90943704464695,130.14242414814535,131.8928431710952,18507000
2024-05-14,AVGO,Broadcom,135.02676391601562,135.21853604561534,129.7207149939449,130.36060238005965,19420000
2024-05-15,AVGO,Broadcom,140.51968383789062,140.79168822287514,134.04342948080546,135.02381874194919,32757000
2024-05-16,AVGO,Broadcom,138.1675262451172,141.4227704132394,137.4757730494092,139.52462197906328,28395000
2024-05-17,AVGO,Broadcom,136.51986694335938,138.89158601984175,135.1979902663581,138.19592117184592,18174000
2024-05-20,AVGO,Broadcom,138.3534393310547,138.63816385278787,136.31144301541664,136.5893297294337,27170000
2024-05-21,AVGO,Broadcom,136.90243530273438,137.89945645074363,136.34080936802522,136.85155484163892,15333000
2024-05-22,AVGO,Broadcom,136.221435546875,137.4699177482611,135.4367299060918,136.5903039309471,21002000
2024-05-23,AVGO,Broadcom,136.3241729736328,139.8181586014699,134.82815608747003,139.76239612622123,31039000
2024-05-24,AVGO,Broadcom,137.74778747558594,138.30941335748344,136.19990486132235,136.9601556231381,16730000
2024-05-28,AVGO,Broadcom,138.19886779785156,138.66167400024415,136.25080886367343,137.95915631084827,22919000
2024-05-29,AVGO,Broadcom,136.06781005859375,136.89263175143824,135.31735325166264,136.89263175143824,26861000
2024-05-30,AVGO,Broadcom,133.4661865234375,135.29585273361502,132.64037929806747,134.9259989488973,21717000
2024-05-31,AVGO,Broadcom,129.9897918701172,133.31647507107772,127.90670888363367,133.20003824775029,73091000
2024-06-03,AVGO,Broadcom,129.33914184570312,132.382070982956,127.44391939875173,132.35271916890792,26278000
2024-06-04,AVGO,Broadcom,130.21189880371094,130.32637983267387,127.88225166750802,129.19236372457044,23048000
2024-06-05,AVGO,Broadcom,138.26145935058594,138.38473396416612,131.1629198239684,131.6971496287085,32947000
2024-06-06,AVGO,Broadcom,137.10494995117188,139.20075283561036,135.8300571922577,139.12052057200086,20172000
2024-06-07,AVGO,Broadcom,137.63037109375,139.42677356410266,136.68911257387154,137.7419109599114,17859000
2024-06-10,AVGO,Broadcom,140.94041442871094,141.77991208506106,137.87400106150923,137.93955742304283,31042000
2024-06-11,AVGO,Broadcom,142.95208740234375,143.34151402492787,138.56870886311197,140.7183336675718,34844000
2024-06-12,AVGO,Broadcom,146.32569885253906,147.33251370109582,144.45591691060216,146.76502049694244,56697000
2024-06-13,AVGO,Broadcom,164.2780303955078,169.84140856521483,161.68811346644594,167.3121510576385,89061000
2024-06-14,AVGO,Broadcom,169.76214599609375,170.95583621630348,164.5823270898338,165.04805946619322,69705000
2024-06-17,AVGO,Broadcom,178.9427947998047,180.32533103152235,174.0222599224302,176.118063202411,87528000
2024-06-18,AVGO,Broadcom,176.36459350585938,181.16870555597896,174.65136445610713,179.99164719338742,86797000
2024-06-20,AVGO,Broadcom,169.7151641845703,176.58280147678033,168.50778351017973,176.4565707685911,68157000
2024-06-21,AVGO,Broadcom,162.28591918945312,167.70349296160242,161.58046052666955,165.9090463126575,99289000
2024-06-24,AVGO,Broadcom,156.28182983398438,163.03385874780497,156.12969227732336,161.17383558386638,58575000
2024-06-25,AVGO,Broadcom,155.160888671875,157.6392866719004,153.51288183153397,157.05919305677713,53329000
2024-06-26,AVGO,Broadcom,156.26119995117188,158.8308685315344,154.4541810521732,156.8128220798479,46479000
2024-06-27,AVGO,Broadcom,155.73709106445312,157.5980878478136,154.20000441367165,156.26123028855886,31649000
2024-06-28,AVGO,Broadcom,157.58921813964844,160.89701880899528,155.6722822242354,156.6420354380323,69377000
2024-07-01,AVGO,Broadcom,161.05111694335938,161.8314396008908,156.4084360160283,157.8513013004041,47623000
2024-07-02,AVGO,Broadcom,162.68836975097656,162.85719183501746,159.20586011423433,161.05116097748055,32539000
2024-07-03,AVGO,Broadcom,169.72991943359375,169.72991943359375,163.3734660924825,163.91724029120903,39954000
2024-07-05,AVGO,Broadcom,167.18675231933594,173.28801082533178,166.46925850535698,172.31530692096328,45240000
2024-07-08,AVGO,Broadcom,171.3632354736328,172.4468600651686,167.35266226043265,167.35266226043265,36398000
2024-07-09,AVGO,Broadcom,170.13137817382812,173.82885427618757,167.40760946931252,172.41347165704315,37802000
2024-07-10,AVGO,Broadcom,171.24835205078125,173.38811773288228,169.44919595608087,171.3769455745444,41074000
2024-07-11,AVGO,Broadcom,167.44589233398438,173.22912692122205,163.77002818382326,173.2085184061522,51026000
2024-07-12,AVGO,Broadcom,166.92764282226562,169.40505298158084,166.00891639814714,167.94451430616778,30453000
2024-07-15,AVGO,Broadcom,168.25564575195312,170.30706149811613,166.13551499196672,166.86186024597612,22999200
2024-07-16,AVGO,Broadcom,166.25331115722656,169.6199874068122,163.32831009759892,169.2175522642496,22244900
2024-07-17,AVGO,Broadcom,153.1006622314453,159.83402974728705,152.73749708837943,159.3138145510131,43343400
2024-07-18,AVGO,Broadcom,157.556884765625,158.52860027225907,151.0590764913081,155.95696896290187,37973500
2024-07-19,AVGO,Broadcom,154.44537353515625,160.9235305850633,154.21960848067468,158.85247993501903,26309500
2024-07-22,AVGO,Broadcom,158.08688354492188,159.98126417461359,154.98521249993337,157.27220327175053,28813300
2024-07-23,AVGO,Broadcom,160.7468719482422,162.27807254205572,156.9483004997704,157.4390706889218,21570200
2024-07-24,AVGO,Broadcom,148.54629516601562,158.4304124945742,148.3107350956107,157.38998224464495,37162600
2024-07-25,AVGO,Broadcom,146.5047149658203,150.71553167629477,142.83376344882177,148.46779576921818,30872100
2024-07-26,AVGO,Broadcom,148.8309783935547,150.74497921348228,147.15253768862235,150.6664541827778,20839900
2024-07-29,AVGO,Broadcom,147.44699096679688,152.13875259044912,146.39673561473697,149.21376657294806,16625800
2024-07-30,AVGO,Broadcom,140.8706817626953,150.63700570297806,140.70382169270624,150.450510631485,31102300
2024-07-31,AVGO,Broadcom,157.7139129638672,158.35192324525528,148.2126085579133,148.673933769475,45827500
2024-08-01,AVGO,Broadcom,144.30606079101562,155.97657449572202,143.47174553539,154.5925990619924,40320000
2024-08-02,AVGO,Broadcom,141.16514587402344,142.66690147037536,137.0230442360631,139.31002016158166,33745800
2024-08-05,AVGO,Broadcom,139.45726013183594,142.73560143342496,126.12793986482096,127.21745029464459,41309300
2024-08-06,AVGO,Broadcom,141.26329040527344,146.16118231795446,137.6610389897477,139.11371456588614,24751300
2024-08-07,AVGO,Broadcom,133.75453186035156,147.32923915134091,133.32265163196297,145.51338318483064,29749800
2024-08-08,AVGO,Broadcom,143.0496826171875,143.56989775584736,135.84516573962532,138.5934814579193,27583200
2024-08-09,AVGO,Broadcom,145.52316284179688,146.78935824517873,141.44977649371688,141.53811152824582,18438700
2024-08-12,AVGO,Broadcom,145.87652587890625,148.34020180786044,143.6680600330506,145.34650066583262,17778500
2024-08-13,AVGO,Broadcom,153.27735900878906,153.49329910418666,147.0445712115848,148.75245697233348,22053600
2024-08-14,AVGO,Broadcom,154.77911376953125,157.2918548896827,151.86393747605845,155.10302391070806,20184200
2024-08-15,AVGO,Broadcom,163.06329345703125,163.59331862463185,157.38016678075562,158.22429203072417,27945000
2024-08-16,AVGO,Broadcom,162.66087341308594,163.0240385619936,159.67698226260444,161.43394793475716,19296900
2024-08-19,AVGO,Broadcom,164.61415100097656,164.7319310591086,157.45871292708998,161.81675480339456,20441700
2024-08-20,AVGO,Broadcom,162.88662719726562,165.26195317986267,161.11985147302707,163.96632763349973,19417500
2024-08-21,AVGO,Broadcom,162.71975708007812,163.39702231398465,159.87329607245155,162.07193685833124,16097700
2024-08-22,AVGO,Broadcom,159.34326171875,169.23719054789794,158.5089613818946,167.68635495000967,30044500
2024-08-23,AVGO,Broadcom,163.28904724121094,165.17360284689565,160.4425863213689,161.98359682629626,18848000
2024-08-26,AVGO,Broadcom,156.6734619140625,162.64122888846836,155.73119158906601,161.9148986331829,18521200
2024-08-27,AVGO,Broadcom,158.4108123779297,159.03899766585957,152.9534498808292,154.69078066819722,16683100
2024-08-28,AVGO,Broadcom,155.2600555419922,159.28437723139257,153.36568973144605,157.12499131539744,18063600
2024-08-29,AVGO,Broadcom,154.03314208984375,160.1874051630552,152.54121132679558,155.56435783684472,23519300
2024-08-30,AVGO,Broadcom,159.81442260742188,160.22666779748943,155.78029077525986,158.14579186751985,25158500
2024-09-03,AVGO,Broadcom,149.9695587158203,157.77281727242678,148.5855980643896,157.41946211145924,37179100
2024-09-04,AVGO,Broadcom,151.2749786376953,154.87722956033156,146.3967223937893,147.52550266830764,20324100
2024-09-05,AVGO,Broadcom,149.99899291992188,153.47363892446407,147.33901216868497,147.7905272878414,31548500
2024-09-06,AVGO,Broadcom,134.47100830078125,140.85101964351904,134.0783982089972,140.6056345918753,76634600
2024-09-09,AVGO,Broadcom,138.22052001953125,138.97629530957235,132.4097879364111,136.54207942207105,39516700
2024-09-10,AVGO,Broadcom,145.47410583496094,147.09364146582834,138.4364481534656,138.61313320939013,36067500
2024-09-11,AVGO,Broadcom,155.34840393066406,155.93731918677807,142.36261360255423,145.65077994671657,39700800
2024-09-12,AVGO,Broadcom,161.5222930908203,163.24981385785708,153.9349896512357,155.1815502088827,43530700
2024-09-13,AVGO,Broadcom,164.59451293945312,164.97731309838505,161.0118814743084,163.66205254996433,29850000
2024-09-16,AVGO,Broadcom,160.9922637939453,162.44493942115773,157.44890228059847,162.14066428746307,26126900
2024-09-17,AVGO,Broadcom,159.47084045410156,162.95531122424336,157.73351007424108,162.43509610675034,19844300
2024-09-18,AVGO,Broadcom,158.68563842773438,164.37857587794207,158.38136329286934,160.7468793073828,26557600
2024-09-19,AVGO,Broadcom,164.86996459960938,167.41066950466902,163.1367771954097,165.12599903759138,32453100
2024-09-20,AVGO,Broadcom,168.4939422607422,169.3999277243808,163.93445805523265,164.63363546592882,91758500
2024-09-23,AVGO,Broadcom,170.30587768554688,170.68009454791857,165.7857935878104,169.3801928321279,29431100
2024-09-24,AVGO,Broadcom,172.17694091796875,173.30943384024027,169.0650684904488,170.17786183304887,34223400
2024-09-25,AVGO,Broadcom,172.8466033935547,174.44192385107553,171.11340089513442,171.98984442167554,16613800
2024-09-26,AVGO,Broadcom,175.37745666503906,177.50456069355047,172.33452494519466,175.78121544409854,24340000
2024-09-27,AVGO,Broadcom,170.05972290039062,175.75168524259593,169.1438801219307,175.45625160353208,20580900
2024-09-30,AVGO,Broadcom,169.8726043701172,170.286205429766,167.04632294932784,169.25219526745488,16902000
2024-10-01,AVGO,Broadcom,164.9192352294922,169.62642897961734,163.2746731058307,169.53780339228712,23770400
2024-10-02,AVGO,Broadcom,168.0606231689453,170.2074116356848,164.47606584659763,164.99799203443345,14317800
2024-10-03,AVGO,Broadcom,169.27188110351562,172.27542846389568,166.61300877804263,167.03645208101938,13072300
2024-10-04,AVGO,Broadcom,173.94952392578125,174.2055583508475,169.9710654157359,173.61470620999242,17921400
2024-10-07,AVGO,Broadcom,172.41329956054688,175.59409813906677,171.2118805879089,172.15726511730728,15588300
2024-10-08,AVGO,Broadcom,177.9772491455078,178.83400816229985,172.22620334343438,172.74812957051148,20774200
2024-10-09,AVGO,Broadcom,183.1177520751953,183.58059460501644,173.7329067813826,176.5099619603093,25504100
2024-10-10,AVGO,Broadcom,182.8616943359375,183.47224609488148,179.74982177325916,180.76413228793322,16318000
2024-10-11,AVGO,Broadcom,178.71578979492188,179.8088834714814,174.69793236287535,178.38097209884518,23070000
2024-10-14,AVGO,Broadcom,179.53318786621094,182.13297675730618,177.3863992103545,180.50811433526363,17195800
2024-10-15,AVGO,Broadcom,173.29959106445312,178.93246921255107,170.72934416461692,178.036326092086,27657500
2024-10-16,AVGO,Broadcom,174.12680053710938,176.5197811526262,172.6594898337926,175.79104693948779,15285100
2024-10-17,AVGO,Broadcom,178.76507568359375,182.6844512261393,177.93787351355724,178.60750907224036,25232400
2024-10-18,AVGO,Broadcom,177.15005493164062,179.92711009917613,175.95847809826185,179.54305087668496,17835200
2024-10-21,AVGO,Broadcom,177.24851989746094,178.95216550431036,175.53501698694242,176.64781040236917,13695100
2024-10-22,AVGO,Broadcom,176.64781188964844,177.9378564654502,174.70781637406972,175.9387772328695,12062600
2024-10-23,AVGO,Broadcom,170.86721801757812,176.2539042069865,169.94154802765917,174.88507626465145,19513700
2024-10-24,AVGO,Broadcom,168.74012756347656,171.64519230597523,166.91829940601593,171.605793142081,20485200
2024-10-25,AVGO,Broadcom,170.364990234375,174.10711441242884,170.0892561921753,171.5368674269129,19977700
2024-10-28,AVGO,Broadcom,169.39991760253906,171.32021358064068,168.7401243703902,170.36498673038895,13195800
2024-10-29,AVGO,Broadcom,176.5099639892578,177.48487547812135,168.60227177809276,169.81353318693678,23702300
2024-10-30,AVGO,Broadcom,173.94952392578125,176.46068684695004,172.94505575203848,174.7668836623549,17911500
2024-10-31,AVGO,Broadcom,167.18418884277344,171.79289921327515,164.83059221652942,171.79289921327515,26086600
2024-11-01,AVGO,Broadcom,166.3471221923828,168.72041829711068,164.94875248196962,165.69717126283967,17847000
2024-11-04,AVGO,Broadcom,165.98277282714844,169.82336487239834,165.85474808351398,166.7016497943099,13621300
2024-11-05,AVGO,Broadcom,171.25125122070312,171.74363551406498,167.4599011776425,167.4599011776425,13441800
2024-11-06,AVGO,Broadcom,176.81521606445312,177.46516698695774,173.279900178261,176.89399936048798,24300800
2024-11-07,AVGO,Broadcom,181.0103302001953,182.054182605619,179.02109324235573,179.21805900112656,18970600
2024-11-08,AVGO,Broadcom,180.84292602539062,182.23145351836527,179.06049705739446,180.20283237188613,13503200
2024-11-11,AVGO,Broadcom,176.18496704101562,180.83307638359707,174.12680411904432,180.60656876962472,17036700
2024-11-12,AVGO,Broadcom,173.53591918945312,176.82504261795282,170.5619138906947,176.175091753243,15862000
2024-11-13,AVGO,Broadcom,170.93614196777344,172.91552152043272,169.97107291002868,172.04893533702756,17472500
2024-11-14,AVGO,Broadcom,167.78489685058594,172.8958488363226,167.28265519390186,172.10803086665146,20638900
2024-11-15,AVGO,Broadcom,162.32925415039062,166.56376218086552,160.94072680323902,165.90396901498798,20836200
2024-11-18,AVGO,Broadcom,163.14662170410156,163.8162722049967,159.7491728406013,163.1367794270212,17856900
2024-11-19,AVGO,Broadcom,162.83151245117188,164.2594240775195,161.8073445764773,164.12155705896961,18003400
2024-11-20,AVGO,Broadcom,160.76348876953125,163.01860245980697,158.4098921996266,163.01860245980697,17196700
2024-11-21,AVGO,Broadcom,161.44297790527344,163.80641669893456,158.15385415907554,163.71779112510717,24835300
2024-11-22,AVGO,Broadcom,161.7285614013672,162.39821193939696,159.9264328548296,161.79750242388442,17332500
2024-11-25,AVGO,Broadcom,162.30958557128906,164.6828667361483,160.40897415223242,162.88073819838587,26850600
2024-11-26,AVGO,Broadcom,162.23080444335938,163.83596724002217,160.21202556082613,162.0929374235286,16308800
2024-11-27,AVGO,Broadcom,157.23802185058594,160.7142542771958,155.1404596401126,160.7142542771958,19722700
2024-11-29,AVGO,Broadcom,159.611328125,160.21203769111145,156.6570217394774,157.1395638586093,11024000
2024-12-02,AVGO,Broadcom,163.97384643554688,165.81537429777183,160.27112118059466,160.46807193406607,21472400
2024-12-03,AVGO,Broadcom,165.5888671875,165.70704966106547,161.53162455273014,161.97476750605742,17024400
2024-12-04,AVGO,Broadcom,167.962158203125,172.71859314262653,165.99262067255106,170.7982970555927,32748200
2024-12-05,AVGO,Broadcom,167.87353515625,169.77413168929982,166.6228745980587,168.1492692125849,18490000
2024-12-06,AVGO,Broadcom,176.79554748535156,177.92802563338358,166.75090838840444,167.5091845976253,27830800
2024-12-09,AVGO,Broadcom,176.2145233154297,178.0363364952308,173.33900035576553,176.2243655934773,20886300
2024-12-10,AVGO,Broadcom,169.19309997558594,175.7812046725768,167.14477937287467,175.10171189735323,27762600
2024-12-11,AVGO,Broadcom,180.40960693359375,182.0541687144783,173.74271921482105,177.26819265325454,41295200
2024-12-12,AVGO,Broadcom,177.9083251953125,179.22791170815157,173.30945695629623,178.17420193764522,46967200
2024-12-13,AVGO,Broadcom,221.37600708007812,225.2165990049884,207.89452115368664,210.6420192189874,121336600
2024-12-16,AVGO,Broadcom,246.1921844482422,248.04355448373406,227.29446996577457,228.2595391214257,111623200
2024-12-17,AVGO,Broadcom,236.57098388671875,238.77687121492107,230.23892827023693,236.98458494331078,70382100
2024-12-18,AVGO,Broadcom,220.21397399902344,236.19678097240765,215.88099768798963,235.76348033602866,53960100
2024-12-19,AVGO,Broadcom,214.99473571777344,224.57653211662904,214.26600138241665,224.43866508306203,40845200
2024-12-20,AVGO,Broadcom,217.4270782470703,226.78238105135233,215.57572327847583,217.00363491174852,131910400
2024-12-23,AVGO,Broadcom,229.42408752441406,230.46085311505627,222.29500575780116,223.8353587038701,40643800
2024-12-24,AVGO,Broadcom,236.66177368164062,237.20485070824665,231.84323631823355,237.09623530292546,22827200
2024-12-26,AVGO,Broadcom,242.27024841308594,244.16606856382742,234.60797342050913,236.9777448422762,28459000
2024-12-27,AVGO,Broadcom,238.70570373535156,242.68495376498825,233.37371058860117,242.54671735204698,29282200
2024-12-30,AVGO,Broadcom,232.61341857910156,235.76325034497162,228.70327895710832,231.74449531496083,27316800
2024-12-31,AVGO,Broadcom,228.92050170898438,234.46974090498236,228.39717705241836,232.90963558416013,17927700
2025-01-02,AVGO,Broadcom,229.0587158203125,236.48402211110263,227.34063695159,233.1860857110161,31525800
2025-01-03,AVGO,Broadcom,229.62155151367188,233.5119383624822,226.1162528771396,230.64844839086723,24973200
2025-01-06,AVGO,Broadcom,233.43296813964844,238.70571961251028,230.36213077175054,233.52183118245577,34028400
2025-01-07,AVGO,Broadcom,225.76080322265625,236.4840470441068,224.7339062656484,236.4840470441068,25928600
2025-01-08,AVGO,Broadcom,226.42234802246094,229.54255846488422,223.21327454591108,226.8074362369814,18756500
2025-01-10,AVGO,Broadcom,221.48532104492188,224.96099883392392,218.46385722681998,224.43767418917497,23864000
2025-01-13,AVGO,Broadcom,222.45298767089844,226.37299592213435,216.7457745877336,217.2197409475618,23772100
2025-01-14,AVGO,Broadcom,221.8704071044922,227.3603890296336,220.2905645370501,223.7168689159853,18143100
2025-01-15,AVGO,Broadcom,225.1288299560547,227.43935906855808,222.73930646364042,225.6719069012937,21745600
2025-01-16,AVGO,Broadcom,226.5211181640625,235.59539389627477,226.32363971228605,232.2579523146846,23471900
2025-01-17,AVGO,Broadcom,234.44996643066406,235.1016587943543,229.73016125115848,234.09449923834555,31196600
2025-01-21,AVGO,Broadcom,237.28382873535156,239.69310478421554,234.41047008363404,238.45884574825152,30903200
2025-01-22,AVGO,Broadcom,237.87628173828125,243.8797195638094,237.65905094021053,243.6427364022853,29610500
2025-01-23,AVGO,Broadcom,237.25421142578125,237.37269547375817,233.14659367400705,235.40776470049263,17653900
2025-01-24,AVGO,Broadcom,241.61854553222656,246.4469662715625,238.86368599709272,241.61854553222656,25387800
2025-01-27,AVGO,Broadcom,199.58465576171875,215.67938377830384,193.7589432608511,210.7127259313906,90569400
2025-01-28,AVGO,Broadcom,204.74879455566406,207.30617604932624,196.38545285659293,205.3906033248673,50316000
2025-01-29,AVGO,Broadcom,203.75149536132812,208.78726337783516,200.21657554112824,206.2101298109656,32533700
2025-01-30,AVGO,Broadcom,212.9442596435547,219.1649285799728,211.00893472704968,215.81761847164222,42449500
2025-01-31,AVGO,Broadcom,218.4835968017578,223.94395744839284,213.5761817801028,216.89387059662113,41104700
2025-02-03,AVGO,Broadcom,214.98818969726562,218.157773796252,210.82132963773336,212.74678594831826,24507300
2025-02-04,AVGO,Broadcom,219.62899780273438,220.22144820749048,212.58879402162503,216.58779658712947,23768500
2025-02-05,AVGO,Broadcom,229.0784912109375,234.93380920688526,224.6351584072771,230.99406376362234,29196000
2025-02-06,AVGO,Broadcom,228.44656372070312,231.8432473948772,225.68182014405164,231.5470221783359,21169500
2025-02-07,AVGO,Broadcom,222.0382843017578,232.68253424930083,221.2878601453973,232.04072550328831,22117500
2025-02-10,AVGO,Broadcom,232.08018493652344,232.85037642470857,224.25992161006852,224.5660154357296,23901600
2025-02-11,AVGO,Broadcom,232.08018493652344,234.89430152292462,227.0740381964697,229.55242487948408,18476200
2025-02-12,AVGO,Broadcom,233.3737030029297,233.5020556965066,227.1036611150543,227.459128317726,16397300
2025-02-13,AVGO,Broadcom,232.83062744140625,233.96613972727113,227.82446556204755,233.08734789676876,20962000
2025-02-14,AVGO,Broadcom,230.1053924560547,232.7714042413032,226.01752680308408,231.57663476915081,16988800
2025-02-18,AVGO,Broadcom,225.6521759033203,229.2759586749795,221.47544748657205,227.20241250589544,26080500
2025-02-19,AVGO,Broadcom,225.8496551513672,226.1853850656415,221.5741799683335,224.9807470202307,16375500
2025-02-20,AVGO,Broadcom,223.8847198486328,226.09650239223797,219.94495959287823,225.7706561996593,16104000
2025-02-21,AVGO,Broadcom,215.90646362304688,224.88199152385658,212.91462098944365,222.8084303613062,24883600
2025-02-24,AVGO,Broadcom,205.31158447265625,216.71614134636317,204.92649624367266,215.84723320231555,33050400
2025-02-25,AVGO,Broadcom,199.98947143554688,206.01266209830288,198.38987640269428,204.39331470044323,33100800
2025-02-26,AVGO,Broadcom,210.25848388671875,210.85091914506262,203.40587575874747,204.30441989386895,21368300
2025-02-27,AVGO,Broadcom,195.3091583251953,216.48904096120802,194.91418638266006,214.54384746080927,27572900
2025-02-28,AVGO,Broadcom,196.9186248779297,198.6564713180188,190.7177084196682,193.29484200035554,39747200
2025-03-03,AVGO,Broadcom,185.01048278808594,201.49031141533052,182.20624994781224,201.43106939381798,37435600
2025-03-04,AVGO,Broadcom,185.11911010742188,191.50763632709985,178.20725924182253,186.8372041751467,37910500
2025-03-05,AVGO,Broadcom,189.16748046875,191.6359985638115,184.74390026105863,189.4439532900658,25644500
2025-03-06,AVGO,Broadcom,177.19021606445312,184.47728589995404,175.3733904628195,178.76018987021354,56864100
2025-03-07,AVGO,Broadcom,192.5049285888672,193.01836952288812,179.2736620896206,185.36596315652335,74528900
2025-03-10,AVGO,Broadcom,182.12725830078125,189.56243344511265,178.15787706676485,187.21241451218023,44217100
2025-03-11,AVGO,Broadcom,187.69625854492188,193.15661995598214,183.01595737352184,185.68195419098166,42153200
2025-03-12,AVGO,Broadcom,191.78411865234375,197.46171071591925,190.02653483625505,193.74906463398895,30409700
2025-03-13,AVGO,Broadcom,188.95025634765625,193.84780305063532,187.0840572045127,190.7177087368526,27236100
2025-03-14,AVGO,Broadcom,193.07762145996094,195.0129464438647,190.76709193834117,193.72931390964038,25900900
2025-03-17,AVGO,Broadcom,192.0507049560547,194.24275019738803,185.13885439208354,185.6819313782947,26830600
2025-03-18,AVGO,Broadcom,186.29412841796875,190.4609883160098,184.54641332582716,188.04184351011034,24951000
2025-03-19,AVGO,Broadcom,193.10723876953125,195.77323527121797,184.54640484600964,186.95568089246262,37962700
2025-03-20,AVGO,Broadcom,188.7098846435547,191.97819165081603,187.12526147583114,189.68048276833616,31430000
2025-03-21,AVGO,Broadcom,189.81912231445312,190.22518791917113,185.5703190109,186.40226235311556,43086500
2025-03-24,AVGO,Broadcom,189.41307067871094,194.80082266264003,188.8386396835771,192.43377888060837,33180300
2025-03-25,AVGO,Broadcom,186.4517822265625,189.75971345480707,185.87735123617549,189.0565262612658,23417300
2025-03-26,AVGO,Broadcom,177.54812622070312,186.2536921282797,175.8743561552768,184.86714509242734,30578500
2025-03-27,AVGO,Broadcom,170.3380584716797,176.66668254810136,168.8227551795949,175.95359686803442,32151700
2025-03-28,AVGO,Broadcom,167.49562072753906,171.63548025841092,164.87107965947507,170.2786286444527,30391500
2025-03-31,AVGO,Broadcom,165.8218536376953,166.3269648388469,159.077265046445,162.91010457469025,35656400
2025-04-01,AVGO,Broadcom,166.90139770507812,167.08957520468707,161.85037631057958,164.77203902957226,20472400
2025-04-02,AVGO,Broadcom,170.43710327148438,171.76422918864725,163.9104026479661,164.48483366708834,19523700
2025-04-03,AVGO,Broadcom,152.53074645996094,161.8602666444248,152.22372639178627,158.99802536207517,44354900
2025-04-04,AVGO,Broadcom,144.8848876953125,151.33236925300955,137.83327965451377,146.74683525709935,72302200
2025-04-07,AVGO,Broadcom,152.6595001220703,158.88907865220165,136.7735693661445,143.102193451176,68503500
2025-04-08,AVGO,Broadcom,154.53134155273438,168.149273764319,151.6195776291734,166.01001678632772,58888200
2025-04-09,AVGO,Broadcom,183.3716278076172,185.53069676129576,155.99711067144557,158.95839715542866,72708300
2025-04-10,AVGO,Broadcom,170.64508056640625,175.25041178546903,164.80174034695347,173.61626589799,51212200
2025-04-11,AVGO,Broadcom,180.19248962402344,180.90557531573444,171.64537494646774,171.9523950141319,33964100
2025-04-14,AVGO,Broadcom,176.64686584472656,184.21348359881225,174.13126900840334,183.30232194501684,25748300
2025-04-15,AVGO,Broadcom,177.231201171875,180.50940655432726,176.36956226568714,178.00370814547034,17242400
2025-04-16,AVGO,Broadcom,172.93287658691406,174.38875848825916,165.3167363973244,168.79301750808352,34638600
2025-04-17,AVGO,Broadcom,169.34767150878906,174.55714453800246,168.2879414483614,174.55714453800246,22501800
2025-04-21,AVGO,Broadcom,164.6135711669922,166.3863716921887,160.05774780195713,165.38607811229897,23469800
2025-04-22,AVGO,Broadcom,167.95120239257812,168.88217620188036,163.63307916440144,165.82184386631172,18504900
2025-04-23,AVGO,Broadcom,175.2108154296875,178.71680772769,174.13128830728718,176.07245440287642,24380500
2025-04-24,AVGO,Broadcom,186.34283447265625,186.7588137188935,176.58745167659887,177.96410027922843,27576900
2025-04-25,AVGO,Broadcom,190.46287536621094,191.51269173277512,185.0949358475055,185.12464649091922,21242300
2025-04-28,AVGO,Broadcom,190.62135314941406,191.24530692138265,185.87735198227506,188.69998416646294,16385800
2025-04-29,AVGO,Broadcom,189.33383178710938,191.39385543396716,188.27411687540774,189.87855212126914,14630000
2025-04-30,AVGO,Broadcom,190.62135314941406,191.34433736770387,182.25251726763258,184.11444984811442,22768900
2025-05-01,AVGO,Broadcom,195.43467712402344,199.46557753361037,194.35515003546442,196.23689477904858,24939700
2025-05-02,AVGO,Broadcom,201.68406677246094,203.70446621937182,199.14865761859994,201.94156406982066,17766800
2025-05-05,AVGO,Broadcom,198.79212951660156,201.27801607526217,198.07904375012257,198.32664255481023,14025400
2025-05-06,AVGO,Broadcom,198.16815185546875,199.97067819064242,194.05801823694938,194.553215786758,16348800
2025-05-07,AVGO,Broadcom,202.84283447265625,204.24919381530722,196.5241083860118,197.3758488456152,20253700
2025-05-08,AVGO,Broadcom,205.77439880371094,209.13183766401477,201.73358489102336,206.00218545042875,18460900
2025-05-09,AVGO,Broadcom,206.20025634765625,207.9433613916802,204.5363998371569,207.319407644128,13289200
2025-05-12,AVGO,Broadcom,219.45175170898438,219.66963984357437,213.80650256785768,217.3818295426096,25437700
2025-05-13,AVGO,Broadcom,230.1876220703125,233.02015259609766,219.8677071775199,219.8677071775199,28790500
2025-05-14,AVGO,Broadcom,229.8905029296875,231.2572529866786,226.15672432972298,228.01865681835304,19751400
2025-05-15,AVGO,Broadcom,230.405517578125,232.2080439305699,225.8794197878664,227.94934193896447,18803700
2025-05-16,AVGO,Broadcom,226.41421508789062,230.4055059674828,224.21553684749128,230.08858740689848,23094600
2025-05-19,AVGO,Broadcom,228.41482543945312,229.02886556201938,219.47155894670163,219.7191577202822,15355500
2025-05-20,AVGO,Broadcom,229.45474243164062,229.54388948095405,224.16603592683987,224.3146042675417,11787200
2025-05-21,AVGO,Broadcom,227.5234832763672,234.2284629590946,225.64173845604924,226.19635734573322,17642900
2025-05-22,AVGO,Broadcom,228.3157958984375,231.44544824293433,225.24556484581083,226.14682807179085,14340200
2025-05-23,AVGO,Broadcom,226.5231475830078,228.43460269579552,224.00753579823768,224.76024567662333,15385600
2025-05-27,AVGO,Broadcom,233.38661193847656,234.20864172956445,228.91003672429085,230.63331462000428,17941700
2025-05-28,AVGO,Broadcom,237.1302947998047,238.67532387132286,232.17831923171224,234.87219514973296,20443000
2025-05-29,AVGO,Broadcom,239.64588928222656,243.70651499526016,235.11977669093983,243.54804816176355,20743700
2025-05-30,AVGO,Broadcom,239.74493408203125,240.83435955640073,232.64378836141694,238.90309225491166,27088600
2025-06-02,AVGO,Broadcom,246.32115173339844,247.59875465805337,240.85416699912457,240.91358828228593,19197000
2025-06-03,AVGO,Broadcom,254.38299560546875,255.40310138207488,247.00453978500002,247.67801633287195,30380200
2025-06-04,AVGO,Broadcom,258.57232666015625,262.8805511776283,255.1158576034069,255.58134448643418,31536000
2025-06-05,AVGO,Broadcom,257.43341064453125,262.3457924753014,256.5717716779922,260.4244234173917,41970900
2025-06-06,AVGO,Broadcom,244.55825805664062,252.86768756440256,243.76595405583868,248.72782813273088,41146700
2025-06-09,AVGO,Broadcom,241.9337158203125,245.78635218669257,238.79416514080953,242.69632428504522,25334100
2025-06-10,AVGO,Broadcom,242.28036499023438,243.91451090648613,239.08137784609838,241.87429936083302,25491300
2025-06-11,AVGO,Broadcom,250.48085021972656,252.3229858709225,241.45834946712012,243.99375872635082,24599000
2025-06-12,AVGO,Broadcom,253.61048889160156,255.41301528703764,247.10358561570615,247.78696067524552,20410900
2025-06-13,AVGO,Broadcom,246.311279296875,251.56037679576838,245.96465004973138,248.25246050735794,19028400
2025-06-16,AVGO,Broadcom,249.67860412597656,252.7389212767906,247.1729057984807,247.94541274699242,20363000
2025-06-17,AVGO,Broadcom,246.97482299804688,251.52074802449692,245.5387531153349,248.53964908058316,22014300
2025-06-18,AVGO,Broadcom,248.84666442871094,253.1845997510796,247.01444258282,248.4802230819787,30435500
2025-06-20,AVGO,Broadcom,248.171630859375,251.67595317122704,242.39395704231367,251.36821046956638,42134900
2025-06-23,AVGO,Broadcom,251.92413330078125,252.3609352546579,244.66730716540255,247.29802554970544,19747000
2025-06-24,AVGO,Broadcom,261.85137939453125,263.9361104778464,256.8877483845425,256.8877483845425,32764900
2025-06-25,AVGO,Broadcom,262.7250061035156,267.9070385395564,261.5138788201313,264.0651926516576,18894200
2025-06-26,AVGO,Broadcom,268.2048645019531,269.6939538781157,262.20878946450375,263.15186122537943,23569600
2025-06-27,AVGO,Broadcom,267.3908386230469,269.8726544070076,264.9388034166696,268.33391044359024,27477600
2025-06-30,AVGO,Broadcom,273.64495849609375,275.6899719512188,270.15057333780976,272.73166739926404,24708400
2025-07-01,AVGO,Broadcom,262.8143005371094,272.5033170605187,260.7494435593909,272.4040383904484,28847600
2025-07-02,AVGO,Broadcom,267.9367980957031,270.02152919641304,260.81896813352466,262.0697825574709,17582100
2025-07-03,AVGO,Broadcom,273.17840576171875,273.7938911974382,268.1552132949487,268.76079206904774,10592700
2025-07-07,AVGO,Broadcom,272.1856384277344,275.5410575374178,270.67670564218776,273.12874035344896,16760600
2025-07-08,AVGO,Broadcom,269.822998046875,274.33992091978945,269.17773200663083,274.33992091978945,14869400
2025-07-09,AVGO,Broadcom,275.8786315917969,277.41737552791653,270.7363166496009,270.9745612660417,20133000
2025-07-10,AVGO,Broadcom,273.39678955078125,279.13474577768363,270.71644698686737,277.75487211273963,17891600
2025-07-11,AVGO,Broadcom,272.38421630859375,274.4590104060256,269.9123377950849,272.1459717180673,14274700
2025-07-14,AVGO,Broadcom,273.5953369140625,276.33524052626194,267.6191060163645,272.13602824085694,11934200
2025-07-15,AVGO,Broadcom,278.896484375,281.2988646698137,275.82896423589466,277.7746989887814,17918400
2025-07-16,AVGO,Broadcom,278.7674560546875,279.4623765484659,273.6648588794493,278.0725355609091,15031000
2025-07-17,AVGO,Broadcom,284.36639404296875,286.18306941572496,277.8739570812782,279.09502105024245,17231100
2025-07-18,AVGO,Broadcom,281.279052734375,285.4385781557984,278.95607693910864,285.021619799704,15012400
2025-07-21,AVGO,Broadcom,286.1136169433594,288.4266860141065,281.5669441610343,281.89453048535637,17726800
2025-07-22,AVGO,Broadcom,276.5635986328125,285.9051561551598,274.41930632617675,285.5576959132122,16564800
2025-07-23,AVGO,Broadcom,281.62646484375,281.93420750576,271.01422059532564,274.7667239763602,20556200
2025-07-24,AVGO,Broadcom,286.6099853515625,289.08189429951943,281.4378901043703,287.6821466603536,16413800
2025-07-25,AVGO,Broadcom,288.0692443847656,290.4617178544443,285.1804078789443,285.97460691412977,12476200
2025-07-28,AVGO,Broadcom,292.1593017578125,293.3009610977826,288.4762961240998,290.3326892276984,13683400
2025-07-29,AVGO,Broadcom,295.25665283203125,299.99194610967925,292.72518273237233,295.33605760149004,19210800
2025-07-30,AVGO,Broadcom,300.4187927246094,301.05415202377003,293.64839288397303,294.98857929046596,16738900
2025-07-31,AVGO,Broadcom,291.5636901855469,304.7173120254918,288.11892914092226,300.59747415612446,25488500
2025-08-01,AVGO,Broadcom,286.54052734375,290.51143245464056,279.5616325275822,284.45579610141215,21428100
2025-08-04,AVGO,Broadcom,295.554443359375,296.308924960564,289.2804065493592,290.0746056810316,17164600
2025-08-05,AVGO,Broadcom,290.79931640625,299.009182539745,289.33010082789355,295.6438257411194,18477500
2025-08-06,AVGO,Broadcom,299.4757385253906,300.60743068669365,289.77678375927667,290.7695100005182,17392100
2025-08-07,AVGO,Broadcom,301.5505065917969,308.08263136281226,297.69872426240624,303.9429802612503,16319400
2025-08-08,AVGO,Broadcom,302.7517395019531,305.6306396993214,300.349328537163,301.8384179801744,12458700
2025-08-11,AVGO,Broadcom,301.68951416015625,306.0674407445163,299.0985130792341,302.83114333714036,12396400
2025-08-12,AVGO,Broadcom,310.55450439453125,311.16008309237134,302.4538857692538,304.39962051680396,17609600
2025-08-13,AVGO,Broadcom,306.8417663574219,315.041695234587,302.53333788001714,314.44605339949277,17371200
2025-08-14,AVGO,Broadcom,308.9662170410156,311.8848347846385,304.7669738885127,304.77691084609864,15717600
2025-08-15,AVGO,Broadcom,304.1117248535156,309.23419541790025,297.57960012306575,308.7676129160397,22806900
2025-08-18,AVGO,Broadcom,303.5359802246094,303.94300161229654,296.8251412495918,300.49824040001744,14724700
2025-08-19,AVGO,Broadcom,292.764892578125,300.6967653651437,290.263233415247,300.2202761697002,20149600
2025-08-20,AVGO,Broadcom,289.0520935058594,293.3406475542526,279.81972190735485,293.31086698084704,23600500
2025-08-21,AVGO,Broadcom,287.4934997558594,290.2632142034538,284.0884563245245,287.9501453031351,14946300
2025-08-22,AVGO,Broadcom,291.86151123046875,297.90721032762787,286.9078170439723,289.62787721594987,16301300
2025-08-25,AVGO,Broadcom,292.0898742675781,296.22952603132046,289.58818456717273,290.6801895716669,15124700
2025-08-26,AVGO,Broadcom,295.8423156738281,298.0660124501392,291.8515373502599,292.2089345010793,25689100
2025-08-27,AVGO,Broadcom,298.0660400390625,298.98926812943864,291.6431003457973,295.3658235769263,13830300
2025-08-28,AVGO,Broadcom,306.4049072265625,308.7378196398738,300.1308709520052,300.7265126760246,18907100
2025-08-29,AVGO,Broadcom,295.22686767578125,304.7768891479581,291.523987936555,304.7768891479581,21610700
2025-09-02,AVGO,Broadcom,296.0706787109375,296.5372612785509,285.08122171732384,287.23542079872874,19693000
2025-09-03,AVGO,Broadcom,300.19049072265625,302.23550427484207,294.24404017250083,300.09121204335025,18529400
2025-09-04,AVGO,Broadcom,303.8735046386719,306.5340036604204,300.0515025993778,302.8410608781425,31220800
2025-09-05,AVGO,Broadcom,332.4541015625,353.74806100941083,329.00934033406895,353.1921367444998,78401600
2025-09-08,AVGO,Broadcom,343.13580322265625,351.5938497927474,338.7678140240304,340.2569033164437,43535600
2025-09-09,AVGO,Broadcom,334.2211608886719,348.4270711438003,333.3872441761201,347.0074495775188,26972300
2025-09-10,AVGO,Broadcom,366.8818054199219,370.257068223823,348.00013492054774,348.9630804844687,51086800
2025-09-11,AVGO,Broadcom,357.0141296386719,371.507938278094,356.15046268837443,368.4801051781369,29430900
2025-09-12,AVGO,Broadcom,357.2523498535156,361.7394913791574,354.56207050667996,360.2702457908928,31949800
2025-09-15,AVGO,Broadcom,361.4416809082031,362.841428494914,353.74805280742174,357.2523751047279,21792200
2025-09-16,AVGO,Broadcom,357.3814697265625,363.0300848245,354.3933538545337,362.7719662906602,21306500
2025-09-17,AVGO,Broadcom,343.65203857421875,357.3119303496726,339.0159939361556,356.2397993943744,45197100
2025-09-18,AVGO,Broadcom,342.8380126953125,348.14910413304455,341.28936218613165,347.4541836475093,24663900
2025-09-19,AVGO,Broadcom,342.43096923828125,343.75128172100693,333.9828597941897,342.14307016475516,41240100
2025-09-22,AVGO,Broadcom,336.9019775390625,344.7380682178848,336.05670840487335,340.521676529491,28660000
2025-09-23,AVGO,Broadcom,337.0511169433594,343.2961177922363,335.14180359674134,338.343860008435,21944100
2025-09-24,AVGO,Broadcom,337.4190673828125,338.1847653485593,331.94971816245834,337.86657173075366,19677300
2025-09-25,AVGO,Broadcom,334.2269592285156,336.1760278754911,325.47598241305116,331.134275121943,21678200
2025-09-26,AVGO,Broadcom,332.66571044921875,337.19034180427343,328.73771110108834,335.5495430902156,15464700
2025-09-29,AVGO,Broadcom,326.0726318359375,339.1493418032052,325.7245762901725,334.1274972132583,21336000
2025-09-30,AVGO,Broadcom,328.0714416503906,329.205072741046,322.8009599171497,328.2802628399181,20109500
2025-10-01,AVGO,Broadcom,331.53204345703125,336.06662830461244,322.6915725573032,326.3212251621756,21122700
2025-10-02,AVGO,Broadcom,336.2953186035156,345.67275801451893,333.38165475069127,345.67275801451893,19917600
2025-10-03,AVGO,Broadcom,336.4842834472656,342.4806774766384,333.8689353926916,339.5968450377662,14749100
2025-10-06,AVGO,Broadcom,333.6203308105469,342.2121953344511,332.6955209110659,334.04795751834985,18465700
2025-10-07,AVGO,Broadcom,334.53521728515625,336.2257251109378,324.75998210406857,335.15175721852984,18086700
2025-10-08,AVGO,Broadcom,343.5745544433594,344.60876709875396,330.76632886060804,331.9596534897176,21478300
2025-10-09,AVGO,Broadcom,343.09722900390625,345.3744755727328,338.5029806322393,343.8231717160013,17643700
2025-10-10,AVGO,Broadcom,322.82086181640625,348.6461338163463,322.24407712615806,343.4651773234566,28941000
2025-10-13,AVGO,Broadcom,354.7121276855469,357.3771847970569,341.60555658975477,350.8040064602497,45984300
2025-10-14,AVGO,Broadcom,342.2121887207031,348.7157501848421,337.75714457061156,348.17875107559985,22078000
2025-10-15,AVGO,Broadcom,349.3720397949219,357.39707331833375,345.56339757170997,352.49455527791184,23918500
2025-10-16,AVGO,Broadcom,352.1763610839844,361.2157000299587,347.5423270287998,354.81158690197896,20317200
2025-10-17,AVGO,Broadcom,347.3832092285156,349.01408425686975,338.88086957101905,347.6616476056118,20937900
2025-10-20,AVGO,Broadcom,347.293701171875,354.6027462260017,345.90150933954277,351.8282861957606,15640200
2025-10-21,AVGO,Broadcom,340.7503967285156,349.14336395422873,339.40791406219176,348.0494880650942,16092600
2025-10-22,AVGO,Broadcom,338.4035339355469,346.0705888161216,333.6402499212292,345.3645237166866,19268800
2025-10-23,AVGO,Broadcom,342.3713073730469,344.6385998982523,338.50297147066453,338.50297147066453,12859200
2025-10-24,AVGO,Broadcom,352.1564636230469,356.30320751585856,348.9245756412487,350.54549662310535,16143700
2025-10-27,AVGO,Broadcom,360.0323181152344,360.7284292217221,353.10116003937577,359.5251809323712,20065800
2025-10-28,AVGO,Broadcom,370.8914489746094,371.97537079087914,360.50962839891025,360.59912318951916,21056000
2025-10-29,AVGO,Broadcom,383.8289794921875,384.32619303766535,371.1102485015621,371.1102485015621,24975200
2025-10-30,AVGO,Broadcom,374.3719787597656,384.2466327695093,367.9976972843224,384.2466327695093,24295300
2025-10-31,AVGO,Broadcom,367.570068359375,376.70885520294166,363.06531512241327,376.1619021273364,21598400
2025-11-03,AVGO,Broadcom,360.5295104980469,372.76098127429407,359.96271015047455,369.92685814641334,17198900
2025-11-04,AVGO,Broadcom,349.9786682128906,366.8938825186382,349.04390433189366,356.52198503236366,24047500
2025-11-05,AVGO,Broadcom,356.9794616699219,362.8366216786407,348.1389899268927,348.9345498385447,17087600
2025-11-06,AVGO,Broadcom,353.6083068847656,361.4742283989158,350.7443521590441,358.10310617249223,19896900
2025-11-07,AVGO,Broadcom,347.4826354980469,352.52438790608517,335.3903989735874,352.21611794953895,21903200
2025-11-10,AVGO,Broadcom,356.39276123046875,357.9937743768501,352.63379746590385,355.90547129015016,16409000
2025-11-11,AVGO,Broadcom,349.9985656738281,359.87325018105065,347.721349386598,356.9695095961331,16446800
2025-11-12,AVGO,Broadcom,353.24041748046875,356.870070550016,349.7201368318695,356.04470935897166,12190500
2025-11-13,AVGO,Broadcom,338.0853271484375,351.5796794627396,332.29775430112113,349.62065691534923,22616600
2025-11-14,AVGO,Broadcom,340.5514831542969,342.8187756417505,327.22616659303407,329.62273945414825,18500800
2025-11-17,AVGO,Broadcom,340.7404479980469,350.2372452415581,335.63903199589225,337.926232589791,14799600
2025-11-18,AVGO,Broadcom,338.6024169921875,346.03078841146703,333.64023562911325,341.2873822174715,21726800
2025-11-19,AVGO,Broadcom,352.4448547363281,357.6854744587365,335.91745137694255,338.8112377860541,21851900
2025-11-20,AVGO,Broadcom,344.8872375488281,373.9841558363627,343.2563624271675,363.9603433399052,28867000
2025-11-21,AVGO,Broadcom,338.3041076660156,346.6572891403912,329.95089584413364,343.2364575279554,30280300
2025-11-24,AVGO,Broadcom,375.8536682128906,379.87116230102026,345.72253842068704,345.79215560293983,47262400
2025-11-25,AVGO,Broadcom,382.88427734375,385.9670075218371,369.67828624732226,382.78482856106825,33507600
2025-11-26,AVGO,Broadcom,395.3543701171875,397.64154019645565,381.1241214391412,383.40133753669346,28693000
2025-11-28,AVGO,Broadcom,400.7143249511719,400.75411053140465,394.9466600651565,397.1244577834378,13365500
2025-12-01,AVGO,Broadcom,383.92840576171875,393.2163816866779,382.9538866150901,392.64955094985896,23252000
2025-12-02,AVGO,Broadcom,379.4435729980469,391.307081554401,377.67349389386123,386.1460022440912,22207000
2025-12-03,AVGO,Broadcom,378.4888610839844,380.1694452091911,368.584376264027,377.8822751564566,21336400
2025-12-04,AVGO,Broadcom,378.90655517578125,381.7506324510507,374.4316332437718,378.5584996226792,15845900
2025-12-05,AVGO,Broadcom,388.0652160644531,391.33688967246087,383.0035858418701,384.0179208913015,24779900
2025-12-08,AVGO,Broadcom,398.8647155761719,405.02022174829125,395.1853231699673,400.23702982872936,30410600
2025-12-09,AVGO,Broadcom,404.0257873535156,404.6622049048363,393.30586463113883,396.5277986633077,24546000
2025-12-10,AVGO,Broadcom,410.6685485839844,412.2993931991623,397.3332779247453,399.9585799580881,31531000
2025-12-11,AVGO,Broadcom,404.1053466796875,407.01901087793635,391.9932315581386,402.5739204070468,45681600
2025-12-12,AVGO,Broadcom,357.92413330078125,379.87114634278277,353.1707730499734,377.8425065927604,95588500
2025-12-15,AVGO,Broadcom,337.916259765625,359.9825988464731,335.62908964676296,359.8732264357258,65894900
2025-12-16,AVGO,Broadcom,339.39794921875,345.5634092347465,333.1927339698805,334.14737546643596,58061100
2025-12-17,AVGO,Broadcom,324.2030944824219,344.67834370968916,319.6287543506516,344.67834370968916,73300900
2025-12-18,AVGO,Broadcom,328.0416259765625,334.15734674680243,321.8264564239797,334.1275151468503,54501900
2025-12-19,AVGO,Broadcom,338.46319580078125,341.53600226929694,330.72655411698554,331.48232843001927,159095200
2025-12-22,AVGO,Broadcom,340.19683837890625,344.9692364534412,335.9823521806034,344.7600156991574,28739600
2025-12-23,AVGO,Broadcom,348.0379333496094,348.8250120003124,337.29749931207215,339.5591570141213,28232600
2025-12-24,AVGO,Broadcom,348.93463134765625,351.5649262658627,345.8659488754865,349.4029075800455,11424400
2025-12-26,AVGO,Broadcom,350.8376159667969,351.95350047354117,346.4736865949722,349.7715357876288,15028100
2025-12-29,AVGO,Broadcom,348.1076965332031,349.0442186073641,343.4249341345299,347.4401421635981,21946900
2025-12-30,AVGO,Broadcom,348.56597900390625,351.38557889791855,348.01797938252247,348.68553371240546,16633600
2025-12-31,AVGO,Broadcom,344.82977294921875,348.5958986291571,344.1522759371943,348.4464552302656,15346100
2026-01-02,AVGO,Broadcom,346.3441467285156,359.3362953283135,344.2917098528593,351.48521194505133,25398600
2026-01-05,AVGO,Broadcom,342.15960693359375,353.7269817780168,335.2649910643092,353.43803761093864,31136000
2026-01-06,AVGO,Broadcom,342.50830078125,347.7689211606285,336.7594885063058,342.3389417342706,27135500
2026-01-07,AVGO,Broadcom,342.2392883300781,348.41654528894907,334.6472600739357,340.4459068416692,20249300
2026-01-08,AVGO,Broadcom,331.2597351074219,342.4186103632603,329.286991203525,341.5219196453333,24385200
2026-01-09,AVGO,Broadcom,343.7038879394531,346.1150194031593,332.27598406295414,336.6797751012507,22482500
2026-01-12,AVGO,Broadcom,350.9173278808594,352.6011277594498,339.698674448018,339.698674448018,20949600
2026-01-13,AVGO,Broadcom,353.3085021972656,358.17059657442337,349.62210011368643,351.58487107154133,18308000
2026-01-14,AVGO,Broadcom,338.642578125,349.4029286863791,333.19265245524537,347.68924007343315,30094700
2026-01-15,AVGO,Broadcom,341.76104736328125,348.3966076801905,340.4160264171507,347.8386654077994,22218800
2026-01-16,AVGO,Broadcom,350.4191589355469,353.2089007262952,342.78726872505104,344.99912218243014,31291200
2026-01-20,AVGO,Broadcom,331.3793029785156,344.1323124647733,330.58222088214137,342.837095865828,32293900
2026-01-21,AVGO,Broadcom,327.5932312011719,334.56753991024675,323.01013837395254,334.2786261557405,32006600
2026-01-22,AVGO,Broadcom,324.2953796386719,335.75317243641445,323.69760607803045,334.11920736137336,24275400
2026-01-23,AVGO,Broadcom,318.8753662109375,320.8082486122757,312.9571642861103,318.1281188002833,30259500
2026-01-26,AVGO,Broadcom,323.6577453613281,327.4736751610913,316.4343542276309,318.6262615696849,25006400
2026-01-27,AVGO,Broadcom,331.568603515625,333.5313744429392,325.81976109514653,328.54972543001713,25537600
2026-01-28,AVGO,Broadcom,332.0169372558594,338.7421634956658,325.5009621688594,337.6063633193964,23001700
2026-01-29,AVGO,Broadcom,329.51617431640625,334.7170172246241,319.1045154719265,331.3394445196304,20447500
2026-01-30,AVGO,Broadcom,330.08404541015625,336.95874524698775,327.12494473425943,331.21987595904915,28313000
2026-02-02,AVGO,Broadcom,329.8947448730469,334.82658953615237,324.55443174960084,324.9130958822625,17278200
2026-02-03,AVGO,Broadcom,319.154296875,337.6561477130813,307.51717263997887,335.50407179473007,36914800
2026-02-04,AVGO,Broadcom,306.9194030761719,318.33736523318174,294.21619728396405,318.33736523318174,43330300
2026-02-05,AVGO,Broadcom,309.3703918457031,325.33158511694234,305.574377544834,313.18632179759084,42775800
2026-02-06,AVGO,Broadcom,331.6981506347656,333.7705033667693,315.1391228076482,318.92519452201884,33003400
2026-02-09,AVGO,Broadcom,342.67767333984375,351.04683756640543,329.4364418037815,329.55599651471385,30091000
2026-02-10,AVGO,Broadcom,339.1905212402344,346.73274516127924,338.5927172761311,346.1947185530291,19542700
2026-02-11,AVGO,Broadcom,341.50201416015625,345.9257209328718,332.51509984715887,345.52716468586686,17004700
2026-02-12,AVGO,Broadcom,329.9545593261719,345.01906131494906,328.3504525077073,342.56806806976016,22007300
2026-02-13,AVGO,Broadcom,323.9765625,333.09297375277924,323.4983132676261,328.6393784947527,18397200
2026-02-17,AVGO,Broadcom,331.31951904296875,334.51772917618604,315.14907549970434,318.5067020490309,23469700
2026-02-18,AVGO,Broadcom,332.28594970703125,336.6399059158725,326.0289999980731,328.31057326826937,13565300
2026-02-19,AVGO,Broadcom,332.76416015625,337.19783966179045,328.46998140899325,331.7877764705465,15180900
2026-02-20,AVGO,Broadcom,331.4291076660156,338.8617195900129,328.37036782936144,331.14016350541874,17658900
2026-02-23,AVGO,Broadcom,329.1275939941406,337.2576490951474,324.1260291692235,331.03058762736407,16472400
2026-02-24,AVGO,Broadcom,324.2953796386719,327.1050369959775,313.2959204448514,321.3562249469424,23614400
2026-02-25,AVGO,Broadcom,331.0903625488281,334.67715600899425,328.07148438768274,329.5261174222931,20182300
2026-02-26,AVGO,Broadcom,320.519287109375,325.3813506633246,306.79980723320375,325.30165766317515,33025300
2026-02-27,AVGO,Broadcom,318.377197265625,318.8255578686076,308.8622591852136,309.55970225528097,28004200
2026-03-02,AVGO,Broadcom,317.6498718261719,318.8653953895662,306.07252449915245,308.22457009461783,20567200
2026-03-03,AVGO,Broadcom,312.68817138671875,314.72069289120583,306.2718044142909,311.85125792147716,20826200
2026-03-04,AVGO,Broadcom,316.3645935058594,321.4558544873858,310.59583557195833,314.52137733361707,34895800
2026-03-05,AVGO,Broadcom,331.54864501953125,334.88635581406487,321.84440283626805,328.9681545763323,57076600
2026-03-06,AVGO,Broadcom,329.26708984375,342.24926618150187,326.1983769711768,327.0751520776263,39152200
2026-03-09,AVGO,Broadcom,344.4810485839844,347.2109826665509,322.42229092163143,326.0489462013272,40605800
2026-03-10,AVGO,Broadcom,341.3226623535156,351.8439334106809,339.54919645898224,347.4501151786214,29531700
2026-03-11,AVGO,Broadcom,340.3163757324219,344.5408043378694,336.9786648345567,341.33262117838166,20104100
2026-03-12,AVGO,Broadcom,334.7369384765625,338.58275707480584,330.9807859154956,336.5004313521793,21982700
2026-03-13,AVGO,Broadcom,320.9776306152344,337.07832476483355,320.25029887308415,336.44065906121017,34725000
2026-03-16,AVGO,Broadcom,323.7275085449219,327.99179909070955,318.8853296584693,324.8234470564934,31363100
2026-03-17,AVGO,Broadcom,320.1307373046875,326.2382440667771,316.0856406013058,324.5644172389447,38026500
2026-03-18,AVGO,Broadcom,314.7704772949219,324.24558375015846,314.39186709294574,319.2539615498681,25460600
2026-03-19,AVGO,Broadcom,318.6661376953125,322.0835418062096,307.377733798167,311.32319151685414,23524800
2026-03-20,AVGO,Broadcom,309.3703918457031,320.3300202096048,308.78256088212635,318.9451071216726,43325900
2026-03-23,AVGO,Broadcom,322.0003967285156,325.9641247660054,314.4323571755344,317.4975134386726,27369200
2026-03-24,AVGO,Broadcom,317.78704833984375,323.8873787245429,314.3424878240393,319.4943376753773,19799000
2026-03-25,AVGO,Broadcom,318.30621337890625,323.7875283200097,316.21951965730335,322.08023899676266,19900000
2026-03-26,AVGO,Broadcom,308.9310607910156,316.41920911815595,308.6814558467776,313.52376738951216,20343700
2026-03-27,AVGO,Broadcom,300.2048645019531,307.01409499464205,298.3977270632729,306.5747878358005,23593900
2026-03-30,AVGO,Broadcom,292.94635009765625,304.2883841263782,289.50178968312434,300.39455309431185,28054500
2026-03-31,AVGO,Broadcom,309.02093505859375,309.8196587444799,295.8717323324701,298.9169311322916,29289500
2026-04-01,AVGO,Broadcom,312.99462890625,315.29101284198265,309.98940587806464,312.8748233993929,19171000
2026-04-02,AVGO,Broadcom,314.0529479980469,314.19274140072105,301.27318625357447,304.0088468607454,14021100
2026-04-06,AVGO,Broadcom,313.9331359863281,315.9000242460939,309.78969983648585,314.56214534661507,12111300
2026-04-07,AVGO,Broadcom,333.4422607421875,333.621968992959,321.29147840912157,326.2137111638498,33310900
2026-04-08,AVGO,Broadcom,350.0759582519531,353.58042168937504,341.9887513414019,351.19418361323665,31573100
2026-04-09,AVGO,Broadcom,354.34918212890625,358.13320177979557,350.9445668848811,351.74329055349165,20514900
2026-04-10,AVGO,Broadcom,370.9628601074219,375.95495904827993,360.2498352807269,360.36964078021094,29958100
2026-04-13,AVGO,Broadcom,379.1499328613281,380.25816425440775,368.89617211078104,369.07588036868225,24115800
2026-04-14,AVGO,Broadcom,380.17828369140625,381.6759133656677,375.72533999135464,377.3028298417277,24423000
2026-04-15,AVGO,Broadcom,396.0931091308594,396.4525256379757,384.9607343182478,389.2639212714563,29559300
2026-04-16,AVGO,Broadcom,397.8403625488281,399.0484420471456,391.73003788508925,394.3758444183283,18872900
2026-04-17,AVGO,Broadcom,405.8976135253906,406.0873157340535,399.1782369795804,400.2665109575457,20581700
2026-04-20,AVGO,Broadcom,398.9985046386719,405.7777835286593,395.2743878615366,405.0589200627321,16922000
2026-04-21,AVGO,Broadcom,401.5345153808594,402.96224842135666,393.9465185989584,398.778866907118,16275500
2026-04-22,AVGO,Broadcom,421.98211669921875,422.5312658634436,404.2202201647497,406.3368957065317,23702500
2026-04-23,AVGO,Broadcom,419.27642822265625,428.63161720765004,417.1397951490632,421.722569007754,19501600
2026-04-24,AVGO,Broadcom,422.09197998046875,424.328430664838,408.2139198726521,424.3084732370687,22491100
2026-04-27,AVGO,Broadcom,417.5391845703125,422.0819826033756,413.9748184690356,419.81558056108463,17451600
2026-04-28,AVGO,Broadcom,399.19818115234375,405.16874261392576,394.0263738242293,399.6774336324243,25519200
2026-04-29,AVGO,Broadcom,404.809326171875,404.9990283742698,396.15301296947183,402.8623953449198,15962500
2026-04-30,AVGO,Broadcom,416.7703857421875,417.71889677620834,403.59126215971867,414.8634001949257,21821600
2026-05-01,AVGO,Broadcom,420.6142883300781,422.5013163603417,412.626930002147,414.43406738629307,11882600
2026-05-04,AVGO,Broadcom,415.84185791015625,423.160261834928,408.88287049778353,417.5591412312245,15140400
2026-05-05,AVGO,Broadcom,426.6846923828125,432.70519332765383,418.6873701051219,420.9937175205983,21175200
2026-05-06,AVGO,Broadcom,424.7677307128906,436.98837956106627,417.119831234386,434.87173441749127,20707000
2026-05-07,AVGO,Broadcom,411.9080810546875,425.816061920845,405.65796319255526,421.1534583953846,22791700
2026-05-08,AVGO,Broadcom,429.3205261230469,434.3126252640125,413.34580887195676,419.13663168773485,22561400
2026-05-11,AVGO,Broadcom,427.75299072265625,432.96474333546047,424.37832689893474,426.9442731163034,16825500
2026-05-12,AVGO,Broadcom,418.6374206542969,428.6615642339731,407.7646445984097,422.7608994088061,19004300
2026-05-13,AVGO,Broadcom,416.13140869140625,417.96849751881496,404.1603342331478,415.1529462908859,16981200
2026-05-14,AVGO,Broadcom,439.0950622558594,441.6609780428996,414.9332903643237,416.0715035872308,19733800
2026-05-15,AVGO,Broadcom,424.51812744140625,432.12608162585786,419.13662996428303,432.12608162585786,18957100
2026-05-18,AVGO,Broadcom,420.0451965332031,421.3431605888268,413.7152184916585,420.74410259925855,17863300
2026-05-19,AVGO,Broadcom,410.4204406738281,417.28957387627776,405.218651499627,409.17241590505034,20652100
2026-05-20,AVGO,Broadcom,417.0998840332031,423.4997588934565,410.76990587471755,412.15769361465635,16312600
2026-05-21,AVGO,Broadcom,413.9149169921875,421.58277398795553,409.85134096401595,412.896509263339,16865300
2026-05-22,AVGO,Broadcom,413.485595703125,419.32632722976456,409.56178268396343,416.83027769894267,14086400
2026-05-26,AVGO,Broadcom,421.3431701660156,434.6221419680613,416.34107697305205,417.8387067463364,22562900
2026-05-27,AVGO,Broadcom,421.193359375,432.11607435121795,415.8318499600915,424.3983088494184,17601000
2026-05-28,AVGO,Broadcom,425.9059143066406,429.00102184903426,413.3558002995021,420.474538506201,17855600
2026-05-29,AVGO,Broadcom,446.06402587890625,448.19066503671235,430.78821434578,432.26588669428304,41798400
2026-06-01,AVGO,Broadcom,459.2431640625,465.3135431382977,441.5212123254821,449.37877140364344,30586000
2026-06-02,AVGO,Broadcom,480.8090515136719,488.047595381557,469.71659120447544,488.0176440050159,38306700
2026-06-03,AVGO,Broadcom,478.4727478027344,494.21781760890264,471.8931647559405,493.9981640267467,50126400
2026-06-04,AVGO,Broadcom,418.248046875,425.80609216039676,402.3731779666581,408.3437089388015,80979400
2026-06-05,AVGO,Broadcom,385.1204833984375,409.8513310665424,384.9806900000674,406.96588319695917,51146100
2026-06-08,AVGO,Broadcom,395.9732971191406,402.2034268949122,390.73159319104514,401.98377332105593,37099000
2026-06-09,AVGO,Broadcom,391.5403137207031,407.22548029921717,369.7447923517003,400.9753625803298,37026900
2026-06-10,AVGO,Broadcom,371.51202392578125,385.2003512300928,370.5835007988036,380.8971642108943,38193500
2026-06-11,AVGO,Broadcom,384.9607238769531,388.8845063199887,369.964439203457,372.23087161615763,35187600
2026-06-12,AVGO,Broadcom,381.4662780761719,384.3716834858954,376.40428214162193,383.11366472907446,27600900
2026-06-15,AVGO,Broadcom,393.3175048828125,395.5739434179131,387.9859467199298,394.88503130709665,32394200
2026-06-16,AVGO,Broadcom,376.1147155761719,391.1709032730324,375.8651106253426,389.59338292095293,31573700
2026-06-17,AVGO,Broadcom,392.2791442871094,400.016897953316,382.04534105115863,388.09576277066986,40005500
2026-06-18,AVGO,Broadcom,410.70001220703125,412.0478851010793,404.7394444719192,408.93278956863384,45076100
2026-06-22,AVGO,Broadcom,392.1300048828125,414.6400146484375,391.9100036621094,413.6600036621094,26403700
2026-06-23,AVGO,Broadcom,380.1499938964844,391.0199890136719,376.6600036621094,377.8699951171875,33122200
2026-06-24,AVGO,Broadcom,382.07000732421875,388.739990234375,376.9599914550781,386.6199951171875,29938700
2026-06-25,AVGO,Broadcom,378.9100036621094,388.79998779296875,372.70001220703125,386.5799865722656,23353700
2026-06-26,AVGO,Broadcom,365.0199890136719,373.69000244140625,363.8299865722656,370.45001220703125,34839300
2026-06-29,AVGO,Broadcom,372.45001220703125,376.2099914550781,360.4599914550781,373.6199951171875,24285200
2026-06-30,AVGO,Broadcom,377.75,379.6199951171875,370.6400146484375,374.7900085449219,28517400
2026-07-01,AVGO,Broadcom,369.3399963378906,373.75,368.0299987792969,371.8699951171875,23712600
2026-07-02,AVGO,Broadcom,360.45001220703125,374.0,356.42999267578125,365.7300109863281,26749500
2026-07-06,AVGO,Broadcom,373.8999938964844,383.1600036621094,371.17999267578125,373.6099853515625,24544000
2026-07-07,AVGO,Broadcom,370.7799987792969,372.9599914550781,362.010009765625,366.55999755859375,24116700
2026-07-08,AVGO,Broadcom,388.69000244140625,395.0899963378906,376.8900146484375,377.5199890136719,31624100
2026-07-09,AVGO,Broadcom,401.1099853515625,407.5199890136719,387.92999267578125,402.19000244140625,28074000
2026-07-10,AVGO,Broadcom,399.9700012207031,402.44000244140625,395.70001220703125,398.5,14595900
2026-07-13,AVGO,Broadcom,384.04998779296875,395.75,383.4200134277344,393.4800109863281,21294500
2026-07-14,AVGO,Broadcom,389.1099853515625,397.3299865722656,384.6400146484375,395.7200012207031,20118700
2026-07-15,AVGO,Broadcom,394.2799987792969,399.0,386.739990234375,396.0899963378906,16324100
2026-07-16,AVGO,Broadcom,374.45001220703125,386.739990234375,371.8999938964844,384.5400085449219,23407200
2026-07-17,AVGO,Broadcom,370.8299865722656,377.3500061035156,357.79998779296875,366.04998779296875,23272200
2026-07-20,AVGO,Broadcom,378.1600036621094,383.5899963378906,375.9599914550781,378.760009765625,14420500
2026-07-21,AVGO,Broadcom,386.5,390.5799865722656,379.2200012207031,390.2099914550781,17291100
2026-07-22,AVGO,Broadcom,396.80999755859375,398.5899963378906,380.0,380.20001220703125,16966200
2026-07-23,AVGO,Broadcom,392.4700012207031,397.6099853515625,386.82000732421875,392.19000244140625,16348700
2026-07-24,AVGO,Broadcom,381.9200134277344,389.2699890136719,378.75,387.67999267578125,15149400
2026-07-27,AVGO,Broadcom,383.2200012207031,389.8999938964844,373.5,389.82000732421875,18502100
2026-07-28,AVGO,Broadcom,380.9100036621094,385.79998779296875,371.5199890136719,374.3599853515625,20328400
2026-07-29,AVGO,Broadcom,370.32000732421875,386.1199951171875,369.510009765625,380.6400146484375,21374400
2026-07-30,AVGO,Broadcom,387.8399963378906,388.67999267578125,377.5400085449219,380.3500061035156,23639800
2026-07-31,AVGO,Broadcom,389.2799987792969,399.9200134277344,379.7099914550781,394.8299865722656,20391000
2026-08-03,AVGO,Broadcom,392.2300109863281,392.6099853515625,374.6099853515625,384.4100036621094,17315100
2026-08-04,AVGO,Broadcom,418.1600036621094,422.07000732421875,400.67999267578125,402.9700012207031,29564200
2026-08-05,AVGO,Broadcom,418.2799987792969,427.0,416.8900146484375,421.70001220703125,16880400
2026-08-06,AVGO,Broadcom,420.57000732421875,428.0299987792969,410.760009765625,420.54998779296875,13907500
2026-08-07,AVGO,Broadcom,427.760009765625,430.8399963378906,421.6099853515625,428.3999938964844,14698300
2026-08-10,AVGO,Broadcom,422.3999938964844,432.7300109863281,420.1600036621094,426.989990234375,13854100
2026-08-11,AVGO,Broadcom,416.0799865722656,426.760009765625,413.2300109863281,426.07000732421875,12882700
2026-08-12,AVGO,Broadcom,416.04998779296875,426.5,414.6099853515625,426.260009765625,15859200
2026-08-13,AVGO,Broadcom,417.82000732421875,424.9200134277344,411.4100036621094,415.80999755859375,13180500
2026-08-14,AVGO,Broadcom,392.989990234375,412.5,388.5,411.9599914550781,29513600
2026-08-17,AVGO,Broadcom,392.42999267578125,399.3599853515625,391.30999755859375,397.260009765625,20042600
2026-08-18,AVGO,Broadcom,380.0,385.7799987792969,377.010009765625,384.32000732421875,22878200
2026-08-19,AVGO,Broadcom,362.4800109863281,373.9100036621094,357.6099853515625,372.3999938964844,35091400
2026-08-20,AVGO,Broadcom,364.0299987792969,367.1199951171875,362.25,364.3900146484375,19729800
2026-08-21,AVGO,Broadcom,368.45001220703125,375.1300048828125,365.04998779296875,370.69000244140625,19037100
2026-08-24,AVGO,Broadcom,358.760009765625,366.1700134277344,358.7099914550781,364.9700012207031,18717200
2026-08-25,AVGO,Broadcom,356.739990234375,362.989990234375,355.30999755859375,361.1000061035156,18014900
2026-08-26,AVGO,Broadcom,355.5899963378906,359.4700012207031,350.05999755859375,357.1199951171875,19196300
2026-08-27,AVGO,Broadcom,371.5400085449219,371.7200012207031,360.6099853515625,361.7900085449219,21330000
2026-08-28,AVGO,Broadcom,368.7900085449219,376.5899963378906,365.3500061035156,373.6000061035156,16596100
2026-08-31,AVGO,Broadcom,370.3399963378906,372.75,366.29998779296875,369.5199890136719,21948000
2026-09-01,AVGO,Broadcom,369.67999267578125,371.3999938964844,362.0,364.25,19288900
2026-09-02,AVGO,Broadcom,367.239990234375,371.0899963378906,364.6499938964844,369.67999267578125,38874600
2026-09-03,AVGO,Broadcom,357.1600036621094,359.3999938964844,342.3299865722656,351.739990234375,60242600
2026-09-04,AVGO,Broadcom,357.8999938964844,360.1600036621094,353.70001220703125,359.70001220703125,32863300
2026-09-08,AVGO,Broadcom,368.55999755859375,372.70001220703125,362.739990234375,363.67999267578125,30464900
2026-09-09,AVGO,Broadcom,364.3800048828125,368.010009765625,359.25,366.2300109863281,25918200
2026-09-10,AVGO,Broadcom,360.8299865722656,365.2699890136719,357.75,360.0299987792969,23994300
2026-09-11,AVGO,Broadcom,361.989990234375,366.7799987792969,361.6400146484375,364.8500061035156,21142900
