Date,ticker,name,Close,High,Low,Open,Volume
2015-01-02,ORCL,Oracle,37.224063873291016,37.94620631249649,36.921770050583284,37.80345823133739,15070200
2015-01-05,ORCL,Oracle,36.7020149230957,37.25772320857783,36.69359651188137,37.181944660016256,18369400
2015-01-06,ORCL,Oracle,36.32313537597656,37.19879820815787,36.19683989043131,37.09776117733981,19229500
2015-01-07,ORCL,Oracle,36.33154296875,36.64307556705364,36.21366273110046,36.48310006239135,13502200
2015-01-08,ORCL,Oracle,36.55046081542969,36.99671052017533,36.52520236781266,36.73569799637696,17516900
2015-01-09,ORCL,Oracle,36.533626556396484,37.13143346518606,36.42416791290114,37.03039644683362,15957500
2015-01-12,ORCL,Oracle,36.43258285522461,36.853574101697866,36.08737016159287,36.424161231626485,16055700
2015-01-13,ORCL,Oracle,36.14631271362305,37.00513533771512,35.84319846842482,36.76937802927835,12878200
2015-01-14,ORCL,Oracle,36.25577163696289,36.34838702425625,35.75058015365405,35.75058015365405,12707400
2015-01-15,ORCL,Oracle,35.89371871948242,36.74411972234275,35.84319860778341,36.609402636387394,13431000
2015-01-16,ORCL,Oracle,36.634666442871094,36.72728505524064,35.573769637340725,35.77584690177511,17786700
2015-01-20,ORCL,Oracle,36.96305465698242,37.07251013343641,36.398924381791694,36.67678031104464,16308400
2015-01-21,ORCL,Oracle,36.617820739746094,36.98829188752123,36.382063453063395,36.786214672065825,15876600
2015-01-22,ORCL,Oracle,37.089324951171875,38.16706463265296,36.35680114525319,37.005127993951994,17969100
2015-01-23,ORCL,Oracle,37.207210540771484,37.50190638269318,36.979874849657755,37.03039496276373,14150300
2015-01-26,ORCL,Oracle,36.96305465698242,37.22406732904525,36.659940265764746,37.19038723848546,12059500
2015-01-27,ORCL,Oracle,36.54205322265625,36.93778293742447,35.85162761350135,36.213677246869494,14984100
2015-01-28,ORCL,Oracle,35.94424819946289,37.03040689182319,35.92740815633601,36.99672680556942,15132500
2015-01-29,ORCL,Oracle,36.087364196777344,36.22208124490532,35.63269295488003,36.05368413176841,12805100
2015-01-30,ORCL,Oracle,35.27065658569336,35.80110661304771,35.21171805064391,35.43905377665291,22590000
2015-02-02,ORCL,Oracle,35.935813903808594,35.9610723513823,34.99279438879246,35.54008109497583,16889500
2015-02-03,ORCL,Oracle,36.238948822021484,36.323145836632776,35.81795732514459,36.154748595499974,12657100
2015-02-04,ORCL,Oracle,35.71690368652344,36.33997228196278,35.632706703422265,36.17999672930695,12912000
2015-02-05,ORCL,Oracle,36.339962005615234,36.40732214257505,35.78425372332927,35.78425372332927,9630300
2015-02-06,ORCL,Oracle,36.188411712646484,36.600984599317144,36.10421473752613,36.42416581251045,9522100
2015-02-09,ORCL,Oracle,36.54205322265625,36.735708872842686,35.89372610929678,35.89372610929678,12705700
2015-02-10,ORCL,Oracle,37.03881072998047,37.09774924666208,36.676758006417245,36.87041359150088,12714800
2015-02-11,ORCL,Oracle,36.508365631103516,37.047233975016546,36.281029946282324,37.013553900544814,12836900
2015-02-12,ORCL,Oracle,36.954612731933594,37.09775143224202,36.550461502917344,36.60940002307127,12519700
2015-02-13,ORCL,Oracle,36.98830032348633,37.24089449148375,36.87884167298744,36.87884167298744,10155700
2015-02-17,ORCL,Oracle,36.91252136230469,36.963041480134606,36.659927196973264,36.7693826344078,10118600
2015-02-18,ORCL,Oracle,37.13143539428711,37.13985701986754,36.75254575280365,36.803062658649935,8661100
2015-02-19,ORCL,Oracle,37.13984298706055,37.35875699080183,37.047224412124976,37.15668301994955,8465700
2015-02-20,ORCL,Oracle,36.85358810424805,37.12302234741002,36.59257227597447,37.09776389083532,14731200
2015-02-23,ORCL,Oracle,36.86199188232422,36.94619205732238,36.457840678057806,36.59255774614661,10995500
2015-02-24,ORCL,Oracle,36.946189880371094,37.01354680449255,36.525198665910786,36.87041133329192,10522500
2015-02-25,ORCL,Oracle,36.81991195678711,37.123026315723514,36.525219225548874,36.90411217421938,11785400
2015-02-26,ORCL,Oracle,36.954612731933594,37.17352998842684,36.80305561956394,36.878834175748764,8519300
2015-02-27,ORCL,Oracle,36.89567565917969,37.139851373343966,36.77779861424758,36.853577173405164,9549500
2015-03-02,ORCL,Oracle,37.0724983215332,37.08091994744499,36.609408465569835,36.887264306293375,11091000
2015-03-03,ORCL,Oracle,36.525203704833984,36.94619497737317,36.348384929317056,36.90409649250095,10058700
2015-03-04,ORCL,Oracle,36.71886444091797,36.76096293167882,36.05369736640607,36.37365167762466,14697600
2015-03-05,ORCL,Oracle,36.878841400146484,36.95461997117599,36.42416997396946,36.76096433674705,10983500
2015-03-06,ORCL,Oracle,35.6832275390625,36.718865869227216,35.61586738169776,36.718865869227216,15086600
2015-03-09,ORCL,Oracle,35.94424819946289,36.028448415097294,35.52325675702028,35.57377688640092,11474200
2015-03-10,ORCL,Oracle,35.21172332763672,35.826370436630086,35.178043242015505,35.56535780284001,13960700
2015-03-11,ORCL,Oracle,34.917030334472656,35.49799735328997,34.866510206436914,35.30434168035086,11108800
2015-03-12,ORCL,Oracle,35.0433235168457,35.16120059588264,34.74020919251671,34.908606396244984,13716700
2015-03-13,ORCL,Oracle,35.6832275390625,35.75900611014329,34.95070028131185,34.975961946278176,18405400
2015-03-16,ORCL,Oracle,36.55046081542969,36.6514978178062,35.98633407259338,36.05369100354159,17423200
2015-03-17,ORCL,Oracle,36.095794677734375,36.49152754415548,36.08737626462086,36.297871923456114,21509000
2015-03-18,ORCL,Oracle,37.15669631958008,37.83870023020347,36.4999476494681,37.2998318325078,37900300
2015-03-19,ORCL,Oracle,37.18195724487305,37.45981308761314,37.04724013648946,37.04724013648946,15729600
2015-03-20,ORCL,Oracle,37.39246368408203,37.66189797835684,37.09777092844088,37.15670947956911,20724700
2015-03-23,ORCL,Oracle,37.257728576660156,37.5692612270063,37.18195001718044,37.33350713613988,10749200
2015-03-24,ORCL,Oracle,36.803077697753906,37.46824506642077,36.803077697753906,37.32510949215367,14913400
2015-03-25,ORCL,Oracle,36.14631271362305,36.836738177948476,36.14631271362305,36.77779965381645,17491000
2015-03-26,ORCL,Oracle,36.19684982299805,36.398923940084146,35.75059665827173,36.02003095565998,14065600
2015-03-27,ORCL,Oracle,35.90213394165039,36.306285163601,35.71689676045738,36.14630964196692,18030800
2015-03-30,ORCL,Oracle,36.57571792602539,36.73569665350763,36.306283788264885,36.39890237535286,12730100
2015-03-31,ORCL,Oracle,36.33154296875,36.68517404597445,36.31470293480007,36.46626002844142,13264200
2015-04-01,ORCL,Oracle,36.154727935791016,36.306285045016025,35.969493967111426,36.19682963094893,12050900
2015-04-02,ORCL,Oracle,36.01110076904297,36.425120014995294,35.89281047681908,36.323728796398925,11183900
2015-04-06,ORCL,Oracle,36.29837417602539,36.41666445391581,35.664673496039605,35.723818634984816,9766500
2015-04-07,ORCL,Oracle,36.29837417602539,36.73774036759574,36.28147510444557,36.323724394979294,8075400
2015-04-08,ORCL,Oracle,36.42511749267578,36.6194519911821,36.20543277389924,36.20543277389924,6947100
2015-04-09,ORCL,Oracle,36.501163482666016,36.59410677411799,36.11249446674744,36.30682897470673,9399500
2015-04-10,ORCL,Oracle,36.763084411621094,37.084160299521386,36.399765682915486,36.399765682915486,12542800
2015-04-13,ORCL,Oracle,36.39977264404297,36.999675247428044,36.35752334882171,36.796889589139546,10943400
2015-04-14,ORCL,Oracle,36.104034423828125,36.38286422949073,35.91814788671972,36.3659651603747,10510500
2015-04-15,ORCL,Oracle,37.16865921020508,37.33764348228192,36.1885356055848,36.28992681346459,18188700
2015-04-16,ORCL,Oracle,36.72084426879883,37.14331142299072,36.5434088375987,36.91517877294687,11960800
2015-04-17,ORCL,Oracle,36.332183837890625,36.67015893030153,36.213893522497614,36.382881068703064,12473500
2015-04-20,ORCL,Oracle,36.6025505065918,37.016569696590516,36.54340536847317,36.59410258250412,10426300
2015-04-21,ORCL,Oracle,36.687042236328125,37.06726327945445,36.670146388338736,36.76308644495339,9312900
2015-04-22,ORCL,Oracle,36.796878814697266,36.96586627659525,36.61944343012987,36.763080677684115,7343900
2015-04-23,ORCL,Oracle,36.66170120239258,36.86448686608912,36.323729393790046,36.76309242265646,11311000
2015-04-24,ORCL,Oracle,36.39977264404297,36.82223981090604,36.120942766792375,36.67859929812487,17767100
2015-04-27,ORCL,Oracle,36.847572326660156,37.13485001614003,36.39130719222139,36.416654180856625,12916000
2015-04-28,ORCL,Oracle,37.599571228027344,37.66716750994001,36.7123909785165,36.9320724483964,18287700
2015-04-29,ORCL,Oracle,37.79392623901367,37.93756680454077,36.9067455074553,37.515099482544414,36608700
2015-04-30,ORCL,Oracle,36.85602951049805,37.52352831308773,36.76308623125541,37.2193514803548,20196300
2015-05-01,ORCL,Oracle,37.48972702026367,37.498178166667245,36.703938009465496,36.703938009465496,11942000
2015-05-04,ORCL,Oracle,37.675621032714844,37.89530253524245,37.37989531331833,37.64182288673564,9168200
2015-05-05,ORCL,Oracle,37.1095085144043,37.700963098998486,37.0841615198198,37.574224902907844,11410200
2015-05-06,ORCL,Oracle,36.55184555053711,37.37988375514828,36.33216411593682,37.34608561961974,12732100
2015-05-07,ORCL,Oracle,36.73773193359375,36.88982031972838,36.34906304599087,36.47580121899132,8787100
2015-05-08,ORCL,Oracle,37.185543060302734,37.379880712187706,36.91516444442018,37.033457909140225,9582900
2015-05-11,ORCL,Oracle,37.04191970825195,37.346096570869435,36.83913405878411,37.15176206934572,7429400
2015-05-12,ORCL,Oracle,36.81378936767578,36.915180587177595,36.568757632641706,36.88138566278949,8515100
2015-05-13,ORCL,Oracle,36.999671936035156,37.236252496891034,36.85603143610952,36.97432171653745,7451200
2015-05-14,ORCL,Oracle,37.498172760009766,37.51507182721237,37.177096929495406,37.27004018752594,7293000
2015-05-15,ORCL,Oracle,37.30384063720703,37.548869068933726,37.126402032150715,37.52352207814041,9369500
2015-05-18,ORCL,Oracle,37.37989807128906,37.52353536754564,37.075721181370604,37.126415180911124,6070900
2015-05-19,ORCL,Oracle,37.44747543334961,37.565765680205274,37.312286119347775,37.53196754591294,8640000
2015-05-20,ORCL,Oracle,37.4221305847168,37.68405808254558,37.25314312675675,37.36298545790593,9055700
2015-05-21,ORCL,Oracle,37.41368103027344,37.557321503757166,37.134854452473434,37.362987046946785,8036400
2015-05-22,ORCL,Oracle,37.117950439453125,37.405228124986785,37.07570438458558,37.34608300353874,7484300
2015-05-26,ORCL,Oracle,36.61099624633789,37.03346329802515,36.45890784987706,36.95741909979473,10440400
2015-05-27,ORCL,Oracle,37.29540252685547,37.38834582313978,36.678600824350035,36.78844319479229,11096800
2015-05-28,ORCL,Oracle,37.05881881713867,37.38834267757303,36.87293224020912,37.24470539406823,7273200
2015-05-29,ORCL,Oracle,36.74618911743164,37.041914792862784,36.63634677091373,36.99966872825378,10358700
2015-06-01,ORCL,Oracle,36.999671936035156,37.22780457250406,36.87293050805185,37.04191800430679,9764300
2015-06-02,ORCL,Oracle,36.92362594604492,37.18555349061856,36.450461623947135,36.76308638190676,8275900
2015-06-03,ORCL,Oracle,37.151756286621094,37.25314748398905,36.83068040125984,36.957421815345825,9220900
2015-06-04,ORCL,Oracle,36.98277282714844,37.270050603544334,36.76308811528595,36.957425830844464,13783100
2015-06-05,ORCL,Oracle,37.01656723022461,37.19400263275822,36.746188553077765,37.0334663004423,12850700
2015-06-08,ORCL,Oracle,36.41667556762695,37.08417459448102,36.39977971405916,37.01658151070188,9112200
2015-06-09,ORCL,Oracle,36.391334533691406,36.64481427998995,36.18010087458097,36.627915200480736,7634200
2015-06-10,ORCL,Oracle,37.126407623291016,37.219350901087125,36.38286784725851,36.56875117968254,15518400
2015-06-11,ORCL,Oracle,37.41368103027344,37.53197128892603,37.20244750463157,37.320737763284164,12519300
2015-06-12,ORCL,Oracle,37.46438217163086,37.50662823656275,37.09261228779481,37.160205347052205,11742300
2015-06-15,ORCL,Oracle,36.94052505493164,37.16865768064938,36.67859428692203,37.0926134720768,16727800
2015-06-16,ORCL,Oracle,37.717857360839844,37.92064296116563,36.97431445720231,37.1010558603019,18271600
2015-06-17,ORCL,Oracle,37.94599151611328,38.22482132515468,37.48972631395531,37.90374545439523,27080800
2015-06-18,ORCL,Oracle,36.11248016357422,36.315262516272256,34.61694661396485,35.411183404505685,79138400
2015-06-19,ORCL,Oracle,35.14081573486328,36.416665039558445,35.115468738670096,36.24768076737935,37430200
2015-06-22,ORCL,Oracle,35.05631637573242,35.45343320133299,35.02251823899305,35.31824387754323,22368300
2015-06-23,ORCL,Oracle,35.242210388183594,35.5379393397451,35.04787587764422,35.436544898722964,17394300
2015-06-24,ORCL,Oracle,34.81130599975586,35.292918461621205,34.81130599975586,35.098583891322,17768200
2015-06-25,ORCL,Oracle,34.692996978759766,35.039419847532805,34.692996978759766,34.8450853819448,13587200
2015-06-26,ORCL,Oracle,34.63385009765625,34.95492273423808,34.61695102891492,34.726790140981855,39687300
2015-06-29,ORCL,Oracle,34.152244567871094,34.55781588855438,34.11844964378809,34.3296832293583,18195500
2015-06-30,ORCL,Oracle,34.05085372924805,34.431074832150955,33.89031736276405,34.30433339012706,16691500
2015-07-01,ORCL,Oracle,34.00015640258789,34.38882539276556,33.73822561885853,34.3127811796292,13948600
2015-07-02,ORCL,Oracle,34.101539611816406,34.15223359323504,33.92410423051582,34.11843868001185,11644100
2015-07-06,ORCL,Oracle,34.0506706237793,34.169402203437556,33.72839688242623,33.8640905784918,12434100
2015-07-07,ORCL,Oracle,34.05913543701172,34.15242541959022,33.787748161433264,33.95736601746768,16437100
2015-07-08,ORCL,Oracle,33.7283935546875,34.12699516294984,33.669027770715566,33.83864568286077,14598700
2015-07-09,ORCL,Oracle,34.07609939575195,34.33052457601777,34.05065784828288,34.126985725881795,13348300
2015-07-10,ORCL,Oracle,34.228763580322266,34.474709383730314,34.101549341265,34.398381487334454,10470900
2015-07-13,ORCL,Oracle,34.60192108154297,34.65280742522491,34.245726381347055,34.36445794807903,10717000
2015-07-14,ORCL,Oracle,34.5849609375,34.686733630662495,34.415346252614654,34.61040572838699,9298800
2015-07-15,ORCL,Oracle,34.59342956542969,34.70367841879762,34.45773593150718,34.45773593150718,9326700
2015-07-16,ORCL,Oracle,34.73760223388672,34.78848855921528,34.39836977060377,34.78848855921528,14861000
2015-07-17,ORCL,Oracle,34.26267623901367,34.652795028772466,34.059134172292204,34.5595050496581,14574400
2015-07-20,ORCL,Oracle,33.86407470703125,34.25419349597924,33.81318838165879,34.22875195088871,17488100
2015-07-21,ORCL,Oracle,33.55876922607422,33.91496709699304,33.40611345785072,33.71990443244704,14679100
2015-07-22,ORCL,Oracle,33.43156051635742,33.64358209213906,33.287387397718305,33.380677408693025,16797000
2015-07-23,ORCL,Oracle,33.07537078857422,33.58422135278278,33.04144655490885,33.54181767829756,18083800
2015-07-24,ORCL,Oracle,33.07537078857422,33.21954392886255,32.90575285544037,33.16017813754465,12030300
2015-07-27,ORCL,Oracle,32.65979766845703,32.92270555134227,32.625876679691245,32.83789822663971,15756800
2015-07-28,ORCL,Oracle,33.31283187866211,33.38915978205794,32.60043919203199,32.89727136532367,14289200
2015-07-29,ORCL,Oracle,33.745357513427734,33.81320274087765,33.2958695364019,33.3891595549392,13016400
2015-07-30,ORCL,Oracle,33.626617431640625,34.00825361427909,33.5418068747939,33.94888784208236,13634200
2015-07-31,ORCL,Oracle,33.8725700378418,34.025225850399146,33.66903111122728,33.719914225284455,13706100
2015-08-03,ORCL,Oracle,33.67749786376953,33.93192304377891,33.465476341229774,33.881039948892045,12444500
2015-08-04,ORCL,Oracle,33.635101318359375,33.9234507793919,33.524849197472484,33.57573553831083,9697300
2015-08-05,ORCL,Oracle,33.61813735961914,33.940411030189274,33.60965792087433,33.83864158929057,11982000
2015-08-06,ORCL,Oracle,33.346736907958984,33.78774195861126,33.2025638596718,33.60964469830676,10613000
2015-08-07,ORCL,Oracle,33.5502815246582,33.66053036940546,33.27041160678169,33.38066368672012,10655100
2015-08-10,ORCL,Oracle,33.830162048339844,33.96585572716868,33.66902681572826,33.71990992329376,9525800
2015-08-11,ORCL,Oracle,33.21953582763672,33.652061613407916,33.09232483520393,33.52484738578293,10600500
2015-08-12,ORCL,Oracle,33.31283187866211,33.3806803417663,32.65132553936014,32.85486769347994,11062300
2015-08-13,ORCL,Oracle,33.3382682800293,33.55028982108348,33.0668809662953,33.26194039584211,7785700
2015-08-14,ORCL,Oracle,33.42308807373047,33.49941598639835,33.22802857139994,33.35524283757746,7185000
2015-08-17,ORCL,Oracle,33.68597412109375,33.69445355689614,33.151679080193055,33.4230663185446,7631200
2015-08-18,ORCL,Oracle,33.779273986816406,33.94888863408295,33.507883433767496,33.516366107246036,9950600
2015-08-19,ORCL,Oracle,33.52484130859375,33.872556467852434,33.338264573142105,33.669017622779435,11112900
2015-08-20,ORCL,Oracle,32.761573791503906,33.499407946755795,32.73612900325908,33.23650003617528,13071200
2015-08-21,ORCL,Oracle,31.845630645751953,32.88029666575903,31.845630645751953,32.49865729483908,19411300
2015-08-24,ORCL,Oracle,30.59894561767578,31.039947507782887,29.801742676285812,30.302113565067707,32522300
2015-08-25,ORCL,Oracle,30.064659118652344,31.55728954030282,30.005293338172585,31.35375064585577,21393600
2015-08-26,ORCL,Oracle,31.30284881591797,31.396138777709584,30.191855179876306,30.55653235677583,20554300
2015-08-27,ORCL,Oracle,31.226533889770508,31.81171220805963,30.539582897280738,31.676018544317568,28218200
2015-08-28,ORCL,Oracle,31.769302368164062,31.79474714936333,31.192603600583798,31.260452036859835,21559100
2015-08-31,ORCL,Oracle,31.455509185791016,31.811703745158063,31.319815558147674,31.514874945685523,15352800
2015-09-01,ORCL,Oracle,30.539588928222656,30.997556346988333,30.437819469116764,30.810979544492994,19948700
2015-09-02,ORCL,Oracle,31.16716194152832,31.16716194152832,30.624387394054793,30.844888340769103,15049300
2015-09-03,ORCL,Oracle,31.294374465942383,31.60816537780129,31.18412238089254,31.218046597091156,11787800
2015-09-04,ORCL,Oracle,30.760082244873047,31.107797405270357,30.607426492972603,30.82792744838901,13147900
2015-09-08,ORCL,Oracle,31.955890655517578,32.0746222147323,31.150208058456094,31.150208058456094,18949600
2015-09-09,ORCL,Oracle,31.455509185791016,32.37992303510856,31.38766075437371,32.14245999553053,14710200
2015-09-10,ORCL,Oracle,31.896526336669922,32.17639313403701,31.40463472860489,31.40463472860489,16930600
2015-09-11,ORCL,Oracle,32.1594352722168,32.19335950522967,31.718433183821148,31.760836857490776,12948600
2015-09-14,ORCL,Oracle,31.854114532470703,32.176384915586496,31.692976105721137,32.066136053821886,15021500
2015-09-15,ORCL,Oracle,32.21878433227539,32.37991948644505,31.71841352858013,32.03220440151721,14877900
2015-09-16,ORCL,Oracle,32.456260681152344,32.66828224042155,32.16791123113854,32.447778007073914,19574000
2015-09-17,ORCL,Oracle,31.158689498901367,32.45626039492422,30.95514738031336,32.45626039492422,37299000
2015-09-18,ORCL,Oracle,30.853374481201172,31.362224867861332,30.751601815715656,30.777046599682965,34919800
2015-09-21,ORCL,Oracle,31.235002517700195,31.430061869415027,30.88728422333252,31.039939930794684,14964400
2015-09-22,ORCL,Oracle,30.69223403930664,30.94666245120112,30.505657301826776,30.81944824525388,19979700
2015-09-23,ORCL,Oracle,30.52261734008789,30.717676736827933,30.386923706043017,30.69223195625041,16991600
2015-09-24,ORCL,Oracle,30.581981658935547,30.726154722905225,30.013762369005505,30.40388114406716,18059500
2015-09-25,ORCL,Oracle,30.573503494262695,30.802487131255504,30.4547719569757,30.700717704322617,19387000
2015-09-28,ORCL,Oracle,30.056171417236328,30.64983235793536,30.022250430630102,30.293637734631055,21742700
2015-09-29,ORCL,Oracle,30.11553955078125,30.242753774909907,29.886559123657044,29.945924898865854,19785900
2015-09-30,ORCL,Oracle,30.63287353515625,30.692239312079266,30.344524089304944,30.437814091667455,16215000
2015-10-01,ORCL,Oracle,30.734643936157227,30.887296468949526,30.403887615396684,30.726161262829233,18331300
2015-10-02,ORCL,Oracle,31.285888671875,31.302850778281442,30.225781285404903,30.285147040231948,18772800
2015-10-05,ORCL,Oracle,31.87955665588379,31.998288192355442,31.39614783728249,31.59968668975055,12741700
2015-10-06,ORCL,Oracle,31.998294830322266,32.10006427766812,31.811714814194545,31.820197488668935,12427300
2015-10-07,ORCL,Oracle,31.938928604125977,32.2103159500565,31.676020697359135,32.015256497368455,16335700
2015-10-08,ORCL,Oracle,32.133975982666016,32.21878651839748,31.667529359311974,31.709933009582134,13247600
2015-10-09,ORCL,Oracle,32.44051742553711,32.525665092805625,32.0658774337098,32.33834347286628,14656400
2015-10-12,ORCL,Oracle,32.38941192626953,32.45752676966396,32.09140014827697,32.287234789103834,11022500
2015-10-13,ORCL,Oracle,32.20210647583008,32.525661075383674,32.133991598479895,32.27873774288091,11575600
2015-10-14,ORCL,Oracle,31.725278854370117,31.997748017850437,31.6231049480962,31.648647612652198,14069700
2015-10-15,ORCL,Oracle,31.97220230102539,32.07437620792497,31.725279048638964,31.97220230102539,12205500
2015-10-16,ORCL,Oracle,31.818939208984375,32.18506588710314,31.623104537812686,32.18506588710314,19694700
2015-10-19,ORCL,Oracle,31.393224716186523,31.589059474071504,31.13778821668661,31.384711573692098,18100500
2015-10-20,ORCL,Oracle,31.384702682495117,31.50390613195499,31.18035159195648,31.18035159195648,13678100
2015-10-21,ORCL,Oracle,31.18035316467285,31.60608164738895,31.137780966011352,31.48687819191653,11062600
2015-10-22,ORCL,Oracle,32.176551818847656,32.23615353234985,31.376180383732823,31.376180383732823,14701400
2015-10-23,ORCL,Oracle,32.41496276855469,32.49159401674714,32.17655588442269,32.45753496242823,16469100
2015-10-26,ORCL,Oracle,32.67040252685547,32.88326676608084,32.30427577554379,32.30427577554379,12330600
2015-10-27,ORCL,Oracle,32.64487075805664,32.738531574278404,32.38943423530284,32.63635761478721,14110500
2015-10-28,ORCL,Oracle,33.10464859008789,33.11316173082231,32.670403707467514,32.89178434317024,14020000
2015-10-29,ORCL,Oracle,33.087615966796875,33.130188162589675,32.80663362807379,32.80663362807379,11432900
2015-10-30,ORCL,Oracle,33.070579528808594,33.240871524447805,32.781084110636826,33.13869437823448,16471500
2015-11-02,ORCL,Oracle,33.84540939331055,33.87095205913702,33.121672378459785,33.24938895564223,19789700
2015-11-03,ORCL,Oracle,34.228572845458984,34.28817457700073,33.70067040263891,33.79432794645397,17153100
2015-11-04,ORCL,Oracle,34.466976165771484,34.54360741945828,34.10936581393337,34.35628585532379,16863300
2015-11-05,ORCL,Oracle,34.35628890991211,34.56915316151764,34.18600010706826,34.194513247990166,16358800
2015-11-06,ORCL,Oracle,34.586177825927734,34.6032073534266,34.1689657703815,34.330741409545304,16481800
2015-11-09,ORCL,Oracle,34.1434211730957,34.48400524011951,33.870955218696814,34.40737398744167,14604900
2015-11-10,ORCL,Oracle,33.990150451660156,34.20301463008403,33.87946341747545,33.913522465555175,11294000
2015-11-11,ORCL,Oracle,33.240882873535156,33.71769672645893,33.18979428298585,33.41117492731541,18861500
2015-11-12,ORCL,Oracle,32.89178466796875,33.29196724745121,32.78960748984284,32.908814197656405,14591600
2015-11-13,ORCL,Oracle,31.759361267089844,32.86625526873167,31.691246362153823,32.76408128730149,23987600
2015-11-16,ORCL,Oracle,32.4575309753418,32.68742469167899,31.980717265649655,32.09140430651402,16741000
2015-11-17,ORCL,Oracle,32.466060638427734,32.798128392914734,32.329827630226625,32.55120505053425,14820000
2015-11-18,ORCL,Oracle,32.951385498046875,32.97692816785552,32.48308481260169,32.51714062299636,11958900
2015-11-19,ORCL,Oracle,33.223846435546875,33.47928283908227,32.883262398799616,32.9258345913805,12306100
2015-11-20,ORCL,Oracle,33.49630355834961,33.700654576276804,33.37710015124593,33.41967233263307,12023200
2015-11-23,ORCL,Oracle,33.326026916503906,33.658094631361394,33.249395655532894,33.58146337039038,9111900
2015-11-24,ORCL,Oracle,33.598480224609375,33.73471316515528,33.01948941527692,33.01948941527692,13766300
2015-11-25,ORCL,Oracle,33.428192138671875,33.717687577128174,33.41116586115964,33.60700053304921,8014700
2015-11-27,ORCL,Oracle,33.36008834838867,33.49632135001761,33.2749439403897,33.3260292859687,6869900
2015-11-30,ORCL,Oracle,33.18128204345703,33.453748037688044,33.18128204345703,33.300485509926744,18969800
2015-12-01,ORCL,Oracle,33.402652740478516,33.445224934521605,33.13018680094251,33.283449297937786,12718200
2015-12-02,ORCL,Oracle,32.951385498046875,33.53888963999986,32.9088132990156,33.334541785429515,13694200
2015-12-03,ORCL,Oracle,32.19359588623047,33.17276965611096,32.14250728812969,33.17276965611096,20322500
2015-12-04,ORCL,Oracle,33.34306335449219,33.411181488601635,32.25319919315234,32.37240267979246,18206600
2015-12-07,ORCL,Oracle,33.05355453491211,33.41116809957558,32.78108860376379,33.343049992763454,13798500
2015-12-08,ORCL,Oracle,32.9769287109375,33.096132169408406,32.57674288774176,32.6022888060217,15219700
2015-12-09,ORCL,Oracle,32.849212646484375,33.50483167874703,32.636348396306694,32.89178484690977,17516100
2015-12-10,ORCL,Oracle,32.51713562011719,33.05355433992292,32.449020761756984,32.87474918267104,18358300
2015-12-11,ORCL,Oracle,31.682720184326172,32.2276522477304,31.52945763548732,32.03181749044771,20346800
2015-12-14,ORCL,Oracle,32.05734634399414,32.082889005849175,31.376178379397256,31.631617990145877,20142700
2015-12-15,ORCL,Oracle,32.5341682434082,32.806634198883216,32.31279087260365,32.440507462204216,19262900
2015-12-16,ORCL,Oracle,33.13018035888672,33.326015011845676,32.65336343338911,32.92582931994501,23478000
2015-12-17,ORCL,Oracle,31.444305419921875,32.52565613607025,31.112237729146095,32.43199535189236,42879900
2015-12-18,ORCL,Oracle,30.95046615600586,31.572032734849856,30.916410338466804,31.410253797321445,28726800
2015-12-21,ORCL,Oracle,31.01006317138672,31.367676809488703,30.737597184285576,31.265502876338466,15042300
2015-12-22,ORCL,Oracle,31.15481185913086,31.256985790002027,30.865316348286967,30.984519808978444,13924800
2015-12-23,ORCL,Oracle,31.444305419921875,31.691228714927124,31.205898513323984,31.214411653680838,12832300
2015-12-24,ORCL,Oracle,31.512422561645508,31.69974414352305,31.27401563783826,31.27401563783826,4953900
2015-12-28,ORCL,Oracle,31.325105667114258,31.38470740080459,31.05263967080105,31.359164728666126,10921900
2015-12-29,ORCL,Oracle,31.5379638671875,31.682709978882055,31.486875284680462,31.520934339685155,10708600
2015-12-30,ORCL,Oracle,31.435792922973633,31.640144045390382,31.359164906124615,31.572029169952067,9585600
2015-12-31,ORCL,Oracle,31.103713989257812,31.461327512681837,31.018569613611476,31.36766675064103,10332400
2016-01-04,ORCL,Oracle,30.565093994140625,30.787384151790448,30.231657126944487,30.787384151790448,18784400
2016-01-05,ORCL,Oracle,30.471052169799805,30.881436326462033,30.342808955404752,30.659146131311253,25340700
2016-01-06,ORCL,Oracle,30.624927520751953,30.89851678775774,30.231643357111302,30.351338253746167,18165700
2016-01-07,ORCL,Oracle,29.95806121826172,30.505239882467798,29.8212665522102,30.137603605933947,22591400
2016-01-08,ORCL,Oracle,29.624624252319336,30.163251412221808,29.590424770643665,30.03500824810116,21962200
2016-01-11,ORCL,Oracle,29.872568130493164,30.026462566418033,29.51348328763028,29.710125453213674,18726600
2016-01-12,ORCL,Oracle,30.240211486816406,30.39410595841901,29.915326056938436,30.197463747247564,18457300
2016-01-13,ORCL,Oracle,29.137292861938477,30.265849658279834,28.957747215042577,30.086304011383934,28322900
2016-01-14,ORCL,Oracle,29.744319915771484,30.00080951182762,29.077443052294928,29.231337462217045,19523600
2016-01-15,ORCL,Oracle,29.17150115966797,29.504938088259653,28.778216744480005,28.897911717672567,25425000
2016-01-19,ORCL,Oracle,29.53913116455078,29.710125343999028,29.274093284776566,29.530582923227584,21423100
2016-01-20,ORCL,Oracle,29.017601013183594,29.265542415679942,28.325079300515352,28.96630504124833,25278700
2016-01-21,ORCL,Oracle,29.17150115966797,29.547689088494206,28.718369257883722,28.991958699879127,20380300
2016-01-22,ORCL,Oracle,29.752872467041016,29.915318401854893,29.522030818707584,29.53913056244813,15892700
2016-01-25,ORCL,Oracle,29.359586715698242,29.872565957165058,29.325387229882462,29.564780369150455,16793600
2016-01-26,ORCL,Oracle,30.120498657226562,30.120498657226562,29.17148439869579,29.34247851705619,19728900
2016-01-27,ORCL,Oracle,29.84691619873047,30.394094893476055,29.693021783152986,29.949511388634694,20567600
2016-01-28,ORCL,Oracle,30.206008911132812,30.39409957804011,29.872568785027813,30.069210954919814,15472800
2016-01-29,ORCL,Oracle,31.043882369995117,31.043882369995117,30.35990551251488,30.47960374558428,19059300
2016-02-01,ORCL,Oracle,31.05242156982422,31.24051547699798,30.650585772295695,30.69333675952058,14144000
2016-02-02,ORCL,Oracle,30.223100662231445,30.727531631739122,30.137605214427005,30.650584424138213,17404500
2016-02-03,ORCL,Oracle,30.513792037963867,30.59929075361919,29.87256634704029,30.402648599775727,13855300
2016-02-04,ORCL,Oracle,31.163572311401367,31.24051953237541,30.488147067456207,30.522346557098636,16925900
2016-02-05,ORCL,Oracle,30.5223388671875,30.984022076713572,30.24019804088534,30.88997513461285,17312200
2016-02-08,ORCL,Oracle,30.445392608642578,30.522339812613687,29.47927843910356,30.035008607944032,20118800
2016-02-09,ORCL,Oracle,29.99226951599121,30.445401368958972,29.598981881729227,30.035017250177084,17819800
2016-02-10,ORCL,Oracle,30.0948486328125,30.89851669453717,30.04354942236319,30.282939214910684,13368700
2016-02-11,ORCL,Oracle,29.787071228027344,30.01791287073064,29.470734130149147,29.57332932864754,18889700
2016-02-12,ORCL,Oracle,30.38554573059082,30.39409397055565,29.846915292425212,30.12905613289745,15837900
2016-02-16,ORCL,Oracle,30.5223388671875,30.70188125041141,30.282945761446932,30.573634827284604,19676300
2016-02-17,ORCL,Oracle,31.317459106445312,31.437154029524603,30.753180710898643,30.753180710898643,13186500
2016-02-18,ORCL,Oracle,31.317459106445312,31.52264947131208,31.12081698118048,31.385854807586888,12866600
2016-02-19,ORCL,Oracle,31.445709228515625,31.454260731452173,31.137920351655314,31.22341907380694,13203400
2016-02-22,ORCL,Oracle,31.72784996032715,32.05273857998837,31.54830753687335,31.72784996032715,10109900
2016-02-23,ORCL,Oracle,31.249065399169922,31.727848433448397,31.103722471399767,31.727848433448397,9417100
2016-02-24,ORCL,Oracle,31.317459106445312,31.402954548232792,30.582186565881642,30.855775893332027,10978200
2016-02-25,ORCL,Oracle,31.88174057006836,31.890288810492912,31.206315426046128,31.454256797108826,11566000
2016-02-26,ORCL,Oracle,31.599605560302734,32.18953536344614,31.497010349016346,32.00144142488529,16551100
2016-02-29,ORCL,Oracle,31.445709228515625,31.915944046742638,31.31746603745234,31.633803155806433,22300200
2016-03-01,ORCL,Oracle,32.48020553588867,32.48020553588867,31.66798603927796,31.76203295360903,13030800
2016-03-02,ORCL,Oracle,32.283573150634766,32.39471984498633,32.00143555597911,32.283573150634766,12791200
2016-03-03,ORCL,Oracle,32.39472198486328,32.41182172831171,31.97578968542578,32.15533209947042,8832200
2016-03-04,ORCL,Oracle,32.39472198486328,32.625563629253215,32.29212678561528,32.488768943108354,10638400
2016-03-07,ORCL,Oracle,32.79655075073242,32.873497948984706,32.07837798752507,32.0954777272969,13011000
2016-03-08,ORCL,Oracle,32.61703109741211,32.87352084978515,32.43748533545124,32.58283159404393,12384400
2016-03-09,ORCL,Oracle,32.8991584777832,33.01030519797767,32.59136956736352,32.85641074276783,16786500
2016-03-10,ORCL,Oracle,32.531517028808594,33.147094753952224,32.06983373495087,33.147094753952224,17620600
2016-03-11,ORCL,Oracle,33.300994873046875,33.31809461960401,32.72816477843383,32.87351099344792,13143300
2016-03-14,ORCL,Oracle,33.08724594116211,33.292436333600044,32.95899949980654,33.26678834990592,14704500
2016-03-15,ORCL,Oracle,33.12144088745117,33.23258430918746,32.59991021420139,32.7880008379162,17502900
2016-03-16,ORCL,Oracle,34.38679504394531,35.01092094845009,33.796865361888386,33.81396510383346,49082300
2016-03-17,ORCL,Oracle,34.72023391723633,35.019471265414616,34.258550641667696,34.326949613504155,22163500
2016-03-18,ORCL,Oracle,35.464054107666016,35.47260560970035,34.75443272661023,34.94252337261407,34354000
2016-03-21,ORCL,Oracle,35.57520294189453,35.90863978953799,35.37000927949099,35.4127570079043,17275100
2016-03-22,ORCL,Oracle,35.37855529785156,35.69489235280436,35.21610938904279,35.32725607484214,11970500
2016-03-23,ORCL,Oracle,34.83993148803711,35.35291076978694,34.68603705122361,35.31016303988158,13666800
2016-03-24,ORCL,Oracle,35.028018951416016,35.11351439545462,34.48938852193481,34.71167863330047,11956200
2016-03-28,ORCL,Oracle,34.72877502441406,35.147710487253306,34.677479067515826,35.147710487253306,14647000
2016-03-29,ORCL,Oracle,34.79718017578125,34.88267562679027,34.51503931685517,34.54923880183574,15159200
2016-03-30,ORCL,Oracle,35.028018951416016,35.14771387764692,34.925420504839124,35.01946745014688,9803600
2016-03-31,ORCL,Oracle,34.976722717285156,35.25886357732054,34.88267576394003,35.16481662397541,10196500
2016-04-01,ORCL,Oracle,35.190467834472656,35.241767066849945,34.72878452740516,34.78008375978246,9574100
2016-04-04,ORCL,Oracle,35.113525390625,35.29306783619185,34.9681824379594,35.18192437642751,10243500
2016-04-05,ORCL,Oracle,34.65182876586914,35.10496371987098,34.5919813069062,34.925418081540265,9111300
2016-04-06,ORCL,Oracle,34.83993148803711,34.87413097653849,34.361148433345925,34.54069411725683,12516200
2016-04-07,ORCL,Oracle,34.17306137084961,34.703140452713264,34.03626666387051,34.703140452713264,12838600
2016-04-08,ORCL,Oracle,34.50649642944336,34.66039087428769,34.30985425246292,34.30985425246292,8011000
2016-04-11,ORCL,Oracle,34.53213882446289,35.122068521316656,34.52359058399709,34.70313298676025,10399600
2016-04-12,ORCL,Oracle,34.686607360839844,34.77242478500026,34.31760389455006,34.592213104663394,9245000
2016-04-13,ORCL,Oracle,35.45036697387695,35.519017638190086,34.866821596015605,35.02986978815924,12752300
2016-04-14,ORCL,Oracle,35.390296936035156,35.5790887208757,35.33880648184229,35.450367495793515,9150500
2016-04-15,ORCL,Oracle,35.201507568359375,35.51044379626003,35.201507568359375,35.287321732287104,10340300
2016-04-18,ORCL,Oracle,35.390296936035156,35.39887704160064,35.01270681915409,35.047033788616005,8849300
2016-04-19,ORCL,Oracle,35.23582077026367,35.60482742339516,35.158586743478025,35.536173500208264,9884400
2016-04-20,ORCL,Oracle,35.27014923095703,35.51901482578677,35.25298902143745,35.34738326819386,8481200
2016-04-21,ORCL,Oracle,35.17576217651367,35.441788035256735,35.08136463685632,35.21008587617061,11954100
2016-04-22,ORCL,Oracle,34.9268913269043,35.55334376431051,34.90114446399729,35.004125368425605,15003300
2016-04-25,ORCL,Oracle,34.99555206298828,35.03846242231833,34.72952616730644,34.832503827776804,10876200
2016-04-26,ORCL,Oracle,34.88398361206055,35.05561190241869,34.69518856434682,35.02986831358493,8365800
2016-04-27,ORCL,Oracle,35.05561065673828,35.18433514353254,34.76383799045769,34.76383799045769,8742100
2016-04-28,ORCL,Oracle,34.609371185302734,35.15858951976991,34.47206332808645,34.63511477173104,9233800
2016-04-29,ORCL,Oracle,34.206050872802734,34.47207676586177,33.78555358015991,34.47207676586177,12883300
2016-05-02,ORCL,Oracle,34.583621978759766,34.69518296837879,34.180291633151306,34.24036217980787,10454200
2016-05-03,ORCL,Oracle,34.051570892333984,34.420577589985356,33.92284640762783,34.3519236585155,11439600
2016-05-04,ORCL,Oracle,33.71689224243164,33.95717446308779,33.579587648685305,33.802706385923194,9046200
2016-05-05,ORCL,Oracle,33.6654052734375,33.86278044275797,33.5795911210721,33.84561695756488,8962700
2016-05-06,ORCL,Oracle,33.81988525390625,33.828465362718575,33.442298267740576,33.442298267740576,7587400
2016-05-09,ORCL,Oracle,33.776954650878906,34.09447083353513,33.65681356952785,33.759791171600334,7949400
2016-05-10,ORCL,Oracle,34.343353271484375,34.377680246932265,33.96576636235921,33.96576636235921,9290200
2016-05-11,ORCL,Oracle,34.02582931518555,34.394836034639,34.017245936444866,34.20604098554193,7180100
2016-05-12,ORCL,Oracle,34.171714782714844,34.35192645710528,33.97433962405867,34.231785340844986,10006700
2016-05-13,ORCL,Oracle,33.99150466918945,34.39483838395542,33.90568724392008,34.137389381747326,9392600
2016-05-16,ORCL,Oracle,34.300445556640625,34.412003314388855,33.86278481174971,34.128813956165764,7797100
2016-05-17,ORCL,Oracle,33.98291778564453,34.3433443874097,33.87136005469792,34.154549344885105,9483700
2016-05-18,ORCL,Oracle,33.87135696411133,34.154546228458955,33.60532790788224,33.97433458081961,10379700
2016-05-19,ORCL,Oracle,33.330711364746094,33.67397437587251,33.090429221116814,33.60532046420775,15124400
2016-05-20,ORCL,Oracle,33.81988525390625,33.96577329252562,33.425134776514696,33.5366958326823,16153200
2016-05-23,ORCL,Oracle,33.62250518798828,33.84562399468884,33.58817821046489,33.734066228138936,8904800
2016-05-24,ORCL,Oracle,34.2403678894043,34.39483597045002,33.68256612189477,33.828450824215835,11329800
2016-05-25,ORCL,Oracle,34.437744140625,34.5750487421964,34.36909020303934,34.36909020303934,7972200
2016-05-26,ORCL,Oracle,34.28328323364258,34.49782192312269,34.257536364856556,34.42058786396583,7574000
2016-05-27,ORCL,Oracle,34.38625717163086,34.39484055149874,34.15455501920187,34.18030188520526,8240600
2016-05-31,ORCL,Oracle,34.4978141784668,34.51497766260413,34.28327553714996,34.39483654724268,12567400
2016-06-01,ORCL,Oracle,34.54930877685547,34.58363575250196,34.17172186554578,34.37768044582416,9268800
2016-06-02,ORCL,Oracle,33.17625427246094,33.510934018145086,32.67852634322803,33.21058123960797,51063400
2016-06-03,ORCL,Oracle,33.5538444519043,33.648241984216064,33.20200118739686,33.24491153742955,20740000
2016-06-06,ORCL,Oracle,33.845619201660156,34.01725079137086,33.571009967563135,33.63108053292184,16116900
2016-06-07,ORCL,Oracle,33.579593658447266,34.10306853879173,33.51093971248719,33.94001705393671,20009500
2016-06-08,ORCL,Oracle,33.70832443237305,33.7598149064091,33.38222791761514,33.6053467579022,11671000
2016-06-09,ORCL,Oracle,33.51093673706055,33.64824134318914,33.253491009769434,33.631077858223065,12316100
2016-06-10,ORCL,Oracle,33.24490737915039,33.45944600807893,33.133346375499634,33.2792310718432,10441700
2016-06-13,ORCL,Oracle,33.141929626464844,33.37363176053531,32.935974356357754,33.0389519914113,13036300
2016-06-14,ORCL,Oracle,33.322147369384766,33.45086860557765,33.09902532222335,33.15051578086066,12092200
2016-06-15,ORCL,Oracle,32.98747253417969,33.39938648531437,32.961728935234106,33.296408815930974,14476100
2016-06-16,ORCL,Oracle,33.15910720825195,33.29641187122934,32.678542524631794,32.918824866441874,17916500
2016-06-17,ORCL,Oracle,34.051570892333984,34.2918531052792,33.39937163776892,33.888522715492535,34512400
2016-06-20,ORCL,Oracle,34.094482421875,34.62653736595458,34.06873883100665,34.24037040852912,17149200
2016-06-21,ORCL,Oracle,34.31761169433594,34.42916946069958,34.1116531031402,34.26612122813682,20111100
2016-06-22,ORCL,Oracle,34.33477783203125,34.6179705345745,34.214636663777014,34.4549222738868,12643400
2016-06-23,ORCL,Oracle,35.03844451904297,35.07276820592783,34.54929351614397,34.66943787783793,15430000
2016-06-24,ORCL,Oracle,33.6654052734375,34.23178719040932,33.485193589310114,33.794129775585674,44204500
2016-06-27,ORCL,Oracle,33.02179718017578,33.36506041864947,32.76435138812094,33.356477037207156,22506100
2016-06-28,ORCL,Oracle,33.579593658447266,33.631080844317005,33.107609237572866,33.22775036940268,14750900
2016-06-29,ORCL,Oracle,34.79816436767578,34.92688885229096,33.888522691540594,34.1202215260885,23009700
2016-06-30,ORCL,Oracle,35.124263763427734,35.32163890456485,34.72951348115349,34.73809358572484,20100900
2016-07-01,ORCL,Oracle,35.193180084228516,35.35682804765589,35.04675545535825,35.12427360343266,11381600
2016-07-05,ORCL,Oracle,34.7969856262207,34.95202195778878,34.58165775300311,34.736694084571184,12501400
2016-07-06,ORCL,Oracle,34.908935546875,34.943388777173965,34.46966836030624,34.62470461101071,12124300
2016-07-07,ORCL,Oracle,34.908935546875,35.16733148847638,34.814190806373276,35.0122952377719,11676700
2016-07-08,ORCL,Oracle,35.201778411865234,35.46878599530441,35.08981035146481,35.21039336152102,14235600
2016-07-11,ORCL,Oracle,35.12427520751953,35.434347813977844,35.09843691886201,35.227634933433635,12912000
2016-07-12,ORCL,Oracle,35.67549514770508,35.81330804301027,35.365425990189195,35.511847262990564,13321000
2016-07-13,ORCL,Oracle,35.70995330810547,35.87360450108353,35.529078786473555,35.79608637957832,9612700
2016-07-14,ORCL,Oracle,35.89083480834961,36.06309769914938,35.744413486836685,35.8047050057704,9259800
2016-07-15,ORCL,Oracle,35.976985931396484,36.09756902971076,35.70997815252701,36.09756902971076,11666300
2016-07-18,ORCL,Oracle,35.86499786376953,36.03726076100096,35.81332129454914,35.925289384954304,8738900
2016-07-19,ORCL,Oracle,35.38264846801758,35.70133253707534,35.32235369054623,35.572134605642255,12723000
2016-07-20,ORCL,Oracle,35.529090881347656,35.74441870487098,35.529090881347656,35.727192084712094,11409700
2016-07-21,ORCL,Oracle,35.374061584472656,35.75303744602467,35.26209017410678,35.60661607416679,11424700
2016-07-22,ORCL,Oracle,35.38264846801758,35.49461650391038,35.2706771464849,35.4170984021785,10426300
2016-07-25,ORCL,Oracle,35.45157241821289,35.45157241821289,35.21901797659859,35.236244596604294,8974400
2016-07-26,ORCL,Oracle,35.262081146240234,35.52047714795144,35.15011305018314,35.365440861181376,11031900
2016-07-27,ORCL,Oracle,35.25345993041992,35.4084961751955,35.09842368564434,35.339589717232684,9566900
2016-07-28,ORCL,Oracle,35.47740173339844,35.65827955489461,35.072587765385514,35.61521137295111,17048600
2016-07-29,ORCL,Oracle,35.34820556640625,35.641051448915455,35.244845876833,35.58937160412883,13230800
2016-08-01,ORCL,Oracle,35.442955017089844,35.546311434761314,35.23623889610561,35.23623889610561,12435400
2016-08-02,ORCL,Oracle,35.06398391723633,35.417121435758425,34.95201580852489,35.417121435758425,10268200
2016-08-03,ORCL,Oracle,35.06398391723633,35.18456697932065,34.96923914398664,34.9864657650904,12350500
2016-08-04,ORCL,Oracle,35.22762680053711,35.27069170023806,34.97784578237389,34.97784578237389,9142100
2016-08-05,ORCL,Oracle,35.42573165893555,35.50324980073092,35.27930704192581,35.374051802524775,9615300
2016-08-08,ORCL,Oracle,35.45157241821289,35.658288572639535,35.41711917820148,35.46879903821859,11427800
2016-08-09,ORCL,Oracle,35.39988327026367,35.546307859073565,35.356818374369325,35.39127160534118,9533700
2016-08-10,ORCL,Oracle,35.39127731323242,35.52908697370477,35.19317613165602,35.42573054976088,11077400
2016-08-11,ORCL,Oracle,35.55492401123047,35.66689538319994,35.425729307242335,35.425729307242335,9473700
2016-08-12,ORCL,Oracle,35.39127731323242,35.48602207086494,35.313759173864135,35.42573054976088,6301200
2016-08-15,ORCL,Oracle,35.64966583251953,35.864993607092025,35.313755029889016,35.313755029889016,12774900
2016-08-16,ORCL,Oracle,35.589378356933594,35.70134973239656,35.520475169785094,35.5721517387361,8109100
2016-08-17,ORCL,Oracle,35.49462890625,35.641053498746366,35.37404588045359,35.641053498746366,9876400
2016-08-18,ORCL,Oracle,35.434349060058594,35.59800032235653,35.27070108340277,35.27070108340277,8544600
2016-08-19,ORCL,Oracle,35.589378356933594,35.606604975131084,35.32237070333468,35.34821227345165,9109900
2016-08-22,ORCL,Oracle,35.50325393676758,35.64967528519344,35.40850916513109,35.40850916513109,9834700
2016-08-23,ORCL,Oracle,35.744407653808594,35.86499067199843,35.62382463561876,35.63243630021482,10631800
2016-08-24,ORCL,Oracle,35.374061584472656,35.71858748453266,35.296543421241275,35.61522774312917,9830300
2016-08-25,ORCL,Oracle,35.39988327026367,35.4860163476933,35.313753478474986,35.417109885749596,7567200
2016-08-26,ORCL,Oracle,35.537696838378906,35.813319430991974,35.37404890162733,35.40850213640913,9228200
2016-08-29,ORCL,Oracle,35.58076477050781,35.770250989171494,35.53769658451757,35.727186088822535,9168500
2016-08-30,ORCL,Oracle,35.58076477050781,35.658282905392454,35.44295511800637,35.64966795393789,6840300
2016-08-31,ORCL,Oracle,35.50325393676758,35.58938375517785,35.391282544320646,35.54631884597271,9694700
2016-09-01,ORCL,Oracle,35.45157241821289,35.5377022325996,35.12427320938812,35.29653612380336,10652500
2016-09-02,ORCL,Oracle,35.529090881347656,35.67551222423543,35.339601345241746,35.537702548606184,9020200
2016-09-06,ORCL,Oracle,35.529090881347656,35.63244731665914,35.37405458555952,35.63244731665914,8308300
2016-09-07,ORCL,Oracle,35.529090881347656,35.58077074182432,35.270698150248045,35.4343461132947,10415300
2016-09-08,ORCL,Oracle,35.07259750366211,35.31376361843136,34.96923778106795,35.25347208973904,16732100
2016-09-09,ORCL,Oracle,34.4782829284668,35.08981631802745,34.4782829284668,34.73667889182763,14477500
2016-09-12,ORCL,Oracle,35.03813934326172,35.09843086348879,34.17682815642764,34.41799423733592,14927200
2016-09-13,ORCL,Oracle,34.607479095458984,34.90893665605109,34.42660455910372,34.77112701611741,13395200
2016-09-14,ORCL,Oracle,34.66777420043945,34.934781842950734,34.46967302785676,34.46967302785676,11626900
2016-09-15,ORCL,Oracle,35.193180084228516,35.33960142745693,34.529969991956754,34.607488140031165,18403700
2016-09-16,ORCL,Oracle,33.522220611572266,34.409373124696316,33.34134610054679,34.116527270142456,50703500
2016-09-19,ORCL,Oracle,33.78923416137695,34.064853451363014,33.63419790005465,33.70310436537172,19801900
2016-09-20,ORCL,Oracle,33.65141677856445,34.10791050657982,33.642805115200545,34.06484561847956,12121300
2016-09-21,ORCL,Oracle,34.030399322509766,34.09069412089488,33.75478003978217,33.75478003978217,10994000
2016-09-22,ORCL,Oracle,34.030399322509766,34.28018032424447,34.00456104151687,34.176823914631875,9679300
2016-09-23,ORCL,Oracle,33.78923416137695,33.95288208804333,33.616971283725384,33.92704380636998,14017300
2016-09-26,ORCL,Oracle,33.61697006225586,33.67726157439706,33.384415678722256,33.59113178152134,9840900
2016-09-27,ORCL,Oracle,33.84953308105469,34.01318432916456,33.47055729582466,33.50501053602062,10644600
2016-09-28,ORCL,Oracle,33.97011184692383,34.021791700692496,33.7289457672862,33.789237287195604,8103500
2016-09-29,ORCL,Oracle,33.69448471069336,34.12514020188294,33.66003476848508,33.80645605838203,8795200
2016-09-30,ORCL,Oracle,33.832313537597656,33.97012324156504,33.66866554089967,33.80647524486706,12861900
2016-10-03,ORCL,Oracle,33.58251953125,33.815070625089966,33.4705481739501,33.7633940645215,10403500
2016-10-04,ORCL,Oracle,33.47916030883789,33.76339453851849,33.38441556561102,33.625584898999676,9199300
2016-10-05,ORCL,Oracle,33.720340728759766,33.88398870272953,33.496397937388444,33.68588748614232,8269200
2016-10-06,ORCL,Oracle,33.47916030883789,33.797847769808435,33.27244749238016,33.685876410936594,9789100
2016-10-07,ORCL,Oracle,33.470516204833984,33.721264863375495,33.38405274248089,33.58292134458874,11442000
2016-10-10,ORCL,Oracle,33.3927001953125,33.72126731318972,33.366761814396106,33.60021713775335,9475400
2016-10-11,ORCL,Oracle,32.86526870727539,33.41864619249414,32.69234174766301,33.34082774132043,14964000
2016-10-12,ORCL,Oracle,32.899864196777344,32.98633099802465,32.54535855759143,32.79610733365179,8944900
2016-10-13,ORCL,Oracle,32.88255310058594,33.02089660959174,32.528047652610475,32.735564565303896,14117600
2016-10-14,ORCL,Oracle,33.211124420166016,33.36676130000483,33.0209008340586,33.081425920843714,11601200
2016-10-17,ORCL,Oracle,33.107364654541016,33.323526601935455,33.0381912481574,33.323526601935455,9419000
2016-10-18,ORCL,Oracle,33.21977233886719,33.45322767894446,33.167895573319,33.37540923225203,7121900
2016-10-19,ORCL,Oracle,33.159244537353516,33.40999321158141,33.1246611292706,33.30623639059292,8310900
2016-10-20,ORCL,Oracle,32.934444427490234,33.15925146969221,32.86527100012313,32.96038281356762,11197000
2016-10-21,ORCL,Oracle,32.79609680175781,32.96037872381461,32.65775326255995,32.847976865845816,13413400
2016-10-24,ORCL,Oracle,33.09007263183594,33.2197678264594,32.96037413884279,32.96037413884279,13550500
2016-10-25,ORCL,Oracle,33.16788864135742,33.22841372076089,32.94307837639929,33.09007021092875,11627100
2016-10-26,ORCL,Oracle,33.12466049194336,33.40999256876431,32.98631696716385,32.98631696716385,9723100
2016-10-27,ORCL,Oracle,33.046844482421875,33.34082490648542,32.98631939202968,33.211126399433546,7588900
2016-10-28,ORCL,Oracle,33.00360107421875,33.24570467273156,32.88255092414695,33.11600619858651,7803300
2016-10-31,ORCL,Oracle,33.21977233886719,33.29759078555961,33.0295520345736,33.124663835905466,10485300
2016-11-01,ORCL,Oracle,33.254356384277344,33.35811650380221,33.0554877694095,33.35811650380221,12018200
2016-11-02,ORCL,Oracle,32.88255310058594,33.28029357505087,32.83932137246589,33.2543518994833,9488400
2016-11-03,ORCL,Oracle,33.12466049194336,33.18518557788628,32.847973442384344,32.847973442384344,12393100
2016-11-04,ORCL,Oracle,33.09870910644531,33.35810602540624,33.00359734260881,33.12465077736271,14288900
2016-11-07,ORCL,Oracle,33.79909133911133,33.85097140788643,33.479172494257625,33.487817523201585,9506900
2016-11-08,ORCL,Oracle,33.83367156982422,34.023891855483264,33.70397307191912,33.85960995005731,7574700
2016-11-09,ORCL,Oracle,34.196815490722656,34.36110066283128,33.19382430193783,33.34081612443664,19497300
2016-11-10,ORCL,Oracle,34.22276306152344,34.63779362856866,33.98065942363641,34.283288146402754,26707200
2016-11-11,ORCL,Oracle,34.1103630065918,34.42163680289607,33.876907659363596,34.188181455667866,12217700
2016-11-14,ORCL,Oracle,33.98065948486328,34.30057826242608,33.81637758251909,34.05847792247258,15417100
2016-11-15,ORCL,Oracle,33.86824417114258,33.911479188896,33.44456870345665,33.62614390389348,13594300
2016-11-16,ORCL,Oracle,34.326507568359375,34.41297100193055,33.65208025270364,33.807717071826616,12597000
2016-11-17,ORCL,Oracle,34.80207443237305,34.83666113646114,34.30057711820465,34.412982257306126,13316600
2016-11-18,ORCL,Oracle,34.46487808227539,35.009607376601,34.30059281187576,34.828028746245025,12890600
2016-11-21,ORCL,Oracle,34.49079895019531,34.61184911001977,34.30057538568861,34.55997235487756,8073100
2016-11-22,ORCL,Oracle,34.66372299194336,34.68966136489635,34.4216227153984,34.66372299194336,10993100
2016-11-23,ORCL,Oracle,34.67237854003906,34.67237854003906,34.447571543355714,34.629146805873404,11070100
2016-11-25,ORCL,Oracle,34.819358825683594,34.888528917693236,34.62049027589877,34.62049027589877,4013100
2016-11-28,ORCL,Oracle,34.84531021118164,35.04417883523572,34.629148233074595,34.69832164928646,12118300
2016-11-29,ORCL,Oracle,35.06146240234375,35.22574757080388,34.69831196371018,34.879887183026966,10157400
2016-11-30,ORCL,Oracle,34.75019454956055,35.191166782958994,34.75019454956055,35.1565800786984,14374600
2016-12-01,ORCL,Oracle,33.46186828613281,34.741546548911415,33.254351376701706,34.68102147082096,22740200
2016-12-02,ORCL,Oracle,33.28894805908203,33.57428348280622,32.54535025002302,33.25436134741176,19120300
2016-12-05,ORCL,Oracle,33.69533920288086,33.816389415214296,33.32354023735907,33.37541701500431,13681500
2016-12-06,ORCL,Oracle,34.12765121459961,34.13629624169521,33.61750885834555,33.72991070243714,13524700
2016-12-07,ORCL,Oracle,34.862606048583984,34.90583778761089,34.144949945300596,34.153594973757876,15170600
2016-12-08,ORCL,Oracle,34.888553619384766,35.00960713825499,34.65510150749144,34.86261522881242,10109700
2016-12-09,ORCL,Oracle,35.03553009033203,35.25169204550557,34.828013162082776,34.94041830231652,11219100
2016-12-12,ORCL,Oracle,35.02687072753906,35.191155872658804,34.88852725175691,34.88852725175691,10891400
2016-12-13,ORCL,Oracle,35.2430419921875,35.45055891026186,34.9922966432416,34.9922966432416,12493100
2016-12-14,ORCL,Oracle,35.3468017578125,35.52837699788671,35.121991490546776,35.3381534330264,25102400
2016-12-15,ORCL,Oracle,35.32950973510742,35.571610064310086,35.225752922359085,35.40732816926108,17783500
2016-12-16,ORCL,Oracle,33.807735443115234,34.77614357686667,33.51375499150683,34.77614357686667,46224200
2016-12-19,ORCL,Oracle,33.634796142578125,33.8855414635486,33.36675417379759,33.74719796639039,15135100
2016-12-20,ORCL,Oracle,33.72126770019531,33.81637949580685,33.5483374625716,33.686680992996585,14006400
2016-12-21,ORCL,Oracle,33.57426834106445,33.77313689592475,33.384044811037704,33.77313689592475,11966400
2016-12-22,ORCL,Oracle,33.68667221069336,33.92877579959677,33.375398523795454,33.66073383624156,11226300
2016-12-23,ORCL,Oracle,33.53104782104492,33.738564788840634,33.40135260224662,33.53969614798699,8143600
2016-12-27,ORCL,Oracle,33.56562423706055,33.755847790998395,33.513744186431325,33.52239251072084,5073700
2016-12-28,ORCL,Oracle,33.4445915222168,33.65210523619427,33.40135977333574,33.60887348731321,8264100
2016-12-29,ORCL,Oracle,33.453224182128906,33.58292267918247,33.38405406917152,33.38405406917152,5711800
2016-12-30,ORCL,Oracle,33.2457160949707,33.600221641279624,33.15060428770264,33.50510983401156,10820200
2017-01-03,ORCL,Oracle,33.46271896362305,33.584243226232644,33.24571040573796,33.375916864984134,11051300
2017-01-04,ORCL,Oracle,33.627647399902344,33.78389051432626,33.46271877760232,33.46271877760232,9545500
2017-01-05,ORCL,Oracle,33.54084777832031,33.809939627100455,33.341200269078925,33.56688775000317,12064700
2017-01-06,ORCL,Oracle,33.375919342041016,33.63632896857235,33.315157206226644,33.63632896857235,14829700
2017-01-09,ORCL,Oracle,33.879371643066406,34.24394770608693,33.39327464075568,33.445354570267554,15587900
2017-01-10,ORCL,Oracle,33.5582160949707,33.914110133580785,33.5582160949707,33.85334797903436,11316600
2017-01-11,ORCL,Oracle,33.94881820678711,33.96617928820043,33.540841071793274,33.540841071793274,10403100
2017-01-12,ORCL,Oracle,34.026939392089844,34.131102563081896,33.49743803000839,33.879371864504236,11526900
2017-01-13,ORCL,Oracle,34.079017639160156,34.13978307313312,33.87937019158063,33.99221555283422,9455300
2017-01-17,ORCL,Oracle,33.94013977050781,34.09638620924984,33.7578533624048,33.91409980114683,11081400
2017-01-18,ORCL,Oracle,34.01826095581055,34.1484674174061,33.87937560870963,34.096384170510305,10394000
2017-01-19,ORCL,Oracle,34.03561782836914,34.18318535401121,33.940133543180885,33.95749462333215,12232400
2017-01-20,ORCL,Oracle,34.608516693115234,34.747402008851466,34.24394398104031,34.25262286458571,25439100
2017-01-23,ORCL,Oracle,34.44359588623047,34.799489760954984,34.226587345269486,34.51303689746846,13251200
2017-01-24,ORCL,Oracle,34.80817794799805,34.89498337435344,34.50436723397527,34.591169349042225,12216500
2017-01-25,ORCL,Oracle,34.85157012939453,35.05121757326353,34.677962648681884,34.99913433566355,13164800
2017-01-26,ORCL,Oracle,34.83421325683594,34.93837643332755,34.67796683645469,34.90365427073445,10556500
2017-01-27,ORCL,Oracle,34.92101287841797,35.059898207664794,34.8342107893715,34.89497291396152,9232700
2017-01-30,ORCL,Oracle,34.92101287841797,34.93837395848475,34.55644013087784,34.81684970930471,10589600
2017-01-31,ORCL,Oracle,34.81684875488281,34.93837300073155,34.43491162645836,34.90365084154981,10766700
2017-02-01,ORCL,Oracle,34.58246994018555,34.912323742017925,34.46962460853223,34.912323742017925,11837000
2017-02-02,ORCL,Oracle,34.70399475097656,34.721355826244064,34.44358524453704,34.521708427597545,10120300
2017-02-03,ORCL,Oracle,35.094627380371094,35.094627380371094,34.677971309374826,34.78213449930187,12941200
2017-02-06,ORCL,Oracle,34.80817794799805,35.1033097750295,34.79082017401541,35.1033097750295,7871300
2017-02-07,ORCL,Oracle,34.78213119506836,34.98177866983245,34.75609122788237,34.86025440791412,8848700
2017-02-08,ORCL,Oracle,34.73872756958008,35.025177121244646,34.730045373636806,34.77344973077807,8883300
2017-02-09,ORCL,Oracle,34.92101287841797,35.11198144786515,34.73872650464791,34.73872650464791,10977100
2017-02-10,ORCL,Oracle,35.40711212158203,35.51995417169132,34.90365074864887,35.007817225916845,13168700
2017-02-13,ORCL,Oracle,35.66752243041992,35.7543245186525,35.415791738743046,35.49391494266734,12779800
2017-02-14,ORCL,Oracle,35.676212310791016,35.73697445353932,35.372401597049524,35.51996585478441,9623000
2017-02-15,ORCL,Oracle,35.94530487060547,36.006067014546005,35.493926578984016,35.554688722924546,9243600
2017-02-16,ORCL,Oracle,36.10154724121094,36.23175371278832,35.910578632574286,35.98870185326309,10132700
2017-02-17,ORCL,Oracle,36.50951385498047,36.50951385498047,36.02341358799475,36.05813574519812,18545300
2017-02-21,ORCL,Oracle,36.69179916381836,36.78728343775278,36.3966674586061,36.44875069292135,12394700
2017-02-22,ORCL,Oracle,36.90013122558594,36.90881342163424,36.570280624077384,36.683122682404615,11602800
2017-02-23,ORCL,Oracle,37.29075241088867,37.316795691339394,36.891457431049965,36.943540680663375,15484000
2017-02-24,ORCL,Oracle,37.4730224609375,37.490383536564,37.047687697591236,37.09977092447075,11426700
2017-02-27,ORCL,Oracle,37.065059661865234,37.551156677062274,36.908813246612596,37.551156677062274,13876500
2017-02-28,ORCL,Oracle,36.96957778930664,37.10846313290811,36.82201024913069,36.995617756454486,14450300
2017-03-01,ORCL,Oracle,37.25602722167969,37.32547154886314,37.05637974795891,37.1084629933465,11402200
2017-03-02,ORCL,Oracle,37.229976654052734,37.264698807757945,37.004289277542526,37.17789673478175,9431600
2017-03-03,ORCL,Oracle,37.056392669677734,37.23000023688629,36.96959054171792,37.12583702107673,8917100
2017-03-06,ORCL,Oracle,36.95222091674805,37.09978847373372,36.717851251856565,36.856736611278755,9196000
2017-03-07,ORCL,Oracle,36.97826385498047,37.10847033857857,36.90882282533966,36.96090608103659,9492900
2017-03-08,ORCL,Oracle,36.9869384765625,37.14318490035818,36.90013306818282,37.0477006067844,9217100
2017-03-09,ORCL,Oracle,36.83937072753906,37.00429934687453,36.67444541949132,37.00429934687453,10308400
2017-03-10,ORCL,Oracle,37.04768753051758,37.056366412648394,36.76123475090197,36.995604303872945,12244500
2017-03-13,ORCL,Oracle,36.960899353027344,37.13450355117232,36.917494992203274,37.108463583708144,12440800
2017-03-14,ORCL,Oracle,37.14318084716797,37.18658189097786,36.813326953895455,36.96089447639397,10291000
2017-03-15,ORCL,Oracle,37.368858337402344,37.49906474553946,37.012964574618955,37.23865524055174,18393200
2017-03-16,ORCL,Oracle,39.69520950317383,40.78893461300944,39.625768478661826,40.26811202837261,67535400
2017-03-17,ORCL,Oracle,39.63443374633789,39.91220437151843,39.157015691264284,39.278539925869886,31688700
2017-03-20,ORCL,Oracle,39.26118850708008,39.886174223141296,39.20042637482833,39.64312238284646,21452600
2017-03-21,ORCL,Oracle,38.92264938354492,39.408749674194716,38.809804022784064,39.33062647232756,21974500
2017-03-22,ORCL,Oracle,38.87925338745117,39.45215583841582,38.74036804513513,39.17438515378373,14339700
2017-03-23,ORCL,Oracle,39.01814651489258,39.11363082765289,38.775094633878574,38.78377683210501,16190500
2017-03-24,ORCL,Oracle,38.757713317871094,39.13964702563054,38.69695121234769,38.99207954701198,13110200
2017-03-27,ORCL,Oracle,38.92264938354492,39.00077258541208,38.50599341068252,38.6361965396029,8933100
2017-03-28,ORCL,Oracle,38.792442321777344,39.08757404507032,38.76640235866797,38.91396987595809,14008800
2017-03-29,ORCL,Oracle,38.64488983154297,38.82717625114599,38.601488776107246,38.64488983154297,10636200
2017-03-30,ORCL,Oracle,38.783775329589844,38.844537469667266,38.51468348689819,38.584127824865696,7792500
2017-03-31,ORCL,Oracle,38.722999572753906,38.93132589082288,38.59279314049545,38.62751529726932,10652800
2017-04-03,ORCL,Oracle,38.722999572753906,39.10493336340511,38.54071321662177,38.78376169146462,16044300
2017-04-04,ORCL,Oracle,38.70564270019531,38.83584914660225,38.523356324255595,38.72300378046874,9161300
2017-04-05,ORCL,Oracle,38.618839263916016,39.03549524209167,38.54939494524306,38.83584779283796,9445100
2017-04-06,ORCL,Oracle,38.349754333496094,38.653565003639294,38.31503216796888,38.653565003639294,11557800
2017-04-07,ORCL,Oracle,38.44523239135742,38.53203447979492,38.184822814757496,38.271624903195,13446600
2017-04-10,ORCL,Oracle,38.358055114746094,38.75035407080313,38.32318335741795,38.5411268523881,11668600
2017-04-11,ORCL,Oracle,38.50625228881836,38.75035124677218,38.14882511613789,38.26215665641811,15422400
2017-04-12,ORCL,Oracle,38.51498031616211,38.71548796172047,38.384212869880685,38.645747762443534,8457000
2017-04-13,ORCL,Oracle,38.358055114746094,38.75035407080313,38.34061923608202,38.52369097372403,11838300
2017-04-17,ORCL,Oracle,38.610870361328125,38.67189427386643,38.358055109067266,38.462667055482385,10999300
2017-04-18,ORCL,Oracle,38.81138610839844,38.863693755341096,38.48011099553729,38.5411349208598,10446700
2017-04-19,ORCL,Oracle,38.52369689941406,38.828819834638374,38.4278045403423,38.741640427908145,10712000
2017-04-20,ORCL,Oracle,38.820091247558594,38.907270634114035,38.506252107066146,38.584711892189254,10880900
2017-04-21,ORCL,Oracle,38.73292922973633,39.0031804377113,38.706777067064635,38.8724129732433,11556000
2017-04-24,ORCL,Oracle,39.0903434753418,39.22111089613748,38.89855214498911,39.203675018327814,10848900
2017-04-25,ORCL,Oracle,38.98573684692383,39.21239663823087,38.881121565809096,39.21239663823087,12436800
2017-04-26,ORCL,Oracle,38.95957565307617,39.26469852327065,38.915987621777994,39.01188328596616,10122400
2017-04-27,ORCL,Oracle,39.02933120727539,39.177531224531506,38.924719234767856,39.125226901055065,8221000
2017-04-28,ORCL,Oracle,39.1949577331543,39.1949577331543,38.81137837533219,39.003169717020164,12962700
2017-05-01,ORCL,Oracle,39.27341842651367,39.386749978798875,39.1164988389046,39.238546668033,9118300
2017-05-02,ORCL,Oracle,39.343170166015625,39.53495822663426,39.20368642849543,39.22983859004465,11649600
2017-05-03,ORCL,Oracle,39.1339225769043,39.36930188529183,39.02931065947192,39.27340624199844,10695900
2017-05-04,ORCL,Oracle,39.639556884765625,39.909804642146824,39.18623409672396,39.194950371730066,15505200
2017-05-05,ORCL,Oracle,39.7354621887207,39.90981433561602,39.54367083647101,39.848790419091856,8443400
2017-05-08,ORCL,Oracle,39.71802520751953,39.84878931406487,39.5959740523017,39.6482816902522,7559600
2017-05-09,ORCL,Oracle,39.64829635620117,39.82265188830987,39.56112025292441,39.66573224196756,6530600
2017-05-10,ORCL,Oracle,39.691871643066406,39.718027126082056,39.48264773226582,39.68315536576392,6906100
2017-05-11,ORCL,Oracle,39.369319915771484,39.58726345014257,39.20368402684905,39.58726345014257,8996400
2017-05-12,ORCL,Oracle,39.29957580566406,39.3605997231747,39.160088765006506,39.238548562599334,7965100
2017-05-15,ORCL,Oracle,39.5088005065918,39.54367226745439,39.3082928699631,39.43906031042076,9694000
2017-05-16,ORCL,Oracle,39.4826545715332,39.552394778695906,39.36060671483246,39.543678499883576,7944500
2017-05-17,ORCL,Oracle,38.55855178833008,39.482633141953265,38.53239964053273,39.482633141953265,18489200
2017-05-18,ORCL,Oracle,38.50625228881836,38.71547949198541,38.00934142254438,38.4103599514851,12777600
2017-05-19,ORCL,Oracle,38.62831497192383,38.811386750922125,38.506263793703724,38.54113555890947,11519200
2017-05-22,ORCL,Oracle,38.90727233886719,38.92470821694224,38.6021494608843,38.645740818848786,9805800
2017-05-23,ORCL,Oracle,38.84625244140625,39.09034810856598,38.8113806816537,38.95086439510984,6873700
2017-05-24,ORCL,Oracle,39.081634521484375,39.125222561398296,38.79394747205477,38.92471491735082,7653600
2017-05-25,ORCL,Oracle,39.404178619384766,39.49135467401803,39.08162322657772,39.22110690932293,7597600
2017-05-26,ORCL,Oracle,39.45648956298828,39.62212875044537,39.282137424376,39.41290152833521,6899700
2017-05-30,ORCL,Oracle,39.595970153808594,39.6308419090089,39.325722364890275,39.325722364890275,10769800
2017-05-31,ORCL,Oracle,39.56980514526367,39.70928879519765,39.456473640457155,39.59595729039113,14757600
2017-06-01,ORCL,Oracle,39.91852951049805,39.92724578665438,39.543666450255955,39.68315014763299,8138900
2017-06-02,ORCL,Oracle,39.80519485473633,40.162622009164494,39.64827529176265,39.99698617071602,11794600
2017-06-05,ORCL,Oracle,40.0318603515625,40.1016038675981,39.81391685228208,39.83135273129098,8617300
2017-06-06,ORCL,Oracle,39.761600494384766,39.96210805390926,39.75288089474512,39.866212411190396,7449500
2017-06-07,ORCL,Oracle,39.578548431396484,39.79649197270251,39.35188528612768,39.77033648636871,7688700
2017-06-08,ORCL,Oracle,39.595970153808594,39.97955280990471,39.50007781533818,39.57853760176206,12889500
2017-06-09,ORCL,Oracle,39.255985260009766,39.81392013204013,38.95086566610384,39.578544059915075,12188400
2017-06-12,ORCL,Oracle,39.099063873291016,39.099063873291016,38.13139749449553,38.924711727921455,16189900
2017-06-13,ORCL,Oracle,39.21238327026367,39.4390463098527,38.898544185019155,39.2908430415748,10705800
2017-06-14,ORCL,Oracle,39.0641975402832,39.473929094600386,38.785230102025224,39.36931713664219,12024600
2017-06-15,ORCL,Oracle,38.950870513916016,39.07291836666842,38.68061932171099,38.837538939693964,10394600
2017-06-16,ORCL,Oracle,39.30828857421875,39.31700485070478,38.82009395215644,39.01188529038695,15930900
2017-06-19,ORCL,Oracle,39.866233825683594,39.88366970877585,39.41291084194898,39.46521849122574,12787700
2017-06-20,ORCL,Oracle,39.96211242675781,40.38056346532216,39.752885244699016,39.89236892422047,15299600
2017-06-21,ORCL,Oracle,40.3892936706543,40.572365424552856,40.17135015633103,40.23237407429721,30757300
2017-06-22,ORCL,Oracle,43.85023880004883,45.201488058814626,40.38929770801265,40.38929770801265,63193900
2017-06-23,ORCL,Oracle,44.416893005371094,45.1927714562624,43.64973083261764,43.797934165396505,42812500
2017-06-26,ORCL,Oracle,44.33843231201172,45.07072270644041,44.25997250812456,44.4517638788608,29453400
2017-06-27,ORCL,Oracle,44.242523193359375,44.85276555768879,44.04201560553962,44.242523193359375,17876400
2017-06-28,ORCL,Oracle,44.347145080566406,44.538936436125255,44.29484076581697,44.52150055602408,15981600
2017-06-29,ORCL,Oracle,43.763057708740234,44.3645806023795,43.57126635473029,44.25124904541417,13929100
2017-06-30,ORCL,Oracle,43.71076202392578,44.04203718266964,43.658457695293315,43.74563379338408,13146400
2017-07-03,ORCL,Oracle,43.030765533447266,43.702031918150816,42.99589377502149,43.63228840129926,10883200
2017-07-05,ORCL,Oracle,43.117942810058594,43.614853742086844,43.07435477358408,43.41434611386089,15775300
2017-07-06,ORCL,Oracle,42.586158752441406,43.08306966852847,42.5164185614303,42.93486968415867,14411900
2017-07-07,ORCL,Oracle,43.02204895019531,43.10050874938237,42.56872936106358,42.56872936106358,10889400
2017-07-10,ORCL,Oracle,43.25742721557617,43.440502292590445,42.90871959263589,42.95230762980916,10098500
2017-07-11,ORCL,Oracle,43.484092712402344,43.49280899009297,43.074357824303846,43.178969784362565,9751100
2017-07-12,ORCL,Oracle,43.98100280761719,44.00715496572479,43.55383204705267,43.606139688822054,14461400
2017-07-13,ORCL,Oracle,43.893829345703125,44.181516426041945,43.80665325650904,44.068184849645924,11959900
2017-07-14,ORCL,Oracle,44.076900482177734,44.15536028560434,43.824085190519305,43.824085190519305,9875900
2017-07-17,ORCL,Oracle,44.13813781738281,44.260649333967464,43.963128041314036,44.024382130557605,8093600
2017-07-18,ORCL,Oracle,44.14689636230469,44.365661950484494,43.8931274788726,44.050638969409896,14104800
2017-07-19,ORCL,Oracle,44.628177642822266,44.71568253825535,44.06813830061583,44.15564319604891,13312800
2017-07-20,ORCL,Oracle,44.741939544677734,44.855695248411294,44.488170658321955,44.75068869954262,8772500
2017-07-21,ORCL,Oracle,44.45317459106445,44.759448470705856,44.321917218159754,44.51442869937303,8791900
2017-07-24,ORCL,Oracle,44.41816329956055,44.54067483223826,44.286905950267055,44.453166594611325,7639100
2017-07-25,ORCL,Oracle,44.77694320678711,44.82944815461436,44.44442188484269,44.54942844239891,10536200
2017-07-26,ORCL,Oracle,44.77694320678711,44.79444485606286,44.6456858443664,44.75944489560964,5724500
2017-07-27,ORCL,Oracle,44.14689636230469,44.94320296975527,43.91937828126283,44.89069802687685,16508800
2017-07-28,ORCL,Oracle,44.01564025878906,44.181904259506325,43.78812549214742,43.919382855868186,8996400
2017-07-31,ORCL,Oracle,43.69186782836914,44.190653151346375,43.665617023401374,44.173151502001765,10066600
2017-08-01,ORCL,Oracle,43.89312744140625,43.94563238423985,43.59560610821175,43.88437828664963,6066200
2017-08-02,ORCL,Oracle,43.551856994628906,44.02439150203711,43.38559633673263,43.980635710608105,8720700
2017-08-03,ORCL,Oracle,43.95439529418945,44.11190683388433,43.51686398128122,43.683124678470705,9490100
2017-08-04,ORCL,Oracle,43.71812057495117,43.93688619432715,43.63936481845189,43.91063538819353,7025300
2017-08-07,ORCL,Oracle,43.4381103515625,43.831889220200594,43.341852923884396,43.75313344647297,8280300
2017-08-08,ORCL,Oracle,42.96556854248047,43.604367121773755,42.851812817925655,43.35059818896942,14684300
2017-08-09,ORCL,Oracle,42.930564880371094,43.21933375226393,42.75555172323387,42.86055828227688,15872400
2017-08-10,ORCL,Oracle,42.09051513671875,42.84306960357731,42.04676266871288,42.84306960357731,13391100
2017-08-11,ORCL,Oracle,42.213016510009766,42.388026339701945,41.985498390452285,42.160511558242995,11704600
2017-08-14,ORCL,Oracle,42.746788024902344,42.84304540300235,42.414266785408174,42.42301593882751,9229100
2017-08-15,ORCL,Oracle,42.72930145263672,42.93056541752837,42.6767965034091,42.78180306376597,10663500
2017-08-16,ORCL,Oracle,43.096824645996094,43.15807874900345,42.6680425868463,42.85180823396664,9881200
2017-08-17,ORCL,Oracle,42.484283447265625,43.14933281252896,42.484283447265625,43.02682125927629,9661600
2017-08-18,ORCL,Oracle,42.54553985595703,42.773057986204726,42.27427260432921,42.39678082610935,10248400
2017-08-21,ORCL,Oracle,42.790565490722656,42.84306711403918,42.47554239842692,42.57179982530607,7293400
2017-08-22,ORCL,Oracle,43.10556411743164,43.18431985190474,42.86930025210985,42.9830559389396,9233000
2017-08-23,ORCL,Oracle,42.93931579589844,43.254338824036594,42.82555673838222,42.93056663982725,6895400
2017-08-24,ORCL,Oracle,43.0443229675293,43.10557707518862,42.77305573020904,42.93931640269883,7365500
2017-08-25,ORCL,Oracle,43.088069915771484,43.26307970852234,43.00931417379447,43.26307970852234,7853300
2017-08-28,ORCL,Oracle,43.088069915771484,43.21932726033463,42.91305678492281,43.21932726033463,6211300
2017-08-29,ORCL,Oracle,43.27183532714844,43.376841878004605,42.65929099397432,42.773050037959045,7245900
2017-08-30,ORCL,Oracle,43.578102111816406,43.709362792776716,43.193075899416115,43.31558408799358,6957400
2017-08-31,ORCL,Oracle,44.0418815612793,44.20814217542375,43.61309962003671,43.648102908729435,12958100
2017-09-01,ORCL,Oracle,44.2956657409668,44.52318387532906,44.059398449790024,44.059398449790024,8716800
2017-09-05,ORCL,Oracle,44.56692886352539,44.698189560427174,44.16440095557059,44.216902563852756,15610700
2017-09-06,ORCL,Oracle,44.63692855834961,44.82944334161573,44.45316626783082,44.698185993287126,15615600
2017-09-07,ORCL,Oracle,45.2669792175293,45.31073167152003,44.6544348473643,44.794444702993594,11516800
2017-09-08,ORCL,Oracle,45.135719299316406,45.398237346491456,44.96070615516702,45.328230753592464,10356500
2017-09-11,ORCL,Oracle,45.93202209472656,46.03702863719989,45.336979457214746,45.398233551832334,16526300
2017-09-12,ORCL,Oracle,46.17705535888672,46.28206193975809,45.9145372376588,46.06329628238498,13352400
2017-09-13,ORCL,Oracle,46.20330047607422,46.36081199702106,45.89702992873236,45.95828403820073,14463000
2017-09-14,ORCL,Oracle,46.194549560546875,46.50082009622605,45.783269122836145,46.168295415989746,21901600
2017-09-15,ORCL,Oracle,42.65053939819336,44.36566076245166,42.42302132324403,44.321908313606905,66367900
2017-09-18,ORCL,Oracle,42.2917594909668,42.930554523019474,42.08174308545067,42.77304305340676,29434700
2017-09-19,ORCL,Oracle,42.03799819946289,42.44052609946895,41.897988349978256,42.431776944294086,23070700
2017-09-20,ORCL,Oracle,41.976749420166016,42.16926090129996,41.73172964893416,42.00300022711643,21257300
2017-09-21,ORCL,Oracle,41.976749420166016,42.16926090129996,41.84548870921686,41.84548870921686,15656300
2017-09-22,ORCL,Oracle,42.14299392700195,42.37926111321195,41.93297753767175,41.93297753767175,15341900
2017-09-25,ORCL,Oracle,41.976749420166016,42.47553478081514,41.68797719131729,42.458033130148685,15663600
2017-09-26,ORCL,Oracle,41.93300247192383,42.18677145298253,41.90675165943473,42.09051402305687,18679900
2017-09-27,ORCL,Oracle,42.14299392700195,42.31800702842757,41.95923167264882,42.04673655431299,14499200
2017-09-28,ORCL,Oracle,42.0730094909668,42.22176852389311,42.0117520407103,42.17801606350883,12997700
2017-09-29,ORCL,Oracle,42.309268951416016,42.659295273514985,41.96799512332364,42.16925909019611,44896600
2017-10-02,ORCL,Oracle,42.70303726196289,42.87805038011348,42.50177334442386,42.6330340175612,26097300
2017-10-03,ORCL,Oracle,42.60678482055664,42.84305205674173,42.4755274702969,42.83430290196361,12710800
2017-10-04,ORCL,Oracle,42.790565490722656,43.04433112565054,42.66805391408609,42.869321263796586,15204500
2017-10-05,ORCL,Oracle,42.79929733276367,42.90430387501215,42.44052192015841,42.84304978052572,13886100
2017-10-06,ORCL,Oracle,42.35302734375,42.615545432381374,42.19551582295145,42.56304047941566,16340400
2017-10-09,ORCL,Oracle,42.318016052246094,42.510530838675514,42.151752068294144,42.318016052246094,10173000
2017-10-10,ORCL,Oracle,42.35315704345703,42.57278553260742,42.16866991687425,42.30923201587991,15630500
2017-10-11,ORCL,Oracle,42.414649963378906,42.581569748967,42.30922923387271,42.30922923387271,12588300
2017-10-12,ORCL,Oracle,42.370723724365234,42.59035219277969,42.26530299788035,42.40586508361502,11715600
2017-10-13,ORCL,Oracle,42.704559326171875,42.79240937178001,42.45857651745756,42.493714524942156,10142300
2017-10-16,ORCL,Oracle,42.9241943359375,42.96811936543864,42.59914509611112,42.704565837166854,9378100
2017-10-17,ORCL,Oracle,43.21410369873047,43.31074077771739,42.79241736873165,42.88905444771858,14191300
2017-10-18,ORCL,Oracle,43.55671310424805,43.7148424952525,43.18773558853371,43.48643039601142,12064100
2017-10-19,ORCL,Oracle,43.354671478271484,43.635795735033646,43.2141093498904,43.43373788493993,10048600
2017-10-20,ORCL,Oracle,43.266807556152344,43.74120584432021,43.18774117479103,43.52157737956817,15501500
2017-10-23,ORCL,Oracle,43.31952667236328,43.62700523275098,43.24046027808288,43.2931689734265,14633400
2017-10-24,ORCL,Oracle,43.90813064575195,44.048692755952345,43.26681580850861,43.33709853924133,17562400
2017-10-25,ORCL,Oracle,43.662139892578125,44.49672873710082,43.60942785406378,43.82905632097688,20635800
2017-10-26,ORCL,Oracle,44.057491302490234,44.189266430201215,43.72365494667707,44.0223499279276,16952900
2017-10-27,ORCL,Oracle,44.69879150390625,44.777857894853454,43.95205262245712,44.18046813020008,15099500
2017-10-30,ORCL,Oracle,44.52309036254883,44.58458607524106,44.136545404016914,44.47916533223509,9049800
2017-10-31,ORCL,Oracle,44.716365814208984,45.05019873528647,44.32103382739081,44.56701668529319,14453100
2017-11-01,ORCL,Oracle,44.48794174194336,44.95355301960621,44.42644603928088,44.89205731694374,10128000
2017-11-02,ORCL,Oracle,44.17167663574219,44.54065420651073,44.03111454956,44.400092120328544,10389800
2017-11-03,ORCL,Oracle,44.08383560180664,44.31224778182875,44.06626491853337,44.24196840000086,15814500
2017-11-06,ORCL,Oracle,44.27710723876953,44.40888232889824,43.943270978166524,44.01355035598217,9678000
2017-11-07,ORCL,Oracle,44.356163024902344,44.43522940057563,43.99597250267163,44.303450990698764,6796500
2017-11-08,ORCL,Oracle,44.40009689331055,44.575800357742416,44.101402009155834,44.21560976372627,7977900
2017-11-09,ORCL,Oracle,43.258026123046875,44.11896934712422,42.643065719773176,44.048686626171985,16195400
2017-11-10,ORCL,Oracle,43.328311920166016,43.372236951644815,42.827559188524475,43.047187697183574,9944200
2017-11-13,ORCL,Oracle,43.39858627319336,43.42494061673976,43.09989142503117,43.13502943267156,6566700
2017-11-14,ORCL,Oracle,43.22288131713867,43.3370890539499,42.95932783710565,43.32830203889902,8498900
2017-11-15,ORCL,Oracle,42.8890495300293,43.11746502712903,42.80998314276626,42.94176157195954,9425100
2017-11-16,ORCL,Oracle,43.22288131713867,43.59185551893204,43.05596154381511,43.143814938002336,11738500
2017-11-17,ORCL,Oracle,42.994468688964844,43.24923852207242,42.91540230459575,43.04718072896575,10035100
2017-11-20,ORCL,Oracle,43.06475067138672,43.18774207801779,42.976897272889886,43.08232135108609,11525100
2017-11-21,ORCL,Oracle,42.722137451171875,43.135036759007626,42.6079296909656,43.04718669808896,18313300
2017-11-22,ORCL,Oracle,42.6782112121582,42.89783970950048,42.53764575664483,42.66064053021903,10618900
2017-11-24,ORCL,Oracle,43.05596923828125,43.1613933301461,42.77484502917151,42.94176483232505,6008300
2017-11-27,ORCL,Oracle,42.941768646240234,43.24046356385634,42.82756087887564,42.99447734558911,13395600
2017-11-28,ORCL,Oracle,43.05596923828125,43.2228890414348,42.91540713372638,42.94176483232505,13930600
2017-11-29,ORCL,Oracle,42.625511169433594,42.924206143980435,42.34438688177373,42.91541912490402,14377600
2017-11-30,ORCL,Oracle,43.099891662597656,43.33709080961606,42.95054256206113,42.95054256206113,24701100
2017-12-01,ORCL,Oracle,43.58308410644531,43.92570406192589,42.95933991306963,43.091115014496246,15899500
2017-12-04,ORCL,Oracle,42.52007293701172,43.7675610322692,42.48493157766981,43.7675610322692,13473900
2017-12-05,ORCL,Oracle,42.159889221191406,42.73970833933458,42.1423185386701,42.55521784849332,17858900
2017-12-06,ORCL,Oracle,42.53765869140625,42.68700785767053,41.843634975728726,42.39709654441595,12974500
2017-12-07,ORCL,Oracle,42.625511169433594,42.88028110239593,42.43223696494274,42.7133612526026,13482800
2017-12-08,ORCL,Oracle,43.57429504394531,43.653361441596736,42.78363441869619,42.95933789695103,14732300
2017-12-11,ORCL,Oracle,44.33860397338867,44.364958321769066,43.53915634362126,43.58308137467693,15852800
2017-12-12,ORCL,Oracle,44.268314361572266,44.54943853814838,43.881769456596246,43.92569448082416,17464000
2017-12-13,ORCL,Oracle,43.969627380371094,44.3737430376716,43.93448601418884,44.21561359238173,17196900
2017-12-14,ORCL,Oracle,44.09261703491211,44.27710752430601,43.87298853201628,44.048692004585945,22259300
2017-12-15,ORCL,Oracle,42.432220458984375,42.590353228188285,41.29015306571744,42.590353228188285,75176000
2017-12-18,ORCL,Oracle,41.913902282714844,42.91540771002536,41.887547935027186,42.546433437338315,25156800
2017-12-19,ORCL,Oracle,42.01054000854492,42.47615136496953,41.94026062986999,42.13353143467482,28664300
2017-12-20,ORCL,Oracle,42.080814361572266,42.21258942708004,41.98417730277462,42.063243682585025,11432200
2017-12-21,ORCL,Oracle,41.53614044189453,42.26530866337962,41.492215412576556,42.26530866337962,18396800
2017-12-22,ORCL,Oracle,41.60643005371094,41.64157142348552,41.378014501441626,41.43951022291441,11197300
2017-12-26,ORCL,Oracle,41.66792297363281,41.79970142579461,41.50979017154476,41.61521092251505,7650200
2017-12-27,ORCL,Oracle,41.624000549316406,41.70306695531693,41.421942700929606,41.5097927737011,8132200
2017-12-28,ORCL,Oracle,41.74698257446289,41.773336920096256,41.55370843644563,41.55370843644563,7777600
2017-12-29,ORCL,Oracle,41.53614044189453,42.063250847504996,41.53614044189453,41.75576893974933,9750000
2018-01-02,ORCL,Oracle,40.965118408203125,41.992978421721304,40.56099932604643,41.79092055627583,25380000
2018-01-03,ORCL,Oracle,41.913902282714844,42.23016786002658,41.67670309973104,41.75576949405898,24165000
2018-01-04,ORCL,Oracle,42.32680892944336,42.33559259574619,41.92269325420744,42.159892459567295,19815100
2018-01-05,ORCL,Oracle,42.58159255981445,42.72215472487635,42.41467268480782,42.53766416032869,14496400
2018-01-08,ORCL,Oracle,43.02961349487305,43.10867988557395,42.11595816927701,42.43222373208062,15075000
2018-01-09,ORCL,Oracle,43.267738342285156,43.53231820630219,43.14426459904941,43.43530480448899,14153700
2018-01-10,ORCL,Oracle,43.03843688964844,43.45294750832745,42.844413434273484,43.0913542125593,13476600
2018-01-11,ORCL,Oracle,43.17071533203125,43.232450507751075,42.720926635427126,43.100158923028744,11687800
2018-01-12,ORCL,Oracle,43.664608001708984,43.946830346207626,43.26773987379361,43.37357115028333,15978200
2018-01-16,ORCL,Oracle,43.73516845703125,44.14967909424061,43.60287682599799,43.96447013793085,17152600
2018-01-17,ORCL,Oracle,44.33488464355469,44.352523751963204,43.96447009560769,44.01738742083324,23183100
2018-01-18,ORCL,Oracle,44.29960250854492,44.6964740018444,44.18494999618826,44.26432429484816,17119200
2018-01-19,ORCL,Oracle,44.60828399658203,44.62591973997058,44.334882873638506,44.53772756576468,14011500
2018-01-22,ORCL,Oracle,44.72292709350586,44.74938743363682,44.33487686951021,44.475986347719115,16840000
2018-01-23,ORCL,Oracle,45.08452606201172,45.216817686505685,44.59946237939343,44.75821098305989,14141400
2018-01-24,ORCL,Oracle,45.37556838989258,45.86063209495682,45.163902453770696,45.29619408438636,17205600
2018-01-25,ORCL,Oracle,45.50784683227539,45.904718274132634,45.45493288290456,45.45493288290456,13904300
2018-01-26,ORCL,Oracle,46.5220832824707,46.5220832824707,45.648965926349035,45.73716146774895,14909200
2018-01-29,ORCL,Oracle,45.80771255493164,46.55735948497995,45.75479859669663,46.45152483987841,12234900
2018-01-30,ORCL,Oracle,44.943416595458984,45.85181213132914,44.75821101249822,45.63132833323802,16863500
2018-01-31,ORCL,Oracle,45.499027252197266,45.72832887425535,44.85521509929817,44.85521509929817,16806800
2018-02-01,ORCL,Oracle,45.5343132019043,45.84298916183297,45.207994770761836,45.29619030525263,11674100
2018-02-02,ORCL,Oracle,44.21141052246094,45.34028645092639,44.13203622347098,45.19917695986821,17562200
2018-02-05,ORCL,Oracle,42.41225814819336,44.71410924617502,42.385801172364026,44.13203222772227,19725800
2018-02-06,ORCL,Oracle,43.56760025024414,43.664610296273466,41.28338794638606,41.74199465436204,25921200
2018-02-07,ORCL,Oracle,43.10017395019531,43.96447007593023,43.056077861351724,43.39121419233169,15138000
2018-02-08,ORCL,Oracle,41.30984115600586,43.320652153055725,41.28338417898642,43.29419517603628,21255400
2018-02-09,ORCL,Oracle,42.09476089477539,42.46517537720422,40.49845719147285,41.962472651584285,23191000
2018-02-12,ORCL,Oracle,42.465171813964844,42.76502985007849,42.08593949287067,42.52690699513691,16261600
2018-02-13,ORCL,Oracle,42.765037536621094,42.93260400644707,42.13004314264367,42.341705697759046,12633100
2018-02-14,ORCL,Oracle,43.6116828918457,43.673418067702116,42.456346924234,42.500442997800754,14271400
2018-02-15,ORCL,Oracle,44.66119384765625,44.70528993070345,43.59405316206283,43.83217604769628,14132500
2018-02-16,ORCL,Oracle,44.72292709350586,45.102159447001405,44.5289036636657,44.581817615296956,11098800
2018-02-20,ORCL,Oracle,43.999752044677734,44.37016662404493,43.796907327247496,44.27315320172694,14144900
2018-02-21,ORCL,Oracle,43.59405517578125,44.39661603584829,43.59405517578125,43.98210543456328,13050800
2018-02-22,ORCL,Oracle,43.73516845703125,44.14967909424061,43.576419845517705,43.73516845703125,9513200
2018-02-23,ORCL,Oracle,44.537723541259766,44.59945873048855,43.76161969397799,43.91155041375896,8866800
2018-02-26,ORCL,Oracle,45.12861633300781,45.207990624612066,44.5377214455325,44.61709573713676,12956000
2018-02-27,ORCL,Oracle,44.740562438964844,45.33146064227419,44.572995999022076,45.04042047549905,14339600
2018-02-28,ORCL,Oracle,44.687652587890625,45.41966037975625,44.687652587890625,45.03161012358768,14947900
2018-03-01,ORCL,Oracle,43.840980529785156,44.94339909086996,43.58521861617801,44.94339909086996,16539800
2018-03-02,ORCL,Oracle,44.37897491455078,44.449531338935245,43.355930311184466,43.505861030843704,17291000
2018-03-05,ORCL,Oracle,45.234458923339844,45.41084664286282,43.96447003422714,44.00856948734482,18771500
2018-03-06,ORCL,Oracle,45.41965866088867,45.67542065301677,45.172717903973535,45.47257597921998,13907100
2018-03-07,ORCL,Oracle,45.61367416381836,45.69304843949403,45.00513692886668,45.031597263635014,11727300
2018-03-08,ORCL,Oracle,45.975284576416016,46.00174155678931,45.393207457992126,45.80771472920937,15864400
2018-03-09,ORCL,Oracle,46.716102600097656,46.74255957610699,46.03701217989675,46.16930042425878,16218600
2018-03-12,ORCL,Oracle,46.65436935424805,47.13061176380686,46.45152131535249,46.72492241464674,14108400
2018-03-13,ORCL,Oracle,46.37215805053711,47.165897773904476,46.16049210571618,46.9542351933996,12864400
2018-03-14,ORCL,Oracle,46.14283752441406,46.87484516697357,46.019367166467866,46.63672232051379,10885500
2018-03-15,ORCL,Oracle,46.186946868896484,46.451526763978144,45.95764519030995,46.054658603513595,14155200
2018-03-16,ORCL,Oracle,46.0987548828125,46.46916606459707,46.08111577449192,46.213407404738355,21011500
2018-03-19,ORCL,Oracle,45.816532135009766,46.37215222660722,45.42847851229349,46.239860607169284,25777400
2018-03-20,ORCL,Oracle,41.495059967041016,42.11241542094435,40.94826096012849,41.27457611666958,68601000
2018-03-21,ORCL,Oracle,41.468589782714844,42.38580311576002,41.459768547490384,41.70671266904285,34597700
2018-03-22,ORCL,Oracle,40.47200012207031,41.46858770051808,40.33089064440371,41.20400785043261,25610100
2018-03-23,ORCL,Oracle,39.50187301635742,40.81595440073318,39.47541267623925,40.55137454975886,21398900
2018-03-26,ORCL,Oracle,40.99234390258789,41.133453386969855,40.03103448888719,40.17214397326915,20754800
2018-03-27,ORCL,Oracle,40.02222442626953,41.29221003347922,39.68708807385953,41.1246435394323,18925300
2018-03-28,ORCL,Oracle,39.669437408447266,40.00457366323058,39.25492686606567,39.934017245669814,22156900
2018-03-29,ORCL,Oracle,40.34852981567383,40.82477556519615,39.6958963777008,39.960479592534526,14256400
2018-04-02,ORCL,Oracle,39.69589614868164,40.436721744448285,39.1755543211275,40.260337421330526,15343300
2018-04-03,ORCL,Oracle,39.590065002441406,39.97811858883828,39.060905302847,39.97811858883828,15734600
2018-04-04,ORCL,Oracle,40.13686752319336,40.23388092877422,38.84042512986595,38.866882108000496,18505900
2018-04-05,ORCL,Oracle,40.533748626708984,40.72777548387144,40.17215526110759,40.33090389618298,12313000
2018-04-06,ORCL,Oracle,39.53715133666992,40.348529997151104,39.334303307234286,40.136864097195165,13893600
2018-04-09,ORCL,Oracle,39.59889221191406,40.26034361836486,39.58125310402414,39.784097798284485,15200000
2018-04-10,ORCL,Oracle,40.41027069091797,40.630754491442104,40.09277347987269,40.172147782634006,14868900
2018-04-11,ORCL,Oracle,40.225059509277344,40.56019578145391,40.0045757394298,40.039853950041085,14911400
2018-04-12,ORCL,Oracle,40.463172912597656,40.718931468871844,40.260328295538685,40.295603133577316,13970300
2018-04-13,ORCL,Oracle,40.63957977294922,41.03644796194629,40.2250691101203,40.84242448590572,12493600
2018-04-16,ORCL,Oracle,40.7812614440918,41.082361017239215,40.3827468063607,40.76354930705433,11639000
2018-04-17,ORCL,Oracle,41.32146453857422,41.560573290768076,41.08235578638036,41.100067921162605,10762700
2018-04-18,ORCL,Oracle,41.69342803955078,41.8794004562098,41.339191969323146,41.339191969323146,11312900
2018-04-19,ORCL,Oracle,41.463172912597656,41.7199938904639,41.35690344453922,41.61372442240546,8563200
2018-04-20,ORCL,Oracle,40.94068145751953,41.286059803578915,40.71928473535368,41.153223797226936,15675600
2018-04-23,ORCL,Oracle,40.55986785888672,41.1532126705553,40.489022683636044,41.07350973699519,14904400
2018-04-24,ORCL,Oracle,40.32075881958008,41.06465173565693,40.09936215858393,40.674994828471895,13357000
2018-04-25,ORCL,Oracle,40.515586853027344,40.595289781966365,39.89567555886212,40.223341654169324,12637500
2018-04-26,ORCL,Oracle,40.70157241821289,40.92296913943238,40.64843936719757,40.81669965915587,12175800
2018-04-27,ORCL,Oracle,40.32075881958008,40.84325507466079,40.26762578301777,40.84325507466079,14420800
2018-04-30,ORCL,Oracle,40.44473648071289,40.75469380294748,40.3473247970622,40.43588210156087,13896600
2018-05-01,ORCL,Oracle,40.69269943237305,40.69269943237305,40.19676978739626,40.19676978739626,8838000
2018-05-02,ORCL,Oracle,40.30304718017578,40.807834681480536,40.26762628144413,40.63957105496395,10715200
2018-05-03,ORCL,Oracle,39.904537200927734,40.196779049987526,39.39975306126029,40.17021253050348,15370200
2018-05-04,ORCL,Oracle,40.48017120361328,40.66614361801534,39.67428736295888,39.78941459112251,10571800
2018-05-07,ORCL,Oracle,40.79897689819336,40.94952838612966,40.54215595763702,40.683849687212074,9006000
2018-05-08,ORCL,Oracle,40.68385314941406,40.728135188498726,40.33847486532344,40.6307201077049,9830600
2018-05-09,ORCL,Oracle,41.25062561035156,41.339182919398844,40.71927162133349,40.94066827219649,11822400
2018-05-10,ORCL,Oracle,41.560585021972656,41.71113314275015,41.277197541954244,41.44545780251354,10974200
2018-05-11,ORCL,Oracle,41.463172912597656,41.7554181725652,41.303767021387266,41.7199938904639,9498100
2018-05-14,ORCL,Oracle,41.463172912597656,41.85282988097557,41.348045684891154,41.45431853119507,9689500
2018-05-15,ORCL,Oracle,41.45431137084961,41.46316575072279,40.95838164182903,41.18863267922561,11304900
2018-05-16,ORCL,Oracle,41.38347625732422,41.5605943165074,41.13551300141537,41.5605943165074,9874200
2018-05-17,ORCL,Oracle,41.2151985168457,41.67570392453747,41.1089256993629,41.348034471332355,10162300
2018-05-18,ORCL,Oracle,41.020362854003906,41.436589553962655,40.94951769683201,41.34802888469265,13517300
2018-05-21,ORCL,Oracle,41.80854415893555,41.8793927111768,41.17092407998885,41.20634497786457,13416300
2018-05-22,ORCL,Oracle,41.06465148925781,42.100789613190045,41.01151845301432,41.83511429723778,18505100
2018-05-23,ORCL,Oracle,41.53400802612305,41.59599881060204,40.754690963501474,40.807827369445356,9204400
2018-05-24,ORCL,Oracle,41.14435577392578,41.56943696906712,40.86096831049822,41.321473783129264,12497700
2018-05-25,ORCL,Oracle,41.6225700378418,41.77311813769778,41.16206460224651,41.17092236002908,11354300
2018-05-29,ORCL,Oracle,40.96723175048828,41.44544929165899,40.772405009386716,41.22405265721824,12427800
2018-05-30,ORCL,Oracle,41.666866302490234,41.82627222750158,41.117803326476825,41.29492139629456,11906500
2018-05-31,ORCL,Oracle,41.374610900878906,41.773122205537284,41.36575314223377,41.56058329348549,13062400
2018-06-01,ORCL,Oracle,41.93254089355469,41.941398654906806,41.53402946710864,41.693435388985506,10863200
2018-06-04,ORCL,Oracle,41.90596008300781,42.12735674590546,41.826257149234856,42.04765381213251,12178400
2018-06-05,ORCL,Oracle,41.737709045410156,41.99452666357581,41.454321524627154,41.91482709046096,13430900
2018-06-06,ORCL,Oracle,42.28675842285156,42.339894832849396,41.711125805064626,41.99451323523045,13299100
2018-06-07,ORCL,Oracle,42.224761962890625,42.534715867306474,41.994507595400975,42.44615857411457,13714100
2018-06-08,ORCL,Oracle,42.667572021484375,42.84469005600116,41.98566978445434,41.98566978445434,14515400
2018-06-11,ORCL,Oracle,42.676422119140625,42.853540135878305,42.48159534114984,42.641001218389235,12521100
2018-06-12,ORCL,Oracle,42.90666198730469,43.03064354345503,42.64984111913953,42.69411976372979,14713600
2018-06-13,ORCL,Oracle,42.74726867675781,43.10150131541153,42.58786280697788,42.60557494564733,18053300
2018-06-14,ORCL,Oracle,40.64842224121094,41.64027818847684,40.435879991960306,41.631420431542324,37001300
2018-06-15,ORCL,Oracle,40.984962463378906,41.17093828806994,40.01967256456248,40.62187195345233,28120400
2018-06-18,ORCL,Oracle,41.19749450683594,41.26833968755417,40.2587713700414,40.57758312888653,21474100
2018-06-19,ORCL,Oracle,40.97609329223633,41.10007487845497,40.53329998245843,40.59529077556775,22764900
2018-06-20,ORCL,Oracle,37.92082595825195,39.66543301010247,37.69942926144841,38.53187962526137,59129000
2018-06-21,ORCL,Oracle,38.16877746582031,38.82411297370187,38.06250802987135,38.23962600861592,32635100
2018-06-22,ORCL,Oracle,39.05437088012695,39.23148889015884,38.22192062469564,38.25734490235103,29735100
2018-06-25,ORCL,Oracle,39.21377182006836,39.38203542864922,38.514161004700625,38.585006172857334,24640500
2018-06-26,ORCL,Oracle,39.32890319824219,39.71856011012361,39.293478921277064,39.3731818553261,20717500
2018-06-27,ORCL,Oracle,38.47873306274414,39.62114042770811,38.4698753061662,39.47058897008192,26360100
2018-06-28,ORCL,Oracle,38.82411193847656,38.98351777727175,38.39903082777085,38.53186677460393,20918400
2018-06-29,ORCL,Oracle,39.018951416015625,39.43517486991939,38.744418321455335,39.001239276536396,22144900
2018-07-02,ORCL,Oracle,39.80712127685547,39.82483341554908,38.76212874164762,38.93038899186938,20655500
2018-07-03,ORCL,Oracle,39.60343933105469,39.84254815163876,39.426321310817016,39.84254815163876,16783300
2018-07-05,ORCL,Oracle,40.21448516845703,40.26762157771505,39.8425404383847,39.98423415149482,21916200
2018-07-06,ORCL,Oracle,40.73697280883789,40.9052330020979,40.09049516747821,40.25875536073822,20764300
2018-07-09,ORCL,Oracle,41.38347625732422,41.43661268855297,40.790134644043476,40.85212545802069,25125700
2018-07-10,ORCL,Oracle,41.61370849609375,41.941374534513464,41.33917548224556,41.472014800162725,27422000
2018-07-11,ORCL,Oracle,42.18935012817383,42.295619586972215,41.36575422143469,41.463169299602036,22802600
2018-07-12,ORCL,Oracle,42.640995025634766,42.6852736788273,42.286759043605116,42.32218331745702,24857900
2018-07-13,ORCL,Oracle,43.06608200073242,43.225487876376945,42.357613319115174,42.48159491611755,25771400
2018-07-16,ORCL,Oracle,43.08385467529297,43.22610416568103,42.63043548452331,43.22610416568103,22949600
2018-07-17,ORCL,Oracle,43.47505187988281,43.555067445953604,42.8082566264582,42.93272453112476,18823100
2018-07-18,ORCL,Oracle,43.243892669677734,43.56395492194771,43.03052009582835,43.37725307195553,19234700
2018-07-19,ORCL,Oracle,43.066070556640625,43.31500969394161,42.861587138086534,43.03051072973634,16656500
2018-07-20,ORCL,Oracle,43.137210845947266,43.3061311003467,42.99496131816452,43.11054011933058,17232900
2018-07-23,ORCL,Oracle,43.270545959472656,43.270545959472656,42.719329742372786,43.22609364045557,17990200
2018-07-24,ORCL,Oracle,43.270545959472656,43.65284200770978,43.17275221423289,43.34167238309563,19885500
2018-07-25,ORCL,Oracle,43.51948928833008,43.53727089596729,43.11941159523,43.13719320286721,16354900
2018-07-26,ORCL,Oracle,43.44837951660156,43.715096950433825,43.350582332847296,43.43059790214659,15229900
2018-07-27,ORCL,Oracle,43.2349967956543,43.67063437748942,43.01273175429076,43.55505899785705,14856100
2018-07-30,ORCL,Oracle,42.434844970703125,43.19054821178176,42.19479829823078,43.19054821178176,20167300
2018-07-31,ORCL,Oracle,42.39038848876953,42.746013907594595,42.132560229696125,42.58598280827285,18808100
2018-08-01,ORCL,Oracle,42.09700393676758,42.87048884126825,41.91919458959105,42.594878926751186,22933600
2018-08-02,ORCL,Oracle,42.58598327636719,42.73712187655715,41.456876459406395,41.82139099153583,14227400
2018-08-03,ORCL,Oracle,43.0927619934082,43.10165110583471,42.585997797683696,42.603776022536714,14295800
2018-08-06,ORCL,Oracle,43.270545959472656,43.35056149030123,42.87047169682433,42.93270562174716,13529300
2018-08-07,ORCL,Oracle,43.10165023803711,43.51950973509729,43.09276112578957,43.51061723135328,11608000
2018-08-08,ORCL,Oracle,43.021629333496094,43.22611280482843,42.90605053961397,43.04830005843195,10849400
2018-08-09,ORCL,Oracle,43.15497589111328,43.30611447257181,42.91492926924242,42.91492926924242,14708000
2018-08-10,ORCL,Oracle,42.95939636230469,43.31502186322122,42.87938079417327,43.00384870204522,10502200
2018-08-13,ORCL,Oracle,42.68376922607422,43.19942565542125,42.64820940351165,42.97716065480507,12152100
2018-08-14,ORCL,Oracle,42.879364013671875,42.98605026559756,42.62153579598124,42.781566869617166,11513700
2018-08-15,ORCL,Oracle,42.53263473510742,42.90603834405784,42.25702488695705,42.763788865672666,14091000
2018-08-16,ORCL,Oracle,42.7637939453125,43.074967047895214,42.7104525042664,42.799357167006896,11874300
2018-08-17,ORCL,Oracle,42.99494552612305,43.119413393278876,42.66599424985478,42.86158515903036,11412000
2018-08-20,ORCL,Oracle,43.048301696777344,43.20833283547508,42.906052172545586,43.03052347380753,11936700
2018-08-21,ORCL,Oracle,43.03940200805664,43.243885436918035,43.00383878786457,43.19054399812527,10187600
2018-08-22,ORCL,Oracle,43.38613510131836,43.48393226149364,42.88826358260109,42.97716824194479,11639400
2018-08-23,ORCL,Oracle,43.52838897705078,43.866232821289344,43.27945319260958,43.38613947287071,11026700
2018-08-24,ORCL,Oracle,43.795108795166016,43.91068758354583,43.537283886236125,43.563954609902275,14011700
2018-08-27,ORCL,Oracle,43.85734558105469,44.18629693759155,43.82178235561939,43.92846864042943,12253300
2018-08-28,ORCL,Oracle,43.243892669677734,43.946251124215095,43.20832944353753,43.91068789807489,15475700
2018-08-29,ORCL,Oracle,43.466148376464844,43.652850186212525,43.2438833482428,43.2438833482428,17307700
2018-08-30,ORCL,Oracle,43.012733459472656,43.4661526695715,42.950499516743314,43.4661526695715,15154900
2018-08-31,ORCL,Oracle,43.19055938720703,43.23501173253811,42.986072493990264,43.01274661438615,17844100
2018-09-04,ORCL,Oracle,43.19055938720703,43.41282450535899,42.81715222513353,42.99496499795441,17289000
2018-09-05,ORCL,Oracle,42.710453033447266,43.11053080372743,42.48818798234668,43.039404359457386,16437700
2018-09-06,ORCL,Oracle,42.41705322265625,42.87047573725019,42.24813303787323,42.630429122140725,18456100
2018-09-07,ORCL,Oracle,42.50597381591797,42.666004939927376,42.07922528239151,42.194800678568186,20513900
2018-09-10,ORCL,Oracle,43.43947982788086,43.60840003682784,42.67488754997129,42.67488754997129,20390600
2018-09-11,ORCL,Oracle,43.49283218383789,43.6084109829157,43.137210066554445,43.137210066554445,14877200
2018-09-12,ORCL,Oracle,43.866233825683594,43.98181261031869,43.22610934646865,43.34168813110374,17058700
2018-09-13,ORCL,Oracle,43.52838897705078,44.23074738771926,43.4572659207086,43.81288798541093,22124400
2018-09-14,ORCL,Oracle,43.78620910644531,43.96402180142025,43.510599259659415,43.510599259659415,20066100
2018-09-17,ORCL,Oracle,43.7239990234375,44.39968356313513,43.66176505497181,43.8395778469439,29225000
2018-09-18,ORCL,Oracle,43.59061813354492,44.04404070995138,42.10588930877177,42.23924629657136,33451100
2018-09-19,ORCL,Oracle,43.94624328613281,44.04404044482768,43.26166656676401,43.49282071245573,20904800
2018-09-20,ORCL,Oracle,44.83531951904297,45.41321017786288,44.06183786415041,44.15074255404738,26973500
2018-09-21,ORCL,Oracle,45.43097686767578,45.44875847943971,44.764181688258844,45.19093358760186,50751900
2018-09-24,ORCL,Oracle,45.55544662475586,45.87550545130357,45.08424240752749,45.17315046337037,23906100
2018-09-25,ORCL,Oracle,45.982181549072266,46.16888332400369,45.31538658875043,45.68879013861327,18665800
2018-09-26,ORCL,Oracle,45.90217590332031,46.32892436284827,45.83994196494094,46.008862170328484,18131000
2018-09-27,ORCL,Oracle,45.95551681518555,46.248908285469696,45.63545801782362,45.839941440372314,17993500
2018-09-28,ORCL,Oracle,45.839942932128906,46.24001728972463,45.777708992436445,45.822161322003154,16234200
2018-10-01,ORCL,Oracle,46.053306579589844,46.22223014742442,45.4665271247051,45.53765355147644,19217800
2018-10-02,ORCL,Oracle,44.657493591308594,46.0533178387489,44.56858892760362,45.91996084319144,22406800
2018-10-03,ORCL,Oracle,44.23075485229492,44.5419246353608,44.0885053241082,44.0885053241082,21207600
2018-10-04,ORCL,Oracle,43.981807708740234,44.25741419096816,43.71508694446167,44.168509530538905,19034000
2018-10-05,ORCL,Oracle,43.875125885009766,44.24853298681414,43.670642416293845,43.93735983672783,16900200
2018-10-08,ORCL,Oracle,43.88399887084961,44.13293456701179,43.47503211529903,43.80398334115541,16295800
2018-10-09,ORCL,Oracle,43.44837951660156,43.919583820917936,43.41281967918779,43.66175549856508,19009800
2018-10-10,ORCL,Oracle,42.141456604003906,43.54617001533968,42.11478249066825,43.395031402918804,20885400
2018-10-11,ORCL,Oracle,41.59023666381836,42.57709406625881,41.33241177347907,42.07922250574517,26387600
2018-10-12,ORCL,Oracle,42.12368392944336,42.4526353374127,41.48355933750615,42.14146554494121,23152800
2018-10-15,ORCL,Oracle,42.06119155883789,42.50751151334002,41.83803158158683,41.91836930960326,15693400
2018-10-16,ORCL,Oracle,43.05200958251953,43.22160988887196,42.37360495195981,42.46286755421898,13600200
2018-10-17,ORCL,Oracle,42.721744537353516,43.06094863992156,42.337909122509615,42.337909122509615,15071100
2018-10-18,ORCL,Oracle,42.29328536987305,42.97169029111859,42.070125363454565,42.46288574889657,15084800
2018-10-19,ORCL,Oracle,42.4807243347168,43.06094151373493,42.2664893040354,42.40038662385506,17768400
2018-10-22,ORCL,Oracle,42.79315185546875,43.28410648185729,42.58784510495658,42.71281413525523,16480200
2018-10-23,ORCL,Oracle,42.83779525756836,43.13236468798507,42.06119600297142,42.09690242034053,18921500
2018-10-24,ORCL,Oracle,41.739837646484375,43.11450382477523,41.68628143509043,42.73959672441451,20028200
2018-10-25,ORCL,Oracle,42.811012268066406,43.105585093492934,42.20401681429472,42.32898586563279,19349300
2018-10-26,ORCL,Oracle,42.23971939086914,42.909199309454536,41.6952085122622,42.16830997023186,23088700
2018-10-29,ORCL,Oracle,41.971923828125,42.927048142247884,41.36492849137299,42.67711008775609,19248700
2018-10-30,ORCL,Oracle,43.355525970458984,43.40015729091404,41.88266855938177,42.025494233080316,24438200
2018-10-31,ORCL,Oracle,43.59652328491211,44.14103404924292,43.373363358884745,43.78397680553904,21082900
2018-11-01,ORCL,Oracle,43.37337112426758,43.95358839787844,43.1502111582866,43.703646920477176,17764900
2018-11-02,ORCL,Oracle,43.58760070800781,43.75720103496897,43.06094311832266,43.6768633211136,17289300
2018-11-05,ORCL,Oracle,43.7572021484375,43.85539306844274,43.2930290571449,43.73934894433196,13125800
2018-11-06,ORCL,Oracle,43.96250534057617,44.15888716474053,43.58759830006266,43.82860802316407,12362700
2018-11-07,ORCL,Oracle,44.864078521728516,45.0783135895293,44.1588956099258,44.25708654078654,14329800
2018-11-08,ORCL,Oracle,45.015838623046875,45.07832315500802,44.69448765573147,44.82838502716342,11966600
2018-11-09,ORCL,Oracle,45.1765022277832,45.36395577437674,44.908710960485195,45.006898481212254,15316100
2018-11-12,ORCL,Oracle,43.93573760986328,44.971199772792744,43.83754667460385,44.783742803137905,14374400
2018-11-13,ORCL,Oracle,44.19459533691406,44.631990340517405,43.95358558560782,44.15889233255613,13550600
2018-11-14,ORCL,Oracle,43.59652328491211,44.60520710399786,43.50726067656126,44.60520710399786,16094000
2018-11-15,ORCL,Oracle,45.19434356689453,45.24789976320219,43.78397137486277,44.66768607058708,24922800
2018-11-16,ORCL,Oracle,45.67638397216797,45.926325470196815,45.006904018973124,45.10509495693255,20929600
2018-11-19,ORCL,Oracle,44.23029708862305,45.613887962445915,44.09640317479196,45.56925665783555,19520500
2018-11-20,ORCL,Oracle,43.14128875732422,43.80184038801278,42.81100953682889,43.444783059696604,19389600
2018-11-21,ORCL,Oracle,43.400150299072266,43.90002986103125,43.319812573135124,43.52511933827428,13859500
2018-11-23,ORCL,Oracle,43.4715576171875,43.84646468729814,42.88241550333471,42.88241550333471,7807300
2018-11-26,ORCL,Oracle,43.07880401611328,43.882181361657885,42.9359817552555,43.882181361657885,21603800
2018-11-27,ORCL,Oracle,42.346839904785156,42.82886631667884,41.7666259543069,42.77530669141799,28054600
2018-11-28,ORCL,Oracle,43.01630783081055,43.069867441047336,42.2843435166597,42.605694367779655,29352900
2018-11-29,ORCL,Oracle,42.7574462890625,43.1859129694833,42.3468294074859,43.1859129694833,17052100
2018-11-30,ORCL,Oracle,43.52511215209961,43.5965249656536,42.58784110768087,42.92704516176159,22884500
2018-12-03,ORCL,Oracle,44.48025131225586,44.739114315481935,43.926812079486844,44.13211886384261,21966600
2018-12-04,ORCL,Oracle,43.51619338989258,44.82837508022069,43.48048697808005,44.20352649410488,24643500
2018-12-06,ORCL,Oracle,41.66842269897461,42.64140013691484,40.749004870470195,42.62354693376957,39877000
2018-12-07,ORCL,Oracle,41.061431884765625,41.98977811852693,40.89183154413932,41.73983665242154,23978000
2018-12-10,ORCL,Oracle,41.65950012207031,42.025485729137685,40.472290893472916,41.070357957883836,26375500
2018-12-11,ORCL,Oracle,41.472049713134766,42.070120228009365,41.11499578954118,41.936222878442365,22680200
2018-12-12,ORCL,Oracle,42.23971939086914,42.94490572234865,41.96299979866617,42.052265830901455,21404000
2018-12-13,ORCL,Oracle,42.15938186645508,42.44502636067487,41.730915125125385,42.38254184038623,23295400
2018-12-14,ORCL,Oracle,41.59701156616211,41.98084693640968,41.427411237158715,41.757686995807624,21434300
2018-12-17,ORCL,Oracle,40.820430755615234,42.15939088564694,40.64190205724733,41.436351189575205,30441100
2018-12-18,ORCL,Oracle,40.92753982543945,43.15021477096603,40.561557586795445,42.93597968742146,42855600
2018-12-19,ORCL,Oracle,41.46311569213867,42.34682710841914,40.83826720685079,41.11498674601907,34397300
2018-12-20,ORCL,Oracle,41.275665283203125,41.909438715259924,40.597257137639055,41.10606154423683,35165200
2018-12-21,ORCL,Oracle,39.276153564453125,41.24888682397696,39.151184529754,41.13284609469966,58768400
2018-12-24,ORCL,Oracle,38.10679244995117,39.11547639364072,38.09786755007368,39.070845083951944,17230400
2018-12-26,ORCL,Oracle,39.80280685424805,39.8206600579852,37.847927014560334,38.383509506073274,21428900
2018-12-27,ORCL,Oracle,40.14200973510742,40.2491255492316,38.794121836347685,39.231516802176095,19048700
2018-12-28,ORCL,Oracle,40.00812530517578,40.85613400268774,39.9367158744666,40.29376983831539,39141200
2018-12-31,ORCL,Oracle,40.30268859863281,40.61511116863901,40.025969032948296,40.3383916029545,14932600
2019-01-02,ORCL,Oracle,40.36518478393555,40.47230063817364,39.67785152603383,39.70462963830545,14320400
2019-01-03,ORCL,Oracle,39.97240447998047,40.615106150471156,39.64212874604507,39.94562637876009,19868700
2019-01-04,ORCL,Oracle,41.69520950317383,41.909444580479,40.39195604792456,40.49907188400162,20984000
2019-01-07,ORCL,Oracle,42.355751037597656,42.94489305598248,41.48096461061109,41.89157802233235,17967900
2019-01-08,ORCL,Oracle,42.739601135253906,43.16806789637825,42.132605705706645,42.78423245107186,16255700
2019-01-09,ORCL,Oracle,42.650325775146484,43.05201434000154,41.60593891167372,41.632717014280594,19100200
2019-01-10,ORCL,Oracle,42.6860466003418,42.828868871070924,41.846966185452125,42.29328620712459,16652700
2019-01-11,ORCL,Oracle,43.10558319091797,43.40015259819166,42.2843526817058,42.55214398063218,16397400
2019-01-14,ORCL,Oracle,43.00739288330078,43.150215138496606,42.50751328753981,42.71282006656186,14869400
2019-01-15,ORCL,Oracle,43.35689926147461,43.49132331086638,42.48760938381791,42.54138105475413,12142100
2019-01-16,ORCL,Oracle,43.070125579833984,43.724332218596444,43.06116192500246,43.536136490726285,14114000
2019-01-17,ORCL,Oracle,43.5361328125,43.83186844293413,42.8460784499772,43.0253105078731,12711200
2019-01-18,ORCL,Oracle,44.15449523925781,44.423346766789784,43.79602425679341,43.85875616592978,15930600
2019-01-22,ORCL,Oracle,43.8587532043457,44.06487280882298,43.607825584744226,43.769137174097295,13318700
2019-01-23,ORCL,Oracle,44.127601623535156,44.342681431860036,43.7601704839009,44.08279019638822,15551200
2019-01-24,ORCL,Oracle,44.09175109863281,44.29787065984881,43.79601210734571,44.145519338043776,11442200
2019-01-25,ORCL,Oracle,44.62945556640625,44.719074999613724,44.315796096759655,44.45022011862313,16656600
2019-01-28,ORCL,Oracle,44.378536224365234,44.56673194106968,44.100721057825965,44.315804318797085,11799100
2019-01-29,ORCL,Oracle,44.459197998046875,44.737009783309276,44.08280309539409,44.262038600531945,10838600
2019-01-30,ORCL,Oracle,45.13132095336914,45.25678476017856,44.45022683264324,44.68323397554559,13483800
2019-01-31,ORCL,Oracle,45.01482009887695,45.256787491741974,44.871432394064264,45.02378375340855,20403600
2019-02-01,ORCL,Oracle,45.534603118896484,45.79449098614755,45.06859221895662,45.274711833012844,14849600
2019-02-04,ORCL,Oracle,45.731754302978516,45.928913660458896,45.14924330285447,45.14924330285447,12221200
2019-02-05,ORCL,Oracle,45.91994857788086,46.03644871442803,45.60628568603451,45.8572132646061,13345500
2019-02-06,ORCL,Oracle,45.937870025634766,46.14399301943589,45.677982207414786,45.875138129654225,9220900
2019-02-07,ORCL,Oracle,45.005859375,45.69591376525181,44.96104794009296,45.51667828152117,14905000
2019-02-08,ORCL,Oracle,45.731754302978516,45.731754302978516,44.64738467410088,44.88935204410892,11535600
2019-02-11,ORCL,Oracle,45.91099548339844,46.13503899254169,45.66006784712045,45.66902808328781,9714500
2019-02-12,ORCL,Oracle,45.90203857421875,46.19777425003383,45.87515102650254,46.11711844415101,14188500
2019-02-13,ORCL,Oracle,46.08126449584961,46.19776807068207,45.66006504914097,45.92891655991152,11342600
2019-02-14,ORCL,Oracle,46.13503646850586,46.37700385537851,45.78552916034507,45.919956625929586,11155300
2019-02-15,ORCL,Oracle,46.3501091003418,46.3501091003418,45.76759477457229,45.821366432201245,13822200
2019-02-19,ORCL,Oracle,46.61895751953125,46.76234517858544,45.919943108971005,46.13502288823656,12357500
2019-02-20,ORCL,Oracle,46.39491653442383,46.78923176295234,46.152949206020544,46.60103609151589,13440900
2019-02-21,ORCL,Oracle,46.69962692260742,46.91470676465282,46.161920480229035,46.26946381988418,14759500
2019-02-22,ORCL,Oracle,47.03121566772461,47.13875560092958,46.78028801736873,46.950559863162674,11689700
2019-02-25,ORCL,Oracle,47.102909088134766,47.52410856508156,47.013289632355786,47.27318092616579,14722200
2019-02-26,ORCL,Oracle,47.13875198364258,47.3896830333756,46.81613220878454,47.01328816809235,12041300
2019-02-27,ORCL,Oracle,46.94158935546875,47.174593062869434,46.83404602716189,47.067053153194664,10674200
2019-02-28,ORCL,Oracle,46.71755599975586,47.058099690578175,46.64586043202516,46.780287912203804,31856900
2019-03-01,ORCL,Oracle,47.0580940246582,47.255253393546276,46.93263021486849,47.049133789087115,15757700
2019-03-04,ORCL,Oracle,46.63688278198242,47.36278133173739,46.21568002541636,47.20146978320705,14850100
2019-03-05,ORCL,Oracle,46.923667907714844,47.12978750307425,46.61896863226349,46.63689252124678,16291900
2019-03-06,ORCL,Oracle,46.914703369140625,47.27317430478143,46.717547431307175,46.87885901048231,12389300
2019-03-07,ORCL,Oracle,47.120826721191406,47.61372169730019,46.771316018020805,46.780279671724585,16624100
2019-03-08,ORCL,Oracle,47.291099548339844,47.30005978360309,46.71754876978782,46.91470471326989,15071100
2019-03-11,ORCL,Oracle,47.19252014160156,47.65853100654197,46.52038967808542,46.547273802663724,20027700
2019-03-12,ORCL,Oracle,47.3179817199707,47.757108439657706,47.12082578462517,47.20147815456277,18048500
2019-03-13,ORCL,Oracle,47.55099105834961,47.91842224141836,47.26421566759509,47.55099105834961,19490800
2019-03-14,ORCL,Oracle,47.542022705078125,47.85568560802134,47.36278724891514,47.47929080821588,24000300
2019-03-15,ORCL,Oracle,47.44344711303711,47.84672606942479,45.70487090160523,46.06334184475701,43340200
2019-03-18,ORCL,Oracle,47.909461975097656,48.35754898216434,47.300063371996366,47.38071917001367,21953600
2019-03-19,ORCL,Oracle,48.42924118041992,48.733940460806636,48.169349913901065,48.21415792776893,19214000
2019-03-20,ORCL,Oracle,47.17460632324219,48.56367556065627,47.058102727477646,48.29482400158146,24111600
2019-03-21,ORCL,Oracle,48.42924118041992,48.438201415740565,46.914705013806994,47.1656360450052,16686300
2019-03-22,ORCL,Oracle,47.291099548339844,48.28585317554264,47.26421542391781,48.05284603511069,16201500
2019-03-25,ORCL,Oracle,47.26421356201172,47.443445609274406,46.80716295304822,47.10290198456956,11755900
2019-03-26,ORCL,Oracle,47.74814224243164,47.981149360834436,47.55098631758925,47.75710589547974,11657600
2019-03-27,ORCL,Oracle,47.32695388793945,48.079740243811344,46.87886685274506,47.748153376351894,12636000
2019-03-28,ORCL,Oracle,47.66748046875,47.766060128100676,47.30901302040303,47.49720868718256,9103100
2019-03-29,ORCL,Oracle,48.13349533081055,48.160382870236084,47.721256191691985,47.91841552719732,11485700
2019-04-01,ORCL,Oracle,48.91318130493164,48.975913214960244,48.2589712398344,48.285858786012874,15191700
2019-04-02,ORCL,Oracle,48.52781295776367,48.84147242238131,48.28584561993074,48.76081664310366,10812100
2019-04-03,ORCL,Oracle,48.44716262817383,48.74289823970383,48.26792716310272,48.536778651393305,12853400
2019-04-04,ORCL,Oracle,48.232086181640625,48.52782525346859,47.86465496486301,48.267933963431766,9978800
2019-04-05,ORCL,Oracle,48.33066177368164,48.56366549829946,48.16038995256217,48.16038995256217,10016300
2019-04-08,ORCL,Oracle,48.142459869384766,48.33065555566736,47.79295261810796,48.1514201036036,10126700
2019-04-09,ORCL,Oracle,48.241050720214844,48.48301470515642,47.91842751544915,47.945311642968726,9789000
2019-04-10,ORCL,Oracle,48.5831298828125,48.754164304716824,48.25005797086863,48.26806213642858,8477300
2019-04-11,ORCL,Oracle,48.42108917236328,48.78116213224822,48.17803812162088,48.65513642459134,8147600
2019-04-12,ORCL,Oracle,49.06022644042969,49.06022644042969,48.49310726502701,48.700150010408834,9014000
2019-04-15,ORCL,Oracle,49.177249908447266,49.285271459731625,48.889190149060184,49.06022455808901,7694900
2019-04-16,ORCL,Oracle,49.14122009277344,49.42927972620489,48.907172928338525,49.21323328416045,7265200
2019-04-17,ORCL,Oracle,49.04220962524414,49.357277278727466,48.961192621084706,49.22224779381426,7792200
2019-04-18,ORCL,Oracle,49.07821273803711,49.21323877468019,48.81715759300822,49.00619610467379,8233000
2019-04-22,ORCL,Oracle,49.168235778808594,49.222248260074,48.79015871177818,48.97019688205373,6088100
2019-04-23,ORCL,Oracle,49.456298828125,49.63633701059736,49.25825991795384,49.28526444344475,10923400
2019-04-24,ORCL,Oracle,49.67234802246094,49.9874122833838,49.474305667627775,49.510313992859786,8769800
2019-04-25,ORCL,Oracle,49.51931381225586,49.708355800672145,49.13223633907151,49.645342949181,8226100
2019-04-26,ORCL,Oracle,49.8793830871582,49.95139972657058,49.51930675798106,49.70834871946737,7101600
2019-04-29,ORCL,Oracle,49.58232879638672,49.95140553140952,49.58232879638672,49.77136734589877,6443000
2019-04-30,ORCL,Oracle,49.80736541748047,49.852374096107916,49.36627212547055,49.56431443216179,10562300
2019-05-01,ORCL,Oracle,49.40229415893555,49.88839283060046,49.33027750598192,49.79837544835144,7792700
2019-05-02,ORCL,Oracle,49.15022659301758,49.55531157623398,49.02420091689295,49.33926854114665,9652200
2019-05-03,ORCL,Oracle,49.32127380371094,49.52831651602729,49.21324883159066,49.33027416774957,11066500
2019-05-06,ORCL,Oracle,49.375274658203125,49.51030413396355,48.457086585224225,48.520099424861165,9305400
2019-05-07,ORCL,Oracle,48.6101188659668,49.186238243836364,48.29505465430136,48.790157030036625,11712400
2019-05-08,ORCL,Oracle,48.60112380981445,48.99720506686247,48.43908978785328,48.92518841979407,10729800
2019-05-09,ORCL,Oracle,48.835166931152344,48.92518429846228,47.78194931106779,48.124018053999514,10711800
2019-05-10,ORCL,Oracle,49.195247650146484,49.48330737192699,48.16903102811784,48.403081698278726,11200300
2019-05-13,ORCL,Oracle,48.09701156616211,48.565109411728585,48.06100324713185,48.35806672821804,10664700
2019-05-14,ORCL,Oracle,48.72715377807617,49.16824376122215,48.0340089420466,48.28606036098716,11520800
2019-05-15,ORCL,Oracle,49.114227294921875,49.33927415186241,48.46609124807153,48.52910409329947,8573000
2019-05-16,ORCL,Oracle,49.186241149902344,49.645338667102344,49.105224142981314,49.42929217066542,10013800
2019-05-17,ORCL,Oracle,49.06022644042969,49.43830360140258,48.78116703546635,48.78116703546635,9057100
2019-05-20,ORCL,Oracle,48.30406188964844,48.93419383657313,48.18703655126202,48.56511709299397,9820200
2019-05-21,ORCL,Oracle,48.76314926147461,48.85317006082798,48.637123576322274,48.79915758121596,8482000
2019-05-22,ORCL,Oracle,48.79015350341797,49.105217692310134,48.64612366936125,48.817158024196694,8389700
2019-05-23,ORCL,Oracle,47.781951904296875,48.35807132780959,47.26884189416682,48.35807132780959,11213900
2019-05-24,ORCL,Oracle,47.50288772583008,48.13301956895035,47.3408537252008,48.052002568635714,9090700
2019-05-28,ORCL,Oracle,46.58469772338867,47.96198333982729,46.58469772338867,47.781948607857004,28230400
2019-05-29,ORCL,Oracle,46.53068542480469,46.63871038513881,45.95456603879234,46.29663821196558,12448700
2019-05-30,ORCL,Oracle,46.55768585205078,46.836741702926,46.32363524312244,46.74672435114854,8569500
2019-05-31,ORCL,Oracle,45.549468994140625,46.23361315982504,45.468452012255405,46.12559166195858,11847100
2019-06-03,ORCL,Oracle,45.22541427612305,45.98157179251653,44.91034664115945,45.51347395532606,17434400
2019-06-04,ORCL,Oracle,46.827735900878906,47.025778172510975,45.57647631325763,45.72050611973329,17073200
2019-06-05,ORCL,Oracle,46.89977264404297,47.92598939381603,46.67472574376648,47.511900487510474,15855300
2019-06-06,ORCL,Oracle,47.34086227416992,47.475891777059154,46.683725790257654,46.89076850979635,10266900
2019-06-07,ORCL,Oracle,47.943973541259766,48.08800337026241,47.511884054251816,47.5298882121199,11591800
2019-06-10,ORCL,Oracle,48.619117736816406,48.97919405390563,48.223036535172064,48.32205769406871,12984600
2019-06-11,ORCL,Oracle,48.55610656738281,49.159233904171394,48.466089201983856,49.060212741867126,11288400
2019-06-12,ORCL,Oracle,48.26803970336914,48.65512049814968,48.09700536095476,48.322052174946144,10235400
2019-06-13,ORCL,Oracle,48.466094970703125,48.59212067083893,48.10601859836416,48.59212067083893,11289100
2019-06-14,ORCL,Oracle,47.96198272705078,48.45708853547065,47.96198272705078,48.2590462121027,12973000
2019-06-17,ORCL,Oracle,47.82695770263672,48.20503476376042,47.66492369531444,48.01599623319857,15207900
2019-06-18,ORCL,Oracle,47.619911193847656,48.25003957853117,47.17881789062705,47.5839028764537,20999700
2019-06-19,ORCL,Oracle,47.421875,47.826960038086504,47.03479412293318,47.484887846597616,35449500
2019-06-20,ORCL,Oracle,51.301692962646484,51.73378259964896,49.987416453577886,50.39250156137495,54173900
2019-06-21,ORCL,Oracle,50.518524169921875,51.44571967829905,50.464515114832025,51.43671587982209,45169000
2019-06-24,ORCL,Oracle,51.07664489746094,51.580747745497916,50.32048719146236,50.63555147148548,19544200
2019-06-25,ORCL,Oracle,50.4735107421875,51.472719374884996,50.46451037849824,51.193660025320895,25462100
2019-06-26,ORCL,Oracle,51.0046272277832,51.17566162868649,50.626550099278134,50.79758450018142,15045200
2019-06-27,ORCL,Oracle,51.1036376953125,51.66175290635768,51.09463389855401,51.31068037950761,12605800
2019-06-28,ORCL,Oracle,51.28367614746094,51.382697308711016,50.7345612961231,51.22066330556404,42570500
2019-07-01,ORCL,Oracle,52.21986770629883,52.291884344030514,51.337684497739446,51.44570945433697,20413000
2019-07-02,ORCL,Oracle,52.62495422363281,52.7149750233889,52.003826158056526,52.102847320817034,17569600
2019-07-03,ORCL,Oracle,52.98503494262695,53.066051952145514,52.552945369842206,52.61595821791857,9989100
2019-07-05,ORCL,Oracle,53.36310577392578,53.579152251956685,52.5169308890178,52.68796525174982,13838900
2019-07-08,ORCL,Oracle,53.588165283203125,53.71419099437175,53.12006733176033,53.282101370103724,16105600
2019-07-09,ORCL,Oracle,53.65116500854492,53.67817296428779,53.120054331498444,53.291092126748374,14348600
2019-07-10,ORCL,Oracle,54.146270751953125,54.461334952481494,53.786194436541635,53.95722879769386,16059100
2019-07-11,ORCL,Oracle,54.00224304199219,54.20028193272955,53.47113234448574,54.173277409888634,11150200
2019-07-12,ORCL,Oracle,53.8402099609375,54.09226133562417,53.3811124611097,54.09226133562417,11234300
2019-07-15,ORCL,Oracle,53.588165283203125,53.87622503271514,53.336113860865886,53.87622503271514,10721600
2019-07-16,ORCL,Oracle,52.97355651855469,53.75988883572481,52.955479477628096,53.479699873127174,9698900
2019-07-17,ORCL,Oracle,52.413185119628906,53.28086244800918,52.413185119628906,53.14528635701836,9090900
2019-07-18,ORCL,Oracle,52.530677795410156,52.54875483639179,52.06068507341677,52.142030033912604,11882300
2019-07-19,ORCL,Oracle,52.00645446777344,52.90124553496352,51.98837742781044,52.70240499105619,11663500
2019-07-22,ORCL,Oracle,52.06068420410156,52.49452628473036,52.01549332632359,52.31375932577552,8761700
2019-07-23,ORCL,Oracle,51.92510223388672,52.548744509905944,51.92510223388672,52.47643980803121,8141100
2019-07-24,ORCL,Oracle,52.521636962890625,52.62105895672815,51.86184053305574,51.92510844770821,10778700
2019-07-25,ORCL,Oracle,52.684326171875,52.99162894518231,52.49452243043766,52.75663088144234,8175900
2019-07-26,ORCL,Oracle,52.87413787841797,53.00971397006403,52.602989142969086,52.72952498965568,6057200
2019-07-29,ORCL,Oracle,52.4764404296875,53.13623678838146,52.241442388165474,53.13623678838146,7439300
2019-07-30,ORCL,Oracle,51.96126937866211,52.55779797250457,51.90703825273344,52.20530082573306,6367200
2019-07-31,ORCL,Oracle,50.88570022583008,52.31375529902423,50.27109468139749,52.31375529902423,11966700
2019-08-01,ORCL,Oracle,50.5060920715332,51.38280605436156,50.18071226436282,50.885699548003544,10215200
2019-08-02,ORCL,Oracle,50.469940185546875,50.78627976301204,49.71072175178768,50.78627976301204,12644400
2019-08-05,ORCL,Oracle,48.5899772644043,49.80111154605222,48.52670933869341,49.80111154605222,16204600
2019-08-06,ORCL,Oracle,48.77073669433594,49.21361555359751,48.454397114751124,48.98765772593898,13149500
2019-08-07,ORCL,Oracle,48.21036148071289,48.870157913245535,47.87594486649065,48.02055773597941,16344100
2019-08-08,ORCL,Oracle,49.394378662109375,49.48476040700341,48.55381533279314,48.55381533279314,12460700
2019-08-09,ORCL,Oracle,48.71651077270508,49.231694362449694,48.37305389692768,49.02381356727581,8471300
2019-08-12,ORCL,Oracle,48.1290168762207,48.61708660723648,47.90305905051075,48.51766461226925,6580100
2019-08-13,ORCL,Oracle,48.7797737121582,49.02380856363119,47.903056295515555,48.029592118980965,11014800
2019-08-14,ORCL,Oracle,47.288455963134766,48.237478191205895,47.216151248002475,48.219401150462076,12489200
2019-08-15,ORCL,Oracle,47.53248977661133,47.6499888148925,46.96307507338722,47.58672089762793,11257000
2019-08-16,ORCL,Oracle,48.43631362915039,48.53573561174446,47.91208988377894,48.06574297901768,9913100
2019-08-19,ORCL,Oracle,48.68939971923828,49.141315448629726,48.58997770711722,49.00574279851833,8273100
2019-08-20,ORCL,Oracle,47.88498306274414,48.66227855191839,47.81267834980668,48.373052804482796,7577800
2019-08-21,ORCL,Oracle,48.119991302490234,48.74363380566836,48.05671992452031,48.38209982108059,6113100
2019-08-22,ORCL,Oracle,48.07478332519531,48.55381623600395,47.80363463762668,48.42728041166143,6744900
2019-08-23,ORCL,Oracle,46.61961364746094,48.192277960696856,46.32134770483622,47.95728337231806,11374500
2019-08-26,ORCL,Oracle,47.11672592163086,47.288452624809636,46.845577225301255,47.12576271744333,8582300
2019-08-27,ORCL,Oracle,47.351722717285156,47.55960350896214,47.198073046505904,47.39691359411182,13853100
2019-08-28,ORCL,Oracle,46.95404052734375,47.179998370643915,46.65577451922285,47.179998370643915,7499000
2019-08-29,ORCL,Oracle,47.143836975097656,47.731328655681324,47.080569064615425,47.58671579631585,6858000
2019-08-30,ORCL,Oracle,47.05345916748047,47.49633457790758,46.77327022058783,47.45114370204563,7920000
2019-09-03,ORCL,Oracle,46.899810791015625,46.99923279666348,46.59250797712372,46.945001671443784,10128000
2019-09-04,ORCL,Oracle,47.875938415527344,48.020551265530486,47.198065034667174,47.31556060490314,10558300
2019-09-05,ORCL,Oracle,48.66227722167969,49.10515607474547,48.47247347658412,48.562855227245976,10414500
2019-09-06,ORCL,Oracle,48.047664642333984,48.93341877119341,48.02958760527453,48.89726469707451,11636100
2019-09-09,ORCL,Oracle,49.29497146606445,49.421507326023,48.309794980588286,48.46344468258264,17803800
2019-09-10,ORCL,Oracle,50.13552474975586,50.13552474975586,48.933427431373694,49.294961340862,19976400
2019-09-11,ORCL,Oracle,50.87666320800781,50.87666320800781,49.85533290365301,49.95475489538348,16749400
2019-09-12,ORCL,Oracle,48.70747375488281,49.602268360883016,47.8126825967258,49.114198575791995,28184400
2019-09-13,ORCL,Oracle,48.580928802490234,49.45764620232851,48.201321339370075,48.80688661087391,14736700
2019-09-16,ORCL,Oracle,48.029605865478516,48.41825369040964,47.71326621627578,48.26460398875219,15204200
2019-09-17,ORCL,Oracle,47.785560607910156,48.08382659650799,47.3155679108681,48.06574955648604,11111400
2019-09-18,ORCL,Oracle,47.505374908447266,47.758446572010136,46.872692301697256,47.740369532063816,8911800
2019-09-19,ORCL,Oracle,48.23747253417969,48.50862121785218,47.351718328666834,47.351718328666834,14855000
2019-09-20,ORCL,Oracle,48.327850341796875,49.032837501177156,48.28265602822261,48.544767876448326,59517000
2019-09-23,ORCL,Oracle,48.82497024536133,48.960542880001384,47.957292971430185,48.056711524362356,13863100
2019-09-24,ORCL,Oracle,48.21938705444336,49.24975738857403,48.01150631842388,48.933414439798504,15354800
2019-09-25,ORCL,Oracle,48.66227722167969,48.7616992161134,47.80363679902091,48.183247737054835,11607200
2019-09-26,ORCL,Oracle,48.77073669433594,49.10515676171741,48.3278612829172,48.90631277006819,13324300
2019-09-27,ORCL,Oracle,48.888240814208984,49.34919331351795,48.463438950724296,48.97862257553445,12391100
2019-09-30,ORCL,Oracle,49.737831115722656,49.96378892155144,48.85207693061492,49.03284386484645,17445100
2019-10-01,ORCL,Oracle,48.62612533569336,50.289175136924584,48.580934458323966,49.74687771280605,16443200
2019-10-02,ORCL,Oracle,48.03863525390625,48.40920595115068,47.61383343712258,48.35497483161144,15923700
2019-10-03,ORCL,Oracle,48.68035888671875,48.69843592813726,47.848832220682915,47.95729446919396,11268500
2019-10-04,ORCL,Oracle,49.8372688293457,49.87342291716984,48.662288557809944,48.8069014612629,13659500
2019-10-07,ORCL,Oracle,49.52995300292969,50.03609975633917,49.48476212891018,49.773987860046255,12352100
2019-10-08,ORCL,Oracle,48.85207748413086,49.448605960364084,48.599005842044804,49.068998497235,14771500
2019-10-09,ORCL,Oracle,49.505733489990234,49.92335280854366,49.07904053485401,49.16074828596011,12803100
2019-10-10,ORCL,Oracle,50.37729263305664,50.47715460090238,49.34232645373083,49.43311478343695,13789000
2019-10-11,ORCL,Oracle,51.64829635620117,52.0477580671348,50.57701834396734,50.76766863515628,18675200
2019-10-14,ORCL,Oracle,51.257911682128906,51.93880850084971,51.21251925352492,51.59382327288313,11079600
2019-10-15,ORCL,Oracle,51.158050537109375,51.5847470207353,51.158050537109375,51.4122543923349,9150100
2019-10-16,ORCL,Oracle,50.731353759765625,50.84937338261613,50.43175749432893,50.64964600221201,8912300
2019-10-17,ORCL,Oracle,49.986915588378906,51.05819372455592,49.9233654839634,50.84938228065246,9917700
2019-10-18,ORCL,Oracle,49.523895263671875,50.16847676300283,49.18798713156172,49.887041623891754,12562900
2019-10-21,ORCL,Oracle,50.05046081542969,50.204795778764435,49.7690221924291,49.98691071720707,8256600
2019-10-22,ORCL,Oracle,49.12444305419922,50.322821341179825,49.04273528630414,50.1321710371649,7777100
2019-10-23,ORCL,Oracle,49.14259719848633,49.59652844020797,48.90655101338758,49.024574105936956,10491000
2019-10-24,ORCL,Oracle,49.2606201171875,49.61468941847856,48.970104380144136,49.45127388348907,6449200
2019-10-25,ORCL,Oracle,49.17890930175781,49.40587492370771,49.0336514422387,49.06088967186266,6307000
2019-10-28,ORCL,Oracle,49.60560607910156,49.64192141000599,49.26969792628703,49.342325124875316,7280200
2019-10-29,ORCL,Oracle,49.750858306884766,50.21387006544426,49.5329732725675,49.67823111651907,8333900
2019-10-30,ORCL,Oracle,49.796260833740234,50.09585714571761,49.433117881816585,50.09585714571761,6284900
2019-10-31,ORCL,Oracle,49.46942901611328,49.79625660613125,49.242463391722126,49.67823697496667,8260600
2019-11-01,ORCL,Oracle,49.93244171142578,50.06862248319984,49.52390285932448,49.759949068636736,7313600
2019-11-04,ORCL,Oracle,50.340965270996094,50.613323268586676,50.16846921738685,50.16846921738685,8757000
2019-11-05,ORCL,Oracle,50.54069900512695,50.69503741662608,50.39544115718557,50.62240676104525,10759300
2019-11-06,ORCL,Oracle,50.56793975830078,50.74043237909034,50.477151434290136,50.57701685909162,10572100
2019-11-07,ORCL,Oracle,50.822139739990234,51.412251720153805,50.713197215253416,50.803982075330694,9677700
2019-11-08,ORCL,Oracle,51.28515625,51.28515625,50.63149411498849,50.8221444166266,5869600
2019-11-11,ORCL,Oracle,51.230690002441406,51.39410555772999,51.00372433823184,51.021882006955146,5018000
2019-11-12,ORCL,Oracle,51.375946044921875,51.61198880341,51.22160759792416,51.3214730407072,6184900
2019-11-13,ORCL,Oracle,51.03096008300781,51.34871409689437,50.99464474486856,51.03096008300781,6802300
2019-11-14,ORCL,Oracle,50.9219970703125,51.13988554837471,50.51345833845828,50.66779673192315,9056100
2019-11-15,ORCL,Oracle,51.22159194946289,51.34869558713298,51.08541467536067,51.203437750158606,7216900
2019-11-18,ORCL,Oracle,51.01279830932617,51.3487099652541,50.80399032665856,51.3487099652541,6923300
2019-11-19,ORCL,Oracle,51.085411071777344,51.7027577011756,51.076330509545734,51.266984220992086,7199500
2019-11-20,ORCL,Oracle,51.05818557739258,51.40317081396562,50.66780444786273,51.04002791285394,9117000
2019-11-21,ORCL,Oracle,51.04911804199219,51.37594916065905,50.94925259315273,51.04004093901646,8067100
2019-11-22,ORCL,Oracle,51.194358825683594,51.8026284184443,51.067258647165865,51.22159358873164,6346900
2019-11-25,ORCL,Oracle,51.34870529174805,51.45764782426335,51.09450143158478,51.25791696196807,7977700
2019-11-26,ORCL,Oracle,51.30330276489258,51.62105668322549,51.22159501026071,51.521191264984296,12076900
2019-11-27,ORCL,Oracle,51.39409637451172,51.66645443025338,51.18528841633576,51.65737732912424,5790000
2019-11-29,ORCL,Oracle,50.967411041259766,51.28516506180713,50.92201859924481,51.139907169426465,6479400
2019-12-02,ORCL,Oracle,50.322818756103516,51.2579160248063,50.27742632365378,51.04910806496105,14314000
2019-12-03,ORCL,Oracle,49.560211181640625,49.92335754617855,49.44218809368274,49.587445946853826,11963700
2019-12-04,ORCL,Oracle,49.39679718017578,49.8416513172287,49.18798922628417,49.8416513172287,11436800
2019-12-05,ORCL,Oracle,49.64191818237305,49.77809893280013,49.2969294876527,49.47850266714869,10557400
2019-12-06,ORCL,Oracle,49.77810287475586,50.050460933957865,49.57837201517144,49.95967260541011,9088600
2019-12-09,ORCL,Oracle,50.213871002197266,50.36820594911614,49.71454390752975,49.78717456247057,11996700
2019-12-10,ORCL,Oracle,50.6768798828125,50.758587638940526,50.141240917799934,50.29557932969522,10719700
2019-12-11,ORCL,Oracle,51.12173843383789,51.2942310614444,50.52254932456931,50.658726621136374,12159600
2019-12-12,ORCL,Oracle,51.266990661621094,51.43948327027432,50.622405727769106,51.11265225327224,15413200
2019-12-13,ORCL,Oracle,49.487586975097656,50.29558756837184,49.40587920558548,49.93244115649084,21427700
2019-12-16,ORCL,Oracle,49.01549530029297,49.91427718824111,48.752214358077694,49.56928848682869,19951000
2019-12-17,ORCL,Oracle,47.971466064453125,49.07905968649222,47.96238896110819,48.92472122385692,19778400
2019-12-18,ORCL,Oracle,48.47077941894531,48.67051028170062,48.07132115665537,48.171186588033024,14123100
2019-12-19,ORCL,Oracle,48.3346061706543,48.66143379635074,48.15303295867563,48.38907570999322,11910100
2019-12-20,ORCL,Oracle,48.66143035888672,48.97918432320835,48.434464725751575,48.94286899073376,27423700
2019-12-23,ORCL,Oracle,48.761295318603516,49.08812638126322,48.670510451518346,48.70682578364069,10591500
2019-12-24,ORCL,Oracle,48.51617431640625,48.988263266664276,48.44354711194701,48.824847727604926,3331700
2019-12-26,ORCL,Oracle,48.63420104980469,48.71590882543298,48.3709200546445,48.525258503374,6702000
2019-12-27,ORCL,Oracle,48.53432846069336,48.843001849488445,48.425385930301154,48.71590165349411,7262000
2019-12-30,ORCL,Oracle,47.844356536865234,48.561568774431656,47.77172587134019,48.47986100732636,5936100
2019-12-31,ORCL,Oracle,48.09855651855469,48.11671418477694,47.708175352828086,47.72633301905034,7094500
2020-01-02,ORCL,Oracle,48.97917556762695,48.988252667512604,48.32551355281658,48.3618288787994,13899600
2020-01-03,ORCL,Oracle,48.80668258666992,49.06996352186142,48.07131623673408,48.10763156501297,11026700
2020-01-06,ORCL,Oracle,49.060882568359375,49.206140406846664,48.434455326016625,48.443535888983355,10982400
2020-01-07,ORCL,Oracle,49.169830322265625,49.32416874017006,48.670506665695584,48.924707044337694,12015400
2020-01-08,ORCL,Oracle,49.36133575439453,49.789928019381854,48.969216984406614,49.18807186894575,11856700
2020-01-09,ORCL,Oracle,49.58930587768555,49.97230362058387,49.27013761330167,49.47075746642095,10671000
2020-01-10,ORCL,Oracle,49.65315246582031,49.83553388430272,49.44341505208823,49.74434143574341,9734800
2020-01-13,ORCL,Oracle,49.77168655395508,49.963185422741184,49.571066703625704,49.66225564724712,10858900
2020-01-14,ORCL,Oracle,50.045265197753906,50.31883555281247,49.698740892740624,49.716979380229304,12627200
2020-01-15,ORCL,Oracle,49.93582534790039,50.31882655943805,49.862874889619754,50.04525625327411,9090800
2020-01-16,ORCL,Oracle,50.54680633544922,50.565044821100216,50.09085463008066,50.136449104890424,9866000
2020-01-17,ORCL,Oracle,50.273231506347656,50.783895144307486,50.01789620873261,50.729183170889016,11166600
2020-01-21,ORCL,Oracle,50.35531234741211,50.482978280739744,50.08173851469771,50.13645397696774,8773000
2020-01-22,ORCL,Oracle,49.899349212646484,50.74741955183859,49.78991831307428,50.52856123132918,6380500
2020-01-23,ORCL,Oracle,50.13644027709961,50.15467875953926,49.498107306251235,49.61665570279153,6583200
2020-01-24,ORCL,Oracle,49.30661392211914,50.337065683014444,49.133353537696216,50.20939977042542,6426000
2020-01-27,ORCL,Oracle,48.04819107055664,48.805072596592815,47.99347909040453,48.49502528740044,8259100
2020-01-28,ORCL,Oracle,48.7503547668457,48.9509746273412,48.02083274500124,48.2032141201212,8620300
2020-01-29,ORCL,Oracle,48.51326370239258,49.1880702999381,48.49502521615681,49.042165888687535,6332500
2020-01-30,ORCL,Oracle,48.613582611083984,48.631821100686444,47.67431952905653,48.16674831241428,7176200
2020-01-31,ORCL,Oracle,47.82933044433594,48.77771074419509,47.68342605040646,48.64092385298333,8884700
2020-02-03,ORCL,Oracle,48.41294479370117,48.7047535621133,48.04818209386856,48.084659059578804,8892500
2020-02-04,ORCL,Oracle,49.27925491333008,49.75344504432657,49.01480212281829,49.01480212281829,9769800
2020-02-05,ORCL,Oracle,49.917598724365234,50.18204809350289,49.77169430466882,49.853762279527025,9612900
2020-02-06,ORCL,Oracle,49.890228271484375,50.4738458217949,49.890228271484375,50.15468106104227,8832000
2020-02-07,ORCL,Oracle,49.899349212646484,50.12732503546942,49.416038102790075,49.48899203583821,7864800
2020-02-10,ORCL,Oracle,50.145572662353516,50.21852313006856,49.65314396039337,49.89935831137344,7198200
2020-02-11,ORCL,Oracle,50.29148483276367,50.64712667948398,50.255007853962574,50.30971984352806,8466600
2020-02-12,ORCL,Oracle,50.82037353515625,50.966277932748945,50.38266034237815,50.65623065303506,7541100
2020-02-13,ORCL,Oracle,50.437374114990234,50.738300403093014,50.16380033481574,50.437374114990234,8480100
2020-02-14,ORCL,Oracle,50.58328628540039,50.92068959322354,50.3735489060165,50.501214834455766,7496800
2020-02-18,ORCL,Oracle,50.565032958984375,50.84772072367011,50.24586475291919,50.537673497608445,7185700
2020-02-19,ORCL,Oracle,50.55592346191406,50.85685325495801,50.51032898744434,50.69271036395866,6819200
2020-02-20,ORCL,Oracle,50.61977005004883,50.94805592043056,50.045273255517145,50.5194635706645,6114600
2020-02-21,ORCL,Oracle,49.862876892089844,50.46473298127485,49.64401855118833,50.22763963404725,9078600
2020-02-24,ORCL,Oracle,48.011714935302734,48.814187414893944,47.88404553848855,48.42206867841024,10992500
2020-02-25,ORCL,Oracle,46.4705924987793,48.53149595650988,46.32468810626489,48.394709066624756,12202600
2020-02-26,ORCL,Oracle,47.46457290649414,48.45854778582056,46.72593335342032,46.789766315324584,16413100
2020-02-27,ORCL,Oracle,46.30644607543945,48.75034707183688,46.288207592942776,46.39763848792285,16161100
2020-02-28,ORCL,Oracle,45.102745056152344,45.49486382884556,43.68017786092644,44.90212865704667,24426000
2020-03-02,ORCL,Oracle,46.41588592529297,46.41588592529297,44.38233821752278,45.34895710452447,17328500
2020-03-03,ORCL,Oracle,44.54647445678711,47.273066832550086,43.999333872623,46.16054370229673,21830500
2020-03-04,ORCL,Oracle,46.08759689331055,46.13319136582492,44.52824297432608,45.45838134525223,14813700
2020-03-05,ORCL,Oracle,43.7713623046875,45.30336026364239,43.543386459350586,44.89300304630888,15843000
2020-03-06,ORCL,Oracle,43.19685745239258,44.04492778212018,42.36702560572346,42.46733552322769,24581400
2020-03-09,ORCL,Oracle,41.9566764831543,43.37924712693141,40.72560820891483,40.99006104604751,25949300
2020-03-10,ORCL,Oracle,44.30027389526367,44.601200242701196,42.09346560663335,43.26982196169777,27067700
2020-03-11,ORCL,Oracle,40.78032302856445,43.297174997215855,40.36996578404641,42.68620136098332,24139200
2020-03-12,ORCL,Oracle,36.293766021728516,39.57662137983607,36.211694550809916,37.49747860944367,24123800
2020-03-13,ORCL,Oracle,43.707542419433594,43.76225789098885,39.59485499139402,40.534118120592545,28339400
2020-03-16,ORCL,Oracle,38.95650863647461,43.37923808509697,37.62512722435922,38.76500630685312,27493700
2020-03-17,ORCL,Oracle,42.731807708740234,43.506924458116494,37.98990779851819,39.7772382060319,25588900
2020-03-18,ORCL,Oracle,43.105674743652344,43.58898243930843,38.810610503921986,39.8228203701504,29557000
2020-03-19,ORCL,Oracle,41.099483489990234,43.74400458253184,40.91710212522268,42.37614956472795,20159100
2020-03-20,ORCL,Oracle,41.62839889526367,42.58589693730207,40.58882591506391,41.05389867858622,26340800
2020-03-23,ORCL,Oracle,40.2970085144043,42.39438904031863,40.023438200174034,41.03565149359776,23063700
2020-03-24,ORCL,Oracle,43.62546157836914,43.78048349651426,41.3092259597251,41.336585428942655,19323700
2020-03-25,ORCL,Oracle,41.89283752441406,44.44616961892041,41.47336282952392,42.95064524293079,25625800
2020-03-26,ORCL,Oracle,46.03287887573242,46.26997568542068,42.12081282359191,42.294076679587576,22417900
2020-03-27,ORCL,Oracle,45.44015121459961,47.05421728232644,44.282033399572214,44.765341121624,20025300
2020-03-30,ORCL,Oracle,45.9234619140625,47.045102828431226,45.221295784845815,45.95993888980682,20611900
2020-03-31,ORCL,Oracle,44.07229232788086,46.67121558727893,43.77136254066879,46.61650013179437,15802000
2020-04-01,ORCL,Oracle,44.41881561279297,44.67415094080561,41.98403510402711,42.449104326626184,17918200
2020-04-02,ORCL,Oracle,45.41279220581055,45.49486365742863,43.86255560782208,43.935509555320685,16434400
2020-04-03,ORCL,Oracle,45.04802322387695,45.64075826606998,44.637666053967976,44.9568308091,13362500
2020-04-06,ORCL,Oracle,46.953914642333984,47.30955646511864,45.91434168828569,45.959939648036276,13845800
2020-04-07,ORCL,Oracle,46.2882080078125,47.71989932823749,46.242613540479574,47.55575646293105,14063000
2020-04-08,ORCL,Oracle,47.76335525512695,48.26728405642213,46.61806093620115,46.70968308365085,15710700
2020-04-09,ORCL,Oracle,48.72541046142578,49.12855287522476,47.6717381023028,47.864150238470984,15521200
2020-04-13,ORCL,Oracle,48.53299331665039,48.68875166679445,48.01073938533305,48.28560932363256,12694800
2020-04-14,ORCL,Oracle,49.47671890258789,49.56834105804673,48.972790057241916,49.2110097585316,11674600
2020-04-15,ORCL,Oracle,48.70707321166992,48.97278231371254,48.38639222310859,48.75288428215574,10398100
2020-04-16,ORCL,Oracle,49.201847076416016,49.3576054338254,48.62461773244966,48.69791825016776,14098300
2020-04-17,ORCL,Oracle,50.044776916503906,50.1364025542359,49.449225999469114,49.95315477393262,13608800
2020-04-20,ORCL,Oracle,49.394256591796875,50.008136205796596,49.29347012568042,49.522529004977415,10358900
2020-04-21,ORCL,Oracle,47.01205062866211,48.87200780726598,46.83796362503927,48.7712213304657,14111700
2020-04-22,ORCL,Oracle,47.89162063598633,48.17565484368228,47.433502975602096,47.67172262113133,9668300
2020-04-23,ORCL,Oracle,47.616756439208984,48.5513169976926,47.140313595952975,47.85497611325659,10330200
2020-04-24,ORCL,Oracle,48.569644927978516,48.60629518878729,47.60759830029615,48.0199049964918,9403500
2020-04-27,ORCL,Oracle,48.89948272705078,49.146866706532606,48.61545198758553,48.8903219108451,9123200
2020-04-28,ORCL,Oracle,48.74373245239258,49.61415693273484,48.67959624285632,49.38509804291642,8350500
2020-04-29,ORCL,Oracle,49.36678695678711,49.73327918766407,49.19269991409545,49.430923184569636,9064100
2020-04-30,ORCL,Oracle,48.53299331665039,49.1102191385311,48.37723147134543,48.99111104553654,11808800
2020-05-01,ORCL,Oracle,47.45182800292969,48.04737886309663,47.01203546929305,47.99240698086728,8702400
2020-05-04,ORCL,Oracle,47.41518783569336,47.45183809508136,46.81963335370233,47.37853757630536,7567900
2020-05-05,ORCL,Oracle,47.690059661865234,48.432211715364915,47.63508776578757,47.84582152279486,7271800
2020-05-06,ORCL,Oracle,47.51597213745117,48.10236228030919,47.369374601736666,48.03822607688165,7050000
2020-05-07,ORCL,Oracle,48.193992614746094,48.48718773597156,47.8916366751155,48.01074828535133,7154700
2020-05-08,ORCL,Oracle,49.08274459838867,49.275153250391384,48.34975676088188,48.734574064887305,8130800
2020-05-11,ORCL,Oracle,49.046077728271484,49.32095113254519,48.615449485553036,48.679585681174096,8138600
2020-05-12,ORCL,Oracle,47.89162063598633,49.32094899464285,47.87329551015171,49.293459558310744,8598800
2020-05-13,ORCL,Oracle,47.32356262207031,48.0932005436418,46.98455298739606,48.03822515811495,10274300
2020-05-14,ORCL,Oracle,48.4780158996582,48.58796317133895,46.59973398895868,46.85627878793401,13794000
2020-05-15,ORCL,Oracle,48.4871826171875,49.46755785079144,48.12069050192695,48.28561317710061,39055700
2020-05-18,ORCL,Oracle,48.69791030883789,49.430897890682914,48.62460980307314,49.39424763780054,9901900
2020-05-19,ORCL,Oracle,47.95576858520508,48.78954279169807,47.93744345487805,48.72540658313409,9805100
2020-05-20,ORCL,Oracle,48.4688606262207,48.80786679151542,48.239801745180266,48.64294411755342,9115900
2020-05-21,ORCL,Oracle,47.845821380615234,48.50550859771558,47.75419572882266,48.34058591965019,7464000
2020-05-22,ORCL,Oracle,48.21230697631836,48.230632104196395,47.71754250425437,47.95576217634734,7211700
2020-05-26,ORCL,Oracle,48.358909606933594,49.18352297265334,48.2398015058994,49.1560370255164,11200600
2020-05-27,ORCL,Oracle,48.74373245239258,48.78954353132401,48.166503071404996,48.56048464150558,9228100
2020-05-28,ORCL,Oracle,49.1285400390625,49.61414716659947,48.76204798459073,49.256812432885646,9465400
2020-05-29,ORCL,Oracle,49.2659797668457,49.42173811314215,48.551317245888704,49.12854305351052,14734800
2020-06-01,ORCL,Oracle,48.61546325683594,48.91781919396052,48.36807922000955,48.81703271653182,7363200
2020-06-02,ORCL,Oracle,48.817020416259766,48.826184727441365,48.23063032641986,48.78037365701525,8756300
2020-06-03,ORCL,Oracle,49.00944137573242,49.12854948136852,48.5513235982239,48.862843826736146,9188700
2020-06-04,ORCL,Oracle,48.42304992675781,49.192687968415754,48.221480472030294,48.771220432431065,9696000
2020-06-05,ORCL,Oracle,49.45838928222656,49.724098402159605,48.322259278974954,48.64294028912802,12210100
2020-06-08,ORCL,Oracle,50.48457717895508,50.50290230929168,48.817028765098364,48.88116497369584,11519500
2020-06-09,ORCL,Oracle,49.641639709472656,50.44792792876516,49.36676975828416,50.392952540463035,8852500
2020-06-10,ORCL,Oracle,49.57749938964844,50.081428174200326,49.385090789300385,49.93483064605503,7436700
2020-06-11,ORCL,Oracle,47.01205062866211,49.073580760866534,46.93875010183955,48.789546462171344,12805700
2020-06-12,ORCL,Oracle,47.51597213745117,48.560480016312134,46.70968394344092,48.05655120574108,11537200
2020-06-15,ORCL,Oracle,48.7895393371582,48.95446200326288,46.645548172958335,46.69135924795164,16038100
2020-06-16,ORCL,Oracle,50.017295837402344,50.392952250737764,49.27514382781532,49.89818424434642,19380200
2020-06-17,ORCL,Oracle,47.20445251464844,49.238496405836926,47.186127385564824,48.58796655643203,28692600
2020-06-18,ORCL,Oracle,49.192684173583984,49.47671844513816,47.0212069538036,47.277751782845336,19259500
2020-06-19,ORCL,Oracle,49.84320831298828,49.89818020135921,48.54215219735777,49.669121346051654,33051200
2020-06-22,ORCL,Oracle,50.502891540527344,50.750275504579704,49.36676166320594,49.55917024797095,16705900
2020-06-23,ORCL,Oracle,50.56703186035156,51.281697868742626,50.51205997174048,50.667818316352914,18695000
2020-06-24,ORCL,Oracle,49.87985610961914,51.0159895934151,49.779073147125395,50.50289648861034,18287400
2020-06-25,ORCL,Oracle,49.96231460571289,50.017289987268896,49.05524352858284,49.84320652174915,16008700
2020-06-26,ORCL,Oracle,49.641639709472656,50.01729612496785,49.13771088310024,49.797398066920415,17969400
2020-06-29,ORCL,Oracle,50.17306137084961,50.35630919518769,49.3392870905148,49.687457607241,14366900
2020-06-30,ORCL,Oracle,50.64033508300781,50.79609343595856,49.934833348391045,50.20970329164357,18885900
2020-07-01,ORCL,Oracle,50.841915130615234,51.19924645643482,50.09976303418586,50.108923852341626,17856800
2020-07-02,ORCL,Oracle,51.254207611083984,51.703164500152006,50.98850199833017,51.1167743965894,15478900
2020-07-06,ORCL,Oracle,51.858924865722656,52.06966209412624,51.45578252758364,51.4924327842765,15309700
2020-07-07,ORCL,Oracle,51.59321975708008,52.179609889369985,51.51075842627925,51.62986651897753,13232100
2020-07-08,ORCL,Oracle,51.913902282714844,51.93222741177854,51.30002618730548,51.886416336699796,12582200
2020-07-09,ORCL,Oracle,52.71102523803711,52.95840923326473,52.06049889604648,52.2162607427428,15692600
2020-07-10,ORCL,Oracle,52.582759857177734,52.701871462310685,51.9413942462883,52.6560603819246,12615800
2020-07-13,ORCL,Oracle,52.234580993652344,52.99505808794355,52.19793423230644,52.59191575185186,15965600
2020-07-14,ORCL,Oracle,52.6302375793457,52.71304753301177,51.96775795001716,52.142577403340006,15510300
2020-07-15,ORCL,Oracle,52.096580505371094,53.21911482204378,51.87575626893781,52.83266714337861,10570800
2020-07-16,ORCL,Oracle,51.36048889160156,51.97696380429162,51.13966467656156,51.9125529391392,8779300
2020-07-17,ORCL,Oracle,50.51398849487305,51.63651915457995,50.385170278898485,51.59971745995328,14344800
2020-07-20,ORCL,Oracle,50.974037170410156,51.084449261490086,50.3207571491726,50.49558009581434,11469300
2020-07-21,ORCL,Oracle,51.44329071044922,51.83893783556299,51.13965658532532,51.3420781654289,11875100
2020-07-22,ORCL,Oracle,51.53530502319336,51.69172538284547,51.250073471375366,51.250073471375366,13842400
2020-07-23,ORCL,Oracle,51.305274963378906,51.85734245500569,51.1580576675992,51.52610266201706,12576000
2020-07-24,ORCL,Oracle,51.204071044921875,51.56291301989915,50.84522556000705,51.038451131865045,8939700
2020-07-27,ORCL,Oracle,50.918827056884766,51.48009405177892,50.90042445755121,51.21326162634777,10319600
2020-07-28,ORCL,Oracle,50.92803192138672,51.28687738096966,50.790017676873866,50.83602242504482,13030100
2020-07-29,ORCL,Oracle,51.25007247924805,51.43409498294919,50.92803222028671,51.12125777963844,7242700
2020-07-30,ORCL,Oracle,50.83601760864258,51.04764223812865,50.504777837294995,50.6059903796442,7633200
2020-07-31,ORCL,Oracle,51.0200309753418,51.03843357156513,49.989510156389855,50.605981335157786,9355800
2020-08-03,ORCL,Oracle,51.50769805908203,51.60891060410945,51.05684664387982,51.32367556902648,9164900
2020-08-04,ORCL,Oracle,51.5261116027832,51.53531114976821,51.09365918579403,51.32368646973503,6364300
2020-08-05,ORCL,Oracle,51.06605911254883,51.82054835377704,50.955646994547564,51.82054835377704,6629000
2020-08-06,ORCL,Oracle,50.863616943359375,51.1580514994185,50.55077978880446,51.0568424725968,8169600
2020-08-07,ORCL,Oracle,50.8176155090332,50.82681856384837,50.38516319108229,50.6151904223435,8772300
2020-08-10,ORCL,Oracle,50.55078887939453,51.1764633010199,50.4955845839165,50.82682439653433,10046900
2020-08-11,ORCL,Oracle,49.934326171875,51.029254844603045,49.81471099436988,50.82683320952286,8075100
2020-08-12,ORCL,Oracle,49.84230041503906,50.32996054801928,49.658281431961214,50.164340655299526,9068200
2020-08-13,ORCL,Oracle,49.70429229736328,49.86991221047429,49.39145507370221,49.60307973824683,8260300
2020-08-14,ORCL,Oracle,49.86991500854492,50.20115485335195,49.47426780612962,49.71349463296927,5454400
2020-08-17,ORCL,Oracle,49.67668151855469,50.04472297602415,49.37304389395388,49.86990354697142,9523700
2020-08-18,ORCL,Oracle,50.77162170410156,52.381812669864274,50.48638661230315,51.17646845477288,21102600
2020-08-19,ORCL,Oracle,51.71012496948242,52.262188949146285,51.02924278528895,51.13965838917147,16751500
2020-08-20,ORCL,Oracle,50.84522247314453,51.35128523783769,50.68880562583016,51.14886013196043,10974800
2020-08-21,ORCL,Oracle,50.78081130981445,51.02004160060265,50.357562038342486,50.95563425537593,9552000
2020-08-24,ORCL,Oracle,51.53530502319336,51.62731803179383,51.01084315895152,51.30527776659826,7892100
2020-08-25,ORCL,Oracle,51.60891342163086,52.21618521501147,51.544506073085735,51.66412122464264,7427000
2020-08-26,ORCL,Oracle,52.897071838378906,52.897071838378906,51.58131559097355,51.83894500671025,11597600
2020-08-27,ORCL,Oracle,52.61183166503906,53.78037048878469,52.05976768198095,52.86026151039637,15834700
2020-08-28,ORCL,Oracle,53.25590896606445,53.513538358353074,52.63943412174024,52.74984972695298,8613800
2020-08-31,ORCL,Oracle,52.64863967895508,53.145495886273665,52.48301977320309,52.56582972607909,18683500
2020-09-01,ORCL,Oracle,53.0534782409668,53.375514947180704,52.51981691210706,52.786645821568506,10169500
2020-09-02,ORCL,Oracle,54.31403350830078,54.58086596246161,53.10869295663864,53.10869295663864,14342800
2020-09-03,ORCL,Oracle,52.53822326660156,54.27723225045487,52.12417701847859,54.02880239561868,15387400
2020-09-04,ORCL,Oracle,51.277671813964844,52.69464045183051,50.753209988640315,52.335798519759734,14697200
2020-09-08,ORCL,Oracle,50.90042495727539,51.332877271017274,50.486375243047725,50.928027101578245,16472800
2020-09-09,ORCL,Oracle,52.40020751953125,52.81425726573107,51.39728858315267,51.67332057730681,13993200
2020-09-10,ORCL,Oracle,52.74985885620117,53.53195022382409,52.21619386845823,52.85106791358961,20500900
2020-09-11,ORCL,Oracle,52.44621658325195,56.91794719036133,52.32660142229712,55.85982036409264,40220600
2020-09-14,ORCL,Oracle,54.70968246459961,56.58670574133119,54.60846990900074,55.99783651959675,50107400
2020-09-15,ORCL,Oracle,56.07143783569336,56.75231999925603,54.645269673160435,55.21573623618619,30385600
2020-09-16,ORCL,Oracle,55.602195739746094,56.48549967380637,54.88451173206435,56.23706978423858,21223300
2020-09-17,ORCL,Oracle,55.37216567993164,55.76781287201992,54.286436665820226,54.67288080138311,22831200
2020-09-18,ORCL,Oracle,54.97651672363281,55.47337646193016,54.682082103146435,55.1881413877363,49311700
2020-09-21,ORCL,Oracle,55.96102523803711,57.59881802185365,55.234138335805504,57.47000333233151,32560400
2020-09-22,ORCL,Oracle,55.777000427246094,55.896615566796875,54.70967424570967,55.55617625723822,13306000
2020-09-23,ORCL,Oracle,54.24962615966797,55.65739532582054,54.19442186565941,55.307752920704644,15513500
2020-09-24,ORCL,Oracle,54.56247329711914,55.11454090728873,53.633164576077036,54.04721440621974,9560500
2020-09-25,ORCL,Oracle,55.022518157958984,55.19734111641569,54.24962644829134,54.5348615052899,9371900
2020-09-28,ORCL,Oracle,54.82009506225586,55.70339884629567,54.7188825122214,55.23414129794268,9356300
2020-09-29,ORCL,Oracle,54.718875885009766,55.35374974478316,54.654468544595225,54.82008842278599,6340600
2020-09-30,ORCL,Oracle,54.93050003051758,55.56537388480777,54.626862419811324,54.76488015375722,11001500
2020-10-01,ORCL,Oracle,54.91209411621094,55.454958455048335,54.70046951089284,55.362945467994884,7357700
2020-10-02,ORCL,Oracle,54.13001251220703,54.7648864393645,53.83557441199938,54.01959690840272,7329800
2020-10-05,ORCL,Oracle,54.80170440673828,54.902913468896536,54.36925196594084,54.691288777212556,6899200
2020-10-06,ORCL,Oracle,54.75568771362305,55.69419936054492,54.66367821311476,54.75568771362305,9743600
2020-10-07,ORCL,Oracle,55.97514343261719,56.26153345226685,55.097499781309814,55.217599276537044,8690900
2020-10-08,ORCL,Oracle,56.252296447753906,56.631068548120865,56.01210096729065,56.159914383918,7202800
2020-10-09,ORCL,Oracle,56.492496490478516,56.704978060525555,56.22458356662142,56.492496490478516,7355700
2020-10-12,ORCL,Oracle,56.77888870239258,57.12071013227718,56.418593676868504,56.575647433006075,8275000
2020-10-13,ORCL,Oracle,56.32620620727539,57.074510104262174,56.2430609382602,56.88050565127671,8896300
2020-10-14,ORCL,Oracle,56.316959381103516,56.84354484932465,56.215337005806546,56.67725433050224,6651100
2020-10-15,ORCL,Oracle,55.91048049926758,56.113725275653884,55.50399447064493,55.6795218076104,6251600
2020-10-16,ORCL,Oracle,55.698001861572266,56.45554612820447,55.6702844206905,56.08601079241552,6070800
2020-10-19,ORCL,Oracle,55.07902908325195,56.122963380633145,54.86654750487349,55.79038229303205,8311000
2020-10-20,ORCL,Oracle,55.19913864135742,55.73496460762736,55.08827943335873,55.35618889234301,9241200
2020-10-21,ORCL,Oracle,55.125213623046875,55.54093993356789,54.709490836675485,54.82035001143121,10114900
2020-10-22,ORCL,Oracle,55.14369201660156,55.30998254466108,54.21985731589298,54.91273334142441,11900600
2020-10-23,ORCL,Oracle,55.33769226074219,55.57788769878567,55.162161436643856,55.33769226074219,9739300
2020-10-26,ORCL,Oracle,53.111263275146484,54.02585773765092,52.224379204280034,53.6747995330194,18876900
2020-10-27,ORCL,Oracle,52.73249053955078,53.563939720841496,52.6770591844714,53.24983575702501,10806500
2020-10-28,ORCL,Oracle,51.35597229003906,52.28904380778092,51.30054093807577,51.984180182357264,13910600
2020-10-29,ORCL,Oracle,51.75321960449219,52.436855299557806,50.94024409292123,50.99567544285209,13573700
2020-10-30,ORCL,Oracle,51.836368560791016,52.325999852210636,51.226637764705295,51.50378748580791,12602300
2020-11-02,ORCL,Oracle,52.15047073364258,53.09278257247304,51.845603583954876,52.141230412903674,11413200
2020-11-03,ORCL,Oracle,52.473812103271484,53.120497120877346,52.26133053768595,52.658579754608844,8911200
2020-11-04,ORCL,Oracle,52.18742370605469,53.66555781504742,52.05808388788684,53.582412551157226,12054900
2020-11-05,ORCL,Oracle,52.344482421875,53.25908047333438,52.12276050741051,53.08354959650617,9017100
2020-11-06,ORCL,Oracle,52.473812103271484,52.64010263706013,51.87332164161233,52.44609818902332,7510400
2020-11-09,ORCL,Oracle,52.51076889038086,54.58016034246163,52.446100737892394,53.757944430258334,11486600
2020-11-10,ORCL,Oracle,52.353702545166016,52.88029148378259,51.91950270069673,52.575424389012426,9015900
2020-11-11,ORCL,Oracle,52.843345642089844,53.24059484575297,52.473810351749826,52.71400934771575,7724400
2020-11-12,ORCL,Oracle,52.15047073364258,53.11125968980107,51.82712646662686,52.898774602603694,7324000
2020-11-13,ORCL,Oracle,52.575435638427734,52.741726175855966,52.24285456357127,52.547721723573,5870300
2020-11-16,ORCL,Oracle,52.79715347290039,53.222116580719366,52.547717685924134,52.6770539775082,6309200
2020-11-17,ORCL,Oracle,52.76944351196289,53.01887933427715,52.48305697549662,52.6585843212066,5569700
2020-11-18,ORCL,Oracle,51.96570587158203,52.926494879270386,51.95646907449751,52.76944113563384,8998800
2020-11-19,ORCL,Oracle,52.15047073364258,52.17818464755972,51.328258395369375,51.81788967003774,9643100
2020-11-20,ORCL,Oracle,51.45759201049805,52.141227695254244,51.43911489413307,52.06732275394393,8395800
2020-11-23,ORCL,Oracle,51.80864334106445,52.261320297787755,51.522253361398285,51.59615829296266,8235900
2020-11-24,ORCL,Oracle,53.18516540527344,53.490032559376694,52.06732622186115,52.289044584709124,10427200
2020-11-25,ORCL,Oracle,53.0373420715332,53.36068275862279,52.89876547755242,53.323732054490534,6848900
2020-11-27,ORCL,Oracle,53.360694885253906,53.46231727404773,52.7971586345654,53.02811732758773,5627000
2020-11-30,ORCL,Oracle,53.32374572753906,53.76718600817378,52.84335120914726,53.22212333578213,26676900
2020-12-01,ORCL,Oracle,54.266056060791016,54.76492415934355,53.59165357594318,53.7671844380885,11855300
2020-12-02,ORCL,Oracle,54.58015441894531,54.755681738914234,53.71174756694737,53.8503241781831,9330400
2020-12-03,ORCL,Oracle,54.75568771362305,55.41160956019105,54.56168325604377,54.70949667955417,9783900
2020-12-04,ORCL,Oracle,55.39313888549805,55.93820160887673,54.75569408323501,54.79264832444891,10872700
2020-12-07,ORCL,Oracle,55.24531173706055,55.61484700920792,55.088261537095114,55.39312514108959,14922900
2020-12-08,ORCL,Oracle,54.53396224975586,55.16217013962768,53.78565838398925,54.49701153940734,15237800
2020-12-09,ORCL,Oracle,55.18064880371094,55.34693933946495,54.32148221036515,54.404627478242155,12204100
2020-12-10,ORCL,Oracle,54.949684143066406,55.25455126684996,54.543198168837826,54.977398054628736,14219900
2020-12-11,ORCL,Oracle,55.99362564086914,56.3539206351644,54.89426001564521,56.29848928059976,16209900
2020-12-14,ORCL,Oracle,56.132198333740234,56.9636510254267,56.067530182625724,56.19687000900467,16193600
2020-12-15,ORCL,Oracle,57.14842224121094,57.45328589771727,56.26154166427414,56.43706901049596,15506700
2020-12-16,ORCL,Oracle,57.99833679199219,58.377108848335624,57.139170306407166,57.15764742185677,16119900
2020-12-17,ORCL,Oracle,58.765132904052734,59.17162247643514,57.95215728343807,58.19235630787314,15320500
2020-12-18,ORCL,Oracle,60.10468292236328,60.354122236733566,58.59883490887732,58.645025938736765,33728700
2020-12-21,ORCL,Oracle,59.56886672973633,60.22478854486196,59.014563775031,59.023800571742,18210200
2020-12-22,ORCL,Oracle,60.187828063964844,60.973086096456385,59.522665997002946,59.64276196253259,17136000
2020-12-23,ORCL,Oracle,60.326416015625,61.1578617074086,60.187839384227644,60.28946177736569,13075200
2020-12-24,ORCL,Oracle,60.012306213378906,60.59431958496998,59.846015671738606,60.095455008349056,3796500
2020-12-28,ORCL,Oracle,59.929161071777344,60.68670526338011,59.818298367530744,60.428032668437645,6463500
2020-12-29,ORCL,Oracle,59.550392150878906,60.298696105899154,59.328673765743346,60.280222510596346,7770200
2020-12-30,ORCL,Oracle,59.494956970214844,59.96611464771205,59.44876241521138,59.86449226534403,6192000
2020-12-31,ORCL,Oracle,59.76287078857422,59.836772210080284,59.134662891825094,59.43952299524923,6928600
2021-01-04,ORCL,Oracle,58.89447021484375,59.77211048107814,58.35864432364994,59.76287720758541,11249900
2021-01-05,ORCL,Oracle,58.164642333984375,58.93142696457301,57.72120202107723,58.82980456542027,11005700
2021-01-06,ORCL,Oracle,58.02553939819336,58.748886850956374,57.413475352554876,57.747329111564184,8685400
2021-01-07,ORCL,Oracle,58.489219665527344,59.1105593418747,58.28519715424382,58.28519715424382,7382800
2021-01-08,ORCL,Oracle,58.77670669555664,58.925085741694055,58.340841699812444,58.591232003475994,7751700
2021-01-11,ORCL,Oracle,58.452125549316406,58.9529061604929,58.27592653618491,58.37793779449518,6284700
2021-01-12,ORCL,Oracle,57.88641357421875,58.44283750332577,57.6638468326836,58.42428968525875,7758200
2021-01-13,ORCL,Oracle,57.55257797241211,58.04408289338838,57.46911453888449,57.79369259280552,8298000
2021-01-14,ORCL,Oracle,57.125980377197266,57.654580899731634,57.04251695060577,57.56184533135672,10258600
2021-01-15,ORCL,Oracle,57.292903900146484,57.49692638387439,56.76430340833779,57.12597705666637,7532600
2021-01-19,ORCL,Oracle,56.8385009765625,57.76587085953737,56.66229843471064,57.58966831768552,8903400
2021-01-20,ORCL,Oracle,57.088890075683594,57.524751505975345,56.70866857312021,56.91268753751635,7025000
2021-01-21,ORCL,Oracle,56.764305114746094,57.35782122601281,56.495367021317406,57.172350094468264,6943600
2021-01-22,ORCL,Oracle,55.97604751586914,56.70867058309878,55.401079170606764,56.51392021624093,9896700
2021-01-25,ORCL,Oracle,56.47682189941406,56.52318968161149,55.42889304110406,55.99458918176375,8524700
2021-01-26,ORCL,Oracle,57.31146240234375,57.534032747679625,56.421188096271514,56.62521061802643,8186500
2021-01-27,ORCL,Oracle,58.006980895996094,58.59122486671328,56.91268423741123,56.94050773729734,14789000
2021-01-28,ORCL,Oracle,56.773590087890625,58.64687783176024,56.72721875977831,58.006990295221044,11166400
2021-01-29,ORCL,Oracle,56.040958404541016,57.03324382714062,55.836935912465734,56.71793794740387,11451800
2021-02-01,ORCL,Oracle,57.042518615722656,57.506203546402894,56.328446935594144,56.495370256014574,10553500
2021-02-02,ORCL,Oracle,57.84006118774414,58.35011393857931,57.3114606139068,57.38565190591546,10528000
2021-02-03,ORCL,Oracle,57.65457534790039,58.19245149805872,57.47837636990103,57.66385102642579,9933500
2021-02-04,ORCL,Oracle,58.748878479003906,58.785974121971044,57.728773060854145,57.94206770146236,9928700
2021-02-05,ORCL,Oracle,58.98072052001953,59.416585477683626,58.683962453671484,58.88798495089897,9170200
2021-02-08,ORCL,Oracle,58.52631759643555,59.23111719568502,58.27592728761866,59.156929439907195,7003400
2021-02-09,ORCL,Oracle,59.045631408691406,59.21255824988056,58.34083194183103,58.49848664190297,5437400
2021-02-10,ORCL,Oracle,58.674686431884766,59.2589303840891,58.359380565035515,59.203286923715126,9577500
2021-02-11,ORCL,Oracle,58.14609146118164,59.32385161866664,57.75659427684997,58.94363011409553,7690800
2021-02-12,ORCL,Oracle,58.49848556518555,58.5355776666066,57.78441043271624,57.79368257366279,6663400
2021-02-16,ORCL,Oracle,57.62676239013672,58.665415640199065,57.58966674679711,58.5263122841284,7526000
2021-02-17,ORCL,Oracle,57.580387115478516,57.636030573250565,56.90340763194186,57.33927254040257,6244500
2021-02-18,ORCL,Oracle,57.56184387207031,57.691675079557825,57.18162239115613,57.320729277827084,6262400
2021-02-19,ORCL,Oracle,56.69011306762695,57.83077742071293,56.64374528825952,57.73803832434326,10905100
2021-02-22,ORCL,Oracle,59.76898193359375,60.25121820105345,57.75659112681402,58.28519164000663,20940300
2021-02-23,ORCL,Oracle,59.81535339355469,60.483060796037606,59.39803980463798,59.74116210988542,18175400
2021-02-24,ORCL,Oracle,60.000823974609375,60.41814463495112,59.425859219645886,59.80607716322463,10609300
2021-02-25,ORCL,Oracle,60.5572509765625,61.54026070382739,59.88954358624291,59.945183510346176,15356100
2021-02-26,ORCL,Oracle,59.82462692260742,61.46606833198919,59.815351243664594,60.77981667088941,20512600
2021-03-01,ORCL,Oracle,61.36405944824219,61.883391359953876,60.06574028186836,60.232667132906,11758900
2021-03-02,ORCL,Oracle,61.818477630615234,62.52327362280227,61.206410133153874,61.345517025783316,13282000
2021-03-03,ORCL,Oracle,62.050323486328125,62.63456397699515,61.39188463022816,61.43825595539718,15827600
2021-03-04,ORCL,Oracle,60.844730377197266,62.421256135399055,60.5665166197406,61.83701573506375,19951100
2021-03-05,ORCL,Oracle,64.88804626464844,66.51094292010163,62.421239952230984,62.421239952230984,34211500
2021-03-08,ORCL,Oracle,66.91900634765625,67.64235363997824,65.0086198003288,65.35174916411201,23300500
2021-03-09,ORCL,Oracle,67.3641357421875,67.9020118766338,66.77061968875347,67.1415689909671,17296400
2021-03-10,ORCL,Oracle,66.88190460205078,68.27295913730356,66.30693284704937,68.16167222738642,21378600
2021-03-11,ORCL,Oracle,62.51399612426758,63.15387641889084,60.677800968399964,62.73656287564656,38095400
2021-03-12,ORCL,Oracle,62.28216552734375,62.94059730358168,61.623726675835016,62.09668730323185,11606300
2021-03-15,ORCL,Oracle,62.81076431274414,62.857128561011294,62.0410456237492,62.08740987201635,8919600
2021-03-16,ORCL,Oracle,61.99467086791992,63.12606317700472,61.83701969705275,63.06114757280822,14512500
2021-03-17,ORCL,Oracle,61.41041946411133,61.99465979755215,61.354779549098566,61.94829556013117,11892400
2021-03-18,ORCL,Oracle,61.892662048339844,62.14305587096393,61.28987022844427,61.64227530098624,13750300
2021-03-19,ORCL,Oracle,61.447532653808594,61.976133223249576,61.16931884872556,61.93903757755377,30963600
2021-03-22,ORCL,Oracle,61.5031623840332,61.6886335064797,61.076573142190426,61.41042682280995,10263700
2021-03-23,ORCL,Oracle,62.3841667175293,63.00550989444548,61.512443869417694,61.512443869417694,12390100
2021-03-24,ORCL,Oracle,61.97612762451172,62.51400382560427,61.89266066041858,62.23579004565424,11391100
2021-03-25,ORCL,Oracle,63.64539337158203,63.73813602133485,61.91121619542881,62.09668734439284,14844700
2021-03-26,ORCL,Oracle,65.14773559570312,65.25902253100682,63.32081575727495,63.58975387780573,12617000
2021-03-29,ORCL,Oracle,65.96380615234375,67.07665407020797,65.07353206321409,65.11062770133653,15183700
2021-03-30,ORCL,Oracle,65.42594909667969,65.88963404541514,64.86952149798049,65.6856115359282,12000200
2021-03-31,ORCL,Oracle,65.07353210449219,65.93598623439449,64.83242106944776,65.56503692820445,9971700
2021-04-01,ORCL,Oracle,66.59443664550781,66.61298800743972,65.22193302395007,65.34248857542143,13228700
2021-04-05,ORCL,Oracle,68.77375030517578,69.46000200145572,66.82626799300432,66.94683059963171,25010200
2021-04-06,ORCL,Oracle,68.88502502441406,69.22815438462226,67.84637541560193,68.27296465854546,14699800
2021-04-07,ORCL,Oracle,68.98748779296875,69.08994041609705,68.41002819950768,68.54973696794474,12356800
2021-04-08,ORCL,Oracle,70.11446380615234,70.34730939908238,69.06200428422665,69.17376562106757,13507700
2021-04-09,ORCL,Oracle,70.39385223388672,70.49630482085587,69.7605121989322,70.1796312504383,13285700
2021-04-12,ORCL,Oracle,70.8968276977539,70.96202417862332,70.03995052733416,70.08652248761952,10634900
2021-04-13,ORCL,Oracle,71.40906524658203,71.72573886160498,70.69190414266212,70.93406548287007,13142400
2021-04-14,ORCL,Oracle,71.54876708984375,72.0517142375508,71.26004093511378,71.75367227289635,12730700
2021-04-15,ORCL,Oracle,72.91790008544922,73.16006140324141,71.55808317241467,71.71641641232915,13604200
2021-04-16,ORCL,Oracle,73.53262329101562,73.89586178767503,72.51742008391173,72.9365392397857,13334100
2021-04-19,ORCL,Oracle,73.3463363647461,74.70615330369152,72.96446631380194,73.40221701380871,19967200
2021-04-20,ORCL,Oracle,73.80272674560547,73.9703758331263,73.25321463454875,73.29977948304297,12562300
2021-04-21,ORCL,Oracle,71.39977264404297,73.89587046034218,71.2786883936907,73.38361444369642,18672800
2021-04-22,ORCL,Oracle,69.73259735107422,71.23212346537979,69.62082891376359,70.88750944641778,16769300
2021-04-23,ORCL,Oracle,69.82572937011719,69.85366970105638,68.78257867779696,69.19238914725896,10664700
2021-04-26,ORCL,Oracle,69.38798522949219,69.890932552318,69.1085676815167,69.82573607190818,9402200
2021-04-27,ORCL,Oracle,70.05859375,70.25418322498251,69.12721123719678,69.285544558961,9300200
2021-04-28,ORCL,Oracle,69.63945007324219,70.10514121407294,69.53700455967167,70.00269570050243,6107800
2021-04-29,ORCL,Oracle,70.66398620605469,70.69192654149283,69.51838271190334,70.20760370761862,7940400
2021-04-30,ORCL,Oracle,70.58946228027344,70.71053941585646,70.03063434590781,70.37524123406055,7825300
2021-05-03,ORCL,Oracle,72.02377319335938,72.16348191730539,70.85954567027733,71.0458192316181,15319600
2021-05-04,ORCL,Oracle,73.14144897460938,73.2997822560683,71.65123875464904,71.7816317047779,15316500
2021-05-05,ORCL,Oracle,73.75615692138672,74.35224094660731,73.03898866530807,73.55125170536425,12271900
2021-05-06,ORCL,Oracle,74.2684097290039,74.47331493640027,73.16937852141764,73.74683800536357,14089700
2021-05-07,ORCL,Oracle,74.88314819335938,75.0135411640442,73.18803246857269,74.33362886900136,14073400
2021-05-10,ORCL,Oracle,74.6502914428711,75.18117906022488,73.206646061109,73.36497934389034,17356700
2021-05-11,ORCL,Oracle,72.35909271240234,74.41744672993875,71.94928222905978,74.27773796462806,12980400
2021-05-12,ORCL,Oracle,71.48358917236328,72.8247819141051,71.27868393616575,72.2473223489923,12302600
2021-05-13,ORCL,Oracle,72.77821350097656,73.05763103773518,71.6046697948268,72.21006972054836,11399300
2021-05-14,ORCL,Oracle,73.47676086425781,73.62578546698533,72.75959950481312,72.75959950481312,9033400
2021-05-17,ORCL,Oracle,73.65370178222656,74.07282090540957,73.43948076214251,73.46742108957046,6637900
2021-05-18,ORCL,Oracle,73.29046630859375,74.01694327493225,73.01104881113334,73.56987670017202,6643100
2021-05-19,ORCL,Oracle,73.3370361328125,73.36497646327886,72.2286960909782,72.47085035894185,8165000
2021-05-20,ORCL,Oracle,73.31839752197266,73.87722534153598,73.28114138655093,73.53261141829599,8802700
2021-05-21,ORCL,Oracle,73.6071548461914,74.370888180913,73.56058998661483,73.75617945095868,8629000
2021-05-24,ORCL,Oracle,73.9331283569336,74.39881953175755,73.70959858266545,74.03558098386553,7044700
2021-05-25,ORCL,Oracle,73.42085266113281,74.21252602509368,73.25320359886851,74.14732956231765,7160600
2021-05-26,ORCL,Oracle,73.82135009765625,73.9238027010988,73.16006963372459,73.19731866599298,12851100
2021-05-27,ORCL,Oracle,73.56057739257812,74.55715617221477,73.43017733278995,74.04489306338532,12867800
2021-05-28,ORCL,Oracle,73.3370361328125,73.91449568402048,73.27183965976342,73.53262555195973,6929700
2021-06-01,ORCL,Oracle,74.11007690429688,74.35223825135259,73.09487377829095,74.11939271538259,10485300
2021-06-02,ORCL,Oracle,74.76205444335938,75.37677017505239,74.05420900829132,74.2311668141168,12249300
2021-06-03,ORCL,Oracle,75.5257797241211,75.87039369868872,74.18459417858598,74.32430293075568,12038700
2021-06-04,ORCL,Oracle,77.2022705078125,78.19884918426756,75.78657268089667,75.83313752767992,14502900
2021-06-07,ORCL,Oracle,78.18022918701172,78.46895541376149,77.16501882843936,77.24884692690773,10445600
2021-06-08,ORCL,Oracle,78.80425262451172,79.1954314635218,78.23610888438073,78.26404921489821,10726800
2021-06-09,ORCL,Oracle,78.72042083740234,79.00915415294273,78.26404554661451,78.79493311921162,9720300
2021-06-10,ORCL,Oracle,76.65275573730469,78.66453753742337,76.10323655976703,78.38512714884465,16680800
2021-06-11,ORCL,Oracle,77.21158599853516,77.5282525365211,76.22431603201167,76.35471607775668,11066500
2021-06-14,ORCL,Oracle,76.95081329345703,77.39787284784616,76.4944308199186,77.30473603283872,10173200
2021-06-15,ORCL,Oracle,76.03804016113281,76.84834521110184,75.7679384778098,76.37333831243848,17298000
2021-06-16,ORCL,Oracle,71.79095458984375,73.16008780696305,70.69192311199619,72.63850884918017,36560600
2021-06-17,ORCL,Oracle,72.23800659179688,72.40565568464258,71.30662432173912,71.70711898209927,14836100
2021-06-18,ORCL,Oracle,70.9992904663086,71.63263084487704,70.7571290288277,71.62331503031271,22521200
2021-06-21,ORCL,Oracle,72.63851165771484,72.74096429056829,71.29732582870544,71.35320649903137,8924300
2021-06-22,ORCL,Oracle,73.2811508178711,73.75615772328011,72.33114411293525,72.70369130333697,9845800
2021-06-23,ORCL,Oracle,72.74095153808594,73.45811984233065,72.70369539577221,73.35566722743854,7295900
2021-06-24,ORCL,Oracle,72.40564727783203,73.54193465231269,72.28457015490025,73.25320845600045,9624000
2021-06-25,ORCL,Oracle,73.07624816894531,73.21595692319913,72.23800274930481,72.67575352988833,12845000
2021-06-28,ORCL,Oracle,73.1135025024414,73.55125327219973,72.95516923428099,73.10418669081955,5605400
2021-06-29,ORCL,Oracle,72.74095153808594,73.19732684613457,72.48016564777244,73.15076199765434,5392900
2021-06-30,ORCL,Oracle,72.49878692626953,72.84340089785996,72.2566326708752,72.26594137662573,7899800
2021-07-01,ORCL,Oracle,74.08214569091797,74.15665797700693,72.56399516773972,72.62919164159688,13108000
2021-07-02,ORCL,Oracle,76.20570373535156,76.61551424400103,73.90518818960577,73.99832500360336,15258100
2021-07-06,ORCL,Oracle,77.37923431396484,77.89149025667895,75.77725580477151,76.00078554148526,14200400
2021-07-07,ORCL,Oracle,80.18269348144531,81.18858800418376,77.2674696337923,77.46305905112213,20976600
2021-07-08,ORCL,Oracle,79.71700286865234,80.92780262844106,78.85082420321105,79.18611527370432,16383300
2021-07-09,ORCL,Oracle,81.73811340332031,82.33419751243342,79.893973305457,79.98711011515283,15685300
2021-07-12,ORCL,Oracle,81.10477447509766,82.75331806190297,81.00232185099235,81.5238936785225,16076800
2021-07-13,ORCL,Oracle,81.09545135498047,81.89644064987493,80.59250409265958,80.75083736805247,12789300
2021-07-14,ORCL,Oracle,82.52571105957031,82.8902894169398,81.01131084652587,81.40393259567861,13330500
2021-07-15,ORCL,Oracle,80.61869049072266,82.9837785424668,79.93627744485285,82.35745228609468,18306300
2021-07-16,ORCL,Oracle,81.7872085571289,82.71268332817863,80.88043413633343,81.09544537169384,14617500
2021-07-19,ORCL,Oracle,81.31046295166016,82.14245030054592,80.57195596505812,81.2450259848521,15619900
2021-07-20,ORCL,Oracle,82.8809585571289,83.24553696808799,81.3478506373873,81.42263778119802,12813900
2021-07-21,ORCL,Oracle,83.84384155273438,84.36733743069831,82.69401209838192,83.09598418527465,13108100
2021-07-22,ORCL,Oracle,84.77865600585938,85.19932129918494,83.83448772525988,84.13362923280378,13638900
2021-07-23,ORCL,Oracle,81.97419738769531,85.2554036201316,81.44135138252308,85.05909268476243,12680900
2021-07-26,ORCL,Oracle,82.13311004638672,82.35746436938861,81.02067434417285,81.74048819810959,10454100
2021-07-27,ORCL,Oracle,82.07701873779297,82.82486881739663,81.44134224747762,82.03962516399854,8465200
2021-07-28,ORCL,Oracle,81.4974136352539,82.21722018145799,81.44132685121279,82.1704835721216,6396800
2021-07-29,ORCL,Oracle,81.9180908203125,82.50703066768266,81.6376497267933,81.96483456861303,6201400
2021-07-30,ORCL,Oracle,81.46003723144531,82.404205376929,81.20763951798874,81.712442076997,7962800
2021-08-02,ORCL,Oracle,81.89004516601562,82.19853677926514,81.41328604845678,82.01157605540786,5579100
2021-08-03,ORCL,Oracle,83.89054870605469,84.29252065171629,82.0863500381448,82.1517869998993,9889800
2021-08-04,ORCL,Oracle,84.18034362792969,84.21773006274786,83.46052994604142,83.93728900904982,7509900
2021-08-05,ORCL,Oracle,83.60077667236328,84.61972490122082,82.97445030423458,84.30189019456287,8231300
2021-08-06,ORCL,Oracle,83.68490600585938,84.0214410636012,83.03053624474776,83.42315810141473,6513900
2021-08-09,ORCL,Oracle,84.04013061523438,84.57297653281627,83.29227344258506,83.62880845706779,5798700
2021-08-10,ORCL,Oracle,83.79708862304688,84.24580442084026,83.13336866980123,83.29228602506518,5473300
2021-08-11,ORCL,Oracle,83.78773498535156,84.52624206307956,83.67556138960754,84.04013983996632,8009800
2021-08-12,ORCL,Oracle,83.95598602294922,84.11491047253435,82.89029428010008,83.30161640263623,5687200
2021-08-13,ORCL,Oracle,84.48885345458984,85.38627793378215,84.08688140465098,84.71321492345976,6640400
2021-08-16,ORCL,Oracle,84.9001693725586,84.91886259419397,83.70360348922743,84.00274496006023,7122800
2021-08-17,ORCL,Oracle,85.02167510986328,85.79757558692083,84.47948621229557,85.0590686772979,6738500
2021-08-18,ORCL,Oracle,83.14271545410156,85.1151820106436,83.06792830217216,84.59167907923313,7666300
2021-08-19,ORCL,Oracle,82.92768859863281,83.56336500643995,82.47898003553013,82.53506682289446,8099400
2021-08-20,ORCL,Oracle,83.14271545410156,83.5727308795526,82.54443250285705,83.01184150427278,8716400
2021-08-23,ORCL,Oracle,83.31098175048828,83.7316469927166,82.92770295157759,83.65685984189084,7147300
2021-08-24,ORCL,Oracle,82.77813720703125,83.80643558625432,82.70335005491802,83.39511338172694,6320100
2021-08-25,ORCL,Oracle,82.84357452392578,83.1053224253067,82.31072854408737,82.77813754858055,5748500
2021-08-26,ORCL,Oracle,82.93706512451172,83.36708060581473,82.69401041522,83.02119533228792,9093200
2021-08-27,ORCL,Oracle,83.52598571777344,83.6849030638715,82.83422240433255,83.00248992728793,5426800
2021-08-30,ORCL,Oracle,83.61946105957031,84.11492055386788,83.47924407562222,83.62881123586513,5357000
2021-08-31,ORCL,Oracle,83.32032012939453,83.66620533352302,82.72203722048218,83.61946158385071,8113300
2021-09-01,ORCL,Oracle,84.08686065673828,84.29252171974221,83.07726282431881,83.44184120615523,8208000
2021-09-02,ORCL,Oracle,83.94664764404297,84.60101730071351,83.58206924502733,84.29252569167124,7717400
2021-09-03,ORCL,Oracle,84.13362121582031,84.58233700042668,83.4792514592021,83.51663790349848,8456900
2021-09-07,ORCL,Oracle,82.93706512451172,84.75995761395886,82.76879757686304,84.17102476323663,11046000
2021-09-08,ORCL,Oracle,83.6381607055664,83.75968446799303,82.23593382117335,82.39485115636849,8851200
2021-09-09,ORCL,Oracle,83.70359802246094,84.90951400389783,83.5820742595297,83.75968481579925,11034700
2021-09-10,ORCL,Oracle,83.83446502685547,84.64775912345897,83.67554770414608,83.80642163250607,10547400
2021-09-13,ORCL,Oracle,83.095947265625,84.61035455243419,82.47897127387601,84.24577620910678,18883400
2021-09-14,ORCL,Oracle,80.7589111328125,81.28240683125654,79.20711725581309,80.57195042110934,22714200
2021-09-15,ORCL,Oracle,82.01155853271484,82.6004911059182,80.55323809625577,80.9084733806168,14951100
2021-09-16,ORCL,Oracle,81.56285095214844,82.23592089197163,80.57194639190519,81.95547270634742,12410500
2021-09-17,ORCL,Oracle,80.7589111328125,81.86199644888673,80.34758900855276,80.59064363944205,58069000
2021-09-20,ORCL,Oracle,80.55326843261719,81.71244793210988,79.3940960652201,79.48757644238032,13897700
2021-09-21,ORCL,Oracle,81.2543716430664,81.94614203683231,80.5065215886392,81.08610413270371,11124400
2021-09-22,ORCL,Oracle,82.6753158569336,83.19881171579593,81.5535298466764,81.90876529270112,9908000
2021-09-23,ORCL,Oracle,83.59141540527344,84.18969829427716,82.88095893214066,83.14270680456796,9720200
2021-09-24,ORCL,Oracle,84.0775146484375,84.18968821914255,83.14269685472873,83.45118130626136,7617800
2021-09-27,ORCL,Oracle,85.10582733154297,85.35822504083372,83.33902197022286,83.92795471329791,11533000
2021-09-28,ORCL,Oracle,84.59170532226562,86.25568074238838,84.18039012324158,84.7319294926114,15041800
2021-09-29,ORCL,Oracle,85.3021469116211,86.07804760345168,85.06844239953446,85.20866653320557,12007300
2021-09-30,ORCL,Oracle,81.45068359375,85.61062765744167,81.44134054956739,85.30213602914039,15649900
2021-10-01,ORCL,Oracle,83.89054870605469,84.38600100678072,81.89003915288131,82.03961342665954,13320900
2021-10-04,ORCL,Oracle,83.44184112548828,84.53557626994018,83.16139292491877,83.6475021882934,10853900
2021-10-05,ORCL,Oracle,85.5264892578125,85.97520499624353,83.35771197493438,83.52597948533418,9788600
2021-10-06,ORCL,Oracle,85.3862533569336,85.53582762646136,83.80641614458553,84.52622270343014,10268300
2021-10-07,ORCL,Oracle,86.29302978515625,86.82587565173506,85.67605373905684,85.7321405254039,9124400
2021-10-08,ORCL,Oracle,88.54439544677734,89.13537676151122,86.40559774746967,86.65887340895459,13202300
2021-10-11,ORCL,Oracle,89.38867950439453,90.80516702364758,88.36617961611617,88.45060962669943,12959300
2021-10-12,ORCL,Oracle,89.65133666992188,90.54250017849381,89.36053730211727,89.89523683864144,9964100
2021-10-13,ORCL,Oracle,90.429931640625,90.98338939642541,90.0077959295303,90.14850783322854,9453900
2021-10-14,ORCL,Oracle,89.37928771972656,91.3210918829697,88.52564793935429,90.80515779680532,7911200
2021-10-15,ORCL,Oracle,89.42620086669922,90.0922296039665,88.86336038588652,89.20105894885013,7422800
2021-10-18,ORCL,Oracle,90.53311157226562,90.66444076180599,89.21042981873234,89.58565914180657,7344100
2021-10-19,ORCL,Oracle,91.04905700683594,91.25543351816111,90.35488732439168,90.99277510625815,5616500
2021-10-20,ORCL,Oracle,90.65506744384766,91.90270203052191,90.28922078413187,91.24604885794896,6574100
2021-10-21,ORCL,Oracle,90.33614349365234,90.83331944651593,89.7826784743226,90.58941924357877,6224400
2021-10-22,ORCL,Oracle,92.16537475585938,92.18413300626217,90.2610938576626,90.32675846943125,6819600
2021-10-25,ORCL,Oracle,91.82765197753906,92.82200367346809,91.50871168145035,92.34359322933501,5083100
2021-10-26,ORCL,Oracle,90.97401428222656,92.45615915840932,90.93649063060228,92.21226615820866,7089700
2021-10-27,ORCL,Oracle,90.08284759521484,91.27420032639945,90.05470664449325,90.81454094159653,5941200
2021-10-28,ORCL,Oracle,90.27046966552734,91.64942640733007,89.98904583264209,90.66445730604241,5177200
2021-10-29,ORCL,Oracle,89.99842834472656,90.9646391949954,89.5481516444461,89.85771642858234,7578600
2021-11-01,ORCL,Oracle,88.5350341796875,90.08285093897369,88.09414734050894,90.05470998720754,7327600
2021-11-02,ORCL,Oracle,89.9327621459961,89.97966134594365,87.70953394961099,87.9252931714665,6229600
2021-11-03,ORCL,Oracle,90.19541931152344,90.87083076212699,88.88212006389489,90.5237423342043,5746400
2021-11-04,ORCL,Oracle,89.70761108398438,90.62692262356153,89.41681174045183,90.27045868126665,5857500
2021-11-05,ORCL,Oracle,89.0697250366211,90.57064244870628,88.27236713451623,90.24231229174725,6160200
2021-11-08,ORCL,Oracle,89.24797058105469,89.35115884361024,88.46937083882838,89.35115884361024,5056400
2021-11-09,ORCL,Oracle,88.7320327758789,89.68886812887158,88.23485684949706,89.21983315577086,6102600
2021-11-10,ORCL,Oracle,88.01908111572266,88.97590905467419,87.57818721438774,88.2723567840939,5828800
2021-11-11,ORCL,Oracle,88.21609497070312,88.89150644928895,87.99096019680965,88.28175957795978,3620600
2021-11-12,ORCL,Oracle,87.74706268310547,88.61946800996944,87.64387441758028,88.45061513519236,6435300
2021-11-15,ORCL,Oracle,88.19734954833984,88.41310882501558,87.16547384754601,88.0097383870708,5700900
2021-11-16,ORCL,Oracle,89.6888656616211,90.40180080505566,88.19733076660046,88.30990173353398,7392900
2021-11-17,ORCL,Oracle,89.42620086669922,90.18603515795111,88.94778323740118,89.82957119004757,6257600
2021-11-18,ORCL,Oracle,88.79769134521484,89.42619639810108,87.70952693403451,89.25734354660429,5725300
2021-11-19,ORCL,Oracle,88.1504135131836,90.95523999685881,88.12227256643934,88.93838864963922,8936600
2021-11-22,ORCL,Oracle,88.75079345703125,89.74514525684953,87.62511244429001,87.9252945248147,6488200
2021-11-23,ORCL,Oracle,87.1842041015625,88.45059682173458,86.54631639080043,88.32865033177424,8905500
2021-11-24,ORCL,Oracle,87.78458404541016,87.89714785438295,86.4431437855425,86.518191096128,10908500
2021-11-26,ORCL,Oracle,86.61199188232422,88.25361413715112,86.36809171481653,87.13730871365921,4519300
2021-11-29,ORCL,Oracle,87.1842041015625,88.30050222771801,87.1185395059063,87.39995613433112,9552500
2021-11-30,ORCL,Oracle,85.1204605102539,87.72829368065975,84.99851400004329,87.25925873182689,23271200
2021-12-01,ORCL,Oracle,84.1917724609375,86.66827639308563,84.10734960631905,86.01163033414683,12084900
2021-12-02,ORCL,Oracle,84.41690826416016,85.40188452153835,83.48822106745567,83.86345045869047,7089800
2021-12-03,ORCL,Oracle,82.77528381347656,85.1673648588587,82.28749062723546,84.75461182341265,10808600
2021-12-06,ORCL,Oracle,83.43192291259766,83.64767493962181,82.40942319957064,82.8690753569257,8398500
2021-12-07,ORCL,Oracle,84.47319793701172,85.11108575966206,83.68521549401757,84.40753332983766,6803700
2021-12-08,ORCL,Oracle,83.43192291259766,84.58574465653645,82.46571224928022,84.47318087092523,7695800
2021-12-09,ORCL,Oracle,83.2724609375,84.41690734773469,82.77528504119597,83.60079112433198,8615800
2021-12-10,ORCL,Oracle,96.27410888671875,99.75434727107914,93.90079324334158,97.83130831763803,45824600
2021-12-13,ORCL,Oracle,94.64188385009766,97.89698796820888,94.29479536582687,96.09589524547101,16317600
2021-12-14,ORCL,Oracle,93.70381927490234,95.17658900725161,93.2347842371235,93.80700755576622,9511600
2021-12-15,ORCL,Oracle,97.23096466064453,97.33415294139986,94.0321422710429,94.35108981798845,14452200
2021-12-16,ORCL,Oracle,96.82756805419922,97.55926136936469,95.94578013238198,97.51235501555983,9053200
2021-12-17,ORCL,Oracle,90.63632202148438,93.76008954592716,89.87648048794462,91.64005659140922,28872300
2021-12-20,ORCL,Oracle,85.96470642089844,90.44867842538675,85.85213548082496,90.44867842538675,17205400
2021-12-21,ORCL,Oracle,85.84276580810547,86.15232338989827,84.15423737603427,86.12418244218114,15823000
2021-12-22,ORCL,Oracle,84.29495239257812,86.1710919834979,83.96662939554807,85.6176270825862,10539000
2021-12-23,ORCL,Oracle,84.16361999511719,84.76398406884223,83.54449051832955,84.45441933044843,9655400
2021-12-27,ORCL,Oracle,83.9947738647461,84.73584989304838,83.50697354279542,84.14486131671985,7666200
2021-12-28,ORCL,Oracle,83.1598892211914,84.23867092282931,83.03793556674341,84.14485821728329,5610500
2021-12-29,ORCL,Oracle,82.74713897705078,83.66645056095074,82.28748676355322,83.01918008701195,5628500
2021-12-30,ORCL,Oracle,82.55953216552734,83.40379648914148,82.33439024129343,83.15989631634068,7382400
2021-12-31,ORCL,Oracle,81.80907440185547,82.64395603297245,81.78093345020741,82.59705683252746,5908200
2022-01-03,ORCL,Oracle,82.45631408691406,82.49383772738312,80.4488458416865,81.92161473480958,10644400
2022-01-04,ORCL,Oracle,83.338134765625,84.03231171360746,82.29688365746347,82.45635383865968,11959000
2022-01-05,ORCL,Oracle,81.10551452636719,83.11298333762605,80.88037977697587,83.00979508646655,11236700
2022-01-06,ORCL,Oracle,81.2938461303711,82.31072714031097,80.55002408530665,80.97372091436804,7918400
2022-01-07,ORCL,Oracle,82.39545440673828,82.85681420171086,81.23733895659137,81.39740153271562,9836800
2022-01-10,ORCL,Oracle,84.06200408935547,84.15615812447454,81.86817987196822,82.27304868812341,11025500
2022-01-11,ORCL,Oracle,83.30875396728516,83.79835919736496,82.301290835061,83.4593989675053,7249800
2022-01-12,ORCL,Oracle,83.14868927001953,84.28796954035438,82.54609486560261,83.69479269386359,5840300
2022-01-13,ORCL,Oracle,82.65909576416016,83.7230500893616,82.43312462624426,83.54415956427911,6044300
2022-01-14,ORCL,Oracle,82.56493377685547,82.95096746766868,81.59513358715068,82.36720815226936,6054800
2022-01-18,ORCL,Oracle,80.55000305175781,81.88700892857625,80.35227025410195,81.79285490042558,6824700
2022-01-19,ORCL,Oracle,78.50682067871094,81.6233713179393,78.36559323421474,80.75713561857701,10501800
2022-01-20,ORCL,Oracle,77.8853988647461,80.03214223655623,77.69708363174156,79.0152615288067,10836900
2022-01-21,ORCL,Oracle,77.41462707519531,78.51624432869586,77.235729386963,78.48799883760489,11609000
2022-01-24,ORCL,Oracle,77.60295104980469,77.60295104980469,74.93834903032851,76.47308807354656,16770400
2022-01-25,ORCL,Oracle,76.33185577392578,77.30165617561035,75.51270042145254,76.57666206032476,13469900
2022-01-26,ORCL,Oracle,74.93832397460938,77.23571939949005,74.64644435975661,77.12273744973605,13971300
2022-01-27,ORCL,Oracle,75.11723327636719,76.40716580931894,74.57112982298683,75.42794805330695,10331900
2022-01-28,ORCL,Oracle,75.77632141113281,75.79514934340095,73.9779485811201,75.31495446040664,7854700
2022-01-31,ORCL,Oracle,76.41658782958984,76.86853009198825,75.43737001640298,75.78574068044075,10594200
2022-02-01,ORCL,Oracle,76.30359649658203,76.64255677546235,74.99483599115231,76.64255677546235,8016900
2022-02-02,ORCL,Oracle,77.67827606201172,78.03606432326998,76.11529154408102,76.41659599586926,9287600
2022-02-03,ORCL,Oracle,77.1510009765625,77.92307560886927,76.85911410996975,76.85911410996975,8207200
2022-02-04,ORCL,Oracle,77.31105041503906,78.06429698435934,76.70845603297951,77.2357243214087,5570200
2022-02-07,ORCL,Oracle,76.02112579345703,77.44287542664938,75.94580687559659,77.33930383316232,6292200
2022-02-08,ORCL,Oracle,76.06819915771484,76.13410769424816,75.13606208860313,75.59742184433635,6585300
2022-02-09,ORCL,Oracle,78.57274627685547,78.7610615495643,76.87795192343482,76.97210596804267,8755900
2022-02-10,ORCL,Oracle,77.06624603271484,78.88344677962651,76.84969248774925,77.91364664745197,6336300
2022-02-11,ORCL,Oracle,75.08898162841797,77.61234832032392,74.881838460774,77.0568273540522,7670500
2022-02-14,ORCL,Oracle,74.33573913574219,75.07015782050418,73.85555142090705,74.92892318176179,5389800
2022-02-15,ORCL,Oracle,75.1078109741211,75.2584631656042,74.58054267091396,74.75002279458651,5712800
2022-02-16,ORCL,Oracle,74.56171417236328,75.11722796138092,73.64840502303696,74.82534832196431,6227000
2022-02-17,ORCL,Oracle,71.11561584472656,74.36398343602875,70.9273078032705,74.15684028033226,9247100
2022-02-18,ORCL,Oracle,70.21173858642578,71.30394556264457,69.93868684237108,71.08738480581057,7790100
2022-02-22,ORCL,Oracle,69.78804779052734,70.53187698108853,69.31727036739952,69.50557846325329,8039000
2022-02-23,ORCL,Oracle,68.23448944091797,70.03285568807134,68.12150025909644,69.74097594773359,6807100
2022-02-24,ORCL,Oracle,70.43770599365234,70.56011270414734,66.12539085453614,66.79389384076704,11240500
2022-02-25,ORCL,Oracle,71.8877182006836,72.33966773242223,69.9763628226833,70.28707767678523,8291800
2022-02-28,ORCL,Oracle,71.52992248535156,72.21725349715202,70.63544107548994,71.15329911190948,9234400
2022-03-01,ORCL,Oracle,71.56756591796875,72.02892565260129,71.20036020500736,71.53932042981656,8752100
2022-03-02,ORCL,Oracle,73.70488739013672,74.25099074106402,71.79353284538215,71.98184087780972,8527200
2022-03-03,ORCL,Oracle,73.67665100097656,74.4204800328457,72.90457647910473,74.34515393717726,8203000
2022-03-04,ORCL,Oracle,72.01953125,73.35654464815514,71.35102814266928,73.13056630330166,8841300
2022-03-07,ORCL,Oracle,69.9763412475586,71.9253590842399,69.14777574224443,71.83120505600974,11110100
2022-03-08,ORCL,Oracle,69.04420471191406,70.83315999665506,68.83706153804515,69.52439241480077,9134100
2022-03-09,ORCL,Oracle,71.6523208618164,72.45264102766359,70.32473229183334,70.54128587917776,8959500
2022-03-10,ORCL,Oracle,72.1701889038086,72.35849702184497,70.64486728713464,70.7107758467968,13812600
2022-03-11,ORCL,Oracle,73.27176666259766,75.23020163330547,69.67502896807194,72.21722309756491,22795800
2022-03-14,ORCL,Oracle,72.56562805175781,74.00620574447521,71.03089631586475,73.36594819399048,13306200
2022-03-15,ORCL,Oracle,75.8893051147461,76.77436880500646,72.56561827245967,73.48834501161325,16847200
2022-03-16,ORCL,Oracle,75.28670501708984,76.48248338284745,73.20587021136457,76.26592266392964,14071300
2022-03-17,ORCL,Oracle,75.8893051147461,76.53898013704291,74.62762530253772,75.11723057116538,10462400
2022-03-18,ORCL,Oracle,76.90620422363281,77.19808394279251,74.23218458249774,74.97601381265694,24176000
2022-03-21,ORCL,Oracle,76.22826385498047,77.18865362392344,75.57858884560682,76.52956105664079,8131300
2022-03-22,ORCL,Oracle,77.01917266845703,77.42404145227441,76.10586351541608,76.69904035443099,9292300
2022-03-23,ORCL,Oracle,75.69157409667969,76.65196381622295,75.53151153791967,76.50131163139594,7451100
2022-03-24,ORCL,Oracle,77.43344116210938,77.97954450385902,75.78572076384087,75.93637293404389,7025700
2022-03-25,ORCL,Oracle,76.95325469970703,77.99837361650721,76.4824774359179,77.24513430453918,5682300
2022-03-28,ORCL,Oracle,78.71397399902344,78.817545594013,76.96268162637223,76.96268162637223,6626700
2022-03-29,ORCL,Oracle,79.36366271972656,79.57080594535434,78.25262765967244,79.55197082475523,5762000
2022-03-30,ORCL,Oracle,78.48800659179688,79.42956136647439,78.26203545725227,79.05293801990481,5533100
2022-03-31,ORCL,Oracle,77.89482116699219,79.00585596717342,77.76299690411354,78.2526093562569,9433300
2022-04-01,ORCL,Oracle,77.21691131591797,78.48800886179623,76.70847086086806,78.18671161252514,6147500
2022-04-04,ORCL,Oracle,79.15650177001953,79.37306250745635,77.2074838670567,77.44287253738308,7882400
2022-04-05,ORCL,Oracle,78.09254455566406,79.58019543532257,77.83832077875653,78.52565883034863,5143400
2022-04-06,ORCL,Oracle,77.32047271728516,77.65001541777535,76.61430670902382,77.13215747165353,5492400
2022-04-07,ORCL,Oracle,77.07470703125,77.51897004306369,76.35632413530459,76.80058714711828,7112200
2022-04-08,ORCL,Oracle,76.50758361816406,77.34884505465753,75.86482134191783,77.23541387240398,6182500
2022-04-11,ORCL,Oracle,75.39219665527344,76.68716830178055,75.33547746254546,76.21454922808428,5738400
2022-04-12,ORCL,Oracle,74.98572540283203,76.55481658909011,74.69269674578689,75.57176829373638,6174700
2022-04-13,ORCL,Oracle,75.38272094726562,75.58122003671997,74.32405192524978,74.9195564052055,4728600
2022-04-14,ORCL,Oracle,75.09915924072266,75.95932931693943,74.97628089194622,75.4583543106127,5590400
2022-04-18,ORCL,Oracle,73.93650817871094,75.60012886791019,73.64348674341747,74.81557969618406,4955900
2022-04-19,ORCL,Oracle,75.20314025878906,75.41109379279284,73.95542626636069,73.96488066652296,5412400
2022-04-20,ORCL,Oracle,75.8931655883789,77.37718907143201,75.42054655286397,75.42054655286397,9472600
2022-04-21,ORCL,Oracle,75.12752532958984,77.13142543198228,74.98573817610502,77.02744866686635,5616100
2022-04-22,ORCL,Oracle,72.03658294677734,75.33546135666742,71.9893253764677,74.92900875171986,9357100
2022-04-25,ORCL,Oracle,72.76441955566406,72.84003310980528,70.60927100179379,72.02712790714381,7305900
2022-04-26,ORCL,Oracle,70.42969512939453,72.45250415192632,70.40133913933202,72.16892982811193,7555200
2022-04-27,ORCL,Oracle,70.66600799560547,71.85700290398225,70.34462326601533,70.49586483560951,7279200
2022-04-28,ORCL,Oracle,71.97042846679688,72.43359311725658,70.51476092518627,71.38437824772942,6177900
2022-04-29,ORCL,Oracle,69.38046264648438,71.7152013912696,69.14415317371814,71.21421925126724,7946900
2022-05-02,ORCL,Oracle,69.94760131835938,70.51474258943297,68.55810051669391,69.88143495692732,7379900
2022-05-03,ORCL,Oracle,69.27649688720703,70.1461141541059,68.82277945444584,69.80582788243348,5211500
2022-05-04,ORCL,Oracle,71.09135437011719,71.22368712297255,68.80387997179554,69.36156697145823,6759900
2022-05-05,ORCL,Oracle,68.8133316040039,70.62818689439148,68.04768389431393,69.94761435759767,7197200
2022-05-06,ORCL,Oracle,68.52030181884766,68.94566325336554,67.70739654746905,68.18001555587085,6222500
2022-05-09,ORCL,Oracle,67.622314453125,68.61480983636145,67.2725738638366,67.71683679272958,7019700
2022-05-10,ORCL,Oracle,68.55811309814453,69.58842629991302,67.36711116220835,68.52975711112597,8129000
2022-05-11,ORCL,Oracle,67.1402587890625,69.43718758183839,66.98902444827254,68.35016236175868,6932100
2022-05-12,ORCL,Oracle,66.856689453125,67.04573417566975,65.19306849067439,66.99846938923662,11698900
2022-05-13,ORCL,Oracle,67.2726058959961,68.03825379802211,66.66765398056548,67.07410672483252,6700100
2022-05-16,ORCL,Oracle,65.89254760742188,67.02683766336114,65.5900717014903,66.81888412585921,6942100
2022-05-17,ORCL,Oracle,67.9437026977539,67.96261149564909,66.82832160452062,67.15916066334565,5952500
2022-05-18,ORCL,Oracle,64.55976867675781,67.05519682151686,64.09659678985409,66.92286405714287,7977300
2022-05-19,ORCL,Oracle,63.36875915527344,64.18166444773345,63.066283270515804,63.78466620116292,9451600
2022-05-20,ORCL,Oracle,64.87168884277344,64.92840803321366,63.189166162134505,64.1627602608237,7531100
2022-05-23,ORCL,Oracle,66.20447540283203,66.61092806209962,64.90949664851573,65.51444843743573,7370200
2022-05-24,ORCL,Oracle,65.24979400634766,66.66765135446158,64.5692213253977,65.85474589794863,6644100
2022-05-25,ORCL,Oracle,66.00597381591797,66.37461607320502,65.00401659339967,65.10799335433641,7103300
2022-05-26,ORCL,Oracle,67.73577117919922,68.17057987493135,66.08160437057714,66.28955071163556,6758900
2022-05-27,ORCL,Oracle,68.79441833496094,68.86058470442819,67.6317796698088,68.39742011815744,6566700
2022-05-31,ORCL,Oracle,67.98152160644531,68.98347888432083,67.603424928658,68.27455031781749,16890300
2022-06-01,ORCL,Oracle,67.67903900146484,69.25758472237399,67.25368478834108,69.02127522361776,5804700
2022-06-02,ORCL,Oracle,69.13471984863281,69.18198464223005,67.12136512314385,67.5656282212158,6200400
2022-06-03,ORCL,Oracle,67.85865020751953,68.96457715385456,67.3293191313103,68.58648043730723,8169500
2022-06-06,ORCL,Oracle,68.97400665283203,70.74159680626428,68.65262203574007,68.65262203574007,5274700
2022-06-07,ORCL,Oracle,68.7093505859375,69.12525039030022,67.66958304604714,67.66958304604714,5675700
2022-06-08,ORCL,Oracle,67.47107696533203,68.19891416804863,67.0551772039438,68.06658144238973,5253500
2022-06-09,ORCL,Oracle,65.42938232421875,67.26314654280017,65.41047352375816,66.89449704976232,6824900
2022-06-10,ORCL,Oracle,63.463287353515625,64.48414626280412,63.293144201967536,64.25729113127154,10256100
2022-06-13,ORCL,Oracle,60.5424919128418,62.480225329958095,60.2683684437122,62.177749482761776,16547200
2022-06-14,ORCL,Oracle,66.84722900390625,68.46358503364497,65.24032016132406,68.05713242652284,29661300
2022-06-15,ORCL,Oracle,65.88309478759766,67.50890552533005,64.90950066738677,66.59202338521855,11765500
2022-06-16,ORCL,Oracle,64.94729614257812,65.18360562084901,63.8791798969672,64.74879704622174,10686000
2022-06-17,ORCL,Oracle,64.01152801513672,65.5711723889547,63.699597698054184,64.98512214579308,16445600
2022-06-21,ORCL,Oracle,63.973716735839844,65.72240582879938,63.699596813567005,64.85278848257875,10047700
2022-06-22,ORCL,Oracle,62.886680603027344,63.86972895116554,62.7448934660817,63.26477723101793,8219900
2022-06-23,ORCL,Oracle,63.92645263671875,64.1533149820448,62.678738583804176,62.81107134611371,8775800
2022-06-24,ORCL,Oracle,66.82832336425781,66.90394413464298,64.24782767630774,64.58811393144742,20132600
2022-06-27,ORCL,Oracle,66.55421447753906,66.97011431512693,65.16471339194874,65.57116604139628,8840600
2022-06-28,ORCL,Oracle,64.82443237304688,67.17807328613107,64.77716758213734,66.70545422341407,7252100
2022-06-29,ORCL,Oracle,65.419921875,66.25172872849458,65.01346924181196,65.24977874455864,8077900
2022-06-30,ORCL,Oracle,66.04376983642578,66.40295761596882,64.47467157567985,64.47467157567985,9888600
2022-07-01,ORCL,Oracle,66.98902893066406,67.09300570198691,65.98707160806151,66.0248819986875,7805600
2022-07-05,ORCL,Oracle,68.04767608642578,68.05713048490584,66.33679775277889,66.52584245282196,9040400
2022-07-06,ORCL,Oracle,67.73577117919922,68.75662292885096,67.40493204819883,68.35962462556445,6043700
2022-07-07,ORCL,Oracle,67.89643859863281,68.03822572284162,67.2820325347898,67.89643859863281,7814500
2022-07-08,ORCL,Oracle,67.93425750732422,68.28399095113801,67.42382812305138,67.76411437923328,4927300
2022-07-11,ORCL,Oracle,67.95323944091797,68.33302705557053,67.31709935158652,67.4120444442881,4543300
2022-07-12,ORCL,Oracle,66.85186767578125,68.30454869577535,66.52904564697883,67.98172666697293,7140800
2022-07-13,ORCL,Oracle,66.49105834960938,66.96579103209278,65.20928155567337,65.5605863484956,6454800
2022-07-14,ORCL,Oracle,65.94036102294922,66.06379614583038,64.78201946223575,65.66502246539565,4915500
2022-07-15,ORCL,Oracle,67.16517639160156,67.28861152235584,66.46257406547194,66.70943708313477,5134100
2022-07-18,ORCL,Oracle,66.6619644165039,68.08616250692761,66.6049988109177,67.64940929512588,4642300
2022-07-19,ORCL,Oracle,68.5893783569336,68.64635120665693,66.709440924524,67.07023516815663,7160300
2022-07-20,ORCL,Oracle,68.92168426513672,69.40591360776136,68.5134211306606,68.88371202683076,5655700
2022-07-21,ORCL,Oracle,70.77316284179688,70.8586112640999,68.48494739327434,68.50394076079542,7005100
2022-07-22,ORCL,Oracle,71.11495971679688,71.4852506422896,70.50730244194492,71.03900074647886,6659800
2022-07-25,ORCL,Oracle,71.07698822021484,71.61818326782675,70.5832621015023,71.30485791293383,5721600
2022-07-26,ORCL,Oracle,70.28892517089844,71.49475033293656,69.98509652068779,71.02001761424202,7284400
2022-07-27,ORCL,Oracle,72.03594207763672,72.27330842622592,70.56426781884521,70.62123342447588,6677200
2022-07-28,ORCL,Oracle,73.14680480957031,73.37467444465914,71.50422671551921,71.81755199116951,5688100
2022-07-29,ORCL,Oracle,73.9063949584961,74.21023088868627,73.10884737328873,73.118344057069,5926600
2022-08-01,ORCL,Oracle,73.5265884399414,73.87788593282072,72.82397896649339,73.2797254561936,5227500
2022-08-02,ORCL,Oracle,72.49169158935547,73.35570869658798,72.21634571706754,73.09934894756086,6403400
2022-08-03,ORCL,Oracle,73.46014404296875,73.83043498678688,72.44421630718756,72.84299005532301,6127800
2022-08-04,ORCL,Oracle,73.48863220214844,73.91588878573394,73.21328633394003,73.53610113152072,3656200
2022-08-05,ORCL,Oracle,73.441162109375,73.48863828652499,72.15938500864878,72.41573753125499,4858100
2022-08-08,ORCL,Oracle,72.60562133789062,73.51710726569617,72.41572390886057,73.03287787647733,4733500
2022-08-09,ORCL,Oracle,72.89044952392578,73.02338133323659,72.00744648542333,72.3587512620647,4243700
2022-08-10,ORCL,Oracle,73.6215591430664,74.03932630041238,73.29873709134073,73.66902807395294,5258500
2022-08-11,ORCL,Oracle,73.2607650756836,74.0583126580311,73.18480609340843,74.0108364831473,5554600
2022-08-12,ORCL,Oracle,75.15019226074219,75.40654474646591,73.73549076015202,74.05830553801496,6692300
2022-08-15,ORCL,Oracle,75.11221313476562,75.40654510939216,74.53303862454487,74.8558534039615,3733500
2022-08-16,ORCL,Oracle,75.50150299072266,75.63443484199577,74.86536276320902,74.9128389417957,6185100
2022-08-17,ORCL,Oracle,75.24514770507812,75.73886662260085,74.96030513168391,75.00778130853213,5185100
2022-08-18,ORCL,Oracle,75.31159210205078,75.84329038587855,75.01726015833839,75.27361261837082,4120500
2022-08-19,ORCL,Oracle,74.6849594116211,75.13120211002455,74.47607584343186,75.03625700916949,4679000
2022-08-22,ORCL,Oracle,72.59613800048828,73.99185357408057,72.32079211066383,73.99185357408057,5757700
2022-08-23,ORCL,Oracle,72.54866027832031,73.11833811342434,72.39674232557434,72.39674232557434,4432300
2022-08-24,ORCL,Oracle,72.3207778930664,72.6910688201403,72.20684668094898,72.60562041105224,3876400
2022-08-25,ORCL,Oracle,73.0044174194336,73.02341079007351,72.14040739537725,72.48220838456274,3523400
2022-08-26,ORCL,Oracle,70.87760925292969,73.35571507515496,70.8016502655873,73.08986586330435,4904100
2022-08-29,ORCL,Oracle,70.44084930419922,71.076989464594,70.32691083392149,70.36489032401407,4295500
2022-08-30,ORCL,Oracle,70.39337921142578,70.89659482188945,69.74774231177392,70.65922842119167,5099100
2022-08-31,ORCL,Oracle,70.40288543701172,71.35235116847824,70.29844362704252,70.69721749573478,8612900
2022-09-01,ORCL,Oracle,71.49475860595703,71.5612209045111,69.81420053075848,70.3743889704404,8139800
2022-09-02,ORCL,Oracle,70.90608978271484,72.89046936726804,70.71619956431125,71.91252097917933,11027700
2022-09-06,ORCL,Oracle,70.09902954101562,71.3903030151649,69.83318039819298,70.92505977137942,7090100
2022-09-07,ORCL,Oracle,70.72570037841797,70.89660450000444,69.70977233450076,69.95663545320315,5792600
2022-09-08,ORCL,Oracle,70.87760925292969,71.02003054323471,69.89016414902191,70.28893796679782,6897100
2022-09-09,ORCL,Oracle,72.0739517211914,72.16889685158658,70.6782358484502,70.87762279543479,7762400
2022-09-12,ORCL,Oracle,73.18480682373047,73.46964214433387,72.41573479725241,72.75754297705436,15628900
2022-09-13,ORCL,Oracle,72.19735717773438,75.39705850671274,71.95049412052244,72.21634330035981,29476500
2022-09-14,ORCL,Oracle,68.47544860839844,72.03594392872985,68.14312991675716,71.95998495670635,21601400
2022-09-15,ORCL,Oracle,66.69046020507812,68.44697007652086,66.22522409989381,67.88678886225672,12478100
2022-09-16,ORCL,Oracle,65.3517074584961,66.27269008705058,64.80101576911456,66.06380653288197,23412000
2022-09-19,ORCL,Oracle,65.57958221435547,65.63654782668853,64.47820599411712,64.7535446162915,8364000
2022-09-20,ORCL,Oracle,64.66808319091797,65.00039460243362,64.04143260590662,64.81999387453419,8624300
2022-09-21,ORCL,Oracle,63.376808166503906,65.39916662830242,63.36731148531839,65.23775926737503,6768200
2022-09-22,ORCL,Oracle,62.69321060180664,63.557227749947586,62.51280982497557,63.471772081610126,7190700
2022-09-23,ORCL,Oracle,61.28799819946289,62.133021877410044,60.6423577764719,62.04756621940653,9282500
2022-09-26,ORCL,Oracle,60.24358367919922,61.6392954313202,60.186614448162814,61.07911429145022,6897800
2022-09-27,ORCL,Oracle,59.265628814697266,61.14557350303694,58.90483456874552,60.917703834217214,9284800
2022-09-28,ORCL,Oracle,59.88278579711914,60.14863496479347,59.10422441585293,59.455525619125915,8549900
2022-09-29,ORCL,Oracle,58.297176361083984,59.43653193088722,57.70850521183955,59.14219997818803,8882100
2022-09-30,ORCL,Oracle,57.983863830566406,58.999791731556606,57.974370768224624,58.16426099045082,9794400
2022-10-03,ORCL,Oracle,59.89228820800781,60.0442025500541,57.73700099015362,57.90790507769614,9661400
2022-10-04,ORCL,Oracle,62.370391845703125,62.50331643796997,60.57589898433016,60.57589898433016,9892600
2022-10-05,ORCL,Oracle,63.27238464355469,63.79459360160811,61.6962755731662,62.038076512072436,9201600
2022-10-06,ORCL,Oracle,62.00009536743164,63.433782948639276,61.92413639464218,62.97804359959524,6992000
2022-10-07,ORCL,Oracle,60.091670989990234,61.35446181463399,59.56946570131754,61.23102666639489,7137900
2022-10-10,ORCL,Oracle,59.408058166503906,60.67084906511709,58.88585284724244,60.395503191023806,6407200
2022-10-11,ORCL,Oracle,59.56074523925781,60.21924279608093,58.835443740751565,59.02631006525094,7376900
2022-10-12,ORCL,Oracle,60.868202209472656,61.34537533094056,59.33170417585928,59.761160713288795,9008600
2022-10-13,ORCL,Oracle,62.22337341308594,62.71009204574679,59.42714221278691,59.6275540542157,10147100
2022-10-14,ORCL,Oracle,61.37400436401367,63.569003628431545,61.27857119623115,62.719636057324344,8044500
2022-10-17,ORCL,Oracle,63.96026611328125,64.48515932897176,62.86277403133559,62.872312249015636,11368300
2022-10-18,ORCL,Oracle,63.96983337402344,65.44907309886138,63.30179385504901,64.89555047966276,6688600
2022-10-19,ORCL,Oracle,63.27315139770508,64.12251887180804,62.77688733217873,63.45447221145845,5506000
2022-10-20,ORCL,Oracle,66.08848571777344,66.72789603429729,64.12253453756013,64.44700880645226,17600500
2022-10-21,ORCL,Oracle,69.38096618652344,69.46686113113135,67.10007933920949,67.78720977173789,15652600
2022-10-24,ORCL,Oracle,69.59091186523438,70.32576239740983,68.5029579562444,69.60045736438902,11489400
2022-10-25,ORCL,Oracle,69.80088806152344,70.72660514097178,69.29508568559832,70.09673308568692,9137700
2022-10-26,ORCL,Oracle,71.40419006347656,72.26310319196354,69.23782716042805,69.29508560863238,10693600
2022-10-27,ORCL,Oracle,71.7191390991211,72.41580794891625,71.14653266996577,71.33739905265561,7053000
2022-10-28,ORCL,Oracle,73.8282241821289,74.1336146813701,71.86227329833139,71.86227329833139,8758100
2022-10-31,ORCL,Oracle,74.50581359863281,74.75394566950456,72.91205706255143,73.00749023409156,12349000
2022-11-01,ORCL,Oracle,73.58963012695312,75.61284652890129,72.85477953483722,75.01160381151863,7753000
2022-11-02,ORCL,Oracle,71.69050598144531,73.89504389061125,71.58552729233404,73.15065484497524,7524300
2022-11-03,ORCL,Oracle,71.60459899902344,72.2344710279734,70.66934373802304,71.30875398722921,6761200
2022-11-04,ORCL,Oracle,72.53031158447266,73.169721794402,70.85066022486563,72.47305314211592,7219000
2022-11-07,ORCL,Oracle,73.23652648925781,73.57054620824026,72.04359372068926,72.63529099508942,5394300
2022-11-08,ORCL,Oracle,72.18675994873047,73.61827952563192,71.59506256908723,73.43695138261052,9104200
2022-11-09,ORCL,Oracle,72.20584106445312,73.04566314668855,71.57596904196349,71.93861799725249,6013700
2022-11-10,ORCL,Oracle,73.64690399169922,74.88755712391935,73.20790555688961,74.15270637786932,10437300
2022-11-11,ORCL,Oracle,74.19087219238281,74.3340255798404,73.07428887616436,73.60872042285003,7712900
2022-11-14,ORCL,Oracle,74.94480895996094,75.90870069974918,73.79959638595723,73.94274977797868,7153000
2022-11-15,ORCL,Oracle,75.56513977050781,76.9966592099988,74.4485563551651,75.32655319725932,7618500
2022-11-16,ORCL,Oracle,76.24272155761719,76.56720306974955,75.2597460821562,75.50787814660048,6011900
2022-11-17,ORCL,Oracle,75.5842056274414,75.94686179295492,74.62032134172404,75.55557641039195,5717300
2022-11-18,ORCL,Oracle,76.09001922607422,76.78668781512137,75.25018998196296,76.34768947437368,6107000
2022-11-21,ORCL,Oracle,76.17591094970703,76.44312671216372,75.29791422132548,75.93732440735877,5235400
2022-11-22,ORCL,Oracle,78.37091827392578,78.45680594326188,76.18546444300176,76.24272288922583,8796200
2022-11-23,ORCL,Oracle,78.79081726074219,79.1343824635371,78.04642841504769,78.37090989816885,6347900
2022-11-25,ORCL,Oracle,78.94351959228516,79.6783629697136,78.77173698338083,79.06758197829461,2754900
2022-11-28,ORCL,Oracle,77.67424774169922,78.39000749404151,77.36885720527657,78.36137826892138,5112200
2022-11-29,ORCL,Oracle,77.15889739990234,77.77922395514803,76.84396137139667,77.61698683055462,4928200
2022-11-30,ORCL,Oracle,79.2393569946289,79.38251036851311,76.3476894227168,76.79623326304855,9610300
2022-12-01,ORCL,Oracle,80.27005767822266,80.67088132584297,78.59040636489681,79.25845305868086,6127200
2022-12-02,ORCL,Oracle,79.54476165771484,79.80243923291167,78.8099182195476,79.40160825828154,4798900
2022-12-05,ORCL,Oracle,75.80372619628906,78.65721956808633,75.78464247414344,78.6476813475557,9102900
2022-12-06,ORCL,Oracle,75.3074722290039,76.17592360122305,74.49627202542663,75.72737966213953,7656100
2022-12-07,ORCL,Oracle,75.18339538574219,75.81326739708128,74.99252905077614,75.07841671718568,5105500
2022-12-08,ORCL,Oracle,76.41451263427734,76.5481205419813,74.94481836844898,75.51742472733518,5918700
2022-12-09,ORCL,Oracle,76.2140884399414,76.69126154197906,75.90869794588066,76.01367661081564,6850800
2022-12-12,ORCL,Oracle,77.56926727294922,77.69333695372092,76.29044670651625,76.64355018296602,15807600
2022-12-13,ORCL,Oracle,76.88211822509766,81.67293964592906,76.06138001007209,81.06215873443321,22812200
2022-12-14,ORCL,Oracle,78.08460998535156,79.1057601829368,76.89167717129945,77.12071823289392,11183100
2022-12-15,ORCL,Oracle,76.41451263427734,77.33068426471226,75.83236077310231,77.10164317737475,8196800
2022-12-16,ORCL,Oracle,75.94686889648438,76.78669089317752,75.8514357370325,76.30951781483482,19200700
2022-12-19,ORCL,Oracle,76.82488250732422,77.3974888710376,76.04231877799612,76.27135986726448,7738800
2022-12-20,ORCL,Oracle,77.24478912353516,77.76967520134465,76.68172104025973,76.8248744364202,6390200
2022-12-21,ORCL,Oracle,77.77922058105469,78.39000160803882,77.24478900271463,77.63606718511812,5932400
2022-12-22,ORCL,Oracle,76.8153305053711,77.46428627095875,75.80372577236965,77.24479070263187,8181400
2022-12-23,ORCL,Oracle,77.15889739990234,77.20661762764604,76.33815899408519,76.83442315071554,4129100
2022-12-27,ORCL,Oracle,77.28295135498047,77.75057891116657,76.92984067234353,77.18751091891215,4290700
2022-12-28,ORCL,Oracle,76.66263580322266,77.91282705740434,76.52902791106968,77.38793370888621,3794000
2022-12-29,ORCL,Oracle,77.68378448486328,78.06552443262132,77.01573775601574,77.27341531521307,3867800
2022-12-30,ORCL,Oracle,78.00827026367188,78.18959840396225,77.07301489825676,77.42611839534645,5375700
2023-01-03,ORCL,Oracle,79.89786529541016,80.01238217989848,78.50452071249379,78.70493254143206,8997500
2023-01-04,ORCL,Oracle,80.62316131591797,81.28165517038585,79.82150680988883,80.35593829318634,7836200
2023-01-05,ORCL,Oracle,80.46092224121094,81.5011633394673,79.42068842403793,81.11942342009722,7643800
2023-01-06,ORCL,Oracle,81.74930572509766,82.39825420474683,79.99330478619596,80.87130161510467,8641600
2023-01-09,ORCL,Oracle,82.78385925292969,83.90462951208666,82.53480406759672,83.18618591390097,7519700
2023-01-10,ORCL,Oracle,82.86048889160156,82.96586119625017,81.96961860309054,82.03667304165005,5703300
2023-01-11,ORCL,Oracle,84.87213897705078,84.9296194368927,83.42567042886871,83.69389552189581,8359700
2023-01-12,ORCL,Oracle,85.04457092285156,85.4468976243323,84.46023615282087,84.96793517731611,6071100
2023-01-13,ORCL,Oracle,85.44688415527344,85.70552792858865,83.97168648238066,84.24947822648102,5090800
2023-01-17,ORCL,Oracle,84.87213897705078,85.67679963935907,84.70929350900278,85.43731843044618,6550400
2023-01-18,ORCL,Oracle,83.0616683959961,84.90088247642171,82.95629607081041,84.87214589835055,6397700
2023-01-19,ORCL,Oracle,82.32405853271484,83.32987517402402,81.67266938522532,82.7647030577245,5597000
2023-01-20,ORCL,Oracle,83.57892608642578,83.70345366046428,81.90255794142584,82.41025683885563,5567300
2023-01-23,ORCL,Oracle,85.22657012939453,85.37983429614182,83.31072054054317,83.52146516465861,7390200
2023-01-24,ORCL,Oracle,85.92584991455078,86.30902128854865,84.29738071054247,85.3032046537386,7004600
2023-01-25,ORCL,Oracle,85.86837005615234,86.07911466080172,84.04831165318159,84.9679184938816,5896800
2023-01-26,ORCL,Oracle,86.05039978027344,86.6826264452057,85.34153005714768,86.10787293843435,7302800
2023-01-27,ORCL,Oracle,85.24573516845703,85.94502356413167,85.21699859067631,85.73427891589036,5676800
2023-01-30,ORCL,Oracle,83.67473602294922,84.89130470185619,83.32988248470684,84.74761450952406,6255300
2023-01-31,ORCL,Oracle,84.738037109375,84.75719970037302,83.67473986898524,84.00043814046761,6200400
2023-02-01,ORCL,Oracle,86.26112365722656,86.83587702553638,84.49853837823946,84.65180984092773,6141300
2023-02-02,ORCL,Oracle,85.61930847167969,87.38189374920472,85.20740055152864,86.84545824701195,8269200
2023-02-03,ORCL,Oracle,85.84922790527344,86.46229922615397,84.5560235077915,84.7476128633083,5671800
2023-02-06,ORCL,Oracle,84.80509185791016,85.83965252381093,84.68056424953562,85.74386149364689,4097200
2023-02-07,ORCL,Oracle,84.04833984375,84.31655768203532,82.66893277422722,84.17287477465959,9226000
2023-02-08,ORCL,Oracle,83.04249572753906,84.2207390321011,82.87006898682442,83.27239561236338,7624400
2023-02-09,ORCL,Oracle,83.00420379638672,84.20161006203456,82.69766808471638,83.47358500617207,4960300
2023-02-10,ORCL,Oracle,83.47355651855469,83.7034563967509,82.70721384672017,82.88922187566756,5318400
2023-02-13,ORCL,Oracle,85.65762329101562,85.68635986212746,83.5310293281159,83.60766505667101,5560900
2023-02-14,ORCL,Oracle,85.34150695800781,85.64804987426129,84.01957351939892,85.25529724410056,7484800
2023-02-15,ORCL,Oracle,84.6230697631836,85.45646693513474,84.3261154263625,85.11161343697466,4329900
2023-02-16,ORCL,Oracle,84.0291748046875,84.55602912347922,83.349048991303,83.78011228016777,5942500
2023-02-17,ORCL,Oracle,83.60769653320312,83.75138675124396,82.87009746622935,83.53106077579626,6398400
2023-02-21,ORCL,Oracle,82.5731201171875,83.28198977655772,82.52522825915655,83.1095630091956,5260300
2023-02-22,ORCL,Oracle,82.68806457519531,83.5118804493249,82.36237366645778,83.03291807173262,5840100
2023-02-23,ORCL,Oracle,84.85298156738281,85.71511535951879,83.39693176102286,83.48314879442961,8637100
2023-02-24,ORCL,Oracle,84.92962646484375,85.1499451025786,83.47357650146839,83.6364219829919,7659200
2023-02-27,ORCL,Oracle,84.25907897949219,85.22658523974546,83.68432546261239,85.12121290900562,6748800
2023-02-28,ORCL,Oracle,83.72261810302734,84.30695273977166,83.51187350506903,84.00999112065527,7468000
2023-03-01,ORCL,Oracle,82.70722961425781,83.54062688063014,82.37195737205748,83.2436725101651,5119800
2023-03-02,ORCL,Oracle,83.31072998046875,83.60768436170498,82.25701404888136,82.43901481074211,5293600
2023-03-03,ORCL,Oracle,85.49478912353516,85.53310699286578,83.41609404395602,83.6459939515535,5498500
2023-03-06,ORCL,Oracle,85.96416473388672,86.85503504077104,85.39899264128411,85.6480551218071,7424800
2023-03-07,ORCL,Oracle,84.64222717285156,86.28985882806548,84.34527285419747,85.81089647752123,5382400
2023-03-08,ORCL,Oracle,84.76676177978516,85.34151518640583,84.44107086244168,84.68055205756579,5159200
2023-03-09,ORCL,Oracle,83.21491241455078,85.8683603338953,82.8892142510458,84.61348144987289,10572300
2023-03-10,ORCL,Oracle,80.53273010253906,81.66308155302784,79.39279735859935,80.85842830440136,16029300
2023-03-13,ORCL,Oracle,81.35655975341797,81.93131321552077,78.58815745521444,79.81430012327024,10299800
2023-03-14,ORCL,Oracle,81.00212097167969,82.31448061470445,79.91966854900072,82.31448061470445,8732200
2023-03-15,ORCL,Oracle,79.48860931396484,79.86219943040655,78.6647933370968,79.58440033975226,11463000
2023-03-16,ORCL,Oracle,81.25119018554688,81.52898928512566,78.62647799103934,79.43113140356793,10148100
2023-03-17,ORCL,Oracle,81.67266845703125,82.36237546516837,81.05001589088602,81.42360596889594,13065800
2023-03-20,ORCL,Oracle,83.30113220214844,83.82799371788462,81.66308181920353,81.69181839126449,9177300
2023-03-21,ORCL,Oracle,83.8950424194336,84.15367885868437,83.01375349735343,83.80882540075996,6683700
2023-03-22,ORCL,Oracle,84.20159149169922,85.40857878762448,83.7609469601298,83.85673797857771,7233700
2023-03-23,ORCL,Oracle,84.08663177490234,85.86837236044235,83.95252289714219,84.92002892245677,10747100
2023-03-24,ORCL,Oracle,84.30696868896484,84.75719454097947,83.82800626058956,84.27823211260419,5852100
2023-03-27,ORCL,Oracle,86.34733581542969,86.69218930784446,84.82423898091926,84.89129342064514,8170100
2023-03-28,ORCL,Oracle,86.06953430175781,87.0561955902496,85.71510683407762,86.4239690778236,6378900
2023-03-29,ORCL,Oracle,86.80714416503906,86.84546203234952,86.03122014167789,86.33775577177555,5233600
2023-03-30,ORCL,Oracle,86.7017822265625,87.34359013690437,85.93543940547083,87.02747317507504,5640700
2023-03-31,ORCL,Oracle,89.01036071777344,89.08699644722441,86.60597500042886,86.74965785766767,10476300
2023-04-03,ORCL,Oracle,89.96829223632812,90.04492797159317,88.21528816116638,88.49308722021273,8410900
2023-04-04,ORCL,Oracle,90.04493713378906,90.06409241536142,89.01995782258034,89.90124694264291,6651500
2023-04-05,ORCL,Oracle,90.89749145507812,91.10823609842934,89.5468211720159,89.68093007080543,7478800
2023-04-06,ORCL,Oracle,91.88414001464844,92.03741148225438,90.03534495987019,90.36104317433991,9146200
2023-04-10,ORCL,Oracle,90.1911392211914,91.48975160977626,89.98913350198849,91.0761187545539,8681500
2023-04-11,ORCL,Oracle,90.39315032958984,90.5470563128766,89.65245530936191,89.90256078856794,8196000
2023-04-12,ORCL,Oracle,90.3258056640625,91.69175323133842,90.03722188438883,90.78753090475193,8040300
2023-04-13,ORCL,Oracle,91.91300964355469,92.10539395381483,90.36429172729032,90.59515436740068,6240200
2023-04-14,ORCL,Oracle,92.06690979003906,92.33625074293255,91.07611671089921,91.86490407536894,6485100
2023-04-17,ORCL,Oracle,91.95146942138672,92.33624533397646,91.68212848427093,91.99956916258174,4772400
2023-04-18,ORCL,Oracle,92.79798889160156,93.05770844345193,92.12462913004221,92.34587769116666,7219400
2023-04-19,ORCL,Oracle,92.16310119628906,92.79798258498451,91.9514740667239,91.9514740667239,4766200
2023-04-20,ORCL,Oracle,91.22040557861328,92.49016098513569,90.99915703807963,92.34586909687377,5815500
2023-04-21,ORCL,Oracle,91.52823638916016,91.68214237411875,90.67211370691517,91.39356590019968,7335800
2023-04-24,ORCL,Oracle,91.80718231201172,92.42282081936719,91.3550711777685,91.71098283230812,4901700
2023-04-25,ORCL,Oracle,90.47972106933594,92.05729592773241,90.44124273876638,91.51861397774078,5768800
2023-04-26,ORCL,Oracle,90.14305114746094,91.20117962556971,89.78713206907338,90.18152948071838,6395500
2023-04-27,ORCL,Oracle,91.42240905761719,91.47050145987176,89.73902085991473,90.72019246599136,5615700
2023-04-28,ORCL,Oracle,91.11459350585938,91.7687103828808,90.65286092367172,90.68171783399775,8498500
2023-05-01,ORCL,Oracle,91.25889587402344,92.08616164697081,91.09536113174966,91.19156062920173,5459800
2023-05-02,ORCL,Oracle,91.1915512084961,91.6147981297977,90.27770745004636,91.31660026767763,5995100
2023-05-03,ORCL,Oracle,91.17230987548828,91.78794844295676,90.94144724743526,91.45127224808972,6744800
2023-05-04,ORCL,Oracle,91.35508728027344,91.49937918627222,90.81640532613528,91.36470869773768,5038200
2023-05-05,ORCL,Oracle,93.27894592285156,93.60600067810401,91.22040323099756,91.38393060862379,8068600
2023-05-08,ORCL,Oracle,93.10579681396484,93.57714345216995,92.76912064381834,93.3847591660834,5314800
2023-05-09,ORCL,Oracle,92.48054504394531,93.2019971889765,92.44206671553142,92.53825886707078,6333500
2023-05-10,ORCL,Oracle,93.8080062866211,93.96191958704885,92.59597207120792,93.10579703564221,5935300
2023-05-11,ORCL,Oracle,93.7310562133789,93.91381908241341,92.67292062901576,93.82724835586919,5144500
2023-05-12,ORCL,Oracle,94.12545013427734,94.19278537073454,93.24047064398547,93.89458751485128,4994700
2023-05-15,ORCL,Oracle,93.55792236328125,94.23127480724321,93.35591663009265,94.1447040668729,4443700
2023-05-16,ORCL,Oracle,94.5102310180664,95.08739126640911,93.23085411926304,93.47133816765508,6896500
2023-05-17,ORCL,Oracle,95.97236633300781,96.57839080368286,94.68337541637972,95.02005160064897,9436000
2023-05-18,ORCL,Oracle,98.44454956054688,98.55998454936876,95.93390276984171,95.97237376045804,10005700
2023-05-19,ORCL,Oracle,98.92552185058594,99.14677042042528,98.04054224921109,98.49265346745446,8560300
2023-05-22,ORCL,Oracle,97.89623260498047,99.17560936544783,97.85776161970938,98.57921368687653,5890500
2023-05-23,ORCL,Oracle,94.7891845703125,97.56917932379652,94.72184933659106,97.22288173923194,10047300
2023-05-24,ORCL,Oracle,94.57756805419922,95.11624998435055,93.58677493024622,94.22164901378302,6815900
2023-05-25,ORCL,Oracle,100.32032775878906,100.67624679688387,95.01043579424936,95.42406865620086,16729600
2023-05-26,ORCL,Oracle,100.11831665039062,102.1864808488903,100.07021690710371,100.3780361827648,13994100
2023-05-30,ORCL,Oracle,101.1475830078125,101.94599173710365,100.22412522678505,100.9070989813265,10296700
2023-05-31,ORCL,Oracle,101.90750885009766,102.4365692812884,100.18564241686177,100.49346166342411,13713500
2023-06-01,ORCL,Oracle,101.95561218261719,102.55201524759246,100.79167030239958,100.8878624512045,7835900
2023-06-02,ORCL,Oracle,101.85942077636719,102.70592196660812,101.72475029926046,102.46543792334745,8652400
2023-06-05,ORCL,Oracle,102.85982513427734,103.5043205453062,101.51311315701518,101.85941073228231,7442000
2023-06-06,ORCL,Oracle,103.02336120605469,103.39851572110915,102.10952479020214,102.74439883914411,7023000
2023-06-07,ORCL,Oracle,101.2437744140625,104.2450176848103,100.84937709077946,103.06183305395116,9842500
2023-06-08,ORCL,Oracle,103.38890838623047,103.687106266621,101.33997953608898,101.64779883361851,9526700
2023-06-09,ORCL,Oracle,105.66868591308594,105.95726969724167,103.32156666864857,103.60052169727783,12597100
2023-06-12,ORCL,Oracle,111.99822235107422,113.03711511837633,109.98777205107345,109.98777205107345,39081500
2023-06-13,ORCL,Oracle,112.23870849609375,119.27045929263335,111.60382712444395,118.62596384370907,39190900
2023-06-14,ORCL,Oracle,117.61593627929688,117.84680625202674,111.33449404967348,112.06556761866979,26264200
2023-06-15,ORCL,Oracle,121.7330322265625,122.6853470345297,117.02916467276653,117.30811971974393,27476700
2023-06-16,ORCL,Oracle,120.68450927734375,122.55066776886679,120.3863114173958,122.30056231333504,19514700
2023-06-20,ORCL,Oracle,117.39469909667969,120.48251353289163,117.3177424364585,119.71296160866197,16273000
2023-06-21,ORCL,Oracle,117.452392578125,118.66443408019909,115.77862587268255,117.30810069995123,17583000
2023-06-22,ORCL,Oracle,115.9902572631836,117.92374354950941,115.49966779488163,116.98105027676141,12203400
2023-06-23,ORCL,Oracle,114.12410736083984,115.33614899780736,113.64313927272471,115.03794379266236,19734300
2023-06-26,ORCL,Oracle,112.33491516113281,114.88404771549327,112.25795849904851,113.49885715394076,8987000
2023-06-27,ORCL,Oracle,113.35455322265625,113.95095628205644,111.83469967216877,112.13289753237363,6970400
2023-06-28,ORCL,Oracle,112.09441375732422,114.10486404409565,111.95974328900347,112.33489778489557,9240500
2023-06-29,ORCL,Oracle,113.29684448242188,113.31608731626022,110.26674398407116,111.24792301808492,9234300
2023-06-30,ORCL,Oracle,114.55697631835938,117.09649458908572,114.49926249595332,115.27842845439771,13703100
2023-07-03,ORCL,Oracle,112.6908187866211,113.74894705890588,112.38299951942932,113.51808444325962,4284700
2023-07-05,ORCL,Oracle,111.5461196899414,112.55615562484047,111.01705918893913,112.0848016077592,8466500
2023-07-06,ORCL,Oracle,111.05552673339844,111.4018243381083,110.27636079229647,110.30521770285722,7982800
2023-07-07,ORCL,Oracle,110.24752044677734,111.56537582599023,110.13208544819942,110.4687616869789,7001600
2023-07-10,ORCL,Oracle,110.02625274658203,110.65151270364922,109.33366489245117,109.93006060064639,6931000
2023-07-11,ORCL,Oracle,110.8950424194336,111.01088251336489,109.49534293364184,110.2386299499821,6117100
2023-07-12,ORCL,Oracle,111.99549865722656,113.99369426789676,111.62868273655515,111.65764091914153,11011600
2023-07-13,ORCL,Oracle,113.3758773803711,114.46668451840301,112.70981719107874,113.02836451432935,9359600
2023-07-14,ORCL,Oracle,115.13275909423828,115.8084819136419,113.5979165480536,114.0805725484507,7723800
2023-07-17,ORCL,Oracle,114.76592254638672,115.80846108729926,114.1481235661596,114.72730918952942,6735900
2023-07-18,ORCL,Oracle,116.58071899414062,117.08268532392938,113.72339655411693,114.65975030817872,8903600
2023-07-19,ORCL,Oracle,114.57288360595703,117.15026487772597,114.3122452417692,116.6289955140964,7609000
2023-07-20,ORCL,Oracle,111.86036682128906,114.92041186644416,111.23291982943822,113.41451993765973,12913000
2023-07-21,ORCL,Oracle,113.56896209716797,115.1327628763885,112.17891041364187,112.44919660438387,9159600
2023-07-24,ORCL,Oracle,113.97438049316406,114.42807828345057,112.68086602827933,113.84889259223732,6200400
2023-07-25,ORCL,Oracle,113.85856628417969,114.39914610160882,112.75811101136465,113.88753183535677,6266300
2023-07-26,ORCL,Oracle,111.49353790283203,113.54000202906711,111.01088189459466,113.34693520692443,8160000
2023-07-27,ORCL,Oracle,112.36231994628906,113.5206914176415,111.62868075323453,113.47243023577043,7843000
2023-07-28,ORCL,Oracle,111.96654510498047,113.23110892660344,111.63834253576695,112.63261279099765,6910400
2023-07-31,ORCL,Oracle,113.16352844238281,113.17317625971805,111.81209017609869,112.39127590029301,6703100
2023-08-01,ORCL,Oracle,113.81993865966797,113.9454265652774,112.43954223898058,112.86427450052183,5246000
2023-08-02,ORCL,Oracle,111.69625854492188,112.92220899598352,110.35447535909616,112.86428526385487,6387800
2023-08-03,ORCL,Oracle,110.57649230957031,112.14029303279061,110.2965509463991,111.24255258011945,5193800
2023-08-04,ORCL,Oracle,110.47030639648438,112.36231701147351,110.29654994384528,111.33908129493389,5579300
2023-08-07,ORCL,Oracle,112.0727310180664,112.34301722211421,111.07846075399912,111.46458705895886,7347000
2023-08-08,ORCL,Oracle,111.23292541503906,111.5997413910521,110.25795805397465,111.04951374465881,4694800
2023-08-09,ORCL,Oracle,109.17678833007812,111.69625329932768,108.43350131284471,111.33908519950337,6542400
2023-08-10,ORCL,Oracle,109.07059478759766,111.09774840257157,108.57829099743323,109.83319210920486,6004100
2023-08-11,ORCL,Oracle,109.13818359375,109.54362027267702,107.27513094744948,108.49142625473685,5288900
2023-08-14,ORCL,Oracle,111.56111145019531,111.79278427617525,109.22505809596944,109.25401627862364,6494200
2023-08-15,ORCL,Oracle,113.22144317626953,113.96473016142055,110.85642440311533,111.4452653009183,10412200
2023-08-16,ORCL,Oracle,111.33907318115234,113.72339479898699,111.27150164142505,113.09594794355301,5722000
2023-08-17,ORCL,Oracle,110.8950424194336,112.72913673390799,110.39308340855716,111.72521134740889,6183900
2023-08-18,ORCL,Oracle,112.42024230957031,112.93185652613161,109.99730696206188,110.52823154419903,9412800
2023-08-21,ORCL,Oracle,112.54573059082031,113.27936982539711,111.19429958600334,112.84498234024117,5811200
2023-08-22,ORCL,Oracle,112.49745178222656,113.5979067793198,111.7155514855407,113.43380552083556,4960300
2023-08-23,ORCL,Oracle,113.75236511230469,116.27183007834853,108.22113135172295,113.03803627831125,16517300
2023-08-24,ORCL,Oracle,108.99337768554688,115.57680500326948,108.51072170223951,115.52853645904041,11995900
2023-08-25,ORCL,Oracle,112.03411102294922,112.12099293467975,108.82927540145688,108.99338404255982,8758100
2023-08-28,ORCL,Oracle,112.78704071044922,113.62686472852931,111.68658571558315,112.3333502963955,4514800
2023-08-29,ORCL,Oracle,116.46488189697266,117.00545420281075,114.41841802312867,116.75447104735221,11920500
2023-08-30,ORCL,Oracle,116.91859436035156,117.51708309852894,115.98224052382034,116.53246807990878,5601800
2023-08-31,ORCL,Oracle,116.21390533447266,117.7487551681159,115.9532743478706,116.80274621448567,9109800
2023-09-01,ORCL,Oracle,116.73519134521484,117.46883059578745,115.9243253598984,116.81241807995865,6189900
2023-09-05,ORCL,Oracle,119.67938995361328,119.96897914675074,116.97651329585193,118.19280852831918,11089600
2023-09-06,ORCL,Oracle,120.01725006103516,120.25857807578119,118.47275223960986,118.79129962186725,8728500
2023-09-07,ORCL,Oracle,120.75086975097656,121.5906938089432,118.33758984678649,119.53458198188174,11864400
2023-09-08,ORCL,Oracle,121.93821716308594,122.29538527084921,120.0365512571171,120.47094609597725,10595500
2023-09-11,ORCL,Oracle,122.31468200683594,123.00005263953969,120.39371319884957,122.61392636857737,22155600
2023-09-12,ORCL,Oracle,105.8078384399414,109.369841724215,103.57797029729619,108.19216002238224,68605700
2023-09-13,ORCL,Oracle,107.96048736572266,109.0223364262504,104.44675237837413,104.56259246627148,27171000
2023-09-14,ORCL,Oracle,109.71735382080078,111.1460113050501,108.0666639948611,109.5629003821007,19849700
2023-09-15,ORCL,Oracle,109.95869445800781,111.2039404683891,108.5976009905152,110.22898064211371,23215000
2023-09-18,ORCL,Oracle,108.31766510009766,110.4992724124142,107.70952115511521,109.48569180603023,11744100
2023-09-19,ORCL,Oracle,108.85822296142578,109.79457671064483,107.83499467369965,108.57828898307265,9536100
2023-09-20,ORCL,Oracle,108.95476531982422,110.72128063768231,108.5589838748136,108.89684159327028,8777100
2023-09-21,ORCL,Oracle,105.63409423828125,108.59760183373191,105.53756450960051,107.641944999724,12645800
2023-09-22,ORCL,Oracle,105.24796295166016,106.76350245055956,104.74600396755318,106.17466155945094,11150000
2023-09-25,ORCL,Oracle,104.54328918457031,104.88114690075811,103.77103666350172,104.68808008811804,8410000
2023-09-26,ORCL,Oracle,101.2419204711914,103.67451084896469,100.69169292272419,103.42352766544131,13209000
2023-09-27,ORCL,Oracle,100.99095916748047,101.62806135292064,99.76500862020983,101.35777513093105,8916400
2023-09-28,ORCL,Oracle,102.4678726196289,102.90226008367866,99.68776928252255,100.42140848145299,7373600
2023-09-29,ORCL,Oracle,102.24583435058594,103.64554101991727,101.72456504249827,103.39455786459833,7299100
2023-10-02,ORCL,Oracle,103.00843811035156,103.02774847376094,101.63769689811684,102.139655875574,5963500
2023-10-03,ORCL,Oracle,100.8944091796875,102.80573022147654,99.94840752350365,102.72850349226873,8783300
2023-10-04,ORCL,Oracle,103.36561584472656,103.57798567359946,100.8751089938932,101.31915165210631,8842700
2023-10-05,ORCL,Oracle,104.591552734375,104.67843464321838,102.50648266383232,103.2594248383268,7651500
2023-10-06,ORCL,Oracle,106.14570617675781,106.6959337197862,103.84826627801132,104.18612400359963,8247000
2023-10-09,ORCL,Oracle,106.49322509765625,107.1206794033191,105.67271132782628,106.90830957388738,6012400
2023-10-10,ORCL,Oracle,105.90438842773438,107.20755827527113,105.81751387478043,106.38704447235887,6910400
2023-10-11,ORCL,Oracle,106.2240982055664,106.63101107488933,105.43933661591562,106.09815109602248,5641700
2023-10-12,ORCL,Oracle,105.71060180664062,107.46420761836438,105.48776436604867,106.52442746787307,6598500
2023-10-13,ORCL,Oracle,104.87741088867188,106.09815695575777,104.43174333217625,105.78812702986096,5879400
2023-10-16,ORCL,Oracle,105.32306671142578,106.17564706473433,104.93552749930528,105.55558728201981,5488000
2023-10-17,ORCL,Oracle,105.64280700683594,106.3694403944907,103.56948033206348,104.228294899205,5261800
2023-10-18,ORCL,Oracle,104.87741088867188,106.3113039157549,104.49956214747566,105.02273903336962,5123900
2023-10-19,ORCL,Oracle,104.964599609375,106.78603182700807,104.81927886153936,105.24556537468428,7989200
2023-10-20,ORCL,Oracle,98.67681121826172,103.70511655754053,97.52389128527392,103.65667137567932,21831400
2023-10-23,ORCL,Oracle,100.43040466308594,101.42831311912317,98.83181007419438,98.86087422080587,10722600
2023-10-24,ORCL,Oracle,99.9847183227539,101.20546408246798,99.30653034052088,100.71135147158698,6174000
2023-10-25,ORCL,Oracle,98.26988220214844,100.44009146512192,97.86296935128387,99.5003112678663,7081700
2023-10-26,ORCL,Oracle,97.27198028564453,99.19997859272793,96.75849393078732,98.52179046210449,7565600
2023-10-27,ORCL,Oracle,97.84359741210938,98.90932481217352,97.4560581598052,97.85328792613349,5207900
2023-10-30,ORCL,Oracle,98.4830322265625,99.21935602145774,97.67888962106481,97.98891952548976,5433700
2023-10-31,ORCL,Oracle,100.17850494384766,100.29476153246479,97.95016003387472,98.8318119199313,6258400
2023-11-01,ORCL,Oracle,102.45529174804688,102.89126875625381,100.56604819022225,100.56604819022225,8602400
2023-11-02,ORCL,Oracle,103.5404052734375,103.87949934028725,102.28090457748553,103.1334850015215,5918300
2023-11-03,ORCL,Oracle,104.68363952636719,105.6718575539939,103.29819174995288,103.83105173060693,7280000
2023-11-06,ORCL,Oracle,105.71060180664062,105.80748475797371,104.09263360512227,104.69331233840468,6062800
2023-11-07,ORCL,Oracle,105.59434509277344,106.94103816650615,105.19712274747829,106.563189456132,7412600
2023-11-08,ORCL,Oracle,108.83029174804688,109.0531218176709,105.7881209646965,105.82687562717373,10994900
2023-11-09,ORCL,Oracle,108.68496704101562,109.77975857168121,108.13272601875828,108.8981139955178,6853900
2023-11-10,ORCL,Oracle,109.54722595214844,109.65379941769704,107.67735613619863,108.59775527499602,5233900
2023-11-13,ORCL,Oracle,110.59358978271484,110.92299333083285,109.26627029317163,109.54723605628791,5740500
2023-11-14,ORCL,Oracle,112.48283386230469,112.83161843919277,110.88423911685035,111.28146887063252,6733700
2023-11-15,ORCL,Oracle,110.50639343261719,112.68629340232971,110.38044631760006,112.5312821370545,7386200
2023-11-16,ORCL,Oracle,111.09737396240234,112.25999155590647,109.93476376059363,110.2157294942314,7476100
2023-11-17,ORCL,Oracle,111.7658920288086,112.03716728166503,110.60328169036775,111.03925871935901,4791300
2023-11-20,ORCL,Oracle,113.27727508544922,113.50011252935934,111.9112084504118,112.04684606263693,5728300
2023-11-21,ORCL,Oracle,112.46346282958984,114.00392192008675,112.07592358055594,113.55825437079149,5995300
2023-11-22,ORCL,Oracle,112.61847686767578,113.63576649748086,111.91122455809032,113.06414442794664,4343700
2023-11-24,ORCL,Oracle,112.62813568115234,112.9575391536258,111.74648393124782,112.86065621417447,2168200
2023-11-27,ORCL,Oracle,112.84130096435547,113.13194983005504,111.8530756025682,112.39563345692626,5165300
2023-11-28,ORCL,Oracle,112.61847686767578,113.16103478636354,112.26000915164083,112.38595626920763,4892600
2023-11-29,ORCL,Oracle,112.58940887451172,113.91672838754266,112.34719777012845,113.68420040531339,6127200
2023-11-30,ORCL,Oracle,112.58940887451172,113.57763431974534,111.59150030712408,113.21915922424745,11075600
2023-12-01,ORCL,Oracle,113.50981140136719,113.69388680768832,111.6690055962836,112.45376718076348,5739800
2023-12-04,ORCL,Oracle,112.17279052734375,113.04475186523553,110.98111619197108,112.64752215898109,5587500
2023-12-05,ORCL,Oracle,110.96173858642578,111.67868131225553,110.26416949461496,111.00049324615922,5913600
2023-12-06,ORCL,Oracle,108.53963470458984,111.40741318227697,108.44275174493274,111.35897539829642,7815700
2023-12-07,ORCL,Oracle,109.35346221923828,109.50847346840068,108.32648220279292,108.90779471431489,6772800
2023-12-08,ORCL,Oracle,110.0704116821289,110.09947583114246,108.11334187599446,108.52026213727238,7766000
2023-12-11,ORCL,Oracle,111.54304504394531,111.75619197920143,110.07040491479627,110.2254161639035,19544200
2023-12-12,ORCL,Oracle,97.66919708251953,101.68021212171804,97.55294049058068,99.50031232251469,57666500
2023-12-13,ORCL,Oracle,99.78128051757812,99.88785399059743,96.16749512347363,97.93079159748052,29392200
2023-12-14,ORCL,Oracle,97.18476104736328,99.06432119379073,96.75847461821188,98.69616305232026,22865200
2023-12-15,ORCL,Oracle,100.10099792480469,100.7501218651581,96.26437518663327,96.5840955960715,30212300
2023-12-18,ORCL,Oracle,101.7286605834961,102.8525236198612,99.70377936370538,100.18820155696011,13473100
2023-12-19,ORCL,Oracle,102.93970489501953,103.02689733232864,101.53488364371856,101.70927591003205,10108500
2023-12-20,ORCL,Oracle,100.90514373779297,102.78469681017553,100.808260778053,102.64905918820038,9242000
2023-12-21,ORCL,Oracle,102.56188201904297,102.6297008401325,101.26362651171861,101.43801882190554,8168000
2023-12-22,ORCL,Oracle,102.89125061035156,103.17221631406338,102.1743079753217,102.40682851257836,5680000
2023-12-26,ORCL,Oracle,102.88157653808594,103.32724402022707,102.05805298609302,103.20128953304473,5767400
2023-12-27,ORCL,Oracle,102.63936614990234,103.01721483056954,102.2712005900864,103.00752431802299,5627400
2023-12-28,ORCL,Oracle,102.93970489501953,103.28848942764652,102.29058100051192,102.70718433716664,5689100
2023-12-29,ORCL,Oracle,102.145263671875,103.58883973395149,101.51551334411404,103.27880982682709,6899700
2024-01-02,ORCL,Oracle,100.81794738769531,101.41863358557781,99.24842416719967,101.26361493127409,9597500
2024-01-03,ORCL,Oracle,99.26778411865234,100.15911908293559,98.57021505384103,100.08161715816397,9455600
2024-01-04,ORCL,Oracle,99.39374542236328,100.13975976453212,99.20967000906016,99.56813771349529,6822300
2024-01-05,ORCL,Oracle,99.52938079833984,100.48853461078845,99.1030869298313,99.33560749824706,6133800
2024-01-08,ORCL,Oracle,101.39924621582031,101.50581228660015,98.94806397058808,99.73283286624073,7038700
2024-01-09,ORCL,Oracle,100.40132904052734,101.22485258339528,100.07192553673632,100.61447596260163,6725200
2024-01-10,ORCL,Oracle,101.07242584228516,101.21831708908807,99.90531070853584,100.26516737426773,7270500
2024-01-11,ORCL,Oracle,101.8991470336914,101.96722863552162,100.70285497005499,101.49065742271009,6119000
2024-01-12,ORCL,Oracle,103.67899322509766,103.77625158597313,102.0936604238493,102.22009555095369,9703800
2024-01-16,ORCL,Oracle,103.64981079101562,103.73734850525285,102.53132115126651,103.49419890619161,7547200
2024-01-17,ORCL,Oracle,103.51366424560547,104.55434440002945,102.78421533118666,103.54284101492813,7771500
2024-01-18,ORCL,Oracle,105.72144317626953,105.89651118518965,103.69844414249319,104.05830080169679,10362300
2024-01-19,ORCL,Oracle,106.66487121582031,107.19980333639609,106.03268073341367,106.32446323924361,11163800
2024-01-22,ORCL,Oracle,107.08309936523438,107.65693637095903,106.2758407841269,107.04419453261423,7485300
2024-01-23,ORCL,Oracle,108.76569366455078,109.59240091786245,106.5578908811018,107.267891061682,9185900
2024-01-24,ORCL,Oracle,111.17772674560547,112.25731162165154,110.22458441741715,110.31211471639192,11702700
2024-01-25,ORCL,Oracle,111.84882354736328,112.99649003361928,111.21663306063678,111.74183712251707,8877200
2024-01-26,ORCL,Oracle,111.49869537353516,112.31568200088633,111.13883124453861,111.49869537353516,5541800
2024-01-29,ORCL,Oracle,110.63307189941406,111.45005102244788,109.91335113574085,111.0610175850054,7014400
2024-01-30,ORCL,Oracle,111.03185272216797,111.26527429372436,109.54377072510877,110.25377092319602,8231900
2024-01-31,ORCL,Oracle,108.63925170898438,111.13882960841256,108.61007494064027,110.69143517968143,7386700
2024-02-01,ORCL,Oracle,112.36431121826172,112.60746085992517,109.46597164502272,109.81610772264516,7882200
2024-02-02,ORCL,Oracle,112.61717224121094,113.2979881688835,112.00443790630563,112.64634900663447,6499400
2024-02-05,ORCL,Oracle,113.20074462890625,113.52170393125346,111.62513230675111,112.36430928236763,8084500
2024-02-06,ORCL,Oracle,112.14060974121094,113.74539132597789,111.829378518793,113.54114653192278,4637500
2024-02-07,ORCL,Oracle,114.05662536621094,114.36785659631795,112.14061251169018,112.62691177250352,7672900
2024-02-08,ORCL,Oracle,113.48279571533203,114.56238066715717,112.79225165593414,113.88155725032503,4472800
2024-02-09,ORCL,Oracle,113.4438705444336,114.1246864188628,112.55880990767562,113.85236006909112,5787100
2024-02-12,ORCL,Oracle,112.66580963134766,113.89128585116345,112.21841520006141,113.0743066515115,5439600
2024-02-13,ORCL,Oracle,110.56497955322266,111.08045548600663,109.9036123854173,110.67196596421591,8171700
2024-02-14,ORCL,Oracle,111.12909698486328,111.57649136536016,110.41909687690577,111.1874505152603,5946100
2024-02-15,ORCL,Oracle,109.68966674804688,111.1777413893174,109.48542193653311,111.11938784898156,8455600
2024-02-16,ORCL,Oracle,108.25992584228516,110.01060593547813,108.20157231262436,109.92306822065001,8936000
2024-02-20,ORCL,Oracle,105.4782943725586,107.73472238215737,104.7293968633959,107.51102890372073,10975600
2024-02-21,ORCL,Oracle,105.19625854492188,105.4102239843261,103.59146951719481,103.834619145022,7865300
2024-02-22,ORCL,Oracle,107.96814727783203,108.82403117327166,106.65514096061852,108.43499034067666,8957800
2024-02-23,ORCL,Oracle,108.88239288330078,110.26348831381594,108.64897133433738,108.93102577365606,7504500
2024-02-26,ORCL,Oracle,107.92926025390625,109.45623965191696,107.8903554221963,108.93103555433942,6342900
2024-02-27,ORCL,Oracle,108.3280258178711,108.45446838071044,106.78159765672252,107.58885624893455,6593100
2024-02-28,ORCL,Oracle,108.61980438232422,108.95048432153868,108.05569545271823,108.21131477964592,5278300
2024-02-29,ORCL,Oracle,108.61980438232422,109.3589813445549,107.608301018308,108.61980438232422,12193900
2024-03-01,ORCL,Oracle,110.6622543334961,110.81787365271391,108.46417968173853,108.61979900095633,7605100
2024-03-04,ORCL,Oracle,110.93458557128906,111.45978966610214,110.28294633933758,110.4677424339027,6588100
2024-03-05,ORCL,Oracle,107.90007781982422,110.09814504349104,107.34569698265692,109.72856029215869,8242000
2024-03-06,ORCL,Oracle,109.1936264038086,109.9522594396143,107.63747034383037,108.44472885068505,6706400
2024-03-07,ORCL,Oracle,111.40142059326172,111.65429825261077,109.21307421355726,110.81786304274124,7670100
2024-03-08,ORCL,Oracle,109.33951568603516,111.19718228250449,108.48363172356467,110.94430460846243,8312900
2024-03-11,ORCL,Oracle,111.00267028808594,111.60568406284087,108.13350752214377,108.55172519714486,20438300
2024-03-12,ORCL,Oracle,124.04520416259766,125.82505364301011,121.18576241518605,122.8002793643697,48536100
2024-03-13,ORCL,Oracle,122.08056640625,125.27069587484648,121.40947845436534,124.49261406878138,15870300
2024-03-14,ORCL,Oracle,122.09027862548828,124.29808119699211,121.5164491187444,123.74370039372384,10965900
2024-03-15,ORCL,Oracle,122.10000610351562,122.55712854654575,120.17425797380797,120.64110847869793,17844900
2024-03-18,ORCL,Oracle,124.29808807373047,125.41657038371584,123.40329183726969,123.7145230524577,12231400
2024-03-19,ORCL,Oracle,125.6500015258789,125.6694576511033,123.0239811459056,124.24945732322648,10221000
2024-03-20,ORCL,Oracle,125.69863891601562,127.10890381140098,124.75521715799267,126.41835232764187,8373300
2024-03-21,ORCL,Oracle,125.47491455078125,129.1318940418307,125.41656102114517,126.94354763643419,17842400
2024-03-22,ORCL,Oracle,124.28834533691406,125.66944064781516,124.05492380816686,125.47490910324204,6660000
2024-03-25,ORCL,Oracle,122.62521362304688,124.17164158753059,122.59603685697545,124.17164158753059,7446100
2024-03-26,ORCL,Oracle,123.00452423095703,123.46164667883042,122.39178247302586,123.27685060322106,7063900
2024-03-27,ORCL,Oracle,121.83741760253906,124.31754688353527,121.05934321149141,123.84097566973901,8115900
2024-03-28,ORCL,Oracle,122.1680908203125,122.71274357299943,121.76932189756869,121.95411797594629,6587400
2024-04-01,ORCL,Oracle,122.0416488647461,122.80999506057364,121.14685270925716,122.10000239345786,4133600
2024-04-02,ORCL,Oracle,120.93289184570312,121.5067288093969,120.04783108451997,121.09823922731238,4862400
2024-04-03,ORCL,Oracle,122.78082275390625,122.94617012515404,120.66055789647102,120.85508203313398,7430000
2024-04-04,ORCL,Oracle,120.78699493408203,124.48286431815006,120.63137563184586,124.10355154437033,7588300
2024-04-05,ORCL,Oracle,121.47754669189453,122.54740349228354,120.73836979948476,121.01069617554698,4899500
2024-04-08,ORCL,Oracle,120.942626953125,121.69153198424115,120.36879737634325,121.57481748813088,6119200
2024-04-09,ORCL,Oracle,120.24009704589844,121.72321429732274,118.29837468038934,121.33291793296351,5564100
2024-04-10,ORCL,Oracle,118.79600524902344,120.09373752420359,118.37643795119392,118.40570887639159,4509900
2024-04-11,ORCL,Oracle,120.24984741210938,120.81577676047051,118.41546420229632,118.76673018098366,7315200
2024-04-12,ORCL,Oracle,118.1715316772461,118.8838156571519,117.49827063397063,118.78624342700803,6196900
2024-04-15,ORCL,Oracle,116.97137451171875,119.49853776651698,116.54205519975515,119.21557308119769,5101500
2024-04-16,ORCL,Oracle,117.69342041015625,118.49352459372113,116.84452639025979,117.17627345560636,7000000
2024-04-17,ORCL,Oracle,115.79074096679688,118.10324099506342,115.73219911230153,118.04469914056807,5366600
2024-04-18,ORCL,Oracle,113.18550872802734,115.87854533043846,112.89278460705175,115.87854533043846,6662400
2024-04-19,ORCL,Oracle,112.09268188476562,113.93682451543548,111.68287406556871,113.30260131899041,8251500
2024-04-22,ORCL,Oracle,111.75118255615234,113.51726454124325,111.56579010227988,113.21478838537487,7125500
2024-04-23,ORCL,Oracle,112.2975845336914,113.04890630473501,111.96583747738494,112.37564529198129,5494800
2024-04-24,ORCL,Oracle,112.54151916503906,112.92206350179751,111.1169438211595,112.58054954430361,5791800
2024-04-25,ORCL,Oracle,112.10244750976562,112.20001974195092,110.04364140023385,110.87301654023517,6796600
2024-04-26,ORCL,Oracle,114.36615753173828,116.31763195243707,113.33187847093885,114.20028399260708,8355100
2024-04-29,ORCL,Oracle,113.66361236572266,114.46371648763628,112.49273082682383,114.15148091431104,4994100
2024-04-30,ORCL,Oracle,110.99009704589844,112.71714846730376,110.93155520105591,112.297581209271,6234700
2024-05-01,ORCL,Oracle,111.84874725341797,113.92707215522842,110.89252901155041,111.14622275592258,5583600
2024-05-02,ORCL,Oracle,112.1707534790039,113.00012865347749,111.48774038103377,112.434206705567,5001000
2024-05-03,ORCL,Oracle,112.99037170410156,113.39042008849539,112.27808026652447,113.16600469937508,4485000
2024-05-06,ORCL,Oracle,115.4687271118164,115.48824602299895,113.36113880539106,113.5075008621264,6052400
2024-05-07,ORCL,Oracle,115.06867218017578,116.23955367849824,114.44420105516608,115.13697347683987,6437700
2024-05-08,ORCL,Oracle,114.54177856445312,115.1174673294612,114.26857336517473,114.8540141413832,4636000
2024-05-09,ORCL,Oracle,113.80997467041016,114.87353197970812,113.6733720720465,114.54177749490832,3236200
2024-05-10,ORCL,Oracle,113.8392562866211,114.77596309666107,113.09770138135025,114.30761341378307,4122500
2024-05-13,ORCL,Oracle,113.54653930664062,114.34664350344599,113.38065832693842,114.2880942100224,4140000
2024-05-14,ORCL,Oracle,117.9373550415039,119.57659379354368,113.31235547136221,113.67338090611351,17811200
2024-05-15,ORCL,Oracle,118.67891693115234,119.12775516487189,116.76647284841002,117.25434146475095,6604600
2024-05-16,ORCL,Oracle,119.19606018066406,119.4790174183004,118.2691053721074,118.98139680511865,5159300
2024-05-17,ORCL,Oracle,120.50353240966797,120.58159316465851,119.11798750786092,120.19129683398916,6179400
2024-05-20,ORCL,Oracle,121.498779296875,121.65490080469229,120.24983701146964,120.79625484454691,5989000
2024-05-21,ORCL,Oracle,121.60611724853516,122.31840863721732,120.91334477147915,121.44024372113097,5549500
2024-05-22,ORCL,Oracle,121.57685089111328,122.12326877291159,120.30839702627141,121.60612181536814,5705000
2024-05-23,ORCL,Oracle,121.07923126220703,123.6259060693749,120.17180277009503,123.47955143792743,6108600
2024-05-24,ORCL,Oracle,119.92784881591797,120.51328957867307,118.47399519786497,120.42546936990405,7173400
2024-05-28,ORCL,Oracle,121.46951293945312,121.79150797821283,120.02542615929775,120.24984152986347,6911400
2024-05-29,ORCL,Oracle,120.73772430419922,120.913357305623,119.7912579878758,120.00592137231422,4735100
2024-05-30,ORCL,Oracle,114.24906158447266,118.49352422651788,114.19051973648322,117.2543338526603,10839600
2024-05-31,ORCL,Oracle,114.34663391113281,114.57104927686491,111.77068854510486,113.76118569171281,12755600
2024-06-03,ORCL,Oracle,116.38592529296875,116.4347151278603,114.49299285228805,114.67838529173557,7256300
2024-06-04,ORCL,Oracle,117.1567611694336,117.44948529681115,115.83951748480216,116.13223416789593,7368000
2024-06-05,ORCL,Oracle,119.65464782714844,119.8107693493661,117.5860897677518,118.69842955855896,5973700
2024-06-06,ORCL,Oracle,120.50353240966797,121.25484670467273,119.28386102900332,119.8985727249163,7347200
2024-06-07,ORCL,Oracle,122.86481475830078,123.15753886818915,120.27910993523143,121.19630519821716,11545000
2024-06-10,ORCL,Oracle,121.47927856445312,123.86983167093966,121.04019981241565,122.67943856792421,10164700
2024-06-11,ORCL,Oracle,120.87432861328125,121.80128347320489,119.32290994924183,121.04020960448483,18373900
2024-06-12,ORCL,Oracle,136.97398376464844,137.53991308953107,130.70975314507922,131.42203708477328,40871300
2024-06-13,ORCL,Oracle,136.4568634033203,138.94498153531174,135.40306536325102,137.0227779189681,13733200
2024-06-14,ORCL,Oracle,134.7786102294922,136.57396345096384,134.04680718816255,135.88118335420054,11330800
2024-06-17,ORCL,Oracle,137.88143920898438,138.00828982575655,134.89568537242417,135.43234387964873,11232800
2024-06-18,ORCL,Oracle,141.130615234375,141.5404230346425,137.79359609913965,137.79359609913965,11629400
2024-06-20,ORCL,Oracle,139.44259643554688,141.79412648559338,138.5058822423704,141.79412648559338,8940000
2024-06-21,ORCL,Oracle,138.06680297851562,140.23294058382223,137.03252400975188,140.23294058382223,14844100
2024-06-24,ORCL,Oracle,136.49586486816406,138.09607314645424,135.74454311835845,136.60319654670772,7793300
2024-06-25,ORCL,Oracle,135.79335021972656,136.16413513613017,134.2224126641333,135.62747667516936,8205500
2024-06-26,ORCL,Oracle,134.87612915039062,137.3349907015544,134.72977454734286,136.10556737025547,8036300
2024-06-27,ORCL,Oracle,136.77883911132812,137.98875864841165,135.44208385731343,135.87141062494203,7518200
2024-06-28,ORCL,Oracle,137.77406311035156,139.35476719394325,135.8908978237895,136.05677132919402,25814800
2024-07-01,ORCL,Oracle,139.6182403564453,140.56470668563838,137.64726181953736,138.2522141537795,6552400
2024-07-02,ORCL,Oracle,139.80361938476562,140.7208146992459,139.09133542528164,139.16939618487226,5920500
2024-07-03,ORCL,Oracle,140.87692260742188,141.14036089594927,140.01826922345256,140.26220349039238,3560800
2024-07-05,ORCL,Oracle,141.31602478027344,142.2527241832944,140.52568000629685,141.4331084835089,5365500
2024-07-08,ORCL,Oracle,141.5111541748047,141.70629862226662,139.94996881797525,141.24770098201924,8622600
2024-07-09,ORCL,Oracle,137.2667236328125,142.1649293122194,134.65175467406192,141.60876676323102,14334200
2024-07-10,ORCL,Oracle,138.6230010986328,138.92547727016876,136.3495314728517,137.69603878125594,6350300
2024-07-11,ORCL,Oracle,139.6895294189453,140.39404493849634,138.63275613961878,139.298138543908,5245100
2024-07-12,ORCL,Oracle,141.65631103515625,142.0085688021508,138.2217940743082,139.64061961925617,7361800
2024-07-15,ORCL,Oracle,139.99285888671875,143.43714000817747,138.86758411806795,142.59563628325904,8687800
2024-07-16,ORCL,Oracle,139.54275512695312,140.41361247469396,138.99480195497293,139.99286804999636,7181500
2024-07-17,ORCL,Oracle,136.26478576660156,138.74036924534232,135.6972586348306,137.45854715918833,9157000
2024-07-18,ORCL,Oracle,135.061279296875,137.0476172996835,134.2491289664223,136.3626757350265,5998700
2024-07-19,ORCL,Oracle,135.57986450195312,137.4194344483003,135.1101924692747,135.3743895197959,6111900
2024-07-22,ORCL,Oracle,137.1552276611328,137.65425322726503,136.12780803146893,136.7344832499906,5387200
2024-07-23,ORCL,Oracle,140.03199768066406,140.1396324032406,138.17286876045546,138.26092946148978,6697400
2024-07-24,ORCL,Oracle,135.78533935546875,139.59167264763252,135.42328716176573,138.65231375585037,8018800
2024-07-25,ORCL,Oracle,134.8557891845703,138.03588852833835,134.7383599790662,137.13566265209346,7654600
2024-07-26,ORCL,Oracle,136.0201873779297,136.94976685795302,135.40374748085736,135.8831990751797,5139400
2024-07-29,ORCL,Oracle,135.3352508544922,136.77363555170822,134.8557992424907,136.27460991556202,4054600
2024-07-30,ORCL,Oracle,132.75201416015625,136.56814209995974,132.05729316826273,136.07889607669804,6505700
2024-07-31,ORCL,Oracle,136.45071411132812,138.5055533994868,135.67771195718692,136.6855575795932,7188000
2024-08-01,ORCL,Oracle,134.5524444580078,137.3705065081387,132.849877744891,136.2941592166013,5906800
2024-08-02,ORCL,Oracle,130.41342163085938,131.41148772080587,128.96525755076334,129.91439605118816,8251600
2024-08-05,ORCL,Oracle,125.11000061035156,127.17461954034361,123.93581307546707,125.13935417892834,10355000
2024-08-06,ORCL,Oracle,125.45248413085938,128.22160375457202,125.32527537456964,127.73235768343328,8373900
2024-08-07,ORCL,Oracle,123.19215393066406,127.49752056054304,123.04537862612119,126.14719671711114,8617700
2024-08-08,ORCL,Oracle,126.18634033203125,127.02784408555041,124.90451068033938,125.24698140205025,6243200
2024-08-09,ORCL,Oracle,129.21966552734375,129.52299569224098,125.57967368736747,125.6383808250115,5597300
2024-08-12,ORCL,Oracle,129.7284698486328,129.85567858514804,128.38794059989053,129.40556570020382,5600800
2024-08-13,ORCL,Oracle,131.37232971191406,131.64630627572845,129.95351930703174,130.11008160938366,4324000
2024-08-14,ORCL,Oracle,132.68353271484375,133.04557000854567,131.1277189522398,131.1570725203451,4044600
2024-08-15,ORCL,Oracle,133.9849090576172,134.2980336798812,132.80094203986528,133.9849090576172,4698100
2024-08-16,ORCL,Oracle,134.51332092285156,134.8557991574416,133.45654757879163,133.84793847780386,4893800
2024-08-19,ORCL,Oracle,134.95361328125,134.9829668464609,133.52502333897644,134.57200200290538,3641600
2024-08-20,ORCL,Oracle,136.1767578125,136.78341819928596,134.85580229960092,134.85580229960092,3738300
2024-08-21,ORCL,Oracle,137.18460083007812,137.28245602044896,135.5700947031997,135.81471774852102,3776800
2024-08-22,ORCL,Oracle,135.1101837158203,138.0456598584365,134.68942437146472,137.6738281025786,5162200
2024-08-23,ORCL,Oracle,136.19631958007812,136.78340588944076,134.30782203831336,135.74620663868916,4544600
2024-08-26,ORCL,Oracle,135.9125518798828,136.40179794846497,135.217830823635,136.39201840211118,2729600
2024-08-27,ORCL,Oracle,135.5015869140625,136.49965307409846,134.7775122884682,134.8851470207329,3872200
2024-08-28,ORCL,Oracle,134.91452026367188,135.9614992387312,133.9653815581898,135.8440849429956,3022600
2024-08-29,ORCL,Oracle,136.42137145996094,138.12395314725708,135.8636387077844,136.14739485703123,4588400
2024-08-30,ORCL,Oracle,138.2511444091797,138.67190378269723,137.0867513336141,137.31180033957662,7980700
2024-09-03,ORCL,Oracle,136.49964904785156,139.14157475297938,135.84406112725128,137.42921356420703,6831200
2024-09-04,ORCL,Oracle,137.72276306152344,138.06524126873174,134.98298219567062,135.46244869964136,6243300
2024-09-05,ORCL,Oracle,139.54275512695312,140.19834302418687,137.29222037294522,138.3587731491641,8733200
2024-09-06,ORCL,Oracle,138.7599639892578,140.84415696524235,136.40179441641016,140.6973741901055,11154800
2024-09-09,ORCL,Oracle,136.88125610351562,140.2179176706302,136.5094243363286,139.42534147687192,20233400
2024-09-10,ORCL,Oracle,152.5371551513672,157.0675790138748,149.8267274579126,150.9128544447766,37374200
2024-09-11,ORCL,Oracle,153.79937744140625,156.01077909022553,151.50970956538654,153.4079865829873,12630100
2024-09-12,ORCL,Oracle,157.9090576171875,158.8484016586133,154.503894407857,155.61937478867785,16161300
2024-09-13,ORCL,Oracle,158.54507446289062,170.19891900827304,157.5372287899252,169.9640755282269,25727800
2024-09-16,ORCL,Oracle,166.66656494140625,170.24784969147498,160.9717336243522,161.4414205929744,27384400
2024-09-17,ORCL,Oracle,163.8680877685547,166.96990620999787,163.18314622370391,166.61764842541663,12580100
2024-09-18,ORCL,Oracle,160.99130249023438,164.01483946718633,160.20850583154467,164.01483946718633,12274400
2024-09-19,ORCL,Oracle,163.9854736328125,164.54322124948843,160.97171642717885,163.65278993020053,10075900
2024-09-20,ORCL,Oracle,164.38665771484375,165.1988078749883,163.01677487279466,163.53537444375633,12187700
2024-09-23,ORCL,Oracle,162.38075256347656,163.73107636903984,160.72709861158617,163.63322119188746,7916100
2024-09-24,ORCL,Oracle,162.23397827148438,162.5275288606545,160.39440851458107,162.17527113977098,6155100
2024-09-25,ORCL,Oracle,162.7036590576172,165.1205356479195,162.09699875628922,164.08333644993144,7142400
2024-09-26,ORCL,Oracle,164.48452758789062,164.73893015826306,162.89936023687997,164.04419419946268,7096800
2024-09-27,ORCL,Oracle,165.1107635498047,165.47280085168805,162.9287154006359,164.4747347217393,8974400
2024-09-30,ORCL,Oracle,166.7350616455078,166.85249086002239,162.87002051725037,165.85442465498033,10210300
2024-10-01,ORCL,Oracle,163.56475830078125,166.84269818366803,162.40035020409687,166.55894201762342,7595100
2024-10-02,ORCL,Oracle,164.10292053222656,165.54129021700655,163.67238160917194,163.9952858014629,7073000
2024-10-03,ORCL,Oracle,163.27117919921875,164.24967122008653,162.6645189240738,163.30053276539653,4735700
2024-10-04,ORCL,Oracle,167.18515014648438,167.22428325852394,164.55300417636627,165.08139823782386,6386900
2024-10-07,ORCL,Oracle,166.31431579589844,168.62355792080064,165.90335087501828,166.75463428751252,6791000
2024-10-08,ORCL,Oracle,170.61965942382812,170.88385646632562,166.77419271133957,166.93075502767914,7845400
2024-10-09,ORCL,Oracle,174.45535278320312,174.76847742699732,170.0717122843179,170.80558137128014,8120900
2024-10-10,ORCL,Oracle,172.02325439453125,174.85745478120464,170.81699198992646,174.21999575411422,7115900
2024-10-11,ORCL,Oracle,172.3762969970703,173.58254438673723,171.0327383140294,172.11150587498523,5869400
2024-10-14,ORCL,Oracle,172.71951293945312,173.7982803917417,172.1114885377138,173.14121838504815,4688700
2024-10-15,ORCL,Oracle,170.72874450683594,174.77900910148347,170.39531266625892,173.52372396645774,5848600
2024-10-16,ORCL,Oracle,171.39559936523438,171.5328956901927,168.32602764359373,170.15011594042707,6383000
2024-10-17,ORCL,Oracle,172.28799438476562,174.31803437292524,171.75842719369248,174.07286132880017,5474000
2024-10-18,ORCL,Oracle,171.317138671875,173.55311589773555,171.20926192132134,173.38640000400295,5001300
2024-10-21,ORCL,Oracle,170.4051055908203,171.76826742468478,169.81669913086768,171.0817857393175,4198400
2024-10-22,ORCL,Oracle,171.92515563964844,172.45473783362115,170.91504382112493,172.06245195583097,5510100
2024-10-23,ORCL,Oracle,169.75784301757812,172.67050034402922,169.66956933785465,171.130806251114,4830400
2024-10-24,ORCL,Oracle,171.01315307617188,171.5721399875614,169.57153398717597,169.9736214803907,3488000
2024-10-25,ORCL,Oracle,170.16973876953125,172.88624577301698,169.75784978305518,171.4054057289594,3674700
2024-10-28,ORCL,Oracle,169.09095764160156,170.80716909627782,168.81636500598745,170.68949081363644,4330000
2024-10-29,ORCL,Oracle,170.08145141601562,170.6600712220094,168.96346283853092,168.96346283853092,4122900
2024-10-30,ORCL,Oracle,171.1896514892578,172.75876520988322,169.4538218674948,170.62084813963554,5822500
2024-10-31,ORCL,Oracle,164.59939575195312,167.5807087911143,164.16788873595527,167.2276589565867,9477500
2024-11-01,ORCL,Oracle,166.73731994628906,168.94387776567336,165.8350847669533,166.86479977799027,5680600
2024-11-04,ORCL,Oracle,166.31558227539062,167.18839771209366,165.47218640678742,167.02168183813635,4804400
2024-11-05,ORCL,Oracle,168.46334838867188,168.5712251570751,167.03154578715183,167.17864366943837,5456800
2024-11-06,ORCL,Oracle,177.7406768798828,178.5840728518983,173.99442513129543,175.0731926411444,11085000
2024-11-07,ORCL,Oracle,182.77162170410156,183.06583239102827,177.05418371989313,177.58376594919665,7759400
2024-11-08,ORCL,Oracle,185.5960235595703,186.48845717178773,182.6637481040748,182.6637481040748,8520400
2024-11-11,ORCL,Oracle,185.4783172607422,187.80255294468077,184.2132159654065,187.36124445540037,5973600
2024-11-12,ORCL,Oracle,185.91964721679688,186.92975908424617,183.58559476446553,184.89971884931725,6629900
2024-11-13,ORCL,Oracle,185.96868896484375,188.06736992582577,185.14489604533017,185.35084801625288,5695400
2024-11-14,ORCL,Oracle,183.43849182128906,185.9294435991165,183.10506004139137,185.0174069721887,7804300
2024-11-15,ORCL,Oracle,180.19239807128906,182.21262169710047,178.80961841759932,180.9573368235055,8986300
2024-11-18,ORCL,Oracle,182.1439971923828,182.5853057842241,179.349032801269,180.74161422832609,6289400
2024-11-19,ORCL,Oracle,185.25277709960938,185.66468105101742,180.76121934944834,181.32020620205486,8117000
2024-11-20,ORCL,Oracle,187.06704711914062,187.28280061177256,184.19362600281502,187.21414497130957,4860200
2024-11-21,ORCL,Oracle,188.71461486816406,192.25491472154587,187.93987452406307,188.23408521120442,11394300
2024-11-22,ORCL,Oracle,188.5773162841797,190.4504421735627,187.37106894194187,189.27361440326897,6879400
2024-11-25,ORCL,Oracle,184.36033630371094,190.98981034102528,184.36033630371094,190.74463728538854,15138500
2024-11-26,ORCL,Oracle,186.69439697265625,188.68520123633635,184.68398963627945,184.68398963627945,6427200
2024-11-27,ORCL,Oracle,179.17247009277344,185.31161312094582,178.70174200534214,185.31161312094582,8368800
2024-11-29,ORCL,Oracle,181.27114868164062,182.34009962376803,180.44737079766222,180.45717233288485,4628000
2024-12-02,ORCL,Oracle,177.90737915039062,181.71245478682806,177.5052917489494,181.71245478682806,8859700
2024-12-03,ORCL,Oracle,179.3588104248047,179.50590828108005,175.65179480489937,177.68182004238247,8917100
2024-12-04,ORCL,Oracle,184.55648803710938,186.12558675310626,182.3106942694126,184.3701541041188,8906300
2024-12-05,ORCL,Oracle,182.64413452148438,185.37045784643777,182.26166513313987,185.37045784643777,6398100
2024-12-06,ORCL,Oracle,187.98890686035156,188.9107600042579,182.78143321145168,183.38945764076152,10503400
2024-12-09,ORCL,Oracle,186.7728271484375,194.481068465883,185.2821708092705,192.50988252411264,20158000
2024-12-10,ORCL,Oracle,174.30824279785156,174.36708193753552,167.75721090314715,170.1108812397364,26502000
2024-12-11,ORCL,Oracle,175.1320343017578,177.8779757592419,171.45443814374622,174.56323096695078,13188700
2024-12-12,ORCL,Oracle,171.9349822998047,174.7299463938712,171.4348196465868,174.56323049752422,8154200
2024-12-13,ORCL,Oracle,170.04222106933594,172.7391246369392,168.32600970813385,171.6211361202089,8351100
2024-12-16,ORCL,Oracle,167.92391967773438,170.90523231836175,167.62970902759446,170.48352689485367,9572000
2024-12-17,ORCL,Oracle,166.4333038330078,169.649973515468,166.0017968085499,167.45321728376302,8940200
2024-12-18,ORCL,Oracle,162.21632385253906,167.92394550058341,162.16728624261233,166.13909321983576,8817900
2024-12-19,ORCL,Oracle,165.53103637695312,167.69837280859994,164.16787476380114,164.31498757810374,8386400
2024-12-20,ORCL,Oracle,166.38427734375,167.9533762162611,162.43208814113208,164.49153321708638,13810500
2024-12-23,ORCL,Oracle,165.87429809570312,166.34502621845226,163.94233303178575,166.31560664604152,6518200
2024-12-24,ORCL,Oracle,168.1004638671875,168.45351367933182,165.76641150000123,166.4234735184578,2451500
2024-12-26,ORCL,Oracle,168.36524963378906,169.2184621243785,167.20803988367484,167.20803988367484,4100100
2024-12-27,ORCL,Oracle,165.69776916503906,167.8454726229007,163.97174122774962,167.09035036451274,4344300
2024-12-30,ORCL,Oracle,163.68734741210938,164.66803966434534,161.37291309826543,163.29506153270927,5254800
2024-12-31,ORCL,Oracle,163.4225616455078,164.06982214450196,162.63800482528853,163.9717469304083,4307500
2025-01-02,ORCL,Oracle,162.8243408203125,165.43298592087842,161.71615373652978,165.26627002614438,5360800
2025-01-03,ORCL,Oracle,163.10874938964844,163.97174843203382,162.07901948894158,163.48140228542835,5876000
2025-01-06,ORCL,Oracle,162.4909210205078,164.80535561000934,162.0005748359878,164.07963786981566,6845400
2025-01-07,ORCL,Oracle,158.90158081054688,162.95184501827603,158.20529761963255,162.3830416576518,7712200
2025-01-08,ORCL,Oracle,159.99012756347656,160.81390543373996,158.31313728942013,159.04865645162153,7596200
2025-01-10,ORCL,Oracle,151.88938903808594,156.5099693937453,151.319187589802,156.5099693937453,13593900
2025-01-13,ORCL,Oracle,151.3191680908203,151.54527751499958,149.8445140183385,151.14221680258183,8828500
2025-01-14,ORCL,Oracle,153.6687774658203,154.59289638490378,151.741904614118,153.77691936062703,7410200
2025-01-15,ORCL,Oracle,155.635009765625,156.4608125593008,154.60274877305073,155.98892739162306,10701200
2025-01-16,ORCL,Oracle,156.8441925048828,158.77108032785836,155.7332966945703,157.443885730308,9210600
2025-01-17,ORCL,Oracle,158.3090362548828,160.4030499341501,157.82731050210106,159.03653769768346,11618300
2025-01-21,ORCL,Oracle,169.65406799316406,170.4405382815209,159.99999069370412,161.10106109817104,30232000
2025-01-22,ORCL,Oracle,181.10719299316406,188.74590569539885,177.51887389288075,188.27400556640245,48028500
2025-01-23,ORCL,Oracle,183.31918334960938,183.4174996316196,178.4331611526797,178.5707949469189,17314600
2025-01-24,ORCL,Oracle,180.4976806640625,185.90474608154744,178.7969020138727,185.4525121916634,12147200
2025-01-27,ORCL,Oracle,155.60548400878906,169.6048709442244,150.08045199538614,166.0460292016482,42201600
2025-01-28,ORCL,Oracle,161.22885131835938,163.0279311545267,154.10135636678555,160.23592293924344,20319300
2025-01-29,ORCL,Oracle,159.28231811523438,161.2583493212904,157.30627190822025,161.2583493212904,9866600
2025-01-30,ORCL,Oracle,167.5010528564453,168.59229751882845,161.32716873082316,161.9956714063946,14981700
2025-01-31,ORCL,Oracle,167.18646240234375,170.07678708004232,166.27218398439666,167.5305543881492,8704600
2025-02-03,ORCL,Oracle,165.7511444091797,167.02916609721117,160.44238008590273,160.44238008590273,8250600
2025-02-04,ORCL,Oracle,165.05311584472656,167.5206982833025,163.53914424915664,167.5206982833025,6777000
2025-02-05,ORCL,Oracle,168.75942993164062,168.98553937494813,165.67248774547,166.13454726067985,7866700
2025-02-06,ORCL,Oracle,169.43775939941406,172.68198636712427,168.67094047966907,170.07677016554922,7036900
2025-02-07,ORCL,Oracle,171.51211547851562,174.39259938783934,170.25373013479395,172.04298437273007,9991300
2025-02-10,ORCL,Oracle,175.89675903320312,176.94868627665272,171.96434765754208,173.02610052908562,7625900
2025-02-11,ORCL,Oracle,174.19598388671875,176.0933650505519,173.46848242959837,174.6187108814123,6528800
2025-02-12,ORCL,Oracle,169.30995178222656,171.93483424674034,167.82547207411073,171.93483424674034,7454800
2025-02-13,ORCL,Oracle,170.9222412109375,171.43345883072504,169.1919858067544,170.07677226323227,6421700
2025-02-14,ORCL,Oracle,171.21719360351562,172.07248827095603,169.88999877386914,171.3056692585697,7260900
2025-02-18,ORCL,Oracle,176.7618865966797,179.16065983095666,173.1145686050291,173.7634200538335,11430500
2025-02-19,ORCL,Oracle,178.45281982421875,178.61010486740787,172.73115447627444,175.56249526708876,8688500
2025-02-20,ORCL,Oracle,173.02609252929688,177.22394567899755,171.48261393525172,176.77171179128345,8737000
2025-02-21,ORCL,Oracle,164.97445678710938,173.89120521174138,164.71885549304514,173.14403758131994,9713900
2025-02-24,ORCL,Oracle,167.08815002441406,171.2270042022199,161.87770244816252,170.63715155267437,10639100
2025-02-25,ORCL,Oracle,165.69212341308594,167.71732758756846,161.66141132041582,166.42945044233792,8316100
2025-02-26,ORCL,Oracle,169.55572509765625,170.93206288724633,166.2721656560936,168.09089666369786,6915100
2025-02-27,ORCL,Oracle,161.97598266601562,171.90532515262166,161.79903139444258,170.0767536749224,7436800
2025-02-28,ORCL,Oracle,163.25404357910156,163.34251922816793,158.09275403682113,160.3538934079165,12843300
2025-03-03,ORCL,Oracle,159.28231811523438,164.29613333985597,158.40735723283646,164.12900766579773,8081800
2025-03-04,ORCL,Oracle,154.80918884277344,157.06048750495322,150.9259360406619,156.52961862860386,13171900
2025-03-05,ORCL,Oracle,158.83004760742188,159.74434079110128,154.3962604506093,155.38918863845362,7141000
2025-03-06,ORCL,Oracle,148.3895263671875,154.50442646136077,147.19996548029425,154.50442646136077,12321200
2025-03-07,ORCL,Oracle,152.53822326660156,153.83591107038075,145.99075548115633,148.07492846953724,12646500
2025-03-10,ORCL,Oracle,146.27584838867188,149.94283236705655,144.31948355936112,147.98645253678862,21486100
2025-03-11,ORCL,Oracle,141.74374389648438,143.31671425915818,135.373242429474,140.99659122474074,27200200
2025-03-12,ORCL,Oracle,148.3403778076172,149.65773193199632,142.55972866350382,143.7591152546424,15373900
2025-03-13,ORCL,Oracle,145.1649627685547,147.63254539145566,143.02179086818543,147.25896152786876,14187700
2025-03-14,ORCL,Oracle,146.7477569580078,148.33055304233608,145.3812446865163,146.40366498277896,9330000
2025-03-17,ORCL,Oracle,151.40765380859375,153.11825804682934,147.85865217132235,147.85865217132235,9885000
2025-03-18,ORCL,Oracle,146.92469787597656,149.84451414197628,146.11856144951895,149.79535600599493,9402500
2025-03-19,ORCL,Oracle,149.8740234375,151.46666022279646,147.46542450412437,147.52440827377265,6909500
2025-03-20,ORCL,Oracle,150.1394500732422,151.87954610500248,148.2715608872774,149.01871356147188,7051600
2025-03-21,ORCL,Oracle,149.65773010253906,151.2405261583188,147.57355703565804,149.08752869725018,17620200
2025-03-24,ORCL,Oracle,152.25311279296875,153.95389129196192,151.4273101119409,153.69827498524594,7848300
2025-03-25,ORCL,Oracle,151.32901000976562,152.9708049213938,150.46388972808785,151.89921144596156,8521200
2025-03-26,ORCL,Oracle,145.30259704589844,150.4442204969092,144.08354417182764,150.30658670475268,13210000
2025-03-27,ORCL,Oracle,143.3167266845703,144.55543082692424,142.47125766649935,143.38555108184696,9148300
2025-03-28,ORCL,Oracle,138.48968505859375,143.18891518900298,136.7594295506426,141.35051777424502,13144500
2025-03-31,ORCL,Oracle,137.44760131835938,138.2144203092593,134.44913475088737,136.29737283200947,15509900
2025-04-01,ORCL,Oracle,139.54159545898438,140.82945755726078,136.4153211661165,137.39842383667332,9518500
2025-04-02,ORCL,Oracle,143.39537048339844,145.39106790435034,137.496753869521,137.496753869521,11594400
2025-04-03,ORCL,Oracle,134.9111785888672,139.01071502551326,134.33115159924333,136.89705023236215,14433800
2025-04-04,ORCL,Oracle,126.10259246826172,131.55881566715408,124.80488965297604,130.6641885748851,14986900
2025-04-07,ORCL,Oracle,125.0113525390625,131.84391382893767,116.8515965018128,116.8515965018128,19482700
2025-04-08,ORCL,Oracle,122.39629364013672,130.74284147425465,119.64360291149231,130.30043323141575,11950300
2025-04-09,ORCL,Oracle,137.3296356201172,138.214422159629,121.31488974795565,121.31488974795565,17762000
2025-04-10,ORCL,Oracle,131.5676727294922,134.82355345003447,127.53232752827743,134.82355345003447,12401600
2025-04-11,ORCL,Oracle,130.5810546875,131.22236095594837,127.11795868431392,130.3442570374595,10190200
2025-04-14,ORCL,Oracle,132.84043884277344,134.97157250050776,131.09409195200413,134.97157250050776,8217700
2025-04-15,ORCL,Oracle,132.14979553222656,134.65583993492484,131.93273479008212,132.95882779898335,8630000
2025-04-16,ORCL,Oracle,128.02566528320312,130.76850751711848,126.14119762654246,130.51198801097829,8295200
2025-04-17,ORCL,Oracle,126.90090942382812,129.54509739670266,126.72332246135423,129.15043461090636,8925500
2025-04-21,ORCL,Oracle,121.17842864990234,125.4998843247019,119.61954459496904,125.19403008981315,12201200
2025-04-22,ORCL,Oracle,125.53934478759766,126.27932050412906,121.74080428155419,122.83596894421446,11233700
2025-04-23,ORCL,Oracle,129.64373779296875,134.05399420932457,129.2392291816511,133.1068337354536,9528900
2025-04-24,ORCL,Oracle,135.6720733642578,136.01740138150058,130.2357239436276,130.73890200275676,7305900
2025-04-25,ORCL,Oracle,136.6389923095703,137.14217039270582,134.9321040975684,135.6523579901983,5476400
2025-04-28,ORCL,Oracle,138.2669219970703,138.78983694066062,136.23445786842214,137.78346579900744,6985100
2025-04-29,ORCL,Oracle,138.90823364257812,139.2732985634342,137.68481677060615,137.9413362636354,4851500
2025-04-30,ORCL,Oracle,138.8391876220703,139.41143735447793,133.75802671641424,136.62912124741115,9443500
2025-05-01,ORCL,Oracle,143.54544067382812,146.6533329339048,143.39743648463423,144.60113162681816,11525800
2025-05-02,ORCL,Oracle,148.7153778076172,151.01423744020212,146.34746160534505,146.34746160534505,11346000
2025-05-05,ORCL,Oracle,147.2946319580078,148.80419632779459,146.53493436619982,147.4426361398687,5187400
2025-05-06,ORCL,Oracle,145.7259063720703,146.94933851920163,143.77237436143955,145.0155283582324,5108600
2025-05-07,ORCL,Oracle,147.37356567382812,147.89648066653785,145.27204477939202,145.5285642865257,6049600
2025-05-08,ORCL,Oracle,148.2911376953125,149.78095006248367,146.62372332634746,147.05784482534955,6113600
2025-05-09,ORCL,Oracle,148.3306121826172,149.77110503171852,147.78796025128293,148.03461885144884,4707100
2025-05-12,ORCL,Oracle,155.11866760253906,155.32585240387937,152.3560881641761,154.2208266504729,7875500
2025-05-13,ORCL,Oracle,160.10113525390625,161.0384347294516,155.4639575421215,156.1052637477991,11955200
2025-05-14,ORCL,Oracle,160.77206420898438,161.22592263379866,158.90732589098357,160.18995355605477,7499400
2025-05-15,ORCL,Oracle,157.26951599121094,159.57825190912212,156.7860747744527,159.2033260227822,10169200
2025-05-16,ORCL,Oracle,158.34494018554688,158.69025314882717,156.40126945976465,157.8614839711413,8515500
2025-05-19,ORCL,Oracle,157.5063018798828,159.80516164677013,155.72049617357055,156.18421550729025,10268900
2025-05-20,ORCL,Oracle,158.16732788085938,158.2166626023544,155.4244859799809,156.50978963349826,7576400
2025-05-21,ORCL,Oracle,155.0791778564453,158.7494587943099,154.3688149842945,156.23355327894782,6011000
2025-05-22,ORCL,Oracle,155.2074432373047,157.06232058562003,154.7240020532168,154.88185210351455,7603300
2025-05-23,ORCL,Oracle,153.88536071777344,155.27651876392906,152.19820935575666,152.91846327048273,6527500
2025-05-27,ORCL,Oracle,159.7459716796875,160.22941287747256,156.79592954498477,157.1905923190236,6976800
2025-05-28,ORCL,Oracle,161.6600341796875,162.12375349963284,159.12437683212067,159.70648744912626,8090700
2025-05-29,ORCL,Oracle,160.72271728515625,163.11038547757616,159.33157439987042,162.7946552834285,6994700
2025-05-30,ORCL,Oracle,163.31756591796875,163.53462665698393,159.3907658250608,161.24562797458526,17547900
2025-06-02,ORCL,Oracle,164.3436737060547,164.7679192058285,160.42673454210347,161.97574248096882,7166000
2025-06-03,ORCL,Oracle,166.8793182373047,167.06678115559555,164.36339786178155,164.57059768064093,7155300
2025-06-04,ORCL,Oracle,165.8532257080078,168.2014050177266,165.33031075276645,167.44170747435726,6375800
2025-06-05,ORCL,Oracle,168.85260009765625,169.9576257392844,166.50440555435117,166.741203215348,7707800
2025-06-06,ORCL,Oracle,171.694091796875,172.4537893095183,170.35226865065837,171.6743548970479,6833700
2025-06-09,ORCL,Oracle,174.78225708007812,176.3312801295486,171.46716528949727,172.5228711978387,9668900
2025-06-10,ORCL,Oracle,175.10784912109375,175.47291404474413,171.9506224122258,175.33478584669504,11056700
2025-06-11,ORCL,Oracle,174.02255249023438,177.15018123202827,173.84495049808547,175.176912747249,18002900
2025-06-12,ORCL,Oracle,197.18873596191406,199.78358904322943,186.35549533463217,187.42106220770262,54610000
2025-06-13,ORCL,Oracle,212.34344482421875,213.70500503715706,198.51082709919737,198.88575296765177,53707400
2025-06-16,ORCL,Oracle,208.27850341796875,212.29409712617087,207.17346278236306,210.35042638189614,22665300
2025-06-17,ORCL,Oracle,205.3975067138672,212.99460232647817,204.70686576404174,207.84437044302544,17819200
2025-06-18,ORCL,Oracle,208.05157470703125,211.85012286948066,206.76896213203327,208.2686354623052,15055400
2025-06-20,ORCL,Oracle,202.42774963378906,210.94240812843816,201.90483467955985,210.49842572171352,20879100
2025-06-23,ORCL,Oracle,204.2727508544922,204.4996875741001,199.83289667822766,202.76320163894977,13418400
2025-06-24,ORCL,Oracle,212.39276123046875,213.47804988287206,205.7625778030982,207.1833335453696,19030600
2025-06-25,ORCL,Oracle,207.90359497070312,214.0305859576472,207.42013871124013,212.06719320287104,11804600
2025-06-26,ORCL,Oracle,209.97552490234375,211.55413079416948,207.54839783143527,209.16647752709255,10531100
2025-06-27,ORCL,Oracle,207.42999267578125,211.78103832979573,207.15373628679126,210.83387786892834,14127500
2025-06-30,ORCL,Oracle,215.70787048339844,225.16969018696008,215.46121189849947,223.47267791846755,31844200
2025-07-01,ORCL,Oracle,216.03346252441406,220.1871846807494,213.41887248065672,216.368914588115,16962200
2025-07-02,ORCL,Oracle,226.90615844726562,228.80049454968602,213.82339268296613,214.7705532067538,22326900
2025-07-03,ORCL,Oracle,234.1480712890625,234.8091144973219,228.10985882665406,230.10286443003844,18441400
2025-07-07,ORCL,Oracle,229.15567016601562,232.10571205351732,226.43256500013698,231.96758385788965,16584300
2025-07-08,ORCL,Oracle,231.36573791503906,238.21298220496712,230.07324942117577,233.96059088063424,20401800
2025-07-09,ORCL,Oracle,232.65823364257812,233.34887464685852,228.89915933978187,232.36224033935946,10871600
2025-07-10,ORCL,Oracle,232.3517303466797,237.35470561599556,230.86863419553066,237.2360627516906,11486300
2025-07-11,ORCL,Oracle,227.96177673339844,231.36301318731063,227.27955004984992,228.76264628823012,10208200
2025-07-14,ORCL,Oracle,226.69618225097656,228.0408566572359,222.583058762791,226.86426466590476,11337000
2025-07-15,ORCL,Oracle,232.3121795654297,232.94496663080815,226.61708089018978,229.7909131799815,10728800
2025-07-16,ORCL,Oracle,238.5807342529297,238.6103949686397,230.5621272245893,232.8460928552634,12597500
2025-07-17,ORCL,Oracle,245.94677734375,248.76466605357788,239.28272656858266,240.59774029404673,17631300
2025-07-18,ORCL,Oracle,242.68397521972656,246.86630233761244,242.23904937090208,245.69960721905784,9678100
2025-07-21,ORCL,Oracle,240.7954864501953,244.01875843420896,240.4988792869843,242.54554414731206,7348400
2025-07-22,ORCL,Oracle,235.42669677734375,239.5595843742114,232.75712657363877,239.25308023309304,11380900
2025-07-23,ORCL,Oracle,239.17396545410156,240.676840437667,235.97048743863851,237.24594348427027,7255800
2025-07-24,ORCL,Oracle,240.09349060058594,241.3294040420376,237.8490675665962,239.67822549467826,8237900
2025-07-25,ORCL,Oracle,242.35769653320312,242.70375835888183,238.70927735192188,239.60902602921834,7149600
2025-07-28,ORCL,Oracle,244.9185333251953,244.98773664175425,240.67686939440182,243.2277968794111,6756800
2025-07-29,ORCL,Oracle,247.1629180908203,250.21810769088034,243.81112132391084,245.89734388948094,8415300
2025-07-30,ORCL,Oracle,247.7759246826172,248.22085048963814,242.83227107830984,245.83800583152197,8441400
2025-07-31,ORCL,Oracle,250.91021728515625,257.9301968555561,250.4652914461675,252.88767886895926,15548700
2025-08-01,ORCL,Oracle,241.6655731201172,245.61061432575295,239.2728464658785,245.03714866843114,12718200
2025-08-04,ORCL,Oracle,249.68418884277344,250.05991137625452,243.1288987814313,243.1288987814313,8614800
2025-08-05,ORCL,Oracle,252.78878784179688,255.5770006984043,248.5372426196171,252.53172327927768,11197300
2025-08-06,ORCL,Oracle,253.54022216796875,253.9456054014048,248.88330872555565,253.9456054014048,9930200
2025-08-07,ORCL,Oracle,246.57955932617188,254.85524590187606,243.7419069223212,254.80579126053888,11954200
2025-08-08,ORCL,Oracle,247.23214721679688,248.06267749368698,245.06682428382007,247.2123683758704,8313300
2025-08-11,ORCL,Oracle,249.83248901367188,251.81984755904045,242.7927306099483,245.60072243538474,9012100
2025-08-12,ORCL,Oracle,250.99920654296875,254.96401169950212,248.25053607059704,249.73363230044515,9998400
2025-08-13,ORCL,Oracle,241.42828369140625,254.76628293293265,239.9056448711938,254.2719175243548,14182100
2025-08-14,ORCL,Oracle,242.19949340820312,246.11485876594926,239.83642749722398,242.18959644503747,10285600
2025-08-15,ORCL,Oracle,245.48208618164062,247.80560963768596,240.1923702728574,244.1374116662594,11554000
2025-08-18,ORCL,Oracle,246.26319885253906,246.35218100776544,240.8746036767987,243.42553106780278,6759900
2025-08-19,ORCL,Oracle,231.9760284423828,246.44116568318952,229.61296230169248,246.44116568318952,16819300
2025-08-20,ORCL,Oracle,232.4110565185547,233.22182300606445,225.67780226891563,229.56350702248955,11256400
2025-08-21,ORCL,Oracle,230.53245544433594,233.2613467665193,229.81067116514436,230.423694463008,7403100
2025-08-22,ORCL,Oracle,233.70628356933594,235.81228490381096,228.85162703164966,231.4223179407648,9343600
2025-08-25,ORCL,Oracle,232.75711059570312,236.3363111000984,232.618688893512,234.6752506738047,6308600
2025-08-26,ORCL,Oracle,231.57064819335938,234.24021834621962,230.0875519876776,232.35173889014447,11805200
2025-08-27,ORCL,Oracle,233.15260314941406,233.864490518973,230.05787097582683,232.35173363036887,5637600
2025-08-28,ORCL,Oracle,237.61178588867188,239.22340678472858,232.47037381519166,232.8856389281726,8691500
2025-08-29,ORCL,Oracle,223.58169555664062,235.53544703645858,220.59572438410635,234.93232065867574,16618600
2025-09-02,ORCL,Oracle,222.7610321044922,222.9093356763415,216.32438552323228,219.49821774230745,10461900
2025-09-03,ORCL,Oracle,220.93190002441406,223.35428753044093,219.2510606377935,223.35428753044093,8900800
2025-09-04,ORCL,Oracle,220.48696899414062,221.05055279333996,217.08573261908182,219.4982381914763,10303100
2025-09-05,ORCL,Oracle,230.17652893066406,231.97601110768457,223.34439561024956,229.92934623531045,15386100
2025-09-08,ORCL,Oracle,235.79251098632812,239.68811265353398,232.65823624014922,237.1866249998512,18803000
2025-09-09,ORCL,Oracle,238.78836059570312,240.7460583644942,231.91668482590836,237.23606114649087,41178700
2025-09-10,ORCL,Oracle,324.6300048828125,341.82404981051184,308.57302463522365,315.59302009806567,131618100
2025-09-11,ORCL,Oracle,304.3906555175781,327.26990115738016,301.16741356506026,326.6173351958634,69986000
2025-09-12,ORCL,Oracle,288.8873291015625,304.49939532573774,288.4621821416284,302.34396963830454,51781900
2025-09-15,ORCL,Oracle,298.735107421875,303.5699848422766,293.9397575043331,302.9965343141477,40004000
2025-09-16,ORCL,Oracle,303.19427490234375,316.3641755798037,298.863629440269,310.52077329489015,51923300
2025-09-17,ORCL,Oracle,298.01336669921875,305.18166530350607,291.7052590996586,304.2225951798477,27707900
2025-09-18,ORCL,Oracle,293.27734375,300.39621803294057,288.70941199080954,299.6250091667613,24673100
2025-09-19,ORCL,Oracle,305.181640625,307.6040128877406,293.96943740456766,295.63049784307583,40776200
2025-09-22,ORCL,Oracle,324.4519958496094,325.78678842264526,303.4612609324939,306.1407128681622,44437500
2025-09-23,ORCL,Oracle,310.2933654785156,321.33750149874834,306.55596436033846,320.34877072490605,35280200
2025-09-24,ORCL,Oracle,304.98388671875,308.9487067861154,296.6488935186844,308.3455653224429,33765300
2025-09-25,ORCL,Oracle,288.0469055175781,295.3833006889265,285.2982353407082,291.9425069430677,39274900
2025-09-26,ORCL,Oracle,280.265625,290.6868561133722,279.8108172791984,289.6981253102654,25990700
2025-09-29,ORCL,Oracle,279.5735168457031,282.7572310712954,276.4589908407025,281.3927778069461,25778500
2025-09-30,ORCL,Oracle,278.0706481933594,280.7995549320766,272.79082919681497,280.4930507895303,23880800
2025-10-01,ORCL,Oracle,285.7530822753906,286.72201909436825,274.7485042554701,275.65811964363957,23378300
2025-10-02,ORCL,Oracle,285.52569580078125,291.6459422221472,282.8264496974843,288.51165212768876,16215500
2025-10-03,ORCL,Oracle,282.9154357910156,291.31964729977034,280.7995374689801,286.3364357918345,13688400
2025-10-06,ORCL,Oracle,288.30401611328125,293.3366523650246,287.52291031704243,289.08512190952007,14076800
2025-10-07,ORCL,Oracle,281.03680419921875,289.91561673784344,267.9460194013813,289.91561673784344,31723400
2025-10-08,ORCL,Oracle,285.3774108886719,288.2447245281796,280.40409555719157,282.20359307719076,18982100
2025-10-09,ORCL,Oracle,294.12298583984375,298.094685999631,284.51567287113585,288.7646666174215,26479800
2025-10-10,ORCL,Oracle,290.1612243652344,304.7802256970025,289.2203182409299,297.4113006538374,28895300
2025-10-13,ORCL,Oracle,305.06744384765625,307.73174741807657,294.89553869091156,295.846389117684,21703700
2025-10-14,ORCL,Oracle,296.1435546875,301.51178894483525,289.19062993707865,300.6699032291122,17346200
2025-10-15,ORCL,Oracle,300.7193908691406,308.03880572761994,296.0643100000334,301.9871613039397,13698900
2025-10-16,ORCL,Oracle,310.009765625,319.45863403736973,300.1746387813038,302.68046730718675,32500900
2025-10-17,ORCL,Oracle,288.5269775390625,301.37307030021026,284.75337866080514,300.8481348459811,37653000
2025-10-20,ORCL,Oracle,274.5319519042969,286.47673420174976,272.6798217970078,286.1895264812807,32810700
2025-10-21,ORCL,Oracle,272.5213623046875,277.6221559941788,269.65898749149005,275.453075630662,18370800
2025-10-22,ORCL,Oracle,270.0551452636719,274.55178081941904,266.6777190847234,272.1945133224499,16474000
2025-10-23,ORCL,Oracle,277.3943786621094,280.3954305660964,269.78775624373066,270.3522878179626,16872200
2025-10-24,ORCL,Oracle,280.62322998046875,284.4463696843837,279.55356092104,283.1885133474392,13194900
2025-10-27,ORCL,Oracle,278.711669921875,284.2581769813516,277.13686343958994,283.83229219343207,13855800
2025-10-28,ORCL,Oracle,278.1470947265625,282.73286714510976,277.85988698630416,280.29637706570696,12448500
2025-10-29,ORCL,Oracle,272.669921875,278.92955129656065,268.75767615604695,278.7710762221633,18007100
2025-10-30,ORCL,Oracle,254.4358367919922,267.1828794578266,253.83164865983144,266.1726046001878,27954200
2025-10-31,ORCL,Oracle,260.1011962890625,263.2706378549427,254.2575667388786,257.0308356655325,16898700
2025-11-03,ORCL,Oracle,255.38662719726562,263.08238535352035,252.79164718057376,262.7060108604323,15709200
2025-11-04,ORCL,Oracle,245.79913330078125,252.84120929984184,242.84760663569867,247.59183924614698,19772600
2025-11-05,ORCL,Oracle,247.91868591308594,249.98871567900335,244.67002227563194,245.54162011939326,11991500
2025-11-06,ORCL,Oracle,241.47088623046875,246.6905440901093,237.0039623527757,245.5713345860817,18678300
2025-11-07,ORCL,Oracle,236.9742431640625,238.1033516601413,230.1302687857947,236.71673249408505,20969300
2025-11-10,ORCL,Oracle,238.5292510986328,244.87801728821677,234.8051774075164,243.60033273981523,16698700
2025-11-11,ORCL,Oracle,233.89395141601562,235.18153497937493,226.7033147598624,233.97318895516247,20686600
2025-11-12,ORCL,Oracle,224.82147216796875,234.5476496180775,224.00929872703313,234.47832621700618,24195000
2025-11-13,ORCL,Oracle,215.49147033691406,223.00895627543562,213.1639148214488,222.84058216987233,30009000
2025-11-14,ORCL,Oracle,220.7210235595703,224.88089611946816,208.75642721348203,208.8158515894353,36053800
2025-11-17,ORCL,Oracle,217.75958251953125,220.67149784050704,213.50065926480528,216.12535173148086,16143800
2025-11-18,ORCL,Oracle,218.38357543945312,221.56290055000463,212.45079488745804,214.14446521670735,21098300
2025-11-19,ORCL,Oracle,223.37542724609375,225.97039258042673,215.2339547387719,216.96723634120391,21679500
2025-11-20,ORCL,Oracle,208.6772003173828,231.7645085596671,208.2909267409707,228.9516437923061,27459600
2025-11-21,ORCL,Oracle,196.86114501953125,206.31991231510187,191.70092710981814,205.10166732624853,44834100
2025-11-24,ORCL,Oracle,198.36663818359375,201.87282751092232,192.44377191609706,194.97931272172713,31144700
2025-11-25,ORCL,Oracle,195.14768981933594,197.50495753246148,183.8566047732185,192.2258754104123,29595000
2025-11-26,ORCL,Oracle,203.001953125,207.99379761810727,200.3079370134765,207.4985742904451,26544100
2025-11-28,ORCL,Oracle,200.02069091796875,200.4069644933779,195.72215623510456,197.60399875878693,13848500
2025-12-01,ORCL,Oracle,199.0203399658203,201.55588081499275,194.8208409887437,198.58454104867837,13461200
2025-12-02,ORCL,Oracle,199.17881774902344,207.69664946019373,198.0893204413895,203.1802153722126,19664500
2025-12-03,ORCL,Oracle,205.74546813964844,205.93365541187117,197.4950461419395,198.41616933939397,19060500
2025-12-04,ORCL,Oracle,212.2824249267578,213.35210908512565,204.3489529767997,205.87423411503664,23316900
2025-12-05,ORCL,Oracle,215.50137329101562,217.403028951655,211.57919810074856,216.90780565108173,24208700
2025-12-08,ORCL,Oracle,218.43309020996094,222.60287711623684,214.83777926798228,219.2353646644679,24711200
2025-12-09,ORCL,Oracle,219.4136199951172,220.49320309264735,216.1946687518837,217.9279501905479,17643600
2025-12-10,ORCL,Oracle,220.87950134277344,223.16744579265006,215.50138330293507,219.6810693629974,47928000
2025-12-11,ORCL,Oracle,196.9503173828125,200.06031918010268,184.4508707012314,188.79893077949723,100612700
2025-12-12,ORCL,Oracle,188.15513610839844,195.95985991601637,184.20324885348734,194.49398811107298,55201600
2025-12-15,ORCL,Oracle,183.15338134765625,187.16469305403038,179.66700512419118,186.49118151502418,43897500
2025-12-16,ORCL,Oracle,186.8477325439453,187.98675512554968,182.72748644949797,182.9354717582941,32433500
2025-12-17,ORCL,Oracle,176.75509643554688,184.71827997901767,175.37837634746248,181.55875309373388,50222000
2025-12-18,ORCL,Oracle,178.3101043701172,182.99491266632592,176.87395978904445,180.97440820467443,36297300
2025-12-19,ORCL,Oracle,190.1360321044922,193.25593280159296,186.32280670757746,186.59023151713384,77008600
2025-12-22,ORCL,Oracle,196.48480224609375,196.90078800644136,190.98782056825766,194.93970796108377,27148000
2025-12-23,ORCL,Oracle,193.4738311767578,195.316062418809,190.35393049711385,194.5534143210902,18301600
2025-12-24,ORCL,Oracle,195.60330200195312,196.38574815633484,192.5626237241445,193.13708455844431,9282700
2025-12-26,ORCL,Oracle,196.09852600097656,198.45577861080451,194.2364815736537,196.16784940358133,11262000
2025-12-29,ORCL,Oracle,193.51345825195312,196.61354578036116,190.79962917343738,192.30511221146926,14748100
2025-12-30,ORCL,Oracle,195.3259735107422,196.48479417690953,193.8403036649356,194.18695089448133,14197400
2025-12-31,ORCL,Oracle,193.04794311523438,195.31605909352973,192.86965487522457,194.543511983856,10341500
2026-01-02,ORCL,Oracle,193.84030151367188,196.69277730911313,192.3546316843534,195.58348200605346,14540700
2026-01-05,ORCL,Oracle,190.75009155273438,199.7631609248871,190.492580898364,196.4451590395415,22635500
2026-01-06,ORCL,Oracle,191.89903259277344,193.0182421093506,188.87816737967754,190.7203986970888,16474500
2026-01-07,ORCL,Oracle,190.99769592285156,193.8006612799023,190.1657245052644,193.4342009178014,11171200
2026-01-08,ORCL,Oracle,187.83819580078125,189.12577943187264,184.37163262408228,189.05645602710703,19468500
2026-01-09,ORCL,Oracle,197.14321899414062,198.79169496774762,187.47076284555214,190.33079418293443,26152700
2026-01-12,ORCL,Oracle,203.26048278808594,205.1671804148495,195.6436780851804,196.22959779537723,25428500
2026-01-13,ORCL,Oracle,200.88705444335938,206.35885071854582,199.26836926262408,203.5782664871527,15857400
2026-01-14,ORCL,Oracle,192.2672576904297,200.2812819614504,189.48667349235532,200.2812819614504,22473200
2026-01-15,ORCL,Oracle,188.53335571289062,193.657558493201,188.07653924395382,193.657558493201,16418600
2026-01-16,ORCL,Oracle,189.76473999023438,190.5393292852399,185.23636714159738,188.59293085526497,19224700
2026-01-20,ORCL,Oracle,178.67221069335938,185.89179577745352,178.11609684945594,185.89179577745352,29129500
2026-01-21,ORCL,Oracle,172.67410278320312,179.34749908468692,169.416851630451,178.43386618428758,38190000
2026-01-22,ORCL,Oracle,176.9442596435547,178.91053864492068,175.27591823350863,178.12600905215297,21141900
2026-01-23,ORCL,Oracle,175.9313507080078,178.40407218084573,170.8071330789283,171.42282836084536,23011300
2026-01-26,ORCL,Oracle,181.1747283935547,184.0248192666584,177.29184173481335,177.857895893801,21100400
2026-01-27,ORCL,Oracle,173.68701171875,178.47359089439897,172.47547156030626,177.94726781033333,27093700
2026-01-28,ORCL,Oracle,171.60159301757812,180.41999775455932,170.66810972164663,173.70688545319166,35882700
2026-01-29,ORCL,Oracle,167.83787536621094,169.04941562703684,160.39982975761043,168.9699686251669,37254500
2026-01-30,ORCL,Oracle,163.43858337402344,167.7286148207701,162.10788036785846,167.0036818626301,27362400
2026-02-02,ORCL,Oracle,158.94993591308594,170.01267623587165,158.89035445463986,169.73461932781322,47421000
2026-02-03,ORCL,Oracle,153.59732055664062,158.27466212008704,150.84652700121748,157.16241931422803,43260100
2026-02-04,ORCL,Oracle,145.65280151367188,152.87238631301568,143.42833107282857,152.822730046133,42323400
2026-02-05,ORCL,Oracle,135.53347778320312,145.53364745406353,134.31201233895845,144.59023893772877,42789000
2026-02-06,ORCL,Oracle,141.8295135498047,142.20686784727977,137.94662677669297,138.78079752222578,29962400
2026-02-09,ORCL,Oracle,155.50401306152344,158.64210145949994,145.980525286676,147.460197290568,49936500
2026-02-10,ORCL,Oracle,158.7811279296875,164.2429842493256,155.8714553819222,158.89036566219892,40092200
2026-02-11,ORCL,Oracle,156.07005310058594,162.52497370070802,152.93196498750734,162.52497370070802,24538900
2026-02-12,ORCL,Oracle,155.394775390625,157.9370188497243,151.44238173633673,156.83471631752477,23285400
2026-02-13,ORCL,Oracle,159.02938842773438,161.17441192402597,154.21301832999148,158.1455614065261,18597000
2026-02-17,ORCL,Oracle,152.9021759033203,158.17534713351662,151.81973899698275,156.88435996901177,19610800
2026-02-18,ORCL,Oracle,155.0869140625,156.20908203461818,150.32020042021392,153.33912562661325,14801100
2026-02-19,ORCL,Oracle,155.454345703125,158.9698033224978,154.68969677344117,156.0998468674784,14976300
2026-02-20,ORCL,Oracle,147.0530242919922,152.9220403734579,146.36780721660742,152.23682329807312,29621900
2026-02-23,ORCL,Oracle,140.32997131347656,144.78883730271278,137.62883409835757,144.67959957883056,31749800
2026-02-24,ORCL,Oracle,145.12648010253906,145.7421753907146,137.76786676245285,139.8632339642692,21336600
2026-02-25,ORCL,Oracle,146.8643341064453,152.2169520959094,146.31814550487462,148.12553048589686,27303900
2026-02-26,ORCL,Oracle,149.26756286621094,151.44237713278912,144.1433450261864,147.75810017589302,20652200
2026-02-27,ORCL,Oracle,144.3916015625,145.06689343918134,141.11450016934114,142.8821541260872,36425200
2026-03-02,ORCL,Oracle,148.21490478515625,149.12852248038405,140.2008654741037,140.63781636159624,22418800
2026-03-03,ORCL,Oracle,147.97657775878906,149.8832603224921,142.0579201418087,143.74612724116352,20120800
2026-03-04,ORCL,Oracle,151.31326293945312,152.5446686180396,148.06595229240406,148.96962964986253,17585400
2026-03-05,ORCL,Oracle,153.71649169921875,156.84465486977967,149.07888096268312,151.53175219859966,24094800
2026-03-06,ORCL,Oracle,151.89918518066406,158.08597410034844,150.56846694887784,151.85945410648029,38000600
2026-03-09,ORCL,Oracle,150.50889587402344,150.94584680239967,145.41446869549333,149.6548595557333,31173500
2026-03-10,ORCL,Oracle,148.36386108398438,153.0709932476736,147.42045264344006,152.55459535748406,51544600
2026-03-11,ORCL,Oracle,161.98870849609375,170.56878687048746,159.4663308334791,165.22610910561966,83247500
2026-03-12,ORCL,Oracle,158.05618286132812,166.66605207763823,157.50999424030073,163.51803876567212,37133700
2026-03-13,ORCL,Oracle,154.03427124023438,159.65502126202176,153.08092242987794,157.94694871015022,26350400
2026-03-16,ORCL,Oracle,154.88832092285156,157.63911471237967,153.43843962082485,154.97769311978678,21607700
2026-03-17,ORCL,Oracle,153.6171875,157.81784711953617,152.4354380315028,154.3619860571572,23929500
2026-03-18,ORCL,Oracle,151.83958435058594,153.89523552297797,150.98554811494398,152.3361166933321,18051100
2026-03-19,ORCL,Oracle,154.44143676757812,155.83172137983988,147.8574125150856,149.41653147230454,22046100
2026-03-20,ORCL,Oracle,148.6419219970703,152.1871703681397,146.92392425140545,151.98856045208595,37551400
2026-03-23,ORCL,Oracle,153.2696075439453,154.69962318664022,149.66479286036432,150.36986033646522,19927900
2026-03-24,ORCL,Oracle,146.06988525390625,152.83265353678863,145.83155942026704,151.93890135471162,26122100
2026-03-25,ORCL,Oracle,145.00730895996094,148.80080816177428,143.59715893132088,148.19503810025608,20683800
2026-03-26,ORCL,Oracle,141.819580078125,145.4542008422055,141.55144834229188,142.89209186849135,16961900
2026-03-27,ORCL,Oracle,138.69142150878906,140.707341664734,137.34085289245976,139.95260278465986,17929600
2026-03-30,ORCL,Oracle,137.83738708496094,140.2207363676544,136.00021127953437,139.06877764806765,20125700
2026-03-31,ORCL,Oracle,146.08975219726562,146.37773430000672,138.88010775394596,139.32698384928602,24492000
2026-04-01,ORCL,Oracle,144.22279357910156,148.6121380829445,143.66667972746043,148.05602423130335,20495900
2026-04-02,ORCL,Oracle,145.36480712890625,145.42438858294545,139.32697228785526,141.78976835691424,14381900
2026-04-06,ORCL,Oracle,144.53062438964844,147.51975872325687,142.85235783762272,146.4174563411783,12556700
2026-04-07,ORCL,Oracle,142.1770782470703,143.56737798697142,138.96948335173397,142.78284834987056,17250400
2026-04-08,ORCL,Oracle,142.66368103027344,150.40958886157495,141.90894214666574,149.25763015193746,23527000
2026-04-09,ORCL,Oracle,137.38204956054688,142.30492535649793,135.52849744316222,141.70699943248175,30407800
2026-04-10,ORCL,Oracle,137.6112518310547,139.6840424992646,134.10346627490406,136.84393229395891,26171800
2026-04-13,ORCL,Oracle,155.08047485351562,155.3694779653856,139.23560477896012,139.28543447471924,49997700
2026-04-14,ORCL,Oracle,162.4348907470703,168.81269632594982,160.99988069035047,167.34779149353895,59779800
2026-04-15,ORCL,Oracle,169.22128295898438,171.9617489788171,165.63377292928178,166.31140813717766,43010800
2026-04-16,ORCL,Oracle,177.72171020507812,179.64502700380305,173.19745660129092,175.80836846916668,46997300
2026-04-17,ORCL,Oracle,174.4530792236328,183.86035396799997,172.75897602228687,182.29578972754894,45282600
2026-04-20,ORCL,Oracle,176.96435546875,177.1437241337477,172.90845832122835,176.19702069918586,22330900
2026-04-21,ORCL,Oracle,180.54190063476562,184.69744185391838,175.39978616849046,177.73168518842633,39638000
2026-04-22,ORCL,Oracle,186.84996032714844,188.52412867285312,182.16625769612565,185.53452930761875,32448800
2026-04-23,ORCL,Oracle,175.66885375976562,181.25940506244572,173.47648397959247,179.77456526841104,37084200
2026-04-24,ORCL,Oracle,172.67926025390625,180.08350934705402,168.21479607095443,179.88419055553038,33215000
2026-04-27,ORCL,Oracle,172.36036682128906,172.9483176843477,167.31789670409404,171.98167938805025,21616600
2026-04-28,ORCL,Oracle,165.3846435546875,168.1151345761582,161.48819539973903,161.59781465135282,33716500
2026-04-29,ORCL,Oracle,163.26202392578125,164.18879243452346,160.0930406767096,163.47128736703132,20587500
2026-04-30,ORCL,Oracle,160.83047485351562,164.60732857559,159.77415221061997,161.45829556636002,21016400
2026-05-01,ORCL,Oracle,171.23428344726562,173.69572140707442,165.5739675636214,165.8430357567767,26318000
2026-05-04,ORCL,Oracle,179.66494750976562,182.86382547986815,173.65585407967757,175.40976208307873,33504500
2026-05-05,ORCL,Oracle,184.70741271972656,185.87335460025724,178.3794215704854,181.49857498114957,23497200
2026-05-06,ORCL,Oracle,193.35731506347656,193.61640819386528,182.0366985044076,185.55445911068674,27685500
2026-05-07,ORCL,Oracle,193.91537475585938,199.4560964296715,190.13852094922035,197.92144212666506,31803200
2026-05-08,ORCL,Oracle,195.27066040039062,197.31355632268708,189.55057006502687,191.91234867633833,21158300
2026-05-11,ORCL,Oracle,193.16796875,195.00158596942157,189.93921129968984,191.48382541035645,16890600
2026-05-12,ORCL,Oracle,186.18228149414062,192.25116444316905,180.24293750852308,192.25116444316905,22123400
2026-05-13,ORCL,Oracle,189.10211181640625,190.90584946443576,184.4184093808476,188.37464692554053,15789300
2026-05-14,ORCL,Oracle,194.9318389892578,200.014163847459,184.807059111885,187.5275901989538,22545000
2026-05-15,ORCL,Oracle,192.2810516357422,195.74898244041898,188.2450896858239,189.82958881387833,15747100
2026-05-18,ORCL,Oracle,185.96304321289062,190.09864951363005,182.6346262937408,189.34128982843612,19114300
2026-05-19,ORCL,Oracle,180.83090209960938,188.06572689480225,180.30272556987043,185.3551556600763,16717700
2026-05-20,ORCL,Oracle,187.50767517089844,187.56746472504855,178.18012457626247,179.31617172278084,16517200
2026-05-21,ORCL,Oracle,189.11209106445312,192.15152006737793,186.5509936929414,188.3547161750033,12119700
2026-05-22,ORCL,Oracle,191.41407775878906,196.3170187370588,190.43747958820265,191.0054955424612,10875800
2026-05-26,ORCL,Oracle,192.3906707763672,194.52325092368912,189.89933811800566,192.6298441856895,12856100
2026-05-27,ORCL,Oracle,190.2979736328125,191.4738754300888,187.2685043953512,190.81615991336366,12126000
2026-05-28,ORCL,Oracle,202.99378967285156,204.28928574558662,192.70957597555034,193.36727626586583,25339900
2026-05-29,ORCL,Oracle,224.9972381591797,225.50546455715485,207.28884102481334,208.27541425064666,41082200
2026-06-01,ORCL,Oracle,247.28968811035156,249.3824137486397,223.82134525496076,229.70088459165413,48390000
2026-06-02,ORCL,Oracle,243.73207092285156,248.13674546339882,238.01196537258744,241.95824319584935,30294800
2026-06-03,ORCL,Oracle,229.53146362304688,239.67616296732885,226.82089245871197,239.64626819172787,23644700
2026-06-04,ORCL,Oracle,235.5206298828125,238.12158188953796,223.22341504281357,226.2130143514227,19993800
2026-06-05,ORCL,Oracle,212.93917846679688,230.63761546923837,208.72384785085606,228.69437902968323,29019900
2026-06-08,ORCL,Oracle,211.0856475830078,218.3005374625011,208.60427470114743,216.99508154036687,17227200
2026-06-09,ORCL,Oracle,205.0964813232422,219.73555545521918,197.1042813524375,213.16840576925884,26040700
2026-06-10,ORCL,Oracle,200.56224060058594,211.74334288511918,197.49291691405838,197.81181479593093,46108300
2026-06-11,ORCL,Oracle,183.4617462158203,184.12942155509757,174.67231714634136,179.0470967618207,63678500
2026-06-12,ORCL,Oracle,183.49163818359375,184.93660808713287,178.37941869260862,184.36857694107326,29562300
2026-06-15,ORCL,Oracle,191.97213745117188,194.6428540895421,185.56443686107608,186.74033863051216,20279900
2026-06-16,ORCL,Oracle,187.6770782470703,194.64285000480032,187.0094029029616,189.35124653572112,16985500
2026-06-17,ORCL,Oracle,182.8937225341797,189.53063677139517,181.94701911013038,185.51460950906105,16616600
2026-06-18,ORCL,Oracle,183.6510772705078,187.33826188438044,177.08392782803517,182.3755161261877,31386100
2026-06-22,ORCL,Oracle,174.4630584716797,183.9400828522113,173.79536790830892,181.6779484399822,22935400
2026-06-23,ORCL,Oracle,164.58740234375,173.72560859622362,164.03930612455187,169.6398170049876,33327900
2026-06-24,ORCL,Oracle,156.98385620117188,165.1753594043948,154.81142136725865,161.9166919476368,38305000
2026-06-25,ORCL,Oracle,151.9314422607422,157.07354147130096,149.83871668017542,156.80448848405618,36844400
2026-06-26,ORCL,Oracle,148.0150604248047,153.00768579174587,147.48689909721142,149.73905843363008,36532100
2026-06-29,ORCL,Oracle,147.2477264404297,153.96436505683477,144.69660411903206,153.40630894976508,34310300
2026-06-30,ORCL,Oracle,146.04193115234375,149.41020274352846,143.97910030394291,146.73950129218147,35926900
2026-07-01,ORCL,Oracle,142.00596618652344,147.03846136273228,142.00596618652344,143.98907252177435,45964000
2026-07-02,ORCL,Oracle,139.78370666503906,146.55015993984455,138.3486965222042,142.80320083813373,44166700
2026-07-06,ORCL,Oracle,143.2615966796875,145.11514890176613,140.6706196763433,143.79973308287512,36683000
2026-07-07,ORCL,Oracle,141.1090850830078,145.05534742111888,137.07312321448111,143.22173026995844,47200000
2026-07-08,ORCL,Oracle,140.00294494628906,141.34825554862542,137.0731351103418,138.5778946629353,34607300
2026-07-09,ORCL,Oracle,143.72000122070312,148.553192714378,140.45137395281776,140.9297055709286,35221900
2026-07-10,ORCL,Oracle,140.63999938964844,145.67999267578125,139.25999450683594,145.64999389648438,29843300
2026-07-13,ORCL,Oracle,131.5399932861328,139.64999389648438,131.35000610351562,139.02999877929688,56690300
2026-07-14,ORCL,Oracle,127.94000244140625,132.75999450683594,127.5999984741211,132.0,52670400
2026-07-15,ORCL,Oracle,132.49000549316406,133.89999389648438,128.83999633789062,130.55999755859375,48520400
2026-07-16,ORCL,Oracle,124.20999908447266,131.77999877929688,123.66000366210938,131.47999572753906,54780900
2026-07-17,ORCL,Oracle,126.41000366210938,128.44000244140625,121.5,121.69999694824219,39917100
2026-07-20,ORCL,Oracle,121.37999725341797,125.48999786376953,120.02999877929688,124.2699966430664,36793200
2026-07-21,ORCL,Oracle,127.05000305175781,127.41999816894531,122.20999908447266,122.80999755859375,27748100
2026-07-22,ORCL,Oracle,125.83999633789062,128.83999633789062,124.69999694824219,126.18000030517578,21096700
2026-07-23,ORCL,Oracle,120.04000091552734,124.69999694824219,119.44000244140625,123.95999908447266,30900600
2026-07-24,ORCL,Oracle,114.98999786376953,123.08000183105469,114.75,122.47000122070312,46405700
2026-07-27,ORCL,Oracle,119.9000015258789,121.98999786376953,116.80000305175781,118.0,36916600
2026-07-28,ORCL,Oracle,119.95999908447266,122.33000183105469,114.5,118.18000030517578,32665400
2026-07-29,ORCL,Oracle,117.73999786376953,121.91999816894531,116.19999694824219,119.41999816894531,28081800
2026-07-30,ORCL,Oracle,127.55999755859375,128.33999633789062,121.58000183105469,122.87000274658203,41338400
2026-07-31,ORCL,Oracle,129.8699951171875,132.39999389648438,125.69999694824219,130.07000732421875,34438700
2026-08-03,ORCL,Oracle,141.85000610351562,143.07000732421875,130.2100067138672,131.9199981689453,49696900
2026-08-04,ORCL,Oracle,145.74000549316406,148.6999969482422,141.00999450683594,141.00999450683594,43723500
2026-08-05,ORCL,Oracle,144.38999938964844,146.38999938964844,142.5,145.0,23524100
2026-08-06,ORCL,Oracle,143.47000122070312,146.5800018310547,138.72000122070312,139.25,23073300
2026-08-07,ORCL,Oracle,147.02000427246094,147.16000366210938,142.33999633789062,145.32000732421875,22874000
2026-08-10,ORCL,Oracle,151.0500030517578,151.99000549316406,146.6199951171875,148.25999450683594,24265000
2026-08-11,ORCL,Oracle,145.47999572753906,151.99000549316406,144.24000549316406,151.1999969482422,28761800
2026-08-12,ORCL,Oracle,153.27999877929688,154.88999938964844,147.88999938964844,152.80999755859375,43559400
2026-08-13,ORCL,Oracle,156.22000122070312,159.25999450683594,151.91000366210938,151.97999572753906,25740000
2026-08-14,ORCL,Oracle,150.52000427246094,156.38999938964844,148.8000030517578,155.83999633789062,21905500
2026-08-17,ORCL,Oracle,146.64999389648438,150.39999389648438,145.5,148.4499969482422,20668000
2026-08-18,ORCL,Oracle,142.7899932861328,146.0,142.35000610351562,143.25,19152300
2026-08-19,ORCL,Oracle,143.80999755859375,146.0800018310547,137.42999267578125,142.6999969482422,26552900
2026-08-20,ORCL,Oracle,142.07000732421875,145.9199981689453,141.02000427246094,144.3000030517578,15184400
2026-08-21,ORCL,Oracle,146.47000122070312,148.35000610351562,142.60000610351562,143.72000122070312,19635000
2026-08-24,ORCL,Oracle,142.4499969482422,145.1199951171875,141.25,145.1199951171875,14158600
2026-08-25,ORCL,Oracle,144.75999450683594,146.33999633789062,142.50999450683594,143.3000030517578,13329400
2026-08-26,ORCL,Oracle,148.8699951171875,151.6300048828125,146.8300018310547,147.0,18426100
2026-08-27,ORCL,Oracle,151.94000244140625,153.8300018310547,147.52000427246094,152.11000061035156,30251400
2026-08-28,ORCL,Oracle,150.85000610351562,153.99000549316406,149.7100067138672,153.60000610351562,17800000
2026-08-31,ORCL,Oracle,149.1199951171875,151.25999450683594,147.75,149.30999755859375,16118900
2026-09-01,ORCL,Oracle,141.32000732421875,146.7899932861328,139.9499969482422,146.75,25443300
2026-09-02,ORCL,Oracle,145.75,146.69000244140625,139.72000122070312,140.25999450683594,21906700
2026-09-03,ORCL,Oracle,154.0399932861328,156.77000427246094,146.9199981689453,147.27000427246094,25101700
2026-09-04,ORCL,Oracle,158.77999877929688,159.6999969482422,156.7100067138672,159.4600067138672,26511300
2026-09-08,ORCL,Oracle,162.52000427246094,170.6999969482422,161.16000366210938,167.60000610351562,37662800
2026-09-09,ORCL,Oracle,161.6300048828125,165.14999389648438,160.36000061035156,163.5399932861328,27464600
2026-09-10,ORCL,Oracle,152.94000244140625,159.24000549316406,152.52000427246094,158.3800048828125,56824700
2026-09-11,ORCL,Oracle,150.27999877929688,166.0,149.83999633789062,164.42999267578125,79522900
