Date,ticker,name,Close,High,Low,Open,Volume
2015-01-02,AAPL,Apple,24.171756744384766,24.638256521479203,23.733998044162465,24.627201352876586,212818400
2015-01-05,AAPL,Apple,23.490798950195312,24.02141498148551,23.30508426697377,23.941822492452886,257142000
2015-01-06,AAPL,Apple,23.493013381958008,23.751688161624013,23.132635763336502,23.554918284430343,263188400
2015-01-07,AAPL,Apple,23.822433471679688,23.921923238379996,23.590288433669837,23.700833368573225,160423600
2015-01-08,AAPL,Apple,24.737749099731445,24.79523294678256,24.03247176973318,24.14965083516332,237458000
2015-01-09,AAPL,Apple,24.764272689819336,25.038423610697226,24.36631031533404,24.91019110260957,214798000
2015-01-12,AAPL,Apple,24.154069900512695,24.901353103465542,24.05458012712268,24.894720676810472,198603200
2015-01-13,AAPL,Apple,24.368528366088867,24.93894069695725,24.078901144962483,24.636046935190233,268367600
2015-01-14,AAPL,Apple,24.27566909790039,24.428219965569937,23.988251583933135,24.10764031957575,195826400
2015-01-15,AAPL,Apple,23.616819381713867,24.333150074134675,23.581445880335732,24.3198852219656,240056000
2015-01-16,AAPL,Apple,23.43331527709961,23.784849053948268,23.258654074194936,23.663248948514042,314053200
2015-01-20,AAPL,Apple,24.036893844604492,24.092166318792128,23.54607400393315,23.8423336559235,199599600
2015-01-21,AAPL,Apple,24.220401763916016,24.554246333501226,23.93740524529204,24.08774646055574,194303600
2015-01-22,AAPL,Apple,24.850500106811523,24.865976329232264,24.257979226331894,24.377367950769774,215185600
2015-01-23,AAPL,Apple,24.97873306274414,25.14897151233598,24.658151754473877,24.828391890847477,185859200
2015-01-26,AAPL,Apple,25.005264282226562,25.283837994319246,24.938938332440024,25.146761665909416,222460000
2015-01-27,AAPL,Apple,24.129749298095703,24.868190372275148,24.105429276423866,24.854923832502017,382274800
2015-01-28,AAPL,Apple,25.493871688842773,26.115135353956926,25.493871688842773,26.00680010606825,585908400
2015-01-29,AAPL,Apple,26.28758430480957,26.351700565680584,25.549143306141485,25.717172069569596,337745600
2015-01-30,AAPL,Apple,25.902889251708984,26.530783655227438,25.83435024692136,26.1770402105141,334982000
2015-02-02,AAPL,Apple,26.227890014648438,26.347278743875204,25.66411187232302,26.099659175210917,250956400
2015-02-03,AAPL,Apple,26.232309341430664,26.32958772212077,26.002375709904044,26.199145528721534,207662800
2015-02-04,AAPL,Apple,26.433502197265625,26.643538568988248,26.157139881931943,26.19914749363281,280598800
2015-02-05,AAPL,Apple,26.62217140197754,26.686540702650774,26.469016800601956,26.639927107367004,168984800
2015-02-06,AAPL,Apple,26.397993087768555,26.690983441173188,26.29145037133095,26.63993133480039,174826400
2015-02-09,AAPL,Apple,26.573345184326172,26.59997959492544,26.287013416310145,26.31364952034854,155559200
2015-02-10,AAPL,Apple,27.083860397338867,27.112716602829234,26.67101175267262,26.673230158141653,248034000
2015-02-11,AAPL,Apple,27.718664169311523,27.727542868609678,27.19039426186187,27.250323365325986,294247200
2015-02-12,AAPL,Apple,28.069377899169922,28.29578060033829,27.871831407165082,27.980592559367416,297898000
2015-02-13,AAPL,Apple,28.206989288330078,28.251381102112592,27.889582908811555,28.251381102112592,217088800
2015-02-17,AAPL,Apple,28.373458862304688,28.606520099632363,28.171472230828833,28.29799075277954,252609600
2015-02-18,AAPL,Apple,28.571002960205078,28.58432016349851,28.289109738609003,28.329063041928176,179566800
2015-02-19,AAPL,Apple,28.511070251464844,28.639808852819904,28.484435846659494,28.51772885266618,149449600
2015-02-20,AAPL,Apple,28.744142532348633,28.744142532348633,28.42229759835833,28.548814456821795,195793600
2015-02-23,AAPL,Apple,29.521007537841797,29.521007537841797,28.779653725306208,28.859560347349937,283896400
2015-02-24,AAPL,Apple,29.336774826049805,29.654182871424286,29.114812389547758,29.507686850482216,276912400
2015-02-25,AAPL,Apple,28.5865421295166,29.21025945210493,28.44448629856083,29.20137905755122,298846800
2015-02-26,AAPL,Apple,28.948345184326172,29.048227619324624,28.1026687081255,28.58654527125863,365150000
2015-02-27,AAPL,Apple,28.51329803466797,28.98163894321465,28.46446602434532,28.855118720048274,248059200
2015-03-02,AAPL,Apple,28.65312957763672,28.917265414019177,28.477780746316142,28.688644379661472,192386800
2015-03-03,AAPL,Apple,28.713058471679688,28.74857327134073,28.431165253046416,28.624274859404782,151265200
2015-03-04,AAPL,Apple,28.531049728393555,28.75745235902055,28.48222110892298,28.65535153620305,126665200
2015-03-05,AAPL,Apple,28.05827522277832,28.577666563390302,27.91399928590638,28.53993335182909,226068400
2015-03-06,AAPL,Apple,28.100440979003906,28.71527611422263,28.02497457188601,28.499972303950454,291368400
2015-03-09,AAPL,Apple,28.220306396484375,28.759676923373377,27.758624083605657,28.402315541867832,354114000
2015-03-10,AAPL,Apple,27.63654327392578,28.238061269952983,27.478950148186314,28.058272239386927,275426400
2015-03-11,AAPL,Apple,27.132686614990234,27.694251284612303,27.103832109104772,27.689812781183356,275756000
2015-03-12,AAPL,Apple,27.62321662902832,27.72310071289281,26.99728280521055,27.14821728651462,193450800
2015-03-13,AAPL,Apple,27.432336807250977,27.83408997021748,27.208155964901504,27.612127532964454,207309200
2015-03-16,AAPL,Apple,27.734203338623047,27.734203338623047,27.272522798079336,27.496703620069137,143497200
2015-03-17,AAPL,Apple,28.1981143951416,28.260263620206256,27.889586675399645,27.94507729684157,204092400
2015-03-18,AAPL,Apple,28.51551628112793,28.668670913843595,28.049395473856592,28.18923120800626,261083600
2015-03-19,AAPL,Apple,28.300201416015625,28.68863555309819,28.278005518298595,28.5776543710746,183238000
2015-03-20,AAPL,Apple,27.945068359375,28.499972702883888,27.780816646601348,28.46667969541809,274780400
2015-03-23,AAPL,Apple,28.235837936401367,28.3778937431427,28.082683331798854,28.2158621323778,150838800
2015-03-24,AAPL,Apple,28.12041664123535,28.420063845308313,28.091560445800567,28.240276538927755,131369200
2015-03-25,AAPL,Apple,27.38572883605957,28.149280271891076,27.38572883605957,28.08713105147488,206620800
2015-03-26,AAPL,Apple,27.576616287231445,27.718672129921895,27.21259797865727,27.248112786049493,190291600
2015-03-27,AAPL,Apple,27.35687255859375,27.678717440730964,27.281406136800143,27.649862931240314,158184800
2015-03-30,AAPL,Apple,28.049394607543945,28.056053209901737,27.523343006570627,27.534441806126317,188398800
2015-03-31,AAPL,Apple,27.618785858154297,28.07602793240956,27.603248555439965,27.98724261971094,168362400
2015-04-01,AAPL,Apple,27.578828811645508,27.77193671356621,27.32357170729665,27.705347314713894,162485600
2015-04-02,AAPL,Apple,27.816326141357422,27.869596639826135,27.565509254855222,27.751956846215027,128880400
2015-04-06,AAPL,Apple,28.266910552978516,28.30242534888889,27.596584867837652,27.62765946753989,148776000
2015-04-07,AAPL,Apple,27.969491958618164,28.437831223066524,27.962833355316143,28.33129018335556,140049200
2015-04-08,AAPL,Apple,27.878480911254883,28.056051532897612,27.738645189782524,27.933971518838366,149316800
2015-04-09,AAPL,Apple,28.09156608581543,28.096006282976266,27.669838801244122,27.933972955386533,129936000
2015-04-10,AAPL,Apple,28.211427688598633,28.235843694120984,27.80301758429594,27.95617052668988,160752000
2015-04-13,AAPL,Apple,28.15593147277832,28.53770878376348,28.10266096834637,28.493313592099053,145460400
2015-04-14,AAPL,Apple,28.033855438232422,28.2535977686083,27.947290226464986,28.189228461035782,102098400
2015-04-15,AAPL,Apple,28.140399932861328,28.218086453862202,27.9694895866594,28.05827490784861,115881600
2015-04-16,AAPL,Apple,28.005001068115234,28.211426208146708,27.991683863416124,28.029417072356306,113476000
2015-04-17,AAPL,Apple,27.689815521240234,27.998343189969706,27.625446207797804,27.867386157870317,207828000
2015-04-20,AAPL,Apple,28.32240867614746,28.43782840664329,27.783039847390697,27.87182516731625,188217200
2015-04-21,AAPL,Apple,28.16925621032715,28.455586289423398,28.115984001409522,28.433392075866454,129740400
2015-04-22,AAPL,Apple,28.54880714416504,28.604297752600676,28.038294562620575,28.187008986802727,150618000
2015-04-23,AAPL,Apple,28.7818660736084,28.948337885592863,28.44226384811031,28.47777864751764,183083600
2015-04-24,AAPL,Apple,28.917264938354492,28.99495314314599,28.68420371085787,28.963878538604966,178103600
2015-04-27,AAPL,Apple,29.443317413330078,29.5498618270703,29.110373740867793,29.367850993756058,387816800
2015-04-28,AAPL,Apple,28.979412078857422,29.862821533646084,28.759671457744723,29.84506752107098,475696000
2015-04-29,AAPL,Apple,28.55324935913086,29.208037907572134,28.47778293917561,28.890633230589536,253544400
2015-04-30,AAPL,Apple,27.778600692749023,28.553249161739682,27.652082165186428,28.553249161739682,332781600
2015-05-01,AAPL,Apple,28.62205696105957,28.883974410591033,27.811895381492974,27.989464323636177,234050400
2015-05-04,AAPL,Apple,28.56656265258789,28.98163467926251,28.468898646311512,28.744133265192428,203953200
2015-05-05,AAPL,Apple,27.922882080078125,28.511081327211816,27.9184418819265,28.444491902452814,197085600
2015-05-06,AAPL,Apple,27.747526168823242,28.13374035515713,27.381287790009118,28.091566948029953,288564000
2015-05-07,AAPL,Apple,27.919151306152344,28.10192070708128,27.64276698239626,27.809934179606117,175763600
2015-05-08,AAPL,Apple,28.44516944885254,28.44516944885254,28.10860569937123,28.235652694796116,222201600
2015-05-11,AAPL,Apple,28.155406951904297,28.43178950857203,28.001612623353516,28.393898694454734,168143200
2015-05-12,AAPL,Apple,28.055116653442383,28.280233941837672,27.82108187580879,27.994935504673595,192640000
2015-05-13,AAPL,Apple,28.086318969726562,28.34932876572444,28.055114561770264,28.117523377682865,138776800
2015-05-14,AAPL,Apple,28.741619110107422,28.741619110107422,28.342648141071038,28.398370552452025,180814000
2015-05-15,AAPL,Apple,28.701494216918945,28.861974998052265,28.576676587376436,28.768361775895382,152832000
2015-05-18,AAPL,Apple,29.018003463745117,29.13613470366378,28.610115004751467,28.61457374994446,203531600
2015-05-19,AAPL,Apple,28.991249084472656,29.17178909874721,28.895404797262362,29.129439534702552,178532800
2015-05-20,AAPL,Apple,28.989025115966797,29.19408317014817,28.828544308168176,28.975652282154563,145819600
2015-05-21,AAPL,Apple,29.28546905517578,29.33896379203383,28.937761768163295,28.991256505021344,158921600
2015-05-22,AAPL,Apple,29.541784286499023,29.637628577188966,29.28769029403118,29.33227093213358,182384000
2015-05-26,AAPL,Apple,28.890947341918945,29.624255991868104,28.779502547789,29.555160763671573,282790400
2015-05-27,AAPL,Apple,29.430339813232422,29.47937579485799,28.986791708108267,29.051428192419124,183332800
2015-05-28,AAPL,Apple,29.37238883972168,29.410279660533305,29.220825556475184,29.390220414402172,122933200
2015-05-29,AAPL,Apple,29.038053512573242,29.298833906784036,28.95335438588042,29.249797928280298,203538000
2015-06-01,AAPL,Apple,29.096004486083984,29.285461990857094,28.986790767754286,29.038054419236087,128451200
2015-06-02,AAPL,Apple,28.966732025146484,29.122754054775914,28.824082826481696,28.944441706188638,134670400
2015-06-03,AAPL,Apple,29.002389907836914,29.185160988660087,28.953353930105084,29.12275218082411,123934000
2015-06-04,AAPL,Apple,28.83299446105957,29.10492000429588,28.732694836330577,28.882030437775946,153800400
2015-06-05,AAPL,Apple,28.674745559692383,28.90655264729735,28.61010907241382,28.86420307931036,142507200
2015-06-08,AAPL,Apple,28.485286712646484,28.799561811409987,28.26908356535739,28.730463190307695,210699200
2015-06-09,AAPL,Apple,28.400588989257812,28.54769692371344,27.99938877808449,28.240108224583487,224301600
2015-06-10,AAPL,Apple,28.72600746154785,28.828534754147174,28.496429787273126,28.51203198838768,156349200
2015-06-11,AAPL,Apple,28.661367416381836,29.01576099697763,28.636849428987016,28.792871439215535,141563600
2015-06-12,AAPL,Apple,28.344879150390625,28.60343198588583,28.331506314248887,28.572227567879615,147544800
2015-06-15,AAPL,Apple,28.289146423339844,28.36047102429246,28.019450222846757,28.106377027116736,175955600
2015-06-16,AAPL,Apple,28.44071388244629,28.496436284919938,28.166560614563103,28.31366687282689,125976400
2015-06-17,AAPL,Apple,28.37384796142578,28.50312264250904,28.24902862379286,28.467461189265897,131672400
2015-06-18,AAPL,Apple,28.50311851501465,28.598961101213874,28.35601227835567,28.358241650270774,141628800
2015-06-19,AAPL,Apple,28.21782112121582,28.489746687000903,28.17324388442035,28.465228696609618,218867600
2015-06-22,AAPL,Apple,28.442941665649414,28.543241304293367,28.32481045108704,28.416194301771778,136157200
2015-06-23,AAPL,Apple,28.313657760620117,28.442934100876933,28.28022398979339,28.41395907310029,121075600
2015-06-24,AAPL,Apple,28.55438804626465,28.93107203097419,28.33372780871592,28.353787057350907,221123600
2015-06-25,AAPL,Apple,28.418420791625977,28.797332388642655,28.418420791625977,28.72155074944432,127752400
2015-06-26,AAPL,Apple,28.251256942749023,28.527639572001984,28.197763914622286,28.4563149676621,176267200
2015-06-29,AAPL,Apple,27.75643539428711,28.188841665526905,27.745291937092542,27.963722743843967,196645600
2015-06-30,AAPL,Apple,27.9570369720459,28.11083130927194,27.8299899936238,27.988241373727654,177482800
2015-07-01,AAPL,Apple,28.21782112121582,28.29360446438322,28.081858338323283,28.284688676921608,120955200
2015-07-02,AAPL,Apple,28.182167053222656,28.237889464067838,28.03282969976767,28.1799376806452,108844000
2015-07-06,AAPL,Apple,28.084087371826172,28.135352723984397,27.827764012060165,27.847824958735146,112241600
2015-07-07,AAPL,Apple,28.01499366760254,28.117522676977106,27.587044353914475,28.059570906282733,187787200
2015-07-08,AAPL,Apple,27.319580078125,27.780961513755635,27.312893661748337,27.745300059575833,243046400
2015-07-09,AAPL,Apple,26.762357711791992,27.651686856215143,26.572901867062058,27.6048802381416,314380000
2015-07-10,AAPL,Apple,27.477825164794922,27.60487214819412,27.016443835554426,27.179153965422657,245418000
2015-07-13,AAPL,Apple,28.008302688598633,28.030591304307357,27.70962979646213,27.86788117866016,165762000
2015-07-14,AAPL,Apple,27.997163772583008,28.166560350659324,27.870116764153963,28.093006371960204,127072400
2015-07-15,AAPL,Apple,28.26685333251953,28.340407293884716,27.99047076011647,28.021675161814606,134596800
2015-07-16,AAPL,Apple,28.643537521362305,28.6569137524723,28.38498650348072,28.47191330005847,144889600
2015-07-17,AAPL,Apple,28.890947341918945,28.890947341918945,28.59896252546252,28.770588460709696,184658800
2015-07-20,AAPL,Apple,29.43702507019043,29.637624308659394,29.131664068089176,29.191845200039744,235600800
2015-07-21,AAPL,Apple,29.142818450927734,29.626488528758856,29.046977544728716,29.610888023551794,307025600
2015-07-22,AAPL,Apple,27.910234451293945,27.972643263784516,27.190300334606057,27.190300334606057,461802400
2015-07-23,AAPL,Apple,27.896867752075195,28.32704311851331,27.874577427989657,28.12867147784543,203998000
2015-07-24,AAPL,Apple,27.749753952026367,28.026136567453218,27.61602053814322,27.93252334778628,168649200
2015-07-27,AAPL,Apple,27.36415672302246,27.551384880041798,27.219279836659762,27.435481330336312,177822000
2015-07-28,AAPL,Apple,27.5001163482666,27.618249256588875,27.31511928535405,27.5001163482666,134472400
2015-07-29,AAPL,Apple,27.413192749023438,27.52686692664547,27.252711957207104,27.448855902988303,148046800
2015-07-30,AAPL,Apple,27.275001525878906,27.31957876659184,27.12789357060331,27.26385636544431,134513200
2015-07-31,AAPL,Apple,27.036510467529297,27.335181729725164,26.94958365536705,27.326265941232524,171540000
2015-08-03,AAPL,Apple,26.3990421295166,27.31957547332252,26.19398242562316,27.08108369318085,279904000
2015-08-04,AAPL,Apple,25.552059173583984,26.23410068705655,25.242242819391386,26.171691881969178,496554400
2015-08-05,AAPL,Apple,25.72145652770996,26.176151451205765,24.98592027194948,25.17537606494462,397250400
2015-08-06,AAPL,Apple,25.777433395385742,26.084174951835017,25.55129714288187,25.96550902150507,211612000
2015-08-07,AAPL,Apple,25.86475372314453,26.028200378207167,25.636378006922328,25.654290296722888,154681600
2015-08-10,AAPL,Apple,26.80512237548828,26.86557420462771,26.090885782202864,26.090885782202864,219806400
2015-08-11,AAPL,Apple,25.41023826599121,26.460322694112065,25.374415397109164,26.377479640744433,388331200
2015-08-12,AAPL,Apple,25.80206298828125,25.842364787119756,24.5459922507262,25.19529825058655,404870000
2015-08-13,AAPL,Apple,25.781911849975586,26.06178496665311,25.645333632380158,25.981181372393188,194143200
2015-08-14,AAPL,Apple,25.963268280029297,26.041632408633568,25.526666914798433,25.596074898960804,171718000
2015-08-17,AAPL,Apple,26.231948852539062,26.341658638289204,25.86027652582025,25.981181919757336,163538800
2015-08-18,AAPL,Apple,26.084178924560547,26.294644090836634,25.974469122404177,26.068506095681066,138242800
2015-08-19,AAPL,Apple,25.75057029724121,26.088655846102164,25.676683372704627,25.994618873897537,193146000
2015-08-20,AAPL,Apple,25.222169876098633,25.602796695775712,24.9937924177242,25.542344843976736,274006400
2015-08-21,AAPL,Apple,23.67949867248535,25.05423490981031,23.65486970828169,24.725103941097263,513102000
2015-08-24,AAPL,Apple,23.08841323852539,24.360156748493395,20.598661378669732,21.241250669242508,648825200
2015-08-25,AAPL,Apple,23.22722625732422,24.87735855766184,23.173491104077257,24.87735855766184,414406400
2015-08-26,AAPL,Apple,24.559423446655273,24.60420245687129,23.520534694114033,23.977286064588586,387098400
2015-08-27,AAPL,Apple,25.28261947631836,25.354266931578447,24.633313452155644,25.12813066516353,338464400
2015-08-28,AAPL,Apple,25.365455627441406,25.369932844833052,24.973633339602248,25.114688748268883,212657600
2015-08-31,AAPL,Apple,25.246795654296875,25.64309525264471,25.076632313868252,25.08334899563872,224917200
2015-09-01,AAPL,Apple,24.11834716796875,25.049764058030075,24.037743569725652,24.66242060200465,307383600
2015-09-02,AAPL,Apple,25.152755737304688,25.152755737304688,24.43404178394238,24.680331491377068,247555200
2015-09-03,AAPL,Apple,24.711673736572266,25.25126813889937,24.637786834528608,25.186337380274008,212935600
2015-09-04,AAPL,Apple,24.46538543701172,24.729585703954335,24.295223827137335,24.398216919917026,199985200
2015-09-08,AAPL,Apple,25.146039962768555,25.20201458771156,24.700482426521027,25.020657349523418,219374400
2015-09-09,AAPL,Apple,24.662416458129883,25.528902431337823,24.577333947496935,25.47069005988445,340043200
2015-09-10,AAPL,Apple,25.20425796508789,25.363225719627625,24.606449287830657,24.68929065235671,251571200
2015-09-11,AAPL,Apple,25.571447372436523,25.571447372436523,25.022896733028254,25.0296134146864,199662000
2015-09-14,AAPL,Apple,25.81774139404297,26.1715015149341,25.716987729280103,26.102093510684586,233453600
2015-09-15,AAPL,Apple,26.034915924072266,26.09089054609967,25.618464599531592,25.95655179487588,173364800
2015-09-16,AAPL,Apple,26.064022064208984,26.093128250746073,25.846840272065933,26.02819748858507,148694000
2015-09-17,AAPL,Apple,25.506513595581055,26.081932601991664,25.46173458433275,25.896098167922393,256450400
2015-09-18,AAPL,Apple,25.401283264160156,25.5915983491532,25.047524944621284,25.123649612050556,297141200
2015-09-21,AAPL,Apple,25.79534149169922,25.83116606540664,25.448299902009456,25.4505376567089,200888000
2015-09-22,AAPL,Apple,25.39009666442871,25.56473726529294,25.19306484133231,25.385617736698105,201384800
2015-09-23,AAPL,Apple,25.596073150634766,25.685632880726555,25.367697461699983,25.441582658931672,143026800
2015-09-24,AAPL,Apple,25.748323440551758,25.860272672901985,25.159471093345076,25.35650112732597,200878000
2015-09-25,AAPL,Apple,25.683395385742188,26.126715144151163,25.528904882201047,26.070740522080886,224607600
2015-09-28,AAPL,Apple,25.175146102905273,25.6520492591599,25.175146102905273,25.49084207726823,208436000
2015-09-29,AAPL,Apple,24.418365478515625,25.414714649525106,24.1496880100466,25.262463628536743,293461600
2015-09-30,AAPL,Apple,24.696001052856445,24.973634667561083,24.34448053568865,24.666893159529305,265892000
2015-10-01,AAPL,Apple,24.534791946411133,24.543748089171945,24.02654152104465,24.420603261472692,255716400
2015-10-02,AAPL,Apple,24.713918685913086,24.854975850553252,24.08028715554748,24.18328027252638,232079200
2015-10-05,AAPL,Apple,24.803476333618164,24.935577341025226,24.42061009161065,24.6019673356642,208258800
2015-10-06,AAPL,Apple,24.922143936157227,25.018420368941634,24.577340007306336,24.769892872875147,192787200
2015-10-07,AAPL,Apple,24.803476333618164,25.025135377262504,24.49673647226439,25.018418695365714,187062400
2015-10-08,AAPL,Apple,24.516889572143555,24.671380107855576,24.22806025713033,24.671380107855576,247918400
2015-10-09,AAPL,Apple,25.10349464416504,25.139317507632345,24.514640631745525,24.62882931870366,211064400
2015-10-12,AAPL,Apple,24.987077713012695,25.244561385863125,24.95125483346179,25.24008416649815,121868800
2015-10-13,AAPL,Apple,25.029613494873047,25.17738561645559,24.781086023465594,24.812431676777347,132197200
2015-10-14,AAPL,Apple,24.675853729248047,24.96916022058333,24.530319361136108,24.917664521660804,177849600
2015-10-15,AAPL,Apple,25.045284271240234,25.099019428488592,24.738542736703256,24.83705861516678,150694000
2015-10-16,AAPL,Apple,24.86168670654297,25.076629036153395,24.747498006740315,25.02737109866167,156930400
2015-10-19,AAPL,Apple,25.01618194580078,25.0206591645086,24.653465734903268,24.80795625757982,119036800
2015-10-20,AAPL,Apple,25.472930908203125,25.5624906474361,24.8124310342536,24.9288574995095,195871200
2015-10-21,AAPL,Apple,25.470701217651367,25.87819653738221,25.457266142176174,25.524436394920684,167180800
2015-10-22,AAPL,Apple,25.860275268554688,25.860275268554688,25.546817044869623,25.598314448531912,166616400
2015-10-23,AAPL,Apple,26.661834716796875,26.69541983460637,26.046113820393007,26.12895517501837,237467600
2015-10-26,AAPL,Apple,25.811019897460938,26.449130307785506,25.730416297397827,26.437936407238446,265335200
2015-10-27,AAPL,Apple,25.64757537841797,26.093132941527404,25.522191049403634,25.837888773055862,279537600
2015-10-28,AAPL,Apple,26.704370498657227,26.71108888783793,25.9856565952047,26.1804488844097,342205600
2015-10-29,AAPL,Apple,26.986486434936523,27.022311015545384,26.480475337201515,26.576751762325298,204909200
2015-10-30,AAPL,Apple,26.7558650970459,27.140970708994747,26.7446694911273,27.08947331326267,197461200
2015-11-02,AAPL,Apple,27.132020950317383,27.172322749614242,26.780500365198655,27.046940133228464,128813200
2015-11-03,AAPL,Apple,27.443233489990234,27.649219658086764,27.024542765268457,27.044694514435317,182076000
2015-11-04,AAPL,Apple,27.315614700317383,27.72310986768225,27.230533892435876,27.5686193690615,179544400
2015-11-05,AAPL,Apple,27.189695358276367,27.58769302350806,27.023301736159723,27.39881233945184,158210800
2015-11-06,AAPL,Apple,27.221174240112305,27.389816905665,27.12223837620962,27.232417770691246,132169200
2015-11-09,AAPL,Apple,27.11099624633789,27.38981832077774,26.994071413676664,27.19869029971431,135485600
2015-11-10,AAPL,Apple,26.256540298461914,26.5488549640257,26.09689210021531,26.28577279433153,236511600
2015-11-11,AAPL,Apple,26.108137130737305,26.40269914710894,25.905765559537567,26.16660041031104,180872000
2015-11-12,AAPL,Apple,26.02043914794922,26.26778137968767,26.00469923453464,26.141862072371055,130102400
2015-11-13,AAPL,Apple,25.260417938232422,25.986706325252037,25.2446780272083,25.90350867239789,183249600
2015-11-16,AAPL,Apple,25.674161911010742,25.687652776569372,24.95911687252824,25.044561880269672,152426800
2015-11-17,AAPL,Apple,25.563983917236328,25.869789467274707,25.480786238813977,25.840556969587904,110467600
2015-11-18,AAPL,Apple,26.373464584350586,26.418435275716188,25.970970549197364,26.029433820390178,186698800
2015-11-19,AAPL,Apple,26.7085018157959,26.926613279263847,26.25429164098788,26.45216509175698,173183200
2015-11-20,AAPL,Apple,26.825422286987305,26.964832432913365,26.72423567745348,26.80293523007651,137148400
2015-11-23,AAPL,Apple,26.476903915405273,26.922121398494113,26.384711749234285,26.81868569944101,129930000
2015-11-24,AAPL,Apple,26.730989456176758,26.836672480783694,26.335242520677838,26.382462266997976,171212800
2015-11-25,AAPL,Apple,26.539859771728516,26.80968908245708,26.515125375357012,26.805190983741163,85553200
2015-11-27,AAPL,Apple,26.490392684936523,26.625308206750216,26.44317293851058,26.598324759283052,52185600
2015-11-30,AAPL,Apple,26.600568771362305,26.850160037720876,26.476896804960564,26.530861974153236,156721200
2015-12-01,AAPL,Apple,26.38471031188965,26.715250260558896,26.276779950398975,26.701759394253102,139409600
2015-12-02,AAPL,Apple,26.14635467529297,26.557843129313408,26.10138399075898,26.384702391262085,133546400
2015-12-03,AAPL,Apple,25.903512954711914,26.26103630068144,25.68315416394497,26.20707112760899,166278000
2015-12-04,AAPL,Apple,26.76471519470215,26.814183984713008,25.88327660248548,25.923750911083282,231108000
2015-12-07,AAPL,Apple,26.596071243286133,26.951345522090133,26.4903882361906,26.753472087127797,128336800
2015-12-08,AAPL,Apple,26.584829330444336,26.668025277025105,26.27677479127488,26.42517943806766,137238000
2015-12-09,AAPL,Apple,25.99795150756836,26.463405152338424,25.876528593864638,26.452161622811104,185445600
2015-12-10,AAPL,Apple,26.121620178222656,26.294760915571914,25.973215547444934,26.092389404946253,116850800
2015-12-11,AAPL,Apple,25.449298858642578,25.9462323011803,25.375095684939055,25.901261616493006,187544800
2015-12-14,AAPL,Apple,25.291898727416992,25.336869410291904,24.687033264276362,25.224440987583034,257274800
2015-12-15,AAPL,Apple,24.844440460205078,25.363861108818906,24.812960628837228,25.170484021546596,213292400
2015-12-16,AAPL,Apple,25.035568237304688,25.181725576003608,24.46443317956414,24.974857624733634,224954000
2015-12-17,AAPL,Apple,24.504907608032227,25.240188972948975,24.504907608032227,25.18847112712789,179091200
2015-12-18,AAPL,Apple,23.841581344604492,24.62633159377458,23.792112542758858,24.48917043709668,385813200
2015-12-21,AAPL,Apple,24.133893966674805,24.142888449460955,23.738145301695116,24.122650434311574,190362400
2015-12-22,AAPL,Apple,24.11141014099121,24.221589559919604,23.936020288862252,24.14963540860604,131157600
2015-12-23,AAPL,Apple,24.42170524597168,24.4756704154377,24.104656229874962,24.120396142449295,130629600
2015-12-24,AAPL,Apple,24.29129409790039,24.50940559649959,24.273305131608815,24.50940559649959,54281600
2015-12-28,AAPL,Apple,24.01921272277832,24.214838833050326,23.87530445160877,24.19235177181853,106816800
2015-12-29,AAPL,Apple,24.450937271118164,24.606089071221,24.02820694358233,24.05069228904836,123724800
2015-12-30,AAPL,Apple,24.131643295288086,24.441945210706056,24.10016346541331,24.41496347968314,100855200
2015-12-31,AAPL,Apple,23.668439865112305,24.066435858439842,23.56950227140555,24.061939474872332,163649200
2016-01-04,AAPL,Apple,23.688674926757812,23.69317302561246,22.93540462767866,23.07256747887027,270597600
2016-01-05,AAPL,Apple,23.095050811767578,23.801101304409563,23.027594774531327,23.778615958664147,223164000
2016-01-06,AAPL,Apple,22.643085479736328,23.018597745768474,22.456455586733096,22.611605656072086,273829600
2016-01-07,AAPL,Apple,21.687448501586914,22.514922007336757,21.68295211817137,22.188880170763806,324377600
2016-01-08,AAPL,Apple,21.802122116088867,22.285564734277752,21.75715142787112,22.159645434850617,283192000
2016-01-11,AAPL,Apple,22.155153274536133,22.274327174222677,21.887572976017267,22.25409087375768,198957600
2016-01-12,AAPL,Apple,22.476694107055664,22.64084038858028,22.22485377727822,22.609360561798336,196616800
2016-01-13,AAPL,Apple,21.89881134033203,22.753268167980142,21.878575044643163,22.557642065378527,249758400
2016-01-14,AAPL,Apple,22.37775421142578,22.593618309183817,21.527795545269733,22.026978054731973,252680400
2016-01-15,AAPL,Apple,21.84035301208496,21.970770443322397,21.442357000472644,21.631235998384323,319335600
2016-01-19,AAPL,Apple,21.734670639038086,22.18213542801755,21.473835789246863,22.12817024774156,212350800
2016-01-20,AAPL,Apple,21.763896942138672,22.078696907422867,21.006128662589358,21.383888277826035,289337600
2016-01-21,AAPL,Apple,21.653717041015625,22.008989588107926,21.347911563768303,21.824607025254842,208646000
2016-01-22,AAPL,Apple,22.804983139038086,22.813977619619987,22.119170721005172,22.1776322715049,263202000
2016-01-25,AAPL,Apple,22.359773635864258,22.829723795434656,22.30805578720919,22.82747474579168,207178000
2016-01-26,AAPL,Apple,22.483440399169922,22.683562898019467,22.051715573484742,22.469949534467872,300308000
2016-01-27,AAPL,Apple,21.00613021850586,21.72792062838977,20.988141255609346,21.595255886952298,533478800
2016-01-28,AAPL,Apple,21.156782150268555,21.2534706733341,20.77452615611461,21.089326118341155,222715200
2016-01-29,AAPL,Apple,21.88756561279297,21.88756561279297,21.215244091450444,21.314181657388275,257666000
2016-02-01,AAPL,Apple,21.68294906616211,21.745908718250337,21.451346753613898,21.691943547249263,163774000
2016-02-02,AAPL,Apple,21.24448013305664,21.595256339276258,21.19950772487338,21.455844447191097,149428800
2016-02-03,AAPL,Apple,21.664962768554688,21.77514217326002,21.154538341615158,21.361406285496777,183857200
2016-02-04,AAPL,Apple,21.839038848876953,22.004075825312874,21.520271161282515,21.67174234421626,185886800
2016-02-05,AAPL,Apple,21.255760192871094,21.911383881383404,21.181156088787205,21.820952730410887,185672400
2016-02-08,AAPL,Apple,21.479583740234375,21.635575751724723,21.034211619015142,21.05455772818862,216085600
2016-02-09,AAPL,Apple,21.475061416625977,21.689835678228587,21.235420262986615,21.31680815003984,177324800
2016-02-10,AAPL,Apple,21.312278747558594,21.78251933732667,21.2738460702259,21.685306155065295,169374400
2016-02-11,AAPL,Apple,21.18341827392578,21.41401782406949,20.93247261779755,21.203766104741266,200298800
2016-02-12,AAPL,Apple,21.248981475830078,21.36428125444165,21.02742693243012,21.294197920790996,161405600
2016-02-16,AAPL,Apple,21.848085403442383,21.89556137572281,21.38914927990064,21.48183997106786,196231600
2016-02-17,AAPL,Apple,22.182674407958984,22.2030205087076,21.737302471158245,21.854861744532556,179452800
2016-02-18,AAPL,Apple,21.76216697692871,22.356748715008724,21.723732585817004,22.345444177947012,156084000
2016-02-19,AAPL,Apple,21.712438583374023,21.875214324059627,21.65818057808912,21.70339529502139,141496800
2016-02-22,AAPL,Apple,21.902341842651367,21.90686434911477,21.685308102840743,21.773478005737843,137123200
2016-02-23,AAPL,Apple,21.407238006591797,21.81643694554148,21.375587355227243,21.79382958382839,127770400
2016-02-24,AAPL,Apple,21.726003646850586,21.789304943382405,21.097509738669007,21.24672141606341,145022800
2016-02-25,AAPL,Apple,21.875215530395508,21.875215530395508,21.53383870678927,21.714701034154015,110330800
2016-02-26,AAPL,Apple,21.90911865234375,22.16006248687138,21.8345128428416,21.974679451788347,115964400
2016-02-29,AAPL,Apple,21.859392166137695,22.207551056392386,21.850348876475493,21.897824853578705,140865200
2016-03-01,AAPL,Apple,22.72752571105957,22.781783720466258,22.02442594291621,22.07642442368626,201628400
2016-03-02,AAPL,Apple,22.777259826660156,22.808910471559376,22.526314195794363,22.723001824665893,132678400
2016-03-03,AAPL,Apple,22.946821212768555,22.994297187608346,22.709439613738525,22.738830734947246,147822800
2016-03-04,AAPL,Apple,23.288196563720703,23.455493091735597,22.917430353076373,23.143507394924427,184220400
2016-03-07,AAPL,Apple,23.030466079711914,23.24749980657361,22.82473516867268,23.148025368283808,143315600
2016-03-08,AAPL,Apple,22.840564727783203,23.00560173784954,22.69813680321742,22.784045463693932,126247600
2016-03-09,AAPL,Apple,22.860904693603516,22.96489989676454,22.66873788195745,22.90385814664647,108806800
2016-03-10,AAPL,Apple,22.872211456298828,23.114113796134067,22.641613657275727,22.926471182400185,134054400
2016-03-11,AAPL,Apple,23.118637084960938,23.123157866540367,22.946818062818732,23.11411457855069,109632800
2016-03-14,AAPL,Apple,23.177412033081055,23.26558364517761,23.01011554504175,23.03950665735078,100304400
2016-03-15,AAPL,Apple,23.643131256103516,23.778777100707952,23.47809429986728,23.50296290594165,160270800
2016-03-16,AAPL,Apple,23.957380294799805,24.034245647936118,23.645392926626023,23.649915432593247,153214000
2016-03-17,AAPL,Apple,23.9189510345459,24.07042223430001,23.729045427903444,23.855648015777817,137682800
2016-03-18,AAPL,Apple,23.94607162475586,24.077196677899952,23.78103640685929,24.041023535723504,176820800
2016-03-21,AAPL,Apple,23.943819046020508,24.337192594788167,23.76973876722751,23.948339827689416,142010800
2016-03-22,AAPL,Apple,24.126941680908203,24.255805523092,23.785564871854984,23.794608160320802,129777600
2016-03-23,AAPL,Apple,23.993553161621094,24.20606610926661,23.941556413684907,24.072681497331324,102814000
2016-03-24,AAPL,Apple,23.889562606811523,24.02068771606811,23.713222775315952,23.84434788457254,104532000
2016-03-28,AAPL,Apple,23.78104019165039,24.007117191742648,23.751649077746794,23.96416200977932,77645600
2016-03-29,AAPL,Apple,24.34397315979004,24.368841769544584,23.710956824851877,23.713218077965223,124760400
2016-03-30,AAPL,Apple,24.768997192382812,24.96342356311957,24.55196346512961,24.563268005803202,182404400
2016-03-31,AAPL,Apple,24.6401309967041,24.84586188835787,24.615262389474953,24.80516796060386,103553600
2016-04-01,AAPL,Apple,24.8662109375,24.86847219065177,24.461532864872428,24.592657950382524,103496000
2016-04-04,AAPL,Apple,25.121681213378906,25.363583576296314,24.929514350220664,24.963426251062174,149424800
2016-04-05,AAPL,Apple,24.825515747070312,25.033507905725035,24.737345851757283,24.757693679430663,106314800
2016-04-06,AAPL,Apple,25.085508346557617,25.09003085329812,24.68761227010977,24.92047307197915,105616400
2016-04-07,AAPL,Apple,24.538400650024414,24.96342483867555,24.443448712905145,24.85716836030506,127207600
2016-04-08,AAPL,Apple,24.565528869628906,24.816472765264848,24.454749892241516,24.622048122439764,94326800
2016-04-11,AAPL,Apple,24.646913528442383,25.006376851669792,24.603960071767485,24.635610713456614,117630000
2016-04-12,AAPL,Apple,24.96794891357422,24.981512984063105,24.565532057315203,24.71926278907174,108929200
2016-04-13,AAPL,Apple,25.329666137695312,25.397488199719643,25.049331153367543,25.049331153367543,133029200
2016-04-14,AAPL,Apple,25.343236923217773,25.40879947460225,25.1691583538963,25.234720905280778,101895600
2016-04-15,AAPL,Apple,24.834558486938477,25.38844818035454,24.807430350412904,25.345492997748178,187756000
2016-04-18,AAPL,Apple,24.29876136779785,24.631093172522302,24.176679557461316,24.617529101873007,243286000
2016-04-19,AAPL,Apple,24.169893264770508,24.41631637059203,24.016160833443923,24.389186509241224,129539600
2016-04-20,AAPL,Apple,24.219636917114258,24.43667070655504,23.97773451093046,24.108859631060692,122444000
2016-04-21,AAPL,Apple,23.957380294799805,24.174414010799026,23.855644608505056,24.174414010799026,126210000
2016-04-22,AAPL,Apple,23.891815185546875,24.072677458496123,23.65217413999502,23.7403440237294,134732400
2016-04-25,AAPL,Apple,23.75617790222168,23.885041757555705,23.627314046887655,23.73809132344436,112126400
2016-04-26,AAPL,Apple,23.591144561767578,23.805918837312266,23.491671812669544,23.491671812669544,224064800
2016-04-27,AAPL,Apple,22.114850997924805,22.316059380175094,21.631046379386973,21.703390946883363,458408400
2016-04-28,AAPL,Apple,21.438886642456055,22.12842059645249,21.307761542083796,22.067380553082494,328970800
2016-04-29,AAPL,Apple,21.192459106445312,21.414015342196215,20.914385341232986,21.2489783607375,274126000
2016-05-02,AAPL,Apple,21.169857025146484,21.269331489435253,20.889521936951365,21.24446287336306,192640400
2016-05-03,AAPL,Apple,21.51801300048828,21.64461559249738,21.178897436323094,21.296456739641407,227325200
2016-05-04,AAPL,Apple,21.294193267822266,21.68078473240166,21.210544156545893,21.52252979686506,164102000
2016-05-05,AAPL,Apple,21.207761764526367,21.39654856740518,21.080388372382743,21.380626893387227,143562000
2016-05-06,AAPL,Apple,21.089481353759766,21.255521378366904,20.891596253887002,21.237326423641814,174799600
2016-05-09,AAPL,Apple,21.105405807495117,21.328309216431954,21.05991407635242,21.153170823695866,131745600
2016-05-10,AAPL,Apple,21.248708724975586,21.282827102134387,20.95074515080972,21.228238739879952,134747200
2016-05-11,AAPL,Apple,21.041723251342773,21.282823400083267,21.0303498824906,21.262353418548294,114876400
2016-05-12,AAPL,Apple,20.548141479492188,21.103128389042162,20.350258111337364,21.08948173891615,305258800
2016-05-13,AAPL,Apple,20.58909034729004,20.850662223051433,20.47081528916561,20.47081528916561,177571200
2016-05-16,AAPL,Apple,21.353330612182617,21.46933236491437,20.846110358379693,21.01442543613503,245039200
2016-05-17,AAPL,Apple,21.264625549316406,21.53984405433573,21.15544884972697,21.505727420296754,187667600
2016-05-18,AAPL,Apple,21.507997512817383,21.655842601257323,21.355604118958222,21.417017521776273,168249600
2016-05-19,AAPL,Apple,21.42612075805664,21.52620086154741,21.28282566605792,21.52620086154741,121768400
2016-05-20,AAPL,Apple,21.65812110900879,21.70588613259609,21.49890262838541,21.526197671292028,128104000
2016-05-23,AAPL,Apple,21.933338165283203,22.10620328824832,21.760473042318086,21.80596477748378,152074400
2016-05-24,AAPL,Apple,22.267690658569336,22.3109056293014,22.02658884800029,22.113022260128254,140560800
2016-05-25,AAPL,Apple,22.658910751342773,22.686204051643767,22.315455594789317,22.44282895707906,152675200
2016-05-26,AAPL,Apple,22.83860206604004,22.91138710164205,22.436008482138195,22.67256028167776,225324800
2016-05-27,AAPL,Apple,22.824954986572266,22.85225002723643,22.574756520813573,22.617973234698777,145364800
2016-05-31,AAPL,Apple,22.713502883911133,22.83632796179195,22.47695107488128,22.65436449782062,169228800
2016-06-01,AAPL,Apple,22.395061492919922,22.640711580710246,22.365493175722314,22.522434841256363,116693200
2016-06-02,AAPL,Apple,22.226749420166016,22.25404272110802,21.97882427950708,22.199454383892053,160766400
2016-06-03,AAPL,Apple,22.272245407104492,22.35185378183391,22.165341988753955,22.242677078014257,114019600
2016-06-06,AAPL,Apple,22.433740615844727,23.175239595545445,22.1880921269331,22.288170498218324,93170000
2016-06-07,AAPL,Apple,22.52471923828125,22.715781075657503,22.50879756311093,22.574759284625802,89638000
2016-06-08,AAPL,Apple,22.504241943359375,22.645261953230023,22.44510356823162,22.522436898117864,83392400
2016-06-09,AAPL,Apple,22.665735244750977,22.743068580032585,22.395065100601336,22.40416344628129,106405600
2016-06-10,AAPL,Apple,22.479223251342773,22.59749827322753,22.39961489667688,22.41098652715373,126851600
2016-06-13,AAPL,Apple,22.14031410217285,22.545182629756386,22.085725769651624,22.44737759401779,152082000
2016-06-14,AAPL,Apple,22.16761589050293,22.399619411239556,22.006124128394898,22.13577254221866,127727600
2016-06-15,AAPL,Apple,22.094833374023438,22.38370029764535,22.069813349604768,22.249501827096797,117780800
2016-06-16,AAPL,Apple,22.188087463378906,22.233577464826187,21.851455552539154,21.937887249421912,125307200
2016-06-17,AAPL,Apple,21.683141708374023,21.983380247009613,21.676318381298827,21.976556919934417,244032800
2016-06-20,AAPL,Apple,21.630821228027344,21.965178053686643,21.614899557059374,21.83552966570977,137647600
2016-06-21,AAPL,Apple,21.815065383911133,21.915143740976294,21.53529682349623,21.594435217670487,142185600
2016-06-22,AAPL,Apple,21.733177185058594,22.037963965891365,21.687685455233666,21.892393901115703,116876400
2016-06-23,AAPL,Apple,21.858280181884766,21.90149690056784,21.664945061213388,21.821888525624615,128960800
2016-06-24,AAPL,Apple,21.24414825439453,21.530740028973007,21.073558201605493,21.132696572465253,301245600
2016-06-27,AAPL,Apple,20.934816360473633,21.164544837606925,20.811991285630054,21.153171470640384,181958400
2016-06-28,AAPL,Apple,21.287363052368164,21.30328645642076,20.95755631372252,21.130421385071642,161779600
2016-06-29,AAPL,Apple,21.47161102294922,21.505729395454093,21.296470853912698,21.373805947279248,146124000
2016-06-30,AAPL,Apple,21.744550704956055,21.78321737716716,21.448862244401933,21.480705590379575,143345600
2016-07-01,AAPL,Apple,21.81051254272461,21.942435968436794,21.683139158082344,21.719530809980615,104106000
2016-07-05,AAPL,Apple,21.605806350708008,21.699063113797113,21.485256279657133,21.696788093022835,110820800
2016-07-06,AAPL,Apple,21.728626251220703,21.758196308224395,21.46478117041011,21.517094488393287,123796400
2016-07-07,AAPL,Apple,21.821882247924805,21.949255611191305,21.749097221010814,21.767292176240367,100558400
2016-07-08,AAPL,Apple,21.990201950073242,22.037966971404515,21.846906886079424,21.946985234678728,115648400
2016-07-11,AAPL,Apple,22.058439254760742,22.21083266988661,22.001575884758644,22.006124190812585,95179600
2016-07-12,AAPL,Apple,22.158519744873047,22.222206447769825,22.090284735483287,22.101656369381995,96670000
2016-07-13,AAPL,Apple,22.03342056274414,22.215382316531976,22.026595500252867,22.15624565760046,103568800
2016-07-14,AAPL,Apple,22.470134735107422,22.515624747577967,22.13577776391744,22.151699441815403,155676000
2016-07-15,AAPL,Apple,22.467864990234375,22.586141826966287,22.404178263686337,22.499708353508396,120548000
2016-07-18,AAPL,Apple,22.70667839050293,22.77491338448554,22.426909882711097,22.4496548807053,145975600
2016-07-19,AAPL,Apple,22.715784072875977,22.745352406284383,22.595232247443224,22.64527230039028,95119600
2016-07-20,AAPL,Apple,22.736244201660156,22.84997091439475,22.686204170403826,22.745342546918753,105104000
2016-07-21,AAPL,Apple,22.615703582763672,22.972805540062225,22.547466832571022,22.706685337909654,130808000
2016-07-22,AAPL,Apple,22.4405574798584,22.586127544295724,22.360947386682817,22.577029198351884,113254800
2016-07-25,AAPL,Apple,22.14031410217285,22.481494217261183,22.04478408642775,22.347297538285705,161531600
2016-07-26,AAPL,Apple,21.987926483154297,22.28361668767847,21.93106311577136,22.02204485065051,224959200
2016-07-27,AAPL,Apple,23.416337966918945,23.734773225354786,23.370847959427774,23.7165765282253,369379200
2016-07-28,AAPL,Apple,23.732492446899414,23.75751246554949,23.386763961975305,23.38903898239771,159479200
2016-07-29,AAPL,Apple,23.702922821044922,23.78025789317055,23.582372775259596,23.698374515782017,110934800
2016-08-01,AAPL,Apple,24.12144660949707,24.144191614543093,23.74842297367779,23.74842297367779,152671600
2016-08-02,AAPL,Apple,23.76433753967285,24.12598769708519,23.655159118655995,24.121439391570046,135266400
2016-08-03,AAPL,Apple,24.062301635742188,24.073673267492833,23.83029813577721,23.83939648237703,120810400
2016-08-04,AAPL,Apple,24.210948944091797,24.240677448708052,24.076023511408614,24.14462990019436,109634800
2016-08-05,AAPL,Apple,24.579133987426758,24.61801012849132,24.281841949882754,24.302422820540578,162213600
2016-08-08,AAPL,Apple,24.78266143798828,24.78266143798828,24.505952045252684,24.58827726386482,112148800
2016-08-09,AAPL,Apple,24.883283615112305,24.91301386456508,24.70033615226784,24.750647271588278,105260800
2016-08-10,AAPL,Apple,24.698043823242188,24.903861204049058,24.64315976993789,24.860410383452997,96034000
2016-08-11,AAPL,Apple,24.68204689025879,24.910732583026967,24.663751616101326,24.816970611519995,109938000
2016-08-12,AAPL,Apple,24.73921012878418,24.798668877758047,24.647735532993494,24.647735532993494,74641600
2016-08-15,AAPL,Apple,25.036502838134766,25.050223417235557,24.71634261616451,24.7300631952653,103472800
2016-08-16,AAPL,Apple,25.013635635375977,25.208019832624814,24.974759493819427,25.070807047570803,135177600
2016-08-17,AAPL,Apple,24.9770450592041,25.011348253023485,24.775800585987955,24.949602155202015,101424000
2016-08-18,AAPL,Apple,24.945022583007812,25.063938312624963,24.931300262285966,24.979325767713753,87938800
2016-08-19,AAPL,Apple,25.00905990600586,25.0845265804378,24.78037428268447,24.87413448098516,101472400
2016-08-22,AAPL,Apple,24.814682006835938,24.94960571176383,24.663748630408303,24.894721640668855,103280800
2016-08-23,AAPL,Apple,24.892425537109375,24.99990804103871,24.819246219819778,24.832966796582657,85030800
2016-08-24,AAPL,Apple,24.70490837097168,24.869562304003725,24.624868749284683,24.828398820745715,94700400
2016-08-25,AAPL,Apple,24.599712371826172,24.670604356571072,24.396182307137458,24.558548889937846,100344800
2016-08-26,AAPL,Apple,24.455638885498047,24.686610087776163,24.311565839318675,24.563121397811965,111065200
2016-08-29,AAPL,Apple,24.42819595336914,24.569981654814587,24.30699286337945,24.38245953082941,99881200
2016-08-30,AAPL,Apple,24.24067497253418,24.355017779008396,24.12633216605996,24.194938547837598,99455600
2016-08-31,AAPL,Apple,24.263547897338867,24.371030435457087,24.15835270431955,24.16292739451736,118649600
2016-09-01,AAPL,Apple,24.407621383666992,24.423629310159114,24.153780160196813,24.272695936319277,106806000
2016-09-02,AAPL,Apple,24.63629913330078,24.69804347430421,24.42819441099936,24.629437100093668,107210000
2016-09-06,AAPL,Apple,24.629440307617188,24.766653073907662,24.58599122670915,24.67517847795828,107521600
2016-09-07,AAPL,Apple,24.780380249023438,24.87185486932278,24.48537551454301,24.65917711863844,169457200
2016-09-08,AAPL,Apple,24.130897521972656,24.531097218777965,24.066865849640962,24.526524275639506,212008000
2016-09-09,AAPL,Apple,23.584352493286133,24.17664928520172,23.584352493286133,23.929668343134992,186228000
2016-09-12,AAPL,Apple,24.112613677978516,24.176645375997897,23.447137649135108,23.47458055317181,181171200
2016-09-13,AAPL,Apple,24.686609268188477,24.878706075139192,24.52424270519958,24.585988792864413,248704800
2016-09-14,AAPL,Apple,25.560192108154297,25.848336490600545,24.835259079485677,24.864989328027217,443554800
2016-09-15,AAPL,Apple,26.429201126098633,26.465791668436328,25.953534544107114,26.038148864713218,359934400
2016-09-16,AAPL,Apple,26.280555725097656,26.55726516534714,26.07931297166161,26.326293904105707,319547600
2016-09-19,AAPL,Apple,25.97412109375,26.568703538913528,25.898654397300007,26.342305194296905,188092000
2016-09-20,AAPL,Apple,25.971824645996094,26.09760242933149,25.729418457821776,25.852908896533055,138057200
2016-09-21,AAPL,Apple,25.967254638671875,26.067875131988767,25.713413443397382,26.03585928256072,144012800
2016-09-22,AAPL,Apple,26.211952209472656,26.28513155432334,26.070166465503682,26.15020610131955,124296000
2016-09-23,AAPL,Apple,25.775161743164062,26.250828357102467,25.509887272331664,26.166214030813464,209924800
2016-09-26,AAPL,Apple,25.81403923034668,25.930669417027655,25.50988859840866,25.530469472375913,119477600
2016-09-27,AAPL,Apple,25.86205291748047,25.882635528145318,25.69053872244807,25.841472051548237,98429600
2016-09-28,AAPL,Apple,26.058719635009766,26.216513234392174,25.939803907974085,25.99926264385813,118564400
2016-09-29,AAPL,Apple,25.65395736694336,26.024428763645872,25.567057444388357,25.878070081062116,143548000
2016-09-30,AAPL,Apple,25.8529052734375,25.926084588559075,25.5670483011294,25.717979875247178,145516400
2016-10-03,AAPL,Apple,25.731708526611328,25.852913386481216,25.676824459229802,25.7751593583521,86807200
2016-10-04,AAPL,Apple,25.84147834777832,26.1410559897787,25.75686402950913,25.855198928409468,118947200
2016-10-05,AAPL,Apple,25.8529052734375,25.992403615502454,25.77057832583417,25.932944876737267,85812400
2016-10-06,AAPL,Apple,26.045007705688477,26.147915547003027,25.87120612872349,26.001556875263983,115117200
2016-10-07,AAPL,Apple,26.083879470825195,26.19822227298695,25.958103435286883,26.141050871906074,97433600
2016-10-10,AAPL,Apple,26.538970947265625,26.6990502077917,26.234818607533,26.303423257158567,144944000
2016-10-11,AAPL,Apple,26.596139907836914,27.142698433019806,26.57326994867143,26.916298399358585,256164000
2016-10-12,AAPL,Apple,26.83397674560547,26.980337185370352,26.69905303242109,26.83626409092157,150347200
2016-10-13,AAPL,Apple,26.75164794921875,26.856843138239455,26.46350354336801,26.708197117656685,140769600
2016-10-14,AAPL,Apple,26.90028953552246,27.02377998282595,26.78594672261918,26.9574609419741,142608800
2016-10-17,AAPL,Apple,26.881999969482422,26.948317275365774,26.70591103463414,26.831688845240055,94499600
2016-10-18,AAPL,Apple,26.86370086669922,27.03292774205229,26.85912617711156,27.026067452403673,98214000
2016-10-19,AAPL,Apple,26.783658981323242,26.93001763056003,26.02442283413263,26.81338748219759,80138400
2016-10-20,AAPL,Apple,26.769941329956055,26.843120667344646,26.603001784381934,26.72420489836307,96503200
2016-10-21,AAPL,Apple,26.66474723815918,26.735640978196923,26.591567897760907,26.71277101672682,92770800
2016-10-24,AAPL,Apple,26.904870986938477,26.92545186096177,26.756224943859266,26.77909316324069,94154800
2016-10-25,AAPL,Apple,27.042076110839844,27.06723167005647,26.827111057437026,26.973469723024884,192516000
2016-10-26,AAPL,Apple,26.43376922607422,26.458924783136965,25.91236630646959,26.141051919961637,264536800
2016-10-27,AAPL,Apple,26.17992401123047,26.495509459962037,26.093022380690595,26.388026966230537,138248000
2016-10-28,AAPL,Apple,26.00612449645996,26.346865522917103,25.944378412668,26.040427682485216,151446800
2016-10-31,AAPL,Apple,25.964967727661133,26.122761377288192,25.887213702941654,25.99012328759394,105677600
2016-11-01,AAPL,Apple,25.49616813659668,26.01757125205121,25.276630074549164,25.94667924355464,175303200
2016-11-02,AAPL,Apple,25.51902961730957,25.692831191466432,25.43670439242786,25.475580532320077,113326800
2016-11-03,AAPL,Apple,25.245500564575195,25.62017138216034,25.18114010547502,25.50983966761461,107730400
2016-11-04,AAPL,Apple,25.0179443359375,25.342047554598118,24.850147633516197,24.946688346171584,123348000
2016-11-07,AAPL,Apple,25.378816604614258,25.401802229569288,25.160448783314564,25.302962463940972,130240000
2016-11-08,AAPL,Apple,25.52822494506836,25.67993323177175,25.215615524307584,25.355830121282235,97016800
2016-11-09,AAPL,Apple,25.486848831176758,25.587987683875674,24.836347061719003,25.256989077727034,236705600
2016-11-10,AAPL,Apple,24.77658462524414,25.535120808105646,24.32605969000553,25.535120808105646,228538000
2016-11-11,AAPL,Apple,24.923694610595703,25.024833469275595,24.491558879883993,24.62257887695074,136575600
2016-11-14,AAPL,Apple,24.298477172851562,24.781182360897954,23.92380636217132,24.758196733598787,204702000
2016-11-15,AAPL,Apple,24.620271682739258,24.7512916366715,24.40190567741561,24.496147238957615,129058000
2016-11-16,AAPL,Apple,25.282272338867188,25.337439939184023,24.50304795972101,24.5260335830077,235362000
2016-11-17,AAPL,Apple,25.27307891845703,25.36502316958602,25.015637119724733,25.24089869361549,110528000
2016-11-18,AAPL,Apple,25.29836654663086,25.408700011438132,25.206424038597554,25.220215064064362,113715600
2016-11-21,AAPL,Apple,25.68222999572754,25.741992266573043,25.286870955041636,25.312155667203456,117058400
2016-11-22,AAPL,Apple,25.698322296142578,25.84083422734658,25.60637803987788,25.73279985776237,103862000
2016-11-23,AAPL,Apple,25.567298889160156,25.631659333849804,25.36042477859301,25.597180023140183,109705600
2016-11-25,AAPL,Apple,25.696022033691406,25.714411234842505,25.50293892898638,25.54431375473098,45903600
2016-11-28,AAPL,Apple,25.645450592041016,25.852324704506927,25.604075769547833,25.61327036940083,108776000
2016-11-29,AAPL,Apple,25.620168685913086,25.75118867920456,25.300663759225262,25.4638639786802,114115200
2016-11-30,AAPL,Apple,25.404098510742188,25.79026295651753,25.346633573892827,25.652347458817204,144649200
2016-12-01,AAPL,Apple,25.16734504699707,25.500642756715852,25.06160976609378,25.36962276149973,148347600
2016-12-02,AAPL,Apple,25.26158332824707,25.30525548210449,25.02022992316411,25.093784962687124,106112000
2016-12-05,AAPL,Apple,25.07999610900879,25.291466646708102,24.882316594384022,25.28457113517083,137298000
2016-12-06,AAPL,Apple,25.27307891845703,25.367322258129196,25.09838677037175,25.169642731993623,104782000
2016-12-07,AAPL,Apple,25.521324157714844,25.55810255429244,25.091487608279657,25.114473229295417,119994800
2016-12-08,AAPL,Apple,25.771873474121094,25.843129429005632,25.422485703604107,25.482249724240802,108273200
2016-12-09,AAPL,Apple,26.192516326904297,26.364911129636067,25.815546498559403,25.815546498559403,137610400
2016-12-12,AAPL,Apple,26.043113708496094,26.433874632014717,25.856926094665106,26.04081461966854,105497600
2016-12-13,AAPL,Apple,26.477542877197266,26.645339498140288,26.14654430459981,26.16723083854187,174935200
2016-12-14,AAPL,Apple,26.477542877197266,26.70969994199189,26.429272544308564,26.4430635669366,136127200
2016-12-15,AAPL,Apple,26.622352600097656,26.83152578628217,26.486736207579288,26.521213762497187,186098000
2016-12-16,AAPL,Apple,26.65683364868164,26.778659027184773,26.58327860390481,26.771763515751104,177404400
2016-12-19,AAPL,Apple,26.81083869934082,26.980934408078816,26.6062636804516,26.617757368398863,111117600
2016-12-20,AAPL,Apple,26.882097244262695,27.008520809100734,26.820035882963577,26.83382690687655,85700000
2016-12-21,AAPL,Apple,26.907379150390625,26.985532369689977,26.843018707256185,26.84761688387467,95132800
2016-12-22,AAPL,Apple,26.73039436340332,26.780963796230967,26.580985153782812,26.744185389195962,104343600
2016-12-23,AAPL,Apple,26.783260345458984,26.783260345458984,26.569490683491168,26.569490683491168,56998000
2016-12-27,AAPL,Apple,26.9533634185791,27.07748793382228,26.77637037225981,26.783265886380324,73187600
2016-12-28,AAPL,Apple,26.838424682617188,27.128046702602873,26.709702031155068,27.01311682853819,83623600
2016-12-29,AAPL,Apple,26.831533432006836,26.918879518839184,26.755679282191622,26.767171219208755,60158000
2016-12-30,AAPL,Apple,26.622352600097656,26.939558381175733,26.532707449930143,26.813136587865635,122345200
2017-01-03,AAPL,Apple,26.698211669921875,26.739586497171988,26.37870674148132,26.61776110407188,115127600
2017-01-04,AAPL,Apple,26.6683292388916,26.780961786716674,26.606267873790532,26.629253499617192,84472400
2017-01-05,AAPL,Apple,26.80394744873047,26.861412390220124,26.620058934487233,26.645343649037947,88774400
2017-01-06,AAPL,Apple,27.102767944335938,27.160232890274713,26.771769294547475,26.843025266330446,127007600
2017-01-09,AAPL,Apple,27.351009368896484,27.452148213448933,27.109657699428972,27.111955034121088,134247600
2017-01-10,AAPL,Apple,27.378597259521484,27.44065862560375,27.192411407583823,27.30044402604622,97848400
2017-01-11,AAPL,Apple,27.525707244873047,27.567082073301073,27.261368160676803,27.29354838793295,110354400
2017-01-12,AAPL,Apple,27.41077423095703,27.422267919532228,27.17171988885633,27.330323672002628,108344800
2017-01-13,AAPL,Apple,27.36250877380371,27.49582786880538,27.309640252099264,27.378598888463156,104447600
2017-01-17,AAPL,Apple,27.583171844482422,27.63833769713795,27.174021742713133,27.201603792195478,137759200
2017-01-18,AAPL,Apple,27.58087730407715,27.69810629478152,27.516516839750395,27.583176393143425,94852000
2017-01-19,AAPL,Apple,27.532604217529297,27.603860188276872,27.438362619478404,27.445258132300303,102389200
2017-01-20,AAPL,Apple,27.583171844482422,27.686608037422893,27.521110479456304,27.686608037422893,130391600
2017-01-23,AAPL,Apple,27.6015625,27.769359155489322,27.530304776473134,27.583173296916232,88200800
2017-01-24,AAPL,Apple,27.576274871826172,27.606156008413322,27.468240507232313,27.47973419636854,92844000
2017-01-25,AAPL,Apple,28.01530647277832,28.065875899766148,27.647531213354256,27.67971143894819,129510400
2017-01-26,AAPL,Apple,28.029098510742188,28.144028385883903,27.950945283726647,27.967035396098858,105350400
2017-01-27,AAPL,Apple,28.031400680541992,28.123344947252377,27.95095010480454,28.075074601809906,82251600
2017-01-30,AAPL,Apple,27.957841873168945,27.957841873168945,27.73487937990102,27.79694074324554,121510000
2017-01-31,AAPL,Apple,27.893482208251953,27.902676809319985,27.725685561410188,27.847510956602637,196804000
2017-02-01,AAPL,Apple,29.594444274902344,29.994401522323454,29.19448878117204,29.199085204775255,447940000
2017-02-02,AAPL,Apple,29.543880462646484,29.74156003528585,29.37148560885805,29.417458622082982,134841600
2017-02-03,AAPL,Apple,29.670303344726562,29.695588062970586,29.458832750041203,29.493310317018416,98029200
2017-02-06,AAPL,Apple,29.948427200317383,29.996699294153608,29.62892226767109,29.6817925388683,107383600
2017-02-07,AAPL,Apple,30.233455657958984,30.36217656964027,29.98520668226717,30.005893220062706,152735200
2017-02-08,AAPL,Apple,30.35067367553711,30.39205024596234,30.16219054269981,30.192073426485774,92016400
2017-02-09,AAPL,Apple,30.569990158081055,30.57691556512335,30.26987627009407,30.39222982462463,113399600
2017-02-10,AAPL,Apple,30.500743865966797,30.690047788828956,30.484585751077166,30.579237712508245,80262000
2017-02-13,AAPL,Apple,30.770841598510742,30.893198705813756,30.646180718408644,30.722363737255407,92141600
2017-02-14,AAPL,Apple,31.170225143432617,31.186383256072688,30.76160842049049,30.812397098939268,132904800
2017-02-15,AAPL,Apple,31.283344268798828,31.45879735793977,31.077882248032616,31.285655086869752,142492400
2017-02-16,AAPL,Apple,31.246402740478516,31.37337089198569,31.12866376877793,31.32027492739609,90338400
2017-02-17,AAPL,Apple,31.331825256347656,31.35721959668532,31.188695441310898,31.188695441310898,88792800
2017-02-21,AAPL,Apple,31.558061599731445,31.56960512147816,31.391844749825925,31.449558835971224,98028800
2017-02-22,AAPL,Apple,31.65271759033203,31.655024885940847,31.421861216256996,31.495733424214876,83347600
2017-02-23,AAPL,Apple,31.51881980895996,31.738132655209306,31.465723830362226,31.715049131839642,83152800
2017-02-24,AAPL,Apple,31.548830032348633,31.548830032348633,31.23024713812225,31.375687767675753,87106400
2017-02-27,AAPL,Apple,31.61115837097168,31.728897364137968,31.4611031522397,31.65963975449692,81029600
2017-02-28,AAPL,Apple,31.625,31.72888461141327,31.558049712640447,31.645776217765267,93931600
2017-03-01,AAPL,Apple,32.27139663696289,32.35450503559071,31.76582436144641,31.83277113023044,145658400
2017-03-02,AAPL,Apple,32.07979202270508,32.38452049769571,32.03361794603871,32.31988101746778,104844000
2017-03-03,AAPL,Apple,32.269100189208984,32.280643711179444,31.994380570218482,32.038243840153214,84432400
2017-03-06,AAPL,Apple,32.16752624511719,32.26679631749007,31.99669478314653,32.17445165451661,87000000
2017-03-07,AAPL,Apple,32.20906448364258,32.315256384336635,32.04053688751025,32.10286906036175,69785200
2017-03-08,AAPL,Apple,32.08903884887695,32.27372466907175,32.04748638869236,32.07749532462934,74828800
2017-03-09,AAPL,Apple,32.0151481628418,32.0405424952935,31.638854810714165,32.02900249902331,88623600
2017-03-10,AAPL,Apple,32.1213493347168,32.1721380086802,32.00592117072506,32.1467436716985,78451200
2017-03-13,AAPL,Apple,32.13521194458008,32.18830793317815,32.04748890311137,32.0544143136855,69686800
2017-03-14,AAPL,Apple,32.08673095703125,32.23909349746687,32.052100384931684,32.158295874412474,61236400
2017-03-15,AAPL,Apple,32.426082611083984,32.49302939880526,32.09595621777302,32.18368275296958,102767200
2017-03-16,AAPL,Apple,32.479190826416016,32.55537386897695,32.379920732440446,32.48611623732251,76928000
2017-03-17,AAPL,Apple,32.31758117675781,32.550744818317526,32.294494133099576,32.550744818317526,175540000
2017-03-20,AAPL,Apple,32.65694046020508,32.66617316416422,32.37298461657809,32.412229772933976,86168000
2017-03-21,AAPL,Apple,32.28293991088867,32.966276019169946,32.257545580317036,32.80698462945579,158119600
2017-03-22,AAPL,Apple,32.647708892822266,32.68926487303964,32.26448645594441,32.2852662073475,103440800
2017-03-23,AAPL,Apple,32.53227233886719,32.684638356177594,32.460707442957485,32.61076264260119,81385200
2017-03-24,AAPL,Apple,32.467647552490234,32.72159102966265,32.40070073901178,32.66618421939153,89582400
2017-03-27,AAPL,Apple,32.52304458618164,32.60153490186237,32.001306966753184,32.17906734733827,94300400
2017-03-28,AAPL,Apple,33.197139739990234,33.252543002700264,32.46301480579109,32.529965111682934,133499200
2017-03-29,AAPL,Apple,33.2710075378418,33.35642676088705,33.05631287801409,33.16943020616903,116760000
2017-03-30,AAPL,Apple,33.22714614868164,33.35873593282274,33.12787962878936,33.287171042186415,84829200
2017-03-31,AAPL,Apple,33.164825439453125,33.30564795960182,33.014766692278144,33.178676257404064,78646800
2017-04-03,AAPL,Apple,33.17405319213867,33.27101242591104,33.02399798995029,33.17636400984456,79942800
2017-04-04,AAPL,Apple,33.42106628417969,33.44876791191297,33.051694808994476,33.070163735012486,79565600
2017-04-05,AAPL,Apple,33.247928619384766,33.58036228806485,33.19944724162395,33.29409917945968,110871600
2017-04-06,AAPL,Apple,33.164825439453125,33.3633620494564,33.11634405403635,33.310262550526474,84596000
2017-04-07,AAPL,Apple,33.09095001220703,33.28486851044707,33.07479189864796,33.18098385228909,66688800
2017-04-10,AAPL,Apple,33.051700592041016,33.21561013751287,32.989368396147434,33.15097064643362,75733600
2017-04-11,AAPL,Apple,32.69618606567383,33.093259270548934,32.33373990435652,32.998607321373136,121517600
2017-04-12,AAPL,Apple,32.73543167114258,32.81622928141407,32.55305317900341,32.68926110490339,81400000
2017-04-13,AAPL,Apple,32.56229019165039,32.869329572304196,32.56229019165039,32.7608268015999,71291600
2017-04-17,AAPL,Apple,32.74235916137695,32.75390268431767,32.52073549771646,32.661558023380536,66328400
2017-04-18,AAPL,Apple,32.59690856933594,32.79082701421264,32.57613234793934,32.64538994184889,58790000
2017-04-19,AAPL,Apple,32.476863861083984,32.78159587982304,32.4237678963356,32.75389424996957,69313600
2017-04-20,AAPL,Apple,32.883174896240234,32.99398494389246,32.58767908744237,32.60152990307541,93278400
2017-04-21,AAPL,Apple,32.84392547607422,32.93857387812894,32.746966256655696,32.8831706227969,69283600
2017-04-24,AAPL,Apple,33.16020202636719,33.23176692273539,33.054006568067706,33.12788228211742,68537200
2017-04-25,AAPL,Apple,33.36567687988281,33.451092624928684,33.2133108028367,33.2225470319488,75486000
2017-04-26,AAPL,Apple,33.169429779052734,33.38182066395403,33.10017571070166,33.35180821927697,80164800
2017-04-27,AAPL,Apple,33.19484329223633,33.280262563538486,33.08403319625909,33.22485575425515,56985200
2017-04-28,AAPL,Apple,33.16250991821289,33.31256864410618,33.07478690943521,33.26408726556515,83441600
2017-05-01,AAPL,Apple,33.83891296386719,33.98204272608886,33.46492692833977,33.49724666569909,134411600
2017-05-02,AAPL,Apple,34.053611755371094,34.18750883290929,33.89893845612549,34.0605371626069,181408800
2017-05-03,AAPL,Apple,33.94972229003906,34.04899231726287,33.3056348507098,33.6103632934567,182788000
2017-05-04,AAPL,Apple,33.82737731933594,33.96819981973374,33.66116048206023,33.82507002419722,93487600
2017-05-05,AAPL,Apple,34.38836669921875,34.392981290391695,33.8804798630999,33.8804798630999,109310800
2017-05-08,AAPL,Apple,35.32333755493164,35.48262903932177,34.404530041708924,34.404530041708924,195009600
2017-05-09,AAPL,Apple,35.549564361572266,35.755026336086395,35.424899981815805,35.52185920907765,156521600
2017-05-10,AAPL,Apple,35.381038665771484,35.53802279658451,35.1155553043252,35.46645790032966,103222800
2017-05-11,AAPL,Apple,35.687034606933594,35.7148541231763,35.3068675648166,35.33932071949261,109020400
2017-05-12,AAPL,Apple,36.185428619384766,36.259605746800744,35.853939522534674,35.86089351769465,130108000
2017-05-15,AAPL,Apple,36.09268569946289,36.31290369522658,35.942011159500126,36.16454597351058,104038800
2017-05-16,AAPL,Apple,36.03938293457031,36.17614953767241,35.865526004045456,36.14833356066949,80194000
2017-05-17,AAPL,Apple,34.829315185546875,35.83073213529121,34.70413983539181,35.60587703881045,203070800
2017-05-18,AAPL,Apple,35.36018371582031,35.54563183518866,35.03333534048926,35.065788496094065,134272800
2017-05-19,AAPL,Apple,35.48073196411133,35.69399610209961,35.38105565992162,35.55491264017472,107843200
2017-05-22,AAPL,Apple,35.69629669189453,35.833063258380626,35.44594235450977,35.69861351031507,91865600
2017-05-23,AAPL,Apple,35.652259826660156,35.907247854130745,35.5386720320429,35.907247854130745,79675600
2017-05-24,AAPL,Apple,35.54563522338867,35.73803735607429,35.3903234255379,35.6615398669008,76712000
2017-05-25,AAPL,Apple,35.66849136352539,35.779762360234024,35.47377242497843,35.636038207100896,76942400
2017-05-26,AAPL,Apple,35.608211517333984,35.75425244588684,35.538668049588445,35.69861696426487,87710400
2017-05-30,AAPL,Apple,35.622127532958984,35.79830129211459,35.54331323574162,35.56417521962942,80507600
2017-05-31,AAPL,Apple,35.411170959472656,35.73802276968402,35.32308587160289,35.69166163862716,97804800
2017-06-01,AAPL,Apple,35.50852966308594,35.543303163506685,35.28599482375414,35.50621284457555,65616400
2017-06-02,AAPL,Apple,36.03474807739258,36.03474807739258,35.44131694896753,35.60126590128008,111082800
2017-06-05,AAPL,Apple,35.682395935058594,35.80293773471264,35.57344884238732,35.77743857588445,101326800
2017-06-06,AAPL,Apple,35.80293655395508,36.11819726310274,35.647624786988494,35.67544076401883,106499600
2017-06-07,AAPL,Apple,36.01620101928711,36.15760479926238,35.8098909341227,35.93506990636486,84278400
2017-06-08,AAPL,Apple,35.9281120300293,36.05560427043574,35.79134190296804,35.98838115344194,85003200
2017-06-09,AAPL,Apple,34.53492736816406,35.97446379566828,33.84877424128078,35.97446379566828,259530800
2017-06-12,AAPL,Apple,33.70969772338867,33.86500948267044,33.035132016753906,33.78387837463687,289229200
2017-06-13,AAPL,Apple,33.98091125488281,34.180267317025965,33.64710542644517,34.113044202442644,136661600
2017-06-14,AAPL,Apple,33.64942932128906,34.1918620809851,33.34343943399701,34.1918620809851,126124800
2017-06-15,AAPL,Apple,33.44774627685547,33.49179058864316,32.96558627709412,33.2228946180029,128661600
2017-06-16,AAPL,Apple,32.97949981689453,33.49643340429505,32.96327147313324,33.3295304773726,201444400
2017-06-19,AAPL,Apple,33.922969818115234,34.015695654119625,33.30172263396618,33.30172263396618,130165600
2017-06-20,AAPL,Apple,33.614654541015625,34.04581984224662,33.59842973452533,34.04581984224662,99600400
2017-06-21,AAPL,Apple,33.81401443481445,33.86037911488633,33.52193605085544,33.73288331894563,85063200
2017-06-22,AAPL,Apple,33.75837326049805,34.00640725294083,33.640148310575654,33.79082640541002,76425200
2017-06-23,AAPL,Apple,33.9090576171875,34.11305089394243,33.63784121266299,33.64247838816975,141757600
2017-06-26,AAPL,Apple,33.80242919921875,34.37267801840908,33.70043255523252,34.115369589126985,102769600
2017-06-27,AAPL,Apple,33.317935943603516,33.88123414935827,33.292436789645436,33.61465144213694,99047600
2017-06-28,AAPL,Apple,33.80474853515625,33.869654852137906,33.18581816721256,33.494124941439914,88329600
2017-06-29,AAPL,Apple,33.30634307861328,33.6424692374205,32.98181162398346,33.54510980103156,125997600
2017-06-30,AAPL,Apple,33.38515853881836,33.60305973033516,33.32952306317769,33.484834786739654,92096400
2017-07-03,AAPL,Apple,33.26462936401367,33.681886746388706,33.171907073320845,33.58452728002264,57111200
2017-07-05,AAPL,Apple,33.40138244628906,33.56364815781455,33.08380501536581,33.308660193167995,86278400
2017-07-06,AAPL,Apple,33.08612823486328,33.26462232063813,33.011951125440845,33.15335488794052,96515200
2017-07-07,AAPL,Apple,33.42225646972656,33.55438944203502,33.12554090823532,33.12554090823532,76806800
2017-07-10,AAPL,Apple,33.626258850097656,33.83256900007997,33.234500539684966,33.40604070708072,84362400
2017-07-11,AAPL,Apple,33.73519515991211,33.80937580737774,33.4686159744794,33.54974707837599,79127200
2017-07-12,AAPL,Apple,33.78388977050781,33.88588289468587,33.570625631923875,33.814022575254576,99538000
2017-07-13,AAPL,Apple,34.254459381103516,34.421362350960955,33.714343317138336,33.72825130843829,100797600
2017-07-14,AAPL,Apple,34.54884719848633,34.616073858148916,34.152455383178136,34.300813153683656,80528400
2017-07-17,AAPL,Apple,34.66939163208008,34.9800151850504,34.439902733258485,34.497855047042286,95174000
2017-07-18,AAPL,Apple,34.78993225097656,34.80152342076449,34.46308036345037,34.585938981519924,71475200
2017-07-19,AAPL,Apple,35.0078239440918,35.100546202803784,34.7597864194897,34.88264500399043,83692000
2017-07-20,AAPL,Apple,34.85020446777344,35.17473956492999,34.81543449245928,35.11910406729863,68974800
2017-07-21,AAPL,Apple,34.833984375,34.8733915314015,34.51176959065433,34.76907805420585,105010400
2017-07-24,AAPL,Apple,35.255863189697266,35.33699783101642,34.74820043528581,34.90583254315868,85972800
2017-07-25,AAPL,Apple,35.40654754638672,35.66153560939385,35.18864627665775,35.18864627665775,75415600
2017-07-26,AAPL,Apple,35.573429107666016,35.68237613989782,35.48070333740022,35.54792996298373,63124000
2017-07-27,AAPL,Apple,34.901187896728516,35.69629518520413,34.14549127963004,35.640659711313354,129905200
2017-07-28,AAPL,Apple,34.65547561645508,34.824695343116254,34.583615329946674,34.74588106353463,68854800
2017-07-31,AAPL,Apple,34.47697830200195,34.847874404325744,34.33789491647606,34.748194617761186,79383600
2017-08-01,AAPL,Apple,34.78296661376953,34.82237374815517,34.40279971702467,34.56274861002519,141474400
2017-08-02,AAPL,Apple,36.4265022277832,37.031524459021355,36.19933017298446,36.9225738380496,279747200
2017-08-03,AAPL,Apple,36.06256103515625,36.442728003738814,35.93506526032993,36.40563768067518,108389200
2017-08-04,AAPL,Apple,36.252655029296875,36.48678114081748,36.09038923234551,36.17847789517443,82239600
2017-08-07,AAPL,Apple,36.81362533569336,36.8391244939229,36.31755369687816,36.40795916021411,87481200
2017-08-08,AAPL,Apple,37.10801696777344,37.51368306566703,36.68844288389249,36.7649403439506,144823600
2017-08-09,AAPL,Apple,37.335208892822266,37.383890406854164,36.883181421652694,36.91795140515437,104526000
2017-08-10,AAPL,Apple,36.14600372314453,37.23512955823391,35.98542665876166,37.211856181852546,163217200
2017-08-11,AAPL,Apple,36.648677825927734,36.902344862484895,36.320545922616134,36.44388701378679,105028400
2017-08-14,AAPL,Apple,37.200218200683594,37.28399737332113,36.94422529789718,37.0768771341642,88490800
2017-08-15,AAPL,Apple,37.607486724853516,37.74711634661005,37.26771456497634,37.38872974464727,117862000
2017-08-16,AAPL,Apple,37.456199645996094,37.81924146711986,37.27002335154309,37.686593209871155,110686400
2017-08-17,AAPL,Apple,36.737091064453125,37.40034289109879,36.73243568135269,37.35612562918683,111762400
2017-08-18,AAPL,Apple,36.653324127197266,37.11876316373311,36.47180318702973,36.737103295814435,109712400
2017-08-21,AAPL,Apple,36.58584213256836,36.74408972257525,36.09712965562986,36.65332923983164,105474000
2017-08-22,AAPL,Apple,37.183929443359375,37.23512802848002,36.77434431341276,36.823213430379774,86418400
2017-08-23,AAPL,Apple,37.23046875,37.34450259602937,36.97447940218413,37.018696680257115,77596400
2017-08-24,AAPL,Apple,37.06523513793945,37.40733308128609,36.89767681666691,37.3351870546406,79275600
2017-08-25,AAPL,Apple,37.202545166015625,37.365448131007646,37.06524149202365,37.15367250100886,101920400
2017-08-28,AAPL,Apple,37.57722473144531,37.70056580462589,37.21883464818906,37.267707314457965,103864000
2017-08-29,AAPL,Apple,37.91233444213867,37.96120354836879,37.235119847665004,37.258393217976895,118067600
2017-08-30,AAPL,Apple,38.01473617553711,38.14040315773417,37.842522447101416,38.11945925253769,109078400
2017-08-31,AAPL,Apple,38.166011810302734,38.28702698837684,38.04499663222864,38.08223261794667,107140400
2017-09-01,AAPL,Apple,38.177650451660156,38.38477075015518,38.07990864741726,38.35219014874088,66364400
2017-09-05,AAPL,Apple,37.71918487548828,38.224185869992446,37.365450167215954,38.107826095654566,117874000
2017-09-06,AAPL,Apple,37.67961502075195,37.93095250636385,37.356135058449354,37.86579133057755,86606800
2017-09-07,AAPL,Apple,37.52835464477539,37.75642236834919,37.3189084629825,37.721512304037944,87714000
2017-09-08,AAPL,Apple,36.91630172729492,37.50275241073847,36.8930283529123,37.43526530665827,114446000
2017-09-11,AAPL,Apple,37.58419418334961,37.71219060129822,37.20951569681856,37.35147471472206,126323200
2017-09-12,AAPL,Apple,37.43526840209961,38.156700455393946,36.94888537604294,37.8425276303422,286856000
2017-09-13,AAPL,Apple,37.15366744995117,37.22581347915636,36.748737785023984,37.204866024990814,179629600
2017-09-14,AAPL,Apple,36.83484649658203,37.09549123082952,36.79062921823258,37.00007892341132,95042800
2017-09-15,AAPL,Apple,37.20718765258789,37.46085100664055,36.76967394026435,36.879052368345235,196458400
2017-09-18,AAPL,Apple,36.92560577392578,37.35148292120562,36.769684121809895,37.26072245054061,113077600
2017-09-19,AAPL,Apple,36.93958282470703,37.18161320848836,36.872095700029604,37.1211038370333,83242400
2017-09-20,AAPL,Apple,36.32054138183594,36.83019420658848,35.79924831851858,36.74641502768066,211805600
2017-09-21,AAPL,Apple,35.696861267089844,36.257716386209836,35.54792085693137,36.257716386209836,150046800
2017-09-22,AAPL,Apple,35.34777069091797,35.436205252199564,35.03825327745074,35.26631743173562,186581600
2017-09-25,AAPL,Apple,35.035926818847656,35.333807540538785,34.712446806182214,34.90560444698507,177549200
2017-09-26,AAPL,Apple,35.638668060302734,35.82018900645393,35.30122545789439,35.32216936298457,146640000
2017-09-27,AAPL,Apple,35.892330169677734,36.00636401155548,35.731753134529605,35.79226248169732,102016800
2017-09-28,AAPL,Apple,35.6712532043457,35.90397275998524,35.53627543595255,35.81321227532656,88022000
2017-09-29,AAPL,Apple,35.866737365722656,35.86906683396908,35.373373036019935,35.654965265399625,105199200
2017-10-02,AAPL,Apple,35.794593811035156,35.94353418263258,35.540930350989605,35.89931689948328,74795200
2017-10-03,AAPL,Apple,35.95050811767578,36.09246715768579,35.81785984643047,35.84112966630654,64921200
2017-10-04,AAPL,Apple,35.7177848815918,35.80621942052902,35.48041356815631,35.75269493428581,80655200
2017-10-05,AAPL,Apple,36.16228485107422,36.17392153688535,35.85044155703644,35.880692678923836,85135200
2017-10-06,AAPL,Apple,36.14133834838867,36.185555620680645,35.969124643414084,36.0645404887791,69630400
2017-10-09,AAPL,Apple,36.26701354980469,36.47413380572226,36.185563838522064,36.26003224743813,65051600
2017-10-10,AAPL,Apple,36.28097152709961,36.769683936536744,36.0947987530455,36.31820750231765,62468000
2017-10-11,AAPL,Apple,36.4322509765625,36.53231869152107,36.24607460227,36.29727319397591,67622400
2017-10-12,AAPL,Apple,36.30424118041992,36.623065751896675,36.241405922553476,36.3856944239882,64500400
2017-10-13,AAPL,Apple,36.534645080566406,36.602132190661905,36.39966730935674,36.4741357221856,65576800
2017-10-16,AAPL,Apple,37.20718765258789,37.235112850900606,36.68822071049617,36.7464005743257,96486000
2017-10-17,AAPL,Apple,37.34450149536133,37.437587882547504,37.05592801345531,37.183924459099835,75989200
2017-10-18,AAPL,Apple,37.17927932739258,37.400365772210506,37.14204689286132,37.33287510452323,65496800
2017-10-19,AAPL,Apple,36.29958724975586,36.55558012463436,36.07617851442355,36.47878226217081,170336800
2017-10-20,AAPL,Apple,36.36241912841797,36.71149835205078,36.294932040963324,36.446198284130546,95896400
2017-10-23,AAPL,Apple,36.34380340576172,36.69753803534452,36.18788176895651,36.5113617276158,87937200
2017-10-24,AAPL,Apple,36.56022644042969,36.6346948167297,36.35077680811347,36.37172070604001,71028800
2017-10-25,AAPL,Apple,36.399658203125,36.66495829367814,36.13435811257186,36.51601795426265,84828400
2017-10-26,AAPL,Apple,36.63239288330078,36.730134688631644,36.48577839979486,36.59050150900512,68002000
2017-10-27,AAPL,Apple,37.944923400878906,38.07291986379571,36.932591936286045,37.069895618770204,177816800
2017-10-30,AAPL,Apple,38.799007415771484,39.11318025909039,38.10084869819069,38.140410599398,178803200
2017-10-31,AAPL,Apple,39.338905334472656,39.48086438095683,38.8501964825732,39.073605228864956,144187200
2017-11-01,AAPL,Apple,38.83855438232422,39.54834951579642,38.540673728115806,39.53205744749529,134551200
2017-11-02,AAPL,Apple,39.12247848510742,39.21323895548593,38.46388182014831,38.7710732897482,165573600
2017-11-03,AAPL,Apple,40.14411544799805,40.5537005069561,39.82296138808833,40.49319471276325,237594400
2017-11-06,AAPL,Apple,40.5513801574707,40.72359389676432,39.9626000008153,40.11386628257354,140105200
2017-11-07,AAPL,Apple,40.68170166015625,40.784098824511965,40.40011300919636,40.47225549744198,97446000
2017-11-08,AAPL,Apple,41.01449203491211,41.01449203491211,40.569996871813196,40.6467947443134,97638000
2017-11-09,AAPL,Apple,40.930721282958984,40.981919875161154,40.293068348907724,40.7515262102514,117930400
2017-11-10,AAPL,Apple,40.79524230957031,40.9610687035548,40.70182129794561,40.89800756062739,100582000
2017-11-13,AAPL,Apple,40.63175582885742,40.75554027927347,40.49862713853262,40.52198417452118,67928400
2017-11-14,AAPL,Apple,40.01750183105469,40.51731174890266,39.98013199926824,40.41454649338158,99130000
2017-11-15,AAPL,Apple,39.48966979980469,39.77928067598578,39.32618122606682,39.69753460722504,116632400
2017-11-16,AAPL,Apple,39.961448669433594,40.14128429391195,39.77460308353181,39.98013002061895,94550000
2017-11-17,AAPL,Apple,39.73958206176758,40.029193003996674,39.6204696945477,39.94744691659311,87598000
2017-11-20,AAPL,Apple,39.699867248535156,39.83533022227053,39.60177410833716,39.77226907364915,65049600
2017-11-21,AAPL,Apple,40.43791198730469,40.56870286213054,39.88671932640713,39.88671932640713,100525200
2017-11-22,AAPL,Apple,40.862979888916016,40.87232056555196,40.416886849149655,40.4892886753747,102355600
2017-11-24,AAPL,Apple,40.86532211303711,40.98910659428749,40.79058243028295,40.89568555462902,56106800
2017-11-27,AAPL,Apple,40.6597900390625,40.891011914737895,40.48462292337074,40.88400551521295,82867200
2017-11-28,AAPL,Apple,40.42154312133789,40.84194111701757,40.138938761877355,40.70881603539424,105715200
2017-11-29,AAPL,Apple,39.58309555053711,40.38652928174377,39.04124713233191,40.31879956588713,166665600
2017-11-30,AAPL,Apple,40.13661575317383,40.204345451649964,39.340188625783696,39.804962967086695,166108800
2017-12-01,AAPL,Apple,39.94978332519531,40.09458700921995,39.35421438290488,39.6928701143926,159037200
2017-12-04,AAPL,Apple,39.657833099365234,40.31645955791869,39.61812898340491,40.2837618410229,130169600
2017-12-05,AAPL,Apple,39.620460510253906,40.05954716131824,39.33084963515859,39.48499753144079,109400800
2017-12-06,AAPL,Apple,39.473323822021484,39.75125621208925,38.877758487629464,39.120655316755084,114240000
2017-12-07,AAPL,Apple,39.54572296142578,39.80730466888246,39.44996409930915,39.47798969259851,102693200
2017-12-08,AAPL,Apple,39.55739212036133,39.938089671086914,39.42893912741636,39.818977353275365,93420800
2017-12-11,AAPL,Apple,40.3281364440918,40.379519077673,39.42193752142367,39.517696389805344,141095200
2017-12-12,AAPL,Apple,40.1015739440918,40.262728192300656,40.04552277169399,40.206673456120264,77636800
2017-12-13,AAPL,Apple,40.234718322753906,40.53133206264366,40.171657165390585,40.28843523854579,95273600
2017-12-14,AAPL,Apple,40.22304153442383,40.435578492024916,40.08991281467893,40.265079931953295,81906000
2017-12-15,AAPL,Apple,40.63175582885742,40.67846633705121,40.27908739364348,40.552347608549645,160677200
2017-12-18,AAPL,Apple,41.20396423339844,41.38613769523844,40.83961730971844,40.84428942929417,117684400
2017-12-19,AAPL,Apple,40.764888763427734,40.963412916005446,40.659789208915306,40.879332559638705,109745600
2017-12-20,AAPL,Apple,40.720516204833984,40.970419432330885,40.463603014151154,40.841962836989474,93902400
2017-12-21,AAPL,Apple,40.87465286254883,41.110546810628996,40.66211951438505,40.67846658865148,83799600
2017-12-22,AAPL,Apple,40.87465286254883,40.97041172139755,40.75554053135045,40.79757891984987,65397600
2017-12-26,AAPL,Apple,39.83766174316406,40.047860786838285,39.62979341351382,39.89137864298607,132742000
2017-12-27,AAPL,Apple,39.844669342041016,39.88670772653053,39.63680456990471,39.72789130008167,85992800
2017-12-28,AAPL,Apple,39.956783294677734,40.136622513297105,39.81664819065001,39.93809837655512,65920800
2017-12-29,AAPL,Apple,39.52470397949219,39.8423404676631,39.52236970108952,39.82599339127674,103999600
2018-01-02,AAPL,Apple,40.23237609863281,40.24172033918654,39.5317077360136,39.741910383069516,102223600
2018-01-03,AAPL,Apple,40.22536849975586,40.767220394628254,40.162310914925996,40.29543604668363,118071600
2018-01-04,AAPL,Apple,40.41222381591797,40.51498910093852,40.19034616714233,40.29778000963884,89738400
2018-01-05,AAPL,Apple,40.87232971191406,40.958744354322555,40.41689589359532,40.50798265725906,94640000
2018-01-08,AAPL,Apple,40.720516204833984,41.014795671065556,40.622419485639426,40.720516204833984,82271200
2018-01-09,AAPL,Apple,40.715850830078125,40.886345850079785,40.500979563989205,40.76723347672815,86336000
2018-01-10,AAPL,Apple,40.70650100708008,40.70883884947029,40.405215132825184,40.44258497322732,95839600
2018-01-11,AAPL,Apple,40.937713623046875,40.986761972950376,40.75320586895592,40.77655934108537,74670800
2018-01-12,AAPL,Apple,41.36045837402344,41.423519533337156,41.02413694272906,41.14792141899934,101672400
2018-01-16,AAPL,Apple,41.15024185180664,41.897620514162924,41.138563336313986,41.5496207096643,118263600
2018-01-17,AAPL,Apple,41.82990264892578,41.86493464152241,40.88867176747151,41.14090924173439,137547200
2018-01-18,AAPL,Apple,41.86727523803711,42.06346511753635,41.631384803459454,41.89296655774629,124773600
2018-01-19,AAPL,Apple,41.68043518066406,41.9420169476055,41.43520049226432,41.715467180242186,129700400
2018-01-22,AAPL,Apple,41.33944320678711,41.52161673920579,41.24602216177707,41.40951077243685,108434400
2018-01-23,AAPL,Apple,41.348777770996094,41.90931464951579,41.297398698487754,41.40950464867814,130756400
2018-01-24,AAPL,Apple,40.69013977050781,41.40949291091029,40.45191157556955,41.397814394375324,204420400
2018-01-25,AAPL,Apple,39.96379089355469,40.86064560766888,39.828327905935794,40.75788033680049,166116000
2018-01-26,AAPL,Apple,40.057212829589844,40.171656622698116,39.71855713477156,40.171656622698116,156572000
2018-01-29,AAPL,Apple,39.22808074951172,39.74190341255403,39.020215980944386,39.74190341255403,202561600
2018-01-30,AAPL,Apple,38.99686813354492,39.09028916200144,38.4666947094055,38.66054672904738,184192800
2018-01-31,AAPL,Apple,39.10430145263672,39.34019542667271,38.887095960590166,38.97351058898067,129915600
2018-02-01,AAPL,Apple,39.18605422973633,39.382240558791324,38.94782593657848,39.04358482234974,188923200
2018-02-02,AAPL,Apple,37.48576354980469,38.95716806545105,37.39234251164283,38.77032242534317,346375200
2018-02-05,AAPL,Apple,36.549198150634766,38.275177718301975,36.43475436997214,37.158779760529875,290954000
2018-02-06,AAPL,Apple,38.07665252685547,38.237806813801605,35.96764112765475,36.16149312762015,272975200
2018-02-07,AAPL,Apple,37.261539459228516,38.16306616794101,37.151771368454334,38.09066434552719,206434400
2018-02-08,AAPL,Apple,36.23622512817383,37.60252964965268,36.208199538410746,37.43670326139403,217562000
2018-02-09,AAPL,Apple,36.67945098876953,37.026522336386975,35.232534933914586,36.83422735479435,282690400
2018-02-12,AAPL,Apple,38.1568603515625,38.43357852431035,36.93741390436866,37.16957849038807,243278000
2018-02-13,AAPL,Apple,38.539100646972656,38.63524992743858,37.90827262494443,37.9786258442686,130196800
2018-02-14,AAPL,Apple,39.24966049194336,39.28952648112908,38.19672031477499,38.234238930394085,162579600
2018-02-15,AAPL,Apple,40.56761169433594,40.591060388671146,39.631921837320796,39.81718190932094,204588800
2018-02-16,AAPL,Apple,40.43626022338867,40.99673843696517,40.28148748108937,40.41984650482749,160704400
2018-02-20,AAPL,Apple,40.30025863647461,40.865421001998236,40.199418192113605,40.3471595876204,135722000
2018-02-21,AAPL,Apple,40.117347717285156,40.83259536786897,40.10327420960197,40.53008115148343,149886400
2018-02-22,AAPL,Apple,40.45269775390625,40.792734207769016,40.2674376980712,40.28854259462568,123967600
2018-02-23,AAPL,Apple,41.156211853027344,41.191386671149125,40.696573952461684,40.727061180375976,135249600
2018-02-26,AAPL,Apple,41.9699592590332,42.068452335634156,41.32271750780691,41.35554853334056,152648800
2018-02-27,AAPL,Apple,41.83393859863281,42.32406012321284,41.780002687557435,42.000441078447615,155712400
2018-02-28,AAPL,Apple,41.7706184387207,42.356889205391774,41.754204717976556,42.0379577651902,151128400
2018-03-01,AAPL,Apple,41.038963317871094,42.15991300108843,40.490214610015975,41.869121344243176,195208000
2018-03-02,AAPL,Apple,41.322723388671875,41.34382828416562,40.4409695860293,40.523048950701295,153816000
2018-03-05,AAPL,Apple,41.46577835083008,41.68152565643168,40.92640829766891,41.08821967144869,113605600
2018-03-06,AAPL,Apple,41.43059158325195,41.80111522190971,41.30395864315268,41.72138323820596,95154000
2018-03-07,AAPL,Apple,41.045989990234375,41.23828852566568,40.86776495945233,41.02488510072984,126814000
2018-03-08,AAPL,Apple,41.49390411376953,41.5361138952039,41.055374685629104,41.1515203805562,95096400
2018-03-09,AAPL,Apple,42.206817626953125,42.21150879652509,41.59944177584291,41.73311327128927,128740800
2018-03-12,AAPL,Apple,42.614864349365234,42.77198453917445,42.260757973375576,42.27951549540932,128828400
2018-03-13,AAPL,Apple,42.204463958740234,43.03227806800687,42.033273881705256,42.818874631326786,126774000
2018-03-14,AAPL,Apple,41.845672607421875,42.333450428842454,41.69793119458534,42.28654947219528,117473600
2018-03-15,AAPL,Apple,41.8949089050293,42.26777984416537,41.75889723169396,41.85973408922066,90975200
2018-03-16,AAPL,Apple,41.7471809387207,42.00513799817259,41.65337544393605,41.894918778246705,157618800
2018-03-19,AAPL,Apple,41.10931396484375,41.61819664868472,40.72472041870842,41.5830218279429,133787200
2018-03-20,AAPL,Apple,41.09524917602539,41.46108167074591,41.02489594742979,41.09524917602539,78597600
2018-03-21,AAPL,Apple,40.16424560546875,41.06006563057241,40.16189823187742,41.04833949755598,148219600
2018-03-22,AAPL,Apple,39.596736907958984,40.494900752679506,39.538109819601516,39.866420083077934,165963200
2018-03-23,AAPL,Apple,38.6798095703125,39.847660204185324,38.6798095703125,39.48886269872853,164115200
2018-03-26,AAPL,Apple,40.51600646972656,40.593394650495185,39.03156826403004,39.41381799919569,150164800
2018-03-27,AAPL,Apple,39.47712707519531,41.07412805446802,39.144125712586984,40.72940056098567,163690400
2018-03-28,AAPL,Apple,39.04096603393555,39.87112795674292,38.73845170572557,39.22153854365816,166674000
2018-03-29,AAPL,Apple,39.3458251953125,40.27682397461537,39.139456626102366,39.35286016214332,153594000
2018-04-02,AAPL,Apple,39.08785629272461,39.61784753834901,38.56959476044656,39.07847753168714,150347200
2018-04-03,AAPL,Apple,39.48884963989258,39.57327276492358,38.665726854574636,39.31296842760403,121112000
2018-04-04,AAPL,Apple,40.243980407714844,40.337782321799516,38.63994405999684,38.665740123117175,138422000
2018-04-05,AAPL,Apple,40.523040771484375,40.858385971022656,40.35419448498673,40.47144865181492,107732800
2018-04-06,AAPL,Apple,39.48651885986328,40.448000990287476,39.444305494278204,40.09389465436021,140021200
2018-04-09,AAPL,Apple,39.878143310546875,40.59104707856743,39.83124235894121,39.8382773227664,116070800
2018-04-10,AAPL,Apple,40.628570556640625,40.80445181446158,40.22521591910616,40.5699434707003,113634400
2018-04-11,AAPL,Apple,40.43862533569336,40.785696733727676,40.26508784751927,40.389377001781156,89726400
2018-04-12,AAPL,Apple,40.83728790283203,41.03896524660504,40.579327261385,40.66609779258834,91557200
2018-04-13,AAPL,Apple,40.97565460205078,41.235959087428064,40.76928962884035,40.98738073853551,100497200
2018-04-16,AAPL,Apple,41.231266021728516,41.318032979230495,40.999101432084586,41.046002393482574,86313600
2018-04-17,AAPL,Apple,41.79877471923828,41.962929868710894,41.369623956700956,41.388385056399805,106421600
2018-04-18,AAPL,Apple,41.70497512817383,41.93479594830305,41.479849056526675,41.697940162079504,83018000
2018-04-19,AAPL,Apple,40.523040771484375,41.13041649685922,40.490209747905006,40.748166767939104,139235200
2018-04-20,AAPL,Apple,38.862728118896484,40.152524178994675,38.79471868641738,40.00713013182585,261964400
2018-04-23,AAPL,Apple,38.75016784667969,39.14414022627035,38.480481049834914,39.12303532985958,146062000
2018-04-24,AAPL,Apple,38.21079635620117,39.005779628477015,37.8074416526787,38.85100323747827,134768000
2018-04-25,AAPL,Apple,38.37729263305664,38.792373442463585,38.08650454957621,38.135749302540106,113528400
2018-04-26,AAPL,Apple,38.5109748840332,38.86508132719194,38.311641286052215,38.48752260957143,111852000
2018-04-27,AAPL,Apple,38.06540298461914,38.53676355292393,37.66908323921262,38.45937535604153,142623200
2018-04-30,AAPL,Apple,38.754852294921875,39.22386903924131,37.9528340915333,38.020843523315335,169709600
2018-05-01,AAPL,Apple,39.65536880493164,39.678817496129916,38.757201272985704,39.02454068518083,214277600
2018-05-02,AAPL,Apple,41.40713882446289,41.68385694481844,40.757549728374016,41.092894933040135,266157600
2018-05-03,AAPL,Apple,41.4821891784668,41.62523944023905,40.9076443356587,41.24533699153512,136272800
2018-05-04,AAPL,Apple,43.109676361083984,43.20816945228311,41.782358058055685,41.80111915804322,224805200
2018-05-07,AAPL,Apple,43.42157745361328,44.01019226637602,43.32542814804816,43.426265045362086,169805600
2018-05-08,AAPL,Apple,43.630279541015625,43.67014553139931,43.07214851901718,43.38170126079182,113611200
2018-05-09,AAPL,Apple,43.93748474121094,43.946863500783344,43.43563701372067,43.74753354962685,92844800
2018-05-10,AAPL,Apple,44.565956115722656,44.64334428474215,44.00548141735058,44.02658988403787,111957200
2018-05-11,AAPL,Apple,44.39646911621094,44.74252598594442,44.1280988490821,44.608342648435915,104848800
2018-05-14,AAPL,Apple,44.29289245605469,44.61776309036825,44.22462436223415,44.49534749608727,83115200
2018-05-15,AAPL,Apple,43.89032745361328,44.03863854695123,43.57487541925094,43.97036687867035,94780800
2018-05-16,AAPL,Apple,44.29995346069336,44.36587231146577,43.78675557653705,43.80323618725819,76732400
2018-05-17,AAPL,Apple,44.01981735229492,44.471809256839805,43.87150621770076,44.2575828606732,69176000
2018-05-18,AAPL,Apple,43.85973358154297,44.212852583391616,43.81736102553501,44.06689787877009,73190800
2018-05-21,AAPL,Apple,44.17047882080078,44.556555441924544,44.00098141717452,44.25758035606822,73603200
2018-05-22,AAPL,Apple,44.05983352661133,44.46474358200202,43.970375567921366,44.34703725408873,60962800
2018-05-23,AAPL,Apple,44.342323303222656,44.37528092786658,43.73024902599362,43.86914520823956,80233600
2018-05-24,AAPL,Apple,44.29289245605469,44.455327773211465,43.83619489329493,44.4388507541978,92936000
2018-05-25,AAPL,Apple,44.39411544799805,44.64600510130118,44.17517982802782,44.311719588330504,69844000
2018-05-29,AAPL,Apple,44.23403549194336,44.43413768126005,43.991560749846364,44.16341457064285,90056400
2018-05-30,AAPL,Apple,44.13987350463867,44.25757983398438,43.970376103011894,44.19166457691975,74762000
2018-05-31,AAPL,Apple,43.99156951904297,44.31173093050286,43.81971925610215,44.07396539980083,109931200
2018-06-01,AAPL,Apple,44.7849006652832,44.78960633163015,44.19872191503412,44.255222240202905,93770000
2018-06-04,AAPL,Apple,45.15920639038086,45.5335116194763,45.04620933090354,45.11447741480749,105064800
2018-06-05,AAPL,Apple,45.507606506347656,45.65591758526855,45.2839652676697,45.4511097845576,86264000
2018-06-06,AAPL,Apple,45.665340423583984,45.68888312315127,45.18039098623548,45.582948159321724,83734400
2018-06-07,AAPL,Apple,45.54293441772461,45.717137485771346,45.279269798009615,45.703013301022914,85388800
2018-06-08,AAPL,Apple,45.12860107421875,45.19922558261393,44.674256416273806,45.003832665969014,106627200
2018-06-11,AAPL,Apple,45.01796340942383,45.192170076569795,44.77784507484562,45.04621537216592,73234000
2018-06-12,AAPL,Apple,45.26513671875,45.34282331171318,44.999119317886205,45.055619637889805,67644400
2018-06-13,AAPL,Apple,44.8931884765625,45.406389885336665,44.83198248503108,45.29809849342999,86553600
2018-06-14,AAPL,Apple,44.9167366027832,45.09800535821275,44.78019682784647,45.093296099183995,86440400
2018-06-15,AAPL,Apple,44.45533752441406,44.76608404141698,44.31879771471094,44.735479238105555,246876800
2018-06-18,AAPL,Apple,44.43178176879883,44.54477882716092,44.06924430139088,44.22932676017291,73939600
2018-06-19,AAPL,Apple,43.713775634765625,43.86443958736214,43.18645000462183,43.58429795860175,134314000
2018-06-20,AAPL,Apple,43.90446090698242,44.06924904987307,43.72319215374665,43.869150444974466,82514800
2018-06-21,AAPL,Apple,43.65963363647461,44.33997608225244,43.53721804711214,44.081020718622625,102847600
2018-06-22,AAPL,Apple,43.53252029418945,43.82207693760852,43.48072920777459,43.815014843289504,108801600
2018-06-25,AAPL,Apple,42.885128021240234,43.53251289934205,42.54613318305983,43.174684615472465,126652400
2018-06-26,AAPL,Apple,43.41715621948242,43.911524254395744,42.972226424905315,43.07816499818118,98276800
2018-06-27,AAPL,Apple,43.35358810424805,44.08807431465228,43.322983314777396,43.605477734770446,101141200
2018-06-28,AAPL,Apple,43.66904067993164,43.83618521939736,43.26883994737882,43.33946445126731,69460800
2018-06-29,AAPL,Apple,43.577232360839844,44.06689106541538,43.05932528995992,43.85501754179745,90950800
2018-07-02,AAPL,Apple,44.06454086303711,44.09279282544298,43.17939053675064,43.27355775791656,70925200
2018-07-03,AAPL,Apple,43.297096252441406,44.24580899048829,43.20763829163599,44.20814210255842,55819200
2018-07-05,AAPL,Apple,43.645503997802734,43.883273073933445,43.381842978525576,43.61254637039309,66416800
2018-07-06,AAPL,Apple,44.250526428222656,44.35881426089544,43.598432229846274,43.65022331229424,69940800
2018-07-09,AAPL,Apple,44.864933013916016,44.88847211826884,44.56360517815518,44.61068697897197,79026400
2018-07-10,AAPL,Apple,44.81079864501953,45.02973068179138,44.770775334103476,44.89554734134358,63756400
2018-07-11,AAPL,Apple,44.22933578491211,44.67661844327326,44.165773355065014,44.375290498082336,75326000
2018-07-12,AAPL,Apple,44.970882415771484,45.0603403805497,44.56597233282379,44.61776340799935,72164400
2018-07-13,AAPL,Apple,45.041507720947266,45.16156689252232,44.94027840238948,44.982654551959264,50055600
2018-07-16,AAPL,Apple,44.9426383972168,45.35225418695095,44.827284883679084,45.08624028463614,60172400
2018-07-17,AAPL,Apple,45.06975555419922,45.16862844586447,44.54007703963458,44.669554728283956,62138000
2018-07-18,AAPL,Apple,44.82256317138672,45.15214300759659,44.711918948272675,45.147433749220426,65573600
2018-07-19,AAPL,Apple,45.17098617553711,45.32871224004053,44.655431831739946,44.655431831739946,81147200
2018-07-20,AAPL,Apple,45.0673942565918,45.30045046027843,44.76841921206279,45.147433688320305,82704800
2018-07-23,AAPL,Apple,45.107418060302734,45.18981392473907,44.624821408844134,44.88848242766125,63957600
2018-07-24,AAPL,Apple,45.434654235839844,45.59002749067055,45.21101287382696,45.30517652348092,74791600
2018-07-25,AAPL,Apple,45.86310958862305,45.87017168312409,45.30046971787669,45.44878088662494,66839600
2018-07-26,AAPL,Apple,45.7194938659668,46.131466017243845,45.578244834398404,45.813657492271,76304000
2018-07-27,AAPL,Apple,44.9591064453125,45.95019527251233,44.751945758003224,45.903113461401674,96096000
2018-07-30,AAPL,Apple,44.70722961425781,45.24632315163883,44.50948379555925,45.17569861864278,84118000
2018-07-31,AAPL,Apple,44.79667663574219,45.23219152416159,44.57303531146427,44.799033061459376,157492000
2018-08-01,AAPL,Apple,47.43564987182617,47.49685586882303,46.44927027493961,46.87772303025375,271742800
2018-08-02,AAPL,Apple,48.82223129272461,49.05529111870741,47.16492775096106,47.21907165683549,249616000
2018-08-03,AAPL,Apple,48.963478088378906,49.140037574875436,48.37259004128553,48.73748036513408,133789600
2018-08-06,AAPL,Apple,49.21773147583008,49.260104034656656,48.74690610871269,48.96583818020829,101701600
2018-08-07,AAPL,Apple,48.75632095336914,49.31895712244186,48.67392507741745,49.27658456368668,102349600
2018-08-08,AAPL,Apple,48.78927230834961,48.9211028192217,48.14659677179215,48.50677784332198,90102000
2018-08-09,AAPL,Apple,49.173004150390625,49.384874135897284,48.7775089607689,49.32602096302181,93970400
2018-08-10,AAPL,Apple,49.02653121948242,49.39742705887133,48.82336614927484,48.986371143415944,98444800
2018-08-13,AAPL,Apple,49.34309005737305,49.83446612894163,49.06669169299889,49.44703548083893,103563600
2018-08-14,AAPL,Apple,49.55097579956055,49.74232821635951,49.1989794890338,49.6478343527854,82992000
2018-08-15,AAPL,Apple,49.66674041748047,49.784859564930485,49.21552440909091,49.42577634736354,115230400
2018-08-16,AAPL,Apple,50.39434814453125,50.510102586734064,49.95730591478682,50.02345234024838,114001600
2018-08-17,AAPL,Apple,51.400718688964844,51.488125687654055,50.356546060158145,50.42269248155154,141708000
2018-08-20,AAPL,Apple,50.899898529052734,51.77870156484017,50.817213693824115,51.52356740894987,121150800
2018-08-21,AAPL,Apple,50.800682067871094,51.30859657191745,50.56208268434248,51.21646377979151,104639200
2018-08-22,AAPL,Apple,50.80304718017578,51.11251877669157,50.51719725085432,50.57862151592245,76072400
2018-08-23,AAPL,Apple,50.90697479248047,51.275505835068344,50.69672292307025,50.70853195017927,75532800
2018-08-24,AAPL,Apple,51.065269470214844,51.24008349724806,50.81721854555639,51.16921489424012,73905600
2018-08-27,AAPL,Apple,51.48577117919922,51.67476252362456,51.105427405250616,51.29914091987179,82100400
2018-08-28,AAPL,Apple,51.901546478271484,52.09998575718909,51.717280918603734,51.7385414974785,91107200
2018-08-29,AAPL,Apple,52.676395416259766,52.79687921119644,51.83302687524827,52.00784084482848,109019200
2018-08-30,AAPL,Apple,53.160701751708984,53.923750413942706,52.53939389969296,52.740197886722456,195175200
2018-08-31,AAPL,Apple,53.77491760253906,54.067850745143865,53.38984807574226,53.51032829361586,173360400
2018-09-04,AAPL,Apple,53.94737243652344,54.14108594690396,53.53868123150636,53.95918507117456,109560400
2018-09-05,AAPL,Apple,53.59537124633789,54.25683907496072,53.17723213437342,54.096198793356,133332000
2018-09-06,AAPL,Apple,52.70475387573242,53.708766416493766,52.27952431399747,53.444177131020055,137160000
2018-09-07,AAPL,Apple,52.27952575683594,53.241013565604675,52.140146053637395,52.40945751605054,150479200
2018-09-10,AAPL,Apple,51.57789993286133,52.40945962051581,51.13849662341598,52.19684302288819,158066000
2018-09-11,AAPL,Apple,52.88193893432617,52.9882454363978,51.159759902867926,51.502304678303155,142996000
2018-09-12,AAPL,Apple,52.225196838378906,53.15361152271487,51.93462116666355,53.13943780306241,197114800
2018-09-13,AAPL,Apple,53.48670959472656,53.94501243257914,52.579555468815734,52.80398111284486,166825600
2018-09-14,AAPL,Apple,52.87956619262695,53.58828090480204,52.56773359371882,53.33078209117536,127997200
2018-09-17,AAPL,Apple,51.471595764160156,52.66932192659372,51.327490274311316,52.48033058839213,148780400
2018-09-18,AAPL,Apple,51.556640625,52.409460912019995,51.29205131507944,51.450330521211534,126286800
2018-09-19,AAPL,Apple,51.58735275268555,51.88265060670735,50.86210309765727,51.61806488301106,108495200
2018-09-20,AAPL,Apple,51.97951126098633,52.51104741962864,51.77162040987671,52.02912288853213,106435200
2018-09-21,AAPL,Apple,51.41961669921875,52.29369747504303,51.33220609833967,52.15667886190373,384986800
2018-09-24,AAPL,Apple,52.15903854370117,52.27007080300502,51.17629022145752,51.221176063053896,110773600
2018-09-25,AAPL,Apple,52.489768981933594,52.63860020922987,51.90153453545172,51.91334716701173,98217600
2018-09-26,AAPL,Apple,52.07164764404297,52.85832164568139,51.915729494952,52.2086662958462,95938800
2018-09-27,AAPL,Apple,53.14179611206055,53.49379241878552,52.808699298788234,52.87484932822745,120724800
2018-09-28,AAPL,Apple,53.32842254638672,53.35204420798232,52.922092477963226,53.10399333061653,91717600
2018-10-01,AAPL,Apple,53.6875,54.19777545284046,53.47252594568271,53.85050495893871,94403200
2018-10-02,AAPL,Apple,54.16470718383789,54.33479901696342,53.53867724574372,53.685143811325815,99152800
2018-10-03,AAPL,Apple,54.823814392089844,55.15454651217673,54.28282676137159,54.34661210049897,114619200
2018-10-04,AAPL,Apple,53.859962463378906,54.88996142629786,53.56229994728196,54.51906562598968,128168000
2018-10-05,AAPL,Apple,52.98587417602539,53.959178192789615,52.10943230916903,53.852871703900746,134322000
2018-10-08,AAPL,Apple,52.863037109375,53.1063622318355,52.01966478038702,52.49450599592842,118655600
2018-10-09,AAPL,Apple,53.59537124633789,53.68986871026096,52.503951672171496,52.83232269929613,107564000
2018-10-10,AAPL,Apple,51.112510681152344,53.47253222410703,51.03927739644141,53.26228031441347,167962400
2018-10-11,AAPL,Apple,50.66130447387695,51.854308651260354,50.158119328600904,50.67784288571244,212497600
2018-10-12,AAPL,Apple,52.470890045166016,52.65279454925669,51.22591316903266,52.07164673313409,161351600
2018-10-15,AAPL,Apple,51.3487548828125,52.40474032798749,51.32749430183293,52.246461106178046,123164000
2018-10-16,AAPL,Apple,52.480323791503906,52.67876665350511,51.206999816817834,51.71963636717618,116736000
2018-10-17,AAPL,Apple,52.2535400390625,52.59608478681421,51.81649782677638,52.515764645492226,91541600
2018-10-18,AAPL,Apple,51.03218460083008,51.91099112455737,50.31874412087741,51.466862088668904,130325200
2018-10-19,AAPL,Apple,51.80942153930664,52.27008550819319,51.36529237714401,51.514123661211364,132314800
2018-10-22,AAPL,Apple,52.1259765625,52.76618390607024,51.72201111053948,51.92281149157799,115168400
2018-10-23,AAPL,Apple,52.61733627319336,52.740181153507756,50.720343707537985,50.98729404224741,155071200
2018-10-24,AAPL,Apple,50.81248474121094,52.971702219608254,50.682552981710785,52.58663632017464,163702000
2018-10-25,AAPL,Apple,51.925174713134766,52.2984316284464,51.204647237524014,51.43143757260694,119423200
2018-10-26,AAPL,Apple,51.09834289550781,52.017309700274836,50.24079674850228,51.003845416593705,189033600
2018-10-29,AAPL,Apple,50.13920211791992,51.89917617134046,48.686334872902606,51.78105705896714,183742000
2018-10-30,AAPL,Apple,50.38963317871094,50.833758758546665,49.43759306012666,49.881718639962386,146640000
2018-10-31,AAPL,Apple,51.70311737060547,52.078735423459044,51.173942251347135,51.235366519793274,153435600
2018-11-01,AAPL,Apple,52.49686813354492,52.52994134683256,51.218818240233645,51.7479932575457,233292800
2018-11-02,AAPL,Apple,49.014713287353516,50.47230292231517,48.53042413230621,49.50372821693035,365314800
2018-11-05,AAPL,Apple,47.623260498046875,48.28472821545129,46.8153262420755,48.26346764140945,264654800
2018-11-06,AAPL,Apple,48.138275146484375,48.36270079071048,47.64689909334055,47.701232888220325,127531600
2018-11-07,AAPL,Apple,49.59823226928711,49.624218627473745,48.22332718492194,48.658004808488826,133697600
2018-11-08,AAPL,Apple,49.4251708984375,49.81158038382015,49.01268077134279,49.77839177248752,101450400
2018-11-09,AAPL,Apple,48.4721794128418,48.83725414465748,47.94590026761649,48.72820739840714,137463200
2018-11-12,AAPL,Apple,46.03043746948242,47.37695470965315,45.940352537920646,47.175450083987386,204542000
2018-11-13,AAPL,Apple,45.57052993774414,46.743988758610655,45.38562145044577,45.42829458759235,187531600
2018-11-14,AAPL,Apple,44.28328323364258,46.1039218061146,44.07703636390938,45.966425098721565,243204000
2018-11-15,AAPL,Apple,45.37614059448242,45.5088950350297,44.30698624887807,44.66021072748847,185915200
2018-11-16,AAPL,Apple,45.87871551513672,46.22008616964554,44.91387280704754,45.1604162701442,147713200
2018-11-19,AAPL,Apple,44.0604362487793,45.20781787683078,43.854193031994036,45.04187485083766,167701200
2018-11-20,AAPL,Apple,41.955322265625,43.019734244310634,41.60684008439357,42.28483901186508,271300800
2018-11-21,AAPL,Apple,41.90790939331055,42.73525883894707,41.85338602993736,42.60724306041743,124496800
2018-11-23,AAPL,Apple,40.84349822998047,41.86524068594316,40.79845939163042,41.47171605144784,94496000
2018-11-26,AAPL,Apple,41.39585876464844,41.474089835387204,40.362265965846845,41.30577746097213,179994000
2018-11-27,AAPL,Apple,41.3057746887207,41.43141753463873,40.50924447872487,40.65859140621429,165549600
2018-11-28,AAPL,Apple,42.89408493041992,42.97705462654023,41.46933713644964,41.896050316151936,184250000
2018-11-29,AAPL,Apple,42.56458282470703,43.3350361348104,42.126015647425476,43.301847521528224,167080000
2018-11-30,AAPL,Apple,42.33462142944336,42.749480801948096,41.96717383319612,42.7399962763246,158126000
2018-12-03,AAPL,Apple,43.81390380859375,43.84235015808843,42.95810782751556,43.72856114282213,163210000
2018-12-04,AAPL,Apple,41.88658142089844,43.237837196394814,41.787015586628954,42.896466554735234,165377200
2018-12-06,AAPL,Apple,41.41957092285156,41.43379409773715,40.40020118769581,40.717864151099256,172393600
2018-12-07,AAPL,Apple,39.94266128540039,41.36503626254481,39.89761883235829,41.127973766354074,169126400
2018-12-10,AAPL,Apple,40.205806732177734,40.32196505738388,38.71942364894465,39.11531764191258,248104000
2018-12-11,AAPL,Apple,39.975852966308594,40.7249677627777,39.58943991025158,40.694152095656555,189126800
2018-12-12,AAPL,Apple,40.0872802734375,40.75579481048931,40.06831483459586,40.3954587070733,142510800
2018-12-13,AAPL,Apple,40.52584457397461,40.90988838723615,40.193958431440095,40.416797820265124,127594400
2018-12-14,AAPL,Apple,39.229122161865234,40.08254905855672,39.181710360335394,40.06358361448707,162814800
2018-12-17,AAPL,Apple,38.86403274536133,39.909479397667184,38.57718548508604,39.221995872633826,177151600
2018-12-18,AAPL,Apple,39.36898422241211,39.7150935619969,38.97071720878755,39.20541046417102,135366000
2018-12-19,AAPL,Apple,38.140995025634766,39.69612483606224,37.71428169538635,39.352384848493756,196189200
2018-12-20,AAPL,Apple,37.178524017333984,38.43021412213326,36.81581856749373,38.0248355278653,259092000
2018-12-21,AAPL,Apple,35.732425689697266,37.49380175233447,35.471659138694456,37.185619812707245,382978400
2018-12-24,AAPL,Apple,34.807891845703125,35.92682728092065,34.75099553606444,35.120812505498044,148676800
2018-12-26,AAPL,Apple,37.25911331176758,37.27333648323871,34.78181086894606,35.156370059261675,234330000
2018-12-27,AAPL,Apple,37.017311096191406,37.16429231852565,35.575974156047664,36.94382229366778,212468400
2018-12-28,AAPL,Apple,37.036277770996094,37.579152986301054,36.638014459884026,37.337348194676096,169165600
2018-12-31,AAPL,Apple,37.39424514770508,37.77828529250411,37.095544041939455,37.58152295661812,140014000
2019-01-02,AAPL,Apple,37.43692398071289,37.65739407159221,36.56216244012711,36.718624618520415,148158800
2019-01-03,AAPL,Apple,33.70792007446289,34.54475047514119,33.66287761719509,34.13226039084803,365248800
2019-01-04,AAPL,Apple,35.14689254760742,35.21564271315385,34.0895955946681,34.262650244247524,234428400
2019-01-07,AAPL,Apple,35.068660736083984,35.282019198115606,34.587424056502364,35.2511999095662,219111200
2019-01-08,AAPL,Apple,35.73717498779297,35.99083362118485,35.20852657958671,35.455070009455085,164101200
2019-01-09,AAPL,Apple,36.34406280517578,36.63327943614389,35.471674265217295,35.86519539069432,180396400
2019-01-10,AAPL,Apple,36.46022033691406,36.50052053570231,35.76325587216913,36.15203830332984,143122800
2019-01-11,AAPL,Apple,36.10225296020508,36.43651201285764,35.917344466671175,36.24212260924212,108092800
2019-01-14,AAPL,Apple,35.55938720703125,35.860457698224735,35.37447868293772,35.7608918481196,129756800
2019-01-15,AAPL,Apple,36.287174224853516,36.3630323765045,35.57124415396462,35.62339821578827,114843600
2019-01-16,AAPL,Apple,36.730472564697266,36.95331194342955,36.270570632809374,36.28953607113632,122278800
2019-01-17,AAPL,Apple,36.94856643676758,37.37527971845507,36.33220240574262,36.555041764917604,119284800
2019-01-18,AAPL,Apple,37.176143646240234,37.427429321935136,36.97700839356735,37.33734441280423,135004000
2019-01-22,AAPL,Apple,36.34168243408203,37.154805083090615,36.18047805104972,37.0789469631182,121576000
2019-01-23,AAPL,Apple,36.48865509033203,36.7778715942405,35.962376115500966,36.54317844580408,92522400
2019-01-24,AAPL,Apple,36.1994514465332,36.621422505300714,35.971873419279106,36.53371051743065,101766000
2019-01-25,AAPL,Apple,37.39898681640625,37.48670242020263,36.58349467789878,36.85848448845611,134142000
2019-01-28,AAPL,Apple,37.05286407470703,37.05997565928791,36.42701931058658,36.93195990225978,104768400
2019-01-29,AAPL,Apple,36.6688232421875,37.4866917047765,36.5336995074683,37.04101307789164,166348800
2019-01-30,AAPL,Apple,39.174583435058594,39.38793826706386,37.984528510908085,38.70045837079162,244439200
2019-01-31,AAPL,Apple,39.45668411254883,40.06356354968348,39.01100544334011,39.37845305142474,162958400
2019-02-01,AAPL,Apple,39.47565460205078,40.058826416325836,39.33578495633769,39.579962696906414,130672400
2019-02-04,AAPL,Apple,40.59695816040039,40.69415466560486,39.655819629284345,39.68663891563872,125982000
2019-02-05,AAPL,Apple,41.29155731201172,41.50491579851415,40.857735985761174,40.978636596011086,144406400
2019-02-06,AAPL,Apple,41.3057746887207,41.62106827364478,40.97625793139639,41.40296757255128,112958400
2019-02-07,AAPL,Apple,40.523475646972656,41.23466334560738,40.381236660330636,40.86958496796045,126966800
2019-02-08,AAPL,Apple,40.57107925415039,40.63059905695286,40.097300316034534,40.233007210168395,95280000
2019-02-11,AAPL,Apple,40.3377685546875,40.761552993076776,40.29491603027586,40.723459438398876,83973600
2019-02-12,AAPL,Apple,40.68536376953125,40.71155263291125,40.40204887463883,40.4972827563848,89134000
2019-02-13,AAPL,Apple,40.51631546020508,41.06389833254654,40.454416177620466,40.80439288315696,89960800
2019-02-14,AAPL,Apple,40.66394805908203,40.77346251050303,40.325875864970385,40.40444247549523,87342800
2019-02-15,AAPL,Apple,40.57345962524414,40.87820073162931,40.4139469861832,40.77106581080337,98507200
2019-02-19,AAPL,Apple,40.694889068603516,40.81631182485076,40.35205796132108,40.40443569287842,75891200
2019-02-20,AAPL,Apple,40.956764221191406,41.263888421578514,40.70916345322064,40.75677856635345,104457600
2019-02-21,AAPL,Apple,40.7258415222168,41.03772480134233,40.544902575152015,40.902021499244135,68998800
2019-02-22,AAPL,Apple,41.180580139160156,41.18772222811312,40.802034893444805,40.84965003073191,75652800
2019-02-25,AAPL,Apple,41.480552673339844,41.8710025541568,41.413890764380966,41.463889012500914,87493600
2019-02-26,AAPL,Apple,41.50435256958008,41.73528971312466,41.22817979112253,41.35674460959103,68280800
2019-02-27,AAPL,Apple,41.63292694091797,41.663878413092874,41.12343737306422,41.23771805518607,111341600
2019-02-28,AAPL,Apple,41.223419189453125,41.64244097925039,41.16866198112314,41.5019750987165,112861600
2019-03-01,AAPL,Apple,41.65673065185547,41.699583177214194,41.16152532850225,41.49245537237755,103544800
2019-03-04,AAPL,Apple,41.866233825683594,42.31858290715454,41.41864371317076,41.82814027721426,109744800
2019-03-05,AAPL,Apple,41.7900505065918,41.90194804483561,41.554350741031215,41.8876638710685,78949600
2019-03-06,AAPL,Apple,41.54959487915039,41.780532059793444,41.41150846773898,41.58530531623897,83241600
2019-03-07,AAPL,Apple,41.068668365478516,41.53054266631523,40.95439134895012,41.39483575753706,99185600
2019-03-08,AAPL,Apple,41.16628646850586,41.2043800226722,40.35443530524196,40.549662045743496,95997600
2019-03-11,AAPL,Apple,42.59237289428711,42.64475061563465,41.74719453203529,41.78052547900183,128044000
2019-03-12,AAPL,Apple,43.070919036865234,43.48993721924746,42.704274948579794,42.85426604222394,129870400
2019-03-13,AAPL,Apple,43.26137924194336,43.63992435242317,43.073294612569825,43.389940429970174,124130000
2019-03-14,AAPL,Apple,43.7423095703125,43.83040138322581,43.46375722016386,43.7827826161151,94318000
2019-03-15,AAPL,Apple,44.311309814453125,44.59938731167194,43.744683657393075,44.00895177597191,156171600
2019-03-18,AAPL,Apple,44.76366424560547,44.85175241081099,44.23274487113642,44.235127988769825,104879200
2019-03-19,AAPL,Apple,44.40892791748047,44.99460454615995,44.26369941100965,44.8422339518956,126585600
2019-03-20,AAPL,Apple,44.796993255615234,45.11363909902574,43.98037952623001,44.337498406840204,124140800
2019-03-21,AAPL,Apple,46.44689178466797,46.742111437312964,45.18983331663441,45.239831570241165,204136800
2019-03-22,AAPL,Apple,45.48503875732422,47.06588473880765,45.420756346429926,46.50639708117386,169630800
2019-03-25,AAPL,Apple,44.93508529663086,45.706459850538906,44.42559577501445,45.594562296617404,175381200
2019-03-26,AAPL,Apple,44.470829010009766,45.9207346479957,43.94467581313153,45.63027762337992,199202000
2019-03-27,AAPL,Apple,44.87080001831055,45.17792067619841,44.413688258793016,44.93746192285677,119393600
2019-03-28,AAPL,Apple,44.93031311035156,45.1302987940568,44.64699824203542,44.9850703167183,83121600
2019-03-29,AAPL,Apple,45.22315216064453,45.254103625195796,44.88745955109944,45.194583813551674,94256000
2019-04-01,AAPL,Apple,45.5302848815918,45.635036717993124,44.84937796457391,45.62551514479362,111448000
2019-04-02,AAPL,Apple,46.192138671875,46.29689412668294,45.485042984722554,45.494564556613646,91062800
2019-04-03,AAPL,Apple,46.508785247802734,46.782574945764324,45.98500796557863,46.00881734488018,93087200
2019-04-04,AAPL,Apple,46.58974838256836,46.75164059612753,45.982645316116354,46.37547478880747,76457200
2019-04-05,AAPL,Apple,46.901611328125,46.92542070577744,46.646864791887666,46.77066701663857,74106400
2019-04-08,AAPL,Apple,47.6396598815918,47.67060771411414,46.74447956713856,46.763526343275984,103526800
2019-04-09,AAPL,Apple,47.49681854248047,48.29438562024931,47.43253611674226,47.69204530479587,143072800
2019-04-10,AAPL,Apple,47.76346206665039,47.792034049404215,47.182548065607946,47.30158770081168,86781200
2019-04-11,AAPL,Apple,47.36587905883789,47.853942381829896,47.24445991582706,47.81823193765084,83603200
2019-04-12,AAPL,Apple,47.34680938720703,47.649170988682975,46.71352147552395,47.425375959218904,111042800
2019-04-15,AAPL,Apple,47.43252944946289,47.58014105940189,47.142072464719895,47.277779385224925,70146400
2019-04-16,AAPL,Apple,47.43729019165039,47.94201703520826,47.27301492918647,47.48728843219198,102785600
2019-04-17,AAPL,Apple,48.36104202270508,48.42056183866063,47.28492273304426,47.50633470465432,115627200
2019-04-18,AAPL,Apple,48.53483200073242,48.603873379039385,48.21580670422305,48.35865206262389,96783200
2019-04-22,AAPL,Apple,48.69435119628906,48.79196456564161,48.172957030939074,48.28961717719952,77758000
2019-04-23,AAPL,Apple,49.39667892456055,49.460961335538265,48.54435482277016,48.67053652737033,93292000
2019-04-24,AAPL,Apple,49.32048797607422,49.634750631223255,49.29429911874511,49.36810308954525,70162400
2019-04-25,AAPL,Apple,48.8729133605957,49.463348946368356,48.834819804661606,49.241936964004154,74172800
2019-04-26,AAPL,Apple,48.639591217041016,48.806245964505955,48.12057656602047,48.7824365865248,74596400
2019-04-29,AAPL,Apple,48.71339797973633,49.03718592161168,48.53483853310215,48.66339973624621,88818800
2019-04-30,AAPL,Apple,47.775367736816406,48.4253231411779,47.403964648609836,48.34437705945112,186139600
2019-05-01,AAPL,Apple,50.120452880859375,51.260851075448706,49.81332856402731,49.96808228138352,259309200
2019-05-02,AAPL,Apple,49.794281005859375,50.62755850337996,49.55144275077052,49.95855629376169,127985200
2019-05-03,AAPL,Apple,50.41328430175781,50.43471056370915,50.05140280221845,50.208535988797536,83569600
2019-05-06,AAPL,Apple,49.634761810302734,49.7204704869746,48.4491281436762,48.63720915572776,129772400
2019-05-07,AAPL,Apple,48.296756744384766,49.382397541879435,47.81345615806851,49.01575709573647,155054800
2019-05-08,AAPL,Apple,48.306278228759766,48.88719217828683,48.03248854519136,48.06819897946514,105358000
2019-05-09,AAPL,Apple,47.78726577758789,48.01581981569588,46.82066463565413,47.71107867635127,139634400
2019-05-10,AAPL,Apple,47.125247955322266,47.524374640553994,46.07127795478432,47.18260833059418,164834800
2019-05-13,AAPL,Apple,44.386356353759766,45.28498038440615,43.70043870801492,44.861959909569315,229722400
2019-05-14,AAPL,Apple,45.08900451660156,45.33755885279071,44.31226720167281,44.551263298573964,146118800
2019-05-15,AAPL,Apple,45.62913131713867,45.82749850185416,44.458051979718945,44.51780099992997,106178800
2019-05-16,AAPL,Apple,45.428367614746094,45.999568003140816,45.13201121299358,45.38773872565577,132125600
2019-05-17,AAPL,Apple,45.17026138305664,45.62435249909056,44.63490882419049,44.675537722211125,131516400
2019-05-20,AAPL,Apple,43.75779342651367,44.05893083512368,43.086214994281725,43.860563641976256,154449200
2019-05-21,AAPL,Apple,44.5966682434082,44.93126128361247,44.14257352108455,44.26685249892783,113459200
2019-05-22,AAPL,Apple,43.6837043762207,44.38396480563618,43.62873629745547,44.133018185582294,118994400
2019-05-23,AAPL,Apple,42.93804931640625,43.148363449235205,42.49590497882846,42.971508631637576,146118800
2019-05-24,AAPL,Apple,42.773128509521484,43.53074564161301,42.68947842323507,43.06709266530931,94858800
2019-05-28,AAPL,Apple,42.59626770019531,43.16029856021304,42.51979085562523,42.76117556874994,111792800
2019-05-29,AAPL,Apple,42.393131256103516,42.86395388562777,42.0633154565731,42.163693385388605,113924800
2019-05-30,AAPL,Apple,42.61301040649414,42.835275055359716,42.22344555038047,42.529360302870096,84873600
2019-05-31,AAPL,Apple,41.84105682373047,42.538925128983735,41.821936694530024,42.118289580157494,108174400
2019-06-03,AAPL,Apple,41.41803741455078,42.522198564285816,40.69387930377752,41.96772934053901,161584400
2019-06-04,AAPL,Apple,42.93326187133789,42.978671716588416,41.70960293183085,41.92947891959907,123872000
2019-06-05,AAPL,Apple,43.626346588134766,44.21188995189266,43.29175350609404,44.0422011159206,119093600
2019-06-06,AAPL,Apple,44.2668571472168,44.326606171155184,43.5331373827937,43.75540564817583,90105200
2019-06-07,AAPL,Apple,45.44510269165039,45.86812677005471,44.39830235170156,44.575157115158966,122737600
2019-06-10,AAPL,Apple,46.02586364746094,46.692661078886516,45.796425815427575,45.84183565226266,104883600
2019-06-11,AAPL,Apple,46.558834075927734,46.843240045404315,46.26965080968736,46.57078461142005,107731600
2019-06-12,AAPL,Apple,46.410667419433594,46.83608031564009,46.21946975167072,46.353307025067075,73012800
2019-06-13,AAPL,Apple,46.40109634399414,47.03204596994404,46.269651392297824,46.53254494248193,86698400
2019-06-14,AAPL,Apple,46.06411361694336,46.267258131465205,45.480962498943924,45.77970764982139,75046000
2019-06-17,AAPL,Apple,46.338958740234375,46.59468634560239,45.92788511162942,46.10235126256792,58676400
2019-06-18,AAPL,Apple,47.42877197265625,47.868523890430765,46.65442699718173,46.85518283180173,106204000
2019-06-19,AAPL,Apple,47.290164947509766,47.77054952176629,47.156327692900156,47.722747376441426,84496800
2019-06-20,AAPL,Apple,47.670166015625,47.94501008519834,47.32839967976791,47.88764970557996,86056000
2019-06-21,AAPL,Apple,47.50764846801758,48.002372187149874,47.357079745361425,47.5124294115218,191202400
2019-06-24,AAPL,Apple,47.4598503112793,47.83746462139094,47.36186102609769,47.450288424202775,72881600
2019-06-25,AAPL,Apple,46.74047088623047,47.62236346699699,46.67354862052132,47.42399625849341,84281200
2019-06-26,AAPL,Apple,47.75143051147461,48.0358365075775,47.165890685446655,47.26626862875501,104270000
2019-06-27,AAPL,Apple,47.73707962036133,48.17444289617968,47.69645072327974,47.86852455047612,83598800
2019-06-28,AAPL,Apple,47.3021125793457,47.67972689411709,47.09418711775815,47.48374832133551,124442400
2019-07-01,AAPL,Apple,48.169654846191406,48.872303820169,47.954556212048495,48.556827282142194,109012000
2019-07-02,AAPL,Apple,48.45167922973633,48.54727985958251,48.12425573364212,48.13620626822179,67740800
2019-07-03,AAPL,Apple,48.85319519042969,48.86036478190862,48.44212159394522,48.58312842208585,45448000
2019-07-05,AAPL,Apple,48.81017303466797,49.013321180685026,48.49230778045325,48.59985894410412,69062000
2019-07-08,AAPL,Apple,47.80399703979492,48.133809151047075,47.419213204341766,47.99280233879046,101354400
2019-07-09,AAPL,Apple,48.095577239990234,48.160103562324515,47.51481481144376,47.60802314605108,82312000
2019-07-10,AAPL,Apple,48.5711784362793,48.69067649133362,48.1720553700128,48.2413662841474,71588400
2019-07-11,AAPL,Apple,48.21746826171875,48.84841788640936,48.207910021298474,48.590301633564366,80767200
2019-07-12,AAPL,Apple,48.587894439697266,48.75519093413285,48.324997343591306,48.38474635208902,70380800
2019-07-15,AAPL,Apple,49.04439163208008,49.202126287633234,48.75520474444894,48.77671351837103,67789600
2019-07-16,AAPL,Apple,48.874698638916016,49.259482475783514,48.63570255755212,48.89620741100897,67467200
2019-07-17,AAPL,Apple,48.5998649597168,49.01571589595333,48.58074483151867,48.76716152296089,56430000
2019-07-18,AAPL,Apple,49.151947021484375,49.204526464021136,48.6835129825546,48.75521255390398,74162400
2019-07-19,AAPL,Apple,48.418212890625,49.35268839848465,48.36324481568932,49.1829995843911,83717200
2019-07-22,AAPL,Apple,49.5247688293457,49.52715747734154,48.661992820040304,48.67155105881449,89111600
2019-07-23,AAPL,Apple,49.91194534301758,49.92867682071002,49.54150065350668,49.821129303572306,73420800
2019-07-24,AAPL,Apple,49.87131118774414,49.98602828414967,49.512817070534965,49.63231510960469,59966400
2019-07-25,AAPL,Apple,49.47697448730469,50.00754613010088,49.40766357491906,49.92389603495717,55638400
2019-07-26,AAPL,Apple,49.6490592956543,50.12465927895895,49.505660153344266,49.586917965483835,70475600
2019-07-29,AAPL,Apple,50.11270523071289,50.3421431129715,49.81635237266849,49.821133316221555,86693600
2019-07-30,AAPL,Apple,49.897605895996094,50.22742168380975,49.546281334227054,49.89282495285342,135742800
2019-07-31,AAPL,Apple,50.915733337402344,52.90657151472246,50.49988240999392,51.72354141436402,277125600
2019-08-01,AAPL,Apple,49.81394958496094,52.108313337109216,49.410049286192155,51.12125839181598,216071600
2019-08-02,AAPL,Apple,48.75998306274414,49.33596086524618,48.18878255632911,49.12086584402196,163448400
2019-08-05,AAPL,Apple,46.20751190185547,47.47658079621263,46.02587615195821,47.31884611855073,209572000
2019-08-06,AAPL,Apple,47.08222579956055,47.33795334497197,46.37479582762902,46.91731792774056,143299200
2019-08-07,AAPL,Apple,47.569786071777344,47.694065075152395,46.322229681695646,46.702232636878804,133457600
2019-08-08,AAPL,Apple,48.61896896362305,48.642870029434654,47.653426441558544,47.84701267554443,108038000
2019-08-09,AAPL,Apple,48.218345642089844,48.642973433081345,47.81050558062374,48.292715357100306,98478800
2019-08-12,AAPL,Apple,48.095985412597656,48.47263670436005,47.776912437595854,47.889667686680966,89927600
2019-08-13,AAPL,Apple,50.13277053833008,50.893266254855526,48.09598298618555,48.225533277199396,188874000
2019-08-14,AAPL,Apple,48.640567779541016,49.525814703624334,48.60218223590696,48.7389293623607,146189600
2019-08-15,AAPL,Apple,48.39826202392578,49.213934627282455,47.90165870212019,48.81089743333585,108909600
2019-08-16,AAPL,Apple,49.54021453857422,49.69855218030373,48.902068523589755,49.00762695140943,110481600
2019-08-19,AAPL,Apple,50.463844299316406,51.034813742319905,50.387073206778055,50.52861579041757,97654400
2019-08-20,AAPL,Apple,50.46624755859375,51.18356243300789,50.45665300129767,50.590998767328294,107537200
2019-08-21,AAPL,Apple,51.01322555541992,51.255527463503284,50.76372681466608,51.09719348410533,86141600
2019-08-22,AAPL,Apple,50.970035552978516,51.4450447285328,50.55979786001343,51.14516455142714,89014800
2019-08-23,AAPL,Apple,48.61417770385742,50.87167667544053,48.220735037045706,50.243125301638166,187272000
2019-08-26,AAPL,Apple,49.53781509399414,49.70574728667128,49.19475021549554,49.38667429026109,104174400
2019-08-27,AAPL,Apple,48.97883605957031,50.03201521587099,48.827695261576054,49.866480753429116,103493200
2019-08-28,AAPL,Apple,49.3074951171875,49.35307748719448,48.777309044460935,48.96443397138166,63755200
2019-08-29,AAPL,Apple,50.142372131347656,50.21674550325925,49.578599495883154,50.02002231545943,83962000
2019-08-30,AAPL,Apple,50.07760238647461,50.48783650508239,49.70814788060656,50.418265900044815,84573600
2019-09-03,AAPL,Apple,49.34828186035156,49.65535887288814,48.99322475097742,49.52341086109975,80092000
2019-09-04,AAPL,Apple,50.185550689697266,50.255121283851096,49.73693109197349,49.99362663387558,76752400
2019-09-05,AAPL,Apple,51.16676330566406,51.3322977758527,50.742131881351554,50.85968624758702,95654800
2019-09-06,AAPL,Apple,51.16196823120117,51.44025798097894,50.98204008170396,51.35149459863421,77449200
2019-09-09,AAPL,Apple,51.380279541015625,51.92486307314199,50.63657875407816,51.5410149078116,109237600
2019-09-10,AAPL,Apple,51.98722839355469,52.00642116476611,50.790109031997794,51.30590148845998,127111600
2019-09-11,AAPL,Apple,53.640174865722656,53.668965856636916,52.23433622087792,52.315906424379826,177158400
2019-09-12,AAPL,Apple,53.520206451416016,54.319087568486395,53.46502953168453,53.93044408583179,128906800
2019-09-13,AAPL,Apple,52.479034423828125,52.96843729417026,52.064001256565966,52.778914620535716,159053200
2019-09-16,AAPL,Apple,52.75491714477539,52.81009773078232,52.19354235463961,52.23432561778829,84632400
2019-09-17,AAPL,Apple,52.94685745239258,52.97564844630967,52.56780836820528,52.76933068303424,73274800
2019-09-18,AAPL,Apple,53.443450927734375,53.462643699876494,52.64456963297275,53.03321320207144,101360000
2019-09-19,AAPL,Apple,53.00922393798828,53.68095264649306,52.86767770380978,53.26112037335412,88242400
2019-09-20,AAPL,Apple,52.23433303833008,53.39307059939063,52.17195927300286,53.10998544062051,221652400
2019-09-23,AAPL,Apple,52.471839904785156,52.74053140147138,52.21514068797828,52.52701683843027,76662000
2019-09-24,AAPL,Apple,52.222328186035156,53.37627010251863,52.10477750756929,53.02600846924604,124763200
2019-09-25,AAPL,Apple,53.02602767944336,53.13878295192228,52.092800441296006,52.43106625873278,87613600
2019-09-26,AAPL,Apple,52.75252151489258,53.00442159553428,52.49822371066928,52.778911116876884,75334000
2019-09-27,AAPL,Apple,52.495826721191406,53.009221444627215,52.12637228824465,52.90845848244411,101408000
2019-09-30,AAPL,Apple,53.731327056884766,53.87766871925499,52.96843003744191,52.99481963756266,103909600
2019-10-01,AAPL,Apple,53.88007354736328,54.75092680553321,53.78651107289727,53.995230177972914,139223200
2019-10-02,AAPL,Apple,52.52942657470703,53.6377828354051,52.28232187464526,53.51303162326038,138449200
2019-10-03,AAPL,Apple,52.975643157958984,53.00922959696973,51.610587778437704,52.4022686494978,114426000
2019-10-04,AAPL,Apple,54.46063995361328,54.57579658165948,53.71214017454711,54.131972438434296,138478800
2019-10-07,AAPL,Apple,54.47264099121094,55.161164797015786,54.17995760700077,54.283118305032474,122306000
2019-10-08,AAPL,Apple,53.83449172973633,54.71254182883536,53.817700342169445,54.17515885634394,111820000
2019-10-09,AAPL,Apple,54.46543502807617,54.647760851343286,54.13196842959568,54.46543502807617,74770400
2019-10-10,AAPL,Apple,55.19955062866211,55.28351855399068,54.530219592534166,54.68135673321952,113013600
2019-10-11,AAPL,Apple,56.66776657104492,57.010827782874266,55.73213809572937,55.88567662071718,166795600
2019-10-14,AAPL,Apple,56.586185455322266,57.128371126988384,56.29830123407863,56.35347815849409,96427600
2019-10-15,AAPL,Apple,56.454246520996094,57.01321997096741,56.34868810894503,56.71094205880496,87360000
2019-10-16,AAPL,Apple,56.226341247558594,56.43506037247949,55.94565379747248,55.98643706861519,73903200
2019-10-17,AAPL,Apple,56.44465255737305,56.653368012877294,56.02242253800609,56.39907017958543,67585200
2019-10-18,AAPL,Apple,56.71574020385742,56.996427616238385,56.20714092357815,56.27911289972252,97433600
2019-10-21,AAPL,Apple,57.69934844970703,57.8145050826637,56.93405725098848,56.9820373510636,87247200
2019-10-22,AAPL,Apple,57.56740188598633,58.10478484329185,57.48583169226944,57.85528613606384,82293600
2019-10-23,AAPL,Apple,58.33988571166992,58.35428303469319,57.869675657680986,58.08079246759652,75828800
2019-10-24,AAPL,Apple,58.43585968017578,58.72854306800209,58.011228263305284,58.65896880693914,69275200
2019-10-25,AAPL,Apple,59.15558624267578,59.19157041338495,58.26794131225137,58.33511420467388,73477200
2019-10-28,AAPL,Apple,59.74812698364258,59.79610707966142,59.18914989643876,59.35708206282803,96572800
2019-10-29,AAPL,Apple,58.36627960205078,59.91606203658459,58.19355198019087,59.728937090643406,142839600
2019-10-30,AAPL,Apple,58.35908508300781,58.84849162305364,57.867284479823844,58.71894132571627,124522000
2019-10-31,AAPL,Apple,59.678565979003906,59.776927577095016,56.91966774812424,59.313914239806,139162000
2019-11-01,AAPL,Apple,61.372276306152344,61.39866224623704,59.774513921473265,59.865675001652114,151125200
2019-11-04,AAPL,Apple,61.775325775146484,61.859293701624026,61.26673008968638,61.73453884355642,103272000
2019-11-05,AAPL,Apple,61.68657302856445,61.940870915106686,61.49225119679719,61.66737659111084,79897600
2019-11-06,AAPL,Apple,61.712947845458984,61.772923889414315,61.26432820808025,61.60019258997119,75864400
2019-11-07,AAPL,Apple,62.42518615722656,62.646563835655755,62.10756018771795,62.259154734223145,94940400
2019-11-08,AAPL,Apple,62.59605026245117,62.66823466281023,61.80439373656014,62.24714185973904,69986400
2019-11-11,AAPL,Apple,63.09174346923828,63.15670943719044,62.14849224855068,62.1533020947142,81821200
2019-11-12,AAPL,Apple,63.03398513793945,63.233707563546645,62.78374097219779,62.93532822242976,87388800
2019-11-13,AAPL,Apple,63.6379508972168,63.71254389196474,62.81982920614928,62.83426608621174,102734400
2019-11-14,AAPL,Apple,63.197593688964844,63.736589975912096,63.067654461478035,63.464683238676635,89182800
2019-11-15,AAPL,Apple,63.94834518432617,63.95315502891984,63.28662806062503,63.447842302165945,100206400
2019-11-18,AAPL,Apple,64.27075958251953,64.35016237984978,63.58016893495408,63.95794354964512,86703200
2019-11-19,AAPL,Apple,64.07585906982422,64.48732464483736,63.85929862735795,64.46326074161394,76167200
2019-11-20,AAPL,Apple,63.329933166503906,64.02533382823812,62.65858906891337,63.895401946077534,106234400
2019-11-21,AAPL,Apple,63.045997619628906,63.52724639081918,62.84627526735179,63.4502448250431,121395200
2019-11-22,AAPL,Apple,62.99066162109375,63.32753434710897,62.76447407435324,63.18556681769094,65325200
2019-11-25,AAPL,Apple,64.09513092041016,64.11197639359949,63.16872535757396,63.214444588644916,84020400
2019-11-26,AAPL,Apple,63.59463119506836,64.28522211832744,63.16391141917877,64.23228445121657,105207600
2019-11-27,AAPL,Apple,64.44882202148438,64.48251295368617,63.84004273806557,63.9050086659621,65235600
2019-11-29,AAPL,Apple,64.306884765625,64.48735310453695,63.98204028692839,64.15048034055641,46617600
2019-12-02,AAPL,Apple,63.563358306884766,64.54751146820787,63.392516996208215,64.31169685356114,94487200
2019-12-03,AAPL,Apple,62.430015563964844,62.44926228863821,61.66964143204824,62.15570017026076,114430400
2019-12-04,AAPL,Apple,62.98103332519531,63.358815426886686,62.72597202752109,62.819819076069386,67181600
2019-12-05,AAPL,Apple,63.905029296875,63.9796296217953,63.21925558453559,63.47431687853907,74424400
2019-12-06,AAPL,Apple,65.13945007324219,65.20923322764743,64.31891972597421,64.36223771269803,106075600
2019-12-09,AAPL,Apple,64.22748565673828,65.16110241589925,63.74382813052384,64.96860578052659,128042400
2019-12-10,AAPL,Apple,64.60285949707031,64.98545151813082,63.972417225633926,64.6317332581653,90420400
2019-12-11,AAPL,Apple,65.15386962890625,65.23327979738657,64.60765485527283,64.68224783580021,78756800
2019-12-12,AAPL,Apple,65.31989288330078,65.58458117297278,64.32371175724688,64.43439691719212,137310400
2019-12-13,AAPL,Apple,66.20781707763672,66.24390927709698,65.19238158759332,65.31991225453659,133587600
2019-12-16,AAPL,Apple,67.34113311767578,67.56491936417281,66.64814109575056,66.65295093960472,128186000
2019-12-17,AAPL,Apple,67.4735107421875,67.8007565074222,67.08610151418986,67.27138706190554,114158400
2019-12-18,AAPL,Apple,67.31228637695312,67.83203610940059,67.16310038160984,67.32672325758145,116028400
2019-12-19,AAPL,Apple,67.3796615600586,67.65878682692495,67.12219895761189,67.25453947902584,98369200
2019-12-20,AAPL,Apple,67.2400894165039,68.01249175897426,67.02833874913236,67.91143361344899,275978000
2019-12-23,AAPL,Apple,68.33733367919922,68.39748978279006,67.46386588013625,67.50236666762733,98572000
2019-12-24,AAPL,Apple,68.40229034423828,68.55148362924618,68.07745330355267,68.50335581559546,48478800
2019-12-26,AAPL,Apple,69.75944519042969,69.77629066673295,68.50579368216118,68.5346674453802,93121200
2019-12-27,AAPL,Apple,69.73294067382812,70.73634754482153,69.32869348774332,70.05056661001181,146266000
2019-12-30,AAPL,Apple,70.1468505859375,70.42838447792381,68.63091919508567,69.65116471054014,144114400
2019-12-31,AAPL,Apple,70.65936279296875,70.66658123217782,69.6655827166298,69.76423961467027,100805600
2020-01-02,AAPL,Apple,72.27153778076172,72.3316938789073,71.02991503384398,71.28256770874596,135480400
2020-01-03,AAPL,Apple,71.56892395019531,72.32688945190185,71.34514498799838,71.5015494021164,146322800
2020-01-06,AAPL,Apple,72.1391830444336,72.17768382474937,70.4427841766351,70.6930355770511,118387200
2020-01-07,AAPL,Apple,71.79995727539062,72.40391985431343,71.5809880711534,72.14885843910916,108872000
2020-01-08,AAPL,Apple,72.95491027832031,73.25569076947626,71.50394548271495,71.50394548271495,132079200
2020-01-09,AAPL,Apple,74.50454711914062,74.69704373534724,73.67920704582386,73.92945117823741,170108400
2020-01-10,AAPL,Apple,74.6729736328125,75.23604124225797,74.17247806619659,74.73794692643483,140644800
2020-01-13,AAPL,Apple,76.268310546875,76.29478305034202,74.87028331939693,74.98819427311953,121532000
2020-01-14,AAPL,Apple,75.23843383789062,76.41509065064128,75.11572039023919,76.20574860255036,161954400
2020-01-15,AAPL,Apple,74.9159927368164,75.91699102743593,74.48527304539368,75.03871351906952,121923600
2020-01-16,AAPL,Apple,75.85440063476562,75.96509309795445,75.09643557188339,75.45737201547215,108829200
2020-01-17,AAPL,Apple,76.69424438476562,76.69664563617623,75.79671241638258,76.10230286730719,137816400
2020-01-21,AAPL,Apple,76.17449188232422,76.76401744064394,76.03733416906334,76.32367788203553,110843200
2020-01-22,AAPL,Apple,76.44637298583984,76.9973975614814,76.3525259473167,76.65811628441689,101832400
2020-01-23,AAPL,Apple,76.81453704833984,76.89393987673444,75.95309750344295,76.49931964228543,104472000
2020-01-24,AAPL,Apple,76.59315490722656,77.80108679471296,76.40305956833261,77.05996684733118,146537600
2020-01-27,AAPL,Apple,74.34091186523438,75.01946709734743,73.36156878763045,74.60800142643146,161940000
2020-01-28,AAPL,Apple,76.4439926147461,76.61483394161012,75.12055795784767,75.21921487710054,162234000
2020-01-29,AAPL,Apple,78.04413604736328,78.8887302471814,77.33188970578509,78.07060855632155,216229200
2020-01-30,AAPL,Apple,77.93103790283203,77.9839755745144,76.69904191816083,77.1297617312458,126743200
2020-01-31,AAPL,Apple,74.47565460205078,77.64467359137022,74.18209256314945,77.22358092411761,199588400
2020-02-03,AAPL,Apple,74.27112579345703,75.43333837699004,72.72150411989722,73.22199962473935,173788400
2020-02-04,AAPL,Apple,76.72310638427734,76.91320175349885,75.4670464773754,75.8712937858949,136616400
2020-02-05,AAPL,Apple,77.34872436523438,78.14519062464261,76.74716330264357,77.84681134417079,118826800
2020-02-06,AAPL,Apple,78.25344848632812,78.25585707985009,77.06236227335305,77.61820397472934,105425600
2020-02-07,AAPL,Apple,77.18978881835938,78.00261640454451,76.70016229061778,77.75418535570422,117684000
2020-02-10,AAPL,Apple,77.55643463134766,77.55643463134766,75.69923310986869,75.77882441135435,109348800
2020-02-11,AAPL,Apple,77.0884780883789,78.12320868151228,76.87140364468625,78.05085298718184,94323200
2020-02-12,AAPL,Apple,78.91915130615234,78.92397256512416,77.5370987782025,77.5370987782025,113730400
2020-02-13,AAPL,Apple,78.35718536376953,78.68280077942906,77.99057083277162,78.19317418101016,94747600
2020-02-14,AAPL,Apple,78.37647247314453,78.62490351773702,77.86996050397198,78.32581612373606,80113600
2020-02-18,AAPL,Apple,76.94135284423828,77.12224944183446,75.88250122650535,76.06339782410153,152531200
2020-02-19,AAPL,Apple,78.0556869506836,78.28482562119284,77.18256041371585,77.18256041371585,93984000
2020-02-20,AAPL,Apple,77.2549057006836,78.30410746194534,76.75080805425196,77.81689526489554,100566000
2020-02-21,AAPL,Apple,75.50626373291016,77.29111668555649,74.8912180267307,76.84972470852547,129554000
2020-02-24,AAPL,Apple,71.91964721679688,73.3668197095871,69.76095266480475,71.697751556561,222195200
2020-02-25,AAPL,Apple,69.48360443115234,72.96888275320897,69.0132775682206,72.58779705787798,230673600
2020-02-26,AAPL,Apple,70.58585357666016,71.84730854807512,69.10250289246999,69.10973846221914,198054800
2020-02-27,AAPL,Apple,65.9717788696289,68.98190082835502,65.8367100023176,67.80004455903044,320605600
2020-02-28,AAPL,Apple,65.93318939208984,67.15123091808199,61.835280759075644,62.0499482580576,426510000
2020-03-02,AAPL,Apple,72.07162475585938,72.70597008087806,66.98481268602946,68.08466354649526,341397200
2020-03-03,AAPL,Apple,69.7826919555664,73.32344054146022,68.93367898581513,73.24384925589773,319475600
2020-03-04,AAPL,Apple,73.01953125,73.17872118058433,70.70164577624014,71.50000237914564,219178400
2020-03-05,AAPL,Apple,70.65098571777344,72.25010562325896,70.28677817477744,71.27808809920204,187572800
2020-03-06,AAPL,Apple,69.71273040771484,70.14447238483373,67.83140857783133,68.01712645055636,226176800
2020-03-09,AAPL,Apple,64.19898223876953,67.07402725710449,63.434389589421244,63.61528613768005,286744800
2020-03-10,AAPL,Apple,68.8227310180664,69.08804757078283,64.9708381447339,66.84493210656007,285290000
2020-03-11,AAPL,Apple,66.43248748779297,67.82901176054172,65.57141762175021,66.90523605779914,255598800
2020-03-12,AAPL,Apple,59.87196350097656,65.12279105466,59.81648956131734,61.73158259822545,418474000
2020-03-13,AAPL,Apple,67.04511260986328,67.51544677339488,61.01040024313374,63.89027874713733,370732000
2020-03-16,AAPL,Apple,58.41996383666992,62.488927074911565,57.88692016083435,58.35725065107087,322423600
2020-03-17,AAPL,Apple,60.98869705200195,62.13437204877519,57.50100834396888,59.69829959615255,324056000
2020-03-18,AAPL,Apple,59.49568176269531,60.298863060300576,57.19226445772172,57.831434614371226,300233600
2020-03-19,AAPL,Apple,59.03983688354492,60.983872113197,58.51644306635794,59.669357314419855,271857200
2020-03-20,AAPL,Apple,55.29165267944336,60.74025764199119,54.99256896191713,59.618696461531016,401693200
2020-03-23,AAPL,Apple,54.117034912109375,55.11317353712298,51.280577065059646,55.01187186548029,336752800
2020-03-24,AAPL,Apple,59.546348571777344,59.741716345644676,56.51210862018161,57.00897078096802,287531200
2020-03-25,AAPL,Apple,59.21830368041992,62.28872050888856,58.92404495803123,60.479754763228684,303602000
2020-03-26,AAPL,Apple,62.33456802368164,62.39245259049927,59.420925829165725,59.45951799394508,252087200
2020-03-27,AAPL,Apple,59.75376892089844,61.71468565033882,59.58734345256695,60.96215693824958,204216800
2020-03-30,AAPL,Apple,61.45901870727539,61.63026911474741,60.154150297630075,60.477355032834254,167976400
2020-03-31,AAPL,Apple,61.33359146118164,63.31139348283063,60.781255481124106,61.649560602994704,197002000
2020-04-01,AAPL,Apple,58.106407165527344,59.99014337906341,57.67707948194542,59.454689089589124,176218400
2020-04-02,AAPL,Apple,59.076011657714844,59.12907496179199,57.13921209995254,57.96892520332119,165934000
2020-04-03,AAPL,Apple,58.22700119018555,59.26172817079223,57.63848363538416,58.56226275717802,129880000
2020-04-06,AAPL,Apple,63.30657196044922,63.46093322552853,60.149324308250385,60.5159387534273,201820400
2020-04-07,AAPL,Apple,62.573341369628906,65.53281460871749,62.46962908019549,65.31573278898928,202887200
2020-04-08,AAPL,Apple,64.17488861083984,64.48843981733701,63.00750327122689,63.37170347185306,168895200
2020-04-09,AAPL,Apple,64.63799285888672,65.13968372309436,63.84446480191953,64.80924699848376,161834800
2020-04-13,AAPL,Apple,65.90666198730469,66.0152028927721,64.11698836636067,64.71515578008704,131022800
2020-04-14,AAPL,Apple,69.23516082763672,69.5245983530926,67.06440146882377,67.53473560751405,194994800
2020-04-15,AAPL,Apple,68.60322570800781,69.06149562848323,67.68668586705697,68.11359919874643,131154400
2020-04-16,AAPL,Apple,69.14835357666016,69.51256121657947,68.10156576146522,69.31477909684156,157125200
2020-04-17,AAPL,Apple,68.2100830078125,69.21105020012682,66.77738117936849,68.66594602627303,215250000
2020-04-20,AAPL,Apple,66.79427337646484,67.93995209285313,66.77498097363504,67.04029751693926,130015200
2020-04-21,AAPL,Apple,64.7296142578125,66.87143078398917,64.02049912791077,66.6374709301005,180991600
2020-04-22,AAPL,Apple,66.59407043457031,67.02821933430408,65.65340957801277,65.99348871174,116862400
2020-04-23,AAPL,Apple,66.33599853515625,67.95683260093587,66.29740637160167,66.53860187329087,124814400
2020-04-24,AAPL,Apple,68.25110626220703,68.2607561453716,66.81116850929337,66.85941056441207,126161200
2020-04-27,AAPL,Apple,68.29931640625,68.62975298338314,67.52266679021487,67.96887246841614,117087600
2020-04-28,AAPL,Apple,67.1922378540039,68.94090519524222,67.10058974876348,68.76000857373481,112004800
2020-04-29,AAPL,Apple,69.39917755126953,69.86709736755677,68.47298779881385,68.67559111709774,137280800
2020-04-30,AAPL,Apple,70.86322021484375,71.0392955430697,69.5487094297081,69.93703057079283,183064000
2020-05-01,AAPL,Apple,69.72236633300781,72.11743524186343,68.94571673597511,69.0421934380716,240616800
2020-05-04,AAPL,Apple,70.70887756347656,70.83671089109956,69.05910113576175,69.74650982081866,133568000
2020-05-05,AAPL,Apple,71.7701187133789,72.59983166411055,71.02241133373455,71.16713007829493,147751200
2020-05-06,AAPL,Apple,72.51058959960938,73.14010619347668,72.08608325049667,72.46958313423785,142333600
2020-05-07,AAPL,Apple,73.26071166992188,73.6056267954184,72.83379832640894,73.1352926720061,115215200
2020-05-08,AAPL,Apple,75.0044174194336,75.05762434275802,73.59202417737812,73.91852087138595,133838400
2020-05-11,AAPL,Apple,76.1846694946289,76.67803493373073,74.30550263769149,74.51349610684939,145946400
2020-05-12,AAPL,Apple,75.31401824951172,77.31652289559408,75.1930940380801,76.86668099114186,162301200
2020-05-13,AAPL,Apple,74.4046630859375,76.41200935037834,73.33085553739997,75.49298094886383,200622400
2020-05-14,AAPL,Apple,74.86175537109375,74.92221747074527,72.92454733645849,73.6452582213304,158929200
2020-05-15,AAPL,Apple,74.41913604736328,74.46508781340597,72.60527385291222,72.6391361565749,166348400
2020-05-18,AAPL,Apple,76.17257690429688,76.54502554064396,75.05040406447124,75.73967354309555,135178400
2020-05-19,AAPL,Apple,75.73240661621094,77.03354472425552,75.70096514534589,76.18949622469526,101729600
2020-05-20,AAPL,Apple,77.20526885986328,77.27539958314759,76.54985436932522,76.58855099973772,111504800
2020-05-21,AAPL,Apple,76.6296615600586,77.60673109306647,76.39264748790822,77.06740654244075,102688800
2020-05-22,AAPL,Apple,77.123046875,77.20527445284804,76.26690139409212,76.368473598234,81803200
2020-05-26,AAPL,Apple,76.60063934326172,78.41691564137308,76.5450115593525,78.2379502036352,125522000
2020-05-27,AAPL,Apple,76.93438720703125,77.07949771603786,75.7203109556176,76.45795296780663,112945200
2020-05-28,AAPL,Apple,76.96826171875,78.22345564249268,76.33462002234297,76.610323390573,133560800
2020-05-29,AAPL,Apple,76.89328002929688,77.66961131806718,76.53776259003484,77.21010083931498,153532400
2020-06-01,AAPL,Apple,77.83891296386719,77.95983717000007,76.71673278825261,76.84733299745191,80791200
2020-06-02,AAPL,Apple,78.19927215576172,78.22345847540862,77.13271967080152,77.57288559423814,87642800
2020-06-03,AAPL,Apple,78.62975311279297,78.89095352620157,77.94773883188212,78.5185049118518,104491200
2020-06-04,AAPL,Apple,77.95259857177734,78.7506955495374,77.5801498711956,78.45322666286307,87560400
2020-06-05,AAPL,Apple,80.17271423339844,80.23317631049754,78.17263137998529,78.2016519960929,137250400
2020-06-08,AAPL,Apple,80.64677429199219,80.68063661442805,79.16182879014318,79.87044290894595,95654400
2020-06-09,AAPL,Apple,83.19341278076172,83.58520593263562,80.29607422866282,80.32751569552633,147712400
2020-06-10,AAPL,Apple,85.33379364013672,85.80055930851739,83.70131684314876,84.13906188270568,166651600
2020-06-11,AAPL,Apple,81.23689270019531,84.90331607980656,81.13532048457094,84.48008129323746,201662400
2020-06-12,AAPL,Apple,81.938232421875,84.11486795424553,80.83057003176687,83.36997815286581,200146000
2020-06-15,AAPL,Apple,82.95155334472656,83.60212591934682,80.43391143480905,80.59595305752349,138808800
2020-06-16,AAPL,Apple,85.14997100830078,85.42084738289208,83.3699705447458,85.00002619954361,165428800
2020-06-17,AAPL,Apple,85.03147888183594,85.95292070417966,84.91055468068187,85.89245860360263,114406400
2020-06-18,AAPL,Apple,85.06535339355469,85.48133300037347,84.45831145495121,84.98796012237246,96820400
2020-06-19,AAPL,Apple,84.5792236328125,86.2334658205362,83.47397466183713,85.76912102080368,264476000
2020-06-22,AAPL,Apple,86.79212951660156,86.93481917934642,84.92505967255737,84.97101145656654,135445200
2020-06-23,AAPL,Apple,88.64469146728516,90.05950604686922,87.61441494809407,88.03281532631361,212155600
2020-06-24,AAPL,Apple,87.0799331665039,89.19127232771852,86.70748456883423,88.27466483721669,192623200
2020-06-25,AAPL,Apple,88.23594665527344,88.27464327498684,86.47771189693108,87.2346983749564,137522400
2020-06-26,AAPL,Apple,85.52486419677734,88.35207302367702,85.37733281186723,88.13199005971511,205256800
2020-06-29,AAPL,Apple,87.49592590332031,87.5902503350082,84.95651735369147,85.43295906251363,130646000
2020-06-30,AAPL,Apple,88.22628021240234,88.51166689112543,87.06541101774955,87.08475563938902,140223200
2020-07-01,AAPL,Apple,88.05940246582031,88.84540963268662,88.01103722238888,88.30367167024684,110737200
2020-07-02,AAPL,Apple,88.05940246582031,89.59756186721356,87.94574082247463,88.96392034743998,114041600
2020-07-06,AAPL,Apple,90.4150161743164,90.88178176519018,89.45245698793732,89.48389845748481,118655600
2020-07-07,AAPL,Apple,90.13448333740234,91.5686426186408,90.02323513682953,90.79231129924504,112424400
2020-07-08,AAPL,Apple,92.23371124267578,92.2651527115249,91.0220485529992,91.10911780370648,117092000
2020-07-09,AAPL,Apple,92.63036346435547,93.1769358615014,91.58557654388848,93.12372891516388,125642800
2020-07-10,AAPL,Apple,92.79238891601562,92.85043754869993,91.61700927809584,92.22646456657715,90257200
2020-07-13,AAPL,Apple,92.36431121826172,96.69581637996168,92.1514834732687,94.09352557539032,191649200
2020-07-14,AAPL,Apple,93.89281463623047,94.08386957373939,90.81650244245171,91.74761295378508,170989200
2020-07-15,AAPL,Apple,94.53854370117188,96.01139965901083,93.34381194373303,95.76229608743468,153198000
2020-07-16,AAPL,Apple,93.37523651123047,94.22896096414982,92.7778707406749,93.41393313619832,110577600
2020-07-17,AAPL,Apple,93.18660736083984,93.97986982567868,92.71500002379474,93.82509068603153,92186800
2020-07-20,AAPL,Apple,95.1504135131836,95.28826887148021,92.9302469895083,93.27367496235873,90318000
2020-07-21,AAPL,Apple,93.8371810913086,96.01381673517915,93.58807752951296,95.93884432011826,103433200
2020-07-22,AAPL,Apple,94.10078430175781,94.78037765198125,93.45263242150494,93.53969429469112,89001600
2020-07-23,AAPL,Apple,89.81765747070312,93.9121489972856,89.00988472288186,93.83475574009108,197004400
2020-07-24,AAPL,Apple,89.5951919555664,89.93862006810733,86.23833364291761,88.02076326202626,185438800
2020-07-27,AAPL,Apple,91.71858215332031,91.81048572351438,90.43195431248509,90.65445070078177,121214000
2020-07-28,AAPL,Apple,90.21186828613281,91.46706199244389,90.20702659484037,91.29051001469016,103625600
2020-07-29,AAPL,Apple,91.94107818603516,92.12488531095718,90.65686391835999,90.69313969811391,90329200
2020-07-30,AAPL,Apple,93.0535888671875,93.15758190350233,90.71007737841838,91.11638090213245,158130000
2020-07-31,AAPL,Apple,102.79525756835938,102.9452024123297,97.537467741964,99.53030380101023,374336800
2020-08-03,AAPL,Apple,105.38544464111328,107.99740451645603,104.37452005882113,104.67198887947312,308151200
2020-08-04,AAPL,Apple,106.08922576904297,107.17754362792036,104.85337654025795,105.57408746827389,173071600
2020-08-05,AAPL,Apple,106.47374725341797,106.79298888024711,105.34673293855269,105.81108506672477,121776800
2020-08-06,AAPL,Apple,110.18855285644531,110.68192568980469,106.21740601381943,106.80509589113738,202428800
2020-08-07,AAPL,Apple,107.6833267211914,110.1667423327947,106.88863402123575,109.71124638392962,198045600
2020-08-10,AAPL,Apple,109.24848937988281,110.26366188327368,106.60516497027935,109.12492193624439,212403600
2020-08-11,AAPL,Apple,105.99943542480469,109.01102903844416,105.74018931676449,108.51434892717005,187902400
2020-08-12,AAPL,Apple,109.52228546142578,109.77910643524714,106.89349720537619,107.08732184428196,165598000
2020-08-13,AAPL,Apple,111.4605484008789,112.46118443380263,110.41145251692377,110.8984466622293,210082000
2020-08-14,AAPL,Apple,111.3612060546875,111.45085012066804,109.55618389407232,111.28609846459923,165565200
2020-08-17,AAPL,Apple,111.07044982910156,112.50477691266525,110.44535925101356,112.48054699080019,119561600
2020-08-18,AAPL,Apple,111.9959716796875,112.41996940914007,110.48896231124728,110.82331598950212,105633600
2020-08-19,AAPL,Apple,112.13648223876953,113.54657917906331,112.04199517044582,112.40299654957069,145538000
2020-08-20,AAPL,Apple,114.6247787475586,114.73865273876372,112.16074255230501,112.17770423893735,126907200
2020-08-21,AAPL,Apple,120.53166198730469,121.01380564130231,115.56967415425338,115.58178541828921,338054800
2020-08-24,AAPL,Apple,121.9732666015625,124.81042301409434,120.11252368244841,124.72561457851019,345937600
2020-08-25,AAPL,Apple,120.97261810302734,121.31666526163795,119.25482230830535,120.84905806633049,211495600
2020-08-26,AAPL,Apple,122.61771392822266,123.07320979372571,121.22215338607428,122.28578547561953,163022400
2020-08-27,AAPL,Apple,121.15191650390625,123.5505310416234,120.01075143908814,123.21860253348014,155552400
2020-08-28,AAPL,Apple,120.9556655883789,122.54020052783069,120.73276064666275,122.12347098857094,187630000
2020-08-31,AAPL,Apple,125.05754852294922,126.95706531989478,122.11137580386827,123.64261546547715,225702700
2020-09-01,AAPL,Apple,130.0388641357422,130.63973944834697,126.50151813552222,128.66269064458197,151948100
2020-09-02,AAPL,Apple,127.34471893310547,133.72164832942713,123.08051792791673,133.34368512573027,200119000
2020-09-03,AAPL,Apple,117.14938354492188,124.86372013453284,116.78111381462604,122.99329113592864,257599600
2020-09-04,AAPL,Apple,117.2269058227539,119.88234128870778,107.46768860387866,116.36437378387909,332607200
2020-09-08,AAPL,Apple,109.338134765625,115.31771368004287,109.202456054635,110.4332579025972,231366600
2020-09-09,AAPL,Apple,113.69923400878906,115.46306431680152,111.7028127244271,113.64108811318515,176940500
2020-09-10,AAPL,Apple,109.98743438720703,116.7810916656073,109.0279901442392,116.64541298049808,182274400
2020-09-11,AAPL,Apple,108.54344177246094,111.67376035548035,106.60516602652415,111.03412581023233,180860300
2020-09-14,AAPL,Apple,111.79975128173828,112.35215960156188,109.3187605672934,111.17950360312706,140150100
2020-09-15,AAPL,Apple,111.97418212890625,115.16264637332723,110.10374588199468,114.6780774740645,184642000
2020-09-16,AAPL,Apple,108.66942596435547,112.41999215763813,108.5822071057358,111.6737592561301,154679000
2020-09-17,AAPL,Apple,106.9346694946289,108.73726653223142,105.35497742143326,106.33380874471821,178011000
2020-09-18,AAPL,Apple,103.54268646240234,107.45800434374442,102.81583306003789,106.99282230683487,287104900
2020-09-21,AAPL,Apple,106.68270111083984,106.78930687065947,99.91811535962182,101.31367629258035,195713800
2020-09-22,AAPL,Apple,108.35930633544922,109.37690408898602,105.791096813168,109.20245897106359,183055400
2020-09-23,AAPL,Apple,103.81404113769531,108.65003656547653,103.47483700123934,108.17516112594639,150718700
2020-09-24,AAPL,Apple,104.88009643554688,106.8474450340975,101.75947146104525,101.92422311648544,167743300
2020-09-25,AAPL,Apple,108.8147964477539,108.96986205260443,104.3470703746047,105.08361720977464,149981400
2020-09-28,AAPL,Apple,111.41209411621094,111.76098435804984,109.29937316015781,111.46055396966348,137672400
2020-09-29,AAPL,Apple,110.56892395019531,111.75127320535319,110.06497556622581,111.0147338283158,99382200
2020-09-30,AAPL,Apple,112.23583221435547,113.64108628495799,110.11342572568512,110.27817735653495,142675200
2020-10-01,AAPL,Apple,113.18559265136719,114.0868910063814,112.25522134843862,114.00935821598722,116120400
2020-10-02,AAPL,Apple,109.53194427490234,111.80942388224,108.75663851817679,109.40595903034216,144712000
2020-10-05,AAPL,Apple,112.9045639038086,113.0499360657336,110.04561009300302,110.39450032404892,106243800
2020-10-06,AAPL,Apple,109.66764068603516,112.53628778325715,108.78572170928096,112.1292442741749,161498200
2020-10-07,AAPL,Apple,111.52837371826172,111.98386964245861,110.60768842209468,111.08257124183804,96849000
2020-10-08,AAPL,Apple,111.42178344726562,112.80765091391855,111.05350632008391,112.66227875286972,83477200
2020-10-09,AAPL,Apple,113.36005401611328,113.38912696820374,111.37331849200241,111.72220870495784,100506900
2020-10-12,AAPL,Apple,120.56076049804688,121.31668690372315,115.59877161292933,116.35469801860559,240226800
2020-10-13,AAPL,Apple,117.36257934570312,121.52018115565947,115.95733257416443,121.4038819645373,262330500
2020-10-14,AAPL,Apple,117.4498291015625,119.23303935883797,115.92828283428057,117.26569052723717,150712000
2020-10-15,AAPL,Apple,116.98462677001953,117.45950223722147,114.50363628707971,115.05604455535725,112559200
2020-10-16,AAPL,Apple,115.34679412841797,117.79871932248498,115.1432760487085,117.53704793861876,115393800
2020-10-19,AAPL,Apple,112.4006118774414,116.70357893346838,112.09048805904365,116.25777640664253,120639300
2020-10-20,AAPL,Apple,113.88337707519531,115.30801072573557,112.06139340503645,112.61380161708941,124423700
2020-10-21,AAPL,Apple,113.26313781738281,115.04634782768703,112.85609432030498,113.06930582021845,89946000
2020-10-22,AAPL,Apple,112.17769622802734,114.39702259575029,111.0534928722476,113.8252274699149,101988000
2020-10-23,AAPL,Apple,111.48963165283203,112.9530320407279,110.75308473393972,112.79796641825128,82572600
2020-10-26,AAPL,Apple,111.49931335449219,112.95302013932815,109.39627858637218,110.49140909640037,111850700
2020-10-27,AAPL,Apple,113.00146484375,113.66047883675716,111.00504336225823,111.92572130525396,92276800
2020-10-28,AAPL,Apple,107.76812744140625,111.86758385649746,107.67121513386326,111.49931413026005,143937800
2020-10-29,AAPL,Apple,111.76097106933594,113.32128352260756,108.7372584642391,108.90201751002611,146129200
2020-10-30,AAPL,Apple,105.50035095214844,108.53374987611883,104.39553435267372,107.63245134560678,190272600
2020-11-02,AAPL,Apple,105.41311645507812,107.26417322328109,104.00786958662283,105.74262715568275,122866900
2020-11-03,AAPL,Apple,107.03156280517578,108.04915288584829,105.37433833613765,106.27563663269524,107624400
2020-11-04,AAPL,Apple,111.40238952636719,112.02263714006965,108.88263267145909,110.61739025769825,138235500
2020-11-05,AAPL,Apple,115.35647583007812,115.92827100011738,113.26314194201399,114.30980518907859,126387100
2020-11-06,AAPL,Apple,115.22541046142578,115.7205180962264,112.74013248938302,114.86620819105919,114457900
2020-11-09,AAPL,Apple,112.92459869384766,118.42908863111414,112.66248329970261,116.982584063866,154515300
2020-11-10,AAPL,Apple,112.5848159790039,114.15752314668202,110.79852205922379,112.17707763232374,138023400
2020-11-11,AAPL,Apple,116.00204467773438,116.13795743815948,113.04107964654202,113.76918689454358,112295000
2020-11-12,AAPL,Apple,115.73023223876953,117.011700843839,115.10891457611105,116.1282678012146,103162300
2020-11-13,AAPL,Apple,115.77879333496094,116.17682155137521,114.42936813634326,115.95353941713333,81581900
2020-11-16,AAPL,Apple,116.78844451904297,117.45829837421194,114.7012015635051,115.44872199532021,91183000
2020-11-17,AAPL,Apple,115.90498352050781,117.14761890185565,115.48753500270898,116.06031664652185,74271000
2020-11-18,AAPL,Apple,114.58468627929688,116.32243681277677,114.55556316864666,115.14775777417243,76322100
2020-11-19,AAPL,Apple,115.1768798828125,115.58461824175113,113.40029608169101,114.15752657877456,74113000
2020-11-20,AAPL,Apple,113.91482543945312,115.30308383579212,113.8662893904585,115.17688122037637,73604300
2020-11-23,AAPL,Apple,110.52669525146484,114.1866523784184,110.42961575192224,113.75949369240169,127959300
2020-11-24,AAPL,Apple,111.80815887451172,112.46830981108012,109.3034679028236,110.5849439032423,113874200
2020-11-25,AAPL,Apple,112.64308166503906,113.34206604111286,111.80818448325009,112.1770970187848,76499200
2020-11-27,AAPL,Apple,113.18671417236328,114.06044449798334,112.82751927666311,113.1673012347678,46691300
2020-11-30,AAPL,Apple,115.57489013671875,117.43884286036615,113.40027121910705,113.5556043160892,169410200
2020-12-01,AAPL,Apple,119.13777923583984,119.865886582141,116.50688558000795,117.47769537507614,127728200
2020-12-02,AAPL,Apple,119.48728942871094,119.76882520066982,117.36121328577195,118.45822585372865,89004200
2020-12-03,AAPL,Apple,119.35135650634766,120.16683316485343,118.64266210929217,119.91442054863892,78967600
2020-12-04,AAPL,Apple,118.6814956665039,119.27369022514605,117.97280126779268,119.02127760834182,78260400
2020-12-07,AAPL,Apple,120.1377182006836,120.93378197653361,118.68150343461471,118.73974965511624,86712000
2020-12-08,AAPL,Apple,120.74932861328125,121.33182045894168,119.4969829958177,120.73962584742733,82225500
2020-12-09,AAPL,Apple,118.2252426147461,122.27351860561774,117.4680119870081,120.89497015990536,115089200
2020-12-10,AAPL,Apple,119.64260864257812,120.2542236129108,116.64280964087811,116.98259162067868,81312200
2020-12-11,AAPL,Apple,118.83682250976562,119.17660443365664,117.03111582087004,118.85623544540636,86939800
2020-12-14,AAPL,Apple,118.2252426147461,119.74941404426022,117.99225028467885,119.02130653194406,79184500
2020-12-15,AAPL,Apple,124.14715576171875,124.16657610565406,120.50661897640848,120.71048814758292,157243700
2020-12-16,AAPL,Apple,124.07921600341797,124.62286719942308,122.86570357898366,123.69089795295262,98208600
2020-12-17,AAPL,Apple,124.9432144165039,125.79753175425047,124.30247641319399,125.13737340779682,94359800
2020-12-18,AAPL,Apple,122.96278381347656,125.33156230733624,122.43854558581786,125.19564951572379,192541500
2020-12-21,AAPL,Apple,124.4869613647461,124.56462794186098,119.84649077917257,121.37066217326294,121251600
2020-12-22,AAPL,Apple,128.03042602539062,130.48657411125797,125.86550908536934,127.76830318074434,168904800
2020-12-23,AAPL,Apple,127.1373062133789,128.5643835330798,126.96255268004788,128.30227545316464,88223700
2020-12-24,AAPL,Apple,128.1177978515625,129.56431009529325,127.27319788547423,127.48677727215622,54930100
2020-12-28,AAPL,Apple,132.70004272460938,133.33106340127654,129.61285872252432,130.07885826350267,124486200
2020-12-29,AAPL,Apple,130.93312072753906,134.73869359094937,130.41859268818658,134.02030377703682,121047300
2020-12-30,AAPL,Apple,129.8166961669922,132.02043870547348,129.50602990016534,131.6224031061202,96452100
2020-12-31,AAPL,Apple,128.8167266845703,130.8068893039239,127.87504019853539,130.16615142022158,99116600
2021-01-04,AAPL,Apple,125.63250732421875,129.70990576661,123.05985971825433,129.62253643457043,143301900
2021-01-05,AAPL,Apple,127.18583679199219,127.89453889149992,124.68114474126136,125.12772394350749,97664900
2021-01-06,AAPL,Apple,122.9045181274414,127.22462614380248,122.69093878823239,123.99182776037331,155088000
2021-01-07,AAPL,Apple,127.09843444824219,127.78771601746288,124.12775842813694,124.61316339386353,109578200
2021-01-08,AAPL,Apple,128.1954803466797,128.7585519984453,126.42859880354752,128.56437812216362,105158200
2021-01-11,AAPL,Apple,125.21504211425781,126.37030813032683,124.74905756448756,125.41891868730954,100384500
2021-01-12,AAPL,Apple,125.0403060913086,125.90432622691371,123.15693269578279,124.74906018656239,91951100
2021-01-13,AAPL,Apple,127.06929779052734,127.61294892404966,124.73936012875102,125.00146811666775,88636800
2021-01-14,AAPL,Apple,125.14710998535156,127.17609915715049,125.00147960973679,126.98194013638121,90221800
2021-01-15,AAPL,Apple,123.42875671386719,126.41885265934873,123.29284393513538,125.02088418474625,111598500
2021-01-19,AAPL,Apple,124.09864044189453,124.95295795714884,123.23462015974309,124.05009698063971,90757300
2021-01-20,AAPL,Apple,128.17599487304688,128.62257382285637,124.79758149233558,124.90437114467832,104319500
2021-01-21,AAPL,Apple,132.87474060058594,135.59301116722563,129.69048544958548,129.89436203777117,120150900
2021-01-22,AAPL,Apple,135.01052856445312,135.76775903778582,131.07874583699044,132.30196087543968,114459400
2021-01-25,AAPL,Apple,138.74813842773438,140.8547939706266,132.55436700322258,138.89376878953092,157611700
2021-01-26,AAPL,Apple,138.98114013671875,140.08786276088446,137.2433822290361,139.40829883611298,98390600
2021-01-27,AAPL,Apple,137.91322326660156,140.08784232197448,136.31139319096383,139.24322781199024,140843800
2021-01-28,AAPL,Apple,133.08828735351562,137.84526338322206,132.709672193958,135.44736243489726,142621100
2021-01-29,AAPL,Apple,128.1080780029297,132.7485480341253,126.40916071663973,131.86510749004256,177523800
2021-02-01,AAPL,Apple,130.22442626953125,131.42823575703017,127.1081202867018,129.84581103922318,106239800
2021-02-02,AAPL,Apple,131.04962158203125,132.33108282824628,130.68070911395654,131.76801136085197,83305400
2021-02-03,AAPL,Apple,130.0302276611328,131.80681083550172,129.7098587464062,131.79709325987585,89880900
2021-02-04,AAPL,Apple,133.3795623779297,133.38926514344305,130.66129188255576,132.3213832150557,84183100
2021-02-05,AAPL,Apple,132.9663543701172,133.6080499269068,132.09132576396362,133.5399993993488,75693800
2021-02-08,AAPL,Apple,133.11219787597656,133.1608138714623,131.1773940055882,132.25660382908822,71297200
2021-02-09,AAPL,Apple,132.23715209960938,134.05528941674183,132.0816016865625,132.83023162868662,76774200
2021-02-10,AAPL,Apple,131.63433837890625,133.1899609934861,130.67179521713933,132.69409868188646,73046600
2021-02-11,AAPL,Apple,131.3815460205078,132.6065887223786,130.0592713492993,132.13017580944882,64280000
2021-02-12,AAPL,Apple,131.61488342285156,131.7704486448014,129.98149309892653,130.62318851283254,60145100
2021-02-16,AAPL,Apple,129.495361328125,132.2371278628611,129.10644827799214,131.73156315096224,80576300
2021-02-17,AAPL,Apple,127.21058654785156,128.5523110624879,125.87859413495782,127.6092169957538,97918500
2021-02-18,AAPL,Apple,126.11193084716797,126.39387989777283,123.87572846648807,125.6160684389903,96856700
2021-02-19,AAPL,Apple,126.26746368408203,127.08417376158879,125.22715268582576,126.62721014953155,87668800
2021-02-22,AAPL,Apple,122.50482177734375,126.1216319880877,122.11591609767342,124.45906002205308,103916400
2021-02-23,AAPL,Apple,122.36870574951172,123.1951256816812,115.10591870921408,120.32696020598745,158273000
2021-02-24,AAPL,Apple,121.87287902832031,122.0770528881491,118.83943034770908,121.47425599277665,111039900
2021-02-25,AAPL,Apple,117.63379669189453,122.9520628532438,117.19628243074794,121.22144033722896,148199500
2021-02-26,AAPL,Apple,117.89631652832031,121.38672834698384,117.83797585116562,119.18941742406001,164560400
2021-03-01,AAPL,Apple,124.24517822265625,124.38129410804099,119.38387540817448,120.31724465842385,116307900
2021-03-02,AAPL,Apple,121.64924621582031,125.1493828138184,121.54229695879663,124.84798440825688,102260900
2021-03-03,AAPL,Apple,118.67410278320312,122.2228547486705,118.46020430704087,121.34781889971498,112966300
2021-03-04,AAPL,Apple,116.79765319824219,120.1713983779594,115.3295451588436,118.37271790565526,178155000
2021-03-05,AAPL,Apple,118.05187225341797,118.55745188502343,114.30867068121566,117.62408266255089,153766600
2021-03-08,AAPL,Apple,113.13221740722656,117.64350493701029,112.98637686796793,117.575447007724,154376600
2021-03-09,AAPL,Apple,117.73101806640625,118.6741119196786,115.49482341109125,115.72816384952438,129525800
2021-03-10,AAPL,Apple,116.65184783935547,118.78109383395483,116.13654341186162,118.31441282873887,111943300
2021-03-11,AAPL,Apple,118.5768814086914,119.79220694881545,117.8963020733253,119.14079423957098,103026500
2021-03-12,AAPL,Apple,117.67267608642578,117.80879195023273,115.85455386939371,117.06015469929451,88105100
2021-03-15,AAPL,Apple,120.55056762695312,120.56029230814386,117.07959821769512,118.0421413761026,92403800
2021-03-16,AAPL,Apple,122.08678436279297,123.69101611383087,121.26036419339798,122.21317559226152,115227900
2021-03-17,AAPL,Apple,121.29920959472656,122.3686945512962,118.94633378896354,120.60890560077927,111932600
2021-03-18,AAPL,Apple,117.18656921386719,119.76306129363483,116.98239537750578,119.47138014582727,121229700
2021-03-19,AAPL,Apple,116.66153717041016,118.0615946863235,116.36013878430732,116.5740372845451,185549500
2021-03-22,AAPL,Apple,119.96722412109375,120.4339124312078,116.92405138540522,116.99210932461362,111912300
2021-03-23,AAPL,Apple,119.14080810546875,120.79364806529563,118.75190240381558,119.90889482634996,95467100
2021-03-24,AAPL,Apple,116.75875854492188,119.49081556265351,116.73931659895885,119.41303294328375,88530500
2021-03-25,AAPL,Apple,117.24491119384766,118.28523723675819,115.69902028170112,116.22404193613586,98844700
2021-03-26,AAPL,Apple,117.84770965576172,118.1102241788797,115.62123193079763,117.01156492349538,94071200
2021-03-29,AAPL,Apple,118.022705078125,119.17969748186921,117.381016985914,118.275494892758,80819200
2021-03-30,AAPL,Apple,116.57403564453125,117.06016589541106,115.56288383257017,116.7782094597697,85671900
2021-03-31,AAPL,Apple,118.76162719726562,120.0936193981419,117.78936665110342,118.27549692418452,118323800
2021-04-01,AAPL,Apple,119.58804321289062,120.7353109160336,119.09218827381586,120.22973871260609,75089100
2021-04-05,AAPL,Apple,122.4075927734375,122.66038256872103,119.65609390540438,120.43390523654203,88651200
2021-04-06,AAPL,Apple,122.7090072631836,123.60348521908364,122.16454371050696,122.99096372232243,80171300
2021-04-07,AAPL,Apple,124.35211181640625,124.3715537614014,121.66867092380699,122.33953300139642,83466700
2021-04-08,AAPL,Apple,126.74390411376953,126.7730707476214,124.95494800509044,125.37301298064794,88844600
2021-04-09,AAPL,Apple,129.31063842773438,129.34952231767917,125.87856026382458,126.19940798905769,106686700
2021-04-12,AAPL,Apple,127.59947967529297,129.16481975117756,127.00640014752257,128.84397199003766,91420000
2021-04-13,AAPL,Apple,130.7010040283203,130.9246346798754,128.27035218071617,128.76621465236119,91266500
2021-04-14,AAPL,Apple,128.36753845214844,131.255153005102,128.00780685424039,131.19681975522676,87222800
2021-04-15,AAPL,Apple,130.76901245117188,131.2551426089829,129.93286798631627,130.10788255759607,89347100
2021-04-16,AAPL,Apple,130.43850708007812,130.93435472673042,129.58291286418694,130.57462299301338,84922400
2021-04-19,AAPL,Apple,131.099609375,131.71213827061115,129.6412185458448,129.80650105955348,94264200
2021-04-20,AAPL,Apple,129.41761779785156,131.77048682845773,128.15367596540483,131.27463922976452,94812300
2021-04-21,AAPL,Apple,129.7967529296875,130.03981801008018,127.657783189335,128.68837675651753,68847100
2021-04-22,AAPL,Apple,128.2800750732422,130.42876284437168,127.76477810538648,129.34955290809418,84566500
2021-04-23,AAPL,Apple,130.59402465820312,131.37182111341806,128.49393862388337,128.49393862388337,78657500
2021-04-26,AAPL,Apple,130.9829559326172,131.31352099303626,129.85513001828372,131.08990519751984,66905100
2021-04-27,AAPL,Apple,130.66209411621094,131.65380402656527,130.38986235031265,131.26489090705445,66015800
2021-04-28,AAPL,Apple,129.87457275390625,131.2746303918658,129.38844245381026,130.58431883810096,107760100
2021-04-29,AAPL,Apple,129.77734375,133.2677706601101,128.775916495569,132.68440835234537,151101000
2021-04-30,AAPL,Apple,127.8133544921875,129.8550923634748,127.43417354212586,128.1244700954483,109839500
2021-05-03,AAPL,Apple,128.8634033203125,130.35097557067442,128.1731066561789,128.37727305832388,75135100
2021-05-04,AAPL,Apple,124.30349731445312,127.84253218435018,123.18539631101322,127.55085108162373,137564700
2021-05-05,AAPL,Apple,124.54655456542969,126.83135744619211,124.42015597480123,125.61603203019656,84000900
2021-05-06,AAPL,Apple,126.14109802246094,126.15081528786173,123.60348979624123,124.34240994349356,78128300
2021-05-07,AAPL,Apple,126.81309509277344,127.83569086092047,126.1021285936208,127.43639821291805,78973300
2021-05-10,AAPL,Apple,123.54073333740234,126.16055151436144,123.50177596650869,126.03395306208488,88071200
2021-05-11,AAPL,Apple,122.6252670288086,122.97586852300613,119.56717642454035,120.2781354744355,126142800
2021-05-12,AAPL,Apple,119.5671615600586,121.38837950118456,119.06073063774643,120.18073081693389,112172300
2021-05-13,AAPL,Apple,121.70976257324219,122.85897882975532,121.01828606564597,121.32993755400423,105861300
2021-05-14,AAPL,Apple,124.12505340576172,124.55357696673438,122.56679604362094,122.95636224174544,81918000
2021-05-17,AAPL,Apple,122.97586059570312,123.61864605940792,121.9045589198871,123.51151514879045,74244600
2021-05-18,AAPL,Apple,121.59291076660156,123.67708183593513,121.52473722434705,123.2582993819835,63342900
2021-05-19,AAPL,Apple,121.43708038330078,121.66107596519278,119.65481977612977,119.94699632595916,92612000
2021-05-20,AAPL,Apple,123.98871612548828,124.3880235533931,121.83637181336027,121.96298511018756,76857100
2021-05-21,AAPL,Apple,122.15779113769531,124.66074485833978,121.94352929361253,124.48544038866837,79295400
2021-05-24,AAPL,Apple,123.78419494628906,124.60228476604034,122.65446106136119,122.72263459381065,63092900
2021-05-25,AAPL,Apple,123.58943176269531,124.9723924215316,123.02456103094238,124.48542900111524,72009500
2021-05-26,AAPL,Apple,123.54073333740234,124.06664669892854,123.12195088824402,123.64786424977021,56575900
2021-05-27,AAPL,Apple,122.0116958618164,124.3101288080937,121.81691643126096,123.1414373640431,94625600
2021-05-28,AAPL,Apple,121.35916900634766,122.51812660764142,121.30073666690714,122.29412358918856,71311100
2021-06-01,AAPL,Apple,121.03778839111328,122.07987398745031,120.7066618606694,121.81692100329542,67637100
2021-06-02,AAPL,Apple,121.79742431640625,121.97272876206887,120.81377861108228,121.03777419532105,59278900
2021-06-03,AAPL,Apple,120.31709289550781,121.59291527515944,119.91778539724056,121.42735201359653,76229200
2021-06-04,AAPL,Apple,122.60577392578125,122.86873431142617,120.61899267015994,120.83325448650514,75169300
2021-06-07,AAPL,Apple,122.61553192138672,123.02457321024367,121.57344629671239,122.87848491269204,71057600
2021-06-08,AAPL,Apple,123.43360137939453,125.10873859219605,122.91742922255409,123.29725429760116,74403800
2021-06-09,AAPL,Apple,123.81343078613281,124.41725890545642,123.21934386738059,123.89134552998598,56877900
2021-06-10,AAPL,Apple,122.82003021240234,124.84576874618693,122.654466972811,123.70628617695928,71186400
2021-06-11,AAPL,Apple,124.02767944335938,124.11533537847384,122.81028956380078,123.22907197958327,53522400
2021-06-14,AAPL,Apple,127.07604217529297,127.1344745215217,123.75500589494463,124.48543994424124,96906500
2021-06-15,AAPL,Apple,126.25794982910156,127.19291187851302,126.01447183152456,126.5501263983375,62746300
2021-06-16,AAPL,Apple,126.75463104248047,127.47533121654288,125.10873237290743,126.96889285474992,91815000
2021-06-17,AAPL,Apple,128.35186767578125,129.0920503743114,126.26769639966578,126.41379212945316,96721700
2021-06-18,AAPL,Apple,127.05656433105469,128.07916002857564,126.84230250511071,127.30004232774398,108953300
2021-06-21,AAPL,Apple,128.84854125976562,128.95567215813708,125.83915719739741,126.90071755171388,79663300
2021-06-22,AAPL,Apple,130.48472595214844,130.58212309669915,128.18629303149916,128.68299766370282,74783600
2021-06-23,AAPL,Apple,130.2120361328125,130.815871699919,129.75429628741554,130.2802171084206,60214200
2021-06-24,AAPL,Apple,129.92962646484375,131.12753427569476,129.4621379224508,130.9424885852543,68711000
2021-06-25,AAPL,Apple,129.637451171875,130.3971014851615,129.34527454506005,129.97832637994586,70783700
2021-06-28,AAPL,Apple,131.26390075683594,131.72164073419705,129.87121327815356,129.9296456393958,62111300
2021-06-29,AAPL,Apple,132.7734375,132.92926700154416,130.84509571572818,131.28335318569188,64556100
2021-06-30,AAPL,Apple,133.38697814941406,133.82523552499876,132.32540290188453,132.61757943917965,63261400
2021-07-01,AAPL,Apple,133.6888885498047,133.74732088516166,132.21827209331306,133.03636937045857,52485800
2021-07-02,AAPL,Apple,136.3087158203125,136.3476657575281,134.15636398642496,134.30244482687868,78852600
2021-07-06,AAPL,Apple,138.3149871826172,139.41549764354806,136.4158617440288,136.4158617440288,108181800
2021-07-07,AAPL,Apple,140.79844665527344,141.11009072715532,138.9382714107099,139.79530375392193,104911600
2021-07-08,AAPL,Apple,139.503173828125,140.30177401839643,137.00021261100082,137.88647618396286,105575500
2021-07-09,AAPL,Apple,141.32440185546875,141.85030791189286,138.92857127221868,139.02596843782956,99890800
2021-07-12,AAPL,Apple,140.73028564453125,142.50281263838897,140.24332963884083,142.39568172270836,76299700
2021-07-13,AAPL,Apple,141.84051513671875,143.61304176059716,139.8829577523025,140.2725165312551,100827100
2021-07-14,AAPL,Apple,145.25894165039062,145.6679976912108,143.827290089665,144.23634613048517,127050800
2021-07-15,AAPL,Apple,144.60646057128906,146.08681108461445,143.2527233830004,145.3466432583112,106820300
2021-07-16,AAPL,Apple,142.5709991455078,145.85307833791254,142.07430929851364,144.5870044305878,93251400
2021-07-19,AAPL,Apple,138.73379516601562,140.3115430949904,137.9741448101365,139.99988404605466,121434600
2021-07-20,AAPL,Apple,142.3372039794922,143.26243208036362,139.2304378127707,139.71739371398104,96350000
2021-07-21,AAPL,Apple,141.60682678222656,142.31779338215424,140.85692509405402,141.73344012262586,74993500
2021-07-22,AAPL,Apple,142.97027587890625,144.33374665171397,142.00609770767423,142.13271101540525,77338200
2021-07-23,AAPL,Apple,144.68434143066406,144.84017089255983,143.0871265980212,143.70069581628857,71447400
2021-07-26,AAPL,Apple,145.10317993164062,145.9212625899734,143.8468249071035,144.40196197857813,72434100
2021-07-27,AAPL,Apple,142.94107055664062,145.31741825019225,141.7528967098648,145.22975487472473,104818600
2021-07-28,AAPL,Apple,141.19775390625,143.13584408542147,138.82140631068384,141.0321906538661,118931200
2021-07-29,AAPL,Apple,141.84051513671875,142.72677844865797,140.80817099785102,140.91530189117023,56699500
2021-07-30,AAPL,Apple,142.05479431152344,142.51253410621536,140.35044843873504,140.61340882010876,70440600
2021-08-02,AAPL,Apple,141.7236785888672,143.11636561756876,141.46071818751764,142.54176110337934,62880000
2021-08-03,AAPL,Apple,143.51565551757812,144.17790846415585,141.39251988736964,142.00608912842299,64786600
2021-08-04,AAPL,Apple,143.11636352539062,143.9344460279435,142.4638442773508,143.42802249439222,56368300
2021-08-05,AAPL,Apple,143.22348022460938,143.9831303102646,142.35669923658142,143.1455654900914,46397700
2021-08-06,AAPL,Apple,142.5407257080078,143.48683682415765,142.04329182669468,142.74556017853746,54126800
2021-08-09,AAPL,Apple,142.491943359375,143.08692025442784,141.9359896381178,142.59923476284288,48908700
2021-08-10,AAPL,Apple,142.01405334472656,144.0720871817776,141.7214390067462,142.83336158468475,69023100
2021-08-11,AAPL,Apple,142.26763916015625,143.10645895995768,141.94576488875748,142.45296206335397,48493500
2021-08-12,AAPL,Apple,145.2229766845703,145.37903960476112,142.24809238146725,142.5894781590122,72282600
2021-08-13,AAPL,Apple,145.42782592773438,145.7594485046543,144.61826619020815,145.30102293180235,59375000
2021-08-16,AAPL,Apple,147.39808654785156,147.46636967362969,142.86261655746753,144.88162714158625,103296000
2021-08-17,AAPL,Apple,146.49098205566406,147.9442754116722,145.41806793520456,146.52999034959836,92229700
2021-08-18,AAPL,Apple,142.75531005859375,147.0079285089272,142.55047558587256,146.11058891263426,86326000
2021-08-19,AAPL,Apple,143.08692932128906,144.35491465635323,140.9411159989395,141.45806146213795,86960300
2021-08-20,AAPL,Apple,144.54025268554688,144.84261535990314,143.16497579607238,143.80872432514332,60549600
2021-08-23,AAPL,Apple,146.02281188964844,146.49098584387335,144.24762936861552,144.65728343893502,60131800
2021-08-24,AAPL,Apple,145.93502807617188,147.14449367144724,145.4766024407117,145.7692167650667,48606400
2021-08-25,AAPL,Apple,144.7060546875,146.6177885615759,144.15984926147306,146.12033978338724,58991300
2021-08-26,AAPL,Apple,143.90623474121094,145.44732274946605,143.8769748010463,144.6962977745989,48597200
2021-08-27,AAPL,Apple,144.940185546875,145.0864852931361,143.213774126067,143.84775953717897,55802400
2021-08-30,AAPL,Apple,149.3488006591797,149.7096980445359,144.94988286885493,145.3302769581914,90956700
2021-08-31,AAPL,Apple,148.090576171875,149.0366872034825,147.56386751356777,148.9001358629917,86453100
2021-09-01,AAPL,Apple,148.75387573242188,151.163044100905,148.5880643927795,149.06600170091482,80313700
2021-09-02,AAPL,Apple,149.86581420898438,150.9094687825189,148.6465999219507,150.08039711414125,71115500
2021-09-03,AAPL,Apple,150.4998016357422,150.82167596581917,149.3195957587932,149.97309277453053,57808700
2021-09-07,AAPL,Apple,152.83090209960938,153.38685589495006,150.58754556278473,151.15326259436534,82278300
2021-09-08,AAPL,Apple,151.289794921875,153.17225378958634,150.18762094012845,153.113733911437,74420200
2021-09-09,AAPL,Apple,150.27542114257812,152.26517148741016,150.15836649901337,151.66044621375175,57305700
2021-09-10,AAPL,Apple,145.30101013183594,151.650669593774,145.03765581078468,151.18249570977798,140893200
2021-09-13,AAPL,Apple,145.8667449951172,147.69068411470718,145.0864451705449,146.9201475258426,102404300
2021-09-14,AAPL,Apple,144.47193908691406,147.34929527061283,143.2917485822126,146.64702700212126,109296300
2021-09-15,AAPL,Apple,145.35955810546875,145.75946384011283,142.76506733146184,144.9011324843855,83281300
2021-09-16,AAPL,Apple,145.12547302246094,145.30104757606733,143.59414799108714,144.78410203525485,68034100
2021-09-17,AAPL,Apple,142.46270751953125,145.15474141357228,142.17009319848557,145.15474141357228,129868800
2021-09-20,AAPL,Apple,139.41957092285156,141.27277037212733,137.79070269716544,140.2583908056045,123478900
2021-09-21,AAPL,Apple,139.89749145507812,141.03868891632874,139.26350609481372,140.3851770808151,75834000
2021-09-22,AAPL,Apple,142.25790405273438,142.82360628582634,140.16084691647131,140.89237536058963,76404300
2021-09-23,AAPL,Apple,143.2137451171875,143.457587900221,142.0530510886709,143.03817057425258,64838200
2021-09-24,AAPL,Apple,143.301513671875,143.8379707289355,141.97500844122595,142.0725514999574,53477900
2021-09-27,AAPL,Apple,141.78970336914062,142.36518367517027,140.2778899497781,141.8872464401241,74150700
2021-09-28,AAPL,Apple,138.41494750976562,141.1849984849811,138.20036462885602,139.72194150586213,108972300
2021-09-29,AAPL,Apple,139.31228637695312,140.89238314094982,138.531986350207,138.96115210906663,74602000
2021-09-30,AAPL,Apple,138.0150604248047,140.82413496844498,137.80047751477733,140.1218663325349,89056700
2021-10-01,AAPL,Apple,139.13670349121094,139.40005789714257,135.68389579904266,138.40517505038864,94639600
2021-10-04,AAPL,Apple,135.71315002441406,138.70754679310303,134.8645818313905,138.26861784072736,98322000
2021-10-05,AAPL,Apple,137.63462829589844,138.73680249578317,135.92772872481194,136.0545317412187,80861100
2021-10-06,AAPL,Apple,138.50271606445312,138.6490157972431,134.9621137010957,136.03502801816884,83221100
2021-10-07,AAPL,Apple,139.76092529296875,140.66802820004892,139.20497147758243,139.53659409609236,61732700
2021-10-08,AAPL,Apple,139.38055419921875,140.62902828496263,139.048931525846,140.48272854170557,58773200
2021-10-11,AAPL,Apple,139.29273986816406,141.24348200456123,138.31736879996546,138.76604603984862,64452200
2021-10-12,AAPL,Apple,138.02474975585938,139.72190071402855,137.56632417893402,139.70238912610083,73035900
2021-10-13,AAPL,Apple,137.43954467773438,137.91746698955632,135.77165355544514,137.76141892529833,78762700
2021-10-14,AAPL,Apple,140.21934509277344,140.3363997461316,138.024760100328,138.60998871817293,69907100
2021-10-15,AAPL,Apple,141.27273559570312,141.33125547588753,139.97549034735292,140.22909633879294,67940300
2021-10-18,AAPL,Apple,142.94064331054688,143.22349439217342,139.63413574665708,139.91698682828363,85589200
2021-10-19,AAPL,Apple,145.09620666503906,145.49611240776287,142.94064476173952,143.38930715549284,76378900
2021-10-20,AAPL,Apple,145.58389282226562,146.0618300447265,144.47197030405582,145.03768735830047,58418800
2021-10-21,AAPL,Apple,145.79843139648438,145.9544943053686,144.22808372291004,145.14493470888215,61421000
2021-10-22,AAPL,Apple,145.0279083251953,146.48120150945985,144.97913680130506,146.0032792710822,58883400
2021-10-25,AAPL,Apple,144.9791259765625,145.69114254666354,143.98424351880567,145.01813426297446,50720600
2021-10-26,AAPL,Apple,145.64242553710938,147.12497895180522,145.34004798248478,145.6521738906202,60893400
2021-10-27,AAPL,Apple,145.1840057373047,146.04232225315448,144.83287151805337,145.68143968000115,56094900
2021-10-28,AAPL,Apple,148.8123779296875,149.39759166799496,146.03256430303534,146.1301073675776,100077900
2021-10-29,AAPL,Apple,146.110595703125,146.2471470636249,142.804088225394,143.59413644564216,124953200
2021-11-01,AAPL,Apple,145.29129028320312,146.01305539533712,144.15985619885288,145.3205502265068,74588300
2021-11-02,AAPL,Apple,146.32518005371094,147.8370082711022,144.98891149464504,144.9986747309846,69122000
2021-11-03,AAPL,Apple,147.75897216796875,148.22714612515688,146.1301042293714,146.68605801297326,54511500
2021-11-04,AAPL,Apple,147.24203491210938,148.6758168059769,146.92990900121129,147.84676026074618,60394600
2021-11-05,AAPL,Apple,147.76951599121094,148.6681654176707,146.57782514412813,148.36536141475236,65463900
2021-11-08,AAPL,Apple,146.948974609375,148.0527572213007,146.67547332752292,147.8964665160418,55020900
2021-11-09,AAPL,Apple,147.31039428710938,147.91600218212633,146.57779832196186,146.71454897260128,56787900
2021-11-10,AAPL,Apple,144.48744201660156,146.64616444006643,144.41907415140022,146.53871644786318,65187100
2021-11-11,AAPL,Apple,144.4385986328125,145.96239567531134,144.25300529217714,145.50331597045192,41000000
2021-11-12,AAPL,Apple,146.5093994140625,146.90987379593676,144.05763589771334,144.98558760939255,63804000
2021-11-15,AAPL,Apple,146.51919555664062,148.3555742437889,145.9624154592678,146.88060480284193,59222800
2021-11-16,AAPL,Apple,147.49600219726562,147.97463697406297,145.87451939068316,146.4606021824879,59256200
2021-11-17,AAPL,Apple,149.92822265625,151.40317727562876,147.48623592599793,147.49599850722544,88807000
2021-11-18,AAPL,Apple,154.20654296875,154.9879815498081,149.49840122848465,150.14308917571017,137827700
2021-11-19,AAPL,Apple,156.82437133789062,157.28346597858675,152.89765298958213,153.9916581394781,117305600
2021-11-22,AAPL,Apple,157.28350830078125,161.85490096838612,157.26396823078883,157.9281815634673,117467900
2021-11-23,AAPL,Apple,157.66444396972656,158.04539332554327,155.36897034832776,157.38116514595987,96041900
2021-11-24,AAPL,Apple,158.18215942382812,158.37751541168896,155.9355283016625,157.0197711747025,69463600
2021-11-26,AAPL,Apple,153.17117309570312,156.72670517440085,152.7316184657377,155.8671359816053,76959800
2021-11-29,AAPL,Apple,156.5215606689453,157.4495124904144,155.1051966783485,155.67173929364688,88748200
2021-11-30,AAPL,Apple,161.4641571044922,161.67905311784355,156.20899716750552,156.27737994661885,174048100
2021-12-01,AAPL,Apple,160.94647216796875,166.34814584365344,160.71203606659066,163.5935775451036,152052500
2021-12-02,AAPL,Apple,159.9598846435547,160.38967666927002,154.13819694441963,155.0563862894109,136739200
2021-12-03,AAPL,Apple,158.08445739746094,161.13206712633752,156.0136573148525,160.2138776845153,118023100
2021-12-06,AAPL,Apple,161.48367309570312,163.98426461858526,160.46779847409405,160.47756105335333,107497000
2021-12-07,AAPL,Apple,167.2077178955078,167.5984447377344,164.43362438687151,165.15645786646198,120405400
2021-12-08,AAPL,Apple,171.0172119140625,171.87679598965886,166.7388465074218,168.13567063026588,116998900
2021-12-09,AAPL,Apple,170.50926208496094,172.64844463234323,169.8841141404718,170.85114615502485,108923700
2021-12-10,AAPL,Apple,175.2858123779297,175.46164318083981,170.63627480069655,171.1442122366866,115402700
2021-12-13,AAPL,Apple,171.66189575195312,177.9036129181879,171.45676231906222,176.91704079075095,153237000
2021-12-14,AAPL,Apple,170.2846221923828,173.6154957034132,168.21382219359762,171.18327152968024,139380400
2021-12-15,AAPL,Apple,175.13926696777344,175.33462289814014,168.31146765189683,171.04649539113694,131063300
2021-12-16,AAPL,Apple,168.26263427734375,176.9365751900634,166.78767978084602,175.11973661793166,150185800
2021-12-17,AAPL,Apple,167.1686248779297,169.444558052229,165.75227570894924,165.98669687061619,195432700
2021-12-20,AAPL,Apple,165.8109130859375,166.6216545378973,163.5740596088574,164.37502357405398,107499100
2021-12-21,AAPL,Apple,168.97572326660156,169.18084181030284,165.1955175809284,167.57889907243998,91185900
2021-12-22,AAPL,Apple,171.56422424316406,171.7791202742142,168.15520530032774,169.02455200604697,92135300
2021-12-23,AAPL,Apple,172.1894073486328,172.74618760743286,171.20284984487884,171.76939268718658,68356600
2021-12-27,AAPL,Apple,176.14540100097656,176.233308952318,172.9610554465104,172.98058061033834,74919600
2021-12-28,AAPL,Apple,175.12948608398438,177.12215528727302,174.38712760111903,175.97930746687297,79144300
2021-12-29,AAPL,Apple,175.21743774414062,176.4384311169709,174.00620695259946,175.16859502828655,62348900
2021-12-30,AAPL,Apple,174.0648193359375,176.379833000267,173.95737131856603,175.30535282655248,59773000
2021-12-31,AAPL,Apple,173.4494171142578,175.07088475573076,173.14659828081136,173.95733955389892,64062300
2022-01-03,AAPL,Apple,177.78636169433594,178.63618304508262,173.58615726537937,173.70336783595081,104487900
2022-01-04,AAPL,Apple,175.52999877929688,178.69481886787932,174.96345608354855,178.39201490568885,99310400
2022-01-05,AAPL,Apple,170.8609161376953,175.9890879826122,170.587414831676,175.4420853705736,94537600
2022-01-06,AAPL,Apple,168.0086669921875,171.23209207239668,167.65702034880644,168.6924202141222,96904000
2022-01-07,AAPL,Apple,168.17474365234375,170.0990304259398,167.06119827767387,168.878037036841,86709100
2022-01-10,AAPL,Apple,168.1942596435547,168.4970635759533,164.26754129298973,165.15642793014217,106765600
2022-01-11,AAPL,Apple,171.0172119140625,171.1148824378415,166.85607200254188,168.32126400156088,76138300
2022-01-12,AAPL,Apple,171.45675659179688,173.06846173538992,170.7632407657719,172.0330618342014,74805200
2022-01-13,AAPL,Apple,168.1942596435547,172.52145244084235,167.80353287215138,171.70094857794888,84505800
2022-01-14,AAPL,Apple,169.05389404296875,169.74741004885496,167.11982948341992,167.36402819909668,80440800
2022-01-18,AAPL,Apple,165.8597412109375,168.53614912039677,165.47879187832885,167.53005178287384,90956700
2022-01-19,AAPL,Apple,162.37257385253906,167.1100339648471,162.08930995625335,166.05509393247632,94815000
2022-01-20,AAPL,Apple,160.69253540039062,165.74256361462582,160.37019127122133,163.10522017244168,91420500
2022-01-21,AAPL,Apple,158.64120483398438,162.4702376425932,158.5337568383858,160.604556493883,122848900
2022-01-24,AAPL,Apple,157.8695831298828,158.53381139617989,151.11016437480347,156.30672027070835,162294600
2022-01-25,AAPL,Apple,156.07225036621094,158.98309429431202,153.37630245676536,155.29081165334586,115798400
2022-01-26,AAPL,Apple,155.9843292236328,160.575260779249,154.15772812433738,159.70591419723806,108275300
2022-01-27,AAPL,Apple,155.52525329589844,160.0380400395087,154.6070638933257,158.68029600296296,121954600
2022-01-28,AAPL,Apple,166.37742614746094,166.39696621279427,159.02216399560837,161.86463986114418,179935700
2022-01-31,AAPL,Apple,170.7241973876953,170.93909344039687,165.57648451477252,166.21141009037478,115541600
2022-02-01,AAPL,Apple,170.55810546875,170.78276405312576,168.31147491088436,169.97202274767105,86213900
2022-02-02,AAPL,Apple,171.7595977783203,171.79867791780276,169.30784814286474,170.6948950003688,84914300
2022-02-03,AAPL,Apple,168.88778686523438,172.15029228212393,168.12588824034546,170.43112418107953,89418100
2022-02-04,AAPL,Apple,168.6041717529297,170.27662529840396,166.93171820745542,167.90975737649003,82465400
2022-02-07,AAPL,Apple,167.89019775390625,170.12990075671365,167.19578341710826,169.0638417050099,77251200
2022-02-08,AAPL,Apple,170.9906005859375,171.499185164809,167.66525824555538,167.9586729996618,74829200
2022-02-09,AAPL,Apple,172.40878295898438,172.7706527587166,171.05908382141493,172.1838380772884,71285000
2022-02-10,AAPL,Apple,168.34007263183594,171.62628436106874,167.78259814649985,170.31571564595043,90865900
2022-02-11,AAPL,Apple,164.9365234375,169.27901969811438,164.34969397169522,168.545490327705,98670700
2022-02-14,AAPL,Apple,165.1712646484375,165.8558891027738,162.9022065441299,163.69441590726865,86185500
2022-02-15,AAPL,Apple,168.995361328125,169.15185115822308,166.5111487010071,167.21533801275692,62527400
2022-02-16,AAPL,Apple,168.76065063476562,169.53329496166765,166.31555287107355,168.0760262456703,61177400
2022-02-17,AAPL,Apple,165.1712646484375,168.1347222265384,164.7702649952927,167.27404295611913,69589300
2022-02-18,AAPL,Apple,163.62599182128906,166.79482987221778,162.5403675088088,166.09065524599768,82772700
2022-02-22,AAPL,Apple,160.71141052246094,163.02935867994262,158.58905229899906,161.35690506054718,91162800
2022-02-23,AAPL,Apple,156.55474853515625,162.50121399005073,156.24176881453315,161.90460945584556,90009200
2022-02-24,AAPL,Apple,159.1661376953125,159.2737226265083,148.66198914257592,149.22925378672676,141147500
2022-02-25,AAPL,Apple,161.22975158691406,161.4938113988268,157.3371452242796,160.24192254485857,91974200
2022-02-28,AAPL,Apple,161.49380493164062,161.78721963459702,158.86287747049465,159.47904685433394,95056600
2022-03-01,AAPL,Apple,159.6160125732422,162.94135518491746,158.41302839932598,161.08307153976776,83474400
2022-03-02,AAPL,Apple,162.90220642089844,163.68464076398826,159.37148431939156,160.77986315221446,79724800
2022-03-03,AAPL,Apple,162.57943725585938,165.20058983386846,161.91437782369874,164.77025023720336,76678400
2022-03-04,AAPL,Apple,159.586669921875,161.91440821879274,158.54017563689038,160.8776889542246,83737200
2022-03-07,AAPL,Apple,155.80162048339844,161.39600492959968,155.54732078440395,159.7724565579089,96418800
2022-03-08,AAPL,Apple,153.9824981689453,159.30303394754864,152.3785144348394,155.33219707675556,131148300
2022-03-09,AAPL,Apple,159.37152099609375,159.82142569710896,155.90926800503573,157.93380185036105,91454900
2022-03-10,AAPL,Apple,155.03875732421875,156.86768560681452,152.55452973284972,156.68185579600046,105342000
2022-03-11,AAPL,Apple,151.3319854736328,155.78206635482195,151.1070406596988,155.43974670100266,96970100
2022-03-14,AAPL,Apple,147.312255859375,150.7353929741164,146.8036862331013,148.12403016599976,108732100
2022-03-15,AAPL,Apple,151.68408203125,152.1535515492418,147.0775261791108,147.58609577139651,92964300
2022-03-16,AAPL,Apple,156.08529663085938,156.48629634693546,151.06796490234913,153.6010832427781,102300200
2022-03-17,AAPL,Apple,157.09263610839844,157.4642957434988,154.16830873861088,155.12678288189394,75615400
2022-03-18,AAPL,Apple,160.3788299560547,160.86784945274542,156.25150421008976,156.98503345512586,123511700
2022-03-21,AAPL,Apple,161.74815368652344,162.69685305700403,159.43019026159942,159.91920994025145,95811400
2022-03-22,AAPL,Apple,165.11257934570312,165.6993938917205,161.28844262082922,161.87525716684658,81532000
2022-03-23,AAPL,Apple,166.4720458984375,168.84867380689857,163.9682532045546,164.30079784879288,98062700
2022-03-24,AAPL,Apple,170.24728393554688,170.31573891650316,166.4720521767643,167.30337650948087,90131400
2022-03-25,AAPL,Apple,170.88299560546875,171.43069512284325,168.95625735233114,170.061446329407,80546200
2022-03-28,AAPL,Apple,171.7436981201172,171.87083307439428,168.22275085370143,168.38901573521346,90371900
2022-03-29,AAPL,Apple,175.02992248535156,175.07881251217484,172.467449330379,172.80976906031557,100589400
2022-03-30,AAPL,Apple,173.8660125732422,175.66560091058673,172.8195035873902,174.628881866762,92633200
2022-03-31,AAPL,Apple,170.77542114257812,174.1203133341303,170.5700263491638,173.93448350287292,103049300
2022-04-01,AAPL,Apple,170.48202514648438,171.0395147015426,168.1640768197994,170.208175340956,78751300
2022-04-04,AAPL,Apple,174.52130126953125,174.5702062097959,170.60914482743888,170.7362946873885,76468400
2022-04-05,AAPL,Apple,171.2155303955078,174.38438259894033,170.58958593943765,173.60194829792937,73401800
2022-04-06,AAPL,Apple,168.0564727783203,169.81694627331598,166.3938091700385,168.57483234577828,89058800
2022-04-07,AAPL,Apple,168.359619140625,169.55282781726584,166.1199165795996,167.4011451773804,77594700
2022-04-08,AAPL,Apple,166.35467529296875,168.00756384278074,165.48422104719532,168.00756384278074,76575500
2022-04-11,AAPL,Apple,162.1099853515625,165.31795249524248,161.8654755697351,165.00498773482366,72246700
2022-04-12,AAPL,Apple,163.97804260253906,166.13950070260202,162.9804385205217,164.33013728303388,79265200
2022-04-13,AAPL,Apple,166.65786743164062,167.28381189911025,163.10759541750994,163.7139749230824,70618900
2022-04-14,AAPL,Apple,161.6601104736328,167.5087962740481,161.41560064690395,166.87306177033577,75329400
2022-04-18,AAPL,Apple,161.44493103027344,162.94132974863555,159.977872292766,160.32017704396847,69023900
2022-04-19,AAPL,Apple,163.72372436523438,164.13451388243473,160.31037777023087,161.39600166868107,67723800
2022-04-20,AAPL,Apple,163.55746459960938,165.1712379709988,162.45229063171516,165.0538631380032,67929800
2022-04-21,AAPL,Apple,162.76527404785156,167.7630547165198,162.266479452362,165.20059691129774,87227800
2022-04-22,AAPL,Apple,158.23695373535156,164.18343379206294,157.95332893712188,162.80440987833427,84882400
2022-04-25,AAPL,Apple,159.3030242919922,159.58664908398902,154.98009296481885,157.5816658069576,96046400
2022-04-26,AAPL,Apple,153.35653686523438,158.77486701882205,153.2782919448604,158.68684707978605,95623200
2022-04-27,AAPL,Apple,153.13160705566406,156.2808795981602,151.967738002025,152.48609759207858,88063200
2022-04-28,AAPL,Apple,160.0463409423828,160.90702025080918,155.4397695467575,155.7527492675287,130216800
2022-04-29,AAPL,Apple,154.1878662109375,162.55010393809633,153.79665651995063,158.28585264208988,131747600
2022-05-02,AAPL,Apple,154.49105834960938,154.75511815394006,149.9040527150275,153.26850950984627,123055300
2022-05-03,AAPL,Apple,155.97769165039062,157.18069064394373,152.88709903691972,154.67689768841237,88966500
2022-05-04,AAPL,Apple,162.37408447265625,162.82397418149506,155.76252942825218,156.16352911233957,108256500
2022-05-05,AAPL,Apple,153.3272247314453,160.47668960295778,151.5471860479713,160.25174474333807,130525300
2022-05-06,AAPL,Apple,154.05201721191406,156.16768941381943,151.01563498071906,152.80807823964273,116124600
2022-05-09,AAPL,Apple,148.9391326904297,152.63176175523802,148.38083908771665,151.75022430191655,131577900
2022-05-10,AAPL,Apple,151.33880615234375,153.52304802908898,149.79123253684048,152.32808631263222,115366700
2022-05-11,AAPL,Apple,143.49325561523438,152.25956414663153,142.81741468212965,150.3495886480442,142689800
2022-05-12,AAPL,Apple,139.63414001464844,143.1994331763469,135.95131447864176,139.83983661531016,182602000
2022-05-13,AAPL,Apple,144.0906982421875,145.06038475011871,140.17279469669467,141.62241482375455,113990900
2022-05-16,AAPL,Apple,142.55291748046875,144.49229054467892,141.22082964396816,142.5627218047711,86643800
2022-05-17,AAPL,Apple,146.17701721191406,146.69613834453236,143.66954586445135,145.80481151470883,78336300
2022-05-18,AAPL,Apple,137.9298095703125,144.3355756662519,137.02867854993576,143.83604831537036,109742900
2022-05-19,AAPL,Apple,134.53106689453125,138.75260707730666,133.7964597180681,137.00914057415054,136095600
2022-05-20,AAPL,Apple,134.76609802246094,137.8122689524701,129.88831177177445,136.2353120090451,137426100
2022-05-23,AAPL,Apple,140.17283630371094,140.31975175202894,134.82488980062982,134.96201586760006,117726300
2022-05-24,AAPL,Apple,137.4792938232422,139.05625126128453,134.51148183512868,137.92005516834,104132700
2022-05-25,AAPL,Apple,137.63595581054688,138.8798794260536,135.5006906054065,135.58883984827878,92482700
2022-05-26,AAPL,Apple,140.8290557861328,141.37755994588284,134.32533585009304,134.57020484609697,90601500
2022-05-27,AAPL,Apple,146.56878662109375,146.60795908464218,142.27867700009156,142.40601366145458,90978500
2022-05-31,AAPL,Apple,145.78521728515625,147.5678709384086,143.82626511004062,146.01050754614022,103718400
2022-06-01,AAPL,Apple,145.65789794921875,148.62570934761555,144.649023812494,146.82346195823692,74286600
2022-06-02,AAPL,Apple,148.10659790039062,148.16536407915592,143.8458705924634,144.79596367082308,72348100
2022-06-03,AAPL,Apple,142.39622497558594,144.93306421639832,141.49510885340763,143.8850177275583,88570300
2022-06-06,AAPL,Apple,143.1406707763672,145.52080603843785,141.92611474243267,144.01240411533595,71598400
2022-06-07,AAPL,Apple,145.65789794921875,145.94193944320352,141.1425125135875,141.3873815394989,67808200
2022-06-08,AAPL,Apple,144.9232940673828,146.79408210793065,144.4335560047601,145.5305644824367,53950200
2022-06-09,AAPL,Apple,139.71246337890625,144.91347882072873,139.60472041542363,144.06133943857793,69473000
2022-06-10,AAPL,Apple,134.3155517578125,137.8710395567264,134.24698126233585,137.40089525066517,91437900
2022-06-13,AAPL,Apple,129.17333984375,132.4251934035628,128.7423678783914,130.14301182018457,122207100
2022-06-14,AAPL,Apple,130.03524780273438,131.1420606306549,128.7815195311164,130.39766413988795,84784300
2022-06-15,AAPL,Apple,132.6504669189453,134.5212702217429,129.4475902081577,131.53386454500733,91533000
2022-06-16,AAPL,Apple,127.39067840576172,129.67285985675707,126.39160844816745,129.36922461121898,108123900
2022-06-17,AAPL,Apple,128.85989379882812,130.34870189215334,127.14581035148301,127.40048374314352,134520300
2022-06-21,AAPL,Apple,133.08140563964844,134.2469845261448,130.58375367786297,130.68169231513036,81000500
2022-06-22,AAPL,Apple,132.57208251953125,134.93260831981635,131.1616346888571,132.02356340545535,73409200
2022-06-23,AAPL,Apple,135.4321746826172,135.74559928638683,132.84635818263115,134.0119372202921,72433800
2022-06-24,AAPL,Apple,138.75259399414062,138.99746302987265,136.90138468183136,137.0287064173905,89116800
2022-06-27,AAPL,Apple,138.75259399414062,140.5450371291734,138.0767530642211,139.7712426067131,70207900
2022-06-28,AAPL,Apple,134.6191864013672,140.47644880841756,134.50165406172098,139.212931320367,67083400
2022-06-29,AAPL,Apple,136.37249755859375,137.78294599248824,133.86504031861426,134.63883505875384,66242400
2022-06-30,AAPL,Apple,133.91397094726562,135.5301005021527,131.02451949836083,134.43309207438057,98964500
2022-07-01,AAPL,Apple,136.07861328125,136.1863562547321,132.87573705664798,133.2479278277153,71051600
2022-07-05,AAPL,Apple,138.65469360351562,138.70367041857844,134.11971253908445,134.94248417351324,73353800
2022-07-06,AAPL,Apple,139.98672485351562,141.16209320483665,138.18449238511542,138.44895512148898,74064300
2022-07-07,AAPL,Apple,143.3463592529297,143.5422515193908,140.3393599057939,140.3491492881493,66253700
2022-07-08,AAPL,Apple,144.02215576171875,144.52169812610057,142.02403114104803,142.2786895406023,64547800
2022-07-11,AAPL,Apple,141.8966827392578,143.6303594367227,140.82905749070648,142.68026652507825,63141600
2022-07-12,AAPL,Apple,142.86636352539062,145.4032026642234,142.0729903924104,142.76840995155382,77588800
2022-07-13,AAPL,Apple,142.5039520263672,143.4442405073282,139.20310812771817,140.055262311508,71185600
2022-07-14,AAPL,Apple,145.42282104492188,145.8929653987599,140.30995449187216,141.12292146669557,78140700
2022-07-15,AAPL,Apple,147.08792114257812,147.7637620290884,145.15835206929646,146.70592606919652,76259900
2022-07-18,AAPL,Apple,144.05157470703125,148.4592176926782,143.68915834296686,147.64625063740658,81420900
2022-07-19,AAPL,Apple,147.9009246826172,148.1262000519952,143.89487011094474,144.88413581614606,82982400
2022-07-20,AAPL,Apple,149.8990478515625,150.56509951384282,147.2838478982926,148.01845513052425,64823400
2022-07-21,AAPL,Apple,152.16162109375,152.3771070356204,148.821603940378,151.32906041419434,65086600
2022-07-22,AAPL,Apple,150.9274444580078,153.07249916430717,150.26140799071646,152.20076617293066,66675400
2022-07-25,AAPL,Apple,149.81085205078125,151.85795331530994,149.15460492057616,150.84909422530328,53623900
2022-07-26,AAPL,Apple,148.48861694335938,149.94802710334568,147.70503289373295,149.13505995960023,55138700
2022-07-27,AAPL,Apple,153.5720672607422,154.10099277980115,149.0371026048061,149.4484808165071,78620700
2022-07-28,AAPL,Apple,154.12059020996094,154.40463173955777,151.2409277129022,153.75817384315252,81378700
2022-07-29,AAPL,Apple,159.1746368408203,160.27166010634335,156.2264195082653,157.93071310150503,101786900
2022-08-01,AAPL,Apple,158.1951904296875,160.2325026515257,157.58791998844677,157.7054523459462,67829400
2022-08-02,AAPL,Apple,156.72593688964844,159.0766880696811,156.35374620232938,156.81410108129182,59907000
2022-08-03,AAPL,Apple,162.7203826904297,163.17093336402678,157.45079605540153,157.53894532472003,82507500
2022-08-04,AAPL,Apple,162.406982421875,163.75866466085358,161.05530018289645,162.60287471628337,55474100
2022-08-05,AAPL,Apple,162.18136596679688,162.67178435198056,159.876393569881,160.08237587686597,56697000
2022-08-08,AAPL,Apple,161.7105712890625,164.5942341050474,161.05341237675853,163.18182660608474,60276900
2022-08-09,AAPL,Apple,161.7595672607422,162.64232916411427,160.12157196524083,160.87682032374863,63135500
2022-08-10,AAPL,Apple,165.99681091308594,166.09488560468589,163.70164162721542,164.46669306704544,70170500
2022-08-11,AAPL,Apple,165.2611846923828,167.71327649760102,164.9669306824805,166.8010905635419,57149200
2022-08-12,AAPL,Apple,168.802001953125,168.87065273956517,166.1537308916434,166.56569547580565,68039400
2022-08-15,AAPL,Apple,169.8711395263672,170.06730390664768,168.06640328157403,168.2331437531316,54091700
2022-08-16,AAPL,Apple,169.71417236328125,170.38114909928223,168.3704308785935,169.46896318920653,56377100
2022-08-17,AAPL,Apple,171.2050323486328,172.77436193637106,169.2629800618565,169.45914438952641,79542000
2022-08-18,AAPL,Apple,170.81271362304688,171.54834118381174,169.8024529702403,170.4203849105247,62290100
2022-08-19,AAPL,Apple,168.23309326171875,170.41055165199725,168.02711099609633,169.7141510996703,70346300
2022-08-22,AAPL,Apple,164.35882568359375,166.6049353146799,163.93705808753546,166.43819485878106,69026800
2022-08-23,AAPL,Apple,164.0253143310547,165.47696339789675,163.4564272588674,163.87819481513557,54147100
2022-08-24,AAPL,Apple,164.31954956054688,164.88843656775538,163.0640799468379,164.1135822617859,53841500
2022-08-25,AAPL,Apple,166.77163696289062,166.87952958176348,165.12383874706296,165.54559127859812,51218200
2022-08-26,AAPL,Apple,160.48451232910156,167.77213753118554,160.42566451575846,167.3013400580589,78961000
2022-08-29,AAPL,Apple,158.2873992919922,159.7782599974509,156.75729674532928,158.06179612101135,73314000
2022-08-30,AAPL,Apple,155.86476135253906,159.44480926961938,154.6975633016655,159.02305667853338,77906200
2022-08-31,AAPL,Apple,154.2071533203125,157.50276536238007,154.1286845852179,157.23793525223348,87991100
2022-09-01,AAPL,Apple,154.93295288085938,155.38412932683354,151.70599214901193,153.6382414104045,74229900
2022-09-02,AAPL,Apple,152.8241424560547,157.2869518100939,152.0002433352291,156.6886409081276,76957800
2022-09-06,AAPL,Apple,151.56871032714844,154.07965015411935,150.74481100262022,153.47153612406976,73714800
2022-09-07,AAPL,Apple,152.97129821777344,153.6676838931478,150.66632598771957,151.85314497915547,87449600
2022-09-08,AAPL,Apple,151.5000457763672,153.36362955067995,149.75414265238146,151.67658920142858,84923800
2022-09-09,AAPL,Apple,154.35426330566406,154.79565178409123,151.78447599724632,152.49067960307377,68028800
2022-09-12,AAPL,Apple,160.29811096191406,161.11220709833708,156.24726616785827,156.53170218353472,104956000
2022-09-13,AAPL,Apple,150.89190673828125,157.46350930410847,150.43091231518306,156.8357744463717,122656600
2022-09-14,AAPL,Apple,152.33375549316406,154.08946168271527,150.66633598686377,151.82371618505977,87965400
2022-09-15,AAPL,Apple,149.4500732421875,152.26508456095567,148.47905455230304,151.6863795720259,90481100
2022-09-16,AAPL,Apple,147.8120880126953,148.44964084888636,145.52673670084437,148.31232430924803,162278800
2022-09-19,AAPL,Apple,151.5196533203125,151.5981220543988,146.24276190884032,146.44872924023372,81474200
2022-09-20,AAPL,Apple,153.89329528808594,155.050690549917,150.14650631554355,150.46036632402453,107689800
2022-09-21,AAPL,Apple,150.7742462158203,155.69805153828966,150.65655057959955,154.32487092805448,101696800
2022-09-22,AAPL,Apple,149.81298828125,151.50983141556574,148.0180554999838,149.45988650515864,86652500
2022-09-23,AAPL,Apple,147.54727172851562,148.5673503753869,145.71311171309017,148.29271727039426,96029900
2022-09-26,AAPL,Apple,147.88075256347656,150.82326264584486,146.77240230987616,146.79202323434507,93339400
2022-09-27,AAPL,Apple,148.85177612304688,151.75505941669135,147.07646404392761,149.81300689014782,84442700
2022-09-28,AAPL,Apple,146.96853637695312,147.75320856386915,142.06435391669942,144.81069908771693,146691400
2022-09-29,AAPL,Apple,139.7496337890625,143.9083875278427,137.98412442041132,143.30027345445623,128138200
2022-09-30,AAPL,Apple,135.5515899658203,140.35769739354438,135.3554256755078,138.5725679290359,124925300
2022-10-03,AAPL,Apple,139.72021484375,140.32834390512355,135.05143653979655,135.56147592361143,114311700
2022-10-04,AAPL,Apple,143.3002471923828,143.41794280659562,141.49549629829846,142.2507447443845,87830100
2022-10-05,AAPL,Apple,143.59451293945312,144.55574385560058,140.26947652199397,141.30917618434017,79471000
2022-10-06,AAPL,Apple,142.64308166503906,144.7126478104947,142.43711432828448,143.0158044200555,68402200
2022-10-07,AAPL,Apple,137.4053955078125,140.35772324812106,136.7776606833551,139.80844218113944,85925600
2022-10-10,AAPL,Apple,137.7290802001953,139.17091126885134,135.91454138275128,137.7290802001953,74899000
2022-10-11,AAPL,Apple,136.31668090820312,138.64127407342733,135.57125040118655,137.21904887976436,77033700
2022-10-12,AAPL,Apple,135.68893432617188,137.67022848780448,135.51239091855444,136.4638036366148,70433700
2022-10-13,AAPL,Apple,140.24981689453125,140.83830981626429,131.79499606499104,132.40312487373902,113224000
2022-10-14,AAPL,Apple,135.72821044921875,141.75054821414383,135.5418490498613,141.54456588685852,88598000
2022-10-17,AAPL,Apple,139.68096923828125,140.16156968133146,137.5819791306435,138.36665154683308,85250900
2022-10-18,AAPL,Apple,140.99526977539062,143.88873492707052,137.91544326382163,142.7019309504816,99136600
2022-10-19,AAPL,Apple,141.1031494140625,142.17225768233465,138.78837451258266,138.97473585531196,61758300
2022-10-20,AAPL,Apple,140.6421661376953,143.09425775385319,139.91634163141597,140.2792613677454,64522000
2022-10-21,AAPL,Apple,144.4477996826172,145.01668666487555,139.91632474569775,140.13210997918807,86548600
2022-10-24,AAPL,Apple,146.58604431152344,147.3510957532076,143.2021606323234,144.3693587197694,75981900
2022-10-25,AAPL,Apple,149.42063903808594,149.56777350297594,146.49775025875292,147.21375676214043,74732300
2022-10-26,AAPL,Apple,146.48794555664062,149.07735346461445,145.20303709712394,148.06709300971718,88194300
2022-10-27,AAPL,Apple,142.02517700195312,146.19373355952823,141.36801811707775,145.23251764978033,109180200
2022-10-28,AAPL,Apple,152.75547790527344,154.48174471225758,144.98725482427943,145.3599625074013,164762400
2022-10-31,AAPL,Apple,150.40150451660156,151.2842665764986,149.0087181195706,150.22496108445085,97943200
2022-11-01,AAPL,Apple,147.7630615234375,152.47108127109797,146.27220032701106,152.10817643552318,80379300
2022-11-02,AAPL,Apple,142.25071716308594,149.25388921211223,142.22129326523782,146.09559446780847,93604600
2022-11-03,AAPL,Apple,136.21861267089844,140.0634909361085,136.09109910411752,139.33766635298934,97918500
2022-11-04,AAPL,Apple,135.95335388183594,140.1681172493776,132.0234984378513,139.59828641105477,140814800
2022-11-07,AAPL,Apple,136.4838409423828,136.70980337190065,133.29083425573356,134.7055842324109,83374600
2022-11-08,AAPL,Apple,137.05369567871094,138.9498435557623,135.0789489012502,137.94774130575934,89908500
2022-11-09,AAPL,Apple,132.50486755371094,136.12034157773797,132.22977893126608,136.07121539704306,74917800
2022-11-10,AAPL,Apple,144.29446411132812,144.29446411132812,137.05371017047622,138.7632027049217,118854000
2022-11-11,AAPL,Apple,147.07484436035156,147.37940577392345,141.83830991998155,143.26289458275522,93979700
2022-11-14,AAPL,Apple,145.67970275878906,147.644629976999,144.84460269456784,146.3576050476643,73374100
2022-11-15,AAPL,Apple,147.40884399414062,150.89659305740093,145.95480194485347,149.55062261259357,89868300
2022-11-16,AAPL,Apple,146.18077087402344,147.24183349471545,144.70707528826344,146.51481993344615,64218300
2022-11-17,AAPL,Apple,148.0769805908203,148.82364786076732,143.58711275398744,143.862201484558,80389400
2022-11-18,AAPL,Apple,148.63693237304688,150.02220984195606,147.34008803390304,149.63904958366277,74829600
2022-11-21,AAPL,Apple,145.41445922851562,147.73307435769456,145.12955132737417,147.52676535819396,58724100
2022-11-22,AAPL,Apple,147.54641723632812,147.78221396265934,144.35340964940343,145.53237828985053,51804100
2022-11-23,AAPL,Apple,148.4208221435547,149.16748927839564,146.72114887646376,146.82922050043365,58301400
2022-11-25,AAPL,Apple,145.5126953125,146.2691965387926,144.5400508786952,145.70918504900035,35195900
2022-11-28,AAPL,Apple,141.69090270996094,144.06846284178744,140.86563687733454,142.59476743015247,69246000
2022-11-29,AAPL,Apple,138.6944122314453,142.27057984792378,137.8887997144492,141.7596944766532,83763800
2022-11-30,AAPL,Apple,145.43411254882812,146.11201495746124,138.0852876520207,138.92037287256267,111380900
2022-12-01,AAPL,Apple,145.7091827392578,146.51481013470644,144.03899751867118,145.61094536816785,71250400
2022-12-02,AAPL,Apple,145.2179718017578,145.40464232225125,143.09584639700262,143.4004227674544,65447400
2022-12-05,AAPL,Apple,144.05868530273438,148.27344880391388,143.2137657558394,145.17869354013385,68826400
2022-12-06,AAPL,Apple,140.40391540527344,144.71693119940028,139.431270776129,144.49096870660432,64727200
2022-12-07,AAPL,Apple,138.4684600830078,140.85584008868295,137.5449416476374,139.69653991914743,69721100
2022-12-08,AAPL,Apple,140.14846801757812,141.00322179654424,138.62566097989853,139.8635600853956,62128300
2022-12-09,AAPL,Apple,139.66705322265625,143.01725827820258,138.42913927736055,139.84388950557997,76097000
2022-12-12,AAPL,Apple,141.9561767578125,141.96599599737974,138.58631867677312,140.19755844692216,70462700
2022-12-13,AAPL,Apple,142.91897583007812,147.34006186732648,141.71054984410077,146.87830279302864,93886200
2022-12-14,AAPL,Apple,140.69866943359375,144.08816707629325,138.68461532986467,142.801141695283,82291200
2022-12-15,AAPL,Apple,134.10626220703125,139.31332154005028,133.6445031818207,138.63541935447725,98931900
2022-12-16,AAPL,Apple,132.15118408203125,135.23611943482993,131.38486361161162,134.29296269794702,160156900
2022-12-19,AAPL,Apple,130.04872131347656,132.82909551472687,129.01714637272462,132.74067737544078,79592600
2022-12-20,AAPL,Apple,129.97998046875,130.91331820064397,127.61223880809378,129.08593469778208,77432800
2022-12-21,AAPL,Apple,133.07469177246094,134.4108428696223,130.42204304769788,130.64800547841642,85928000
2022-12-22,AAPL,Apple,129.91116333007812,132.20030541745464,128.01501569466643,131.9939964474779,77852100
2022-12-23,AAPL,Apple,129.54766845703125,130.0978457490201,127.3665977700706,128.62415014924704,63814900
2022-12-27,AAPL,Apple,127.74974822998047,129.10555287498912,126.46272323679953,129.0760801645503,69007800
2022-12-28,AAPL,Apple,123.8297348022461,128.73222692892008,123.66271775984323,127.39607559848972,85438400
2022-12-29,AAPL,Apple,127.33714294433594,128.1918817150827,125.49011356491995,125.74554877459363,75703700
2022-12-30,AAPL,Apple,127.65149688720703,127.67115035805845,125.19534521858718,126.1581629090278,77034200
2023-01-03,AAPL,Apple,122.87674713134766,128.6045053870652,121.99252821247748,127.99538262842435,112117500
2023-01-04,AAPL,Apple,124.14413452148438,126.40380440814197,122.88658197418445,124.66483917038782,89113600
2023-01-05,AAPL,Apple,122.82760620117188,125.5293813261351,122.57217104073682,124.90060516942826,80962700
2023-01-06,AAPL,Apple,127.3469467163086,128.0051956310965,122.69989736764362,123.80025946812165,87754700
2023-01-09,AAPL,Apple,127.86764526367188,131.07048653770673,127.6122100970975,128.18204084518473,70790800
2023-01-10,AAPL,Apple,128.43748474121094,128.95818934117645,125.87325369613974,127.97572556898378,63896200
2023-01-11,AAPL,Apple,131.1490936279297,131.1687321095965,128.17222961380043,128.94836939344688,69458900
2023-01-12,AAPL,Apple,131.0705108642578,131.90559617413024,129.13505580606935,131.53227009080283,71379600
2023-01-13,AAPL,Apple,132.39683532714844,132.55403315564018,129.35120610397337,129.71471296505177,57809700
2023-01-17,AAPL,Apple,133.5561065673828,134.88242345634274,131.77784981822288,132.46557135226192,63646600
2023-01-18,AAPL,Apple,132.8389434814453,136.17931456809228,132.66209219338052,134.4207108763407,69672800
2023-01-19,AAPL,Apple,132.89785766601562,133.86066781311564,131.42416224055012,131.72872356322017,58280400
2023-01-20,AAPL,Apple,135.4522705078125,135.59964906296133,131.86628386729487,132.90769302903612,80223600
2023-01-23,AAPL,Apple,138.63546752929688,140.80671912517695,135.4817521326256,135.6978953680963,81760300
2023-01-24,AAPL,Apple,140.03054809570312,140.64950501564115,137.83965827143598,137.84947751147084,66435100
2023-01-25,AAPL,Apple,139.37229919433594,139.93229570032543,136.37578195167205,138.41930821894437,65799300
2023-01-26,AAPL,Apple,141.4355010986328,141.72040901629467,139.41161299424252,140.65934626942868,54105100
2023-01-27,AAPL,Apple,143.3709259033203,144.64813175929368,140.57091324840124,140.64951214628343,70555800
2023-01-30,AAPL,Apple,140.49234008789062,142.99762607371383,140.34497649686972,142.41797596075202,64015300
2023-01-31,AAPL,Apple,141.7596893310547,141.80881551729502,139.78494257033407,140.19757555057984,65874500
2023-02-01,AAPL,Apple,142.87969970703125,144.03901475780756,138.84178798038548,141.44531098955775,77663600
2023-02-02,AAPL,Apple,148.17518615722656,148.52885870656533,145.57164829200897,146.2888426135127,118339000
2023-02-03,AAPL,Apple,151.79063415527344,154.6201342687517,145.23760339877686,145.43409313083382,154357300
2023-02-06,AAPL,Apple,149.06922912597656,150.41521473457135,148.13589150827315,149.8945101165513,69858300
2023-02-07,AAPL,Apple,151.93801879882812,152.50784959474223,147.99834440627268,147.99834440627268,83322600
2023-02-08,AAPL,Apple,149.2559051513672,151.86926257026718,148.51905726950346,151.18154087876943,64120100
2023-02-09,AAPL,Apple,148.2243194580078,151.62365104865805,147.78221371418798,151.08329292122983,56007100
2023-02-10,AAPL,Apple,148.58836364746094,148.9130734935689,146.8270751036462,147.0632318137508,57450700
2023-02-13,AAPL,Apple,151.38287353515625,151.7862873807752,148.49985109109068,148.52936881115792,62199000
2023-02-14,AAPL,Apple,150.74327087402344,151.3041375201495,148.44079888424892,149.68058802933567,61707600
2023-02-15,AAPL,Apple,152.83909606933594,153.00636811059493,150.42838780610393,150.6546952720313,65573800
2023-02-16,AAPL,Apple,151.24508666992188,153.82306709582505,150.8908590911332,151.0482818929642,68167900
2023-02-17,AAPL,Apple,150.10366821289062,150.5464488832577,148.4309328947845,149.90687847207133,59144100
2023-02-21,AAPL,Apple,146.09893798828125,148.87372305726493,146.03006833094608,147.79135689260553,58867200
2023-02-22,AAPL,Apple,146.52206420898438,147.54538003263738,144.80012742797703,146.48269724609548,51011300
2023-02-23,AAPL,Apple,147.00418090820312,147.92910925221886,144.8788305804024,147.6831183102613,48394200
2023-02-24,AAPL,Apple,144.35733032226562,144.82962872471046,143.38320079150859,144.75090982195374,55469600
2023-02-27,AAPL,Apple,145.54791259765625,146.77786725557394,145.0854484451516,145.34128862301924,44998500
2023-02-28,AAPL,Apple,145.04611206054688,146.68932985809187,144.47541123636594,144.69188448050687,50547000
2023-03-01,AAPL,Apple,142.97976684570312,144.8689754008769,142.68457472462396,144.47539591550134,55479000
2023-03-02,AAPL,Apple,143.57012939453125,144.35730326043608,141.59235299200765,142.06466632000615,52238100
2023-03-03,AAPL,Apple,148.60804748535156,148.6867663889097,144.96738452683869,145.66599039801153,70732300
2023-03-06,AAPL,Apple,151.36312866210938,153.79352005595112,150.9990669195326,151.32376170858595,87558000
2023-03-07,AAPL,Apple,149.16891479492188,151.55993956940895,148.7064506179963,151.23522972088062,56182000
2023-03-08,AAPL,Apple,150.41854858398438,151.00893289820618,149.39523278864294,150.35951315538156,47204800
2023-03-09,AAPL,Apple,148.1750946044922,152.0617483379844,147.8208670608722,151.09746808583355,53833600
2023-03-10,AAPL,Apple,146.11862182617188,148.5194958597798,145.242894659562,147.80120650188752,68572400
2023-03-13,AAPL,Apple,148.0570526123047,150.68423448355665,145.33146834316847,145.43970497520198,84457100
2023-03-14,AAPL,Apple,150.14303588867188,150.94004418166887,147.6929755826584,148.85404568502526,73695900
2023-03-15,AAPL,Apple,150.5366668701172,150.7924921205148,147.5158900006413,148.76552856017204,77167900
2023-03-16,AAPL,Apple,153.3507537841797,153.95097226183628,149.20825986230471,149.71992520737962,76161100
2023-03-17,AAPL,Apple,152.51438903808594,154.22649145558808,151.80593390078133,153.57707174404283,98944600
2023-03-20,AAPL,Apple,154.8759307861328,155.2892088870571,151.678047720229,152.58330783129233,73641400
2023-03-21,AAPL,Apple,156.7257537841797,156.84382463636302,154.02968755125636,154.7971931327365,73938300
2023-03-22,AAPL,Apple,155.2990264892578,159.5399085601911,155.27934300701256,156.7454546452784,75701800
2023-03-23,AAPL,Apple,156.38136291503906,158.9593583364734,155.15140813839363,156.28297554136526,67622100
2023-03-24,AAPL,Apple,157.68017578125,157.7687289068554,155.31866901387664,156.31246690077828,59196500
2023-03-27,AAPL,Apple,155.74179077148438,158.19186606543823,155.33836200567538,157.37517430078694,52390300
2023-03-28,AAPL,Apple,155.12188720703125,155.94842821050446,153.47866946121147,155.43676283008696,45992200
2023-03-29,AAPL,Apple,158.19186401367188,158.46737267599337,156.7946372221569,156.8143056879684,51305700
2023-03-30,AAPL,Apple,159.75640869140625,159.8646453408123,158.6838914471738,158.93971670299703,49501700
2023-03-31,AAPL,Apple,162.25563049316406,162.35403288236776,159.31358823359025,159.8350878653574,68749800
2023-04-03,AAPL,Apple,163.50526428222656,163.62333513475417,161.58653785817188,161.63573905142377,56976200
2023-04-04,AAPL,Apple,162.9739227294922,164.16451047380076,162.46225736922722,163.92836877990578,46278300
2023-04-05,AAPL,Apple,161.13389587402344,162.4032175003463,159.2053353608918,162.09819114468434,51511700
2023-04-06,AAPL,Apple,162.01947021484375,162.31466233453045,159.40212310856722,159.8252203026454,45390100
2023-04-10,AAPL,Apple,159.43167114257812,159.43167114257812,157.51294452082058,158.8314525568901,47716900
2023-04-11,AAPL,Apple,158.22137451171875,159.7563555644006,157.93601661540757,159.74652133194326,47644200
2023-04-12,AAPL,Apple,157.5325927734375,159.46115319792995,157.2177171858746,158.6346273017189,50133100
2023-04-13,AAPL,Apple,162.905029296875,163.14118599216286,158.8314201412513,159.03805912639,68445600
2023-04-14,AAPL,Apple,162.56068420410156,163.6528847449455,161.19297496954,161.9506163702145,49386500
2023-04-17,AAPL,Apple,162.58033752441406,162.7377753387549,161.39958394505072,162.44258319038994,41516200
2023-04-18,AAPL,Apple,163.80044555664062,164.72537387764507,162.99358808032773,163.4363837761115,49923000
2023-04-19,AAPL,Apple,164.94183349609375,165.46333303592274,162.88533803142178,163.14117819260926,47720200
2023-04-20,AAPL,Apple,163.9775848388672,165.1780220485777,162.90506774605808,163.42656743390464,52456400
2023-04-21,AAPL,Apple,162.37368774414062,163.78074857435575,161.85218820428946,162.40320545287983,58337300
2023-04-24,AAPL,Apple,162.67872619628906,162.94440060882783,161.26181601487568,162.3540163618739,41949600
2023-04-25,AAPL,Apple,161.14378356933594,163.64304544690907,161.10441660264104,162.54101060503098,48714100
2023-04-26,AAPL,Apple,161.13389587402344,162.62952495549953,160.18929909610858,160.44512426219072,45498800
2023-04-27,AAPL,Apple,165.70936584472656,165.85695442572842,162.54100085037314,162.54100085037314,64902300
2023-04-28,AAPL,Apple,166.958984375,167.12627144742981,165.18786139778672,165.7880799666726,55275900
2023-05-01,AAPL,Apple,166.87039184570312,167.71660118549804,165.93562938076653,166.5653655163748,52472900
2023-05-02,AAPL,Apple,165.83724975585938,167.6182368189597,164.85328597063295,167.3623966257795,48425700
2023-05-03,AAPL,Apple,164.76473999023438,168.17909567440717,164.47939708632646,166.78186884038578,65136000
2023-05-04,AAPL,Apple,163.13134765625,164.36130237503923,161.67508547315035,162.24578626436005,81235400
2023-05-05,AAPL,Apple,170.78662109375,171.50491053581004,168.02166992672903,168.23814318555767,113453200
2023-05-08,AAPL,Apple,170.71771240234375,171.06210572406735,169.35000337616833,169.7140651629481,55962800
2023-05-09,AAPL,Apple,169.01547241210938,170.7570775926942,168.84820036158354,170.27494492179522,45326900
2023-05-10,AAPL,Apple,170.77676391601562,171.23922812803062,169.14338031673282,170.24543004162442,53724500
2023-05-11,AAPL,Apple,170.96368408203125,171.79020994413887,169.4090197142991,171.06208645260807,49514700
2023-05-12,AAPL,Apple,170.03750610351562,171.50563041723674,168.49053896760506,171.07208510437357,45533100
2023-05-15,AAPL,Apple,169.54483032226562,170.66809989196608,168.95362948142878,170.61883064941935,37266700
2023-05-16,AAPL,Apple,169.54483032226562,170.5991199454283,169.27878844040285,169.46600254116325,42110300
2023-05-17,AAPL,Apple,170.15576171875,170.3922300756776,167.91906995533154,169.19014751327734,57951600
2023-05-18,AAPL,Apple,172.4811248779297,172.66833901247392,170.04737119858373,170.46120584790356,65496700
2023-05-19,AAPL,Apple,172.58950805664062,173.80145343851697,172.37273538217633,173.80145343851697,55809500
2023-05-22,AAPL,Apple,171.6435546875,172.1460798920396,170.90456118422298,171.42678205708316,43570900
2023-05-23,AAPL,Apple,169.0423126220703,170.83561089353927,168.76642289336164,170.58927970470205,50747300
2023-05-24,AAPL,Apple,169.31822204589844,169.8897122746601,168.0176010356781,168.57922839342694,45143500
2023-05-25,AAPL,Apple,170.4513397216797,171.3479738482291,169.17041449607095,169.8798495430277,56058300
2023-05-26,AAPL,Apple,172.8555450439453,173.19056694623742,170.5695990272421,170.77652387763237,54835000
2023-05-30,AAPL,Apple,174.6980743408203,176.36327550868927,173.97879151124883,174.36306754730614,55964400
2023-05-31,AAPL,Apple,174.6488494873047,176.7180379211288,174.16603484344822,174.72767728843633,99625300
2023-06-01,AAPL,Apple,177.4471435546875,177.47670209655325,174.33351350934285,175.09221783191245,68901800
2023-06-02,AAPL,Apple,178.2945098876953,179.11233123154489,176.62930866038764,178.37333767160567,61996900
2023-06-05,AAPL,Apple,176.94461059570312,182.23579939859383,175.4272021453367,179.9498539235026,121946500
2023-06-06,AAPL,Apple,176.580078125,177.476712338109,174.8261860088602,177.32891962025158,64848400
2023-06-07,AAPL,Apple,175.21046447753906,178.5507149734009,174.71780207381394,175.82136104700194,61944600
2023-06-08,AAPL,Apple,177.9201202392578,178.18614713091944,174.85575927069235,175.2892895872439,50214900
2023-06-09,AAPL,Apple,178.3043670654297,179.55571862854532,177.97920810525306,178.83643579626113,48900000
2023-06-12,AAPL,Apple,181.0928192138672,181.1913576973854,178.31421139002148,178.60981180571443,54274900
2023-06-13,AAPL,Apple,180.6199188232422,181.4475881941565,179.76269090585708,180.11740849837264,54929100
2023-06-14,AAPL,Apple,181.25050354003906,181.684048880549,179.34883379218707,180.67901332162722,57462900
2023-06-15,AAPL,Apple,183.2802734375,183.78279874291368,181.08300318978328,181.26036948430115,65433200
2023-06-16,AAPL,Apple,182.2062530517578,184.245882524342,181.56579797087073,183.98968846409701,101256200
2023-06-20,AAPL,Apple,182.29493713378906,183.36895259993452,181.7037512704965,181.7037512704965,49799100
2023-06-21,AAPL,Apple,181.26036071777344,182.68907870149724,179.91045548906328,182.1865534203878,49515700
2023-06-22,AAPL,Apple,184.25572204589844,184.304991288712,180.97458893469445,181.04356888160584,51245300
2023-06-23,AAPL,Apple,183.94046020507812,184.8075509993679,182.29496929127177,182.8270532004463,53117000
2023-06-26,AAPL,Apple,182.55111694335938,185.2903184900679,182.51169553463515,184.08822111663613,48088700
2023-06-27,AAPL,Apple,185.30020141601562,185.6253604426876,182.94527546666254,183.16204815111053,50730800
2023-06-28,AAPL,Apple,186.4727325439453,187.11318769857849,184.84695251457532,185.17209649255778,51216800
2023-06-29,AAPL,Apple,186.8077392578125,187.2807060224463,186.16728410364277,186.30522898461155,46347300
2023-06-30,AAPL,Apple,191.12347412109375,191.6259844129726,188.4532369978983,188.8178174385461,85213200
2023-07-03,AAPL,Apple,189.63563537597656,191.03479491877454,188.94589592351636,190.9362564156046,31458200
2023-07-05,AAPL,Apple,188.52220153808594,190.1479814937267,187.82261429340878,188.75868490984942,46920300
2023-07-06,AAPL,Apple,188.99514770507812,189.20207252866174,186.42344937265386,187.05405664400223,45094300
2023-07-07,AAPL,Apple,187.88169860839844,189.8425000907618,187.4481683880748,188.60099643398274,46815000
2023-07-10,AAPL,Apple,185.84210205078125,187.2018550195119,184.2951349736181,186.48255712554894,59922200
2023-07-11,AAPL,Apple,185.31988525390625,186.5219826806886,183.86160879849567,186.384037813756,46638100
2023-07-12,AAPL,Apple,186.985107421875,188.88677723101014,185.70418206587038,186.8964167558296,60750200
2023-07-13,AAPL,Apple,187.74378967285156,188.38425984411805,186.99494820191867,187.70438329432415,41342300
2023-07-14,AAPL,Apple,187.89158630371094,188.37438582770977,186.8471444335954,187.4383302857117,41616200
2023-07-17,AAPL,Apple,191.14317321777344,191.46833222271863,188.99515722491665,189.08383285312058,50520200
2023-07-18,AAPL,Apple,190.886962890625,191.4781637647375,189.5961898515042,190.51254970289233,48288200
2023-07-19,AAPL,Apple,192.2368927001953,195.32094939257118,189.8228346836756,190.26624291356026,80507300
2023-07-20,AAPL,Apple,190.2957763671875,193.58675746858663,189.6750169550875,192.22700448393437,59581200
2023-07-21,AAPL,Apple,189.12327575683594,192.10880919119532,188.42368841793873,191.25158128475522,71951700
2023-07-24,AAPL,Apple,189.92137145996094,192.04967681854123,189.42870901778204,190.57168949200457,45377800
2023-07-25,AAPL,Apple,190.77857971191406,191.58655325087184,190.08885537064708,190.49284214012596,37283200
2023-07-26,AAPL,Apple,191.6456756591797,192.7689453418544,190.48299959942145,190.82785426220883,47471900
2023-07-27,AAPL,Apple,190.38449096679688,194.3060801182846,189.72432504433817,193.14340387615707,47460200
2023-07-28,AAPL,Apple,192.9561767578125,193.74443968391378,191.2909752730755,191.81319626670884,48291400
2023-07-31,AAPL,Apple,193.5670623779297,193.60648379116893,192.39452340931743,193.1827862905988,38824100
2023-08-01,AAPL,Apple,192.7393798828125,193.8429388199064,192.41422090280528,193.36013930235927,35175100
2023-08-02,AAPL,Apple,189.75387573242188,192.31571151477112,189.03459274742033,192.17776662675897,50389300
2023-08-03,AAPL,Apple,188.36456298828125,189.54694988427917,187.89161123685508,188.75870197685728,61235200
2023-08-04,AAPL,Apple,179.31924438476562,184.63014382216585,179.25026444025556,182.79743931128007,115956800
2023-08-07,AAPL,Apple,176.22537231445312,180.4425618735659,174.7473848978987,179.45723692919626,97576100
2023-08-08,AAPL,Apple,177.1614227294922,177.6245266423458,174.97400021533483,177.0530363874442,67823000
2023-08-09,AAPL,Apple,175.5750732421875,178.2748542595959,174.41238186388375,178.21573716211503,60378500
2023-08-10,AAPL,Apple,175.35824584960938,178.0974474344709,174.99368050557445,176.84608080013524,54686900
2023-08-11,AAPL,Apple,175.4174346923828,176.23636037713308,174.19399178686675,174.953720563952,52036700
2023-08-14,AAPL,Apple,177.065185546875,177.29211207450308,174.9438673937282,175.59506357405235,43675600
2023-08-15,AAPL,Apple,175.0819854736328,177.08489459113486,174.68732936330193,176.49291042563854,43622600
2023-08-16,AAPL,Apple,174.21372985839844,176.1574269074876,174.14465676238186,174.766254405872,46964900
2023-08-17,AAPL,Apple,171.67800903320312,175.14116345073805,171.16494410110627,174.77610583538885,66062900
2023-08-18,AAPL,Apple,172.16151428222656,172.76337470680727,169.6652772069575,170.0007364455324,61172200
2023-08-21,AAPL,Apple,173.4934844970703,173.77962299820936,171.42151715942626,172.7337706675176,46311900
2023-08-22,AAPL,Apple,174.8649139404297,175.30890581271296,173.89799596554266,174.69718434668556,42038900
2023-08-23,AAPL,Apple,178.70303344726562,179.1273031269572,175.95027131734813,176.13773826499084,52722800
2023-08-24,AAPL,Apple,174.0262908935547,178.68330576322634,173.66121814414575,178.25903609639087,54945800
2023-08-25,AAPL,Apple,176.2265167236328,176.7593040006282,173.4737548580186,175.0129348306344,51449600
2023-08-28,AAPL,Apple,177.7854461669922,178.1801023209798,176.1673318473753,177.68677460091166,43820700
2023-08-29,AAPL,Apple,181.66297912597656,182.4325690983829,177.1046362040057,177.30196426395187,53003900
2023-08-30,AAPL,Apple,185.14585876464844,185.34320186637345,182.27470331859433,182.47203136515444,60813900
2023-08-31,AAPL,Apple,185.36293029785156,186.59624944883035,184.9781353249528,185.33333184264131,60794500
2023-09-01,AAPL,Apple,186.9317169189453,187.3855699191495,185.76745585396847,186.96131537308187,45766500
2023-09-05,AAPL,Apple,187.1685333251953,187.44479564304942,185.1064270757959,185.7674844117445,45280000
2023-09-06,AAPL,Apple,180.46913146972656,186.32986658571798,179.04834537431464,185.88585963952747,81755800
2023-09-07,AAPL,Apple,175.1905059814453,175.83184093509863,171.22414761118458,172.8422616393004,112488800
2023-09-08,AAPL,Apple,175.80224609375,177.8347687964352,175.417451102765,175.96999075471308,65551300
2023-09-11,AAPL,Apple,176.96649169921875,177.89395007164453,174.9734438173143,177.66702357259294,58953100
2023-09-12,AAPL,Apple,173.94732666015625,177.72621814105926,172.48708107979573,177.09475937210624,90370200
2023-09-13,AAPL,Apple,171.88522338867188,174.93398459835862,171.6582818339781,174.15451849429098,84267900
2023-09-14,AAPL,Apple,173.39483642578125,173.75003299454158,171.2636570132194,171.6780505009118,60895800
2023-09-15,AAPL,Apple,172.67453002929688,174.14465177290464,171.50042292713772,174.12491445244186,109259500
2023-09-18,AAPL,Apple,175.5950469970703,176.9862345995646,173.81906442528665,174.12492516303394,67257600
2023-09-19,AAPL,Apple,176.6803741455078,177.23289871202428,174.7662604292434,175.1510553991506,51826900
2023-09-20,AAPL,Apple,173.14816284179688,177.3019736755132,173.0593524132158,176.8678428874874,58436200
2023-09-21,AAPL,Apple,171.60894775390625,173.94733103404198,171.5398897121348,172.2206842726111,63149100
2023-09-22,AAPL,Apple,172.45748901367188,174.7169382879251,171.7273736602944,172.33909518451154,56725400
2023-09-25,AAPL,Apple,173.73028564453125,174.60840835340898,171.82603288281885,171.87536866413782,46172700
2023-09-26,AAPL,Apple,169.66526794433594,172.8620217812148,169.3692683155077,172.4871029695211,64588900
2023-09-27,AAPL,Apple,168.15565490722656,170.730825832551,166.79408083596385,170.31643241476104,66921800
2023-09-28,AAPL,Apple,168.41220092773438,169.73431545858824,165.38316183381656,167.0802102082604,56294400
2023-09-29,AAPL,Apple,168.92526245117188,170.7604419321708,168.06686209293406,169.72445084440017,51861100
2023-10-02,AAPL,Apple,171.4313507080078,171.97401410977108,168.64897565996583,168.9351141150612,52164500
2023-10-03,AAPL,Apple,170.09939575195312,171.31299281082715,168.54049336939298,169.96126458937815,49594600
2023-10-04,AAPL,Apple,171.34255981445312,171.8852232303615,168.68845469814508,168.80684851428336,53020300
2023-10-05,AAPL,Apple,172.57591247558594,173.10869980697885,170.3756599300563,171.47084810780015,48527900
2023-10-06,AAPL,Apple,175.12147521972656,175.61480292776608,170.8689777300858,171.48071432556827,57266700
2023-10-09,AAPL,Apple,176.60145568847656,176.66065260372454,173.45402254968238,174.45053908507856,42390800
2023-10-10,AAPL,Apple,176.00946044921875,177.32171396949087,175.57532965392068,175.72333700059065,43698000
2023-10-11,AAPL,Apple,177.40061950683594,177.4499552810768,175.22998093671887,175.8219650621156,47551100
2023-10-12,AAPL,Apple,178.29852294921875,179.90676118500224,176.6507950071692,177.6670640281674,56743100
2023-10-13,AAPL,Apple,176.46334838867188,179.5022341867499,175.76281633481818,178.99904528395493,51427100
2023-10-16,AAPL,Apple,176.33505249023438,176.69024903281087,174.15453745424634,174.39134016768617,52517000
2023-10-17,AAPL,Apple,174.78602600097656,176.03908277453434,172.46739447379485,174.2926982221929,57549400
2023-10-18,AAPL,Apple,173.4934844970703,175.21027033840411,172.77323025982977,173.23695950912395,54764400
2023-10-19,AAPL,Apple,173.11856079101562,175.46679037407037,172.85215962113486,173.69080766680926,59302900
2023-10-20,AAPL,Apple,170.572998046875,173.0790962513972,170.3361953203569,172.97056355030566,64244000
2023-10-23,AAPL,Apple,170.69139099121094,171.68790756499885,167.6623515662161,168.62928473640696,55980100
2023-10-24,AAPL,Apple,171.12551879882812,171.35244533043914,169.16206908920728,170.74072378645857,43816600
2023-10-25,AAPL,Apple,168.8167266845703,170.75056262830392,168.37271975850888,169.5863166088348,57157000
2023-10-26,AAPL,Apple,164.66293334960938,169.09302189873856,163.45921245305613,168.09649022321696,70625300
2023-10-27,AAPL,Apple,165.9751739501953,166.70530437202822,164.60372353518264,164.6826577744484,58499100
2023-10-30,AAPL,Apple,168.01754760742188,168.88580920893756,166.61649869462795,166.76450604315932,51131000
2023-10-31,AAPL,Apple,168.4911346435547,168.61938959873203,165.6594236135805,167.09008588386948,44846000
2023-11-01,AAPL,Apple,171.64845275878906,171.9049777602895,167.84982318964867,168.71808481806195,56934900
2023-11-02,AAPL,Apple,175.20042419433594,175.4076134182441,173.11858048911532,173.17777741023195,77334800
2023-11-03,AAPL,Apple,174.29266357421875,174.46040823420765,171.03671292563865,171.91483559510309,79829200
2023-11-06,AAPL,Apple,176.83824157714844,177.0355696443862,173.85855313497558,174.02628274488598,63841300
2023-11-07,AAPL,Apple,179.3936767578125,180.00539823599848,176.58170308551922,176.78889227095914,70530000
2023-11-08,AAPL,Apple,180.44940185546875,181.00192645947115,179.16674685036813,179.91661457451394,49340300
2023-11-09,AAPL,Apple,179.97581481933594,181.6629871195562,179.3838155582821,180.51847829944086,53763500
2023-11-10,AAPL,Apple,184.15484619140625,184.32281184408907,181.3194195461175,181.75412225306079,66133400
2023-11-13,AAPL,Apple,182.5741424560547,183.7893232540613,181.9912524470517,183.58186108306094,43627500
2023-11-14,AAPL,Apple,185.1823272705078,185.84425545326624,184.0560589323069,185.4391901985185,60108400
2023-11-15,AAPL,Apple,185.74545288085938,187.21751156501972,185.5182274044454,185.5873915048758,53790500
2023-11-16,AAPL,Apple,187.42498779296875,188.6599317940755,186.37774261703024,187.2866746678448,54412900
2023-11-17,AAPL,Apple,187.40524291992188,188.08693448765234,186.29873780998344,187.9584954748911,50922700
2023-11-20,AAPL,Apple,189.14404296875,189.59850904887813,187.592960955599,187.6028350817968,46505100
2023-11-21,AAPL,Apple,188.34376525878906,189.21317059662826,187.4546116723618,189.10449492939836,38134500
2023-11-22,AAPL,Apple,189.00570678710938,190.60618938615343,188.53149251239262,189.18354656200316,39617700
2023-11-24,AAPL,Apple,187.68185424804688,188.60064536615056,186.970525284031,188.57100791556658,24048300
2023-11-27,AAPL,Apple,187.5040283203125,188.37343380166539,186.6247487130357,187.63246733233092,40552600
2023-11-28,AAPL,Apple,188.106689453125,188.77850691885152,187.11873411970524,187.4941619704054,38415400
2023-11-29,AAPL,Apple,187.08908081054688,189.77632029571453,186.69390474066958,188.6006511365786,43014200
2023-11-30,AAPL,Apple,187.66209411621094,188.02764780463457,185.92329832735996,187.55341843722022,48794400
2023-12-01,AAPL,Apple,188.9365692138672,189.25270705783993,186.95076949469112,188.0375263099119,45704800
2023-12-04,AAPL,Apple,187.1483612060547,187.76090372984268,185.1922139752508,187.69173962433385,43389500
2023-12-05,AAPL,Apple,191.09031677246094,192.05850876803487,187.88933609882633,187.91898862751913,66628400
2023-12-06,AAPL,Apple,190.0035858154297,192.41418427833113,189.79610855274007,192.10792052269625,41089700
2023-12-07,AAPL,Apple,191.9300994873047,192.65130270720775,191.25828197732412,191.29780863526577,47477700
2023-12-08,AAPL,Apple,193.35272216796875,193.62934842275146,191.33728508312288,191.86090014217592,53406400
2023-12-11,AAPL,Apple,190.8531951904297,191.15947399253523,189.11439931154695,190.78404615931,60943700
2023-12-12,AAPL,Apple,192.36477661132812,192.3746507369947,189.4107849369075,190.75440470261375,52696900
2023-12-13,AAPL,Apple,195.57562255859375,195.61513413450965,192.50308121236986,192.74018081786602,70404200
2023-12-14,AAPL,Apple,195.72381591796875,197.21562292408947,193.79730618821,195.63490356313392,66831600
2023-12-15,AAPL,Apple,195.19032287597656,196.01031245444227,194.62718115642724,195.1507962246044,128538400
2023-12-18,AAPL,Apple,193.53054809570312,194.26164038796966,192.0486152607036,193.72813612536964,55751900
2023-12-19,AAPL,Apple,194.56793212890625,194.57780625556214,193.53057597994234,193.7973281496765,40714100
2023-12-20,AAPL,Apple,192.48329162597656,195.29895458209847,192.48329162597656,194.5283508193705,52242800
2023-12-21,AAPL,Apple,192.33511352539062,194.70621508029078,191.16933361068988,193.73802319308166,46482500
2023-12-22,AAPL,Apple,191.26812744140625,193.05632389177538,190.64571085868127,192.82908334808235,37149600
2023-12-26,AAPL,Apple,190.72474670410156,191.55462542072405,190.50739536284337,191.2779991818499,28919300
2023-12-27,AAPL,Apple,190.8235321044922,191.16932243864449,188.78834689776542,190.17149315937536,48087700
2023-12-28,AAPL,Apple,191.24839782714844,192.3153914106068,190.8433325169925,191.80165040931152,34049900
2023-12-29,AAPL,Apple,190.21102905273438,192.0585006042798,189.4206618129017,191.56452296375952,42672100
2024-01-02,AAPL,Apple,183.4040069580078,186.17028459685415,181.6750853181039,184.89581391743906,82488700
2024-01-03,AAPL,Apple,182.03076171875,183.6411336613478,181.22063114701328,182.00112426612563,58414500
2024-01-04,AAPL,Apple,179.7189483642578,180.88472835710988,178.70135563320858,179.95604798314233,71983600
2024-01-05,AAPL,Apple,178.99771118164062,180.5586821654936,177.99988188294327,179.79796753554595,62379700
2024-01-08,AAPL,Apple,183.324951171875,183.3644778190013,179.3138557634904,179.89674567111302,59144500
2024-01-09,AAPL,Apple,182.9100341796875,182.9199083051763,180.52905841182087,181.7047275700206,42841800
2024-01-10,AAPL,Apple,183.94740295410156,184.15486512874935,181.7047401626592,182.12956878813148,46792900
2024-01-11,AAPL,Apple,183.3546142578125,184.7970355796361,181.4083411771675,184.29316874581366,49128400
2024-01-12,AAPL,Apple,183.68063354492188,184.49076406507768,182.95943045197853,183.81894667336306,40477800
2024-01-16,AAPL,Apple,181.41822814941406,182.04062970854807,178.7507369031224,179.96593271976667,65603000
2024-01-17,AAPL,Apple,180.4796600341797,180.72664884969066,178.12833676151584,179.08665457169852,47317400
2024-01-18,AAPL,Apple,186.35801696777344,186.86186875433015,183.59173905481111,183.84860201119264,78005800
2024-01-19,AAPL,Apple,189.25271606445312,189.63801803091337,186.5457281731689,187.04957995238564,68903000
2024-01-22,AAPL,Apple,191.5546417236328,192.97729968749402,189.94426985134535,189.98379650311966,60133900
2024-01-23,AAPL,Apple,192.82908630371094,193.39222799671276,191.49535584528522,192.67102493067515,42355600
2024-01-24,AAPL,Apple,192.15728759765625,194.0146482092326,191.999211146671,193.06620457832125,53631300
2024-01-25,AAPL,Apple,191.83126831054688,193.90598035718745,190.78403816176663,192.86862433386716,54822100
2024-01-26,AAPL,Apple,190.10235595703125,192.41416772814074,189.6281416366758,191.93007928184088,44594000
2024-01-29,AAPL,Apple,189.420654296875,189.88499446653958,187.29655655692048,189.69728055859,47145600
2024-01-30,AAPL,Apple,185.77508544921875,189.48980657471878,185.21195883551243,188.64016451675863,55859400
2024-01-31,AAPL,Apple,182.17897033691406,184.84646198580305,182.12958462675198,184.78717199860296,55467800
2024-02-01,AAPL,Apple,184.60931396484375,184.6982263171025,181.6059367135455,181.77388729281213,64885400
2024-02-02,AAPL,Apple,183.61151123046875,185.07368095456727,177.0909997696198,177.69365314728918,102551700
2024-02-05,AAPL,Apple,185.41941833496094,186.97051518171523,183.60158444736317,185.88375846902116,69668800
2024-02-06,AAPL,Apple,187.01991271972656,187.02978684421677,184.5203873987695,184.60929974417922,43490800
2024-02-07,AAPL,Apple,187.12857055664062,188.7488162435904,186.33820349776317,188.34375105310352,53439000
2024-02-08,AAPL,Apple,186.05174255371094,187.25703410679802,185.09342474162452,187.1088468471974,40962000
2024-02-09,AAPL,Apple,186.81341552734375,187.941120969739,185.9725760341758,186.6155602859614,45155200
2024-02-12,AAPL,Apple,185.13174438476562,186.63535673641036,184.77562606711913,186.3880527684402,41781900
2024-02-13,AAPL,Apple,183.0444793701172,184.20187510350613,181.5309804501283,183.76661774979314,56529500
2024-02-14,AAPL,Apple,182.16409301757812,183.52921572281525,180.4725423642709,183.32148884677065,54630500
2024-02-15,AAPL,Apple,181.8772430419922,182.50045391335385,179.39431647047905,181.57058851615943,65434500
2024-02-16,AAPL,Apple,180.3439483642578,182.8565652037317,179.7108507918506,181.44197861733377,49752500
2024-02-20,AAPL,Apple,179.60205078125,180.46266385305907,178.0588762686663,179.82956623009554,53665600
2024-02-21,AAPL,Apple,180.35385131835938,180.91769653606136,178.71174929095213,179.9779444437335,41371400
2024-02-22,AAPL,Apple,182.38174438476562,182.96539328132977,180.49235334512917,181.50134277124772,52292200
2024-02-23,AAPL,Apple,180.5517120361328,183.04452553646294,180.26483093781445,183.01485026342843,45119700
2024-02-26,AAPL,Apple,179.20635986328125,180.78909628027105,178.7018500832812,180.27471486922383,40867400
2024-02-27,AAPL,Apple,180.6605224609375,181.93660445629962,177.6236221032545,179.1470231922399,54318900
2024-02-28,AAPL,Apple,179.46353149414062,181.14519536218177,178.18744973320082,180.5417731107642,48953900
2024-02-29,AAPL,Apple,178.80078125,180.6011615069905,177.59393659501978,179.31517776545977,136682600
2024-03-01,AAPL,Apple,177.7225341796875,178.5831471920378,175.46712311031385,177.6137198257161,73563100
2024-03-04,AAPL,Apple,173.21170043945312,174.9922768844708,171.91581500377694,174.25036500096815,81510100
2024-03-05,AAPL,Apple,168.28543090820312,170.18472392770593,167.79082287934597,168.91852858137074,95132400
2024-03-06,AAPL,Apple,167.29620361328125,169.39335177885377,166.8609461620447,169.2152850514215,68587700
2024-03-07,AAPL,Apple,167.17747497558594,168.88881413208614,166.67298033709926,167.32585131213037,71765100
2024-03-08,AAPL,Apple,168.8888397216797,171.82681238429842,167.11814976227143,167.17750030588184,76267000
2024-03-11,AAPL,Apple,170.88706970214844,172.49949666610803,170.19462149789052,171.07502316349817,60139500
2024-03-12,AAPL,Apple,171.36187744140625,172.1532532324886,169.16581679091567,171.28273835287425,59825400
2024-03-13,AAPL,Apple,169.28453063964844,171.3223130850131,168.91851047344855,170.90684419661972,52488700
2024-03-14,AAPL,Apple,171.13436889648438,172.43023944819464,170.19461671040915,171.0453430786352,72913500
2024-03-15,AAPL,Apple,170.75843811035156,170.75843811035156,168.4535633292171,169.32407812222547,121752700
2024-03-18,AAPL,Apple,171.84657287597656,175.79354941833483,171.64873273149365,173.67662817447325,75604200
2024-03-19,AAPL,Apple,174.18115234375,174.7054356079408,171.1640405724947,172.45991109697533,55215200
2024-03-20,AAPL,Apple,176.74317932128906,176.74317932128906,173.2017850632652,173.82499582678088,53423100
2024-03-21,AAPL,Apple,169.5218963623047,175.5759069490651,168.99761322817335,175.14064960882752,106181300
2024-03-22,AAPL,Apple,170.42213439941406,171.18383495977668,168.22607363158104,169.90773784358905,71160100
2024-03-25,AAPL,Apple,169.00753784179688,170.08577952012527,167.6226265638577,168.7305586050563,54288300
2024-03-26,AAPL,Apple,167.8798370361328,169.57138777241732,167.7512341389727,168.16670300567833,57388400
2024-03-27,AAPL,Apple,171.44102478027344,171.7279058767874,168.27553655784754,168.57230438056465,60273300
2024-03-28,AAPL,Apple,169.6307373046875,170.37264922530974,168.67119667981044,169.89782982249778,65672700
2024-04-01,AAPL,Apple,168.1963653564453,169.40320986933065,167.65229363436822,169.34385933496506,46240500
2024-04-02,AAPL,Apple,167.0192108154297,167.51381877100314,166.41578850586058,167.25662806803024,49329500
2024-04-03,AAPL,Apple,167.82049560546875,168.83938692190523,166.76204228878962,166.9697692049817,47691700
2024-04-04,AAPL,Apple,166.99945068359375,170.0660111961713,166.99945068359375,168.45358430225178,53704400
2024-04-05,AAPL,Apple,167.7512664794922,168.5525290979156,167.12805551216746,167.76115320647332,42104800
2024-04-08,AAPL,Apple,166.63340759277344,167.37531948329715,166.425680716199,167.20715459942008,37425500
2024-04-09,AAPL,Apple,167.8402557373047,168.2458378687617,166.53449863101693,166.88071513080217,42373800
2024-04-10,AAPL,Apple,165.9706268310547,167.26649712267962,165.307854051912,166.97963118021664,49709300
2024-04-11,AAPL,Apple,173.15235900878906,173.56784300454478,166.3465633103838,166.5246149420751,91070300
2024-04-12,AAPL,Apple,174.6460723876953,176.43655077441642,172.33131077483722,172.38075949507746,101670900
2024-04-15,AAPL,Apple,170.8277130126953,174.72522645768026,170.63975955810392,173.46891791454695,73531800
2024-04-16,AAPL,Apple,167.55340576171875,171.88616144450353,166.45537543168857,169.89784277952464,73711200
2024-04-17,AAPL,Apple,166.18826293945312,168.80967890645843,166.18826293945312,167.780901063059,50901200
2024-04-18,AAPL,Apple,165.23861694335938,166.8213684176903,164.75391081370103,166.21794611620325,43122900
2024-04-19,AAPL,Apple,163.2206268310547,164.60552308162337,162.31054999578998,164.41758473594675,68149400
2024-04-22,AAPL,Apple,164.05154418945312,165.45622881020677,162.9930911354229,163.7350029833429,48116400
2024-04-23,AAPL,Apple,165.10012817382812,165.24851961582092,163.14148491226467,163.56685559955991,49537800
2024-04-24,AAPL,Apple,167.19729614257812,167.47427542099652,164.4176015378687,164.74402954196006,48251800
2024-04-25,AAPL,Apple,168.0579071044922,168.7701438382538,166.33666581552853,167.7017887376114,50558300
2024-04-26,AAPL,Apple,167.47427368164062,169.49226770262163,167.35555749623813,168.04802077933093,44838400
2024-04-29,AAPL,Apple,171.62893676757812,174.13165146794697,171.23325649572146,171.50033388681905,68169400
2024-04-30,AAPL,Apple,168.49314880371094,173.10289859543835,168.1667057400835,171.46079655206535,65934800
2024-05-01,AAPL,Apple,167.47427368164062,170.84750390177777,167.28632022447192,167.75125295718234,50383100
2024-05-02,AAPL,Apple,171.16404724121094,171.54984088638673,169.04712555589578,170.649650682897,94214900
2024-05-03,AAPL,Apple,181.40240478515625,184.98336128032037,180.69016817589636,184.63712970012278,163224100
2024-05-06,AAPL,Apple,179.7504425048828,182.2135806366563,178.47434543693257,180.383540128798,78569700
2024-05-07,AAPL,Apple,180.43295288085938,182.90599233972114,179.3646131175579,181.47163247242833,77305800
2024-05-08,AAPL,Apple,180.76931762695312,181.09576068278213,179.4932206728727,180.87813197889614,45057100
2024-05-09,AAPL,Apple,182.5796356201172,182.66866145273988,180.1461572020775,180.59130145943183,48983000
2024-05-10,AAPL,Apple,181.3215789794922,183.34230991411323,180.4102677646858,183.15410154420678,50759500
2024-05-13,AAPL,Apple,184.5210723876953,185.3333368917867,182.87674310968822,183.68900761377958,72044800
2024-05-14,AAPL,Apple,185.66021728515625,186.52201273815805,184.53098214319476,185.7394637127145,52393600
2024-05-15,AAPL,Apple,187.92860412597656,188.84981551266446,185.60078753373725,186.13569714479723,70400000
2024-05-16,AAPL,Apple,188.0474853515625,189.29559782793692,187.86919220620172,188.67154158974972,52845200
2024-05-17,AAPL,Apple,188.07716369628906,189.0082902438942,187.3936765447615,187.72056236134898,41282900
2024-05-20,AAPL,Apple,189.2361297607422,190.10782534306233,187.22529890901677,187.54228461702792,44361300
2024-05-21,AAPL,Apple,190.53378295898438,190.91018461353585,189.11727756366656,189.28567056183377,42309400
2024-05-22,AAPL,Apple,189.0974578857422,190.99934196064652,188.47341681604038,190.45453220558076,34648500
2024-05-23,AAPL,Apple,185.1154327392578,189.19652573516206,184.86779330766728,189.1767103485156,51005900
2024-05-24,AAPL,Apple,188.18612670898438,188.7804673088457,186.26444256610336,187.0370913918068,36327000
2024-05-28,AAPL,Apple,188.19606018066406,191.17763337385156,187.31446444482384,189.70169698060212,52280100
2024-05-29,AAPL,Apple,188.4932098388672,190.43470949642946,187.72057607583483,187.81963788738682,53068000
2024-05-30,AAPL,Apple,189.4837646484375,190.36536034504638,188.83000809203267,188.9587703074631,49889100
2024-05-31,AAPL,Apple,190.43470764160156,190.7516933437122,188.11680637508078,189.63235836586054,75158300
2024-06-03,AAPL,Apple,192.19789123535156,193.14883318833753,190.7021546904014,191.07855630297723,50080500
2024-06-04,AAPL,Apple,192.51487731933594,193.47571940906454,191.2073340206378,192.80213237542046,47471400
2024-06-05,AAPL,Apple,194.02052307128906,195.04079624688396,193.02996541617088,193.5549597642067,54156800
2024-06-06,AAPL,Apple,192.64366149902344,194.64459232913165,192.33659102362645,193.84224299284628,41181800
2024-06-07,AAPL,Apple,195.03089904785156,195.08042995429523,192.3068654552658,192.8120444256859,53103900
2024-06-10,AAPL,Apple,191.29649353027344,195.43703247512377,190.33565137548777,195.04080033594326,97010200
2024-06-11,AAPL,Apple,205.19400024414062,205.20391549352811,191.8016724106265,191.82147267998263,172373300
2024-06-12,AAPL,Apple,211.05812072753906,218.1207863262847,204.94636687125956,205.41193016487838,198134300
2024-06-13,AAPL,Apple,212.21707153320312,214.70336573665497,209.60200000148347,212.71235034689784,97862700
2024-06-14,AAPL,Apple,210.48362731933594,213.13831490465788,209.3048611472295,211.83078649964156,70122700
2024-06-17,AAPL,Apple,214.62411499023438,216.88258512602053,210.71141546378874,211.35527186274084,93728300
2024-06-18,AAPL,Apple,212.26657104492188,216.56560230529576,210.9887584540523,215.5354139875743,79943300
2024-06-20,AAPL,Apple,207.7001190185547,212.2170745602359,206.87796947703916,211.90998899500866,86172500
2024-06-21,AAPL,Apple,205.5308380126953,209.88928617334648,205.1544212217866,208.40344951202738,241805100
2024-06-24,AAPL,Apple,206.17465209960938,210.69159220230495,204.63928484253907,205.75861973380415,80727000
2024-06-25,AAPL,Apple,207.0959014892578,209.3840873125504,206.64023830581658,207.1751328027417,55549700
2024-06-26,AAPL,Apple,211.2364044189453,212.8312027309874,208.65104852463386,209.5029286499739,66213200
2024-06-27,AAPL,Apple,212.07839965820312,213.70291360533915,210.34492376459474,212.66282504623206,49772700
2024-06-28,AAPL,Apple,208.63124084472656,214.0297919592074,208.31427026634478,213.7326216506115,82542700
2024-07-01,AAPL,Apple,214.703369140625,215.4561875080808,209.91897391071575,210.0873668962765,60402900
2024-07-02,AAPL,Apple,218.1901397705078,218.29910171758146,213.068958487467,214.10903193760322,58046200
2024-07-03,AAPL,Apple,219.45803833007812,219.45803833007812,216.96182895702523,217.92267103394255,37369800
2024-07-05,AAPL,Apple,224.20278930664062,224.31175124030364,219.55707203955853,219.55707203955853,60412400
2024-07-08,AAPL,Apple,225.66885375976562,225.69856928044194,221.14199799041046,224.9457357840812,59085900
2024-07-09,AAPL,Apple,226.52072143554688,227.23392416937492,224.23253562897796,225.77780318070188,48076100
2024-07-10,AAPL,Apple,230.78012084960938,230.87918266211804,227.08534498663496,227.1348758928893,62627700
2024-07-11,AAPL,Apple,225.4211883544922,230.19566787410835,223.63818174593294,229.20511032654306,64710600
2024-07-12,AAPL,Apple,228.36314392089844,230.44332094014862,226.5207061684713,226.7584454352943,53046500
2024-07-15,AAPL,Apple,232.18673706054688,234.99001738536694,230.88910879003808,234.24709905204858,62631300
2024-07-16,AAPL,Apple,232.60275268554688,234.03905824310993,230.1362587163494,232.781045805997,43234300
2024-07-17,AAPL,Apple,226.7188262939453,229.27446669281912,224.49997184852458,227.28343626123907,57345900
2024-07-18,AAPL,Apple,222.06321716308594,228.26411801705945,220.17126344980832,228.10562515807683,66034600
2024-07-19,AAPL,Apple,222.1919708251953,224.65846466815103,221.17169771561296,222.6971648700337,49151500
2024-07-22,AAPL,Apple,221.84530639648438,225.62922890399747,220.98351093014816,224.86649525231948,48201800
2024-07-23,AAPL,Apple,222.88536071777344,224.7971447504236,220.57735968997056,222.25140445670337,39960300
2024-07-24,AAPL,Apple,216.47645568847656,222.67735606492835,215.0797809310421,221.88490694575157,61777600
2024-07-25,AAPL,Apple,215.43637084960938,218.7646448818125,212.59346035218633,216.86276105080302,51391200
2024-07-26,AAPL,Apple,215.9019317626953,217.4174836156479,213.97033243488113,216.63493468142264,41601300
2024-07-29,AAPL,Apple,216.17930603027344,217.22929471632008,213.71281205128278,214.91139345300462,36311800
2024-07-30,AAPL,Apple,216.73402404785156,218.24957609355639,214.07932159795172,217.1203409396055,41643800
2024-07-31,AAPL,Apple,219.98304748535156,221.70662325926872,218.54674189777583,219.34909118598728,50036300
2024-08-01,AAPL,Apple,216.29815673828125,222.36036437427163,214.97081319041698,222.2514024343897,62501000
2024-08-02,AAPL,Apple,217.78399658203125,223.46980270062375,215.65430376795194,217.08069402896655,105568600
2024-08-05,AAPL,Apple,207.29400634765625,211.4840610296135,194.14930192882554,197.21012147966275,119548600
2024-08-06,AAPL,Apple,205.2732696533203,208.00721860156926,199.17144565753833,203.36150053141452,69660500
2024-08-07,AAPL,Apple,207.8388214111328,211.62274392073394,204.4412006806638,204.94637966039352,63516400
2024-08-08,AAPL,Apple,211.29583740234375,212.1774330540979,206.85814362500793,211.0977289070064,47161100
2024-08-09,AAPL,Apple,214.19821166992188,214.73310620037486,209.9685258775167,210.09730322074367,42201600
2024-08-12,AAPL,Apple,215.7254180908203,217.68898821235913,213.81143620679725,214.27753840147545,38028100
2024-08-13,AAPL,Apple,219.43438720703125,220.04923895369578,217.19312608520667,217.19312608520667,44155300
2024-08-14,AAPL,Apple,219.8806610107422,221.17979111862692,217.8774142480331,218.7402072098891,41960600
2024-08-15,AAPL,Apple,222.8557891845703,223.4805677293667,220.91204211865187,222.73678951211636,46414000
2024-08-16,AAPL,Apple,224.1747283935547,224.94825642777528,221.79462933024135,222.06239369045758,44340200
2024-08-19,AAPL,Apple,224.0160675048828,224.115243980586,221.18970440160442,223.84747960195193,40687800
2024-08-20,AAPL,Apple,224.63092041015625,225.28544883578485,223.57971634413767,223.8970689622142,30299000
2024-08-21,AAPL,Apple,224.52182006835938,226.08871448701353,223.1830285060583,224.64083485973637,34765500
2024-08-22,AAPL,Apple,222.66734313964844,226.4457337259973,222.04256465043304,225.90029338876204,43695300
2024-08-23,AAPL,Apple,224.95819091796875,226.32674764036014,222.4690186706249,223.78798715352852,38677300
2024-08-26,AAPL,Apple,225.2953643798828,225.39454085782168,222.0326640536948,224.87885041051024,30602200
2024-08-27,AAPL,Apple,226.1383056640625,226.95151036486342,223.02435510684418,224.12514736512034,35934600
2024-08-28,AAPL,Apple,224.61109924316406,227.95313769677003,223.80780609600177,226.02922904592305,38052200
2024-08-29,AAPL,Apple,227.88372802734375,230.98776737752962,226.98128860061004,228.1911690762387,51906300
2024-08-30,AAPL,Apple,227.10025024414062,228.4886300006117,225.59285569982603,228.28038060324323,52990800
2024-09-03,AAPL,Apple,220.9219512939453,227.10026429068756,219.335218503661,226.65400042223428,50190600
2024-09-04,AAPL,Apple,219.0178680419922,219.94014563997789,215.67581475954933,219.82114598403248,43840200
2024-09-05,AAPL,Apple,220.53518676757812,223.60946073514918,219.6823205428289,219.79140861107143,36615400
2024-09-06,AAPL,Apple,218.9881134033203,223.37144384512357,217.9468210396507,222.0921370424939,48423000
2024-09-09,AAPL,Apple,219.077392578125,219.4344067184307,214.91223769602945,218.98814282610013,67180000
2024-09-10,AAPL,Apple,218.2840118408203,219.6426417511051,214.9320468059923,217.10388142289187,51591000
2024-09-11,AAPL,Apple,220.8128662109375,221.2392917639212,216.08243282408242,219.6228241682371,44587100
2024-09-12,AAPL,Apple,220.9219512939453,221.69547936785247,217.9964268983011,220.6541869199912,37455600
2024-09-13,AAPL,Apple,220.65419006347656,222.18140791181287,220.06908820245332,221.72523244234597,36766600
2024-09-16,AAPL,Apple,214.5254669189453,215.4179946756504,212.14536768072225,214.74362792854853,59357400
2024-09-17,AAPL,Apple,214.99156188964844,215.10064996456288,212.72056577105593,213.96019610771708,45519300
2024-09-18,AAPL,Apple,218.8592071533203,220.86245391858552,215.7353297749969,215.7452565018275,59894900
2024-09-19,AAPL,Apple,226.97134399414062,227.91347512552952,222.76652771175563,223.12354184254357,66781300
2024-09-20,AAPL,Apple,226.306884765625,231.1563174701668,225.73169454082358,228.0622053540531,318679900
2024-09-23,AAPL,Apple,224.5912322998047,227.54650632766106,223.93670395169437,225.45401003818398,54146000
2024-09-24,AAPL,Apple,225.48377990722656,227.44736512534206,223.85738561877668,226.75316007712865,43556100
2024-09-25,AAPL,Apple,224.49209594726562,225.40446208089242,222.1615999382144,223.0640393442997,42308700
2024-09-26,AAPL,Apple,225.63255310058594,226.60441901953834,223.54005654723983,225.4143769570366,36636700
2024-09-27,AAPL,Apple,225.90029907226562,227.6159582791164,225.41437368594384,226.56475422029098,34026000
2024-09-30,AAPL,Apple,231.06707763671875,231.06707763671875,227.74486252768645,228.13162655878588,54541900
2024-10-01,AAPL,Apple,224.33340454101562,227.74485413807125,221.88389405688537,227.615942887257,63285000
2024-10-02,AAPL,Apple,224.89869689941406,225.4837987967651,221.16989422947793,224.01608068964856,32880600
2024-10-03,AAPL,Apple,223.79786682128906,224.92840891217833,221.4673712198949,223.27226484855484,34044200
2024-10-04,AAPL,Apple,224.9185028076172,226.1085447535635,222.27065455992025,226.00936828631617,37245100
2024-10-07,AAPL,Apple,219.85092163085938,223.81773870352313,219.4939074890314,222.63760820325265,39505400
2024-10-08,AAPL,Apple,223.89706420898438,224.10531361949606,221.3979653574062,222.43925780658088,31855700
2024-10-09,AAPL,Apple,227.63577270507812,227.84403724277382,222.96485445261254,223.36153007501719,33591100
2024-10-10,AAPL,Apple,227.1399383544922,227.59612897487835,225.28545621996582,225.89039642732237,28183500
2024-10-11,AAPL,Apple,225.66229248046875,227.5068628874906,225.4540279414576,227.39777482080956,31759200
2024-10-14,AAPL,Apple,229.38119506835938,229.80762063057296,226.70359663127624,226.80275797652766,39882100
2024-10-15,AAPL,Apple,231.91004943847656,235.51985237359267,230.4423162246621,231.67203496624026,64751400
2024-10-16,AAPL,Apple,229.85719299316406,230.19436878170097,227.93328446814013,229.67869350471682,34082200
2024-10-17,AAPL,Apple,230.22413635253906,231.91004568892726,228.6076687095473,231.49351658619665,32993800
2024-10-18,AAPL,Apple,233.05047607421875,234.2206797118992,232.0686835146529,234.2206797118992,46431500
2024-10-21,AAPL,Apple,234.51820373535156,234.88514457730523,232.5050454306036,232.5050454306036,36254500
2024-10-22,AAPL,Apple,233.90335083007812,234.26036494372266,230.67040061866737,231.94969236544068,38846600
2024-10-23,AAPL,Apple,228.8456573486328,233.18932661738793,225.87054472777703,232.13812257917175,52287000
2024-10-24,AAPL,Apple,228.65724182128906,228.90516786821388,226.51515714412935,228.07212485007065,31109500
2024-10-25,AAPL,Apple,229.49026489257812,231.28524701350278,227.665532857223,227.83412074973037,38802300
2024-10-28,AAPL,Apple,231.46376037597656,232.78272881287972,230.62082086290692,231.38443735420992,36087100
2024-10-29,AAPL,Apple,231.7315216064453,232.38605001867157,230.3927299983884,231.1662580738538,35417200
2024-10-30,AAPL,Apple,228.19114685058594,231.53318522639518,227.64570650368097,230.68031899274527,47070900
2024-10-31,AAPL,Apple,224.03591918945312,227.92339818004348,223.50039040024254,227.43745763164222,64370100
2024-11-01,AAPL,Apple,221.06077575683594,223.4805363045207,218.44267740554844,219.1368672842602,65276700
2024-11-04,AAPL,Apple,220.1682586669922,220.94178678396568,217.88735096075072,219.1567312107691,44944500
2024-11-05,AAPL,Apple,221.59628295898438,222.0921350198155,219.30544885909725,219.9599772111233,28111300
2024-11-06,AAPL,Apple,220.8723602294922,224.19457534628128,219.35505401685137,220.76327216240406,54561100
2024-11-07,AAPL,Apple,225.59288024902344,225.9895710313294,222.70703236030374,222.7665321945981,42137700
2024-11-08,AAPL,Apple,225.32481384277344,227.01256271730918,224.77877343219782,225.53329235935942,38328800
2024-11-11,AAPL,Apple,222.6144561767578,224.07386628495595,219.9041296110407,223.3789126974454,42005600
2024-11-12,AAPL,Apple,222.6144561767578,223.964658210572,221.750729228627,222.93215790182094,40398300
2024-11-13,AAPL,Apple,223.49806213378906,225.01703765642938,221.15506473467502,222.39605879884869,48566200
2024-11-14,AAPL,Apple,226.57574462890625,227.22105551450989,223.3789425502784,223.398802697962,44923900
2024-11-15,AAPL,Apple,223.3789520263672,225.2851172657963,222.65421566813873,224.76885944610046,47923700
2024-11-18,AAPL,Apple,226.377197265625,228.08480645929455,223.5477244921184,223.6271499370396,44633700
2024-11-19,AAPL,Apple,226.63528442382812,228.5017442258817,225.02696106605572,225.34464764897942,36211800
2024-11-20,AAPL,Apple,227.35011291503906,228.27340522879027,224.26251907255318,226.4168829534927,35169600
2024-11-21,AAPL,Apple,226.87356567382812,228.50174921258224,224.08381355701644,227.2309725554499,42108300
2024-11-22,AAPL,Apple,228.21383666992188,229.05771868234922,226.4168797117104,226.4168797117104,38168300
2024-11-25,AAPL,Apple,231.1922149658203,231.56948199204686,228.0847762696763,229.79238523732437,90152800
2024-11-26,AAPL,Apple,233.36643981933594,233.8727750720934,231.64890834638587,231.64890834638587,45986200
2024-11-27,AAPL,Apple,233.23736572265625,233.99189975911068,232.12543996222107,232.78068842055708,33498400
2024-11-29,AAPL,Apple,235.62010192871094,236.0966394139658,232.28430923421996,233.11825362062933,28481400
2024-12-02,AAPL,Apple,237.86383056640625,239.0551819380818,235.45134517492735,235.5605532676808,48137100
2024-12-03,AAPL,Apple,240.90176391601562,241.01097200063165,237.17878168890522,238.08222901174219,38861000
2024-12-04,AAPL,Apple,241.2591552734375,242.3512360492442,239.51184118099928,241.12016455186688,44383900
2024-12-05,AAPL,Apple,241.28895568847656,242.77814859306412,240.38552350615552,242.2321233137982,40033900
2024-12-06,AAPL,Apple,241.09039306640625,242.86750503393802,240.33587413565135,241.15989600483465,36870600
2024-12-09,AAPL,Apple,244.9722442626953,245.4587194212017,240.00826768189094,240.08769312504634,44649200
2024-12-10,AAPL,Apple,245.98487854003906,246.4217108653419,243.57237825215392,245.11121388943334,36914800
2024-12-11,AAPL,Apple,244.71412658691406,248.99307203962232,244.48577275361333,246.17353693536344,45205800
2024-12-12,AAPL,Apple,246.17352294921875,246.9479020514793,243.9099357862414,245.11122473397327,32777500
2024-12-13,AAPL,Apple,246.34230041503906,247.4939314395242,244.46591792091505,246.03453629863122,33155300
2024-12-16,AAPL,Apple,249.23133850097656,249.5689004337868,245.86576286364547,246.2033247964557,51694800
2024-12-17,AAPL,Apple,251.65374755859375,252.00123197197036,247.98040799068028,248.27824960945253,51356400
2024-12-18,AAPL,Apple,246.26287841796875,252.4479889260113,245.95511429725673,250.34326772719038,56774100
2024-12-19,AAPL,Apple,247.99032592773438,250.184410158509,245.3097817058068,245.71683140567848,60882300
2024-12-20,AAPL,Apple,252.65646362304688,253.16278373693368,243.9198625662762,246.25292226826556,147495300
2024-12-23,AAPL,Apple,253.43084716796875,253.80809906094288,251.62395254537785,252.93444954402884,40858800
2024-12-24,AAPL,Apple,256.3397521972656,256.34965954757746,253.45069916161225,253.64927033575188,23234700
2024-12-26,AAPL,Apple,257.1537780761719,258.2260137599804,255.77380863027113,256.329771467171,27237100
2024-12-27,AAPL,Apple,253.74853515625,256.836144148833,251.2367643772991,255.97238682838486,42355300
2024-12-30,AAPL,Apple,250.38296508789062,251.67360197393796,248.9434149702759,250.4127477342041,35557500
2024-12-31,AAPL,Apple,248.6157989501953,251.4551941340452,247.63292614272083,250.6212497119267,39480700
2025-01-02,AAPL,Apple,242.09312438964844,247.30529937932678,240.07775127221439,247.13651085819407,55740700
2025-01-03,AAPL,Apple,241.6066436767578,242.42072787413275,240.14723350152744,241.6066436767578,40244100
2025-01-06,AAPL,Apple,243.23484802246094,245.54806288478193,241.4478134561986,242.5498168429892,45045600
2025-01-07,AAPL,Apple,240.46493530273438,243.78086767976055,239.6111308132576,241.22937670987722,40856000
2025-01-08,AAPL,Apple,240.95138549804688,241.95411831821167,238.32048434869313,240.17700647488417,37628900
2025-01-10,AAPL,Apple,235.14356994628906,238.4297199246896,231.32130202918376,238.28079154222544,61710900
2025-01-13,AAPL,Apple,232.7112274169922,232.97928640713008,228.06495238182922,231.84750029737077,49630700
2025-01-14,AAPL,Apple,231.5992889404297,234.41882398797216,230.79512716232853,233.05869925952226,39435300
2025-01-15,AAPL,Apple,236.15621948242188,237.2383779015073,232.74100113522098,232.94949481929564,39832000
2025-01-16,AAPL,Apple,226.61546325683594,236.29521800986595,226.38712456587973,235.63998458586752,71759100
2025-01-17,AAPL,Apple,228.3230438232422,230.61639839146835,226.83385097126646,230.44762501944012,68488300
2025-01-21,AAPL,Apple,221.03591918945312,222.80309340530198,217.79941234276583,222.38612124582832,98070400
2025-01-22,AAPL,Apple,222.2173614501953,222.5052654056773,218.2064601780486,218.2064601780486,64126500
2025-01-23,AAPL,Apple,222.04859924316406,225.394314538592,220.69839703644928,223.1208199792776,60234800
2025-01-24,AAPL,Apple,221.17491149902344,224.00438385368136,219.81478693461753,223.16050188156166,54697900
2025-01-27,AAPL,Apple,228.2039337158203,230.47742834163907,222.36629236472388,222.40601266103107,94863400
2025-01-28,AAPL,Apple,236.5433807373047,238.4594833656038,229.14705946957608,229.1867797612423,75707600
2025-01-29,AAPL,Apple,237.63546752929688,238.1318651456976,232.3240069742682,232.43321505583046,45486100
2025-01-30,AAPL,Apple,235.8782196044922,239.05516137192973,235.50096771104396,236.95044029141235,55658300
2025-01-31,AAPL,Apple,234.2996826171875,245.40906406001392,231.75812916176676,245.40906406001392,100959800
2025-02-03,AAPL,Apple,226.36724853515625,230.15973381299622,224.0738938399255,228.33299411580026,73063300
2025-02-04,AAPL,Apple,231.12274169921875,231.45036595591674,225.01704170433482,225.61272492539547,45067300
2025-02-05,AAPL,Apple,230.79510498046875,230.99366099381652,226.62536810475493,226.88348940722173,39620300
2025-02-06,AAPL,Apple,231.53970336914062,232.11552641696264,228.76979621063217,229.62360070928509,29925300
2025-02-07,AAPL,Apple,225.99000549316406,232.31410688860944,225.622660920367,230.92419948813392,39707200
2025-02-10,AAPL,Apple,226.25830078125,229.1803301004679,225.8110548001571,228.16657658745933,33115600
2025-02-11,AAPL,Apple,231.19796752929688,233.79201296403912,226.7354250213283,226.8049892187756,53718400
2025-02-12,AAPL,Apple,235.42196655273438,235.51142789245534,229.26980470124647,229.78663009476247,45243300
2025-02-13,AAPL,Apple,240.05348205566406,240.85852795215618,234.1299251101732,235.4617298072221,53614100
2025-02-14,AAPL,Apple,243.104736328125,244.0489258287467,239.5168040933544,239.77520922194773,40896200
2025-02-18,AAPL,Apple,242.97552490234375,243.6811760890431,240.3615975750387,242.65747382373942,48822500
2025-02-19,AAPL,Apple,243.373046875,244.50607717853558,241.67350900245088,243.16433914739287,32204200
2025-02-20,AAPL,Apple,244.3271942138672,245.27138364211797,242.7966000469895,243.4426355672204,32316900
2025-02-21,AAPL,Apple,244.04891967773438,247.16972378813352,243.72093519653038,244.44646835255205,53197400
2025-02-24,AAPL,Apple,245.58944702148438,247.33868242018207,242.92582237394555,243.43269920852308,51326400
2025-02-25,AAPL,Apple,245.52981567382812,248.47172760145406,243.41284686721102,246.48395378064242,48013300
2025-02-26,AAPL,Apple,238.89065551757812,243.48240813544444,237.66817887883008,242.8363877176575,44433600
2025-02-27,AAPL,Apple,235.84934997558594,240.9778097055873,235.61081167459415,237.94645181292123,41153600
2025-02-28,AAPL,Apple,240.36158752441406,240.61005923211764,228.7927454203557,235.5014815283524,56833400
2025-03-03,AAPL,Apple,236.57489013671875,242.53821134874983,234.66662916873,240.31189930334125,47184000
2025-03-04,AAPL,Apple,234.4877166748047,238.60242278275774,233.24535811530478,236.25684921580154,53798100
2025-03-05,AAPL,Apple,234.29888916015625,235.1039350742086,227.82867612475383,233.98083809185871,47227600
2025-03-06,AAPL,Apple,233.89138793945312,236.4059203890797,231.73465535282332,233.00682927336524,45170400
2025-03-07,AAPL,Apple,237.60853576660156,239.89446338205195,233.32487071745646,233.67273718007357,46273600
2025-03-10,AAPL,Apple,226.08938598632812,234.71633209649934,222.84932017741133,234.10011191080184,72071200
2025-03-11,AAPL,Apple,219.48997497558594,224.45940937640347,216.12069905845206,222.44182022291236,76137400
2025-03-12,AAPL,Apple,215.653564453125,220.39440897367027,213.5962265598192,218.7942505386503,62547500
2025-03-13,AAPL,Apple,208.39817810058594,215.5144112677834,207.14588618522245,214.6298526174969,61368300
2025-03-14,AAPL,Apple,212.18490600585938,212.64208545758027,208.2988048386841,209.9585940343847,60107600
2025-03-17,AAPL,Apple,212.69178771972656,213.9043309003415,208.68642489319868,212.00600336087763,48073400
2025-03-18,AAPL,Apple,211.38978576660156,213.83473880015984,210.19712464056028,212.85080057479257,42432400
2025-03-19,AAPL,Apple,213.92420959472656,217.4226803637017,212.443312738742,212.91044076829724,54385400
2025-03-20,AAPL,Apple,212.79116821289062,216.16044383082547,210.9226561911479,212.6818400591608,48862900
2025-03-21,AAPL,Apple,216.93568420410156,217.5021918152461,209.9884097524224,210.26669685360034,94127800
2025-03-24,AAPL,Apple,219.38064575195312,220.1260609084734,217.24379503613238,219.64899945464327,44299500
2025-03-25,AAPL,Apple,222.3821563720703,222.7300227946097,218.73459388406312,219.4203781558929,34493600
2025-03-26,AAPL,Apple,220.17575073242188,223.64442126802376,219.12223310716143,222.1436424317859,34466100
2025-03-27,AAPL,Apple,222.48158264160156,223.61461307047793,219.21168633594712,220.03661426059983,37094800
2025-03-28,AAPL,Apple,216.56793212890625,222.44180687800483,216.34927581514728,220.31488968867507,39818600
2025-03-31,AAPL,Apple,220.7720947265625,224.24075018814546,214.90815310911736,215.6833836525119,65299300
2025-04-01,AAPL,Apple,221.8256072998047,222.31260214779184,217.5618242432653,218.46626491168394,36412700
2025-04-02,AAPL,Apple,222.52133178710938,223.81338775742097,219.66888130946384,219.96705040499884,35905900
2025-04-03,AAPL,Apple,201.94786071777344,206.22157697816277,200.0197179050274,204.28348559152053,103419000
2025-04-04,AAPL,Apple,187.2283935546875,198.65809134675584,186.19474282689396,192.70470416765195,125910900
2025-04-07,AAPL,Apple,180.3507080078125,192.96311894309866,173.55251067175698,176.11674047268428,160466300
2025-04-08,AAPL,Apple,171.36598205566406,189.1764339595553,168.1756135141289,185.5586861535385,120859500
2025-04-09,AAPL,Apple,197.63438415527344,199.383619356675,170.8391909937331,170.89882177160354,184395900
2025-04-10,AAPL,Apple,189.25592041015625,193.58926741380884,181.88128226075605,187.9141823452429,121880000
2025-04-11,AAPL,Apple,196.93869018554688,198.32019241914816,184.9226007761468,184.96236474624945,87435900
2025-04-14,AAPL,Apple,201.28196716308594,211.63826622013798,199.9302804535287,210.14743595954587,101352900
2025-04-15,AAPL,Apple,200.90428161621094,202.26590170954893,198.57859009217825,200.6259945192588,51343900
2025-04-16,AAPL,Apple,193.0823974609375,199.47308245703653,191.19400339685228,197.1473909296092,59732400
2025-04-17,AAPL,Apple,195.7758331298828,197.61452992177487,193.2314851467638,195.9944894564487,52164700
2025-04-21,AAPL,Apple,191.97915649414062,192.6152433685041,188.6496300196632,192.088484636555,46742500
2025-04-22,AAPL,Apple,198.51895141601562,200.35763286451953,194.7719939992729,194.92107095045932,52976400
2025-04-23,AAPL,Apple,203.34925842285156,206.72846769395255,201.56025903470575,204.7406939661261,52929200
2025-04-24,AAPL,Apple,207.09619140625,207.55338601533765,201.69939326414854,203.63746952607698,47311000
2025-04-25,AAPL,Apple,208.00062561035156,208.46775361357263,204.9394524859384,205.10841141990002,38222300
2025-04-28,AAPL,Apple,208.8553924560547,210.2070792460064,206.1917828448175,208.71624889674396,38743100
2025-04-29,AAPL,Apple,209.91883850097656,210.94254069563792,207.09618845243054,207.4142395090872,36827600
2025-04-30,AAPL,Apple,211.20095825195312,212.2743578831654,205.4065960245207,208.0205233254963,52286500
2025-05-01,AAPL,Apple,212.0159454345703,213.2483553954001,207.62295230903422,207.80185982414434,57365700
2025-05-02,AAPL,Apple,204.0946807861328,205.72465469395448,200.92417915168144,204.8301473855031,101010600
2025-05-05,AAPL,Apple,197.6741485595703,202.85230555244996,196.99831280299983,201.85841873478097,69018500
2025-05-06,AAPL,Apple,197.2964630126953,199.42338015596502,195.81558138809015,196.9983091053983,51216500
2025-05-07,AAPL,Apple,195.05029296875,198.2207944248892,192.0686324392914,197.9524407308952,68536700
2025-05-08,AAPL,Apple,196.28271484375,198.82706269335065,193.48988012199126,196.51130456752412,50478900
2025-05-09,AAPL,Apple,197.31634521484375,199.31405222350435,196.3323918231404,197.7834732241415,36453900
2025-05-12,AAPL,Apple,209.776123046875,210.2538252478288,205.75556156059073,209.95526516858178,63775800
2025-05-13,AAPL,Apple,211.90585327148438,212.37359390520234,207.9947628663851,209.41787763911134,51909300
2025-05-14,AAPL,Apple,211.30873107910156,212.91098786371114,209.56714827780408,211.40824098508043,49325800
2025-05-15,AAPL,Apple,210.43296813964844,211.93571508448807,208.53215118256114,209.9353730316401,45029500
2025-05-16,AAPL,Apple,210.24388122558594,211.54759317457453,208.76105751069144,211.33859654598928,54737900
2025-05-19,AAPL,Apple,207.7758026123047,208.47243269467637,203.2775387890809,206.90999202317107,46140500
2025-05-20,AAPL,Apple,205.86502075195312,207.46727738969238,204.04382108157407,206.6711222878563,42496600
2025-05-21,AAPL,Apple,201.1179656982422,206.04415370597744,199.74461367242378,204.18315305948536,59211800
2025-05-22,AAPL,Apple,200.3914794921875,201.77479312617928,198.73946027881726,199.74461200022,46742400
2025-05-23,AAPL,Apple,194.33078002929688,196.74908474491085,192.52948833207407,192.73846975457602,78432900
2025-05-27,AAPL,Apple,199.24705505371094,199.77450469366767,196.48041207123393,197.34623795139206,56288500
2025-05-28,AAPL,Apple,199.45602416992188,201.75491117265972,198.93852099816252,199.6252046868552,45339700
2025-05-29,AAPL,Apple,198.98826599121094,202.8297005493605,197.55518975609246,202.60081106845576,51396800
2025-05-30,AAPL,Apple,199.88394165039062,200.98860329086406,195.83351057352263,198.4110493394953,70819900
2025-06-02,AAPL,Apple,200.72984313964844,201.15778278546435,199.15744093584797,199.31667499872813,35423300
2025-06-03,AAPL,Apple,202.2923126220703,202.78990771325485,199.99342573046133,200.38154929416936,46381600
2025-06-04,AAPL,Apple,201.84445190429688,205.24800003069532,201.1279138581714,201.93401536371383,43604000
2025-06-05,AAPL,Apple,199.6649932861328,203.765171611367,199.1872911078447,202.521183994692,55126100
2025-06-06,AAPL,Apple,202.9391632080078,204.71060036976428,201.0781625818177,202.023590138985,46607700
2025-06-09,AAPL,Apple,200.48106384277344,205.0091823144686,199.05794913802782,203.40692547634254,72862600
2025-06-10,AAPL,Apple,201.69517517089844,203.36710243054736,199.60528507808198,199.63513956616538,54672600
2025-06-11,AAPL,Apple,197.8238983154297,203.51638723180633,197.45568281643992,202.5211970741936,60989900
2025-06-12,AAPL,Apple,198.2418670654297,198.71955406677787,196.410720905765,198.12244911144163,43904600
2025-06-13,AAPL,Apple,195.50511169433594,199.40625545491926,194.7587190445596,198.769334334526,51447300
2025-06-16,AAPL,Apple,197.46563720703125,197.73434281232372,195.61458283187793,196.3510290449251,43020700
2025-06-17,AAPL,Apple,194.69900512695312,197.4357781067605,194.27108064091922,196.25149936947125,38856200
2025-06-18,AAPL,Apple,195.6344757080078,196.6197193940347,194.13174409281177,194.9975546383106,45394700
2025-06-20,AAPL,Apple,200.03321838378906,200.72984844555882,195.9131318065836,197.28649906078425,96813500
2025-06-23,AAPL,Apple,200.53082275390625,201.3269779408771,198.00304635957568,200.6602023375907,55814300
2025-06-24,AAPL,Apple,199.33657836914062,202.4614746491071,199.23705328583006,201.61555699715424,54064000
2025-06-25,AAPL,Apple,200.59051513671875,202.6903668657116,199.65503400834336,200.4810436177515,39525700
2025-06-26,AAPL,Apple,200.03321838378906,201.66532960796235,198.50063224789568,200.4611428555203,50799100
2025-06-27,AAPL,Apple,200.1128387451172,202.24254507531293,199.03803155248616,200.91894034324127,73188600
2025-06-30,AAPL,Apple,204.18316650390625,206.39248990855162,198.3015889216639,201.03836190454115,91912800
2025-07-01,AAPL,Apple,206.82041931152344,209.17901505124104,205.1484920031366,205.6759415551798,78788900
2025-07-02,AAPL,Apple,211.41819763183594,212.3138626915596,207.13887695509675,207.90517762155153,67941800
2025-07-03,AAPL,Apple,212.52285766601562,213.61755770997246,210.7912213537831,211.12958235725722,34955800
2025-07-07,AAPL,Apple,208.940185546875,215.18997897032483,207.7957228576545,211.65705062020388,50229000
2025-07-08,AAPL,Apple,208.9998779296875,210.41304612040562,207.4473837253886,209.08945658408672,42848900
2025-07-09,AAPL,Apple,210.12445068359375,210.31353924447487,206.22330706177223,208.52219391164948,48749400
2025-07-10,AAPL,Apple,211.3883514404297,212.45319704499605,209.0197939340788,209.49748097232364,44443600
2025-07-11,AAPL,Apple,210.1443634033203,211.10969909895366,208.8506131239295,209.55720483784353,39765800
2025-07-14,AAPL,Apple,207.61656188964844,209.89555581124029,206.54175471753558,208.92025854176603,38840100
2025-07-15,AAPL,Apple,208.10421752929688,210.87084499335577,207.9151289669034,208.21368905566166,42296300
2025-07-16,AAPL,Apple,209.14915466308594,211.37837076419683,207.63646146204943,209.28848066940537,47490500
2025-07-17,AAPL,Apple,209.00982666015625,210.7812638030366,208.58188702565155,209.55718424596662,48068100
2025-07-18,AAPL,Apple,210.1642608642578,210.77132749863404,208.6913836081342,209.85575432940058,48974600
2025-07-21,AAPL,Apple,211.45799255371094,214.74212298846783,210.61209006251647,211.07983063398711,51377400
2025-07-22,AAPL,Apple,213.36875915527344,213.91611676733493,211.20919838168209,212.1148250502387,46404100
2025-07-23,AAPL,Apple,213.11996459960938,214.11515474984876,211.38834345684663,213.96588230147148,46989300
2025-07-24,AAPL,Apple,212.7318572998047,214.65258233290422,212.50296779967493,212.87118332406595,46022600
2025-07-25,AAPL,Apple,212.8512725830078,214.2047317845148,212.37357038101962,213.6673206036272,40268800
2025-07-28,AAPL,Apple,213.0204620361328,213.81661722083774,212.03521828670327,213.00055398053098,37858000
2025-07-29,AAPL,Apple,210.25384521484375,213.77681196541135,209.80601264614248,213.14983725799084,51411700
2025-07-30,AAPL,Apple,208.0445098876953,211.36844143995228,206.72090512781878,210.88079278566187,45512500
2025-07-31,AAPL,Apple,206.57162475585938,208.83069544134486,206.16359315375274,207.48719786288635,80698400
2025-08-01,AAPL,Apple,201.40658569335938,212.5527122409286,200.53081350952442,209.85574027592583,104434500
2025-08-04,AAPL,Apple,202.37193298339844,206.88014336875773,200.70995198839026,203.52634207300898,75109300
2025-08-05,AAPL,Apple,201.94398498535156,204.35234334482283,201.18764593221573,202.42167200915333,44155100
2025-08-06,AAPL,Apple,212.2242889404297,214.3440487139093,204.60112912578842,204.64094523363173,108483100
2025-08-07,AAPL,Apple,218.9716796875,219.78774287041324,215.5382768294147,217.8272171299369,90224800
2025-08-08,AAPL,Apple,228.2468719482422,229.88892965735022,218.19544514014734,219.76784743364436,113854000
2025-08-11,AAPL,Apple,226.34388732910156,228.71513292468896,223.9327956372812,227.08116933177635,61806100
2025-08-12,AAPL,Apple,228.80479431152344,229.95057099439725,226.23430307406312,227.17083074525974,55626200
2025-08-13,AAPL,Apple,232.47125244140625,234.1351043372746,229.58191650034667,230.2195756343437,69878500
2025-08-14,AAPL,Apple,231.92327880859375,234.25466305951576,230.0003892485326,233.1985666998313,51916300
2025-08-15,AAPL,Apple,230.73764038085938,233.41774239633352,228.49592139875156,233.13877413921495,56038700
2025-08-18,AAPL,Apple,230.0402374267578,232.26202593201924,229.26310933608104,230.8472538899505,37476200
2025-08-19,AAPL,Apple,229.71144104003906,232.01293684851592,228.50590285589897,230.4287923573085,39402600
2025-08-20,AAPL,Apple,225.1781768798828,229.6217687789582,224.93906991665554,229.1335667246527,42263900
2025-08-21,AAPL,Apple,224.07228088378906,225.68632903786573,222.9564077521854,225.43724912794482,30621200
2025-08-22,AAPL,Apple,226.92173767089844,228.2468445109381,224.5803958248437,225.33759321802492,42477800
2025-08-25,AAPL,Apple,226.32395935058594,228.45608264282492,225.3973742361901,225.64645413109014,30983100
2025-08-26,AAPL,Apple,228.46604919433594,228.6453946309622,223.86305742355088,226.03502689374838,54575100
2025-08-27,AAPL,Apple,229.64170837402344,230.05018785299507,227.41990473660533,227.76862267507164,31259500
2025-08-28,AAPL,Apple,231.70408630371094,232.55096405412047,228.4959359400532,229.9704999102399,38074700
2025-08-29,AAPL,Apple,231.28562927246094,232.52107103838586,230.51845893056873,231.65426265633033,39418400
2025-09-02,AAPL,Apple,228.8745574951172,230.00040359535532,226.13467838242784,228.4062860305561,44075600
2025-09-03,AAPL,Apple,237.59234619140625,237.9709525201245,233.49747185558658,236.33698891571112,66427800
2025-09-04,AAPL,Apple,238.8975067138672,239.0170601981439,235.8687018920251,237.57239985348932,47549400
2025-09-05,AAPL,Apple,238.80784606933594,240.43185187342493,237.61226559630578,239.1167027112504,54870400
2025-09-08,AAPL,Apple,237.00450134277344,239.2661357937392,235.4701607098454,238.41927329094256,48999500
2025-09-09,AAPL,Apple,233.4875030517578,237.90119155812317,232.5011411802574,236.12774389612645,66313900
2025-09-10,AAPL,Apple,225.955322265625,231.56460664903227,225.118417424808,231.33545739080094,83440800
2025-09-11,AAPL,Apple,229.1833953857422,229.60184779162614,225.81583028738913,226.04499474029723,50208600
2025-09-12,AAPL,Apple,233.2085418701172,233.6469097348115,228.17712472443904,228.37638560886936,55824200
2025-09-15,AAPL,Apple,235.82884216308594,237.31336381412066,234.16499028444412,236.1277410783948,42699500
2025-09-16,AAPL,Apple,237.2735137939453,240.33222235518573,235.45026224943368,236.30708253667353,63421100
2025-09-17,AAPL,Apple,238.1104278564453,239.21634322602875,236.85505542454314,238.09049720761,46508000
2025-09-18,AAPL,Apple,237.00450134277344,240.31227437025743,235.77901734043184,239.0868055705458,44249600
2025-09-19,AAPL,Apple,244.59645080566406,245.3935094903633,239.32592704772566,240.342162048153,163741300
2025-09-22,AAPL,Apple,255.1374969482422,255.6954638689992,247.20680184487878,247.38614726921998,105517400
2025-09-23,AAPL,Apple,253.4936065673828,256.3929004583055,252.64674396870498,254.93828225227924,60275200
2025-09-24,AAPL,Apple,251.3813934326172,254.7987775332095,250.11606329601622,254.28068708944184,42303700
2025-09-25,AAPL,Apple,255.92459106445312,256.2235051645742,250.78359387864086,252.27807316346954,55202100
2025-09-26,AAPL,Apple,254.51980590820312,256.6519291955366,252.84598111295833,253.16481067495934,46076300
2025-09-29,AAPL,Apple,253.4936065673828,254.06151607705354,252.07883445903423,253.6231329894407,40127700
2025-09-30,AAPL,Apple,253.69287109375,254.97811672142575,252.17846100632588,253.92202035086734,37704300
2025-10-01,AAPL,Apple,254.5098419189453,257.83756097799323,253.9917514638179,254.10134722927504,48713900
2025-10-02,AAPL,Apple,256.1836853027344,257.22980880920034,253.21464169746508,255.63569123318152,42630200
2025-10-03,AAPL,Apple,257.0704040527344,258.28591533133675,253.0153906843864,253.7327421013528,49155600
2025-10-06,AAPL,Apple,255.7452850341797,258.1165305885388,254.1113214696764,257.0404883747525,44664100
2025-10-07,AAPL,Apple,255.53607177734375,256.45266881763376,254.48991791397023,255.86484387966763,31955800
2025-10-08,AAPL,Apple,257.1102600097656,257.5685585594684,255.16742442767125,255.57591915435188,36496900
2025-10-09,AAPL,Apple,253.1050262451172,257.0504585775582,252.2083446799687,256.8611554198282,38322000
2025-10-10,AAPL,Apple,244.3673095703125,255.436420799504,243.10197943699816,254.00171816056968,61999100
2025-10-13,AAPL,Apple,246.74851989746094,248.7710475029622,244.6562426215344,248.46219085423505,38142900
2025-10-14,AAPL,Apple,246.8581085205078,247.93413549962378,243.79940008876653,245.69241642712313,35478000
2025-10-15,AAPL,Apple,248.42233276367188,250.89321639065437,246.559219921403,248.57178982967116,33893600
2025-10-16,AAPL,Apple,246.53927612304688,248.1234206007849,244.2278226113223,247.33633482463924,39777000
2025-10-17,AAPL,Apple,251.36146545410156,252.44746537322095,246.35995200283696,247.10719170360767,49147000
2025-10-20,AAPL,Apple,261.27484130859375,263.4069798400544,254.68918336894043,254.94822099113512,90483000
2025-10-21,AAPL,Apple,261.80291748046875,264.3136625920602,260.86637452698056,260.91620875530236,46695900
2025-10-22,AAPL,Apple,257.4988098144531,261.882609922878,254.4899051977633,261.6833338430701,45015300
2025-10-23,AAPL,Apple,258.6246337890625,259.6608147081683,257.0604350924048,258.98332466328685,32754900
2025-10-24,AAPL,Apple,261.85272216796875,263.15789839957887,258.22610426270086,260.2287163700197,38253700
2025-10-27,AAPL,Apple,267.8206481933594,268.1295048126629,263.6759553344934,263.9051197703755,44888200
2025-10-28,AAPL,Apple,268.00994873046875,268.896687690681,267.16307106420925,267.9999758056659,41534800
2025-10-29,AAPL,Apple,268.7073974609375,270.4110953948544,266.1269030442272,268.28892986747474,51086700
2025-10-30,AAPL,Apple,270.401123046875,273.1310593223432,267.49188695276854,270.98894793982623,69886500
2025-10-31,AAPL,Apple,269.37493896484375,276.29937269597025,268.16940070155243,275.9705701844509,86167100
2025-11-03,AAPL,Apple,268.0597839355469,269.8531775103368,265.2701011373342,269.42476736726525,50194600
2025-11-04,AAPL,Apple,269.046142578125,270.49078769741067,266.6350358638735,267.3424142382169,49274800
2025-11-05,AAPL,Apple,269.14581298828125,270.7000692568828,265.94760492323326,267.6214146886098,43683100
2025-11-06,AAPL,Apple,268.7771301269531,272.3937751745226,266.90407480138714,266.90407480138714,51204000
2025-11-07,AAPL,Apple,267.48193359375,271.2878818962731,265.7881780523408,268.80702532983145,48227400
2025-11-10,AAPL,Apple,268.6985778808594,272.98692304032335,266.733924572705,268.2298525605972,41312400
2025-11-11,AAPL,Apple,274.5028076171875,275.16101963639426,269.0675899882029,269.07757258136417,46208300
2025-11-12,AAPL,Apple,272.7276611328125,274.9815360542478,270.9624767916609,274.2535066981436,48398000
2025-11-13,AAPL,Apple,272.2090759277344,275.9488963676571,271.3513946141157,273.36590026791555,49602800
2025-11-14,AAPL,Apple,271.6705322265625,275.21088338895913,268.8681625557137,270.31420819279356,47431300
2025-11-17,AAPL,Apple,266.7339782714844,269.75575219797963,265.00869378967747,268.0903024129557,45018300
2025-11-18,AAPL,Apple,266.7139892578125,269.97510130800674,264.59974924229334,269.25705465795,45677300
2025-11-19,AAPL,Apple,267.83099365234375,271.47107967039307,264.77930243197466,264.80921977983166,40424500
2025-11-20,AAPL,Apple,265.5272521972656,274.68232536305425,265.1981613886433,270.09480618650156,45823600
2025-11-21,AAPL,Apple,270.75299072265625,272.5879921198442,264.9488130991126,265.2280517805383,59030800
2025-11-24,AAPL,Apple,275.1710205078125,276.24807542504453,270.164627965921,270.164627965921,65585800
2025-11-25,AAPL,Apple,276.2181396484375,279.6188865292943,274.5028075356392,274.52274228722064,46914200
2025-11-26,AAPL,Apple,276.79656982421875,278.7712060098946,275.8790842359358,276.2081750495132,33431400
2025-11-28,AAPL,Apple,278.0930480957031,278.242634823177,275.2407959413455,276.50736791500816,20135600
2025-12-01,AAPL,Apple,282.33148193359375,282.650620542313,275.390384584981,277.255303275414,46587700
2025-12-02,AAPL,Apple,285.4131164550781,286.619823290159,281.86278279875575,282.231773534172,53669500
2025-12-03,AAPL,Apple,283.378662109375,287.8365294074879,282.5309633672564,285.4231155973949,43538700
2025-12-04,AAPL,Apple,279.93804931640625,283.9571086251454,277.8337611056945,283.32881389666403,43989100
2025-12-05,AAPL,Apple,278.0232238769531,280.37683325787106,277.2951945750906,279.77845592816414,47265800
2025-12-08,AAPL,Apple,277.1356506347656,278.9108174051644,275.4003533668138,277.374989388386,38211800
2025-12-09,AAPL,Apple,276.42755126953125,279.26982065807096,276.16827776921565,277.4049018876359,32193300
2025-12-10,AAPL,Apple,278.0232238769531,278.9905919368044,275.68957968235776,276.9960211276047,33038300
2025-12-11,AAPL,Apple,277.2752380371094,278.83100071126506,273.06669274298736,278.342340640522,33248000
2025-12-12,AAPL,Apple,277.52459716796875,278.4620479370953,276.0685689150702,277.14562382282355,39532900
2025-12-15,AAPL,Apple,273.3658752441406,279.3894873363706,272.0993337942639,279.3894873363706,50409100
2025-12-16,AAPL,Apple,273.8645324707031,274.752131096348,271.0522107383373,272.07941349564567,37648600
2025-12-17,AAPL,Apple,271.1020812988281,275.41036187784255,270.9026424636208,274.2634896625032,50138700
2025-12-18,AAPL,Apple,271.45111083984375,272.8872042261758,266.22534517191764,272.86723904028526,51630700
2025-12-19,AAPL,Apple,272.9271545410156,273.854622814086,269.1673684747946,271.41126100078174,144632000
2025-12-22,AAPL,Apple,270.23443603515625,273.13654030849926,269.7756932559407,272.1192896847017,36571800
2025-12-23,AAPL,Apple,271.62066650390625,271.7603010837797,268.8282792538215,270.1048034873943,29642000
2025-12-24,AAPL,Apple,273.06671142578125,274.6823088952694,271.46109654935304,271.60070067851706,17910600
2025-12-26,AAPL,Apple,272.6578369140625,274.6224904749486,272.11929424741834,273.41578359787746,21521800
2025-12-29,AAPL,Apple,273.0168762207031,273.61522314661676,271.6107000753325,271.9497734782625,23715200
2025-12-30,AAPL,Apple,272.33868408203125,273.3359694836473,271.54086793463244,272.06942798009953,22139600
2025-12-31,AAPL,Apple,271.12200927734375,272.9370761103812,271.0123224859311,272.3187639976345,27293600
2026-01-02,AAPL,Apple,270.27435302734375,277.0857995993762,268.26979943372277,271.52095990203577,37838100
2026-01-05,AAPL,Apple,266.5345458984375,270.7730094869922,265.41759095171795,269.9053759278346,45647200
2026-01-06,AAPL,Apple,261.64776611328125,266.8236794412865,261.4084273717842,266.2751846804448,52352100
2026-01-07,AAPL,Apple,259.6233215332031,262.96423405428067,259.10474402829175,262.485556491205,48309800
2026-01-08,AAPL,Apple,258.33685302734375,258.5861744106298,255.00590778144198,256.32231677215987,50419300
2026-01-09,AAPL,Apple,258.6659240722656,259.5036402038468,255.52448097015204,258.3767027680543,39997000
2026-01-12,AAPL,Apple,259.54351806640625,260.5906555331263,256.1028713590674,258.45648066308013,45263800
2026-01-13,AAPL,Apple,260.34136962890625,261.0993163539261,257.68861696081353,258.01770778709204,45730800
2026-01-14,AAPL,Apple,259.25433349609375,261.10930037675524,256.0131555781144,258.78560808748875,40019400
2026-01-15,AAPL,Apple,257.5090637207031,260.3313985459844,256.35220896361545,259.9424426175537,39388600
2026-01-16,AAPL,Apple,254.83636474609375,258.1972120398704,254.23798735410128,257.19992653146244,72142800
2026-01-20,AAPL,Apple,246.0303192138672,254.09835490933511,242.75922413209136,252.04394930256512,80267500
2026-01-21,AAPL,Apple,246.97775268554688,250.8771427168815,244.51445623630568,248.02490552393743,54641700
2026-01-22,AAPL,Apple,247.67584228515625,250.31864258405668,247.47637302553753,248.52352576906395,39708300
2026-01-23,AAPL,Apple,247.36668395996094,248.7329754164565,244.01580413580567,246.6486524137701,41689000
2026-01-26,AAPL,Apple,254.7166748046875,255.86354695988197,249.12190294519746,250.7973351598156,55969200
2026-01-27,AAPL,Apple,257.56890869140625,261.2389423700868,257.5090739976807,258.4664899667647,49648300
2026-01-28,AAPL,Apple,255.74388122558594,258.1572949521919,253.81911240916085,256.9505880888889,41288000
2026-01-29,AAPL,Apple,257.578857421875,258.9451334735496,253.71936801028804,257.2996187429542,67253000
2026-01-30,AAPL,Apple,258.775634765625,261.1890484668085,251.49543285360957,254.47732177254832,92443400
2026-02-02,AAPL,Apple,269.2770690917969,269.7557466562268,258.50636737104884,259.3241487899344,73913400
2026-02-03,AAPL,Apple,268.7485046386719,271.1419837262723,266.88355520832346,268.4692659190308,64394700
2026-02-04,AAPL,Apple,275.73944091796875,278.19278500760885,271.5508603406617,271.5508603406617,90545700
2026-02-05,AAPL,Apple,275.1610107421875,278.7412615768201,272.48829324857786,277.3749854862336,52977400
2026-02-06,AAPL,Apple,277.36505126953125,280.1474864654567,276.1782790346459,276.36776572322356,50453400
2026-02-09,AAPL,Apple,274.13079833984375,277.70443813431814,271.2160169672847,277.41494619870406,44623400
2026-02-10,AAPL,Apple,273.19244384765625,274.87943562430115,272.4537718732244,274.40031021957236,34376900
2026-02-11,AAPL,Apple,275.00921630859375,279.6808719096702,273.9610989943363,274.2106536370846,51931300
2026-02-12,AAPL,Apple,261.2637634277344,275.22883180172755,259.71650632997444,275.0990585104662,81077200
2026-02-13,AAPL,Apple,255.32435607910156,261.7628783299504,254.9949421084194,261.5432690161623,56290700
2026-02-17,AAPL,Apple,263.4099426269531,265.8156532326085,255.08478749757862,257.5903108294174,58469100
2026-02-18,AAPL,Apple,263.8791198730469,266.3447212846438,261.9825104325609,263.13045584681157,34203300
2026-02-19,AAPL,Apple,260.11578369140625,264.00886051677537,259.5867290635135,262.13220471573277,30845300
2026-02-20,AAPL,Apple,264.1086730957031,264.2783836675007,257.7001265171608,258.50868117461044,42070500
2026-02-23,AAPL,Apple,265.705810546875,268.95002088588865,262.91081074777924,263.0206001676805,37308200
2026-02-24,AAPL,Apple,271.6552429199219,274.4003442568012,267.233111068832,267.38283777638213,47014600
2026-02-25,AAPL,Apple,273.74151611328125,274.45024283739696,270.567157599074,271.29586819299504,33714300
2026-02-26,AAPL,Apple,272.4637756347656,275.61811956353745,270.31758130113775,274.4602128097023,32345100
2026-02-27,AAPL,Apple,263.70941162109375,272.3240439665745,262.4217314181026,272.3240439665745,72366500
2026-03-02,AAPL,Apple,264.2484130859375,266.05518620599753,259.73647625260065,261.94253069595567,41827900
2026-03-03,AAPL,Apple,263.2801818847656,265.08695529305965,259.6666350681776,263.0106738027697,38568900
2026-03-04,AAPL,Apple,262.0523376464844,265.67587606267574,260.95432154975975,264.17854815272653,39803100
2026-03-05,AAPL,Apple,259.8263244628906,261.09405110124777,256.79173142961054,260.3254337562426,49658600
2026-03-06,AAPL,Apple,257.0013427734375,258.3090066542827,253.916851068475,258.16927189629365,41120000
2026-03-09,AAPL,Apple,259.41705322265625,260.68477987096253,253.22808575123491,255.2345148744848,38218500
2026-03-10,AAPL,Apple,260.3653564453125,262.01244158439727,256.4922936817907,257.19102845716964,30590800
2026-03-11,AAPL,Apple,260.34539794921875,261.6630538494394,259.08763272962494,260.624897946549,26218900
2026-03-12,AAPL,Apple,255.3043975830078,258.48873275942157,253.7272102811576,258.1992408199258,40794000
2026-03-13,AAPL,Apple,249.6744384765625,255.87336762960538,249.07551643845036,255.024890934378,36930000
2026-03-16,AAPL,Apple,252.36964416503906,253.43773019062647,249.4348789230203,251.66090222791988,32074200
2026-03-17,AAPL,Apple,253.77711486816406,254.67552076289968,251.7307636559193,252.5093881906664,32361600
2026-03-18,AAPL,Apple,249.49476623535156,254.48585937367065,248.55643828829037,252.1799767808244,35757900
2026-03-19,AAPL,Apple,248.5165252685547,251.38140795985734,246.85947863088072,248.95572868612365,34864100
2026-03-20,AAPL,Apple,247.54823303222656,248.75606899357115,245.56177255944445,247.53824109812177,88331100
2026-03-23,AAPL,Apple,251.04200744628906,254.14646797882926,249.83415620831627,253.51758537106093,40546100
2026-03-24,AAPL,Apple,251.1917266845703,254.37604644028636,249.10545347620703,249.90403139868116,45152300
2026-03-25,AAPL,Apple,252.16998291015625,254.5457480998694,251.15181088451408,253.6473574345128,28476700
2026-03-26,AAPL,Apple,252.43951416015625,256.5421934269488,250.32329549316128,251.67088153367666,41796700
2026-03-27,AAPL,Apple,248.35679626464844,255.03488128462607,247.6281009352486,253.4477020992108,47900000
2026-03-30,AAPL,Apple,246.19065856933594,250.4230956915925,245.07264337813007,249.62453299565456,39446200
2026-03-31,AAPL,Apple,253.33790588378906,255.02489784868362,246.65983587287727,247.4683905467953,49598100
2026-04-01,AAPL,Apple,255.1746368408203,255.72364490973627,252.8787309132899,253.6273948962928,40059400
2026-04-02,AAPL,Apple,255.464111328125,255.6737439434535,250.20349485503914,253.74717405681358,31289400
2026-04-06,AAPL,Apple,258.39886474609375,261.6930045642991,256.0031460821725,256.0530752925303,29329900
2026-04-07,AAPL,Apple,253.0484161376953,255.7436185540334,245.2623079794448,255.70368128016966,62148000
2026-04-08,AAPL,Apple,258.4388122558594,259.28730423338584,256.07303883918246,257.9896321241455,41032800
2026-04-09,AAPL,Apple,260.0259704589844,260.6548530924392,255.61386101634736,258.5386343954405,28121600
2026-04-10,AAPL,Apple,260.0159912109375,261.7229364827484,258.5585701252562,259.5168819122501,31291500
2026-04-13,AAPL,Apple,258.73828125,259.71651601158027,256.2027973984465,259.2673359057164,36234700
2026-04-14,AAPL,Apple,258.3689270019531,261.4634109961452,256.7318642110386,258.7881922504944,48370700
2026-04-15,AAPL,Apple,265.95538330078125,266.08515659729386,257.35074355126085,257.7001261657452,49913500
2026-04-16,AAPL,Apple,262.9307861328125,266.68409800240715,260.80457553569033,266.3247234477873,43323100
2026-04-17,AAPL,Apple,269.7486267089844,271.8149160854778,266.24486962975914,266.4844323486072,61436200
2026-04-20,AAPL,Apple,272.5635681152344,273.7913879220191,269.80850557942483,269.84841238867654,36590200
2026-04-21,AAPL,Apple,265.69586181640625,272.3140256362382,264.9272139873882,271.0163536236942,50209800
2026-04-22,AAPL,Apple,272.68341064453125,273.2523721409737,266.39461467279705,267.3429346055621,43249200
2026-04-23,AAPL,Apple,272.9429016113281,275.2787294551341,271.1660737405759,274.56001085217736,33399600
2026-04-24,AAPL,Apple,270.5771179199219,272.5735550213531,269.16962610782736,272.2741016414235,38157100
2026-04-27,AAPL,Apple,267.1332702636719,267.88193422863776,264.59781690250213,265.6159889280984,41466800
2026-04-28,AAPL,Apple,270.2277526855469,272.7432830913257,268.181416710472,271.8548539018017,40018900
2026-04-29,AAPL,Apple,269.688720703125,270.55716597281076,266.56429174844374,267.07336249706583,30047900
2026-04-30,AAPL,Apple,270.86663818359375,275.50834883767226,267.6623648300734,270.018146234023,91848200
2026-05-01,AAPL,Apple,279.6409912109375,286.70836594964845,277.8741246788477,278.3632420760759,79915400
2026-05-04,AAPL,Apple,276.3368225097656,280.13007120517506,274.3703307853319,279.16179801165765,46668400
2026-05-05,AAPL,Apple,283.67376708984375,284.0630869835518,276.00745521106614,276.43668191704,49311700
2026-05-06,AAPL,Apple,286.99786376953125,287.5169265187869,280.5693330033821,281.4178249779708,58336100
2026-05-07,AAPL,Apple,286.927978515625,291.6096265406606,285.2709318587503,288.75470528792926,45224300
2026-05-08,AAPL,Apple,292.7974853515625,294.2349225642168,289.48339230776435,289.49338424193445,52692800
2026-05-11,AAPL,Apple,292.42779541015625,293.6267735875138,289.979924827367,291.72841688276577,42247300
2026-05-12,AAPL,Apple,294.54595947265625,295.0155556946294,292.3078994315659,292.3078994315659,45748100
2026-05-13,AAPL,Apple,298.6124572753906,300.6607090744109,293.24708951115105,293.24708951115105,52684300
2026-05-14,AAPL,Apple,297.9530334472656,300.1911240450107,295.12548538387824,299.5616620172475,35324900
2026-05-15,AAPL,Apple,299.9713134765625,302.93875555297063,296.26448829773227,297.643304079477,54862800
2026-05-18,AAPL,Apple,297.5833435058594,300.4009207908792,294.6558756451712,299.98126929450746,34483000
2026-05-19,AAPL,Apple,298.7123718261719,300.2510533099592,296.09463441963413,296.7140952726279,42243600
2026-05-20,AAPL,Apple,301.98956298828125,302.5390768782648,297.82314269813475,297.9230626302997,38229800
2026-05-21,AAPL,Apple,304.7271728515625,305.27671719779084,300.1411318265125,300.80056674721834,42965100
2026-05-22,AAPL,Apple,308.55389404296875,311.13165741506583,305.57645096183757,305.85620846339293,43670200
2026-05-26,AAPL,Apple,308.0643005371094,311.5513139598484,307.4048960873393,309.29325163060713,48000500
2026-05-27,AAPL,Apple,310.5821533203125,312.9900803339556,308.0343323058515,308.0643052358437,50430900
2026-05-28,AAPL,Apple,312.24072265625,312.5304508120942,309.30325358892543,310.412282475935,48220400
2026-05-29,AAPL,Apple,311.7911071777344,314.7285763294451,309.2632884033746,311.5113496628706,70026800
2026-06-01,AAPL,Apple,306.0460510253906,310.67206624496237,304.7571540774977,309.363197507879,48849900
2026-06-02,AAPL,Apple,314.92840576171875,315.1781903378333,306.42572903356995,307.1950545511415,44534700
2026-06-03,AAPL,Apple,309.9926452636719,316.6668815001487,308.5838566628498,313.9092501546009,50836700
2026-06-04,AAPL,Apple,310.9618225097656,313.26982953176514,309.38316692864953,312.96009909963743,44869100
2026-06-05,AAPL,Apple,307.0751647949219,314.8984348439246,306.8853260765596,312.5903972939029,65310500
2026-06-08,AAPL,Apple,301.2801818847656,317.1265012321255,300.9105055796523,308.4739595974908,77949100
2026-06-09,AAPL,Apple,290.29962158203125,300.4908444635933,287.5320194610898,300.0212482417878,70108800
2026-06-10,AAPL,Apple,291.3287353515625,294.4960172141002,287.1323727394638,290.4894628291428,52793300
2026-06-11,AAPL,Apple,295.375244140625,296.7440586571729,289.3404406054596,293.4668864344149,42572500
2026-06-12,AAPL,Apple,290.879150390625,296.88398158337014,289.3704417369658,295.7749221682621,38742100
2026-06-15,AAPL,Apple,296.1645812988281,297.5233947188816,291.4486474146935,293.8665449684006,45732600
2026-06-16,AAPL,Apple,298.9821472167969,300.2210994929347,293.71669913987887,294.99559499590845,39874400
2026-06-17,AAPL,Apple,295.6949768066406,301.8096980081642,294.10632015937927,300.59074812548096,42745100
2026-06-18,AAPL,Apple,297.7532043457031,300.31099586682666,295.3652492546472,297.8530937792582,85962200
2026-06-22,AAPL,Apple,296.75408935546875,302.1594314563154,296.5043047694293,297.05381866220307,44879900
2026-06-23,AAPL,Apple,294.04638671875,301.3800886038737,293.9264950024863,297.2836155142734,52010900
2026-06-24,AAPL,Apple,292.8274230957031,299.4417438827621,292.68755959702736,295.1054570720635,53081900
2026-06-25,AAPL,Apple,274.91290283203125,288.55113481081804,273.5141152813601,287.1523472601469,107013700
2026-06-26,AAPL,Apple,283.53546142578125,285.70360492137456,273.9737007161028,274.7630284991681,261775500
2026-06-29,AAPL,Apple,281.4972229003906,288.12151489662153,279.6088673150861,286.4829438934296,66427000
2026-06-30,AAPL,Apple,289.11065673828125,289.69017405322865,280.45814550695326,280.9277417485351,65100200
2026-07-01,AAPL,Apple,294.1263427734375,296.33442991747245,288.95081360688545,293.1871503157195,50164200
2026-07-02,AAPL,Apple,308.3640441894531,309.15337194761725,293.4269150966668,293.866538367699,75352800
2026-07-06,AAPL,Apple,312.3905944824219,313.9292760509671,306.7354678654279,307.0951430290638,53590000
2026-07-07,AAPL,Apple,310.3923034667969,315.20815732134815,309.88273318392555,315.0183186077797,42490000
2026-07-08,AAPL,Apple,313.1199645996094,314.5487250421545,306.7854009831778,311.6412289475945,41323500
2026-07-09,AAPL,Apple,315.947509765625,316.2572401947346,307.8944576262147,310.24243869469103,48124500
2026-07-10,AAPL,Apple,315.0483093261719,316.6369356310425,311.9010296470402,314.4488202226986,34132300
2026-07-13,AAPL,Apple,317.03656005859375,323.171283634363,315.5078797345754,316.7468014245228,43257800
2026-07-14,AAPL,Apple,314.58868408203125,315.91755515351207,311.64124426456783,313.48965629761443,36336800
2026-07-15,AAPL,Apple,327.2178039550781,328.44675508114506,317.0465830462295,317.34631234952286,60957600
2026-07-16,AAPL,Apple,332.97283935546875,334.3915986652446,326.50841333986017,327.72736328456057,62970600
2026-07-17,AAPL,Apple,333.452392578125,334.7013154010385,328.71648699084636,331.693929977533,63407100
2026-07-20,AAPL,Apple,326.3085632324219,333.4224228207836,323.4010672140761,333.2226134619852,53468000
2026-07-21,AAPL,Apple,327.45758056640625,329.3159936819017,321.94234806189104,322.85156758462244,41338900
2026-07-22,AAPL,Apple,325.60919189453125,328.7164973399543,323.0613709608057,327.58746619388995,38755900
2026-07-23,AAPL,Apple,321.3828430175781,323.0214140443725,319.0748358849152,321.4527900194849,40840800
2026-07-24,AAPL,Apple,332.7330322265625,334.0818750563203,321.3428614810286,321.5127284115298,47489400
2026-07-27,AAPL,Apple,336.61968994140625,339.277401491225,333.73216560461384,334.2517370375488,49604300
2026-07-28,AAPL,Apple,339.78692626953125,342.59453283396704,335.31080637618777,339.73698155301014,51859000
2026-07-29,AAPL,Apple,337.8985900878906,344.2730974331505,337.0593175600121,339.43727163464206,56090800
2026-07-30,AAPL,Apple,333.1426696777344,334.4615395264105,329.30598233808786,332.8129674612056,74817800
2026-07-31,AAPL,Apple,308.6438293457031,310.4222943774597,299.7415030462749,304.54735603914753,132489100
2026-08-03,AAPL,Apple,303.1585693359375,311.5313230344714,302.29929450581176,309.313234694189,75052000
2026-08-04,AAPL,Apple,309.1134033203125,310.1525156602479,301.0603512911937,302.46913991298527,68001000
2026-08-05,AAPL,Apple,310.7320251464844,311.4414048335362,305.40663118634393,309.09342362565195,49438800
2026-08-06,AAPL,Apple,312.14080810546875,316.0174696892129,308.96355554648414,314.06913775686996,46139900
2026-08-07,AAPL,Apple,313.05999755859375,314.53873325457766,310.47223295908327,311.1816431226555,34437200
2026-08-10,AAPL,Apple,308.260009765625,308.260009765625,304.6099853515625,306.8299865722656,44812500
2026-08-11,AAPL,Apple,304.9100036621094,309.9700012207031,302.7900085449219,307.75,37476700
2026-08-12,AAPL,Apple,302.25,305.6600036621094,300.57000732421875,305.1000061035156,41657800
2026-08-13,AAPL,Apple,305.260009765625,306.0,302.04998779296875,304.2099914550781,40349300
2026-08-14,AAPL,Apple,305.92999267578125,307.489990234375,304.29998779296875,306.0,28229400
2026-08-17,AAPL,Apple,305.5899963378906,307.6600036621094,302.94000244140625,306.2099914550781,38169300
2026-08-18,AAPL,Apple,310.0299987792969,311.489990234375,305.739990234375,307.5799865722656,53424500
2026-08-19,AAPL,Apple,316.8299865722656,319.2799987792969,309.6000061035156,310.1400146484375,50505600
2026-08-20,AAPL,Apple,311.29998779296875,320.2799987792969,310.6499938964844,317.4599914550781,40959200
2026-08-21,AAPL,Apple,309.3500061035156,312.3800048828125,307.010009765625,312.04998779296875,46876800
2026-08-24,AAPL,Apple,310.3399963378906,313.3599853515625,309.9700012207031,311.4700012207031,34673600
2026-08-25,AAPL,Apple,309.8999938964844,313.5899963378906,308.2099914550781,310.7900085449219,25869800
2026-08-26,AAPL,Apple,313.45001220703125,315.42999267578125,308.79998779296875,310.29998779296875,34024500
2026-08-27,AAPL,Apple,314.5799865722656,315.3999938964844,309.3999938964844,310.54998779296875,32419200
2026-08-28,AAPL,Apple,319.70001220703125,322.3699951171875,315.45001220703125,316.8500061035156,38649400
2026-08-31,AAPL,Apple,316.8500061035156,321.239990234375,312.79998779296875,319.6000061035156,41242700
2026-09-01,AAPL,Apple,325.1300048828125,327.29998779296875,314.7300109863281,316.9800109863281,53167400
2026-09-02,AAPL,Apple,324.9599914550781,328.3999938964844,323.5299987792969,326.8699951171875,33776400
2026-09-03,AAPL,Apple,328.2099914550781,330.80999755859375,324.1099853515625,324.8699951171875,37225800
2026-09-04,AAPL,Apple,319.9700012207031,328.92999267578125,317.8599853515625,328.30999755859375,39606900
2026-09-08,AAPL,Apple,316.2200012207031,320.70001220703125,314.8999938964844,317.1000061035156,35477100
2026-09-09,AAPL,Apple,315.3399963378906,319.1499938964844,309.8999938964844,315.489990234375,65640000
2026-09-10,AAPL,Apple,326.57000732421875,326.739990234375,316.510009765625,316.6700134277344,70011900
2026-09-11,AAPL,Apple,332.2699890136719,336.2200012207031,326.29998779296875,327.45001220703125,50659000
