Date,ticker,name,Close,High,Low,Open,Volume
2016-09-13,BOTZ,Robotics&AI ETF,14.164006233215332,14.164006233215332,14.164006233215332,14.164006233215332,300
2016-09-14,BOTZ,Robotics&AI ETF,14.164006233215332,14.164006233215332,14.164006233215332,14.164006233215332,0
2016-09-15,BOTZ,Robotics&AI ETF,14.164006233215332,14.164006233215332,14.164006233215332,14.164006233215332,0
2016-09-16,BOTZ,Robotics&AI ETF,14.106429100036621,14.125621960109564,14.106429100036621,14.125621960109564,1500
2016-09-19,BOTZ,Robotics&AI ETF,14.240775108337402,14.250371537520275,14.217744044364851,14.221582249971657,700
2016-09-20,BOTZ,Robotics&AI ETF,14.365527153015137,14.365527153015137,14.365527153015137,14.365527153015137,300
2016-09-21,BOTZ,Robotics&AI ETF,14.365527153015137,14.365527153015137,14.365527153015137,14.365527153015137,0
2016-09-22,BOTZ,Robotics&AI ETF,14.701393127441406,14.768567218384796,14.672604754274744,14.758970788940614,4000
2016-09-23,BOTZ,Robotics&AI ETF,14.653412818908691,14.71098956527485,14.62462353055973,14.71098956527485,9500
2016-09-26,BOTZ,Robotics&AI ETF,14.424063682556152,14.53825808607918,14.424063682556152,14.53825808607918,2900
2016-09-27,BOTZ,Robotics&AI ETF,14.595834732055664,16.006477789242936,14.506589588073064,14.55744993054146,3600
2016-09-28,BOTZ,Robotics&AI ETF,14.691797256469727,14.691797256469727,14.595834794689491,14.672604398047335,3000
2016-09-29,BOTZ,Robotics&AI ETF,14.643818855285645,14.691800095447443,14.634222424220079,14.691800095447443,3900
2016-09-30,BOTZ,Robotics&AI ETF,14.691797256469727,14.691797256469727,14.586238365478296,14.66300796883614,4100
2016-10-03,BOTZ,Robotics&AI ETF,14.640935897827148,14.739776549379357,14.576640924772692,14.739776549379357,3600
2016-10-04,BOTZ,Robotics&AI ETF,14.634220123291016,14.768567391587508,14.634220123291016,14.768567391587508,10900
2016-10-05,BOTZ,Robotics&AI ETF,14.76856803894043,14.787759983729234,14.758971608963062,14.758971608963062,1500
2016-10-06,BOTZ,Robotics&AI ETF,14.720587730407715,14.778164483562664,14.687001138539662,14.778164483562664,3800
2016-10-07,BOTZ,Robotics&AI ETF,14.730181694030762,14.739777207838904,14.6822004643267,14.730181694030762,8800
2016-10-10,BOTZ,Robotics&AI ETF,14.799274444580078,14.8261437144375,14.793517136110289,14.816547285155316,11000
2016-10-11,BOTZ,Robotics&AI ETF,14.68220043182373,14.835739634404158,14.68220043182373,14.835739634404158,6200
2016-10-12,BOTZ,Robotics&AI ETF,14.624625205993652,14.691799304670981,14.574724865337801,14.691799304670981,5500
2016-10-13,BOTZ,Robotics&AI ETF,14.509469032287598,14.509469032287598,14.394314625106649,14.471084229893949,6400
2016-10-14,BOTZ,Robotics&AI ETF,14.509469032287598,14.56704669346101,14.509469032287598,14.557450264071129,3200
2016-10-17,BOTZ,Robotics&AI ETF,14.557450294494629,14.595835096968498,14.538257435674755,14.567046723904566,10700
2016-10-18,BOTZ,Robotics&AI ETF,14.672603607177734,14.749373206397612,14.663967187419516,14.749373206397612,3500
2016-10-19,BOTZ,Robotics&AI ETF,14.643818855285645,14.739780420443203,14.634222424220079,14.739780420443203,6300
2016-10-20,BOTZ,Robotics&AI ETF,14.68220043182373,14.68220043182373,14.63421920222589,14.643815631178624,8900
2016-10-21,BOTZ,Robotics&AI ETF,14.68220043182373,14.68220043182373,14.665886685637247,14.665886685637247,500
2016-10-24,BOTZ,Robotics&AI ETF,14.68220043182373,14.816546776498686,14.663007573918259,14.816546776498686,12500
2016-10-25,BOTZ,Robotics&AI ETF,14.557450294494629,14.634219899442368,14.538257435674755,14.634219899442368,15100
2016-10-26,BOTZ,Robotics&AI ETF,14.557450294494629,14.567046723904566,14.51906549202076,14.544974753228535,4100
2016-10-27,BOTZ,Robotics&AI ETF,14.39431381225586,14.490276270403896,14.39431381225586,14.490276270403896,22100
2016-10-28,BOTZ,Robotics&AI ETF,14.451891899108887,14.480680271341404,14.41350709774358,14.451891899108887,3600
2016-10-31,BOTZ,Robotics&AI ETF,14.413506507873535,14.490276107462368,14.413506507873535,14.490276107462368,2600
2016-11-01,BOTZ,Robotics&AI ETF,14.346332550048828,14.432698579149433,14.346332550048828,14.432698579149433,5700
2016-11-02,BOTZ,Robotics&AI ETF,14.211986541748047,14.307948086767885,14.211986541748047,14.307948086767885,10200
2016-11-03,BOTZ,Robotics&AI ETF,14.269563674926758,14.384718081190888,14.232138881836411,14.384718081190888,3200
2016-11-04,BOTZ,Robotics&AI ETF,14.221583366394043,14.288757460781591,14.144813757236212,14.288757460781591,7200
2016-11-07,BOTZ,Robotics&AI ETF,14.375121116638184,14.46148714691202,14.370323817325936,14.46148714691202,5800
2016-11-08,BOTZ,Robotics&AI ETF,14.44229793548584,14.45189436625688,14.365528319649538,14.384720266025608,3200
2016-11-09,BOTZ,Robotics&AI ETF,14.451891899108887,14.471083842208614,14.202390232651462,14.202390232651462,14800
2016-11-10,BOTZ,Robotics&AI ETF,14.576643943786621,14.634221611817626,14.47108595342343,14.586240374319454,2300
2016-11-11,BOTZ,Robotics&AI ETF,14.557450294494629,14.576642238148624,14.537298341833289,14.557450294494629,4900
2016-11-14,BOTZ,Robotics&AI ETF,14.61502742767334,14.61502742767334,14.538257820692506,14.547854250356586,5500
2016-11-15,BOTZ,Robotics&AI ETF,14.653412818908691,14.653412818908691,14.56704678419357,14.56704678419357,3100
2016-11-16,BOTZ,Robotics&AI ETF,14.484519958496094,14.553613157120447,14.476843546537353,14.553613157120447,2000
2016-11-17,BOTZ,Robotics&AI ETF,14.730181694030762,14.730181694030762,14.583358893193216,14.643815663596618,4500
2016-11-18,BOTZ,Robotics&AI ETF,14.519062995910645,14.643813811295091,14.513304773188281,14.643813811295091,7300
2016-11-21,BOTZ,Robotics&AI ETF,14.571846008300781,14.60543259853521,14.519066557837569,14.57376511129047,13400
2016-11-22,BOTZ,Robotics&AI ETF,14.546895980834961,14.605432740837571,14.524824008323618,14.605432740837571,2500
2016-11-23,BOTZ,Robotics&AI ETF,14.576643943786621,14.576643943786621,14.443256670944612,14.547855567354112,11100
2016-11-25,BOTZ,Robotics&AI ETF,14.586237907409668,14.595834336319497,14.538256678026361,14.586237907409668,5900
2016-11-28,BOTZ,Robotics&AI ETF,14.576643943786621,14.643818042350459,14.53825913682128,14.643818042350459,13600
2016-11-29,BOTZ,Robotics&AI ETF,14.586237907409668,14.609268970726923,14.528661164282365,14.538256678026361,9500
2016-11-30,BOTZ,Robotics&AI ETF,14.471086502075195,14.586240927337144,14.437499909102879,14.538259688019828,10200
2016-12-01,BOTZ,Robotics&AI ETF,14.298352241516113,14.499872684001428,14.295474044815752,14.499872684001428,8300
2016-12-02,BOTZ,Robotics&AI ETF,14.231181144714355,14.231181144714355,14.096833858375975,14.221584713868896,8500
2016-12-05,BOTZ,Robotics&AI ETF,14.391436576843262,14.423104064037528,14.336738023477539,14.336738023477539,8800
2016-12-06,BOTZ,Robotics&AI ETF,14.356888771057129,14.384717132999647,14.284916471116079,14.375120704318732,5900
2016-12-07,BOTZ,Robotics&AI ETF,14.519062995910645,14.55744779178542,14.3472909657336,14.403908608286322,8900
2016-12-08,BOTZ,Robotics&AI ETF,14.60543155670166,14.6246235003955,14.517146419311878,14.6246235003955,9100
2016-12-09,BOTZ,Robotics&AI ETF,14.586237907409668,14.624622707883148,14.519064735372538,14.624622707883148,9900
2016-12-12,BOTZ,Robotics&AI ETF,14.432701110839844,14.576643907813143,14.423104680330695,14.576643907813143,17300
2016-12-13,BOTZ,Robotics&AI ETF,14.538256645202637,14.566085922911972,14.51522649710321,14.547853074090797,10900
2016-12-14,BOTZ,Robotics&AI ETF,14.298352241516113,14.528661972332102,14.298352241516113,14.528661972332102,15200
2016-12-15,BOTZ,Robotics&AI ETF,14.327142715454102,14.327142715454102,14.288757909669311,14.29835342474104,5000
2016-12-16,BOTZ,Robotics&AI ETF,14.250370979309082,14.336736093074293,14.237895438826865,14.336736093074293,11900
2016-12-19,BOTZ,Robotics&AI ETF,14.346332550048828,14.36552540770044,14.250371007288242,14.250371007288242,6300
2016-12-20,BOTZ,Robotics&AI ETF,14.365527153015137,14.40391195781603,14.336737863040016,14.40391195781603,11100
2016-12-21,BOTZ,Robotics&AI ETF,14.346332550048828,14.394313779012034,14.30794774991143,14.394313779012034,10400
2016-12-22,BOTZ,Robotics&AI ETF,14.308908462524414,14.36552611414878,14.298352024230567,14.36552611414878,3700
2016-12-23,BOTZ,Robotics&AI ETF,14.344413757324219,14.479720112095317,14.29835163009753,14.461487262998572,7600
2016-12-27,BOTZ,Robotics&AI ETF,14.343456268310547,14.375123757550996,14.325224331176535,14.375123757550996,19600
2016-12-28,BOTZ,Robotics&AI ETF,14.393383979797363,14.479802043454294,14.346334430029497,14.470199832888591,21700
2016-12-29,BOTZ,Robotics&AI ETF,14.33385181427002,14.383781292980657,14.326169862928367,14.383781292980657,9300
2016-12-30,BOTZ,Robotics&AI ETF,14.402987480163574,14.460599832999833,14.306967197342239,14.306967197342239,7700
2017-01-03,BOTZ,Robotics&AI ETF,14.499009132385254,14.508610429000383,14.412591052827505,14.508610429000383,8000
2017-01-04,BOTZ,Robotics&AI ETF,14.710249900817871,14.710249900817871,14.595026118846125,14.66224067845089,17300
2017-01-05,BOTZ,Robotics&AI ETF,14.739056587219238,14.899409661492458,14.719852165628154,14.806270231353588,22800
2017-01-06,BOTZ,Robotics&AI ETF,14.758259773254395,14.787065489299525,14.71985184662182,14.777464194429283,28700
2017-01-09,BOTZ,Robotics&AI ETF,14.719852447509766,14.83507623211111,14.697768094830886,14.83507623211111,34200
2017-01-10,BOTZ,Robotics&AI ETF,14.777466773986816,14.79667028279667,14.739058840649745,14.79667028279667,14100
2017-01-11,BOTZ,Robotics&AI ETF,14.883087158203125,14.883087158203125,14.79666908625363,14.854281439459056,17900
2017-01-12,BOTZ,Robotics&AI ETF,14.92149543762207,14.969505580463894,14.83507736365025,14.969505580463894,12600
2017-01-13,BOTZ,Robotics&AI ETF,15.007912635803223,15.017514846954711,14.93109677802584,14.979106918066018,47700
2017-01-17,BOTZ,Robotics&AI ETF,14.902290344238281,15.065523347383985,14.883085922858072,15.065523347383985,36300
2017-01-18,BOTZ,Robotics&AI ETF,14.89268684387207,14.931094767589226,14.797627163993324,14.902289053730643,20800
2017-01-19,BOTZ,Robotics&AI ETF,14.959904670715332,15.08473068668078,14.88308880177004,15.036720539660626,21400
2017-01-20,BOTZ,Robotics&AI ETF,15.036717414855957,15.180747825985229,15.036717414855957,15.180747825985229,26500
2017-01-23,BOTZ,Robotics&AI ETF,15.150981903076172,15.161543785518276,15.065523509021464,15.161543785518276,32200
2017-01-24,BOTZ,Robotics&AI ETF,15.36318588256836,15.36318588256836,15.171146242179702,15.286370026412897,41400
2017-01-25,BOTZ,Robotics&AI ETF,15.718462944030762,15.7280633251221,15.598438034606515,15.68005409392631,76400
2017-01-26,BOTZ,Robotics&AI ETF,15.737662315368652,15.891294021460883,15.718459725682925,15.891294021460883,65800
2017-01-27,BOTZ,Robotics&AI ETF,15.681010246276855,15.795275267687426,15.654124789811865,15.795275267687426,50600
2017-01-30,BOTZ,Robotics&AI ETF,15.622441291809082,15.680052730521579,15.488012159567097,15.680052730521579,26200
2017-01-31,BOTZ,Robotics&AI ETF,15.665650367736816,15.699257193022397,15.571549425502567,15.699257193022397,18300
2017-02-01,BOTZ,Robotics&AI ETF,15.814480781555176,15.881696266582125,15.737664915816223,15.881696266582125,40600
2017-02-02,BOTZ,Robotics&AI ETF,15.737662315368652,15.756866736488782,15.651244251762474,15.756866736488782,35200
2017-02-03,BOTZ,Robotics&AI ETF,15.785675048828125,15.814479852140689,15.74726620249858,15.814479852140689,40400
2017-02-06,BOTZ,Robotics&AI ETF,15.699256896972656,15.756868334742295,15.593634401532828,15.756868334742295,59800
2017-02-07,BOTZ,Robotics&AI ETF,15.708855628967285,15.795273682197285,15.699253419560154,15.795273682197285,96800
2017-02-08,BOTZ,Robotics&AI ETF,15.708855628967285,15.785671472790154,15.689651210153022,15.785671472790154,40900
2017-02-09,BOTZ,Robotics&AI ETF,15.670451164245605,15.795278089937622,15.622441935246947,15.795278089937622,106700
2017-02-10,BOTZ,Robotics&AI ETF,15.77607250213623,15.872092784485874,15.747265868000971,15.872092784485874,64300
2017-02-13,BOTZ,Robotics&AI ETF,15.93930721282959,16.016123076182048,15.875934079777947,16.016123076182048,53800
2017-02-14,BOTZ,Robotics&AI ETF,15.958513259887695,15.958513259887695,15.795279304729606,15.92970662141221,52800
2017-02-15,BOTZ,Robotics&AI ETF,15.948907852172852,15.97771265344332,15.852887574590872,15.958510063074495,59300
2017-02-16,BOTZ,Robotics&AI ETF,15.93930721282959,15.994037805787292,15.879774598230373,15.987316440636885,50100
2017-02-17,BOTZ,Robotics&AI ETF,16.03532600402832,16.03532600402832,15.93930572593631,15.958510147841606,23500
2017-02-21,BOTZ,Robotics&AI ETF,16.078535079956055,16.111180399559693,16.05452863679395,16.092937480705732,98800
2017-02-22,BOTZ,Robotics&AI ETF,16.03532600402832,16.07373301640444,15.997876831882648,16.07373301640444,62600
2017-02-23,BOTZ,Robotics&AI ETF,16.09773826599121,16.188958357939015,16.04588852251357,16.188958357939015,47400
2017-02-24,BOTZ,Robotics&AI ETF,15.93930721282959,16.08333672768612,15.89129615358765,16.08333672768612,66900
2017-02-27,BOTZ,Robotics&AI ETF,15.958513259887695,15.996920279753512,15.862492963070908,15.98731806692835,42900
2017-02-28,BOTZ,Robotics&AI ETF,15.929703712463379,16.012281262532287,15.929703712463379,15.99691735853069,96800
2017-03-01,BOTZ,Robotics&AI ETF,16.187997817993164,16.20816191356222,16.083336821673022,16.102541245482023,87800
2017-03-02,BOTZ,Robotics&AI ETF,16.064130783081055,16.16015106103935,16.035325981697696,16.16015106103935,35600
2017-03-03,BOTZ,Robotics&AI ETF,16.049728393554688,16.121744059932126,15.982514748367464,16.121744059932126,52200
2017-03-06,BOTZ,Robotics&AI ETF,15.977710723876953,16.064128780120914,15.929701506601084,16.00651735310302,49600
2017-03-07,BOTZ,Robotics&AI ETF,15.91817855834961,15.948906362939441,15.881692724338487,15.948906362939441,79300
2017-03-08,BOTZ,Robotics&AI ETF,15.929703712463379,15.987315147459002,15.910499290320006,15.95851034567844,58800
2017-03-09,BOTZ,Robotics&AI ETF,15.915300369262695,15.968109779878496,15.891293927287599,15.968109779878496,73700
2017-03-10,BOTZ,Robotics&AI ETF,16.064130783081055,16.097737605651286,15.96811050512276,15.96811050512276,60900
2017-03-13,BOTZ,Robotics&AI ETF,16.31378746032715,16.361798528817634,16.284980819232857,16.323389674025247,112200
2017-03-14,BOTZ,Robotics&AI ETF,16.236967086791992,16.32338515471406,16.202400592196962,16.32338515471406,107700
2017-03-15,BOTZ,Robotics&AI ETF,16.380996704101562,16.43380794947163,16.227364989262014,16.30418084668179,77000
2017-03-16,BOTZ,Robotics&AI ETF,16.438613891601562,16.568239193874504,16.43381186918556,16.544234576099328,109600
2017-03-17,BOTZ,Robotics&AI ETF,16.5826416015625,16.601846026239457,16.50966625293785,16.57303938922402,190300
2017-03-20,BOTZ,Robotics&AI ETF,16.602806091308594,16.649855650877274,16.566318416131995,16.649855650877274,156500
2017-03-21,BOTZ,Robotics&AI ETF,16.448217391967773,16.72667613897042,16.448217391967773,16.71707392375288,67500
2017-03-22,BOTZ,Robotics&AI ETF,16.448217391967773,16.46742182240284,16.352198902663,16.448217391967773,64400
2017-03-23,BOTZ,Robotics&AI ETF,16.544231414794922,16.594161816057863,16.45781334216927,16.47701776529377,53700
2017-03-24,BOTZ,Robotics&AI ETF,16.608566284179688,16.659456357888722,16.544231648945548,16.592242707436295,174900
2017-03-27,BOTZ,Robotics&AI ETF,16.63064956665039,16.66905841308237,16.515426690223652,16.57303812843702,171000
2017-03-28,BOTZ,Robotics&AI ETF,16.73627281188965,16.783322368870177,16.678661371098038,16.745875023927365,148600
2017-03-29,BOTZ,Robotics&AI ETF,16.741071701049805,16.7554759337042,16.678660074807404,16.7554759337042,83700
2017-03-30,BOTZ,Robotics&AI ETF,16.68825912475586,16.755474598439296,16.67865874566405,16.755474598439296,80600
2017-03-31,BOTZ,Robotics&AI ETF,16.671939849853516,16.67866121507357,16.573038715081452,16.659456791177792,67900
2017-04-03,BOTZ,Robotics&AI ETF,16.633533477783203,16.67866369751196,16.563438968422002,16.67866369751196,70200
2017-04-04,BOTZ,Robotics&AI ETF,16.543270111083984,16.582638625175147,16.489499196787534,16.582638625175147,53000
2017-04-05,BOTZ,Robotics&AI ETF,16.544231414794922,16.678660545231818,16.544231414794922,16.640251698982823,106000
2017-04-06,BOTZ,Robotics&AI ETF,16.42901039123535,16.47701962302489,16.419408178590484,16.47701962302489,78400
2017-04-07,BOTZ,Robotics&AI ETF,16.515426635742188,16.534629227460233,16.448211154707955,16.47701778943691,81500
2017-04-10,BOTZ,Robotics&AI ETF,16.438613891601562,16.51542976734309,16.419409464807444,16.486623127151915,101900
2017-04-11,BOTZ,Robotics&AI ETF,16.40020179748535,16.419406220484852,16.323385936921927,16.419406220484852,73100
2017-04-12,BOTZ,Robotics&AI ETF,16.323387145996094,16.400203012249275,16.285939800377545,16.400203012249275,56900
2017-04-13,BOTZ,Robotics&AI ETF,16.24657440185547,16.3233902828704,16.22736997374297,16.3233902828704,45100
2017-04-17,BOTZ,Robotics&AI ETF,16.352191925048828,16.352191925048828,16.25617164528141,16.32338529168825,76800
2017-04-18,BOTZ,Robotics&AI ETF,16.27537727355957,16.31378428945187,16.22736621440089,16.304182077620137,80500
2017-04-19,BOTZ,Robotics&AI ETF,16.515426635742188,16.515426635742188,16.332988278661315,16.332988278661315,110100
2017-04-20,BOTZ,Robotics&AI ETF,16.5826416015625,16.621048619481677,16.515427946627884,16.57303938922402,127900
2017-04-21,BOTZ,Robotics&AI ETF,16.544231414794922,16.582640261043917,16.515426611542765,16.582640261043917,50500
2017-04-24,BOTZ,Robotics&AI ETF,16.86109733581543,16.86109733581543,16.669058595853684,16.755476669838586,74200
2017-04-25,BOTZ,Robotics&AI ETF,16.845733642578125,16.86109571469468,16.80348428138871,16.86109571469468,124000
2017-04-26,BOTZ,Robotics&AI ETF,16.995527267456055,16.995527267456055,16.88990476507847,16.88990476507847,108300
2017-04-27,BOTZ,Robotics&AI ETF,17.066579818725586,17.07234151176412,17.043534878005985,17.062739300511407,118200
2017-04-28,BOTZ,Robotics&AI ETF,17.245174407958984,17.245174407958984,17.062737903399142,17.139553755696546,320000
2017-05-01,BOTZ,Robotics&AI ETF,17.27398109436035,17.309509090055986,17.20868862698857,17.264378883863305,221300
2017-05-02,BOTZ,Robotics&AI ETF,17.245174407958984,17.302787670757823,17.216369607993947,17.302787670757823,92800
2017-05-03,BOTZ,Robotics&AI ETF,17.23557472229004,17.23557472229004,17.120350023491415,17.197165878879012,133000
2017-05-04,BOTZ,Robotics&AI ETF,17.27398109436035,17.293185515354445,17.201967262784077,17.254776673366255,70200
2017-05-05,BOTZ,Robotics&AI ETF,17.418010711669922,17.418010711669922,17.283583426632894,17.350797069151408,97400
2017-05-08,BOTZ,Robotics&AI ETF,17.446819305419922,17.4756259403536,17.418012670486245,17.4756259403536,228000
2017-05-09,BOTZ,Robotics&AI ETF,17.39208984375,17.466024863639284,17.35080014785196,17.466024863639284,321400
2017-05-10,BOTZ,Robotics&AI ETF,17.37960433959961,17.456420195506045,17.331593285011543,17.456420195506045,107800
2017-05-11,BOTZ,Robotics&AI ETF,17.30278968811035,17.39880997253582,17.254778630180322,17.39880997253582,188500
2017-05-12,BOTZ,Robotics&AI ETF,17.369998931884766,17.398805559335994,17.326789906424988,17.379601141035177,118300
2017-05-15,BOTZ,Robotics&AI ETF,17.4564208984375,17.504430123524322,17.411290688450872,17.466023109741773,254800
2017-05-16,BOTZ,Robotics&AI ETF,17.52363395690918,17.571643180381713,17.475624733436646,17.571643180381713,226300
2017-05-17,BOTZ,Robotics&AI ETF,17.293184280395508,17.50442740194187,17.28358207058418,17.50442740194187,165300
2017-05-18,BOTZ,Robotics&AI ETF,17.254777908325195,17.27398233069379,17.129952825798377,17.27398233069379,161900
2017-05-19,BOTZ,Robotics&AI ETF,17.50442886352539,17.542837705977746,17.416091456180027,17.437215220668175,163500
2017-05-22,BOTZ,Robotics&AI ETF,17.686870574951172,17.696472787395273,17.562045476047384,17.562045476047384,262200
2017-05-23,BOTZ,Robotics&AI ETF,17.696470260620117,17.72527506240479,17.65806141632789,17.72527506240479,254100
2017-05-24,BOTZ,Robotics&AI ETF,17.64846420288086,17.696475271841738,17.629261606731525,17.696475271841738,113800
2017-05-25,BOTZ,Robotics&AI ETF,17.782894134521484,17.811698945710223,17.74448527768971,17.811698945710223,147700
2017-05-26,BOTZ,Robotics&AI ETF,17.76368522644043,17.773287438226877,17.696471575369927,17.773287438226877,97500
2017-05-30,BOTZ,Robotics&AI ETF,17.8501033782959,17.8501033782959,17.76368530327869,17.811694530983967,123900
2017-05-31,BOTZ,Robotics&AI ETF,17.869306564331055,17.936520211037106,17.805933435803276,17.936520211037106,278100
2017-06-01,BOTZ,Robotics&AI ETF,18.13816261291504,18.13816261291504,17.926919444609798,17.984530884795834,269400
2017-06-02,BOTZ,Robotics&AI ETF,18.349403381347656,18.349403381347656,18.210174087522073,18.234178696111325,467600
2017-06-05,BOTZ,Robotics&AI ETF,18.397417068481445,18.397417068481445,18.349407839638314,18.397417068481445,297700
2017-06-06,BOTZ,Robotics&AI ETF,18.301393508911133,18.397413780873308,18.262986498986876,18.330200139930092,414700
2017-06-07,BOTZ,Robotics&AI ETF,18.339807510375977,18.37821453110647,18.282196063562804,18.37821453110647,184800
2017-06-08,BOTZ,Robotics&AI ETF,18.330196380615234,18.339798588985584,18.243778336716073,18.339798588985584,151100
2017-06-09,BOTZ,Robotics&AI ETF,18.186172485351562,18.340763875141864,18.109356626306727,18.339804203441233,373300
2017-06-12,BOTZ,Robotics&AI ETF,17.994131088256836,18.051742522012376,17.869306009880752,18.051742522012376,247200
2017-06-13,BOTZ,Robotics&AI ETF,18.080547332763672,18.09494973189272,18.013333694915755,18.042140324608123,185800
2017-06-14,BOTZ,Robotics&AI ETF,18.051746368408203,18.12856224026137,17.99413492237704,18.118961858785216,230900
2017-06-15,BOTZ,Robotics&AI ETF,17.802095413208008,17.82129800679128,17.70607511955256,17.778088966218068,152100
2017-06-16,BOTZ,Robotics&AI ETF,17.888511657714844,17.89811387022107,17.793452867342292,17.821298001606017,126300
2017-06-19,BOTZ,Robotics&AI ETF,18.099756240844727,18.099756240844727,17.99413373721525,17.99413373721525,248500
2017-06-20,BOTZ,Robotics&AI ETF,18.099756240844727,18.186174319917075,18.070949604009034,18.157367683081382,224500
2017-06-21,BOTZ,Robotics&AI ETF,18.176570892333984,18.176570892333984,18.138162045787784,18.157366469060886,202800
2017-06-22,BOTZ,Robotics&AI ETF,18.16696548461914,18.195772114460897,18.12855664483013,18.195772114460897,150400
2017-06-23,BOTZ,Robotics&AI ETF,18.186172485351562,18.234181710466633,18.163127544494657,18.234181710466633,160200
2017-06-26,BOTZ,Robotics&AI ETF,18.19097328186035,18.31099818008475,18.1861730917626,18.272591164998936,313600
2017-06-27,BOTZ,Robotics&AI ETF,18.090152740478516,18.214977828342374,18.07382916391073,18.214977828342374,131900
2017-06-28,BOTZ,Robotics&AI ETF,18.109355926513672,18.1381607278958,17.984529015742865,18.051742660880464,159600
2017-06-29,BOTZ,Robotics&AI ETF,17.89811134338379,18.10935632582792,17.82129548561352,18.10935632582792,242800
2017-06-30,BOTZ,Robotics&AI ETF,17.91635513305664,17.97492623706896,17.878907793581956,17.97492623706896,131100
2017-07-03,BOTZ,Robotics&AI ETF,17.830900192260742,18.003736354291505,17.830900192260742,18.003736354291505,101000
2017-07-05,BOTZ,Robotics&AI ETF,17.811695098876953,17.84050173527935,17.75408365750686,17.84050173527935,200200
2017-07-06,BOTZ,Robotics&AI ETF,17.725278854370117,17.792494346260913,17.678229292050982,17.773289920006402,115300
2017-07-07,BOTZ,Robotics&AI ETF,17.888511657714844,17.89811387022107,17.754084345497187,17.754084345497187,91100
2017-07-10,BOTZ,Robotics&AI ETF,17.98453140258789,18.00373582701437,17.907715536316683,17.917317748529925,123600
2017-07-11,BOTZ,Robotics&AI ETF,18.118955612182617,18.118955612182617,18.01333313801033,18.06134235457907,143700
2017-07-12,BOTZ,Robotics&AI ETF,18.330196380615234,18.339798588985584,18.224573919975374,18.253380545086422,228500
2017-07-13,BOTZ,Robotics&AI ETF,18.320600509643555,18.38781416005233,18.272591282618603,18.38781416005233,917400
2017-07-14,BOTZ,Robotics&AI ETF,18.49343490600586,18.49343490600586,18.359007617917804,18.407016840396555,202300
2017-07-17,BOTZ,Robotics&AI ETF,18.44062614440918,18.560651048195087,18.420462048482012,18.560651048195087,154200
2017-07-18,BOTZ,Robotics&AI ETF,18.51263999938965,18.522242210520748,18.435824141775356,18.45502673260305,164000
2017-07-19,BOTZ,Robotics&AI ETF,18.551050186157227,18.57985682447871,18.512643166496737,18.560652398931055,191800
2017-07-20,BOTZ,Robotics&AI ETF,18.65666961669922,18.675874039077954,18.527042512794527,18.55104712505069,3040600
2017-07-21,BOTZ,Robotics&AI ETF,18.800697326660156,18.810299536932746,18.72388147591378,18.781492906114977,379600
2017-07-24,BOTZ,Robotics&AI ETF,18.79109764099121,18.818944603953295,18.714281779924544,18.81510225418056,321400
2017-07-25,BOTZ,Robotics&AI ETF,18.819902420043945,18.83910684127571,18.77189136696453,18.82950463065983,567700
2017-07-26,BOTZ,Robotics&AI ETF,18.925525665283203,18.936089380411175,18.867914225134005,18.925525665283203,847900
2017-07-27,BOTZ,Robotics&AI ETF,19.002342224121094,19.107962886171247,18.915924153348982,19.040749238111726,960800
2017-07-28,BOTZ,Robotics&AI ETF,19.117565155029297,19.117565155029297,18.963933435735573,19.00234228127628,550100
2017-07-31,BOTZ,Robotics&AI ETF,19.088760375976562,19.155975862205008,19.011944508864506,19.155975862205008,716000
2017-08-01,BOTZ,Robotics&AI ETF,19.146371841430664,19.18477885564162,19.107962995785147,19.16557443281886,430600
2017-08-02,BOTZ,Robotics&AI ETF,19.251995086669922,19.280801724768363,19.15597662254473,19.280801724768363,441600
2017-08-03,BOTZ,Robotics&AI ETF,19.223188400268555,19.27119762763657,19.203983976747494,19.203983976747494,564700
2017-08-04,BOTZ,Robotics&AI ETF,19.223188400268555,19.24143132060932,19.13677032585842,19.184779553226438,337200
2017-08-07,BOTZ,Robotics&AI ETF,19.300004959106445,19.309607171213344,19.184780245258345,19.213586881579044,305400
2017-08-08,BOTZ,Robotics&AI ETF,19.271198272705078,19.33841192584401,19.22318904373004,19.33841192584401,416400
2017-08-09,BOTZ,Robotics&AI ETF,19.290403366088867,19.290403366088867,19.150214361411482,19.20398528578804,501800
2017-08-10,BOTZ,Robotics&AI ETF,18.96393394470215,19.223188164756305,18.95433173305926,19.213585953113416,562300
2017-08-11,BOTZ,Robotics&AI ETF,18.920724868774414,18.9543316937375,18.848709197319458,18.91592467868023,372500
2017-08-14,BOTZ,Robotics&AI ETF,19.203983306884766,19.203983306884766,19.07627737465009,19.09836081263784,336400
2017-08-15,BOTZ,Robotics&AI ETF,19.213586807250977,19.2519938240953,19.155975366267146,19.242393443460234,376700
2017-08-16,BOTZ,Robotics&AI ETF,19.300004959106445,19.300004959106445,19.232791305792844,19.232791305792844,536200
2017-08-17,BOTZ,Robotics&AI ETF,19.271198272705078,19.434432215228778,19.232791255811986,19.396025198335686,422700
2017-08-18,BOTZ,Robotics&AI ETF,19.251995086669922,19.33841316953044,19.184781429208364,19.271199512068883,268800
2017-08-21,BOTZ,Robotics&AI ETF,19.223188400268555,19.300004262918158,19.175177341465908,19.300004262918158,196800
2017-08-22,BOTZ,Robotics&AI ETF,19.46323585510254,19.46323585510254,19.319206358916123,19.348011159292763,486000
2017-08-23,BOTZ,Robotics&AI ETF,19.50164222717285,19.50164222717285,19.444030796872624,19.463235217450816,362700
2017-08-24,BOTZ,Robotics&AI ETF,19.444032669067383,19.506446126238895,19.40562382421275,19.492041893701145,447000
2017-08-25,BOTZ,Robotics&AI ETF,19.37682342529297,19.45363930102373,19.37682342529297,19.434434874232306,313700
2017-08-28,BOTZ,Robotics&AI ETF,19.472841262817383,19.472841262817383,19.415227989736163,19.463239050637178,244500
2017-08-29,BOTZ,Robotics&AI ETF,19.50164222717285,19.50164222717285,19.433468914984925,19.444030796872624,530400
2017-08-30,BOTZ,Robotics&AI ETF,19.559255599975586,19.56885597888485,19.472837538317343,19.482439748660966,472100
2017-08-31,BOTZ,Robotics&AI ETF,19.68408203125,19.693684242256893,19.559256951029344,19.56885733060175,419700
2017-09-01,BOTZ,Robotics&AI ETF,19.799306869506836,19.837713882366863,19.732091391991418,19.80890724914597,447000
2017-09-05,BOTZ,Robotics&AI ETF,19.712888717651367,19.770500152414254,19.597664016691102,19.684082084552678,1556200
2017-09-06,BOTZ,Robotics&AI ETF,19.77050018310547,19.808907195862187,19.73209133891426,19.808907195862187,540400
2017-09-07,BOTZ,Robotics&AI ETF,19.92413330078125,19.92413330078125,19.837715226696826,19.87612407359418,602400
2017-09-08,BOTZ,Robotics&AI ETF,20.039358139038086,20.068162942961905,19.97214265653503,20.039358139038086,478600
2017-09-11,BOTZ,Robotics&AI ETF,20.298612594604492,20.317817020128665,20.2410011494668,20.26020557499097,758700
2017-09-12,BOTZ,Robotics&AI ETF,20.43303871154785,20.43303871154785,20.356222852278048,20.42343650020981,979500
2017-09-13,BOTZ,Robotics&AI ETF,20.356218338012695,20.433034180247553,20.337013919595446,20.433034180247553,977800
2017-09-14,BOTZ,Robotics&AI ETF,20.43303871154785,20.43303871154785,20.279406993008244,20.356222852278048,693700
2017-09-15,BOTZ,Robotics&AI ETF,20.577068328857422,20.577068328857422,20.460883951910297,20.490650257787152,839900
2017-09-18,BOTZ,Robotics&AI ETF,20.759511947631836,20.77871454384649,20.644287213168784,20.6730938546433,1520900
2017-09-19,BOTZ,Robotics&AI ETF,20.874731063842773,20.874731063842773,20.77391058412401,20.865128851759838,970500
2017-09-20,BOTZ,Robotics&AI ETF,20.989952087402344,21.009154676757735,20.845920762913515,20.989952087402344,1099800
2017-09-21,BOTZ,Robotics&AI ETF,20.6442813873291,20.797913102301443,20.567465529842934,20.797913102301443,1616700
2017-09-22,BOTZ,Robotics&AI ETF,20.59627342224121,20.64716349597102,20.567466787135004,20.64428264931694,615900
2017-09-25,BOTZ,Robotics&AI ETF,20.577068328857422,20.692291202661412,20.509854680566,20.67308861131712,741900
2017-09-26,BOTZ,Robotics&AI ETF,20.375425338745117,20.538659267783387,20.35622274760232,20.49065004277459,735300
2017-09-27,BOTZ,Robotics&AI ETF,20.577068328857422,20.577068328857422,20.44264103227458,20.461843623618876,830500
2017-09-28,BOTZ,Robotics&AI ETF,20.721097946166992,20.721097946166992,20.567466225994647,20.596272860314922,710700
2017-09-29,BOTZ,Robotics&AI ETF,20.88433074951172,20.893932960433055,20.788310471732817,20.817117104496827,993500
2017-10-02,BOTZ,Robotics&AI ETF,21.047565460205078,21.047565460205078,20.970749601393308,21.009156615081924,1050100
2017-10-03,BOTZ,Robotics&AI ETF,21.20119857788086,21.20119857788086,21.09557607825179,21.12438271399644,930200
2017-10-04,BOTZ,Robotics&AI ETF,21.25881004333496,21.268412255261318,21.181994179358764,21.23000523899055,946100
2017-10-05,BOTZ,Robotics&AI ETF,21.20119857788086,21.22040300171063,21.12438271399644,21.22040300171063,792400
2017-10-06,BOTZ,Robotics&AI ETF,21.076370239257812,21.09557282869496,21.009154766207473,21.057165818386284,924400
2017-10-09,BOTZ,Robotics&AI ETF,21.19159507751465,21.220401711507854,21.12438142963171,21.210799500176787,526200
2017-10-10,BOTZ,Robotics&AI ETF,21.297216415405273,21.32602121640135,21.220400560358318,21.297216415405273,692500
2017-10-11,BOTZ,Robotics&AI ETF,21.41244125366211,21.41244125366211,21.32602317984863,21.35482981493133,743300
2017-10-12,BOTZ,Robotics&AI ETF,21.55647087097168,21.5948778832376,21.47965501500537,21.518062027271288,1075400
2017-10-13,BOTZ,Robotics&AI ETF,21.882938385009766,21.90214097513444,21.796520319428186,21.806120698773302,1777300
2017-10-16,BOTZ,Robotics&AI ETF,21.96935272216797,21.98855714206884,21.940547923750948,21.959752343651818,1809500
2017-10-17,BOTZ,Robotics&AI ETF,22.161396026611328,22.161396026611328,21.988559888782138,22.01736652223184,3379900
2017-10-18,BOTZ,Robotics&AI ETF,22.161396026611328,22.161396026611328,22.03657094453164,22.094182379996536,1678200
2017-10-19,BOTZ,Robotics&AI ETF,22.03657341003418,22.03657341003418,21.844532828419243,21.96935792446465,1489000
2017-10-20,BOTZ,Robotics&AI ETF,22.180601119995117,22.21900813432223,22.094183048465904,22.151794485673857,2975800
2017-10-23,BOTZ,Robotics&AI ETF,22.45905876159668,22.516672032382647,22.391845110447687,22.43025395763833,2586600
2017-10-24,BOTZ,Robotics&AI ETF,22.708707809448242,22.71831001999235,22.41104660831846,22.439853239950786,2870000
2017-10-25,BOTZ,Robotics&AI ETF,22.52627182006836,22.72791459964465,22.37264009821718,22.72791459964465,2826100
2017-10-26,BOTZ,Robotics&AI ETF,22.026968002319336,22.535872356332252,21.758111593348836,22.50706755527308,4159400
2017-10-27,BOTZ,Robotics&AI ETF,22.142194747924805,22.15179696043797,21.89254271688685,22.00776743561005,1755100
2017-10-30,BOTZ,Robotics&AI ETF,22.363040924072266,22.372641304700416,22.27662284694141,22.34383649994659,1411300
2017-10-31,BOTZ,Robotics&AI ETF,22.66069984436035,22.679904266513166,22.507068130006814,22.507068130006814,1705300
2017-11-01,BOTZ,Robotics&AI ETF,22.708707809448242,22.833534715087257,22.660698588162095,22.833534715087257,1534000
2017-11-02,BOTZ,Robotics&AI ETF,22.622291564941406,22.679904832838478,22.420650621605283,22.660700410206122,1096600
2017-11-03,BOTZ,Robotics&AI ETF,22.699108123779297,22.699108123779297,22.582923744136835,22.603089670526646,1134400
2017-11-06,BOTZ,Robotics&AI ETF,22.862340927124023,22.89114756053527,22.708709211799718,22.85273871598694,1270500
2017-11-07,BOTZ,Robotics&AI ETF,23.140796661376953,23.140796661376953,23.00636755370651,23.05437860338677,1617200
2017-11-08,BOTZ,Robotics&AI ETF,23.332836151123047,23.390449412678482,23.24641809022424,23.390449412678482,1957100
2017-11-09,BOTZ,Robotics&AI ETF,23.015975952148438,23.20801653963653,22.804732771059353,23.121598458410364,2801700
2017-11-10,BOTZ,Robotics&AI ETF,23.102397918701172,23.131204561099477,23.006377608808574,23.044786465339648,1464000
2017-11-13,BOTZ,Robotics&AI ETF,22.939159393310547,22.939159393310547,22.756722855263753,22.862343526913286,1428800
2017-11-14,BOTZ,Robotics&AI ETF,22.88154411315918,22.93915554543455,22.814330470265514,22.862339691922585,943300
2017-11-15,BOTZ,Robotics&AI ETF,22.603090286254883,22.651099514189024,22.439856347270297,22.603090286254883,1337000
2017-11-16,BOTZ,Robotics&AI ETF,23.092790603637695,23.121597239672948,22.901711529477495,22.929556662307295,1217000
2017-11-17,BOTZ,Robotics&AI ETF,23.111995697021484,23.18881156390552,23.10239348473164,23.131200121601175,849300
2017-11-20,BOTZ,Robotics&AI ETF,23.284826278686523,23.332835497202883,23.190727184791257,23.217612640189902,1274200
2017-11-21,BOTZ,Robotics&AI ETF,23.620899200439453,23.620899200439453,23.52487892019258,23.52487892019258,1619600
2017-11-22,BOTZ,Robotics&AI ETF,23.7457275390625,23.88015668241651,23.654509267607985,23.803340813971975,1854400
2017-11-24,BOTZ,Robotics&AI ETF,23.899356842041016,23.97617270266262,23.860949827447506,23.956970111083155,1502200
2017-11-27,BOTZ,Robotics&AI ETF,23.82254409790039,23.899359968571098,23.8129418851372,23.860952948953155,2017400
2017-11-28,BOTZ,Robotics&AI ETF,23.707319259643555,23.755328488079897,23.625701373580167,23.72652185215729,1329300
2017-11-29,BOTZ,Robotics&AI ETF,23.227216720581055,23.67850963785235,23.150400865908612,23.64010262623335,2253400
2017-11-30,BOTZ,Robotics&AI ETF,22.958362579345703,23.063985076732454,22.833537489971505,23.044780653310386,2490600
2017-12-01,BOTZ,Robotics&AI ETF,22.891151428222656,23.00637431846668,22.61269275250243,23.00637431846668,1456500
2017-12-04,BOTZ,Robotics&AI ETF,22.430253982543945,22.958362811959244,22.401447347118975,22.900751372543947,1877500
2017-12-05,BOTZ,Robotics&AI ETF,22.343835830688477,22.516671979773278,22.28622256003712,22.4494564973467,1447800
2017-12-06,BOTZ,Robotics&AI ETF,22.30542755126953,22.343836399347953,22.18060245788401,22.209407262508147,949600
2017-12-07,BOTZ,Robotics&AI ETF,22.57427978515625,22.593484205615322,22.37263703320467,22.37263703320467,1322300
2017-12-08,BOTZ,Robotics&AI ETF,22.651100158691406,22.737518236579472,22.56468208080334,22.718313812285523,2715600
2017-12-11,BOTZ,Robotics&AI ETF,22.54547119140625,22.59348223837355,22.47825755708621,22.56467561019317,1036200
2017-12-12,BOTZ,Robotics&AI ETF,22.401445388793945,22.45905682317288,22.353436165383915,22.401445388793945,1231600
2017-12-13,BOTZ,Robotics&AI ETF,22.20940589904785,22.27662137905866,22.16139667333184,22.228610321908082,1140700
2017-12-14,BOTZ,Robotics&AI ETF,22.113386154174805,22.28622045550388,22.104743614962846,22.27662007606987,702500
2017-12-15,BOTZ,Robotics&AI ETF,22.382240295410156,22.415847117075902,22.257415219428022,22.276619640789715,857700
2017-12-18,BOTZ,Robotics&AI ETF,22.795127868652344,22.80473008003714,22.708709797623754,22.708709797623754,2133700
2017-12-19,BOTZ,Robotics&AI ETF,22.612688064575195,22.7663197740071,22.593485474472036,22.7663197740071,744900
2017-12-20,BOTZ,Robotics&AI ETF,22.670299530029297,22.756717588655743,22.62228847999555,22.747115378648996,700800
2017-12-21,BOTZ,Robotics&AI ETF,22.73751449584961,22.77592150668416,22.679903063880584,22.679903063880584,720800
2017-12-22,BOTZ,Robotics&AI ETF,22.82393455505371,22.833536766460483,22.6991076382002,22.795127920833384,661100
2017-12-26,BOTZ,Robotics&AI ETF,22.92955780029297,22.94876222526958,22.756723469807792,22.756723469807792,700000
2017-12-27,BOTZ,Robotics&AI ETF,22.967967987060547,23.00637500781442,22.86426665015976,22.910356540212305,786800
2017-12-28,BOTZ,Robotics&AI ETF,22.902667999267578,22.96988727578611,22.854652922048686,22.96988727578611,739700
2017-12-29,BOTZ,Robotics&AI ETF,22.758625030517578,22.969885862518716,22.758625030517578,22.969885862518716,916600
2018-01-02,BOTZ,Robotics&AI ETF,23.046709060668945,23.046709060668945,22.864255434427378,22.91227051058983,1217700
2018-01-03,BOTZ,Robotics&AI ETF,23.517242431640625,23.517242431640625,23.14273404943269,23.14273404943269,2335700
2018-01-04,BOTZ,Robotics&AI ETF,23.853343963623047,23.930166253699614,23.814931902790825,23.910960223283507,3069400
2018-01-05,BOTZ,Robotics&AI ETF,24.122222900390625,24.141427099223407,23.9781795038236,24.03579759508556,1988400
2018-01-08,BOTZ,Robotics&AI ETF,24.295068740844727,24.34308381108878,24.14142417923906,24.16063020733668,2934200
2018-01-09,BOTZ,Robotics&AI ETF,24.371891021728516,24.439112120070412,24.295068740925426,24.35268682521848,3103900
2018-01-10,BOTZ,Robotics&AI ETF,24.525545120239258,24.554352339848645,24.343091459164146,24.371898678773537,1893500
2018-01-11,BOTZ,Robotics&AI ETF,24.74640464782715,24.74640464782715,24.597560656974007,24.611964264235056,2079600
2018-01-12,BOTZ,Robotics&AI ETF,25.140113830566406,25.14971684391593,24.871234951542363,24.928851200051973,2489500
2018-01-16,BOTZ,Robotics&AI ETF,25.553037643432617,25.850723770489232,25.489659212170874,25.687476185021843,4708400
2018-01-17,BOTZ,Robotics&AI ETF,25.917945861816406,25.956357924500832,25.629862718035064,25.725891043158164,3447400
2018-01-18,BOTZ,Robotics&AI ETF,25.85072135925293,25.879530400443915,25.754693053537235,25.812309304331617,4043000
2018-01-19,BOTZ,Robotics&AI ETF,26.17721939086914,26.17721939086914,26.071588059756692,26.071588059756692,2883500
2018-01-22,BOTZ,Robotics&AI ETF,26.215627670288086,26.215627670288086,26.00436685535037,26.07158612230384,3225000
2018-01-23,BOTZ,Robotics&AI ETF,26.292451858520508,26.330863917616057,26.158013314861666,26.158013314861666,2813900
2018-01-24,BOTZ,Robotics&AI ETF,26.06198501586914,26.25404164829775,25.898737427781157,26.25404164829775,3350400
2018-01-25,BOTZ,Robotics&AI ETF,25.917945861816406,26.061987433707078,25.831520552364413,26.023577202610614,2248400
2018-01-26,BOTZ,Robotics&AI ETF,26.19642448425293,26.19642448425293,25.946751603374825,26.023573887369032,1800500
2018-01-29,BOTZ,Robotics&AI ETF,26.02357292175293,26.090792188805192,25.92754461242641,26.07158616062236,2126300
2018-01-30,BOTZ,Robotics&AI ETF,25.466609954833984,25.64906172085329,25.36097863544248,25.5722394426379,2979200
2018-01-31,BOTZ,Robotics&AI ETF,25.418598175048828,25.60105179626289,25.389790961733016,25.54343553804344,3034400
2018-02-01,BOTZ,Robotics&AI ETF,25.610652923583984,25.69707822033705,25.44740534433793,25.476214387118183,1504000
2018-02-02,BOTZ,Robotics&AI ETF,24.91925048828125,25.312964885099717,24.904845052191515,25.312964885099717,2925500
2018-02-05,BOTZ,Robotics&AI ETF,23.440420150756836,24.477521835832803,23.046705740877194,24.295068235872996,7218100
2018-02-06,BOTZ,Robotics&AI ETF,23.99738311767578,24.044436605356523,22.62418321787598,23.142734997487523,5456900
2018-02-07,BOTZ,Robotics&AI ETF,23.882152557373047,24.189441711865104,23.814931452188553,23.882152557373047,3454000
2018-02-08,BOTZ,Robotics&AI ETF,22.8642578125,23.805333255697093,22.85465479626872,23.77652420700324,2961400
2018-02-09,BOTZ,Robotics&AI ETF,22.960285186767578,23.238767151109883,22.26888453120943,23.238767151109883,3222100
2018-02-12,BOTZ,Robotics&AI ETF,23.39240837097168,23.498037866720885,23.065913206100916,23.248364985843963,2156600
2018-02-13,BOTZ,Robotics&AI ETF,23.11392593383789,23.142734976541686,22.83544584738527,22.998693426198077,1534500
2018-02-14,BOTZ,Robotics&AI ETF,23.440420150756836,23.450023164606048,22.720210596354423,22.739416624052847,2549400
2018-02-15,BOTZ,Robotics&AI ETF,23.805328369140625,23.81492955181299,23.508602005379277,23.72850425506016,2043800
2018-02-16,BOTZ,Robotics&AI ETF,23.805328369140625,23.958972934126177,23.723703663723974,23.82453256607305,1960800
2018-02-20,BOTZ,Robotics&AI ETF,23.680490493774414,23.872547111570068,23.585423768392797,23.670887479725867,1104600
2018-02-21,BOTZ,Robotics&AI ETF,23.69969940185547,24.07420783732079,23.690096386639965,23.92056325704846,2584200
2018-02-22,BOTZ,Robotics&AI ETF,23.738107681274414,23.939767321059886,23.709300469582004,23.776519738981257,1177100
2018-02-23,BOTZ,Robotics&AI ETF,24.006982803344727,24.016585816256555,23.795722014046767,23.891748479990202,1024900
2018-02-26,BOTZ,Robotics&AI ETF,24.227848052978516,24.23745106646405,24.006984237573846,24.15102577668178,2441800
2018-02-27,BOTZ,Robotics&AI ETF,24.035795211791992,24.34308434170139,24.026192197533863,24.27586507348217,1406500
2018-02-28,BOTZ,Robotics&AI ETF,23.661287307739258,24.045400589468116,23.661287307739258,24.0261945590641,1622800
2018-03-01,BOTZ,Robotics&AI ETF,23.0082950592041,23.517243834073764,22.864253506041056,23.498037805228634,2691700
2018-03-02,BOTZ,Robotics&AI ETF,23.257966995239258,23.29637905137013,22.691401988422385,22.85464956380331,1835600
2018-03-05,BOTZ,Robotics&AI ETF,23.277175903320312,23.344395178278535,22.931474681720445,22.96028372738306,1376300
2018-03-06,BOTZ,Robotics&AI ETF,23.718904495239258,23.76691773783208,23.584464119121314,23.69969846556701,1655200
2018-03-07,BOTZ,Robotics&AI ETF,23.411611557006836,23.430817585072617,23.200350743046183,23.334789276331357,3047600
2018-03-08,BOTZ,Robotics&AI ETF,23.574861526489258,23.584464541497365,23.454826586269686,23.536451298044668,1388300
2018-03-09,BOTZ,Robotics&AI ETF,23.901355743408203,23.91095875802779,23.680491901921012,23.747711172670353,1501200
2018-03-12,BOTZ,Robotics&AI ETF,24.06460189819336,24.131821164946704,23.997382631440015,24.00698564548873,1875900
2018-03-13,BOTZ,Robotics&AI ETF,23.949373245239258,24.285471464657814,23.90135816727207,24.21825035550375,1992900
2018-03-14,BOTZ,Robotics&AI ETF,24.103010177612305,24.227845677509414,24.006981883759792,24.218242664965427,1048100
2018-03-15,BOTZ,Robotics&AI ETF,24.20864486694336,24.31427619609276,24.131822581631365,24.247056925393235,1403400
2018-03-16,BOTZ,Robotics&AI ETF,23.99738311767578,24.103014442764287,23.95897289229031,24.054999371547837,1300500
2018-03-19,BOTZ,Robotics&AI ETF,23.526845932006836,23.843738069256077,23.334789314212536,23.757312774407406,1386400
2018-03-20,BOTZ,Robotics&AI ETF,23.478832244873047,23.544130174932718,23.354954648125247,23.392406951675223,774000
2018-03-21,BOTZ,Robotics&AI ETF,23.459627151489258,23.637278336099087,23.386645708478287,23.43081810874671,1680900
2018-03-22,BOTZ,Robotics&AI ETF,23.18114471435547,23.60366817385303,23.171541700322837,23.536448907212254,1637500
2018-03-23,BOTZ,Robotics&AI ETF,22.43212890625,22.9977323540189,22.42252589180188,22.94107585088639,1839000
2018-03-26,BOTZ,Robotics&AI ETF,23.075515747070312,23.075515747070312,22.652992277979923,22.87385611098193,961200
2018-03-27,BOTZ,Robotics&AI ETF,22.729814529418945,23.373201830634468,22.614580190155824,23.31558557679675,1876800
2018-03-28,BOTZ,Robotics&AI ETF,22.739418029785156,22.883459583252648,22.56656743298908,22.825843328183197,1607500
2018-03-29,BOTZ,Robotics&AI ETF,23.229158401489258,23.36839751770321,22.86425121632587,22.87385422978675,1148900
2018-04-02,BOTZ,Robotics&AI ETF,22.67219352722168,23.171537341881113,22.499342970321866,23.056304858339438,1459600
2018-04-03,BOTZ,Robotics&AI ETF,22.797033309936523,22.82584235203309,22.566566467926936,22.72981404329885,874300
2018-04-04,BOTZ,Robotics&AI ETF,22.451332092285156,22.486863060984017,22.009604437094595,22.105632745662696,1597500
2018-04-05,BOTZ,Robotics&AI ETF,22.56656837463379,22.62418463210742,22.43404933401542,22.585774404320933,839100
2018-04-06,BOTZ,Robotics&AI ETF,22.038415908813477,22.398520731953646,21.96159361980709,22.307293004541915,1833600
2018-04-09,BOTZ,Robotics&AI ETF,21.990402221679688,22.25447874233586,21.990402221679688,22.086430546896832,867800
2018-04-10,BOTZ,Robotics&AI ETF,22.614580154418945,22.6721982397533,22.41580343793725,22.43212837895655,1453600
2018-04-11,BOTZ,Robotics&AI ETF,22.768224716186523,22.9180284411808,22.672198237149,22.68180125137029,980200
2018-04-12,BOTZ,Robotics&AI ETF,22.845048904418945,22.921871186851973,22.71060853647038,22.73941757922815,1197100
2018-04-13,BOTZ,Robotics&AI ETF,22.825841903686523,22.979486462008353,22.74901962452561,22.950677420477657,706700
2018-04-16,BOTZ,Robotics&AI ETF,22.873857498168945,22.93147375557933,22.818160744772484,22.893063527835007,464500
2018-04-17,BOTZ,Robotics&AI ETF,23.152339935302734,23.181147148838313,22.921873069078895,22.989092342779035,705900
2018-04-18,BOTZ,Robotics&AI ETF,23.498035430908203,23.56045410255403,23.328065939137293,23.3539938922996,2243600
2018-04-19,BOTZ,Robotics&AI ETF,23.334789276123047,23.50763986553824,23.257966995448253,23.50763986553824,712800
2018-04-20,BOTZ,Robotics&AI ETF,23.104326248168945,23.181148541525587,23.046709986048448,23.171545525907515,523000
2018-04-23,BOTZ,Robotics&AI ETF,22.912269592285156,23.133133439016774,22.8546515031995,23.08512019636653,567100
2018-04-24,BOTZ,Robotics&AI ETF,22.729814529418945,23.133131969458343,22.605938759453394,23.05630968714549,1175200
2018-04-25,BOTZ,Robotics&AI ETF,22.393718719482422,22.49935005564968,22.24199547433596,22.470541009898277,1293700
2018-04-26,BOTZ,Robotics&AI ETF,22.528152465820312,22.595373558239086,22.43212599696847,22.576167531833722,742800
2018-04-27,BOTZ,Robotics&AI ETF,22.278486251831055,22.46574047068403,22.259280221285138,22.422527817749657,712200
2018-04-30,BOTZ,Robotics&AI ETF,22.182456970214844,22.41292383202324,22.182456970214844,22.28808647046798,841900
2018-05-01,BOTZ,Robotics&AI ETF,22.12484359741211,22.144047798042564,21.961595986730945,22.11524058130286,755700
2018-05-02,BOTZ,Robotics&AI ETF,22.0576171875,22.18245453535246,22.02208805117496,22.11523527031849,543700
2018-05-03,BOTZ,Robotics&AI ETF,22.105632781982422,22.144043006520185,21.79834365932974,21.990398445193843,1185500
2018-05-04,BOTZ,Robotics&AI ETF,22.307292938232422,22.345704998415357,21.971194737983097,22.0288128282575,682900
2018-05-07,BOTZ,Robotics&AI ETF,22.4609375,22.537759788724028,22.345704982707872,22.36491101278584,714200
2018-05-08,BOTZ,Robotics&AI ETF,22.624181747436523,22.643387774674824,22.47053719270525,22.528153442832586,600100
2018-05-09,BOTZ,Robotics&AI ETF,22.64338493347168,22.701001176369555,22.537753628502795,22.60497471540221,894600
2018-05-10,BOTZ,Robotics&AI ETF,22.85464859008789,22.864251603711473,22.787429326310363,22.80663535355753,865300
2018-05-11,BOTZ,Robotics&AI ETF,22.960285186767578,23.046710497660847,22.907469515489694,22.921874955030564,734700
2018-05-14,BOTZ,Robotics&AI ETF,23.017898559570312,23.094720844984955,22.969885318031572,22.969885318031572,628600
2018-05-15,BOTZ,Robotics&AI ETF,22.556964874267578,22.7586245184664,22.513752224195528,22.739418489192655,789800
2018-05-16,BOTZ,Robotics&AI ETF,22.556964874267578,22.633787159774805,22.499348618034098,22.53775884499383,767600
2018-05-17,BOTZ,Robotics&AI ETF,22.556964874267578,22.65299318904855,22.518554647307845,22.547361859630705,640200
2018-05-18,BOTZ,Robotics&AI ETF,22.65299415588379,22.749022474763276,22.643391140837057,22.749022474763276,754100
2018-05-21,BOTZ,Robotics&AI ETF,22.85464859008789,22.931470867489,22.782628735292356,22.835444394428286,587100
2018-05-22,BOTZ,Robotics&AI ETF,22.8642578125,23.046711457718263,22.835450595394217,23.03710844148698,945900
2018-05-23,BOTZ,Robotics&AI ETF,22.777830123901367,22.797036154362115,22.57617229882715,22.633788558621514,1304800
2018-05-24,BOTZ,Robotics&AI ETF,22.56656837463379,22.585774404320933,22.364910557682187,22.537759330103075,934200
2018-05-25,BOTZ,Robotics&AI ETF,22.518550872802734,22.56656410635148,22.470535807666536,22.508947859775496,915500
2018-05-29,BOTZ,Robotics&AI ETF,22.307292938232422,22.42252728719339,22.23047064945439,22.345704998415357,1187900
2018-05-30,BOTZ,Robotics&AI ETF,22.422523498535156,22.47053673406335,22.249672920093605,22.249672920093605,631300
2018-05-31,BOTZ,Robotics&AI ETF,22.316896438598633,22.422527774811005,22.27848620916824,22.412924759556436,1084600
2018-06-01,BOTZ,Robotics&AI ETF,22.528152465820312,22.585770545036404,22.326494683326455,22.326494683326455,852900
2018-06-04,BOTZ,Robotics&AI ETF,22.68180274963379,22.710609962612853,22.614581645644424,22.62418466050005,666100
2018-06-05,BOTZ,Robotics&AI ETF,22.691402435302734,22.71060846374641,22.60689847437331,22.67219823844674,756300
2018-06-06,BOTZ,Robotics&AI ETF,22.614580154418945,22.624183168641338,22.480141618480825,22.528154858005102,762600
2018-06-07,BOTZ,Robotics&AI ETF,22.528152465820312,22.69140002709093,22.427323574573382,22.672195832273054,1099500
2018-06-08,BOTZ,Robotics&AI ETF,22.56656837463379,22.576171389477363,22.46477788256217,22.489746087473016,616200
2018-06-11,BOTZ,Robotics&AI ETF,22.739418029785156,22.76342465009845,22.57617044743194,22.57617044743194,879000
2018-06-12,BOTZ,Robotics&AI ETF,22.662595748901367,22.739418032866958,22.62418369112471,22.7010059750903,470000
2018-06-13,BOTZ,Robotics&AI ETF,22.537757873535156,22.701005452149925,22.480141619785144,22.701005452149925,1054400
2018-06-14,BOTZ,Robotics&AI ETF,22.4609375,22.537759788724028,22.345704982707872,22.48974654511695,1113600
2018-06-15,BOTZ,Robotics&AI ETF,22.192062377929688,22.278487689375115,22.124843098269466,22.2304726099121,642100
2018-06-18,BOTZ,Robotics&AI ETF,21.91357421875,21.942383258286004,21.825229428046228,21.92317723192867,1326600
2018-06-19,BOTZ,Robotics&AI ETF,21.60628890991211,21.663905167493958,21.471850365025198,21.663905167493958,1419100
2018-06-20,BOTZ,Robotics&AI ETF,21.827150344848633,21.875165413850535,21.779137107434334,21.817547331048253,775200
2018-06-21,BOTZ,Robotics&AI ETF,21.769535064697266,21.93278264341043,21.721521825141263,21.93278264341043,775700
2018-06-22,BOTZ,Robotics&AI ETF,21.788740158081055,21.961590743604997,21.779137144264435,21.913575674521898,978500
2018-06-25,BOTZ,Robotics&AI ETF,21.270187377929688,21.558272283802026,21.159755471734258,21.51986023038404,1175400
2018-06-26,BOTZ,Robotics&AI ETF,21.395029067993164,21.481454374160048,21.294198323073203,21.35661700676882,748100
2018-06-27,BOTZ,Robotics&AI ETF,21.087732315063477,21.452639470707133,21.087732315063477,21.318200956305464,1181100
2018-06-28,BOTZ,Robotics&AI ETF,21.183759689331055,21.222171738397183,20.967696492302373,21.030115156241173,972000
2018-06-29,BOTZ,Robotics&AI ETF,21.1357479095459,21.28939245317614,21.126144896620577,21.22217319428634,450500
2018-07-02,BOTZ,Robotics&AI ETF,21.0493221282959,21.06852815369351,20.79964929288915,20.857265537494587,908800
2018-07-03,BOTZ,Robotics&AI ETF,21.03972053527832,21.164557877198945,21.02051450858476,21.087733770424705,497800
2018-07-05,BOTZ,Robotics&AI ETF,20.80925750732422,20.80925750732422,20.617200868514086,20.71322918791915,1357700
2018-07-06,BOTZ,Robotics&AI ETF,21.020517349243164,21.068532422465697,20.866872778106586,20.8860788073956,749000
2018-07-09,BOTZ,Robotics&AI ETF,21.231779098510742,21.231779098510742,21.12614777353501,21.135750787768046,705400
2018-07-10,BOTZ,Robotics&AI ETF,21.5102596282959,21.5102596282959,21.385424103868615,21.395027118299595,748700
2018-07-11,BOTZ,Robotics&AI ETF,21.087732315063477,21.279788905569337,21.078131133966835,21.174157597632373,731200
2018-07-12,BOTZ,Robotics&AI ETF,21.298999786376953,21.298999786376953,21.135752196708353,21.19336845435968,609700
2018-07-13,BOTZ,Robotics&AI ETF,21.270187377929688,21.31820244470217,21.222174142744723,21.26058436457519,624100
2018-07-16,BOTZ,Robotics&AI ETF,21.241382598876953,21.356615109135266,21.23177958442414,21.27018981064767,642200
2018-07-17,BOTZ,Robotics&AI ETF,21.03972053527832,21.0493235486251,20.84766393151775,20.84766393151775,892700
2018-07-18,BOTZ,Robotics&AI ETF,21.097341537475586,21.097341537475586,20.982109014524788,21.03012226048963,882100
2018-07-19,BOTZ,Robotics&AI ETF,21.202970504760742,21.212573519197115,21.097339177548385,21.14535424973024,614900
2018-07-20,BOTZ,Robotics&AI ETF,21.087732315063477,21.174157597632373,21.078131133966835,21.10693834043154,415000
2018-07-23,BOTZ,Robotics&AI ETF,20.96289825439453,21.039720529560377,20.900479583451183,20.982104281082872,886500
2018-07-24,BOTZ,Robotics&AI ETF,21.164562225341797,21.356617036971453,21.106944133423795,21.318206807280678,769200
2018-07-25,BOTZ,Robotics&AI ETF,21.51986312866211,21.529466143309932,21.145354715335845,21.260587227934188,702900
2018-07-26,BOTZ,Robotics&AI ETF,21.740726470947266,21.75513190838168,21.500656605034553,21.515062042468966,640900
2018-07-27,BOTZ,Robotics&AI ETF,21.759929656982422,21.951986257256507,21.69655123531422,21.884766996636824,659100
2018-07-30,BOTZ,Robotics&AI ETF,21.41423225402832,21.731124417787182,21.404631070764303,21.67350816026406,440400
2018-07-31,BOTZ,Robotics&AI ETF,21.4238338470459,21.52946517181769,21.347011564917597,21.37582060756109,523900
2018-08-01,BOTZ,Robotics&AI ETF,21.41423225402832,21.51026057095872,21.33740996680156,21.47185034313924,605100
2018-08-02,BOTZ,Robotics&AI ETF,21.3374080657959,21.34701107979216,21.145353280633564,21.16455930862609,565500
2018-08-03,BOTZ,Robotics&AI ETF,21.3374080657959,21.36621710778469,21.289394827402226,21.327805051799636,449700
2018-08-06,BOTZ,Robotics&AI ETF,21.260589599609375,21.279795631047506,21.21257635260202,21.279795631047506,447000
2018-08-07,BOTZ,Robotics&AI ETF,21.250980377197266,21.414227933566334,21.222173170041653,21.414227933566334,831400
2018-08-08,BOTZ,Robotics&AI ETF,21.46224594116211,21.49105315226793,21.31820439086995,21.40462968736278,1642800
2018-08-09,BOTZ,Robotics&AI ETF,21.58708381652832,21.65430309188741,21.510261525891092,21.510261525891092,552500
2018-08-10,BOTZ,Robotics&AI ETF,21.3374080657959,21.404629163769737,21.274991222201653,21.327805051799636,444800
2018-08-13,BOTZ,Robotics&AI ETF,21.0493221282959,21.250979900208623,21.03011610289829,21.174157630205578,651000
2018-08-14,BOTZ,Robotics&AI ETF,21.087732315063477,21.126144365799604,21.007069206422475,21.030116070546672,415400
2018-08-15,BOTZ,Robotics&AI ETF,20.69402503967285,20.818862415728734,20.53557985509487,20.761246151481107,713400
2018-08-16,BOTZ,Robotics&AI ETF,20.83806800842285,20.905287287226155,20.790052929571935,20.82846499265267,530000
2018-08-17,BOTZ,Robotics&AI ETF,20.953296661376953,21.030118941750224,20.802533187987706,20.92448945097925,585900
2018-08-20,BOTZ,Robotics&AI ETF,21.010913848876953,21.03011987772197,20.92449038224982,20.972503622774642,403100
2018-08-21,BOTZ,Robotics&AI ETF,21.202970504760742,21.250983745354876,21.058928951390623,21.097339177548385,586100
2018-08-22,BOTZ,Robotics&AI ETF,21.404634475708008,21.447845302033258,21.26059106160479,21.26059106160479,1103100
2018-08-23,BOTZ,Robotics&AI ETF,21.327804565429688,21.404628675647853,21.289394341908203,21.289394341908203,373700
2018-08-24,BOTZ,Robotics&AI ETF,21.385425567626953,21.390226159377164,21.29900026342035,21.29900026342035,446800
2018-08-27,BOTZ,Robotics&AI ETF,21.769535064697266,21.779138078926003,21.596684471755363,21.596684471755363,707600
2018-08-28,BOTZ,Robotics&AI ETF,22.01920509338379,22.04801230075831,21.961588847047295,22.009602080396466,668800
2018-08-29,BOTZ,Robotics&AI ETF,22.163249969482422,22.163249969482422,22.00960540167498,22.01920841611141,609600
2018-08-30,BOTZ,Robotics&AI ETF,22.06722068786621,22.148845391198357,22.033611054608162,22.04801465983657,386500
2018-08-31,BOTZ,Robotics&AI ETF,22.134441375732422,22.153647404995365,22.05761909026841,22.05761909026841,509700
2018-09-04,BOTZ,Robotics&AI ETF,21.836753845214844,21.884768915286614,21.759931564687655,21.836753845214844,519900
2018-09-05,BOTZ,Robotics&AI ETF,21.5390682220459,21.668706166776854,21.39982726308439,21.64469954699431,553900
2018-09-06,BOTZ,Robotics&AI ETF,21.471847534179688,21.637976189366306,21.375819229811764,21.539066797760963,925500
2018-09-07,BOTZ,Robotics&AI ETF,21.183759689331055,21.308597017208655,21.07236804389645,21.135746459585707,907800
2018-09-10,BOTZ,Robotics&AI ETF,21.327804565429688,21.351813015666664,21.231778090832176,21.318203383240014,746800
2018-09-11,BOTZ,Robotics&AI ETF,21.202970504760742,21.270189774227617,21.068531965826995,21.17416146145163,471600
2018-09-12,BOTZ,Robotics&AI ETF,21.097341537475586,21.14535661502836,20.962902983503678,21.10694455298614,420800
2018-09-13,BOTZ,Robotics&AI ETF,21.2797908782959,21.318202932592985,21.17896198314738,21.231777642012098,483900
2018-09-14,BOTZ,Robotics&AI ETF,21.759929656982422,21.759929656982422,21.606285109398144,21.644697162087954,783100
2018-09-17,BOTZ,Robotics&AI ETF,21.740726470947266,21.82715176920286,21.702316244826847,21.78874154308244,827700
2018-09-18,BOTZ,Robotics&AI ETF,22.028812408447266,22.038415423309992,21.798345546505256,21.798345546505256,496500
2018-09-19,BOTZ,Robotics&AI ETF,22.105632781982422,22.181495310718752,22.076823739888365,22.076823739888365,574600
2018-09-20,BOTZ,Robotics&AI ETF,22.153648376464844,22.220867650245047,22.076826087632064,22.201663451727732,2099400
2018-09-21,BOTZ,Robotics&AI ETF,22.153648376464844,22.316895969182983,22.144045361412267,22.230470665297624,373400
2018-09-24,BOTZ,Robotics&AI ETF,22.153648376464844,22.201663451727732,22.057620057526908,22.201663451727732,555900
2018-09-25,BOTZ,Robotics&AI ETF,22.0576171875,22.11523527031849,21.985597331358292,22.11523527031849,434900
2018-09-26,BOTZ,Robotics&AI ETF,22.000001907348633,22.1536464718046,21.980795878894718,22.02881095002951,369600
2018-09-27,BOTZ,Robotics&AI ETF,21.865564346313477,21.93278361731175,21.788742060660052,21.82715228769288,1481500
2018-09-28,BOTZ,Robotics&AI ETF,21.97119140625,22.019206474197617,21.827149865582275,21.827149865582275,344600
2018-10-01,BOTZ,Robotics&AI ETF,22.182456970214844,22.29768948532514,22.15364792564337,22.201662999929162,490500
2018-10-02,BOTZ,Robotics&AI ETF,22.048011779785156,22.13443706304147,22.001919882757537,22.08642383082681,1545700
2018-10-03,BOTZ,Robotics&AI ETF,21.875165939331055,22.009604472590624,21.86556292529999,22.009604472590624,648600
2018-10-04,BOTZ,Robotics&AI ETF,21.51986312866211,21.87516734428049,21.433437828419468,21.87516734428049,557800
2018-10-05,BOTZ,Robotics&AI ETF,21.22217559814453,21.534265311424694,21.08773523354929,21.414230383642867,681400
2018-10-08,BOTZ,Robotics&AI ETF,20.991708755493164,21.07813405001856,20.780446110392134,21.03011897995576,626800
2018-10-09,BOTZ,Robotics&AI ETF,20.674819946289062,20.783330542075298,20.598957405493877,20.655613915173433,643600
2018-10-10,BOTZ,Robotics&AI ETF,19.63771629333496,20.386733122944992,19.63771629333496,20.386733122944992,2997300
2018-10-11,BOTZ,Robotics&AI ETF,19.272808074951172,19.781756837713008,19.176779764597736,19.551289991817367,1992900
2018-10-12,BOTZ,Robotics&AI ETF,19.762550354003906,19.839372634199165,19.474467261168588,19.704934101754368,1018100
2018-10-15,BOTZ,Robotics&AI ETF,19.63771629333496,19.781757850445523,19.517681357144863,19.7529488063883,1049900
2018-10-16,BOTZ,Robotics&AI ETF,20.26189422607422,20.30030444684259,19.925796094310524,19.94500212048844,1177600
2018-10-17,BOTZ,Robotics&AI ETF,20.27149772644043,20.405936249742492,20.146660384870646,20.405936249742492,744900
2018-10-18,BOTZ,Robotics&AI ETF,19.599302291870117,19.983413683286987,19.512876999852875,19.973810669553117,694800
2018-10-19,BOTZ,Robotics&AI ETF,19.397647857666016,19.75295026941547,19.378441826872017,19.67612797782738,669600
2018-10-22,BOTZ,Robotics&AI ETF,19.48406982421875,19.5608921026361,19.35923247704831,19.47446681046813,467700
2018-10-23,BOTZ,Robotics&AI ETF,19.128767013549805,19.253602538084802,18.763861622796355,18.965519431257746,1130700
2018-10-24,BOTZ,Robotics&AI ETF,18.13007354736328,18.965517398141973,18.13007354736328,18.859886082221525,1380300
2018-10-25,BOTZ,Robotics&AI ETF,18.38935089111328,18.48537920133385,18.158884045536524,18.235706327395445,1640600
2018-10-26,BOTZ,Robotics&AI ETF,18.024444580078125,18.24050780902813,17.707552454813975,17.9668264979664,1861600
2018-10-29,BOTZ,Robotics&AI ETF,17.6883487701416,18.274119861412334,17.477087935848008,18.187694558385907,1271900
2018-10-30,BOTZ,Robotics&AI ETF,18.398954391479492,18.398954391479492,17.832389360953318,17.832389360953318,1102900
2018-10-31,BOTZ,Robotics&AI ETF,18.936710357666016,19.06154771358916,18.821477847754505,18.94631337208993,1515800
2018-11-01,BOTZ,Robotics&AI ETF,19.147974014282227,19.15757702920889,18.77346375849355,19.042342681676725,550300
2018-11-02,BOTZ,Robotics&AI ETF,19.618507385253906,19.83649010871256,19.460060413570467,19.68572664660294,756900
2018-11-05,BOTZ,Robotics&AI ETF,19.532085418701172,19.60410711472927,19.37171891604525,19.58970167657096,638900
2018-11-06,BOTZ,Robotics&AI ETF,19.589698791503906,19.618507831989866,19.47446629273516,19.484069306230477,812600
2018-11-07,BOTZ,Robotics&AI ETF,19.88738250732422,19.89698551967215,19.641552351248983,19.704930767475478,958600
2018-11-08,BOTZ,Robotics&AI ETF,19.532085418701172,19.66652396425995,19.474469160831383,19.632914327870257,825000
2018-11-09,BOTZ,Robotics&AI ETF,19.157575607299805,19.282411128905306,19.02313523989271,19.24400090363734,864800
2018-11-12,BOTZ,Robotics&AI ETF,18.72545051574707,19.147974014588,18.71584750082025,19.138370999661184,493500
2018-11-13,BOTZ,Robotics&AI ETF,18.802268981933594,19.045219898596642,18.720646119027553,18.821475007883524,849800
2018-11-14,BOTZ,Robotics&AI ETF,18.773462295532227,19.02313516940579,18.629420746032622,18.965518915923486,1314400
2018-11-15,BOTZ,Robotics&AI ETF,18.955917358398438,19.002011097361393,18.55259988985431,18.639025192512896,694600
2018-11-16,BOTZ,Robotics&AI ETF,18.63902473449707,18.71584702035164,18.418160891613656,18.504586192148516,622700
2018-11-19,BOTZ,Robotics&AI ETF,18.30292510986328,18.80227084450245,18.29524343135733,18.720647973510772,825300
2018-11-20,BOTZ,Robotics&AI ETF,17.90921401977539,18.154086341360294,17.784378478746905,17.861200772823196,1276900
2018-11-21,BOTZ,Robotics&AI ETF,18.254911422729492,18.37014392383438,18.187692158487042,18.22610238165948,601600
2018-11-23,BOTZ,Robotics&AI ETF,18.053255081176758,18.19729848113176,18.0052418355837,18.0052418355837,343600
2018-11-26,BOTZ,Robotics&AI ETF,18.581411361694336,18.581411361694336,18.370148669117107,18.38935470145832,1554500
2018-11-27,BOTZ,Robotics&AI ETF,18.466171264648438,18.54299353856842,18.39030874257105,18.494980304213737,410400
2018-11-28,BOTZ,Robotics&AI ETF,19.061546325683594,19.071149339408294,18.605413247492077,18.715845157944745,522000
2018-11-29,BOTZ,Robotics&AI ETF,18.965518951416016,19.09995748698888,18.864690049736364,18.975121965612317,742900
2018-11-30,BOTZ,Robotics&AI ETF,18.927106857299805,18.955915899831886,18.81187435034682,18.917505674710117,371300
2018-12-03,BOTZ,Robotics&AI ETF,19.301620483398438,19.35443615488234,19.19598914043063,19.330427699416568,664800
2018-12-04,BOTZ,Robotics&AI ETF,18.312528610229492,19.099957457222263,18.312528610229492,19.071150246265933,1049900
2018-12-06,BOTZ,Robotics&AI ETF,17.938018798828125,17.952422403169077,17.4780448959084,17.77477123380972,1451100
2018-12-07,BOTZ,Robotics&AI ETF,17.496292114257812,17.938021643844266,17.424272249542987,17.870802370808633,1223800
2018-12-10,BOTZ,Robotics&AI ETF,17.409868240356445,17.491492958305173,17.105460151085477,17.37145800900667,910700
2018-12-11,BOTZ,Robotics&AI ETF,17.16019630432129,17.448279435677563,17.040161360991526,17.409867374649856,2049500
2018-12-12,BOTZ,Robotics&AI ETF,17.4866886138916,17.697951273668007,17.352250071552266,17.467484416120104,1110000
2018-12-13,BOTZ,Robotics&AI ETF,17.381057739257812,17.645134211479437,17.36185171141939,17.553908326628367,634500
2018-12-14,BOTZ,Robotics&AI ETF,16.958534240722656,17.150590855433013,16.92972519903982,17.092972772067334,2313600
2018-12-17,BOTZ,Robotics&AI ETF,16.593629837036133,16.867309338404624,16.48799850963506,16.824096689157614,1120400
2018-12-18,BOTZ,Robotics&AI ETF,16.708860397338867,16.9009170008205,16.64644172646921,16.76647664574835,3834200
2018-12-19,BOTZ,Robotics&AI ETF,16.497604370117188,16.948935137766426,16.382370008383315,16.833702607620598,1230500
2018-12-20,BOTZ,Robotics&AI ETF,16.190311431884766,16.459188494355374,16.046268055175375,16.36316201866594,2345000
2018-12-21,BOTZ,Robotics&AI ETF,15.73897933959961,16.15189978933785,15.729376325467596,16.065474493737398,1558200
2018-12-24,BOTZ,Robotics&AI ETF,15.422086715698242,15.662156566702956,15.374073478132344,15.51811502241765,1601000
2018-12-26,BOTZ,Robotics&AI ETF,16.113487243652344,16.132691437562823,15.548841816174086,15.642950608478731,1555600
2018-12-27,BOTZ,Robotics&AI ETF,16.180709838867188,16.180709838867188,15.690967077177525,15.940639965387223,1257600
2018-12-28,BOTZ,Robotics&AI ETF,16.298587799072266,16.454461775894615,16.17778667484179,16.318072510716153,1315700
2018-12-31,BOTZ,Robotics&AI ETF,16.308330535888672,16.407699594530953,16.23039354565674,16.357042316136393,1326300
2019-01-02,BOTZ,Robotics&AI ETF,16.386266708374023,16.444718983589844,16.074518763003876,16.142713393783055,350300
2019-01-03,BOTZ,Robotics&AI ETF,15.947874069213867,16.269364414742817,15.86993707206032,16.230394987083752,1243800
2019-01-04,BOTZ,Robotics&AI ETF,16.454463958740234,16.493433387197683,15.98684196623856,15.98684196623856,1102600
2019-01-07,BOTZ,Robotics&AI ETF,16.72723960876465,16.853886498771573,16.571365655757315,16.571365655757315,1206700
2019-01-08,BOTZ,Robotics&AI ETF,16.951311111450195,17.03899045742964,16.751597458533553,17.000022891530115,870300
2019-01-09,BOTZ,Robotics&AI ETF,17.19486427307129,17.2338336967629,17.029247938710736,17.03899029463364,616100
2019-01-10,BOTZ,Robotics&AI ETF,17.19486427307129,17.19486427307129,16.95131094949191,17.000022729106423,691100
2019-01-11,BOTZ,Robotics&AI ETF,17.02924919128418,17.048733904563168,16.95326141092647,17.038991547923672,298100
2019-01-14,BOTZ,Robotics&AI ETF,16.922086715698242,17.004893958571394,16.853890220305377,16.970796639957214,500100
2019-01-15,BOTZ,Robotics&AI ETF,17.30202865600586,17.38970800279935,17.21434930921237,17.292286299899423,892400
2019-01-16,BOTZ,Robotics&AI ETF,17.44816017150879,17.55532422984099,17.394578142342688,17.418933103373348,773100
2019-01-17,BOTZ,Robotics&AI ETF,17.535839080810547,17.58454900165816,17.155896495338915,17.253316337034143,431300
2019-01-18,BOTZ,Robotics&AI ETF,17.92552375793457,17.935266113593404,17.71412040044734,17.769649783721913,606000
2019-01-22,BOTZ,Robotics&AI ETF,17.331256866455078,17.60403542275366,17.277674833420843,17.60403542275366,908200
2019-01-23,BOTZ,Robotics&AI ETF,17.331256866455078,17.535840783679014,17.214350443638146,17.448161431107454,727900
2019-01-24,BOTZ,Robotics&AI ETF,17.62352180480957,17.662489377328214,17.42867836772216,17.467647798405533,376800
2019-01-25,BOTZ,Robotics&AI ETF,18.03268814086914,18.04243049670564,17.8962988754869,17.915781728995523,663300
2019-01-28,BOTZ,Robotics&AI ETF,17.7209415435791,17.78913618149161,17.652746905666596,17.769651468326742,640700
2019-01-29,BOTZ,Robotics&AI ETF,17.4676456451416,17.623519632330808,17.45303303951902,17.584550206451258,1883600
2019-01-30,BOTZ,Robotics&AI ETF,17.808622360229492,17.857332288985752,17.516357213197917,17.604036571490923,463700
2019-01-31,BOTZ,Robotics&AI ETF,17.983976364135742,18.057043103837252,17.818361889385827,17.886556522086234,718700
2019-02-01,BOTZ,Robotics&AI ETF,18.03268814086914,18.12036748523326,17.98884846868708,18.08139806188726,548400
2019-02-04,BOTZ,Robotics&AI ETF,18.19830322265625,18.19830322265625,18.02294454598364,18.10088152915322,309600
2019-02-05,BOTZ,Robotics&AI ETF,18.39314842224121,18.420428137050845,18.3083919593564,18.354180851961743,522800
2019-02-06,BOTZ,Robotics&AI ETF,18.43211555480957,18.4710831202353,18.368791170557824,18.393146131219453,562800
2019-02-07,BOTZ,Robotics&AI ETF,18.208045959472656,18.412629847769377,18.125236867901872,18.412629847769377,558500
2019-02-08,BOTZ,Robotics&AI ETF,18.03268814086914,18.04243049670564,17.75016539610378,17.92552408483202,383900
2019-02-11,BOTZ,Robotics&AI ETF,18.10088348388672,18.12036819632435,18.022946492300644,18.042431204738275,411900
2019-02-12,BOTZ,Robotics&AI ETF,18.73412322998047,18.73412322998047,18.480827523082652,18.510054594012452,1048100
2019-02-13,BOTZ,Robotics&AI ETF,18.870508193969727,18.92506388865324,18.81692617721585,18.841281132604706,740900
2019-02-14,BOTZ,Robotics&AI ETF,18.81205940246582,18.877333005529454,18.665927770555857,18.763349477884006,611700
2019-02-15,BOTZ,Robotics&AI ETF,19.12380599975586,19.12380599975586,18.93578392059639,18.958189666695244,747900
2019-02-19,BOTZ,Robotics&AI ETF,19.162776947021484,19.260198655068702,19.036130027275274,19.123807520536786,2148300
2019-02-20,BOTZ,Robotics&AI ETF,19.299163818359375,19.318648529173572,19.18225926980279,19.201742122452686,796700
2019-02-21,BOTZ,Robotics&AI ETF,19.192005157470703,19.260199799707223,19.133551014269713,19.250457442507056,514500
2019-02-22,BOTZ,Robotics&AI ETF,19.416072845458984,19.425815202180903,19.347878206570094,19.347878206570094,1637400
2019-02-25,BOTZ,Robotics&AI ETF,19.601173400878906,19.688850892783858,19.581688687938026,19.630398612125724,2701400
2019-02-26,BOTZ,Robotics&AI ETF,19.52323341369629,19.599221181083873,19.494006348766487,19.552458620461877,843200
2019-02-27,BOTZ,Robotics&AI ETF,19.328393936157227,19.41315039759965,19.221229867924325,19.328393936157227,689400
2019-02-28,BOTZ,Robotics&AI ETF,19.016645431518555,19.15303470872856,19.016645431518555,19.15303470872856,1218800
2019-03-01,BOTZ,Robotics&AI ETF,19.26020050048828,19.26020050048828,19.123809352888024,19.153036425551946,566600
2019-03-04,BOTZ,Robotics&AI ETF,19.25045394897461,19.43165655715242,19.1335475419532,19.40632791956029,1208800
2019-03-05,BOTZ,Robotics&AI ETF,19.192005157470703,19.30890972754341,19.192005157470703,19.240715085306892,880400
2019-03-06,BOTZ,Robotics&AI ETF,19.016645431518555,19.250456417377652,19.016645431518555,19.230971704014927,416900
2019-03-07,BOTZ,Robotics&AI ETF,18.558759689331055,18.80231297584807,18.53927683861442,18.753603061810313,1020800
2019-03-08,BOTZ,Robotics&AI ETF,18.514921188354492,18.51979329496328,18.237270572908983,18.36391933043823,2345900
2019-03-11,BOTZ,Robotics&AI ETF,18.889997482299805,18.90948219651812,18.60747655879272,18.60747655879272,500200
2019-03-12,BOTZ,Robotics&AI ETF,19.075096130371094,19.13354840744369,18.977674429807177,18.977674429807177,799300
2019-03-13,BOTZ,Robotics&AI ETF,19.201745986938477,19.26020013114537,19.0263891288118,19.0263891288118,488400
2019-03-14,BOTZ,Robotics&AI ETF,19.075096130371094,19.15303311918935,19.026386209171328,19.15303311918935,1298100
2019-03-15,BOTZ,Robotics&AI ETF,19.240711212158203,19.307932162592543,19.211484146441105,19.22122650168014,416400
2019-03-18,BOTZ,Robotics&AI ETF,19.396587371826172,19.396587371826172,19.27968281207394,19.27968281207394,698900
2019-03-19,BOTZ,Robotics&AI ETF,19.484264373779297,19.562201356947842,19.41606974577735,19.532974291448046,455000
2019-03-20,BOTZ,Robotics&AI ETF,19.45503807067871,19.606041794432127,19.34787587597517,19.45503807067871,318300
2019-03-21,BOTZ,Robotics&AI ETF,19.630393981933594,19.640136336106117,19.347873143586636,19.35761549775916,430600
2019-03-22,BOTZ,Robotics&AI ETF,19.26020050048828,19.659627869405,19.26020050048828,19.659627869405,655200
2019-03-25,BOTZ,Robotics&AI ETF,19.269939422607422,19.328391699349712,19.12380594350513,19.201742931882976,864200
2019-03-26,BOTZ,Robotics&AI ETF,19.484264373779297,19.581686067281044,19.37710032511095,19.494006728945894,490600
2019-03-27,BOTZ,Robotics&AI ETF,19.308908462524414,19.53297708895449,19.1530344738631,19.474524807747628,559500
2019-03-28,BOTZ,Robotics&AI ETF,19.474523544311523,19.474523544311523,19.308907209832896,19.367359487247587,449200
2019-03-29,BOTZ,Robotics&AI ETF,19.56220245361328,19.57194480932604,19.464780754650032,19.494007821788315,621000
2019-04-01,BOTZ,Robotics&AI ETF,19.951892852783203,19.951892852783203,19.776534118280843,19.796018835039966,626600
2019-04-02,BOTZ,Robotics&AI ETF,20.078536987304688,20.098019841371134,20.00059999654561,20.06879463118925,524600
2019-04-03,BOTZ,Robotics&AI ETF,20.438995361328125,20.536417066646855,20.36105836870604,20.419510648631487,656900
2019-04-04,BOTZ,Robotics&AI ETF,20.487712860107422,20.507195720076222,20.371780087926833,20.44874342383983,528700
2019-04-05,BOTZ,Robotics&AI ETF,20.672805786132812,20.672805786132812,20.56564358549716,20.585126439508098,496900
2019-04-08,BOTZ,Robotics&AI ETF,20.663066864013672,20.663066864013672,20.516935214741864,20.63384164905815,488300
2019-04-09,BOTZ,Robotics&AI ETF,20.58513069152832,20.66306769816385,20.58513069152832,20.643584840128575,705000
2019-04-10,BOTZ,Robotics&AI ETF,20.74100112915039,20.74100112915039,20.624094720742317,20.633837076290018,469500
2019-04-11,BOTZ,Robotics&AI ETF,20.672805786132812,20.750742776669842,20.64845082499582,20.74100227874659,996200
2019-04-12,BOTZ,Robotics&AI ETF,20.867650985717773,20.896878056493705,20.78971398847987,20.887135699568393,727300
2019-04-15,BOTZ,Robotics&AI ETF,20.887134552001953,21.004039112353627,20.867649839221848,20.955329188567845,938600
2019-04-16,BOTZ,Robotics&AI ETF,21.13068389892578,21.17939381351776,21.081972126169674,21.15016674986409,752400
2019-04-17,BOTZ,Robotics&AI ETF,21.189138412475586,21.422949371978355,21.159911345726115,21.393722305228888,671100
2019-04-18,BOTZ,Robotics&AI ETF,21.20862579345703,21.25246547001776,21.120946440335572,21.1696563662188,827500
2019-04-22,BOTZ,Robotics&AI ETF,21.06249237060547,21.111202292355927,21.013780590690605,21.10145993637295,799500
2019-04-23,BOTZ,Robotics&AI ETF,21.150169372558594,21.1599117283179,20.955327831865525,21.01378010825701,1265300
2019-04-24,BOTZ,Robotics&AI ETF,20.8091983795166,20.95533001480015,20.799456022742426,20.89687773231964,1439600
2019-04-25,BOTZ,Robotics&AI ETF,20.663066864013672,20.779973298329963,20.6240992913514,20.750746225209706,971800
2019-04-26,BOTZ,Robotics&AI ETF,20.77022933959961,20.77022933959961,20.546160704110314,20.663065271250556,463600
2019-04-29,BOTZ,Robotics&AI ETF,20.867650985717773,20.887135699568393,20.7410040620179,20.7410040620179,583300
2019-04-30,BOTZ,Robotics&AI ETF,20.955326080322266,20.97481079021226,20.81893682742073,20.81893682742073,527500
2019-05-01,BOTZ,Robotics&AI ETF,20.8091983795166,21.081976936535344,20.8091983795166,20.994297583732305,343100
2019-05-02,BOTZ,Robotics&AI ETF,20.799455642700195,20.89687735049735,20.667936615898714,20.818940355892533,574900
2019-05-03,BOTZ,Robotics&AI ETF,21.198883056640625,21.198883056640625,20.916360288721574,20.93584500199141,1260700
2019-05-06,BOTZ,Robotics&AI ETF,20.857906341552734,20.906616262673264,20.516931319215885,20.643580087192273,730200
2019-05-07,BOTZ,Robotics&AI ETF,20.166217803955078,20.477965789712545,20.098021306176637,20.477965789712545,1236400
2019-05-08,BOTZ,Robotics&AI ETF,20.136991500854492,20.273380785279734,20.088281573035374,20.11750678646099,441000
2019-05-09,BOTZ,Robotics&AI ETF,19.912918090820312,19.971370361837277,19.634291944583204,19.79601169062219,908100
2019-05-10,BOTZ,Robotics&AI ETF,20.068798065185547,20.068798065185547,19.688853544328396,19.854469910300807,659300
2019-05-13,BOTZ,Robotics&AI ETF,19.15303611755371,19.494011193824104,19.15303611755371,19.48426883642613,2915500
2019-05-14,BOTZ,Robotics&AI ETF,19.532976150512695,19.601172643169544,19.338134603129273,19.347876959223107,915300
2019-05-15,BOTZ,Robotics&AI ETF,19.640140533447266,19.669367602211025,19.328392565958335,19.347877278467507,596600
2019-05-16,BOTZ,Robotics&AI ETF,19.737560272216797,19.82523961161186,19.61091151168425,19.63039622225299,451600
2019-05-17,BOTZ,Robotics&AI ETF,19.396587371826172,19.656702525796923,19.386845015486074,19.542719000598694,545900
2019-05-20,BOTZ,Robotics&AI ETF,18.909482955932617,19.075099317110293,18.88025588343137,18.919225313433035,1265200
2019-05-21,BOTZ,Robotics&AI ETF,19.094579696655273,19.099449945217337,19.00690035722397,19.036127423089162,713100
2019-05-22,BOTZ,Robotics&AI ETF,18.958189010620117,19.08483777407652,18.938706157765864,19.08483777407652,341900
2019-05-23,BOTZ,Robotics&AI ETF,18.461341857910156,18.68541045978018,18.402887724945906,18.68541045978018,1242900
2019-05-24,BOTZ,Robotics&AI ETF,18.70489501953125,18.753604938443306,18.61721567895811,18.70489501953125,413600
2019-05-28,BOTZ,Robotics&AI ETF,18.50031280517578,18.773093234403817,18.50031280517578,18.773093234403817,1103500
2019-05-29,BOTZ,Robotics&AI ETF,18.451601028442383,18.51005330807657,18.354179323609085,18.461343384742158,796300
2019-05-30,BOTZ,Robotics&AI ETF,18.73412322998047,18.73704612288991,18.61721866259046,18.636701518379063,461100
2019-05-31,BOTZ,Robotics&AI ETF,18.315208435058594,18.47108240707204,18.315208435058594,18.47108240707204,487900
2019-06-03,BOTZ,Robotics&AI ETF,18.22753143310547,18.315210785887558,18.149594437095228,18.24701614664917,734900
2019-06-04,BOTZ,Robotics&AI ETF,18.841289520263672,18.860774236514448,18.432119769821444,18.432119769821444,613700
2019-06-05,BOTZ,Robotics&AI ETF,18.958189010620117,19.07509541856723,18.841284460837322,19.07509541856723,398600
2019-06-06,BOTZ,Robotics&AI ETF,18.851028442382812,18.928965435015407,18.75360673705095,18.87051315508208,320100
2019-06-07,BOTZ,Robotics&AI ETF,19.240711212158203,19.240711212158203,18.987415550436157,18.997157905675188,426500
2019-06-10,BOTZ,Robotics&AI ETF,19.445295333862305,19.52323417672119,19.39658541523979,19.39658541523979,616100
2019-06-11,BOTZ,Robotics&AI ETF,19.591428756713867,19.766787436376106,19.523234127548392,19.688848593713526,338300
2019-06-12,BOTZ,Robotics&AI ETF,19.28942108154297,19.54271674262623,19.28942108154297,19.52323389036156,489200
2019-06-13,BOTZ,Robotics&AI ETF,19.416072845458984,19.418995738292015,19.315728243571304,19.377103418571306,562700
2019-06-14,BOTZ,Robotics&AI ETF,19.006900787353516,19.2796811671089,19.006900787353516,19.2796811671089,1083400
2019-06-17,BOTZ,Robotics&AI ETF,19.21148681640625,19.22122917299925,19.133549821826765,19.143292178419763,311100
2019-06-18,BOTZ,Robotics&AI ETF,19.484264373779297,19.494006728945894,19.232917928239477,19.308905697109,702400
2019-06-19,BOTZ,Robotics&AI ETF,19.79601287841797,19.82523994476222,19.615783948039162,19.67910832936956,628600
2019-06-20,BOTZ,Robotics&AI ETF,20.098024368286133,20.127251443215606,19.933383529895185,20.068799151521507,533600
2019-06-21,BOTZ,Robotics&AI ETF,19.971372604370117,20.078536661737882,19.92266268274717,20.020082525993065,619700
2019-06-24,BOTZ,Robotics&AI ETF,19.9421443939209,20.05905080054803,19.9421443939209,20.039566089749457,308400
2019-06-25,BOTZ,Robotics&AI ETF,19.825241088867188,20.049309702611115,19.825241088867188,20.00059978072397,412000
2019-06-26,BOTZ,Robotics&AI ETF,19.873950958251953,20.00059972788701,19.844725748462636,19.932403235994993,1146200
2019-06-27,BOTZ,Robotics&AI ETF,20.169376373291016,20.179191379988097,20.061415043665328,20.110488205129627,667900
2019-06-28,BOTZ,Robotics&AI ETF,20.365673065185547,20.375488072028173,20.19882169290318,20.19882169290318,533900
2019-07-01,BOTZ,Robotics&AI ETF,20.699373245239258,20.8416880187938,20.59141005536741,20.77789141823126,620000
2019-07-02,BOTZ,Robotics&AI ETF,20.601226806640625,20.758263165931123,20.561968652828533,20.72882001857732,394900
2019-07-03,BOTZ,Robotics&AI ETF,20.709190368652344,20.709190368652344,20.517802419413712,20.561969013239633,2163100
2019-07-05,BOTZ,Robotics&AI ETF,20.38530158996582,20.44418975469935,20.198820217618458,20.44418975469935,442000
2019-07-08,BOTZ,Robotics&AI ETF,20.17919158935547,20.29696979892135,20.16447001516766,20.277339785323516,479000
2019-07-09,BOTZ,Robotics&AI ETF,19.806228637695312,19.95344998037367,19.757153608788567,19.95344998037367,2523300
2019-07-10,BOTZ,Robotics&AI ETF,19.9141902923584,19.982893455504623,19.825857119164453,19.894560282310678,1640100
2019-07-11,BOTZ,Robotics&AI ETF,19.806228637695312,19.924004963029624,19.776783620351264,19.924004963029624,730700
2019-07-12,BOTZ,Robotics&AI ETF,19.698266983032227,19.747342015767934,19.63937881577046,19.747342015767934,525500
2019-07-15,BOTZ,Robotics&AI ETF,19.649192810058594,19.80622916268072,19.639377804017087,19.74734099845267,535600
2019-07-16,BOTZ,Robotics&AI ETF,19.5216007232666,19.649193937103732,19.49215757547426,19.649193937103732,431800
2019-07-17,BOTZ,Robotics&AI ETF,19.609933853149414,19.688452033733775,19.5608606922921,19.688452033733775,394200
2019-07-18,BOTZ,Robotics&AI ETF,19.551044464111328,19.57558104300687,19.354748088905044,19.423453130641924,406500
2019-07-19,BOTZ,Robotics&AI ETF,19.649192810058594,19.772858516543796,19.585396206799295,19.688450962203632,429100
2019-07-22,BOTZ,Robotics&AI ETF,19.796417236328125,19.796417236328125,19.688454025096924,19.688454025096924,346700
2019-07-23,BOTZ,Robotics&AI ETF,20.041784286499023,20.041784286499023,19.904377941881382,19.953451101524525,346200
2019-07-24,BOTZ,Robotics&AI ETF,20.120304107666016,20.120304107666016,19.90437956677967,19.953452730428914,380800
2019-07-25,BOTZ,Robotics&AI ETF,19.796417236328125,20.110489990432043,19.78660222875972,20.061416824611285,752900
2019-07-26,BOTZ,Robotics&AI ETF,19.659006118774414,19.796412447450095,19.639376108386223,19.786597442256,354800
2019-07-29,BOTZ,Robotics&AI ETF,19.531414031982422,19.62956221747398,19.46271086374461,19.62956221747398,517700
2019-07-30,BOTZ,Robotics&AI ETF,19.541229248046875,19.551044253903758,19.413637915949298,19.541229248046875,415000
2019-07-31,BOTZ,Robotics&AI ETF,19.256603240966797,19.609934122437895,19.109380012330963,19.609934122437895,487700
2019-08-01,BOTZ,Robotics&AI ETF,18.913082122802734,19.482339306387928,18.873822102959238,19.276227946251147,1328800
2019-08-02,BOTZ,Robotics&AI ETF,18.549936294555664,18.89345401468134,18.45178810708819,18.795305827213863,2595200
2019-08-05,BOTZ,Robotics&AI ETF,17.68623924255371,18.176978387760943,17.58809103910801,18.08864519186194,1396400
2019-08-06,BOTZ,Robotics&AI ETF,18.16716194152832,18.191698522441335,17.9512374086642,18.00031057049023,2641600
2019-08-07,BOTZ,Robotics&AI ETF,18.118083953857422,18.176973984873065,17.813826281693213,18.03956578452405,1016000
2019-08-08,BOTZ,Robotics&AI ETF,18.589197158813477,18.589197158813477,18.235864416763935,18.235864416763935,527600
2019-08-09,BOTZ,Robotics&AI ETF,18.137718200683594,18.343829613338837,18.059200013010468,18.33401460587704,617200
2019-08-12,BOTZ,Robotics&AI ETF,17.941421508789062,18.17206760431544,17.902161483665658,18.15734603090468,779200
2019-08-13,BOTZ,Robotics&AI ETF,18.4517879486084,18.520492989660212,18.019938922694156,18.05919707413138,661100
2019-08-14,BOTZ,Robotics&AI ETF,17.735309600830078,18.029754164557666,17.735309600830078,18.000309146578612,1071600
2019-08-15,BOTZ,Robotics&AI ETF,17.83345603942871,17.941419222740652,17.705864718077066,17.89234419758941,530600
2019-08-16,BOTZ,Robotics&AI ETF,18.14752769470215,18.176972708141786,17.921788207727015,17.990491367065474,670700
2019-08-19,BOTZ,Robotics&AI ETF,18.304567337036133,18.363455502558523,18.255494177770977,18.28493732452166,498300
2019-08-20,BOTZ,Robotics&AI ETF,18.216236114501953,18.363457480173146,18.196607971894696,18.255496143758926,461400
2019-08-21,BOTZ,Robotics&AI ETF,18.46160316467285,18.517548511535644,18.39093811687708,18.422345012788643,422700
2019-08-22,BOTZ,Robotics&AI ETF,18.36345863342285,18.471421848638535,18.284940441999083,18.441978696867967,316700
2019-08-23,BOTZ,Robotics&AI ETF,17.81382942199707,18.36345670422149,17.804014415097562,18.275125386168217,1569300
2019-08-26,BOTZ,Robotics&AI ETF,18.07883071899414,18.17697892534256,17.961052496971767,18.11808887832071,1489000
2019-08-27,BOTZ,Robotics&AI ETF,17.91197395324707,18.14850939344794,17.902158948356224,18.10827030702247,693800
2019-08-28,BOTZ,Robotics&AI ETF,17.93160629272461,17.970864445367695,17.7549399257782,17.804013084587307,732700
2019-08-29,BOTZ,Robotics&AI ETF,18.255495071411133,18.265310078148833,18.137716862579857,18.157346876055257,483900
2019-08-30,BOTZ,Robotics&AI ETF,18.4517879486084,18.481232966202032,18.314381610546683,18.40271479130663,1376100
2019-09-03,BOTZ,Robotics&AI ETF,18.16716194152832,18.273161393808607,18.11808690768116,18.24568012366265,392000
2019-09-04,BOTZ,Robotics&AI ETF,18.481233596801758,18.5155851824893,18.29475222305437,18.29475222305437,1149600
2019-09-05,BOTZ,Robotics&AI ETF,18.98179054260254,19.00142055796091,18.677532792633,18.77567912538225,585000
2019-09-06,BOTZ,Robotics&AI ETF,19.060304641723633,19.099562791994376,18.971971463588332,19.011231485879975,406700
2019-09-09,BOTZ,Robotics&AI ETF,19.28604507446289,19.295860080504323,19.1780837520491,19.207526898152413,366700
2019-09-10,BOTZ,Robotics&AI ETF,19.482341766357422,19.501971778757785,19.207527208815403,19.276230380195653,474000
2019-09-11,BOTZ,Robotics&AI ETF,19.816043853759766,19.816043853759766,19.57067432268505,19.609932474206108,587500
2019-09-12,BOTZ,Robotics&AI ETF,20.08104133605957,20.100671347646287,19.845486813081795,19.953450004787793,479500
2019-09-13,BOTZ,Robotics&AI ETF,20.10067367553711,20.159563717117408,20.04178550597797,20.08104366167701,507100
2019-09-16,BOTZ,Robotics&AI ETF,19.953447341918945,20.027058939534893,19.894559187038602,19.98289235536946,280500
2019-09-17,BOTZ,Robotics&AI ETF,19.89456558227539,19.904380589913995,19.747344211738923,19.82586240082646,361000
2019-09-18,BOTZ,Robotics&AI ETF,19.933822631835938,19.943637638928507,19.717898091863006,19.914194489671992,275600
2019-09-19,BOTZ,Robotics&AI ETF,19.87493133544922,20.051597691287665,19.859226952166797,19.943634502270637,323100
2019-09-20,BOTZ,Robotics&AI ETF,19.629562377929688,19.845486890159375,19.61974737209821,19.776783721359973,370300
2019-09-23,BOTZ,Robotics&AI ETF,19.590301513671875,19.629561535312515,19.50197020902217,19.54122835864194,316100
2019-09-24,BOTZ,Robotics&AI ETF,19.4725284576416,19.78660119534208,19.41854685484536,19.747343039140112,530400
2019-09-25,BOTZ,Robotics&AI ETF,19.580490112304688,19.580490112304688,19.232063941496463,19.31549055885202,522400
2019-09-26,BOTZ,Robotics&AI ETF,19.56085777282715,19.590300916138702,19.472524598850868,19.570672777937936,376900
2019-09-27,BOTZ,Robotics&AI ETF,19.384191513061523,19.64919103619597,19.325303354149696,19.609931015574205,796100
2019-09-30,BOTZ,Robotics&AI ETF,19.649192810058594,19.668822822141607,19.501971463477975,19.511784597498494,345200
2019-10-01,BOTZ,Robotics&AI ETF,19.433265686035156,19.811134980244066,19.423452552385864,19.71789523440846,428500
2019-10-02,BOTZ,Robotics&AI ETF,18.883638381958008,19.158452923341258,18.805120208994353,19.13882291209512,731400
2019-10-03,BOTZ,Robotics&AI ETF,19.187896728515625,19.187896728515625,18.785490844226008,18.962157207479198,353700
2019-10-04,BOTZ,Robotics&AI ETF,19.384191513061523,19.384191513061523,19.1486370053934,19.197710159149786,536400
2019-10-07,BOTZ,Robotics&AI ETF,19.28604507446289,19.43326642104241,19.266415062380023,19.31549009258719,417700
2019-10-08,BOTZ,Robotics&AI ETF,18.922901153564453,19.12901068552975,18.91308614651546,19.12901068552975,478900
2019-10-09,BOTZ,Robotics&AI ETF,19.138824462890625,19.175139799436483,19.011233123493952,19.03086126430963,339200
2019-10-10,BOTZ,Robotics&AI ETF,18.98179054260254,19.109381898389344,18.844384179136547,18.913087360869543,973900
2019-10-11,BOTZ,Robotics&AI ETF,19.462711334228516,19.560859522092667,19.208507733582667,19.246786818544162,609700
2019-10-14,BOTZ,Robotics&AI ETF,19.374378204345703,19.423453234419966,19.30567503426272,19.354748192316,229200
2019-10-15,BOTZ,Robotics&AI ETF,19.776782989501953,19.816043011375015,19.492155319005775,19.492155319005775,406800
2019-10-16,BOTZ,Robotics&AI ETF,19.796417236328125,19.879841992627668,19.69826903266533,19.717899047802145,261900
2019-10-17,BOTZ,Robotics&AI ETF,19.855302810668945,19.9485444343529,19.7473414855911,19.825859663839093,286200
2019-10-18,BOTZ,Robotics&AI ETF,19.924007415771484,19.96326744372998,19.78169449447486,19.88474925983416,396600
2019-10-21,BOTZ,Robotics&AI ETF,20.051597595214844,20.071227606218596,19.973079423220724,19.973079423220724,170900
2019-10-22,BOTZ,Robotics&AI ETF,19.90437889099121,20.061415255762565,19.894563884190358,20.041785242160863,254000
2019-10-23,BOTZ,Robotics&AI ETF,20.02215576171875,20.046692343363684,19.8258612365381,19.884749406890176,712500
2019-10-24,BOTZ,Robotics&AI ETF,20.13993263244629,20.146802949729924,20.027062866783574,20.09085760040529,391400
2019-10-25,BOTZ,Robotics&AI ETF,20.326414108276367,20.365674137714446,20.120304569790175,20.130119577149696,727800
2019-10-28,BOTZ,Robotics&AI ETF,20.64048957824707,20.650304586011035,20.4147481437185,20.473638190302292,439900
2019-10-29,BOTZ,Robotics&AI ETF,20.62085723876953,20.758263587936856,20.57178220548041,20.660115393379723,343100
2019-10-30,BOTZ,Robotics&AI ETF,20.522708892822266,20.561968919163952,20.31659937059169,20.54233890599311,257700
2019-10-31,BOTZ,Robotics&AI ETF,20.404930114746094,20.454003269776553,20.27733691643351,20.454003269776553,516400
2019-11-01,BOTZ,Robotics&AI ETF,20.915298461914062,20.915298461914062,20.699373946872228,20.699373946872228,614000
2019-11-04,BOTZ,Robotics&AI ETF,21.209741592407227,21.209741592407227,21.072333390276622,21.091963400869687,782200
2019-11-05,BOTZ,Robotics&AI ETF,21.278446197509766,21.29807620943132,21.1704830039622,21.18029800992298,468100
2019-11-06,BOTZ,Robotics&AI ETF,21.082149505615234,21.19992770335417,21.02326134275624,21.180297691727525,427200
2019-11-07,BOTZ,Robotics&AI ETF,21.33733367919922,21.445296869295706,21.170482327241423,21.229370489102728,654500
2019-11-08,BOTZ,Robotics&AI ETF,21.199926376342773,21.258814535515658,21.11159320157303,21.219556386740678,467700
2019-11-11,BOTZ,Robotics&AI ETF,21.052705764770508,21.091963914892535,20.925112564826915,20.925112564826915,304500
2019-11-12,BOTZ,Robotics&AI ETF,21.16066551208496,21.248998683333753,21.091962350451624,21.14103737449026,359900
2019-11-13,BOTZ,Robotics&AI ETF,20.97418975830078,21.091966092849336,20.93492973210387,20.954559745202324,349600
2019-11-14,BOTZ,Robotics&AI ETF,20.983999252319336,20.99381425716576,20.87603794305019,20.915296090415126,385000
2019-11-15,BOTZ,Robotics&AI ETF,21.07233238220215,21.101777396683133,20.974186077973716,21.013444225260937,322300
2019-11-18,BOTZ,Robotics&AI ETF,21.04289436340332,21.062522505815743,20.925116148822735,20.94474616325637,261800
2019-11-19,BOTZ,Robotics&AI ETF,20.846595764160156,20.964373966317215,20.77789259291063,20.915298935409684,365900
2019-11-20,BOTZ,Robotics&AI ETF,20.75826072692871,20.905482062463072,20.679742556508995,20.787705742843922,412300
2019-11-21,BOTZ,Robotics&AI ETF,20.679746627807617,20.746487928213366,20.630673463641898,20.728821663994555,237500
2019-11-22,BOTZ,Robotics&AI ETF,20.787708282470703,20.85641145597879,20.70231978510764,20.807338295479035,369300
2019-11-25,BOTZ,Robotics&AI ETF,21.190113067626953,21.190113067626953,20.93492852808657,20.93492852808657,360900
2019-11-26,BOTZ,Robotics&AI ETF,21.190113067626953,21.26863124348392,21.15085304368798,21.199928073611694,324300
2019-11-27,BOTZ,Robotics&AI ETF,21.28826141357422,21.29807641963186,21.219558243191695,21.278446407516572,324500
2019-11-29,BOTZ,Robotics&AI ETF,21.052705764770508,21.13122393703545,21.03307575369905,21.13122393703545,228600
2019-12-02,BOTZ,Robotics&AI ETF,20.787708282470703,21.15085416301947,20.768078269462368,21.12141101552805,616700
2019-12-03,BOTZ,Robotics&AI ETF,20.876039505004883,20.876039505004883,20.565892442331428,20.630669981547904,552000
2019-12-04,BOTZ,Robotics&AI ETF,21.082149505615234,21.150852674287552,21.033076348569562,21.033076348569562,322100
2019-12-05,BOTZ,Robotics&AI ETF,21.07233238220215,21.150850548797347,21.033074234914924,21.131222411164114,266200
2019-12-06,BOTZ,Robotics&AI ETF,21.396224975585938,21.406039982670862,21.239188606269508,21.288263641694133,566200
2019-12-09,BOTZ,Robotics&AI ETF,21.249000549316406,21.38640875667035,21.249000549316406,21.347148733991816,248400
2019-12-10,BOTZ,Robotics&AI ETF,21.25881576538086,21.327518933727315,21.160667579734092,21.160667579734092,255800
2019-12-11,BOTZ,Robotics&AI ETF,21.356964111328125,21.356964111328125,21.199927761922996,21.219557773603874,310400
2019-12-12,BOTZ,Robotics&AI ETF,21.68085289001465,21.68085289001465,21.29807700338014,21.327520150339073,899200
2019-12-13,BOTZ,Robotics&AI ETF,21.867334365844727,21.98511069825935,21.70833425786183,21.710298007944527,581200
2019-12-16,BOTZ,Robotics&AI ETF,21.916406631469727,22.00473981318714,21.877148479606973,21.906591625498795,490100
2019-12-17,BOTZ,Robotics&AI ETF,21.877145767211914,21.916403914207322,21.788812596446316,21.80844073393365,361200
2019-12-18,BOTZ,Robotics&AI ETF,21.64159393310547,21.729927122385174,21.6317807983154,21.700483973972695,368000
2019-12-19,BOTZ,Robotics&AI ETF,21.7397403717041,21.749555377721837,21.621964043533236,21.651407189565457,382200
2019-12-20,BOTZ,Robotics&AI ETF,21.64159393310547,21.788817163252403,21.64159393310547,21.749557136007585,362100
2019-12-23,BOTZ,Robotics&AI ETF,21.69066619873047,21.72010934338505,21.615092715153065,21.641591170938007,297600
2019-12-24,BOTZ,Robotics&AI ETF,21.71030044555664,21.73974359595562,21.683800112580553,21.71030044555664,139700
2019-12-26,BOTZ,Robotics&AI ETF,21.857519149780273,21.865370405993644,21.729925940197287,21.73974094647452,364400
2019-12-27,BOTZ,Robotics&AI ETF,21.71030044555664,21.867336821088738,21.71030044555664,21.857521813615325,334000
2019-12-30,BOTZ,Robotics&AI ETF,21.4852237701416,21.740766448176526,21.4852237701416,21.711280105640405,380600
2019-12-31,BOTZ,Robotics&AI ETF,21.49505043029785,21.54419245502813,21.357449386686525,21.436077751043822,308400
2020-01-02,BOTZ,Robotics&AI ETF,21.868534088134766,21.868534088134766,21.69063748899073,21.730934922973198,359500
2020-01-03,BOTZ,Robotics&AI ETF,21.55402374267578,21.68670947446298,21.485224150189445,21.622823335162114,441300
2020-01-06,BOTZ,Robotics&AI ETF,21.819395065307617,21.819395065307617,21.573681165358874,21.60316563357782,650700
2020-01-07,BOTZ,Robotics&AI ETF,21.711278915405273,21.82922052978755,21.671963794179078,21.81939362412916,233300
2020-01-08,BOTZ,Robotics&AI ETF,21.888193130493164,21.898021910763283,21.66213680822494,21.671963713846903,473500
2020-01-09,BOTZ,Robotics&AI ETF,22.02579116821289,22.045448727738584,21.90784956035484,21.956991584521017,392800
2020-01-10,BOTZ,Robotics&AI ETF,21.986478805541992,22.222363905365945,21.986478805541992,22.1044204181299,452700
2020-01-13,BOTZ,Robotics&AI ETF,22.21253776550293,22.21253776550293,22.015965888293383,22.055281013594634,419200
2020-01-14,BOTZ,Robotics&AI ETF,22.242021560668945,22.300994246833344,22.094593594554542,22.212537092235042,281100
2020-01-15,BOTZ,Robotics&AI ETF,22.04545021057129,22.23219328933008,22.035621430147334,22.23219328933008,298100
2020-01-16,BOTZ,Robotics&AI ETF,22.133909225463867,22.173222475825323,22.025794506335266,22.10442288170652,380800
2020-01-17,BOTZ,Robotics&AI ETF,22.153564453125,22.232192820209328,22.104420552042203,22.192877699343093,237700
2020-01-21,BOTZ,Robotics&AI ETF,21.888193130493164,22.074934331680925,21.888193130493164,22.055278645788842,601000
2020-01-22,BOTZ,Robotics&AI ETF,22.015968322753906,22.114254272226848,21.999259580118107,22.06511223481466,380000
2020-01-23,BOTZ,Robotics&AI ETF,22.19287872314453,22.19287872314453,21.92750726899976,22.03562198172131,439100
2020-01-24,BOTZ,Robotics&AI ETF,21.976654052734375,22.29116757680274,21.927510142943397,22.24202366701176,537200
2020-01-27,BOTZ,Robotics&AI ETF,21.327964782714844,21.455735170969753,21.229678859246725,21.327964782714844,782300
2020-01-28,BOTZ,Robotics&AI ETF,21.603160858154297,21.632647194503512,21.35744701252111,21.426246589354744,444000
2020-01-29,BOTZ,Robotics&AI ETF,21.63265037536621,21.848877916444255,21.583506474224738,21.848877916444255,367700
2020-01-30,BOTZ,Robotics&AI ETF,21.622821807861328,21.622821807861328,21.327965896704303,21.485222632607805,380200
2020-01-31,BOTZ,Robotics&AI ETF,21.042938232421875,21.396766848080542,21.0036249832644,21.396766848080542,1051000
2020-02-03,BOTZ,Robotics&AI ETF,21.337793350219727,21.377108472529084,21.1707097043496,21.229680513165423,540900
2020-02-04,BOTZ,Robotics&AI ETF,21.799734115600586,21.799734115600586,21.593333496902297,21.603162276330597,962300
2020-02-05,BOTZ,Robotics&AI ETF,22.065107345581055,22.10933591931119,21.927506296949446,22.084763031401444,470400
2020-02-06,BOTZ,Robotics&AI ETF,22.153564453125,22.163391358693413,21.976650158523228,22.114249332258762,284300
2020-02-07,BOTZ,Robotics&AI ETF,21.85870933532715,22.05528121432575,21.85870933532715,21.976652837655983,426600
2020-02-10,BOTZ,Robotics&AI ETF,22.19287872314453,22.19287872314453,21.888194020968072,21.888194020968072,414600
2020-02-11,BOTZ,Robotics&AI ETF,22.536876678466797,22.556534238176077,22.232192001565284,22.232192001565284,1473800
2020-02-12,BOTZ,Robotics&AI ETF,22.664649963378906,22.67447874448947,22.556537120459325,22.605679151363834,482800
2020-02-13,BOTZ,Robotics&AI ETF,22.428762435913086,22.553585880520846,22.409104875799592,22.44841999602658,365800
2020-02-14,BOTZ,Robotics&AI ETF,22.468080520629883,22.54572470642094,22.412056654379324,22.48773620868868,564500
2020-02-18,BOTZ,Robotics&AI ETF,22.202707290649414,22.31082200233297,22.11425014011709,22.222364851800645,439100
2020-02-19,BOTZ,Robotics&AI ETF,22.379621505737305,22.45726755973262,22.202707205352315,22.202707205352315,749100
2020-02-20,BOTZ,Robotics&AI ETF,22.291168212890625,22.45825376165086,21.976654679847485,22.350139031674082,778700
2020-02-21,BOTZ,Robotics&AI ETF,21.85870933532715,22.18305162342098,21.80465197487011,22.133909590995515,729600
2020-02-24,BOTZ,Robotics&AI ETF,20.76774024963379,21.042940522276016,20.70876943215634,20.836541723780712,1552400
2020-02-25,BOTZ,Robotics&AI ETF,20.364765167236328,21.13139312767168,20.291052129951904,21.05276476311278,2050300
2020-02-26,BOTZ,Robotics&AI ETF,20.522022247314453,20.900421844052946,20.45322266147984,20.57116614765926,1554000
2020-02-27,BOTZ,Robotics&AI ETF,19.617794036865234,20.35493563017797,19.607967131977983,19.971622601542713,2294600
2020-02-28,BOTZ,Robotics&AI ETF,19.9224853515625,19.932314133452554,19.007446941126126,19.087057637392558,1720200
2020-03-02,BOTZ,Robotics&AI ETF,20.207509994506836,20.207509994506836,19.50968343963079,19.951967321346412,1263000
2020-03-03,BOTZ,Robotics&AI ETF,19.784881591796875,20.522023261567444,19.558825262982804,20.246824904627953,1120100
2020-03-04,BOTZ,Robotics&AI ETF,20.6104793548584,20.6104793548584,19.99128120885326,20.138709160316566,880200
2020-03-05,BOTZ,Robotics&AI ETF,19.853687286376953,20.207514088504333,19.7455725518846,19.9618001462207,1068700
2020-03-06,BOTZ,Robotics&AI ETF,19.431055068969727,19.64728261949808,19.165683615152044,19.40156872699613,922900
2020-03-09,BOTZ,Robotics&AI ETF,17.730714797973633,18.379399302811873,17.645204596535343,18.26145581345575,1680000
2020-03-10,BOTZ,Robotics&AI ETF,18.556312561035156,18.625114026471234,17.745457830773717,18.53370805243244,1699600
2020-03-11,BOTZ,Robotics&AI ETF,17.612773895263672,18.212316461131607,17.475174699680252,18.173001334022953,1336600
2020-03-12,BOTZ,Robotics&AI ETF,15.558603286743164,16.2230142236567,15.538946663145088,16.217116580450412,2018400
2020-03-13,BOTZ,Robotics&AI ETF,16.95425796508789,16.95425796508789,15.725688547327898,16.639744494085036,1250300
2020-03-16,BOTZ,Robotics&AI ETF,14.850947380065918,15.981231852131334,14.762491165791754,15.20477598645904,1510000
2020-03-17,BOTZ,Robotics&AI ETF,15.912434577941895,16.030376214140265,15.00918955942877,15.401349155352937,1559100
2020-03-18,BOTZ,Robotics&AI ETF,15.352204322814941,15.479975662988346,14.516777627206881,15.01803326964206,1301100
2020-03-19,BOTZ,Robotics&AI ETF,15.460317611694336,15.725689064574606,14.841119429621928,15.018032794217998,935800
2020-03-20,BOTZ,Robotics&AI ETF,15.283403396606445,16.089345553697168,15.145803287511917,15.69620278656597,2291600
2020-03-23,BOTZ,Robotics&AI ETF,15.199861526489258,15.509460618341008,14.939404463234464,15.293233068006879,1309200
2020-03-24,BOTZ,Robotics&AI ETF,17.141000747680664,17.141000747680664,16.364543989134223,16.364543989134223,1395100
2020-03-25,BOTZ,Robotics&AI ETF,17.455516815185547,17.77985910927479,16.738032630480316,17.229460462412405,918000
2020-03-26,BOTZ,Robotics&AI ETF,18.39905548095703,18.428541822746784,17.612771779712453,17.66191380804716,1043900
2020-03-27,BOTZ,Robotics&AI ETF,17.858484268188477,18.320425672060644,17.69139876046483,17.69139876046483,796100
2020-03-30,BOTZ,Robotics&AI ETF,18.15334129333496,18.163170073770928,17.693366366680063,17.887971720156578,675700
2020-03-31,BOTZ,Robotics&AI ETF,17.828998565673828,18.23688450705443,17.712039268483203,17.75037019891527,614000
2020-04-01,BOTZ,Robotics&AI ETF,16.777345657348633,17.27860226415876,16.777345657348633,17.209802668554143,988000
2020-04-02,BOTZ,Robotics&AI ETF,17.150827407836914,17.19996942777139,16.7331127398023,16.78717008651896,615400
2020-04-03,BOTZ,Robotics&AI ETF,16.629915237426758,17.072200965010488,16.492316066466532,16.914942359365526,543100
2020-04-06,BOTZ,Robotics&AI ETF,17.907629013061523,17.986257388955654,17.19997363001434,17.298259568544093,720000
2020-04-07,BOTZ,Robotics&AI ETF,17.78968620300293,18.71848441728735,17.78968620300293,18.654598280296078,399000
2020-04-08,BOTZ,Robotics&AI ETF,18.172996520996094,18.207396310781338,17.681568810180682,17.93711144476245,696200
2020-04-09,BOTZ,Robotics&AI ETF,18.47768211364746,18.684082737471698,18.290940923816056,18.448197649278313,548400
2020-04-13,BOTZ,Robotics&AI ETF,18.33025550842285,18.428541437686814,18.18282755185099,18.399055096513173,430700
2020-04-14,BOTZ,Robotics&AI ETF,19.05756950378418,19.10671340862388,18.713571543147726,18.772542354307078,798500
2020-04-15,BOTZ,Robotics&AI ETF,18.487512588500977,18.644769328382623,18.389226657412895,18.605456080736317,703100
2020-04-16,BOTZ,Robotics&AI ETF,18.615285873413086,18.64477034208882,18.32042806411758,18.526828718089266,802300
2020-04-17,BOTZ,Robotics&AI ETF,18.95928382873535,19.01137467624566,18.674254828884436,18.949455048604477,570600
2020-04-20,BOTZ,Robotics&AI ETF,18.674253463745117,19.028082023998174,18.674253463745117,18.723395486158935,591500
2020-04-21,BOTZ,Robotics&AI ETF,18.192657470703125,18.6152856807317,18.172999908690564,18.53665730732975,896100
2020-04-22,BOTZ,Robotics&AI ETF,18.88065528869629,18.929799193778155,18.58579935679828,18.595628137814654,756500
2020-04-23,BOTZ,Robotics&AI ETF,18.890483856201172,19.195170440320098,18.83151304541775,19.008427352416284,538700
2020-04-24,BOTZ,Robotics&AI ETF,19.16568374633789,19.195170088513315,18.890483509978647,19.087055375185,530700
2020-04-27,BOTZ,Robotics&AI ETF,19.696426391601562,19.745568419915354,19.362255350052763,19.46053940668035,1282700
2020-04-28,BOTZ,Robotics&AI ETF,19.93231201171875,20.246825500127617,19.834026077928915,20.128882004650162,586200
2020-04-29,BOTZ,Robotics&AI ETF,20.620309829711914,20.694024748826322,20.268447723430974,20.305796340833865,1099700
2020-04-30,BOTZ,Robotics&AI ETF,20.069910049438477,20.35493717905783,20.04042370858896,20.315623932573303,857400
2020-05-01,BOTZ,Robotics&AI ETF,19.49985694885254,19.78488412280931,19.46054182160419,19.666942490361144,674700
2020-05-04,BOTZ,Robotics&AI ETF,19.6571102142334,19.6571102142334,19.322939190619582,19.34259675074936,550400
2020-05-05,BOTZ,Robotics&AI ETF,19.863510131835938,20.03551098104554,19.784881761372418,19.89299647375284,374600
2020-05-06,BOTZ,Robotics&AI ETF,19.814369201660156,20.078758353954086,19.807489242296324,20.010941076039646,373800
2020-05-07,BOTZ,Robotics&AI ETF,20.492538452148438,20.54168047945276,20.295966593634788,20.35493740132961,603400
2020-05-08,BOTZ,Robotics&AI ETF,20.81688117980957,20.81688117980957,20.600651755597955,20.77756605735356,688100
2020-05-11,BOTZ,Robotics&AI ETF,21.052766799926758,21.092080048685645,20.71859574955901,20.71859574955901,545200
2020-05-12,BOTZ,Robotics&AI ETF,20.571168899536133,21.10190997172232,20.571168899536133,21.09208119033853,650900
2020-05-13,BOTZ,Robotics&AI ETF,20.649795532226562,20.983966572463597,20.423739203433335,20.86602308046597,744200
2020-05-14,BOTZ,Robotics&AI ETF,20.40407943725586,20.45322146006597,19.92248049005437,20.19767881722779,720300
2020-05-15,BOTZ,Robotics&AI ETF,20.807052612304688,20.807052612304688,20.35493807267104,20.38442441481505,615100
2020-05-18,BOTZ,Robotics&AI ETF,21.662137985229492,21.721108795406195,21.131395069694378,21.229681003087723,1161800
2020-05-19,BOTZ,Robotics&AI ETF,21.573680877685547,21.868536803832978,21.524536973562135,21.583507783861968,905500
2020-05-20,BOTZ,Robotics&AI ETF,22.163393020629883,22.30099407933167,22.035622617529956,22.035622617529956,1125700
2020-05-21,BOTZ,Robotics&AI ETF,21.868534088134766,22.18304753687437,21.839047749322418,22.153563072710046,635800
2020-05-22,BOTZ,Robotics&AI ETF,22.232194900512695,22.242021807000633,21.82430891927558,21.868537497064565,684900
2020-05-26,BOTZ,Robotics&AI ETF,22.684307098388672,22.851392624824935,22.60567872563327,22.733449128367692,1268200
2020-05-27,BOTZ,Robotics&AI ETF,22.713790893554688,22.851390061781256,22.227276602878064,22.841561281958207,765000
2020-05-28,BOTZ,Robotics&AI ETF,22.841564178466797,23.2445348290717,22.813062025619278,22.890708083813923,1779700
2020-05-29,BOTZ,Robotics&AI ETF,22.782590866088867,22.821904111403253,22.41893350502827,22.67447616084013,1537400
2020-06-01,BOTZ,Robotics&AI ETF,23.205219268798828,23.224874954332172,22.812075563762054,23.00864741628044,928500
2020-06-02,BOTZ,Robotics&AI ETF,23.21504783630371,23.27401864165997,23.047962325587562,23.24453230165779,813900
2020-06-03,BOTZ,Robotics&AI ETF,23.421445846557617,23.480416650036048,23.22487400209879,23.26418912084977,936000
2020-06-04,BOTZ,Robotics&AI ETF,23.205219268798828,23.441104367032022,23.154110737115897,23.303503320409902,817100
2020-06-05,BOTZ,Robotics&AI ETF,23.59836196899414,23.775276267851908,23.43127645058938,23.43127645058938,1594700
2020-06-08,BOTZ,Robotics&AI ETF,23.637676239013672,23.637676239013672,23.313333968622135,23.50990583689203,937700
2020-06-09,BOTZ,Robotics&AI ETF,23.608190536499023,23.701561137988104,23.31333274951299,23.401789898143985,578600
2020-06-10,BOTZ,Robotics&AI ETF,23.637676239013672,23.804761764648603,23.54921908575705,23.73596217314862,606000
2020-06-11,BOTZ,Robotics&AI ETF,22.291168212890625,23.22488002978138,22.291168212890625,23.13642473893046,1891600
2020-06-12,BOTZ,Robotics&AI ETF,22.743276596069336,23.185562338935544,22.320648413919,22.90053333249995,1290300
2020-06-15,BOTZ,Robotics&AI ETF,22.83173179626465,22.88087569386056,22.025790622171836,22.26167570668817,914600
2020-06-16,BOTZ,Robotics&AI ETF,23.25436019897461,23.50990284534937,22.85138960748119,23.382132459486005,1136900
2020-06-17,BOTZ,Robotics&AI ETF,23.46076202392578,23.627847536860752,22.261677092987245,23.431275683532036,885200
2020-06-18,BOTZ,Robotics&AI ETF,23.283849716186523,23.391962557552382,23.195392562111003,23.391962557552382,567300
2020-06-19,BOTZ,Robotics&AI ETF,23.25436019897461,23.68681712935097,23.244531419346963,23.58853120772252,930400
2020-06-22,BOTZ,Robotics&AI ETF,23.618019104003906,23.618019104003906,23.264190512668847,23.36247644077838,578300
2020-06-23,BOTZ,Robotics&AI ETF,23.64750099182129,23.88338606877598,23.622929981134998,23.804757709791083,757300
2020-06-24,BOTZ,Robotics&AI ETF,23.175735473632812,23.667163284248137,23.038136286547985,23.62785003421604,989300
2020-06-25,BOTZ,Robotics&AI ETF,23.64750099182129,23.6671585502295,23.175730837911907,23.3329875558817,807800
2020-06-26,BOTZ,Robotics&AI ETF,23.156078338623047,23.50990696868322,23.09710752516247,23.50990696868322,829300
2020-06-29,BOTZ,Robotics&AI ETF,23.416257858276367,23.445824516847466,23.081176580155265,23.199441334685158,721400
2020-06-30,BOTZ,Robotics&AI ETF,23.52466583251953,23.633073148781595,23.304890586808316,23.406401084160258,555600
2020-07-01,BOTZ,Robotics&AI ETF,23.662641525268555,23.721772963867807,23.54437676831551,23.623219313032692,1693000
2020-07-02,BOTZ,Robotics&AI ETF,23.682350158691406,23.830179679631797,23.66263905463153,23.70205938299694,677000
2020-07-06,BOTZ,Robotics&AI ETF,24.27367401123047,24.332807337463475,24.145555563901873,24.145555563901873,1212900
2020-07-07,BOTZ,Robotics&AI ETF,24.096275329589844,24.377151999440205,24.0371420140128,24.23424930642737,749100
2020-07-08,BOTZ,Robotics&AI ETF,24.332805633544922,24.332805633544922,24.017435434738704,24.12584276573168,530000
2020-07-09,BOTZ,Robotics&AI ETF,24.224395751953125,24.441212287689453,24.017434769625893,24.382080846989474,635600
2020-07-10,BOTZ,Robotics&AI ETF,24.559476852416992,24.559476852416992,24.32787604854206,24.43135841863263,1198500
2020-07-13,BOTZ,Robotics&AI ETF,24.037141799926758,24.63831734465783,23.948443707105636,24.529908146819913,1313100
2020-07-14,BOTZ,Robotics&AI ETF,24.411645889282227,24.421501442038124,23.913950813758944,23.97801096679505,930600
2020-07-15,BOTZ,Robotics&AI ETF,24.884700775146484,25.002965526714387,24.707304587671857,24.835424891849957,883200
2020-07-16,BOTZ,Robotics&AI ETF,24.460922241210938,24.618607328812665,24.441211135322092,24.549620337956224,742000
2020-07-17,BOTZ,Robotics&AI ETF,24.864990234375,24.864990234375,24.58904227404315,24.608751499956494,615100
2020-07-20,BOTZ,Robotics&AI ETF,25.12122917175293,25.140940277580025,24.75658311272422,24.864990435264218,636800
2020-07-21,BOTZ,Robotics&AI ETF,25.17050552368164,25.31833504957923,25.150794418960785,25.219781405729368,602600
2020-07-22,BOTZ,Robotics&AI ETF,25.298625946044922,25.36761293827055,25.16065196159366,25.190216741259185,604800
2020-07-23,BOTZ,Robotics&AI ETF,25.25920295715332,25.574575008677666,25.096591034727084,25.30848072133892,837400
2020-07-24,BOTZ,Robotics&AI ETF,24.99311065673828,25.15079574329935,24.884701454819606,25.062097647139435,666700
2020-07-27,BOTZ,Robotics&AI ETF,25.535154342651367,25.604141336931626,25.25920448577572,25.25920448577572,979400
2020-07-28,BOTZ,Robotics&AI ETF,25.20992660522461,25.515441218491816,25.180359947261536,25.40703389880282,683800
2020-07-29,BOTZ,Robotics&AI ETF,25.456310272216797,25.485876930748866,25.20992709037972,25.20992709037972,545900
2020-07-30,BOTZ,Robotics&AI ETF,25.288766860961914,25.357753843552512,24.835422758364103,25.042383706135897,614500
2020-07-31,BOTZ,Robotics&AI ETF,24.953689575195312,25.170507988850826,24.7516554314056,25.140941328873822,716500
2020-08-03,BOTZ,Robotics&AI ETF,25.515439987182617,25.52529553936137,25.071951417664952,25.150793955340607,994400
2020-08-04,BOTZ,Robotics&AI ETF,25.66327476501465,25.66327476501465,25.357758246558795,25.38732490698328,603600
2020-08-05,BOTZ,Robotics&AI ETF,25.929365158081055,26.011164553733465,25.722404190590243,25.870233721620032,799300
2020-08-06,BOTZ,Robotics&AI ETF,25.988500595092773,26.00328298547573,25.781537730958245,25.949078381065387,712300
2020-08-07,BOTZ,Robotics&AI ETF,25.88994598388672,25.978644082418857,25.68298312739354,25.880090430743753,604800
2020-08-10,BOTZ,Robotics&AI ETF,25.919509887695312,25.95893209893503,25.732260023570127,25.880089556210084,671700
2020-08-11,BOTZ,Robotics&AI ETF,25.9786434173584,26.33343392264966,25.924438816337016,26.313724696622845,1217000
2020-08-12,BOTZ,Robotics&AI ETF,26.668516159057617,26.678371712302,26.34329042101135,26.35314597425573,1273000
2020-08-13,BOTZ,Robotics&AI ETF,26.579818725585938,26.69808348772713,26.510831730901337,26.64880760002516,774000
2020-08-14,BOTZ,Robotics&AI ETF,26.540395736694336,26.64387621837069,26.466480032780122,26.579816066962,441900
2020-08-17,BOTZ,Robotics&AI ETF,27.013450622558594,27.013450622558594,26.70793601792992,26.70793601792992,965600
2020-08-18,BOTZ,Robotics&AI ETF,26.91489601135254,27.102147740252775,26.82619792291318,27.043016307877984,704600
2020-08-19,BOTZ,Robotics&AI ETF,26.648805618286133,26.944464682020477,26.648805618286133,26.944464682020477,692800
2020-08-20,BOTZ,Robotics&AI ETF,26.530540466308594,26.579816349605768,26.27430173770348,26.441842372570115,680900
2020-08-21,BOTZ,Robotics&AI ETF,26.412275314331055,26.412275314331055,26.215169904376005,26.26444578692616,545300
2020-08-24,BOTZ,Robotics&AI ETF,26.668516159057617,26.875479017680465,26.53546900989034,26.806492024724374,1170100
2020-08-25,BOTZ,Robotics&AI ETF,26.668516159057617,26.73750315201371,26.540397726389816,26.64880693232343,526700
2020-08-26,BOTZ,Robotics&AI ETF,26.757211685180664,26.796633894366835,26.648804369427484,26.668513594266173,628100
2020-08-27,BOTZ,Robotics&AI ETF,26.451698303222656,26.759184781943322,26.343289102714163,26.757212919491295,945900
2020-08-28,BOTZ,Robotics&AI ETF,26.757211685180664,26.786778342070292,26.51082851703028,26.51082851703028,717100
2020-08-31,BOTZ,Robotics&AI ETF,26.70794105529785,26.816348392368234,26.56011150128932,26.698085501063314,944100
2020-09-01,BOTZ,Robotics&AI ETF,27.092294692993164,27.092294692993164,26.716806209201835,26.80649117696302,910700
2020-09-02,BOTZ,Robotics&AI ETF,27.723033905029297,27.723033905029297,27.345575453993224,27.535784046255444,1182300
2020-09-03,BOTZ,Robotics&AI ETF,26.619239807128906,27.437231914563434,26.45169916441318,27.437231914563434,3905300
2020-09-04,BOTZ,Robotics&AI ETF,26.530540466308594,26.79663474752403,25.64356140867826,26.638949665267724,2041700
2020-09-08,BOTZ,Robotics&AI ETF,26.15604019165039,26.49111959861325,25.958932888962075,26.00328193807922,1294500
2020-09-09,BOTZ,Robotics&AI ETF,26.73750114440918,26.816343684689702,26.461553193304567,26.584744779977534,1355400
2020-09-10,BOTZ,Robotics&AI ETF,26.42213249206543,26.964176632231403,26.372856606484223,26.8557674282473,1259000
2020-09-11,BOTZ,Robotics&AI ETF,26.491119384765625,26.816345115747804,26.363000954880633,26.707937791923435,1117100
2020-09-14,BOTZ,Robotics&AI ETF,27.06273078918457,27.151428894853805,26.87548090366482,26.944467901462065,1040500
2020-09-15,BOTZ,Robotics&AI ETF,27.368244171142578,27.476651492448603,27.26969052288343,27.378099723943944,882300
2020-09-16,BOTZ,Robotics&AI ETF,27.279544830322266,27.525927999845038,27.240122620916505,27.437229908436485,777300
2020-09-17,BOTZ,Robotics&AI ETF,27.161283493041992,27.187893299757363,26.87547995797383,26.87547995797383,889600
2020-09-18,BOTZ,Robotics&AI ETF,26.97403335571289,27.31896832925728,26.806492705810772,27.31896832925728,862200
2020-09-21,BOTZ,Robotics&AI ETF,26.4615535736084,26.51575817328424,26.106761197369774,26.431986915670358,1307100
2020-09-22,BOTZ,Robotics&AI ETF,26.678373336791992,26.698084444480994,26.269378190895964,26.471412345321525,963300
2020-09-23,BOTZ,Robotics&AI ETF,26.441844940185547,26.924755786457485,26.397495889009825,26.806492903158652,877700
2020-09-24,BOTZ,Robotics&AI ETF,26.392568588256836,26.64880733724045,26.146185392667356,26.27430382728186,647600
2020-09-25,BOTZ,Robotics&AI ETF,26.76706886291504,26.77692441581006,26.26444694379587,26.303869155375967,730300
2020-09-28,BOTZ,Robotics&AI ETF,27.161283493041992,27.161283493041992,26.95432250693277,27.003598395124115,952500
2020-09-29,BOTZ,Robotics&AI ETF,27.496362686157227,27.66390332480828,27.38795536450384,27.38795536450384,1710100
2020-09-30,BOTZ,Robotics&AI ETF,27.466798782348633,27.693470865463333,27.39780991032043,27.456943229201745,948400
2020-10-01,BOTZ,Robotics&AI ETF,27.831445693969727,27.880723461198453,27.624484710872924,27.723036485821147,911500
2020-10-02,BOTZ,Robotics&AI ETF,27.575206756591797,27.644193750489436,27.230269907349008,27.279547674243464,1156600
2020-10-05,BOTZ,Robotics&AI ETF,27.86100959777832,27.87086515024897,27.575204215392734,27.575204215392734,1113300
2020-10-06,BOTZ,Robotics&AI ETF,27.782169342041016,28.17638207450741,27.67376013570479,27.910287775184624,1289800
2020-10-07,BOTZ,Robotics&AI ETF,28.24536895751953,28.27000690074857,28.03840797869011,28.03840797869011,1806800
2020-10-08,BOTZ,Robotics&AI ETF,28.334070205688477,28.48189976124546,28.28479431375441,28.46218865256992,758100
2020-10-09,BOTZ,Robotics&AI ETF,28.610015869140625,28.639580648039622,28.4129085709596,28.4129085709596,1075300
2020-10-12,BOTZ,Robotics&AI ETF,28.846542358398438,28.87413715348203,28.67900172549614,28.80712014841934,1240400
2020-10-13,BOTZ,Robotics&AI ETF,28.846542358398438,28.93425358001939,28.747988713205125,28.83668680590366,589200
2020-10-14,BOTZ,Robotics&AI ETF,28.816974639892578,29.043646699663178,28.747987654723644,28.94509493785291,733300
2020-10-15,BOTZ,Robotics&AI ETF,28.472042083740234,28.51146429815159,28.19609410187932,28.25522554374171,1083200
2020-10-16,BOTZ,Robotics&AI ETF,28.481897354125977,28.669149111208643,28.457259410241196,28.472041800621138,710200
2020-10-19,BOTZ,Robotics&AI ETF,28.442476272583008,28.831760287145876,28.373489279616287,28.629726144991373,944900
2020-10-20,BOTZ,Robotics&AI ETF,28.708568572998047,28.866255544528595,28.61494363717936,28.619872353659304,3626500
2020-10-21,BOTZ,Robotics&AI ETF,28.550886154174805,28.816980476366663,28.541030600046803,28.816980476366663,827100
2020-10-22,BOTZ,Robotics&AI ETF,28.619873046875,28.65929338089653,28.363634296593904,28.590306386542892,1035600
2020-10-23,BOTZ,Robotics&AI ETF,28.619873046875,28.71842482180613,28.457259234680325,28.6790044877846,689100
2020-10-26,BOTZ,Robotics&AI ETF,28.00884246826172,28.353779326885945,27.83144626212614,28.33406821959207,2435200
2020-10-27,BOTZ,Robotics&AI ETF,28.10739517211914,28.23551360567674,28.058117405554995,28.156671058928698,704800
2020-10-28,BOTZ,Robotics&AI ETF,27.318965911865234,27.762456381114042,27.29925668637431,27.6047712986599,2211200
2020-10-29,BOTZ,Robotics&AI ETF,27.68361473083496,27.83144426542404,27.525929643306004,27.57520552825086,2190000
2020-10-30,BOTZ,Robotics&AI ETF,27.309110641479492,27.585060478503383,27.131716331701075,27.486506831012388,1524200
2020-11-02,BOTZ,Robotics&AI ETF,27.54564094543457,27.64419271602641,27.338678091731737,27.59491683073049,1132500
2020-11-03,BOTZ,Robotics&AI ETF,28.23551368713379,28.353778447474333,27.92999905257306,27.96941938618351,1160000
2020-11-04,BOTZ,Robotics&AI ETF,28.698715209960938,28.89582063693558,28.30450059650247,28.541028236724795,1244300
2020-11-05,BOTZ,Robotics&AI ETF,29.496997833251953,29.516708940946696,29.221047964789594,29.260470180179084,1345500
2020-11-06,BOTZ,Robotics&AI ETF,29.428007125854492,29.53148760857327,29.1520572921833,29.32945347956089,983100
2020-11-09,BOTZ,Robotics&AI ETF,30.157299041748047,30.551511720252048,29.861638123054302,30.517018228367593,1443400
2020-11-10,BOTZ,Robotics&AI ETF,29.339311599731445,29.584707925974943,29.171770950296708,29.506852249166183,1250800
2020-11-11,BOTZ,Robotics&AI ETF,29.782798767089844,29.91091907612876,29.65566532917751,29.67439144377368,929600
2020-11-12,BOTZ,Robotics&AI ETF,29.565980911254883,29.871495521006608,29.496993923222664,29.861639968465656,581200
2020-11-13,BOTZ,Robotics&AI ETF,30.058748245239258,30.058748245239258,29.748304909162083,29.851787274357477,735700
2020-11-16,BOTZ,Robotics&AI ETF,30.63035774230957,30.63035774230957,30.344554222771798,30.41354121439283,995300
2020-11-17,BOTZ,Robotics&AI ETF,30.393831253051758,30.462818247271144,30.10802584299475,30.354409039352333,772200
2020-11-18,BOTZ,Robotics&AI ETF,30.344554901123047,30.738767633309067,30.344554901123047,30.65006953359789,684700
2020-11-19,BOTZ,Robotics&AI ETF,30.502239227294922,30.502239227294922,30.167157943420744,30.246000487876167,649400
2020-11-20,BOTZ,Robotics&AI ETF,30.610645294189453,30.699343388029142,30.492382422239505,30.531802752971334,560800
2020-11-23,BOTZ,Robotics&AI ETF,30.70920181274414,30.896453570557902,30.531805608473693,30.857031356384635,958100
2020-11-24,BOTZ,Robotics&AI ETF,31.113269805908203,31.123125359355434,30.797899614615282,31.014716151190513,988600
2020-11-25,BOTZ,Robotics&AI ETF,31.103412628173828,31.203938140233152,30.911234045375345,31.11326818110638,998800
2020-11-27,BOTZ,Robotics&AI ETF,31.537050247192383,31.537050247192383,31.30446444146719,31.34979848501837,919800
2020-11-30,BOTZ,Robotics&AI ETF,31.19211196899414,31.615893242979496,31.19211196899414,31.5863247032479,1394600
2020-12-01,BOTZ,Robotics&AI ETF,31.931264877319336,31.990394440443563,31.655313131205308,31.80905826624888,1042200
2020-12-02,BOTZ,Robotics&AI ETF,31.881982803344727,31.94111612147986,31.74400882053849,31.90169390938977,847900
2020-12-03,BOTZ,Robotics&AI ETF,31.881982803344727,32.00024943961499,31.80314213867362,31.891840236121784,524400
2020-12-04,BOTZ,Robotics&AI ETF,32.22692108154297,32.22692108154297,31.81299537924509,31.822852811888072,1057600
2020-12-07,BOTZ,Robotics&AI ETF,31.73415756225586,31.941118552215052,31.65531313207558,31.881985229579843,811900
2020-12-08,BOTZ,Robotics&AI ETF,31.881982803344727,31.916476299046288,31.66516815586738,31.734155147270503,622500
2020-12-09,BOTZ,Robotics&AI ETF,31.684879302978516,32.19242806589175,31.497625675062437,32.19242806589175,696900
2020-12-10,BOTZ,Robotics&AI ETF,31.684879302978516,31.77850235742748,31.349796139042077,31.458205342675793,965100
2020-12-11,BOTZ,Robotics&AI ETF,31.566612243652344,31.63559923422065,31.339940166140916,31.53704746469708,531900
2020-12-14,BOTZ,Robotics&AI ETF,31.793283462524414,32.03868164785093,31.73415390621079,31.931261199443686,742700
2020-12-15,BOTZ,Robotics&AI ETF,32.128360748291016,32.128360748291016,31.84255915603562,31.862270258865035,1067400
2020-12-16,BOTZ,Robotics&AI ETF,32.029815673828125,32.197354443557565,31.872130577814264,32.12836744902082,680800
2020-12-17,BOTZ,Robotics&AI ETF,32.4437370300293,32.4437370300293,32.266344589925154,32.325474150123476,899400
2020-12-18,BOTZ,Robotics&AI ETF,32.32547378540039,32.52258108935894,32.24170440305848,32.51272741594012,915400
2020-12-21,BOTZ,Robotics&AI ETF,32.148075103759766,32.217062090888376,31.60603287938832,31.704584643998096,893200
2020-12-22,BOTZ,Robotics&AI ETF,32.355045318603516,32.38953881802488,32.12836945439513,32.22692499524866,934600
2020-12-23,BOTZ,Robotics&AI ETF,32.60142135620117,32.70982678801681,32.542288044703746,32.56199914853622,702800
2020-12-24,BOTZ,Robotics&AI ETF,32.483158111572266,32.630989525936506,32.45359333250303,32.630989525936506,266600
2020-12-28,BOTZ,Robotics&AI ETF,32.65070343017578,32.799516089152874,32.58171643342896,32.75911264206633,554100
2020-12-29,BOTZ,Robotics&AI ETF,32.768959045410156,33.01534219612753,32.665478573249885,32.972965016029775,572900
2020-12-30,BOTZ,Robotics&AI ETF,32.90694046020508,33.113901451392806,32.85372084546841,32.89708678612873,817900
2020-12-31,BOTZ,Robotics&AI ETF,32.65562438964844,32.887225175877894,32.591566117514105,32.887225175877894,739000
2021-01-04,BOTZ,Robotics&AI ETF,32.522579193115234,33.03505664972357,32.33532933300233,33.00549187168178,1379600
2021-01-05,BOTZ,Robotics&AI ETF,33.10404586791992,33.182886534511425,32.64084426335143,32.65070169636859,1043000
2021-01-06,BOTZ,Robotics&AI ETF,33.1533203125,33.37013871533731,32.8576612465003,32.96607044791896,1455100
2021-01-07,BOTZ,Robotics&AI ETF,33.655941009521484,33.680577069706274,33.27650883949089,33.356338246169344,1163900
2021-01-08,BOTZ,Robotics&AI ETF,33.88262176513672,34.119147553092134,33.45884232224786,33.98117355019987,1202000
2021-01-11,BOTZ,Robotics&AI ETF,33.685508728027344,33.82841142381306,33.39871834510352,33.51796621039586,1307800
2021-01-12,BOTZ,Robotics&AI ETF,33.87275695800781,33.87768567404105,33.567244235105726,33.7544940897718,982400
2021-01-13,BOTZ,Robotics&AI ETF,33.90232849121094,34.02847506054451,33.78406185301294,33.90232849121094,640100
2021-01-14,BOTZ,Robotics&AI ETF,34.7498779296875,34.838576014343175,34.30639126591763,34.30639126591763,1073300
2021-01-15,BOTZ,Robotics&AI ETF,34.020591735839844,34.35567302865351,33.78406221640877,34.35567302865351,1208500
2021-01-19,BOTZ,Robotics&AI ETF,34.59219741821289,34.611908524010396,34.257116138673396,34.414801225544394,1132600
2021-01-20,BOTZ,Robotics&AI ETF,35.10467529296875,35.134243831758575,34.78930511561038,34.83858100091468,1617100
2021-01-21,BOTZ,Robotics&AI ETF,35.09482192993164,35.22294224046258,34.83365635195215,35.22294224046258,1058200
2021-01-22,BOTZ,Robotics&AI ETF,34.907569885253906,35.00514042928792,34.700608900047094,35.004155437859694,690000
2021-01-25,BOTZ,Robotics&AI ETF,35.07510757446289,35.489029487744006,34.740026319160144,35.01597426134755,945300
2021-01-26,BOTZ,Robotics&AI ETF,34.937137603759766,35.12438747746913,34.73116161482671,35.10467637084037,915300
2021-01-27,BOTZ,Robotics&AI ETF,34.434513092041016,34.81887402431976,34.20784100962582,34.552779729438676,1391000
2021-01-28,BOTZ,Robotics&AI ETF,34.27682876586914,34.57249160644583,34.25711765919675,34.30639730563232,1159700
2021-01-29,BOTZ,Robotics&AI ETF,33.360286712646484,34.069871594148765,33.25188125309217,33.92204015733259,1368000
2021-02-01,BOTZ,Robotics&AI ETF,34.07972717285156,34.13885673675101,33.71507731776112,33.991029067492995,689700
2021-02-02,BOTZ,Robotics&AI ETF,34.56262969970703,34.56262969970703,34.138850359875875,34.35566874569889,1118500
2021-02-03,BOTZ,Robotics&AI ETF,34.36552429199219,34.63161857287391,34.2856986393839,34.501528286187884,752100
2021-02-04,BOTZ,Robotics&AI ETF,34.306396484375,34.31625015772072,34.040302189931495,34.13885396142505,1431600
2021-02-05,BOTZ,Robotics&AI ETF,34.55278015136719,34.562633824849435,34.31625063319267,34.473935725472636,580900
2021-02-08,BOTZ,Robotics&AI ETF,35.114532470703125,35.114532470703125,34.74791266844448,34.76959375706017,896700
2021-02-09,BOTZ,Robotics&AI ETF,35.58759307861328,35.58759307861328,35.29193396501735,35.32149874852406,888200
2021-02-10,BOTZ,Robotics&AI ETF,35.558021545410156,35.79454728758526,35.15493828097318,35.567875218205415,1302700
2021-02-11,BOTZ,Robotics&AI ETF,35.81425857543945,35.88324556388496,35.48903097890299,35.75512525983949,680600
2021-02-12,BOTZ,Robotics&AI ETF,35.93252182006836,35.93252182006836,35.4988887796947,35.6565738634223,597800
2021-02-16,BOTZ,Robotics&AI ETF,35.84382629394531,36.326739012188696,35.745274519369545,36.23804091126682,1226900
2021-02-17,BOTZ,Robotics&AI ETF,35.24264907836914,35.68613956264368,34.95684744140026,35.68613956264368,987900
2021-02-18,BOTZ,Robotics&AI ETF,34.8977165222168,34.94699241063208,34.44437233358136,34.79916474538624,1410200
2021-02-19,BOTZ,Robotics&AI ETF,35.28207015991211,35.449612675052514,35.08496286660354,35.08496286660354,723400
2021-02-22,BOTZ,Robotics&AI ETF,34.4936408996582,34.95684242335348,34.4936408996582,34.88884043354275,893700
2021-02-23,BOTZ,Robotics&AI ETF,34.06001281738281,34.197986799338054,33.05476897234014,34.05015538466655,1820800
2021-02-24,BOTZ,Robotics&AI ETF,34.138851165771484,34.15856227035786,33.3307146752741,33.606662620465755,1356900
2021-02-25,BOTZ,Robotics&AI ETF,33.07448196411133,34.247264637109886,32.926650541010744,34.060014759423844,1307700
2021-02-26,BOTZ,Robotics&AI ETF,33.13360595703125,33.3997002181847,32.601421194232984,33.03505419786714,1696500
2021-03-01,BOTZ,Robotics&AI ETF,33.93189239501953,33.93189239501953,33.50811301785651,33.50811301785651,735200
2021-03-02,BOTZ,Robotics&AI ETF,33.636234283447266,34.19798765809079,33.626376850483474,34.19798765809079,1923900
2021-03-03,BOTZ,Robotics&AI ETF,32.67041015625,33.37013746341695,32.67041015625,33.32086158085048,1510000
2021-03-04,BOTZ,Robotics&AI ETF,31.684879302978516,32.660554616663795,31.330086912726024,32.57185651910068,3032400
2021-03-05,BOTZ,Robotics&AI ETF,32.049522399902344,32.148074161623946,30.78803992446954,32.01010019141021,1609200
2021-03-08,BOTZ,Robotics&AI ETF,31.073848724365234,31.881983410296996,31.05413761794494,31.615892872395882,2039900
2021-03-09,BOTZ,Robotics&AI ETF,31.901695251464844,32.039669240075526,31.512411229348345,31.546902846746402,1658200
2021-03-10,BOTZ,Robotics&AI ETF,32.26634216308594,32.542290115281105,32.14906052389411,32.19735141552826,848000
2021-03-11,BOTZ,Robotics&AI ETF,32.8970832824707,32.93650173408727,32.493015017206325,32.719687091914736,666600
2021-03-12,BOTZ,Robotics&AI ETF,33.0054931640625,33.01041812092304,32.670411881602156,32.76896365193971,1124700
2021-03-15,BOTZ,Robotics&AI ETF,33.2617301940918,33.2617301940918,32.86751559169152,33.0153470074689,508600
2021-03-16,BOTZ,Robotics&AI ETF,33.11389923095703,33.45785296125895,32.96607157266804,33.41941573996888,550400
2021-03-17,BOTZ,Robotics&AI ETF,33.340572357177734,33.389848239258555,32.74432177762076,32.81823748049639,672800
2021-03-18,BOTZ,Robotics&AI ETF,32.65070343017578,33.41941782793147,32.64084599663517,33.21245683769099,881000
2021-03-19,BOTZ,Robotics&AI ETF,32.91679382324219,32.99070576844817,32.48315702731957,32.65069954197392,594900
2021-03-22,BOTZ,Robotics&AI ETF,32.94635772705078,33.113896477750366,32.640841243440654,32.74925043954453,620300
2021-03-23,BOTZ,Robotics&AI ETF,31.97067642211914,32.77881285921125,31.881978337096417,32.77881285921125,824300
2021-03-24,BOTZ,Robotics&AI ETF,31.468061447143555,32.167788807120424,31.468061447143555,32.115557946651705,1013200
2021-03-25,BOTZ,Robotics&AI ETF,32.019954681396484,32.06923055772998,31.241383052998806,31.241383052998806,894000
2021-03-26,BOTZ,Robotics&AI ETF,32.67041015625,32.67041015625,32.10865682407272,32.14807527442058,645800
2021-03-29,BOTZ,Robotics&AI ETF,32.27619934082031,32.65070285911686,32.24663455973429,32.563974739219425,472900
2021-03-30,BOTZ,Robotics&AI ETF,32.38460922241211,32.463449893446274,32.00025202228579,32.1579371238635,470400
2021-03-31,BOTZ,Robotics&AI ETF,32.660552978515625,32.77684586684288,32.28604950097643,32.28604950097643,1149200
2021-04-01,BOTZ,Robotics&AI ETF,33.55738830566406,33.55738830566406,32.93650164048272,32.93650164048272,587400
2021-04-05,BOTZ,Robotics&AI ETF,34.1979866027832,34.238393805767714,33.848122933547835,33.86290532302821,1087800
2021-04-06,BOTZ,Robotics&AI ETF,33.9713134765625,34.19798554711883,33.922033833803766,33.99693452976671,906700
2021-04-07,BOTZ,Robotics&AI ETF,33.655941009521484,33.97131115215259,33.596807697962404,33.97131115215259,552000
2021-04-08,BOTZ,Robotics&AI ETF,34.08958053588867,34.08958053588867,33.912184326790495,34.03044721301949,498900
2021-04-09,BOTZ,Robotics&AI ETF,34.20783996582031,34.20783996582031,34.030443774645924,34.13885297586461,323700
2021-04-12,BOTZ,Robotics&AI ETF,33.951602935791016,33.97623899807104,33.59681055527974,33.87275851367341,370900
2021-04-13,BOTZ,Robotics&AI ETF,34.24726104736328,34.24726104736328,33.95160199166192,33.95160199166192,364300
2021-04-14,BOTZ,Robotics&AI ETF,34.10928726196289,34.385235214219776,34.040300273898666,34.24726123809133,514800
2021-04-15,BOTZ,Robotics&AI ETF,34.63161849975586,34.66118327773289,34.24233263185314,34.4345112077216,723200
2021-04-16,BOTZ,Robotics&AI ETF,34.907569885253906,34.92728099234636,34.6119107978857,34.76959589511603,684400
2021-04-19,BOTZ,Robotics&AI ETF,34.37538146972656,34.887858922498175,34.168416746456714,34.887858922498175,665500
2021-04-20,BOTZ,Robotics&AI ETF,33.665794372558594,34.12899591007972,33.49825563060927,34.03044039171958,702200
2021-04-21,BOTZ,Robotics&AI ETF,34.27682876586914,34.27682876586914,33.43912740959302,33.498260729610195,460300
2021-04-22,BOTZ,Robotics&AI ETF,34.24726104736328,34.63161819572594,34.12899817698451,34.45422201040335,733200
2021-04-23,BOTZ,Robotics&AI ETF,34.61191177368164,34.73017841957057,34.2521943977536,34.296541570329914,555900
2021-04-26,BOTZ,Robotics&AI ETF,34.88786315917969,34.9115142324064,34.61684013121696,34.62176884795519,491600
2021-04-27,BOTZ,Robotics&AI ETF,34.51335906982422,34.77945337667762,34.46408318177935,34.77945337667762,604600
2021-04-28,BOTZ,Robotics&AI ETF,34.55278015136719,34.67597174719557,34.36552651962219,34.59219860480532,664900
2021-04-29,BOTZ,Robotics&AI ETF,34.32610321044922,34.749878781403574,33.99102196681591,34.74002510931522,626000
2021-04-30,BOTZ,Robotics&AI ETF,33.84318923950195,34.12899459244925,33.75941987176141,34.01072797498304,444400
2021-05-03,BOTZ,Robotics&AI ETF,33.77420425415039,34.11913917669804,33.72492837371625,34.09942807262265,929100
2021-05-04,BOTZ,Robotics&AI ETF,32.82809829711914,33.389851681675324,32.473305894344875,33.389851681675324,1234600
2021-05-05,BOTZ,Robotics&AI ETF,33.22230911254883,33.301153539515695,32.9956370242829,33.251877652416006,1214600
2021-05-06,BOTZ,Robotics&AI ETF,33.29129409790039,33.31100520345292,32.89708326537673,33.163177551072415,848500
2021-05-07,BOTZ,Robotics&AI ETF,33.77420425415039,33.81362646230118,33.40955822752734,33.40955822752734,435200
2021-05-10,BOTZ,Robotics&AI ETF,32.8970832824707,33.7643493701788,32.8970832824707,33.7643493701788,669000
2021-05-11,BOTZ,Robotics&AI ETF,32.522579193115234,32.64084206479134,31.852416654435785,32.0938711139646,943200
2021-05-12,BOTZ,Robotics&AI ETF,31.19211196899414,31.931263430382504,31.142836082120393,31.832707897125825,876800
2021-05-13,BOTZ,Robotics&AI ETF,31.54690170288086,31.675022013163474,31.19211119078145,31.310375947984284,582800
2021-05-14,BOTZ,Robotics&AI ETF,32.374752044677734,32.443739042193805,31.793287523106976,31.86227828013245,614100
2021-05-17,BOTZ,Robotics&AI ETF,31.881982803344727,32.00024943961499,31.655310723090327,31.961812218900796,769400
2021-05-18,BOTZ,Robotics&AI ETF,32.08894729614258,32.45654833057098,32.07908986343953,32.20721017201587,461000
2021-05-19,BOTZ,Robotics&AI ETF,31.891834259033203,31.965749952971755,31.44834385491026,31.6158863451382,532000
2021-05-20,BOTZ,Robotics&AI ETF,32.49301528930664,32.601424491055226,32.2012961878473,32.21706356862596,481400
2021-05-21,BOTZ,Robotics&AI ETF,32.660552978515625,32.867513942612725,32.51272532966436,32.818238059662306,583800
2021-05-24,BOTZ,Robotics&AI ETF,32.99563217163086,33.07940154333133,32.75121899539035,32.818235996554186,339900
2021-05-25,BOTZ,Robotics&AI ETF,32.887229919433594,33.13361313019248,32.79853181318001,33.12375945594628,319100
2021-05-26,BOTZ,Robotics&AI ETF,33.18288803100586,33.20259913841996,32.956215935007656,33.015349257249966,318900
2021-05-27,BOTZ,Robotics&AI ETF,33.39970016479492,33.42926494059517,33.14543331819038,33.19273921517595,386200
2021-05-28,BOTZ,Robotics&AI ETF,33.75450134277344,33.90233277946534,33.62145605735841,33.63623844912568,390900
2021-06-01,BOTZ,Robotics&AI ETF,33.76435089111328,33.99102673554141,33.651016728408365,33.99102673554141,387800
2021-06-02,BOTZ,Robotics&AI ETF,33.951602935791016,34.01073249287025,33.71507342894717,33.82348262960439,289800
2021-06-03,BOTZ,Robotics&AI ETF,33.823486328125,33.97033276454822,33.59681422901427,33.71507711561348,309700
2021-06-04,BOTZ,Robotics&AI ETF,34.42465591430664,34.47393179511825,34.07774724703794,34.07972098911668,538000
2021-06-07,BOTZ,Robotics&AI ETF,34.55278015136719,34.58234493132307,34.34581541314856,34.437472246226434,630100
2021-06-08,BOTZ,Robotics&AI ETF,34.414798736572266,34.52320793086357,34.23740631624229,34.513354258431974,304700
2021-06-09,BOTZ,Robotics&AI ETF,34.020591735839844,34.48379334165822,34.00088062926149,34.48379334165822,393300
2021-06-10,BOTZ,Robotics&AI ETF,34.16841506958008,34.245289503354726,33.95160044368915,34.050152204593324,416800
2021-06-11,BOTZ,Robotics&AI ETF,34.414798736572266,34.414798736572266,34.17827300312647,34.36552285539678,302800
2021-06-14,BOTZ,Robotics&AI ETF,34.6808967590332,34.70356659924377,34.45422467349158,34.464082106498566,370900
2021-06-15,BOTZ,Robotics&AI ETF,34.641475677490234,34.72918501944531,34.51335537468325,34.71046266526887,380800
2021-06-16,BOTZ,Robotics&AI ETF,34.5330696105957,34.80901758672878,34.29654008854649,34.6513324918657,894200
2021-06-17,BOTZ,Robotics&AI ETF,34.57249069213867,34.6217665777619,34.30639639836232,34.3507435675705,393700
2021-06-18,BOTZ,Robotics&AI ETF,33.90232849121094,34.31132172990766,33.90232849121094,34.2866856665816,458800
2021-06-21,BOTZ,Robotics&AI ETF,34.26697540283203,34.28668650968306,33.73478679638205,34.00088109960704,795600
2021-06-22,BOTZ,Robotics&AI ETF,34.38523864746094,34.46900803283029,34.010735132356004,34.414803428295,301900
2021-06-23,BOTZ,Robotics&AI ETF,34.22755432128906,34.45422641830973,34.168420998780014,34.414804203303696,326300
2021-06-24,BOTZ,Robotics&AI ETF,34.67103958129883,34.68582196980608,34.42465641415458,34.434510086656495,610800
2021-06-25,BOTZ,Robotics&AI ETF,34.71046447753906,34.912496735293715,34.69075337150048,34.897714345642044,249900
2021-06-28,BOTZ,Robotics&AI ETF,34.87800598144531,34.882934698219685,34.680898665073435,34.680898665073435,285200
2021-06-29,BOTZ,Robotics&AI ETF,34.79804611206055,34.9658646687109,34.71907001543387,34.827660265401775,200300
2021-06-30,BOTZ,Robotics&AI ETF,34.50189208984375,34.640096488380316,34.31926269704191,34.640096488380316,304900
2021-07-01,BOTZ,Robotics&AI ETF,34.26496505737305,34.556184675004516,34.08727262493724,34.53150370602676,315200
2021-07-02,BOTZ,Robotics&AI ETF,34.393306732177734,34.65984543829208,34.22548439168146,34.501896993830385,389900
2021-07-06,BOTZ,Robotics&AI ETF,34.40317153930664,34.54137970189048,34.146506768939986,34.50189165543795,493400
2021-07-07,BOTZ,Robotics&AI ETF,34.0872688293457,34.68944825379403,33.98855249600098,34.68944825379403,423700
2021-07-08,BOTZ,Robotics&AI ETF,33.74176025390625,33.929322806678236,33.32714334016424,33.494965637517694,614800
2021-07-09,BOTZ,Robotics&AI ETF,34.334068298339844,34.334068298339844,34.00830133946701,34.09912083092014,455800
2021-07-12,BOTZ,Robotics&AI ETF,34.69932174682617,34.70919187373224,34.37355107212569,34.383424964818445,343300
2021-07-13,BOTZ,Robotics&AI ETF,34.1662483215332,34.63022341933092,34.1662483215332,34.63022341933092,502800
2021-07-14,BOTZ,Robotics&AI ETF,33.78125,34.36368547468231,33.771376106005775,34.36368547468231,475300
2021-07-15,BOTZ,Robotics&AI ETF,33.30740737915039,33.623304227594126,33.035931759806175,33.623304227594126,593500
2021-07-16,BOTZ,Robotics&AI ETF,32.94214630126953,33.43573556341652,32.83849300811313,33.327145323218225,350000
2021-07-19,BOTZ,Robotics&AI ETF,32.339962005615234,32.45348917602884,32.08329728428707,32.20175763522417,1579400
2021-07-20,BOTZ,Robotics&AI ETF,32.91252899169922,33.00137520098984,32.260991378830255,32.409069649576914,425000
2021-07-21,BOTZ,Robotics&AI ETF,33.43573760986328,33.4456115045514,32.97176623578288,33.1198407640176,472900
2021-07-22,BOTZ,Robotics&AI ETF,33.36662673950195,33.60355119521245,33.277780539333826,33.57393328463209,282300
2021-07-23,BOTZ,Robotics&AI ETF,33.425865173339844,33.53445541268769,33.24817273909558,33.53445541268769,229300
2021-07-26,BOTZ,Robotics&AI ETF,33.44560241699219,33.504830705878085,33.25704949071315,33.31726818142871,297400
2021-07-27,BOTZ,Robotics&AI ETF,33.05073547363281,33.29753009673263,32.71509463558558,33.29753009673263,623100
2021-07-28,BOTZ,Robotics&AI ETF,33.48509979248047,33.61343407826923,33.10997459677163,33.10997459677163,725900
2021-07-29,BOTZ,Robotics&AI ETF,33.78125,33.90958049562748,33.731888061603236,33.771376106005775,495500
2021-07-30,BOTZ,Robotics&AI ETF,33.57394027709961,33.840478933116174,33.52458210356778,33.63317234481015,352700
2021-08-02,BOTZ,Robotics&AI ETF,33.94906997680664,34.05766022061574,33.83060960437278,33.83060960437278,364300
2021-08-03,BOTZ,Robotics&AI ETF,34.14650344848633,34.15637357624598,33.81184925405007,34.08727138456735,308600
2021-08-04,BOTZ,Robotics&AI ETF,33.97868347167969,34.126761758700255,33.870096995756846,33.870096995756846,354000
2021-08-05,BOTZ,Robotics&AI ETF,34.35380935668945,34.37849032429004,34.037912553494046,34.15637291324559,338100
2021-08-06,BOTZ,Robotics&AI ETF,33.91945266723633,34.15144020908725,33.8306064547357,34.13663313463498,254900
2021-08-09,BOTZ,Robotics&AI ETF,34.12676239013672,34.22251883060332,33.8009954247661,33.8009954247661,259200
2021-08-10,BOTZ,Robotics&AI ETF,34.03791809082031,34.36368884036747,34.018174066685255,34.35381494540617,235700
2021-08-11,BOTZ,Robotics&AI ETF,34.689456939697266,34.73289153471867,34.324201895921384,34.6993308349761,607500
2021-08-12,BOTZ,Robotics&AI ETF,34.81778335571289,34.92637358453365,34.531500709873946,34.531500709873946,457400
2021-08-13,BOTZ,Robotics&AI ETF,34.97573471069336,34.97573471069336,34.649963996677144,34.649963996677144,345200
2021-08-16,BOTZ,Robotics&AI ETF,34.551246643066406,34.610478707280706,34.205735682950554,34.52163249385277,676600
2021-08-17,BOTZ,Robotics&AI ETF,34.24522018432617,34.32913321729294,33.879965200412634,33.949067392888516,1252100
2021-08-18,BOTZ,Robotics&AI ETF,34.24522018432617,34.55124686942442,34.11688969303499,34.16624786397676,456000
2021-08-19,BOTZ,Robotics&AI ETF,34.05765914916992,34.40021021821894,33.810864517654196,33.944131961726306,588700
2021-08-20,BOTZ,Robotics&AI ETF,34.255096435546875,34.33406876133145,34.00928843434224,34.02804582095866,397600
2021-08-23,BOTZ,Robotics&AI ETF,35.281761169433594,35.316312266226205,34.768427898666914,34.80791217658196,502600
2021-08-24,BOTZ,Robotics&AI ETF,35.972782135009766,36.08137236936819,35.380476558601856,35.380476558601856,500800
2021-08-25,BOTZ,Robotics&AI ETF,35.785221099853516,35.949093094543585,35.71611890519953,35.83457927235105,446300
2021-08-26,BOTZ,Robotics&AI ETF,35.725982666015625,35.95303323166727,35.528550011213504,35.76547070329065,648500
2021-08-27,BOTZ,Robotics&AI ETF,36.32816696166992,36.32816696166992,35.65688530045907,35.65688530045907,395700
2021-08-30,BOTZ,Robotics&AI ETF,36.130733489990234,36.42195312098407,36.096182391308325,36.32816995351002,401100
2021-08-31,BOTZ,Robotics&AI ETF,36.19983673095703,36.375555904055034,36.135671478922895,36.338044895456406,410400
2021-09-01,BOTZ,Robotics&AI ETF,36.82176208496094,36.880994158346546,36.51573912027099,36.51573912027099,752800
2021-09-02,BOTZ,Robotics&AI ETF,37.22650146484375,37.414067795659335,36.99945085482399,37.068553050665344,564800
2021-09-03,BOTZ,Robotics&AI ETF,37.96688461303711,37.98662863514313,37.59175949038426,37.60162961854369,834500
2021-09-07,BOTZ,Robotics&AI ETF,38.41111755371094,38.51477085044036,38.01624462406686,38.25316913501077,1744400
2021-09-08,BOTZ,Robotics&AI ETF,38.006370544433594,38.37162551862209,37.729961781889536,38.30252332798607,691100
2021-09-09,BOTZ,Robotics&AI ETF,38.41111755371094,38.49996377459149,38.12483486800835,38.22355498331304,456400
2021-09-10,BOTZ,Robotics&AI ETF,37.947139739990234,38.78130676777478,37.947139739990234,38.67765347838292,805400
2021-09-13,BOTZ,Robotics&AI ETF,38.35188293457031,38.52957536451692,37.93726977521963,38.52957536451692,657800
2021-09-14,BOTZ,Robotics&AI ETF,38.11496353149414,38.5443837806522,38.03598744175317,38.40124620812433,500000
2021-09-15,BOTZ,Robotics&AI ETF,38.64803695678711,38.64803695678711,38.154447742860256,38.31239614068538,575100
2021-09-16,BOTZ,Robotics&AI ETF,38.49995803833008,38.53450913209198,38.13470308059186,38.34200964316327,369100
2021-09-17,BOTZ,Robotics&AI ETF,38.49995803833008,38.626315248148806,38.23341941540107,38.529572185615486,405800
2021-09-20,BOTZ,Robotics&AI ETF,37.65098571777344,37.93726837386663,37.28573074339172,37.5127813364283,895500
2021-09-21,BOTZ,Robotics&AI ETF,38.193939208984375,38.41111970905389,37.85829832968947,38.03599078142133,627600
2021-09-22,BOTZ,Robotics&AI ETF,38.20381164550781,38.39137421926999,37.9866311537293,38.20381164550781,433800
2021-09-23,BOTZ,Robotics&AI ETF,38.88496017456055,38.93925529285168,38.41111495057275,38.460473121986404,607800
2021-09-24,BOTZ,Robotics&AI ETF,38.27291488647461,38.430863312307714,38.164324637629186,38.39137526440256,945200
2021-09-27,BOTZ,Robotics&AI ETF,37.828678131103516,38.05079177737961,37.44565240817052,37.828678131103516,567000
2021-09-28,BOTZ,Robotics&AI ETF,36.48611831665039,37.13765600924103,36.44367036201709,37.029065766178036,730800
2021-09-29,BOTZ,Robotics&AI ETF,36.24919128417969,36.76252449318592,36.1998293525973,36.6638043958078,428300
2021-09-30,BOTZ,Robotics&AI ETF,36.10112380981445,36.5848430170599,36.05176562926805,36.40715055446262,504900
2021-10-01,BOTZ,Robotics&AI ETF,35.65688705444336,35.92342570648714,35.084325471591214,35.8543235114151,1375100
2021-10-04,BOTZ,Robotics&AI ETF,34.32419967651367,35.18304398664363,34.15637735971389,35.173173857790665,1399800
2021-10-05,BOTZ,Robotics&AI ETF,34.79804611206055,34.9658646687109,34.432791079631066,34.64009768459475,776300
2021-10-06,BOTZ,Robotics&AI ETF,34.768428802490234,34.798042953143124,33.9293247980485,34.116891127616064,1023400
2021-10-07,BOTZ,Robotics&AI ETF,35.183040618896484,35.53348852933663,35.12381231987324,35.143552575689604,472800
2021-10-08,BOTZ,Robotics&AI ETF,34.97573471069336,35.42983591890947,34.93624666673009,35.32124568090406,893600
2021-10-11,BOTZ,Robotics&AI ETF,34.748687744140625,35.26202107203829,34.748687744140625,35.0547107024231,374100
2021-10-12,BOTZ,Robotics&AI ETF,34.98560333251953,35.09419356584969,34.71906469592378,34.847398950385504,652100
2021-10-13,BOTZ,Robotics&AI ETF,35.4397087097168,35.4397087097168,35.02509179258195,35.22252824046583,466000
2021-10-14,BOTZ,Robotics&AI ETF,36.505863189697266,36.505863189697266,35.90368365744248,36.01227390303431,673800
2021-10-15,BOTZ,Robotics&AI ETF,37.06855392456055,37.26303047954507,36.900735378071566,37.0290658786382,456700
2021-10-18,BOTZ,Robotics&AI ETF,36.85137939453125,36.95009574941889,36.29855801611283,36.62432499987209,484200
2021-10-19,BOTZ,Robotics&AI ETF,37.12778854370117,37.40321071622136,37.04881244643172,37.14753256801853,398900
2021-10-20,BOTZ,Robotics&AI ETF,36.95009231567383,37.11791085654507,36.762529752502346,37.01919451083107,671000
2021-10-21,BOTZ,Robotics&AI ETF,36.64406967163086,36.8958012765671,36.52560929051459,36.65394356676666,496000
2021-10-22,BOTZ,Robotics&AI ETF,36.634193420410156,36.89085816423591,36.50585916560379,36.89085816423591,511900
2021-10-25,BOTZ,Robotics&AI ETF,37.04881286621094,37.14259604133412,36.54535342067031,36.66381380212911,521300
2021-10-26,BOTZ,Robotics&AI ETF,36.7427864074707,37.46342628867042,36.56509396928038,37.226501782487574,1128500
2021-10-27,BOTZ,Robotics&AI ETF,36.130733489990234,36.59964556157315,36.12086336141854,36.43676019673527,706500
2021-10-28,BOTZ,Robotics&AI ETF,36.999454498291016,37.00932839340481,36.47625103088845,36.49599505532842,616600
2021-10-29,BOTZ,Robotics&AI ETF,37.1968879699707,37.206758098499,36.920479181730755,36.920479181730755,339200
2021-11-01,BOTZ,Robotics&AI ETF,37.98662567138672,37.99649956456294,37.55226851630482,37.57201253687039,656100
2021-11-02,BOTZ,Robotics&AI ETF,38.15444564819336,38.15444564819336,37.90765105477888,38.01623751262047,468300
2021-11-03,BOTZ,Robotics&AI ETF,38.48021697998047,38.49996100161934,37.97478057022923,38.20380820861045,546000
2021-11-04,BOTZ,Robotics&AI ETF,39.26008987426758,39.47727035196021,38.85436019873904,38.8849609852859,675000
2021-11-05,BOTZ,Robotics&AI ETF,39.24034118652344,39.47232871178725,38.95405854829206,39.45752163839368,611800
2021-11-08,BOTZ,Robotics&AI ETF,39.31931686401367,39.37854515698291,39.04290435560607,39.240340785672444,430600
2021-11-09,BOTZ,Robotics&AI ETF,38.92445373535156,39.47727512459051,38.805993354010226,39.42791318039296,472100
2021-11-10,BOTZ,Robotics&AI ETF,37.32522201538086,38.161362360661606,37.122848606765196,37.564116029071975,1062800
2021-11-11,BOTZ,Robotics&AI ETF,37.404197692871094,37.87804298343608,37.37458353901941,37.8681728540814,368100
2021-11-12,BOTZ,Robotics&AI ETF,37.97676467895508,37.97676467895508,37.46343131813334,37.50291936876296,418400
2021-11-15,BOTZ,Robotics&AI ETF,37.57201385498047,38.263035770083604,37.43380570617284,38.223551493354144,608000
2021-11-16,BOTZ,Robotics&AI ETF,37.72996520996094,37.779323384073116,37.35483630829127,37.443682528008104,417000
2021-11-17,BOTZ,Robotics&AI ETF,37.631248474121094,37.887917027805315,37.57202016618445,37.81881482468748,547400
2021-11-18,BOTZ,Robotics&AI ETF,37.89778137207031,38.302524399599406,37.67566771963848,38.16432001446075,777600
2021-11-19,BOTZ,Robotics&AI ETF,37.828678131103516,38.08435623652407,37.77931996146293,37.97675640581222,412500
2021-11-22,BOTZ,Robotics&AI ETF,36.98957824707031,37.99650073213419,36.98957824707031,37.8879104985802,580500
2021-11-23,BOTZ,Robotics&AI ETF,36.53547286987305,36.99944794759726,36.150473875926124,36.89085771529696,581500
2021-11-24,BOTZ,Robotics&AI ETF,36.73291015625,36.762528071239444,35.864195809491584,36.0418844704931,414700
2021-11-26,BOTZ,Robotics&AI ETF,35.85432052612305,36.2097053659248,35.65688408559019,35.98265477733743,575800
2021-11-29,BOTZ,Robotics&AI ETF,36.39727020263672,36.57496263371445,35.93329886885564,36.308423987097854,599400
2021-11-30,BOTZ,Robotics&AI ETF,35.735862731933594,36.52560478493697,35.45056669714574,36.18996394168714,556700
2021-12-01,BOTZ,Robotics&AI ETF,34.955989837646484,36.535473899850295,34.955989837646484,36.535473899850295,630600
2021-12-02,BOTZ,Robotics&AI ETF,35.587791442871094,35.70625183265363,34.96586780638396,35.20279235173693,595500
2021-12-03,BOTZ,Robotics&AI ETF,35.02509689331055,35.839520005819644,34.57099563309747,35.839520005819644,645700
2021-12-06,BOTZ,Robotics&AI ETF,35.262020111083984,35.33112231047671,34.34394372968074,35.00535157123607,534400
2021-12-07,BOTZ,Robotics&AI ETF,36.55522537231445,36.64407160428442,35.97278979957529,36.05176590167652,456900
2021-12-08,BOTZ,Robotics&AI ETF,36.78227233886719,36.91554355638864,36.35778901277972,36.68355598690032,485600
2021-12-09,BOTZ,Robotics&AI ETF,35.7457389831543,36.663815453841714,35.7457389831543,36.40715065482024,713400
2021-12-10,BOTZ,Robotics&AI ETF,35.706241607666016,36.27880689826391,35.5976551448369,36.27880689826391,335000
2021-12-13,BOTZ,Robotics&AI ETF,35.13368606567383,35.84445585344092,35.12381593674927,35.75560962997003,485600
2021-12-14,BOTZ,Robotics&AI ETF,34.60060501098633,34.90663169582472,34.27483807041764,34.768427310990305,554500
2021-12-15,BOTZ,Robotics&AI ETF,35.518680572509766,35.518680572509766,34.388360782845936,34.65983636591757,687900
2021-12-16,BOTZ,Robotics&AI ETF,34.83753204345703,35.9727851200747,34.738811928672455,35.94317096853299,563100
2021-12-17,BOTZ,Robotics&AI ETF,34.60060501098633,34.975733888241926,34.240286974209035,34.4229125831172,441300
2021-12-20,BOTZ,Robotics&AI ETF,34.2353515625,34.29458362970803,33.93919875803429,34.0774031490658,509000
2021-12-21,BOTZ,Robotics&AI ETF,35.23240661621094,35.24228051209949,34.472278561672546,34.57099869161851,456600
2021-12-22,BOTZ,Robotics&AI ETF,35.49893569946289,35.53842374074146,34.906630143431954,35.054704649546245,305800
2021-12-23,BOTZ,Robotics&AI ETF,35.86419677734375,35.96291312120717,35.48906789224593,35.59765812996796,620200
2021-12-27,BOTZ,Robotics&AI ETF,36.32816696166992,36.382462078811024,35.918486992618725,35.96291198200099,528800
2021-12-28,BOTZ,Robotics&AI ETF,35.91355514526367,36.39727050493615,35.89381112322582,36.32816831069722,385200
2021-12-29,BOTZ,Robotics&AI ETF,35.528560638427734,35.893815678009645,35.36073831270353,35.83458360437976,454600
2021-12-30,BOTZ,Robotics&AI ETF,35.637142181396484,35.893810699068425,35.45944975094271,35.45944975094271,273700
2021-12-31,BOTZ,Robotics&AI ETF,35.47919845581055,35.755611031772006,35.47919845581055,35.6272767559966,232300
2022-01-03,BOTZ,Robotics&AI ETF,35.62726593017578,35.76547029326746,35.36072733030477,35.686497985409275,295600
2022-01-04,BOTZ,Robotics&AI ETF,35.410091400146484,35.83457845232843,35.07445056274185,35.79509040891916,549700
2022-01-05,BOTZ,Robotics&AI ETF,34.35380935668945,35.60752644190301,34.35380935668945,35.34098780812183,730600
2022-01-06,BOTZ,Robotics&AI ETF,34.028045654296875,34.339005540316734,33.652916752742314,34.067529934102126,827300
2022-01-07,BOTZ,Robotics&AI ETF,33.46535110473633,33.94906643846869,33.277784788328844,33.71214571829401,569100
2022-01-10,BOTZ,Robotics&AI ETF,33.001380920410156,33.02112494431731,32.270867098995545,32.961892872595854,1029700
2022-01-11,BOTZ,Robotics&AI ETF,33.198814392089844,33.24817256450135,32.39919844218962,32.650930017011625,942800
2022-01-12,BOTZ,Robotics&AI ETF,33.54432678222656,33.82073557204083,33.34689031845038,33.652917025592835,460800
2022-01-13,BOTZ,Robotics&AI ETF,32.320228576660156,33.366635468171836,32.256059558438245,33.366635468171836,1025000
2022-01-14,BOTZ,Robotics&AI ETF,31.76740264892578,32.10304347072585,31.431761827125708,31.95496519771906,827800
2022-01-18,BOTZ,Robotics&AI ETF,30.8295841217041,31.313301361048683,30.760481927925383,31.313301361048683,867300
2022-01-19,BOTZ,Robotics&AI ETF,30.40509796142578,31.06650765163668,30.385355821831045,30.93817527124962,775400
2022-01-20,BOTZ,Robotics&AI ETF,30.158302307128906,31.14548080337396,30.13856016820311,30.651891555251435,773700
2022-01-21,BOTZ,Robotics&AI ETF,29.111892700195312,29.9115067294509,29.097085625749642,29.79304636809855,1233100
2022-01-24,BOTZ,Robotics&AI ETF,28.924327850341797,28.98059812163757,27.483048216208857,28.312278265370686,1529800
2022-01-25,BOTZ,Robotics&AI ETF,28.440610885620117,28.835481892766936,28.095098048281592,28.40112472635218,868500
2022-01-26,BOTZ,Robotics&AI ETF,28.38138198852539,29.427790675500823,28.169138459544932,29.08227782254006,1574300
2022-01-27,BOTZ,Robotics&AI ETF,27.719970703125,28.61830293883188,27.62125248189374,28.519584717600623,1111300
2022-01-28,BOTZ,Robotics&AI ETF,28.025997161865234,28.025997161865234,27.098050722602228,27.512665770128056,939800
2022-01-31,BOTZ,Robotics&AI ETF,29.319202423095703,29.319202423095703,28.13458746105188,28.262919838541396,649000
2022-02-01,BOTZ,Robotics&AI ETF,29.763429641723633,29.788108726188312,29.1711222001041,29.714071472794277,695800
2022-02-02,BOTZ,Robotics&AI ETF,29.93125343322754,30.30638233788237,29.664714771956,30.30638233788237,764000
2022-02-03,BOTZ,Robotics&AI ETF,28.598562240600586,29.245164876039127,28.568948088816047,29.092151521208844,802600
2022-02-04,BOTZ,Robotics&AI ETF,28.78612518310547,28.97368962709928,28.361638122805907,28.62817677223497,410700
2022-02-07,BOTZ,Robotics&AI ETF,28.78612518310547,29.11189401588757,28.667664816399384,28.825613227269884,308300
2022-02-08,BOTZ,Robotics&AI ETF,29.092151641845703,29.131639688247077,28.568948207283334,28.746640650302133,423500
2022-02-09,BOTZ,Robotics&AI ETF,30.089200973510742,30.089200973510742,29.54625353821763,29.615355733666544,652000
2022-02-10,BOTZ,Robotics&AI ETF,29.427791595458984,30.232342628538888,29.329073365399314,29.457407629344974,716700
2022-02-11,BOTZ,Robotics&AI ETF,28.568946838378906,29.516637311878227,28.45048458774469,29.348816888501023,674400
2022-02-14,BOTZ,Robotics&AI ETF,28.489971160888672,28.815739979691426,28.24317654413224,28.43073909718381,594300
2022-02-15,BOTZ,Robotics&AI ETF,29.635099411010742,29.635099411010742,29.023047904501183,29.16125417668349,673100
2022-02-16,BOTZ,Robotics&AI ETF,30.079328536987305,30.153367678431977,29.487022937004255,29.773303725943585,770300
2022-02-17,BOTZ,Robotics&AI ETF,29.082277297973633,29.814764307091114,29.062535159249865,29.787123429984305,487100
2022-02-18,BOTZ,Robotics&AI ETF,28.341894149780273,28.904587482735664,28.174075610471775,28.835483405328326,634500
2022-02-22,BOTZ,Robotics&AI ETF,28.085229873657227,28.63804932210536,27.823626283379816,28.154332069351543,753600
2022-02-23,BOTZ,Robotics&AI ETF,27.334970474243164,28.44060922988705,27.25599627741146,28.44060922988705,503900
2022-02-24,BOTZ,Robotics&AI ETF,28.035869598388672,28.074369123846925,26.24907700395483,26.367537371963856,1335200
2022-02-25,BOTZ,Robotics&AI ETF,28.924327850341797,28.924327850341797,28.104969811633495,28.48009867729376,680600
2022-02-28,BOTZ,Robotics&AI ETF,29.190872192382812,29.41792282853491,28.60843664197954,28.60843664197954,824200
2022-03-01,BOTZ,Robotics&AI ETF,28.64792251586914,29.40410015470191,28.40112787369155,29.259972174049096,535900
2022-03-02,BOTZ,Robotics&AI ETF,29.358686447143555,29.42778863636871,28.667662671998528,29.062533669637606,728500
2022-03-03,BOTZ,Robotics&AI ETF,28.766380310058594,29.30932960389634,28.60349683993274,29.30932960389634,689200
2022-03-04,BOTZ,Robotics&AI ETF,27.729843139648438,28.35176474204325,27.453432492532137,28.223432370496013,938000
2022-03-07,BOTZ,Robotics&AI ETF,26.27869415283203,27.359654000541507,26.27869415283203,27.265872714979245,805900
2022-03-08,BOTZ,Robotics&AI ETF,26.367536544799805,27.11779242259755,26.012153569027692,26.476126781146206,690700
2022-03-09,BOTZ,Robotics&AI ETF,27.453433990478516,27.581768251921563,26.97958875490478,27.14740917786551,527900
2022-03-10,BOTZ,Robotics&AI ETF,26.979589462280273,27.157281901002722,26.66467926655005,27.0684356816415,606400
2022-03-11,BOTZ,Robotics&AI ETF,26.189847946166992,27.19676864911773,26.189847946166992,27.157282485714603,597900
2022-03-14,BOTZ,Robotics&AI ETF,25.794973373413086,26.47612706554106,25.681448071874016,26.239204451516887,523900
2022-03-15,BOTZ,Robotics&AI ETF,26.199716567993164,26.22439565228882,25.479074879463287,25.676511319615418,530300
2022-03-16,BOTZ,Robotics&AI ETF,27.502792358398438,27.502792358398438,26.574844083502686,26.801894676254722,791600
2022-03-17,BOTZ,Robotics&AI ETF,28.38138198852539,28.38138198852539,27.63112609957714,27.63112609957714,571100
2022-03-18,BOTZ,Robotics&AI ETF,29.180994033813477,29.23528914904315,28.203687608359697,28.26291778729505,603200
2022-03-21,BOTZ,Robotics&AI ETF,29.0131778717041,29.37843477487843,28.776255238385772,29.210614340916234,774800
2022-03-22,BOTZ,Robotics&AI ETF,29.082277297973633,29.146444426783095,28.677534269286628,28.746638344947183,426900
2022-03-23,BOTZ,Robotics&AI ETF,28.38138198852539,28.919394348493178,28.38138198852539,28.825613068459738,521600
2022-03-24,BOTZ,Robotics&AI ETF,29.03291893005371,29.03291893005371,28.430739455062024,28.62817590410985,664900
2022-03-25,BOTZ,Robotics&AI ETF,28.628175735473633,28.934200535090927,28.36065045949689,28.924328524407336,465600
2022-03-28,BOTZ,Robotics&AI ETF,28.707149505615234,28.707149505615234,28.16420210645103,28.44061086985383,372200
2022-03-29,BOTZ,Robotics&AI ETF,29.575868606567383,29.58574061806548,29.152370045793084,29.19086957261008,521400
2022-03-30,BOTZ,Robotics&AI ETF,29.121767044067383,29.56599814196485,28.978625703312236,29.388305702805862,523900
2022-03-31,BOTZ,Robotics&AI ETF,28.638050079345703,29.25997173993285,28.628178067857824,29.141511367865615,443100
2022-04-01,BOTZ,Robotics&AI ETF,28.73676872253418,28.835485073038218,28.450486033970137,28.805870921044484,335400
2022-04-04,BOTZ,Robotics&AI ETF,28.993432998657227,29.0131751374029,28.687406311930054,28.736766366028085,416100
2022-04-05,BOTZ,Robotics&AI ETF,28.144460678100586,28.973690810486158,28.040807382275805,28.973690810486158,350200
2022-04-06,BOTZ,Robotics&AI ETF,27.30535888671875,27.650871760154775,27.02401314705217,27.650871760154775,804600
2022-04-07,BOTZ,Robotics&AI ETF,27.265871047973633,27.44356159666563,26.905549237873142,27.196766971217585,409500
2022-04-08,BOTZ,Robotics&AI ETF,26.880868911743164,27.1868955888634,26.83151074208815,27.038817314111395,490300
2022-04-11,BOTZ,Robotics&AI ETF,25.982540130615234,26.29843697746018,25.93318195438086,26.27869483670267,782600
2022-04-12,BOTZ,Robotics&AI ETF,25.577796936035156,26.328052885095744,25.49388766026541,26.05164220400172,794400
2022-04-13,BOTZ,Robotics&AI ETF,26.229333877563477,26.278693934997882,25.6765144145538,25.72587258909454,617300
2022-04-14,BOTZ,Robotics&AI ETF,25.735742568969727,26.37740820181378,25.735742568969727,26.35766606329215,450600
2022-04-18,BOTZ,Robotics&AI ETF,25.469205856323242,25.64689829672214,25.271771275908424,25.429719693397743,657200
2022-04-19,BOTZ,Robotics&AI ETF,25.99241065979004,26.02202669357755,25.439591209345135,25.508693405289044,533400
2022-04-20,BOTZ,Robotics&AI ETF,25.834463119506836,26.23821954420467,25.77523293282133,26.17997599381071,567800
2022-04-21,BOTZ,Robotics&AI ETF,25.400104522705078,26.57484756525825,25.321130311275084,26.39715511881733,401800
2022-04-22,BOTZ,Robotics&AI ETF,24.472156524658203,25.212540417988254,24.432668479891667,25.17305237322172,612800
2022-04-25,BOTZ,Robotics&AI ETF,24.600488662719727,24.620232684909055,24.126643427537385,24.176001600117115,694400
2022-04-26,BOTZ,Robotics&AI ETF,23.524465560913086,24.403053897381792,23.524465560913086,24.403053897381792,1289400
2022-04-27,BOTZ,Robotics&AI ETF,23.406002044677734,23.929207343467873,23.366515882578764,23.692284722193172,862600
2022-04-28,BOTZ,Robotics&AI ETF,24.037796020507812,24.166128392597745,23.267796139287725,23.6429250107386,780200
2022-04-29,BOTZ,Robotics&AI ETF,23.544206619262695,24.422794845080123,23.519527534371072,24.018051827598377,624900
2022-05-02,BOTZ,Robotics&AI ETF,23.810747146606445,23.810747146606445,23.18882361372731,23.346772029053582,503100
2022-05-03,BOTZ,Robotics&AI ETF,23.79100227355957,23.929206661306548,23.504719604205327,23.75151422969268,828400
2022-05-04,BOTZ,Robotics&AI ETF,24.63997459411621,24.664655563069196,23.524463711346083,23.869976564858565,1013500
2022-05-05,BOTZ,Robotics&AI ETF,23.484975814819336,24.35369200701486,23.22337224981863,24.35369200701486,1102000
2022-05-06,BOTZ,Robotics&AI ETF,22.922286987304688,23.277671894716693,22.65575018963948,23.23818572883414,1207300
2022-05-09,BOTZ,Robotics&AI ETF,21.688310623168945,22.438566497216673,21.604401355788706,22.438566497216673,1244800
2022-05-10,BOTZ,Robotics&AI ETF,21.411901473999023,21.79591383736565,21.076260644625812,21.698182250291765,1925500
2022-05-11,BOTZ,Robotics&AI ETF,20.94792938232422,21.69818535029438,20.918315229138482,21.313186295729682,1060200
2022-05-12,BOTZ,Robotics&AI ETF,21.017030715942383,21.342799538607416,20.6122858074012,20.730748053321904,2501500
2022-05-13,BOTZ,Robotics&AI ETF,22.172027587890625,22.211515630578315,21.510619818913394,21.510619818913394,762100
2022-05-16,BOTZ,Robotics&AI ETF,22.004207611083984,22.27568129661864,21.885745373688714,22.043693768286815,603400
2022-05-17,BOTZ,Robotics&AI ETF,22.705106735229492,22.719913811009103,22.280619655873085,22.487928131255973,705500
2022-05-18,BOTZ,Robotics&AI ETF,22.08318328857422,22.76433507984975,22.004209085981685,22.438566258793863,647000
2022-05-19,BOTZ,Robotics&AI ETF,22.507667541503906,22.73965507601425,22.132540565065998,22.162156595926923,879400
2022-05-20,BOTZ,Robotics&AI ETF,22.290491104125977,22.734722195226237,21.772222753104746,22.70510616152168,705100
2022-05-23,BOTZ,Robotics&AI ETF,22.55702781677246,22.64587402734343,22.300361195444484,22.50766776484778,516500
2022-05-24,BOTZ,Robotics&AI ETF,22.162160873413086,22.3980949981034,21.944980370968793,22.369467480771217,617000
2022-05-25,BOTZ,Robotics&AI ETF,22.438566207885742,22.566900463615895,21.964720993405592,21.964720993405592,469000
2022-05-26,BOTZ,Robotics&AI ETF,22.882797241210938,22.971643454163182,22.216450644069102,22.231259601490148,635800
2022-05-27,BOTZ,Robotics&AI ETF,23.475107192993164,23.475107192993164,22.971645893760503,22.971645893760503,472200
2022-05-31,BOTZ,Robotics&AI ETF,23.544206619262695,23.77125721289519,23.386258216484133,23.739667908918175,528300
2022-06-01,BOTZ,Robotics&AI ETF,23.13946533203125,23.845298133492392,23.030875090916112,23.72190081691378,496000
2022-06-02,BOTZ,Robotics&AI ETF,24.097028732299805,24.097028732299805,23.25792657159605,23.277670594881716,669700
2022-06-03,BOTZ,Robotics&AI ETF,23.435619354248047,23.776195287828692,23.37145221908866,23.672541988420722,371800
2022-06-06,BOTZ,Robotics&AI ETF,23.484975814819336,23.879846811271847,23.39612960525584,23.850230780452872,408000
2022-06-07,BOTZ,Robotics&AI ETF,23.67253875732422,23.68734771442815,23.119719353043045,23.19869355365464,370400
2022-06-08,BOTZ,Robotics&AI ETF,23.396133422851562,23.712030271559115,23.34677336343242,23.40600355184165,398900
2022-06-09,BOTZ,Robotics&AI ETF,22.813697814941406,23.396133333609473,22.813697814941406,23.29741509804148,329000
2022-06-10,BOTZ,Robotics&AI ETF,22.023954391479492,22.468185521750875,22.004212250162595,22.379339295696596,586600
2022-06-13,BOTZ,Robotics&AI ETF,20.76036262512207,21.244079819724906,20.70113056488168,21.10587356205739,1232600
2022-06-14,BOTZ,Robotics&AI ETF,20.632030487060547,20.868953103566593,20.409914945681887,20.789978898064575,532100
2022-06-15,BOTZ,Robotics&AI ETF,21.017030715942383,21.23420930342123,20.50369745510854,20.76036408552546,730700
2022-06-16,BOTZ,Robotics&AI ETF,20.276647567749023,20.503698173922274,20.12363422033996,20.434595979251597,806200
2022-06-17,BOTZ,Robotics&AI ETF,20.454336166381836,20.65177260336375,20.207541561601147,20.365489958029315,439500
2022-06-21,BOTZ,Robotics&AI ETF,20.69126319885254,20.918315714947617,20.671521057234813,20.711007223364078,495300
2022-06-22,BOTZ,Robotics&AI ETF,20.641902923583984,20.859081522467648,20.326006095064614,20.365492257182723,455900
2022-06-23,BOTZ,Robotics&AI ETF,20.632030487060547,20.72087670361201,20.335877687151388,20.72087670361201,458300
2022-06-24,BOTZ,Robotics&AI ETF,21.313182830810547,21.313182830810547,20.839337627934903,20.859079765884623,421800
2022-06-27,BOTZ,Robotics&AI ETF,21.194721221923828,21.43164383044068,21.0663888483956,21.392157670467967,575800
2022-06-28,BOTZ,Robotics&AI ETF,20.720876693725586,21.402030392663956,20.711004682680848,21.253953992780026,343200
2022-06-29,BOTZ,Robotics&AI ETF,20.381515502929688,20.614021795149515,20.252893234185873,20.609075655791294,434800
2022-06-30,BOTZ,Robotics&AI ETF,20.10448455810547,20.267735464016543,19.74335599647334,20.04512145010107,583300
2022-07-01,BOTZ,Robotics&AI ETF,20.35183334350586,20.35183334350586,19.965970305102843,20.07480424398337,452800
2022-07-05,BOTZ,Robotics&AI ETF,20.49034881591797,20.49034881591797,19.797774148806894,19.89671392614256,493300
2022-07-06,BOTZ,Robotics&AI ETF,20.470558166503906,20.688224122249093,20.371618409485585,20.559603759108505,351300
2022-07-07,BOTZ,Robotics&AI ETF,21.0938777923584,21.10377195788131,20.63875750101906,20.737695382009967,491500
2022-07-08,BOTZ,Robotics&AI ETF,21.02462387084961,21.19282093730118,20.806957856020276,20.975154922471848,278100
2022-07-11,BOTZ,Robotics&AI ETF,20.44087791442871,20.836635098774458,20.41119541793311,20.747589496406775,379000
2022-07-12,BOTZ,Robotics&AI ETF,20.015438079833984,20.445825783678025,19.941234669843666,20.242998223194842,368200
2022-07-13,BOTZ,Robotics&AI ETF,19.9263916015625,20.099536658161224,19.599891705458614,19.738408128161392,442600
2022-07-14,BOTZ,Robotics&AI ETF,19.86703109741211,19.941236400963362,19.51084865975691,19.758197155435408,270500
2022-07-15,BOTZ,Robotics&AI ETF,20.302366256713867,20.302366256713867,19.941237656735986,20.104486692862167,335800
2022-07-18,BOTZ,Robotics&AI ETF,20.35183334350586,20.806955543908707,20.297416374065595,20.61897016414758,469100
2022-07-19,BOTZ,Robotics&AI ETF,21.0740909576416,21.08596471195982,20.65854541176972,20.806956018031944,446200
2022-07-20,BOTZ,Robotics&AI ETF,21.71719741821289,21.791400830349254,21.18292379265915,21.25218106550075,1932800
2022-07-21,BOTZ,Robotics&AI ETF,22.13274383544922,22.13274383544922,21.712250267899424,21.766667237933333,517700
2022-07-22,BOTZ,Robotics&AI ETF,21.647937774658203,22.172317222789136,21.50447709288501,22.073377455031718,464400
2022-07-25,BOTZ,Robotics&AI ETF,21.410484313964844,21.479741588007705,21.27196976587912,21.479741588007705,432200
2022-07-26,BOTZ,Robotics&AI ETF,20.91578483581543,21.240307021588364,20.895998393545522,21.22249827998597,589500
2022-07-27,BOTZ,Robotics&AI ETF,21.72709083557129,21.806244165389334,21.18292490290698,21.25218217937852,462900
2022-07-28,BOTZ,Robotics&AI ETF,21.95465087890625,21.98927951397854,21.47875152858277,21.727088850706657,1115200
2022-07-29,BOTZ,Robotics&AI ETF,22.281150817871094,22.300939148546068,21.865605309292004,22.01401401511616,346500
2022-08-01,BOTZ,Robotics&AI ETF,22.528499603271484,22.64722581473439,22.261362796801283,22.380090895383297,322300
2022-08-02,BOTZ,Robotics&AI ETF,22.409770965576172,22.75111306133833,22.19210499171784,22.261362261258263,332000
2022-08-03,BOTZ,Robotics&AI ETF,22.795639038085938,22.86489631727787,22.389985755311585,22.44935075500695,607000
2022-08-04,BOTZ,Robotics&AI ETF,22.983619689941406,22.98856771619492,22.716482885824494,22.88467992318117,517200
2022-08-05,BOTZ,Robotics&AI ETF,22.83521270751953,22.899523843837322,22.530478806767363,22.568075883232616,495000
2022-08-08,BOTZ,Robotics&AI ETF,22.736270904541016,23.062770809385164,22.667013634895145,22.81542233943902,517500
2022-08-09,BOTZ,Robotics&AI ETF,22.15252685546875,22.53839172554059,22.07337542596254,22.53839172554059,578200
2022-08-10,BOTZ,Robotics&AI ETF,23.141923904418945,23.15181807038086,22.800583670769353,22.835212308076446,891500
2022-08-11,BOTZ,Robotics&AI ETF,22.993515014648438,23.522840623317027,22.9143635746733,23.339803272209362,1575100
2022-08-12,BOTZ,Robotics&AI ETF,23.507997512817383,23.507997512817383,23.132026802460985,23.191391790697654,558200
2022-08-15,BOTZ,Robotics&AI ETF,23.54757308959961,23.572309445770088,23.33980128502456,23.44863521339379,376900
2022-08-16,BOTZ,Robotics&AI ETF,23.30022621154785,23.428848478764788,23.03309128563413,23.30022621154785,354100
2022-08-17,BOTZ,Robotics&AI ETF,22.805530548095703,23.013304265780285,22.686804326949595,23.013304265780285,492500
2022-08-18,BOTZ,Robotics&AI ETF,22.805530548095703,22.884681991232863,22.696698493231647,22.815424714377755,310100
2022-08-19,BOTZ,Robotics&AI ETF,22.083271026611328,22.538393191207735,22.028854061452286,22.538393191207735,671000
2022-08-22,BOTZ,Robotics&AI ETF,21.380802154541016,21.73896225271295,21.351119659050447,21.707302056461103,558000
2022-08-23,BOTZ,Robotics&AI ETF,21.37091064453125,21.69246256026014,21.34617617210892,21.38080481092404,380200
2022-08-24,BOTZ,Robotics&AI ETF,21.539108276367188,21.67267669557148,21.351122884103443,21.380805384077508,247300
2022-08-25,BOTZ,Robotics&AI ETF,21.885395050048828,21.885395050048828,21.49953012550174,21.56878740020734,350600
2022-08-26,BOTZ,Robotics&AI ETF,20.994937896728516,21.875499751728288,20.988012169616454,21.875499751728288,514800
2022-08-29,BOTZ,Robotics&AI ETF,20.6981201171875,20.920734118386797,20.67833178660999,20.737694891223445,731700
2022-08-30,BOTZ,Robotics&AI ETF,20.500242233276367,20.96525860362632,20.381516014507305,20.856424663821997,419100
2022-08-31,BOTZ,Robotics&AI ETF,20.381515502929688,20.712961566386486,20.361727171258458,20.609075655791294,290400
2022-09-01,BOTZ,Robotics&AI ETF,19.9263916015625,20.005543034341656,19.57515723654994,19.995648869354383,662900
2022-09-02,BOTZ,Robotics&AI ETF,19.728515625,20.17374176421661,19.639470019732844,20.124272822232268,575700
2022-09-06,BOTZ,Robotics&AI ETF,19.629575729370117,19.837347548929134,19.53063595890999,19.797772773016582,356300
2022-09-07,BOTZ,Robotics&AI ETF,19.876922607421875,19.88681677238111,19.32286257953778,19.372331517214946,456400
2022-09-08,BOTZ,Robotics&AI ETF,20.19352912902832,20.19352912902832,19.659257410124518,19.758195289356237,262700
2022-09-09,BOTZ,Robotics&AI ETF,20.78716468811035,20.806953017707773,20.500239570304654,20.500239570304654,326200
2022-09-12,BOTZ,Robotics&AI ETF,21.02462387084961,21.0790408463368,20.881161278586916,20.985047202451867,379000
2022-09-13,BOTZ,Robotics&AI ETF,19.857135772705078,20.401303563723665,19.837347441296586,20.302363793800364,539400
2022-09-14,BOTZ,Robotics&AI ETF,19.83734703063965,19.911552328325776,19.649363547507924,19.83734703063965,409200
2022-09-15,BOTZ,Robotics&AI ETF,19.580106735229492,19.96596976315888,19.545476211609962,19.659258173961653,656200
2022-09-16,BOTZ,Robotics&AI ETF,19.22392463684082,19.4218022934,19.078484361122307,19.4218022934,592800
2022-09-19,BOTZ,Robotics&AI ETF,19.253604888916016,19.26349905462763,19.01615057319478,19.02604473890639,253400
2022-09-20,BOTZ,Robotics&AI ETF,19.045833587646484,19.20413646909375,18.927105483001434,19.045833587646484,302900
2022-09-21,BOTZ,Robotics&AI ETF,18.828166961669922,19.46137846607748,18.828166961669922,19.12498438258118,466100
2022-09-22,BOTZ,Robotics&AI ETF,18.45219612121582,18.852901335803857,18.37304468356969,18.838061030969936,542900
2022-09-23,BOTZ,Robotics&AI ETF,18.12569808959961,18.279054841598402,17.908032085221382,18.194955368850895,493800
2022-09-26,BOTZ,Robotics&AI ETF,18.016862869262695,18.40272779183824,17.94760559491096,18.09601619665804,458500
2022-09-27,BOTZ,Robotics&AI ETF,18.036651611328125,18.343365100603254,17.901105498031104,18.234531160078582,430700
2022-09-28,BOTZ,Robotics&AI ETF,18.501667022705078,18.56597626865367,18.016862342187288,18.10590794578287,517800
2022-09-29,BOTZ,Robotics&AI ETF,18.006969451904297,18.204847096523586,17.809089920165935,18.125695661252056,868700
2022-09-30,BOTZ,Robotics&AI ETF,17.888242721557617,18.353257203401,17.888242721557617,17.947605830765042,420600
2022-10-03,BOTZ,Robotics&AI ETF,18.422515869140625,18.521453752779387,17.987182010077248,18.145484888442265,463400
2022-10-04,BOTZ,Robotics&AI ETF,19.32286262512207,19.32286262512207,18.85784630653606,18.85784630653606,423400
2022-10-05,BOTZ,Robotics&AI ETF,19.124982833862305,19.248657063746858,18.788588777606805,18.966679970579598,481600
2022-10-06,BOTZ,Robotics&AI ETF,18.976573944091797,19.307031120684613,18.946891449855947,19.075513704425667,404900
2022-10-07,BOTZ,Robotics&AI ETF,18.36315155029297,18.79848542537935,18.303788440500945,18.729228149435453,397300
2022-10-10,BOTZ,Robotics&AI ETF,18.08612060546875,18.38293801133403,17.967392510851212,18.3631496810446,644700
2022-10-11,BOTZ,Robotics&AI ETF,17.848669052124023,18.16527483703738,17.64089532632505,17.977289444575323,476300
2022-10-12,BOTZ,Robotics&AI ETF,17.818984985351562,17.927818922015852,17.68047043841095,17.90803059041886,321900
2022-10-13,BOTZ,Robotics&AI ETF,18.12569808959961,18.21474370209964,17.146198239218595,17.353971964091777,555300
2022-10-14,BOTZ,Robotics&AI ETF,17.482587814331055,18.224633134316043,17.472693650276995,18.145481709002397,401200
2022-10-17,BOTZ,Robotics&AI ETF,18.12569808959961,18.20484953547527,17.84866897259447,17.84866897259447,430600
2022-10-18,BOTZ,Robotics&AI ETF,18.373048782348633,18.69954877136654,18.19495753613531,18.56103419636487,363800
2022-10-19,BOTZ,Robotics&AI ETF,18.214740753173828,18.541240650441228,18.10590682504502,18.343363011347694,293700
2022-10-20,BOTZ,Robotics&AI ETF,18.135589599609375,18.59071176206476,18.120749295406377,18.20484686871542,349400
2022-10-21,BOTZ,Robotics&AI ETF,18.531347274780273,18.551135605668236,17.858559121542317,18.05643865618375,455900
2022-10-24,BOTZ,Robotics&AI ETF,18.5610294342041,18.61544639959871,18.249369833292576,18.4423013381505,231300
2022-10-25,BOTZ,Robotics&AI ETF,19.372331619262695,19.38222578427405,18.67975516542003,18.749014320499512,520300
2022-10-26,BOTZ,Robotics&AI ETF,19.392120361328125,19.807665865039407,19.243711657242464,19.273392265788164,393800
2022-10-27,BOTZ,Robotics&AI ETF,19.312973022460938,19.659261330179056,19.29318468782117,19.47127592534017,424000
2022-10-28,BOTZ,Robotics&AI ETF,19.57021141052246,19.57021141052246,19.11508924942615,19.19424068347085,426100
2022-10-31,BOTZ,Robotics&AI ETF,19.411911010742188,19.540531399749828,19.32286540022948,19.431697456430012,345500
2022-11-01,BOTZ,Robotics&AI ETF,19.59000015258789,20.045122367092958,19.550425374480948,20.025334034479854,245700
2022-11-02,BOTZ,Robotics&AI ETF,18.749013900756836,19.580104871914415,18.749013900756836,19.431694287185653,489500
2022-11-03,BOTZ,Robotics&AI ETF,18.669864654541016,18.8875306440348,18.45219677792803,18.4818792757714,472000
2022-11-04,BOTZ,Robotics&AI ETF,19.22392463684082,19.33275857457584,18.882582518351597,19.174453807361637,746700
2022-11-07,BOTZ,Robotics&AI ETF,19.471271514892578,19.520740453167306,19.233817214359625,19.392120081381595,422300
2022-11-08,BOTZ,Robotics&AI ETF,19.728515625,19.975864109160064,19.47621911437,19.728515625,434100
2022-11-09,BOTZ,Robotics&AI ETF,19.21402931213379,19.56031754912646,19.194240981535565,19.50095255733178,280500
2022-11-10,BOTZ,Robotics&AI ETF,20.747591018676758,20.747591018676758,20.134167809713198,20.134167809713198,533700
2022-11-11,BOTZ,Robotics&AI ETF,21.529212951660156,21.57373575566672,21.024621801958837,21.054304300336288,1071900
2022-11-14,BOTZ,Robotics&AI ETF,21.12356185913086,21.378824932391826,21.044410416183005,21.291758911284962,330000
2022-11-15,BOTZ,Robotics&AI ETF,21.440168380737305,21.667728551280817,21.212608210193793,21.539108159662103,827400
2022-11-16,BOTZ,Robotics&AI ETF,20.994937896728516,21.336280000278876,20.945468956533528,21.252180537404474,804800
2022-11-17,BOTZ,Robotics&AI ETF,20.767377853393555,20.856423455872676,20.5793924829244,20.628863310478973,373100
2022-11-18,BOTZ,Robotics&AI ETF,20.68822479248047,20.965255743682892,20.549710260438736,20.94546741421437,397300
2022-11-21,BOTZ,Robotics&AI ETF,20.460668563842773,20.599183122279218,20.411197730744526,20.460668563842773,525600
2022-11-22,BOTZ,Robotics&AI ETF,20.747591018676758,20.747591018676758,20.40130463641632,20.520030856871543,325400
2022-11-23,BOTZ,Robotics&AI ETF,21.06419563293457,21.103770404995064,20.777270515240332,20.777270515240332,312700
2022-11-25,BOTZ,Robotics&AI ETF,21.143348693847656,21.143348693847656,20.989003107965328,21.034514759834455,134300
2022-11-28,BOTZ,Robotics&AI ETF,20.71790885925293,21.014726275334507,20.678332197311864,21.00483210984924,517100
2022-11-29,BOTZ,Robotics&AI ETF,20.460668563842773,20.737697680715662,20.440880230603476,20.618971455518516,673300
2022-11-30,BOTZ,Robotics&AI ETF,21.202709197998047,21.202709197998047,20.402289607683564,20.500238626579478,581800
2022-12-01,BOTZ,Robotics&AI ETF,21.509422302246094,21.548998962485857,21.202710733864023,21.48963397212621,465500
2022-12-02,BOTZ,Robotics&AI ETF,21.489635467529297,21.53910629627154,21.024621000067178,21.133454936180954,395700
2022-12-05,BOTZ,Robotics&AI ETF,21.06419563293457,21.4381848717381,21.01472480896023,21.35111886350983,428800
2022-12-06,BOTZ,Robotics&AI ETF,20.648651123046875,21.06419662847606,20.544763331350282,21.044408297951083,416500
2022-12-07,BOTZ,Robotics&AI ETF,20.618968963623047,20.797060167014966,20.520029196503195,20.58928646735136,399900
2022-12-08,BOTZ,Robotics&AI ETF,20.985044479370117,21.014726976816736,20.557627084006178,20.688227053380626,625200
2022-12-09,BOTZ,Robotics&AI ETF,20.925682067871094,21.2274475303688,20.925682067871094,20.98504517762039,380600
2022-12-12,BOTZ,Robotics&AI ETF,21.262075424194336,21.262075424194336,20.950415806459212,20.95536383291804,510300
2022-12-13,BOTZ,Robotics&AI ETF,21.71719741821289,22.142635220971165,21.5292120439863,21.687514921086855,632300
2022-12-14,BOTZ,Robotics&AI ETF,21.568788528442383,21.855713695367633,21.262076915651384,21.647939973263263,595600
2022-12-15,BOTZ,Robotics&AI ETF,20.70801544189453,21.32044977674109,20.678332944366378,21.26207551925248,624400
2022-12-16,BOTZ,Robotics&AI ETF,20.737695693969727,20.940523259561946,20.57939281745997,20.61896948014698,330800
2022-12-19,BOTZ,Robotics&AI ETF,20.510135650634766,20.79706079523766,20.46561284844187,20.78716662951489,353300
2022-12-20,BOTZ,Robotics&AI ETF,20.529924392700195,20.67932195772809,20.38151567812861,20.40130400996994,351600
2022-12-21,BOTZ,Robotics&AI ETF,20.816848754882812,20.876211861040026,20.562574550418454,20.61896921819994,774500
2022-12-22,BOTZ,Robotics&AI ETF,20.302366256713867,20.53982060106428,20.015441077840837,20.53982060106428,481400
2022-12-23,BOTZ,Robotics&AI ETF,20.302366256713867,20.371623537926148,20.134169193575733,20.272683756000298,433800
2022-12-27,BOTZ,Robotics&AI ETF,20.064908981323242,20.37953513960187,20.025332319486427,20.341938065704536,446300
2022-12-28,BOTZ,Robotics&AI ETF,19.83734703063965,20.193529440142473,19.80766642126049,20.074803228387605,709500
2022-12-29,BOTZ,Robotics&AI ETF,20.500242233276367,20.54971306369616,19.9956510857098,20.242999576451105,681400
2022-12-30,BOTZ,Robotics&AI ETF,20.332042694091797,20.371619353580815,20.163845665501455,20.292467921721773,589600
2023-01-03,BOTZ,Robotics&AI ETF,20.430984497070312,20.826741695907863,20.282575783396126,20.688227148094516,276800
2023-01-04,BOTZ,Robotics&AI ETF,20.737695693969727,20.78716652232849,20.470560769308975,20.64865197716224,451100
2023-01-05,BOTZ,Robotics&AI ETF,20.430984497070312,20.59324466552583,20.366673362534467,20.559606766142004,257200
2023-01-06,BOTZ,Robotics&AI ETF,21.014724731445312,21.064195555237173,20.401301613377992,20.69811900765328,484700
2023-01-09,BOTZ,Robotics&AI ETF,21.341228485107422,21.657834266239952,21.21260809419207,21.348154212980702,1319100
2023-01-10,BOTZ,Robotics&AI ETF,21.47974395751953,21.47974395751953,21.22250316473146,21.301654613386113,524700
2023-01-11,BOTZ,Robotics&AI ETF,21.905179977416992,21.915074142706555,21.638045063075108,21.70730233298297,455200
2023-01-12,BOTZ,Robotics&AI ETF,22.202001571655273,22.202001571655273,21.638047301639844,22.142636573776297,481900
2023-01-13,BOTZ,Robotics&AI ETF,22.251468658447266,22.261362823934416,21.86560564004385,21.94475707682196,883200
2023-01-17,BOTZ,Robotics&AI ETF,22.597759246826172,22.597759246826172,22.29104763337564,22.459244689871603,561100
2023-01-18,BOTZ,Robotics&AI ETF,22.409770965576172,22.9935135047298,22.409770965576172,22.904467904715244,444800
2023-01-19,BOTZ,Robotics&AI ETF,22.162425994873047,22.370199723415396,22.09316871439872,22.27125994254377,604600
2023-01-20,BOTZ,Robotics&AI ETF,22.627439498901367,22.627439498901367,22.103060048469768,22.320726028795786,1465300
2023-01-23,BOTZ,Robotics&AI ETF,23.042987823486328,23.072668436577093,22.573025282649287,22.686805369442364,868900
2023-01-24,BOTZ,Robotics&AI ETF,22.973726272583008,23.117188844700568,22.859946197595715,22.95393982828198,759700
2023-01-25,BOTZ,Robotics&AI ETF,23.003408432006836,23.05287737271189,22.55818041718486,22.71648329198398,477000
2023-01-26,BOTZ,Robotics&AI ETF,23.230966567993164,23.25075489741015,22.8896263775855,23.17160346686117,418400
2023-01-27,BOTZ,Robotics&AI ETF,23.517894744873047,23.621780657158222,23.161712317473352,23.161712317473352,480000
2023-01-30,BOTZ,Robotics&AI ETF,23.2012882232666,23.58220322253102,23.2012882232666,23.488211479313964,547100
2023-01-31,BOTZ,Robotics&AI ETF,23.54757308959961,23.54757308959961,23.122135315405124,23.30022462484701,441000
2023-02-01,BOTZ,Robotics&AI ETF,24.319303512573242,24.43605203029322,23.547575542783743,23.547575542783743,901200
2023-02-02,BOTZ,Robotics&AI ETF,24.685382843017578,24.838737716370012,24.378669322073847,24.72495762458228,1063700
2023-02-03,BOTZ,Robotics&AI ETF,24.289621353149414,24.616121289706967,24.151106800403557,24.36877279573551,482000
2023-02-06,BOTZ,Robotics&AI ETF,23.923545837402344,24.136265686061066,23.83450023158617,23.943334169165755,708100
2023-02-07,BOTZ,Robotics&AI ETF,24.398454666137695,24.438031329971306,23.849340721721152,24.07195473798721,551400
2023-02-08,BOTZ,Robotics&AI ETF,24.022483825683594,24.41824099597512,23.992801330242088,24.378664335386443,620500
2023-02-09,BOTZ,Robotics&AI ETF,23.765241622924805,24.467710377004046,23.74050715316917,24.398453106840638,735900
2023-02-10,BOTZ,Robotics&AI ETF,23.616832733154297,23.775135602899123,23.47930704429652,23.69598416802671,511100
2023-02-13,BOTZ,Robotics&AI ETF,23.745454788208008,23.824606228683933,23.48821213488145,23.656409181782692,428700
2023-02-14,BOTZ,Robotics&AI ETF,23.9928035736084,24.052166682922913,23.40906098517787,23.67619780777202,635500
2023-02-15,BOTZ,Robotics&AI ETF,24.022483825683594,24.062058599153225,23.65640726371453,23.76524119321434,843700
2023-02-16,BOTZ,Robotics&AI ETF,23.695985794067383,23.963120725643407,23.56736352412412,23.745454736587597,392900
2023-02-17,BOTZ,Robotics&AI ETF,23.329910278320312,23.458530667071575,23.144893329893137,23.40906172227169,380100
2023-02-21,BOTZ,Robotics&AI ETF,22.68680191040039,23.151816353408954,22.68680191040039,23.09245324915913,664200
2023-02-22,BOTZ,Robotics&AI ETF,22.667015075683594,22.864894619065996,22.548288859349498,22.676909241564633,435900
2023-02-23,BOTZ,Robotics&AI ETF,23.211179733276367,23.33980199565053,22.914362321383674,23.201287455049815,550400
2023-02-24,BOTZ,Robotics&AI ETF,22.993515014648438,23.02319751230881,22.815423802924578,22.993515014648438,576900
2023-02-27,BOTZ,Robotics&AI ETF,23.30022621154785,23.468423254518274,23.26065143579436,23.389271815892144,528500
2023-02-28,BOTZ,Robotics&AI ETF,23.29033660888672,23.478320117772633,23.260654108321873,23.33980555604209,435400
2023-03-01,BOTZ,Robotics&AI ETF,23.34969711303711,23.557468932409694,23.280439839912916,23.49810582503455,354000
2023-03-02,BOTZ,Robotics&AI ETF,23.418956756591797,23.468425703225062,23.05288013529986,23.13203158218469,384700
2023-03-03,BOTZ,Robotics&AI ETF,24.151105880737305,24.20057482280014,23.50800019832462,23.537682695833826,1047600
2023-03-06,BOTZ,Robotics&AI ETF,24.04227066040039,24.348984123600484,24.032378382211167,24.348984123600484,2283300
2023-03-07,BOTZ,Robotics&AI ETF,23.656408309936523,24.131316935289536,23.639588417154368,24.081847994484935,479500
2023-03-08,BOTZ,Robotics&AI ETF,23.94333267211914,23.94333267211914,23.695984201899392,23.84439290660743,365500
2023-03-09,BOTZ,Robotics&AI ETF,23.54757308959961,24.19463789624553,23.52778664662986,24.101635009371122,517900
2023-03-10,BOTZ,Robotics&AI ETF,23.042987823486328,23.597047950906333,22.9737286563294,23.597047950906333,834800
2023-03-13,BOTZ,Robotics&AI ETF,23.062772750854492,23.310121241622916,22.637333044793728,22.716484486354855,1073300
2023-03-14,BOTZ,Robotics&AI ETF,23.458528518676758,23.50799934606525,23.19139359925534,23.418953743885073,425900
2023-03-15,BOTZ,Robotics&AI ETF,22.91436195373535,23.21117936086577,22.5581795554836,22.894573623361577,909100
2023-03-16,BOTZ,Robotics&AI ETF,23.735563278198242,23.74545744525476,23.033094401260104,23.033094401260104,928600
2023-03-17,BOTZ,Robotics&AI ETF,23.507997512817383,23.765240133819404,23.404111614081653,23.587148943347316,886500
2023-03-20,BOTZ,Robotics&AI ETF,23.794921875,23.839444674740196,23.57230976341808,23.616832563158273,714500
2023-03-21,BOTZ,Robotics&AI ETF,24.250045776367188,24.294568579299778,23.903757518793636,24.022485622320268,823100
2023-03-22,BOTZ,Robotics&AI ETF,23.973012924194336,24.591384090545525,23.95817262008,24.398452588583,674800
2023-03-23,BOTZ,Robotics&AI ETF,24.190683364868164,24.492446941080896,24.007644121363015,24.269834807125793,861100
2023-03-24,BOTZ,Robotics&AI ETF,24.10163688659668,24.121423331107554,23.880011724002355,24.111531052411703,1264400
2023-03-27,BOTZ,Robotics&AI ETF,24.22036361694336,24.31930339007738,24.096689372305633,24.240151948994004,478600
2023-03-28,BOTZ,Robotics&AI ETF,24.10163688659668,24.240151433768652,23.99774908909853,24.210468936323583,347800
2023-03-29,BOTZ,Robotics&AI ETF,24.566650390625,24.566650390625,24.299513585487272,24.378665021774108,654700
2023-03-30,BOTZ,Robotics&AI ETF,24.764530181884766,24.818945261612367,24.65569624819133,24.794210791350892,725300
2023-03-31,BOTZ,Robotics&AI ETF,25.22954750061035,25.23944166726099,24.78431943692832,24.893153382966002,735900
2023-04-03,BOTZ,Robotics&AI ETF,25.189966201782227,25.189966201782227,24.922831299816227,25.140497264745296,521800
2023-04-04,BOTZ,Robotics&AI ETF,24.80410385131836,25.209755184307173,24.734846582825494,25.19986101921976,1358100
2023-04-05,BOTZ,Robotics&AI ETF,24.329198837280273,24.596335672673817,24.18079011332363,24.5696216117106,612900
2023-04-06,BOTZ,Robotics&AI ETF,24.240150451660156,24.32424802700181,23.997748116811152,24.151104850051876,480400
2023-04-10,BOTZ,Robotics&AI ETF,24.428138732910156,24.428138732910156,24.01259317156483,24.131319396452454,404900
2023-04-11,BOTZ,Robotics&AI ETF,24.46771240234375,24.57654634282028,24.368772628012294,24.507289066924027,454900
2023-04-12,BOTZ,Robotics&AI ETF,24.378665924072266,24.784317285946063,24.35887947960755,24.73484834410552,348600
2023-04-13,BOTZ,Robotics&AI ETF,24.784318923950195,24.829832467024968,24.517183978389383,24.626016035055162,1111800
2023-04-14,BOTZ,Robotics&AI ETF,24.626012802124023,24.833786495971545,24.43011286130044,24.695270071033516,415100
2023-04-17,BOTZ,Robotics&AI ETF,24.715059280395508,24.784316551768352,24.51718163177583,24.73484761139321,1105100
2023-04-18,BOTZ,Robotics&AI ETF,24.833789825439453,24.93272960305461,24.734850047824295,24.93272960305461,515700
2023-04-19,BOTZ,Robotics&AI ETF,24.853574752807617,24.88325536104165,24.720006354397352,24.724952493396678,503100
2023-04-20,BOTZ,Robotics&AI ETF,24.73484992980957,24.922835317669524,24.635910152666476,24.715061596957096,656600
2023-04-21,BOTZ,Robotics&AI ETF,24.932727813720703,24.94262009236492,24.657676421704,24.853576374732857,353100
2023-04-24,BOTZ,Robotics&AI ETF,24.84368133544922,24.952513380781426,24.72000709843423,24.813998839202746,441800
2023-04-25,BOTZ,Robotics&AI ETF,24.35887908935547,24.768487733559894,24.35887908935547,24.734847947830065,492000
2023-04-26,BOTZ,Robotics&AI ETF,24.269834518432617,24.53696945342498,24.22036368816054,24.53696945342498,410000
2023-04-27,BOTZ,Robotics&AI ETF,24.73484992980957,24.73484992980957,24.428138319073334,24.45781893123276,1309600
2023-04-28,BOTZ,Robotics&AI ETF,24.645803451538086,24.685380115849902,24.36382632323365,24.50728890068516,430600
2023-05-01,BOTZ,Robotics&AI ETF,24.853574752807617,24.9327261866301,24.73484665851437,24.794209762101474,631800
2023-05-02,BOTZ,Robotics&AI ETF,24.517183303833008,24.853577405259358,24.383614891167905,24.784318242043973,1351900
2023-05-03,BOTZ,Robotics&AI ETF,24.596332550048828,24.84368102094757,24.477604453685043,24.527075280136234,500500
2023-05-04,BOTZ,Robotics&AI ETF,24.655698776245117,24.720009915214344,24.527078385425973,24.6062298306499,730100
2023-05-05,BOTZ,Robotics&AI ETF,25.031665802001953,25.086082770368954,24.764530873748118,24.87336292336295,522400
2023-05-08,BOTZ,Robotics&AI ETF,25.051454544067383,25.100925373902108,24.814000222218308,25.100925373902108,546200
2023-05-09,BOTZ,Robotics&AI ETF,25.011878967285156,25.06134790841836,24.893150866598674,24.932727529200548,326700
2023-05-10,BOTZ,Robotics&AI ETF,25.29880142211914,25.37795285769909,25.057389826668164,25.229544151876574,713100
2023-05-11,BOTZ,Robotics&AI ETF,25.20975685119629,25.377953894565586,25.066294278621474,25.377953894565586,582400
2023-05-12,BOTZ,Robotics&AI ETF,25.09103012084961,25.318590266872544,24.942619524894628,25.308696101334274,567700
2023-05-15,BOTZ,Robotics&AI ETF,25.457109451293945,25.467003618636042,25.0613521932075,25.239443431126265,617900
2023-05-16,BOTZ,Robotics&AI ETF,25.37795639038086,25.476896170408256,25.22954766389944,25.368062223666186,617300
2023-05-17,BOTZ,Robotics&AI ETF,25.625301361083984,25.645089691782918,25.22954418270073,25.417529550102433,1169600
2023-05-18,BOTZ,Robotics&AI ETF,26.14968490600586,26.169473239810515,25.724245164802714,25.724245164802714,2033700
2023-05-19,BOTZ,Robotics&AI ETF,26.2980899810791,26.392081722911616,26.218938543978272,26.387135583707426,1946500
2023-05-22,BOTZ,Robotics&AI ETF,26.55533218383789,26.644377784992148,26.100210012702902,26.298089545738826,2095800
2023-05-23,BOTZ,Robotics&AI ETF,25.941909790039062,26.40692617402038,25.941909790039062,26.298092231025727,897900
2023-05-24,BOTZ,Robotics&AI ETF,25.862756729125977,25.96169649956054,25.684665519767602,25.82318195322365,763800
2023-05-25,BOTZ,Robotics&AI ETF,26.644380569458008,26.852152402451708,26.406926237271232,26.78289512478714,2200400
2023-05-26,BOTZ,Robotics&AI ETF,27.099498748779297,27.168756020943412,26.60480179089946,26.743318222346826,3338200
2023-05-30,BOTZ,Robotics&AI ETF,27.485363006591797,27.6990716948011,27.252854838030505,27.544726111734583,4376100
2023-05-31,BOTZ,Robotics&AI ETF,26.99066925048828,27.247911919336023,26.777949387539557,27.218229419696904,1327000
2023-06-01,BOTZ,Robotics&AI ETF,27.52493667602539,27.61398227372449,26.862042719331566,27.010451419790392,1852200
2023-06-02,BOTZ,Robotics&AI ETF,27.92069435119629,28.088891384696467,27.77228564801826,27.98995350732381,1796800
2023-06-05,BOTZ,Robotics&AI ETF,28.138364791870117,28.257091010456673,27.90585660705255,28.06910751650809,2455900
2023-06-06,BOTZ,Robotics&AI ETF,28.375818252563477,28.39560658409873,27.999847501870285,28.197727042984507,1590200
2023-06-07,BOTZ,Robotics&AI ETF,27.703027725219727,28.372847405152502,27.703027725219727,28.31645274089624,1882500
2023-06-08,BOTZ,Robotics&AI ETF,27.910802841186523,27.930591173391136,27.519993659301196,27.643667904901175,1208900
2023-06-09,BOTZ,Robotics&AI ETF,28.039424896240234,28.301613691003467,27.895962319546715,28.11857633732645,1401300
2023-06-12,BOTZ,Robotics&AI ETF,28.504438400268555,28.524226731642035,28.227409309516467,28.316454913577967,1581300
2023-06-13,BOTZ,Robotics&AI ETF,28.989238739013672,29.068390170679386,28.642952404925538,28.870512535074592,2639900
2023-06-14,BOTZ,Robotics&AI ETF,29.10797119140625,29.197016801262023,28.722108140110745,29.028819747881037,1746600
2023-06-15,BOTZ,Robotics&AI ETF,29.404787063598633,29.503726834504842,28.870515320095784,29.01892403289551,2239100
2023-06-16,BOTZ,Robotics&AI ETF,29.276165008544922,29.681816347660085,29.25637667807124,29.671922182423245,1784800
2023-06-20,BOTZ,Robotics&AI ETF,28.969453811645508,29.13765084862235,28.72210533886304,29.13765084862235,1721600
2023-06-21,BOTZ,Robotics&AI ETF,28.6330623626709,28.96945646746402,28.445076977729038,28.96945646746402,1921200
2023-06-22,BOTZ,Robotics&AI ETF,28.395605087280273,28.51433129599506,28.148256617485565,28.276876991446425,1486400
2023-06-23,BOTZ,Robotics&AI ETF,27.64366912841797,27.89101763056565,27.569463822925943,27.81186618536316,2040900
2023-06-26,BOTZ,Robotics&AI ETF,27.465576171875,27.915750341893347,27.43589367412727,27.712924658415172,1473200
2023-06-27,BOTZ,Robotics&AI ETF,27.881120681762695,27.93058962240799,27.421052362708778,27.613983873192204,1437600
2023-06-28,BOTZ,Robotics&AI ETF,28.10868263244629,28.207622407207044,27.801971029095256,27.81582248433461,1010500
2023-06-29,BOTZ,Robotics&AI ETF,28.052181243896484,28.171131257406966,27.93521451838048,28.121569854654624,891600
2023-06-30,BOTZ,Robotics&AI ETF,28.488325119018555,28.656836513670225,28.359464354000725,28.369377011409185,1913500
2023-07-03,BOTZ,Robotics&AI ETF,28.617191314697266,28.696490693128393,28.52797927763146,28.66675271722435,898200
2023-07-05,BOTZ,Robotics&AI ETF,28.280168533325195,28.428854631813664,28.190956496102853,28.33964259459132,1160500
2023-07-06,BOTZ,Robotics&AI ETF,27.705245971679688,27.933231435618584,27.39795924308774,27.933231435618584,1339300
2023-07-07,BOTZ,Robotics&AI ETF,27.962968826293945,28.240517593614495,27.655683973984754,27.705247266709655,1205400
2023-07-10,BOTZ,Robotics&AI ETF,28.31981658935547,28.31981658935547,27.834107671080385,27.834107671080385,1340700
2023-07-11,BOTZ,Robotics&AI ETF,28.637014389038086,28.646927047550825,28.379290939645763,28.498240951152333,1334400
2023-07-12,BOTZ,Robotics&AI ETF,28.99386215209961,29.050362225169213,28.805525424123818,28.845176057653994,1531100
2023-07-13,BOTZ,Robotics&AI ETF,29.608434677124023,29.65799607996365,29.27141184400484,29.390359967078478,1894400
2023-07-14,BOTZ,Robotics&AI ETF,29.1524600982666,29.608432918015296,29.07316072404677,29.548956969365758,1431700
2023-07-17,BOTZ,Robotics&AI ETF,29.519222259521484,29.578696320292746,29.07316207712126,29.241673491511754,2017300
2023-07-18,BOTZ,Robotics&AI ETF,29.86615562438965,29.93554423383818,29.454790695499376,29.697644211307225,1990000
2023-07-19,BOTZ,Robotics&AI ETF,29.67782211303711,29.99501963641111,29.588610073257374,29.99501963641111,2254400
2023-07-20,BOTZ,Robotics&AI ETF,28.87491226196289,29.469658532859338,28.795612885219782,29.469658532859338,2583200
2023-07-21,BOTZ,Robotics&AI ETF,28.68657875061035,29.092988311546065,28.656840773963946,28.95421297784254,2585000
2023-07-24,BOTZ,Robotics&AI ETF,28.468503952026367,28.8451774258444,28.428855207261837,28.83526476699168,1697100
2023-07-25,BOTZ,Robotics&AI ETF,28.805524826049805,28.954210917408332,28.503195368921276,28.587452018100386,1321100
2023-07-26,BOTZ,Robotics&AI ETF,28.99386215209961,29.127680204294542,28.666751988060746,28.825350740888904,1139100
2023-07-27,BOTZ,Robotics&AI ETF,28.7163143157959,29.519222654869576,28.637014936823398,29.46965936135781,1651300
2023-07-28,BOTZ,Robotics&AI ETF,28.81543731689453,29.013686697985477,28.696489200756936,29.013686697985477,2380800
2023-07-31,BOTZ,Robotics&AI ETF,28.884824752807617,28.89473741117378,28.6072778811401,28.765876633706185,2327300
2023-08-01,BOTZ,Robotics&AI ETF,28.47841453552246,28.646925942445808,28.1929364095658,28.62710062618513,1138700
2023-08-02,BOTZ,Robotics&AI ETF,27.467348098754883,28.032358309545646,27.269100593617146,28.022445650691804,2189000
2023-08-03,BOTZ,Robotics&AI ETF,27.318662643432617,27.477261407552827,27.01137777428051,27.19971451566566,2413000
2023-08-04,BOTZ,Robotics&AI ETF,27.288925170898438,27.69533471964706,27.244319152589625,27.625948000199195,1326600
2023-08-07,BOTZ,Robotics&AI ETF,27.368223190307617,27.48717130612872,27.16006115165137,27.48717130612872,854200
2023-08-08,BOTZ,Robotics&AI ETF,26.882516860961914,27.080764369856357,26.714005438546117,27.080764369856357,1142300
2023-08-09,BOTZ,Robotics&AI ETF,26.287769317626953,26.75365292681403,26.178731963938915,26.73878488427341,1390800
2023-08-10,BOTZ,Robotics&AI ETF,26.337331771850586,26.793304631321025,26.248119731750858,26.525668511021834,1082200
2023-08-11,BOTZ,Robotics&AI ETF,26.059782028198242,26.218380773078543,25.970569997872303,26.139081400638393,1180100
2023-08-14,BOTZ,Robotics&AI ETF,26.357154846191406,26.357154846191406,25.792146567419298,25.93091999991877,1071200
2023-08-15,BOTZ,Robotics&AI ETF,26.059782028198242,26.40671560097004,26.049869370312454,26.24811685608974,671000
2023-08-16,BOTZ,Robotics&AI ETF,25.583984375,25.990393902585815,25.583984375,25.96065781902591,1145600
2023-08-17,BOTZ,Robotics&AI ETF,25.157751083374023,25.70293596691044,25.09827702193878,25.653372673509136,1633800
2023-08-18,BOTZ,Robotics&AI ETF,25.19740104675293,25.276700423435898,24.88020354002106,24.890116198437216,1667800
2023-08-21,BOTZ,Robotics&AI ETF,25.47494888305664,25.524510282686872,25.098275439540554,25.23704887102216,1139500
2023-08-22,BOTZ,Robotics&AI ETF,25.346086502075195,25.742583375484138,25.296525101891415,25.742583375484138,763500
2023-08-23,BOTZ,Robotics&AI ETF,25.881359100341797,25.94182385825156,25.47990494630391,25.52451096341923,998700
2023-08-24,BOTZ,Robotics&AI ETF,25.425386428833008,26.15890613322844,25.405561112070526,26.15890613322844,3276500
2023-08-25,BOTZ,Robotics&AI ETF,25.554250717163086,25.772323543436386,25.192447171219335,25.514600081124456,1028100
2023-08-28,BOTZ,Robotics&AI ETF,25.901182174682617,25.94578819119234,25.64841600822503,25.782234057754188,853600
2023-08-29,BOTZ,Robotics&AI ETF,26.376981735229492,26.40374383405998,25.68311075006619,25.782235446610425,1103200
2023-08-30,BOTZ,Robotics&AI ETF,26.595054626464844,26.68426666452938,26.376981805999502,26.476104612163354,1084900
2023-08-31,BOTZ,Robotics&AI ETF,26.495929718017578,26.723915195407532,26.436455656665053,26.65452847538853,1316100
2023-09-01,BOTZ,Robotics&AI ETF,26.495929718017578,26.81312723275948,26.4166303393321,26.76356583007343,747800
2023-09-05,BOTZ,Robotics&AI ETF,26.347240447998047,26.466190447031874,26.223335065550607,26.466190447031874,643800
2023-09-06,BOTZ,Robotics&AI ETF,26.228294372558594,26.46619440621465,26.07465288535343,26.297682985252,770100
2023-09-07,BOTZ,Robotics&AI ETF,25.921009063720703,25.980483125793302,25.66328560721098,25.980483125793302,922300
2023-09-08,BOTZ,Robotics&AI ETF,25.643461227416992,25.911095442122026,25.613723252162533,25.861534040677537,831300
2023-09-11,BOTZ,Robotics&AI ETF,25.7326717376709,25.831796432615185,25.524511579869564,25.831796432615185,474100
2023-09-12,BOTZ,Robotics&AI ETF,25.56416130065918,25.77232145102263,25.425385976437312,25.514598009634856,489500
2023-09-13,BOTZ,Robotics&AI ETF,25.405561447143555,25.534424117152984,25.326262069694014,25.43529942267949,1063100
2023-09-14,BOTZ,Robotics&AI ETF,25.56416130065918,25.71185480316683,25.415473318232447,25.653371443210492,972000
2023-09-15,BOTZ,Robotics&AI ETF,25.19740104675293,25.56416184556558,25.118101670069965,25.524511211900958,1022300
2023-09-18,BOTZ,Robotics&AI ETF,25.286611557006836,25.35698896967745,25.07844952411281,25.07844952411281,572900
2023-09-19,BOTZ,Robotics&AI ETF,25.14784049987793,25.237050647362267,24.97932908236958,25.237050647362267,932300
2023-09-20,BOTZ,Robotics&AI ETF,24.87029266357422,25.445213658380688,24.845511961081417,25.346088957763072,604800
2023-09-21,BOTZ,Robotics&AI ETF,24.245807647705078,24.533269081830717,24.235896879521615,24.533269081830717,1542300
2023-09-22,BOTZ,Robotics&AI ETF,24.35484504699707,24.533269124954703,24.285458325712735,24.434144427128643,694000
2023-09-25,BOTZ,Robotics&AI ETF,24.404407501220703,24.404407501220703,24.116946076484343,24.196245453886394,949600
2023-09-26,BOTZ,Robotics&AI ETF,23.90878677368164,24.206158976898188,23.879048797101444,24.08720896122375,913200
2023-09-27,BOTZ,Robotics&AI ETF,24.196247100830078,24.29537180199124,23.933568249802452,24.146685695572707,762400
2023-09-28,BOTZ,Robotics&AI ETF,24.49361801147461,24.602655366019608,24.17642049713969,24.33501925430715,499500
2023-09-29,BOTZ,Robotics&AI ETF,24.503530502319336,24.83559794768393,24.439101057480634,24.810817246542406,568400
2023-10-02,BOTZ,Robotics&AI ETF,24.483705520629883,24.68195300781603,24.389536215368743,24.582828318899864,690600
2023-10-03,BOTZ,Robotics&AI ETF,23.92860984802246,24.32510863399486,23.819574383461752,24.19624596135993,1638500
2023-10-04,BOTZ,Robotics&AI ETF,24.13677406311035,24.160564068026854,23.80966385881655,24.02773669813025,958100
2023-10-05,BOTZ,Robotics&AI ETF,24.2160701751709,24.275544234097772,23.996014077430605,24.16650688385997,651600
2023-10-06,BOTZ,Robotics&AI ETF,24.51344108581543,24.55309171680244,23.918694855533257,23.968258144267022,894300
2023-10-09,BOTZ,Robotics&AI ETF,24.38458251953125,24.46388189802378,24.11199102412858,24.196245786619127,1868900
2023-10-10,BOTZ,Robotics&AI ETF,24.68195343017578,24.830639520771268,24.444055307093763,24.444055307093763,1043200
2023-10-11,BOTZ,Robotics&AI ETF,24.54317855834961,24.781076667479883,24.369709887289588,24.711689955314316,1960700
2023-10-12,BOTZ,Robotics&AI ETF,24.315196990966797,24.78108062610486,24.279511039976672,24.711693902855192,1042900
2023-10-13,BOTZ,Robotics&AI ETF,24.07729721069336,24.434143461865165,23.9979959430482,24.31519534168999,699800
2023-10-16,BOTZ,Robotics&AI ETF,24.28545570373535,24.32510633484344,23.968258217455254,23.997994300140167,543800
2023-10-17,BOTZ,Robotics&AI ETF,24.265634536743164,24.453971285413175,23.908788248993087,24.007911062417485,799500
2023-10-18,BOTZ,Robotics&AI ETF,23.50237464904785,23.948434831727763,23.477593947931478,23.918696856000334,1383200
2023-10-19,BOTZ,Robotics&AI ETF,23.31403923034668,23.685755409820395,23.26447593869576,23.53211204167194,1157000
2023-10-20,BOTZ,Robotics&AI ETF,22.848154067993164,23.145528150201997,22.77876734933832,23.09596485784405,896400
2023-10-23,BOTZ,Robotics&AI ETF,22.947277069091797,23.15543910034513,22.58051818593261,22.669730214948878,885800
2023-10-24,BOTZ,Robotics&AI ETF,23.125703811645508,23.185177874344948,22.93736707400985,22.996843027355656,677200
2023-10-25,BOTZ,Robotics&AI ETF,22.540868759155273,23.125702362551184,22.540868759155273,23.04640298703884,1076800
2023-10-26,BOTZ,Robotics&AI ETF,22.21375846862793,22.600342685653843,22.080931117366358,22.421920509781586,1376800
2023-10-27,BOTZ,Robotics&AI ETF,22.144372940063477,22.43183248104356,22.06507356076073,22.43183248104356,863000
2023-10-30,BOTZ,Robotics&AI ETF,22.33271026611328,22.502212386630102,22.20384758968098,22.41200964751532,913700
2023-10-31,BOTZ,Robotics&AI ETF,22.570606231689453,22.620167631289412,22.273232162151082,22.362444193947972,1068000
2023-11-01,BOTZ,Robotics&AI ETF,22.897716522216797,22.90762918032555,22.572587764446844,22.62016776711037,784700
2023-11-02,BOTZ,Robotics&AI ETF,23.641151428222656,23.670887515127305,23.34377732465124,23.35368998383493,804900
2023-11-03,BOTZ,Robotics&AI ETF,24.235897064208984,24.295371126994752,23.89887422401236,23.997997031773185,638600
2023-11-06,BOTZ,Robotics&AI ETF,24.2160701751709,24.513442360451503,24.07233946633857,24.513442360451503,425000
2023-11-07,BOTZ,Robotics&AI ETF,24.17641830444336,24.28545564909914,24.01781956166012,24.057470192679002,468800
2023-11-08,BOTZ,Robotics&AI ETF,24.09712028503418,24.216070294118442,23.97817216659617,24.087207626723302,572000
2023-11-09,BOTZ,Robotics&AI ETF,23.978174209594727,24.52335722862006,23.94843623212835,24.404409100047385,560100
2023-11-10,BOTZ,Robotics&AI ETF,24.35484504699707,24.35484504699707,23.948435487491953,24.107034247755102,504000
2023-11-13,BOTZ,Robotics&AI ETF,24.394495010375977,24.449013687210766,24.156596876534778,24.275544998132222,721200
2023-11-14,BOTZ,Robotics&AI ETF,25.306440353393555,25.326263781110782,24.990233520885106,25.07845297350443,1080800
2023-11-15,BOTZ,Robotics&AI ETF,25.415475845336914,25.68806924645953,25.330230379462197,25.504687887404966,2442800
2023-11-16,BOTZ,Robotics&AI ETF,25.455123901367188,25.465036559552704,25.232093818808643,25.316350468062417,1066600
2023-11-17,BOTZ,Robotics&AI ETF,25.62363624572754,25.683110306368082,25.524511550895774,25.564162185087,1530900
2023-11-20,BOTZ,Robotics&AI ETF,26.000308990478516,26.089521030787832,25.698972097742956,25.752498187540716,1837100
2023-11-21,BOTZ,Robotics&AI ETF,26.030044555664062,26.119256587707486,25.921007207467383,26.000306581434184,1914700
2023-11-22,BOTZ,Robotics&AI ETF,26.020132064819336,26.248117530108374,25.84170799958575,26.168818155631914,1507700
2023-11-24,BOTZ,Robotics&AI ETF,26.010217666625977,26.059780954011927,25.911092982500175,25.970568927363313,266100
2023-11-27,BOTZ,Robotics&AI ETF,26.020132064819336,26.05779940949412,25.86153331586642,25.960658006623547,423500
2023-11-28,BOTZ,Robotics&AI ETF,25.93092155456543,26.05978422730888,25.83179685798885,25.911096237120848,694600
2023-11-29,BOTZ,Robotics&AI ETF,26.29768180847168,26.456280563381085,26.20846977250435,26.20846977250435,2271200
2023-11-30,BOTZ,Robotics&AI ETF,26.198558807373047,26.476105701081003,26.12917208394606,26.476105701081003,910300
2023-12-01,BOTZ,Robotics&AI ETF,26.793302536010742,26.79825791978592,26.089518929222518,26.148992987755843,1087700
2023-12-04,BOTZ,Robotics&AI ETF,26.48601722717285,26.634705217465775,26.251093076292463,26.456281141631337,1501400
2023-12-05,BOTZ,Robotics&AI ETF,26.337331771850586,26.416631152978525,26.158907691651127,26.327419112878797,848100
2023-12-06,BOTZ,Robotics&AI ETF,26.129169464111328,26.61487837004718,26.119256805951874,26.565315079249913,990100
2023-12-07,BOTZ,Robotics&AI ETF,26.3175048828125,26.324443554613893,26.01022003561673,26.16881878840463,832300
2023-12-08,BOTZ,Robotics&AI ETF,26.48601722717285,26.53558052081927,26.148994392962543,26.277857065796898,1092500
2023-12-11,BOTZ,Robotics&AI ETF,26.60496711730957,26.63966047737724,26.43645570098961,26.495929762441854,1008300
2023-12-12,BOTZ,Robotics&AI ETF,26.74374008178711,26.74374008178711,26.446367889170066,26.565316009958366,623900
2023-12-13,BOTZ,Robotics&AI ETF,27.1997127532959,27.249274154879796,26.50088640334376,26.77347789334776,1364200
2023-12-14,BOTZ,Robotics&AI ETF,27.675506591796875,27.784543934510612,27.378134427036294,27.467344563947577,2201300
2023-12-15,BOTZ,Robotics&AI ETF,27.943145751953125,28.19095654676132,27.883669799933806,27.992707154656234,1021200
2023-12-18,BOTZ,Robotics&AI ETF,28.002620697021484,28.07696469406859,27.82419661662554,27.962970061090658,806800
2023-12-19,BOTZ,Robotics&AI ETF,28.339643478393555,28.349556137354764,28.15130673942331,28.18104471630694,1098300
2023-12-20,BOTZ,Robotics&AI ETF,27.665597915649414,28.389205007176898,27.655685256644688,28.37929234817217,855600
2023-12-21,BOTZ,Robotics&AI ETF,28.250429153442383,28.250429153442383,27.93818703868129,28.09183040418353,1356900
2023-12-22,BOTZ,Robotics&AI ETF,28.141393661499023,28.359468374106253,28.0075756034845,28.359468374106253,567200
2023-12-26,BOTZ,Robotics&AI ETF,28.359466552734375,28.409027952973137,28.151304512309878,28.220691228902634,653300
2023-12-27,BOTZ,Robotics&AI ETF,28.43876838684082,28.468504473297113,28.290082282620187,28.468504473297113,912200
2023-12-28,BOTZ,Robotics&AI ETF,28.47247314453125,28.60135378551895,28.43281887178039,28.51212930819207,607000
2023-12-29,BOTZ,Robotics&AI ETF,28.25436782836914,28.52204124056152,28.145315277273767,28.49229912001465,706700
2024-01-02,BOTZ,Robotics&AI ETF,27.471176147460938,27.976780860046762,27.386909640818224,27.976780860046762,2393200
2024-01-03,BOTZ,Robotics&AI ETF,26.69790267944336,27.13411104572829,26.668160555295508,27.0845408388152,3850800
2024-01-04,BOTZ,Robotics&AI ETF,26.638418197631836,26.821823221308506,26.509537560846145,26.648330347313905,5300300
2024-01-05,BOTZ,Robotics&AI ETF,26.60867691040039,26.843633817978457,26.459970078676676,26.529366474087077,847800
2024-01-08,BOTZ,Robotics&AI ETF,27.46126365661621,27.48108984616752,26.737553847063218,26.75738192752436,1135100
2024-01-09,BOTZ,Robotics&AI ETF,27.491004943847656,27.669453893042352,27.243159601279444,27.411694509862222,618200
2024-01-10,BOTZ,Robotics&AI ETF,28.165145874023438,28.219672154442716,27.877646246689945,27.877646246689945,1283500
2024-01-11,BOTZ,Robotics&AI ETF,28.432817459106445,28.53195597242287,28.04617933717324,28.442731499529074,1097300
2024-01-12,BOTZ,Robotics&AI ETF,28.5418701171875,28.84423984208868,28.50221395535201,28.680662901791965,775100
2024-01-16,BOTZ,Robotics&AI ETF,28.343595504760742,28.531958507708477,28.215707586491767,28.412991902975687,2329600
2024-01-17,BOTZ,Robotics&AI ETF,27.897472381591797,27.96686877801805,27.560402549598592,27.96686877801805,1264400
2024-01-18,BOTZ,Robotics&AI ETF,28.20479965209961,28.214711801419078,27.90242804329044,28.20479965209961,1134900
2024-01-19,BOTZ,Robotics&AI ETF,28.46255874633789,28.47247278712865,27.97678209305037,28.244455521671025,1163000
2024-01-22,BOTZ,Robotics&AI ETF,28.819456100463867,28.9879910088664,28.710403544759316,28.710403544759316,1392200
2024-01-23,BOTZ,Robotics&AI ETF,28.79962921142578,28.928509853667993,28.636052262007567,28.898767730632873,954000
2024-01-24,BOTZ,Robotics&AI ETF,28.61126708984375,29.047473533422956,28.59639508339884,29.01773330235296,1187700
2024-01-25,BOTZ,Robotics&AI ETF,28.750059127807617,28.987990424714773,28.63307609834336,28.839283600511532,908300
2024-01-26,BOTZ,Robotics&AI ETF,28.948335647583008,29.07225831406939,28.789714785753223,28.799626935071487,1184100
2024-01-29,BOTZ,Robotics&AI ETF,29.305233001708984,29.305233001708984,28.74014591884309,28.819456353439886,831900
2024-01-30,BOTZ,Robotics&AI ETF,28.978078842163086,29.216010159250995,28.94833860934586,29.20609611800858,798800
2024-01-31,BOTZ,Robotics&AI ETF,28.33367919921875,28.888852231482627,28.323765158707445,28.759973486655433,1465400
2024-02-01,BOTZ,Robotics&AI ETF,28.878938674926758,28.8888527156042,28.45760234613988,28.58152501824307,961300
2024-02-02,BOTZ,Robotics&AI ETF,29.136699676513672,29.166441800196303,28.650923001824154,28.7798036468722,1053100
2024-02-05,BOTZ,Robotics&AI ETF,29.047473907470703,29.126784342861843,28.75006024748142,29.057387948258338,919900
2024-02-06,BOTZ,Robotics&AI ETF,28.819456100463867,28.948336737371044,28.517084480308448,28.948336737371044,939200
2024-02-07,BOTZ,Robotics&AI ETF,29.06730079650879,29.097042917651468,28.750059067959636,28.859111621239606,1016500
2024-02-08,BOTZ,Robotics&AI ETF,29.11686897277832,29.21600558787069,28.878935802009405,29.06729877432241,889900
2024-02-09,BOTZ,Robotics&AI ETF,29.652217864990234,29.69187402908475,29.27549376064225,29.334976115874042,1376200
2024-02-12,BOTZ,Robotics&AI ETF,29.73152732849121,30.058683107915908,29.602648581225086,29.74144136919013,1432700
2024-02-13,BOTZ,Robotics&AI ETF,29.027647018432617,29.374628983102138,28.60135272937019,28.97807681568705,1571400
2024-02-14,BOTZ,Robotics&AI ETF,29.632387161254883,29.64230120140138,29.255663090237086,29.44402607120089,1066700
2024-02-15,BOTZ,Robotics&AI ETF,29.880231857299805,29.979370365748483,29.756309194466397,29.870317817363958,1385200
2024-02-16,BOTZ,Robotics&AI ETF,29.711700439453125,30.038856232006903,29.58282168701497,30.038856232006903,1193800
2024-02-20,BOTZ,Robotics&AI ETF,29.562992095947266,29.82075147857772,29.300276638476372,29.810837437986944,1614100
2024-02-21,BOTZ,Robotics&AI ETF,29.20609474182129,29.41428581628204,28.987991517495207,29.41428581628204,1635800
2024-02-22,BOTZ,Robotics&AI ETF,30.494892120361328,30.53454639312645,30.11816612908791,30.31644316564339,1719900
2024-02-23,BOTZ,Robotics&AI ETF,30.46514892578125,30.87161513460074,30.34618422076134,30.70308022673096,1434400
2024-02-26,BOTZ,Robotics&AI ETF,30.74273681640625,30.911271726619056,30.613856178114734,30.911271726619056,1403100
2024-02-27,BOTZ,Robotics&AI ETF,30.871614456176758,31.069891481399196,30.703079552010642,31.05997744104709,1229600
2024-02-28,BOTZ,Robotics&AI ETF,30.54446029663086,30.752651373168494,30.425495587960743,30.732823291420157,978500
2024-02-29,BOTZ,Robotics&AI ETF,30.911270141601562,31.067907438569247,30.71299311943227,30.83195971091581,1183200
2024-03-01,BOTZ,Robotics&AI ETF,31.46644401550293,31.487262933217224,30.86170078319465,31.10954612221806,1313900
2024-03-04,BOTZ,Robotics&AI ETF,31.694461822509766,31.986919403258923,31.605237347643246,31.753944175450805,1610200
2024-03-05,BOTZ,Robotics&AI ETF,31.426790237426758,31.768814239005902,31.238427247359937,31.694461770678668,1035000
2024-03-06,BOTZ,Robotics&AI ETF,32.07118225097656,32.299203268796845,31.763856480715052,31.981957786296263,1615800
2024-03-07,BOTZ,Robotics&AI ETF,32.606529235839844,32.636269463639636,32.2298032958251,32.40825222626264,1872000
2024-03-08,BOTZ,Robotics&AI ETF,32.100929260253906,33.30545775509166,31.99187670636263,32.97334212774466,2274300
2024-03-11,BOTZ,Robotics&AI ETF,31.565584182739258,31.882825930761165,31.506101827712644,31.882825930761165,1290200
2024-03-12,BOTZ,Robotics&AI ETF,32.07118225097656,32.07118225097656,31.327648196823557,31.704372243655058,1079600
2024-03-13,BOTZ,Robotics&AI ETF,31.803518295288086,31.93239515911087,31.664723608371947,31.897696960109347,1360300
2024-03-14,BOTZ,Robotics&AI ETF,31.287994384765625,31.83325525324122,31.05997713166793,31.83325525324122,954800
2024-03-15,BOTZ,Robotics&AI ETF,31.37721824645996,31.51601291640026,31.18389919255039,31.24833950749018,837900
2024-03-18,BOTZ,Robotics&AI ETF,31.595325469970703,31.912565318691236,31.545755266334744,31.813428693239164,943000
2024-03-19,BOTZ,Robotics&AI ETF,31.61515235900879,31.674636604686164,31.094677500246522,31.337566776154226,1275200
2024-03-20,BOTZ,Robotics&AI ETF,31.991878509521484,32.041446823587776,31.520971962251824,31.70437699338907,1098400
2024-03-21,BOTZ,Robotics&AI ETF,31.96213722229004,32.22980686577551,31.942309140954112,32.20006663468153,1318700
2024-03-22,BOTZ,Robotics&AI ETF,31.862998962402344,31.92248321041792,31.6746378497498,31.912567278171952,1377300
2024-03-25,BOTZ,Robotics&AI ETF,31.664722442626953,31.798559158524196,31.506101569913916,31.595326047178744,571200
2024-03-26,BOTZ,Robotics&AI ETF,31.6448917388916,31.92247918859505,31.625063658717824,31.91256325759836,578900
2024-03-27,BOTZ,Robotics&AI ETF,31.545753479003906,31.753942649749515,31.278080067265424,31.74403050049385,920300
2024-03-28,BOTZ,Robotics&AI ETF,31.53584098815918,31.67265210189042,31.496186716458908,31.53584098815918,572700
2024-04-01,BOTZ,Robotics&AI ETF,31.357391357421875,31.71428924952511,31.268168775305934,31.565582424785383,914800
2024-04-02,BOTZ,Robotics&AI ETF,30.782390594482422,30.89144314960879,30.60889961215401,30.89144314960879,951300
2024-04-03,BOTZ,Robotics&AI ETF,30.822046279907227,30.955882988880276,30.509760625636773,30.643597334609822,629400
2024-04-04,BOTZ,Robotics&AI ETF,30.306528091430664,31.0887275514261,30.306528091430664,31.03023603563658,831300
2024-04-05,BOTZ,Robotics&AI ETF,30.43541145324707,30.574204251985282,30.118167798986764,30.24704844716659,1381800
2024-04-08,BOTZ,Robotics&AI ETF,30.504804611206055,30.621787640829208,30.40071002321338,30.574201003201168,1188300
2024-04-09,BOTZ,Robotics&AI ETF,30.752649307250977,30.80221761738194,30.44036365887839,30.752649307250977,1434400
2024-04-10,BOTZ,Robotics&AI ETF,30.286699295043945,30.465148239463613,30.148897348772515,30.22721694387401,732200
2024-04-11,BOTZ,Robotics&AI ETF,30.623769760131836,30.65351188180976,30.20738951119037,30.40566654055674,619800
2024-04-12,BOTZ,Robotics&AI ETF,29.83066749572754,30.326358212651016,29.72161493291317,30.326358212651016,834600
2024-04-15,BOTZ,Robotics&AI ETF,29.255664825439453,30.137993650802088,29.19618247194229,30.078511297304924,1029000
2024-04-16,BOTZ,Robotics&AI ETF,29.156526565551758,29.344889559345088,28.938423340203126,29.11687229317471,947300
2024-04-17,BOTZ,Robotics&AI ETF,28.829368591308594,29.295317129063328,28.75997220173978,29.196180510199195,1026900
2024-04-18,BOTZ,Robotics&AI ETF,28.98798942565918,29.28540495472525,28.851178320106982,29.057385815168324,1109600
2024-04-19,BOTZ,Robotics&AI ETF,28.403076171875,28.948337065671613,28.328723702886773,28.839284508730305,747300
2024-04-22,BOTZ,Robotics&AI ETF,28.859111785888672,28.987990529755855,28.50221389377975,28.730231151111617,698500
2024-04-23,BOTZ,Robotics&AI ETF,29.384540557861328,29.45393694497187,28.90867799689501,28.90867799689501,465600
2024-04-24,BOTZ,Robotics&AI ETF,29.305233001708984,29.652216862161175,29.15057737060875,29.562992386876044,675000
2024-04-25,BOTZ,Robotics&AI ETF,29.087129592895508,29.153551585080816,28.660835300578356,28.700491463077583,635700
2024-04-26,BOTZ,Robotics&AI ETF,29.820751190185547,29.88519150794744,29.453939255513852,29.453939255513852,990900
2024-04-29,BOTZ,Robotics&AI ETF,30.00911521911621,30.078511614078742,29.845536381638865,29.93971882415368,487600
2024-04-30,BOTZ,Robotics&AI ETF,29.622474670410156,30.08842512711636,29.622474670410156,29.90997617696589,607100
2024-05-01,BOTZ,Robotics&AI ETF,29.562992095947266,30.22721768825,29.394457187723887,29.523337824494064,660900
2024-05-02,BOTZ,Robotics&AI ETF,30.13799285888672,30.207389251294913,29.642302180645455,29.999200074070323,538700
2024-05-03,BOTZ,Robotics&AI ETF,30.653512954711914,30.732823391052424,30.375925482065146,30.544460395652475,782400
2024-05-06,BOTZ,Robotics&AI ETF,31.10954475402832,31.10954475402832,30.74769080187757,30.762562807383624,526100
2024-05-07,BOTZ,Robotics&AI ETF,31.12937355041504,31.273124297852714,30.990580768563397,31.040149078964745,391600
2024-05-08,BOTZ,Robotics&AI ETF,30.93109893798828,30.96083916836522,30.67333955956556,30.841874465037726,579000
2024-05-09,BOTZ,Robotics&AI ETF,31.06989288330078,31.12937523718747,30.812133495245217,30.93110009392853,374500
2024-05-10,BOTZ,Robotics&AI ETF,31.00049591064453,31.23842721266525,30.93407202761769,31.188857009592247,531400
2024-05-13,BOTZ,Robotics&AI ETF,31.050064086914062,31.208684954233657,31.020323856110323,31.119460480002648,388900
2024-05-14,BOTZ,Robotics&AI ETF,31.218599319458008,31.23842740080663,30.980668016004284,31.02032417870153,400800
2024-05-15,BOTZ,Robotics&AI ETF,31.67463493347168,31.68454708298496,31.228512568979458,31.307823001454757,566500
2024-05-16,BOTZ,Robotics&AI ETF,31.48627281188965,31.783688360021685,31.48627281188965,31.714290075153936,359900
2024-05-17,BOTZ,Robotics&AI ETF,31.327653884887695,31.520972963158783,31.2433854792072,31.516016887958774,376900
2024-05-20,BOTZ,Robotics&AI ETF,31.6448917388916,31.65976185356703,31.377218329275035,31.52592514875875,422000
2024-05-21,BOTZ,Robotics&AI ETF,31.297910690307617,31.347480895162203,31.20868621247933,31.327652813220368,654600
2024-05-22,BOTZ,Robotics&AI ETF,30.94101333618164,31.21166117592261,30.82204862420825,31.19877273333733,420600
2024-05-23,BOTZ,Robotics&AI ETF,30.980667114257812,31.624073775286785,30.84187433067709,31.595324381805025,717500
2024-05-24,BOTZ,Robotics&AI ETF,31.258255004882812,31.307823316587612,31.000495624016114,31.08972009781266,575300
2024-05-28,BOTZ,Robotics&AI ETF,31.2780818939209,31.377220410455607,31.10954698308487,31.28799593466536,498700
2024-05-29,BOTZ,Robotics&AI ETF,30.782390594482422,30.90135719015754,30.683253970814693,30.851788878323678,701700
2024-05-30,BOTZ,Robotics&AI ETF,30.47506332397461,30.72290866840275,30.366010767335055,30.603943961986793,466900
2024-05-31,BOTZ,Robotics&AI ETF,30.514719009399414,30.752650309419444,30.083466755385096,30.633683713954486,496600
2024-06-03,BOTZ,Robotics&AI ETF,30.851789474487305,31.04015057582369,30.598986162883847,30.891443746538677,574300
2024-06-04,BOTZ,Robotics&AI ETF,30.8617000579834,30.97075260968226,30.73282131672006,30.911270259169168,425800
2024-06-05,BOTZ,Robotics&AI ETF,31.367305755615234,31.367305755615234,30.86269376069762,30.99058166925059,518600
2024-06-06,BOTZ,Robotics&AI ETF,31.19877052307129,31.362349354083523,31.030235617290447,31.362349354083523,394200
2024-06-07,BOTZ,Robotics&AI ETF,30.79230499267578,30.990582024133953,30.742736680266194,30.911271589732667,402800
2024-06-10,BOTZ,Robotics&AI ETF,31.020322799682617,31.050063029473524,30.594028524187866,30.732821305638314,462900
2024-06-11,BOTZ,Robotics&AI ETF,30.8617000579834,30.9410104889708,30.653510885732658,30.881528138457707,486700
2024-06-12,BOTZ,Robotics&AI ETF,31.545753479003906,31.837218318047757,31.397046658341356,31.426788778837793,690900
2024-06-13,BOTZ,Robotics&AI ETF,31.34748077392578,31.625066356398026,31.20174645221789,31.555669960779966,453600
2024-06-14,BOTZ,Robotics&AI ETF,31.12937355041504,31.139287590677274,30.950924607514448,31.104589395214365,556400
2024-06-17,BOTZ,Robotics&AI ETF,31.178943634033203,31.23545158331383,30.86170001956866,30.931098301142352,393400
2024-06-18,BOTZ,Robotics&AI ETF,31.357391357421875,31.37721943829647,31.099633869691615,31.178944302280126,509200
2024-06-20,BOTZ,Robotics&AI ETF,30.79230499267578,31.3474799243947,30.6882104020697,31.3474799243947,758300
2024-06-21,BOTZ,Robotics&AI ETF,30.494892120361328,30.60394467955784,30.30652912472462,30.5841165977203,598600
2024-06-24,BOTZ,Robotics&AI ETF,30.19747543334961,30.574201410498635,30.19747543334961,30.465148855390776,715900
2024-06-25,BOTZ,Robotics&AI ETF,30.564289093017578,30.592047651750306,30.217305217948493,30.296615655886285,452000
2024-06-26,BOTZ,Robotics&AI ETF,30.534543991088867,30.635666065959455,30.410621325717713,30.4948897214432,532100
2024-06-27,BOTZ,Robotics&AI ETF,30.55738067626953,30.55738067626953,30.31911673199817,30.34889854156115,624200
2024-06-28,BOTZ,Robotics&AI ETF,30.626873016357422,30.855209051585593,30.47299339598012,30.607017214975812,432800
2024-07-01,BOTZ,Robotics&AI ETF,30.497812271118164,30.721185303291726,30.458102561817,30.6467288882695,331800
2024-07-02,BOTZ,Robotics&AI ETF,30.56730842590332,30.582199330611054,30.299260779843163,30.33897049024828,445900
2024-07-03,BOTZ,Robotics&AI ETF,30.86513900756836,30.89988571552322,30.552416742421077,30.567309541225708,274200
2024-07-05,BOTZ,Robotics&AI ETF,30.984270095825195,31.03390960267943,30.815501453181504,31.014053799937734,419500
2024-07-08,BOTZ,Robotics&AI ETF,31.13318634033203,31.262245269460287,31.00412551765023,31.014053418899103,1498500
2024-07-09,BOTZ,Robotics&AI ETF,31.12325668334961,31.296990211520313,31.009088665758366,31.212605895995527,472600
2024-07-10,BOTZ,Robotics&AI ETF,31.460798263549805,31.480652171709092,31.162966918518812,31.212606422800715,524400
2024-07-11,BOTZ,Robotics&AI ETF,31.440942764282227,31.877760938397557,31.416123958679268,31.669278805515027,723700
2024-07-12,BOTZ,Robotics&AI ETF,31.977035522460938,32.14580794172028,31.738771585032648,31.738771585032648,801400
2024-07-15,BOTZ,Robotics&AI ETF,31.798337936401367,32.066385583174984,31.708990614363664,31.996892169615936,607600
2024-07-16,BOTZ,Robotics&AI ETF,31.99689292907715,32.01674873158059,31.758628979696464,31.818194493653248,417500
2024-07-17,BOTZ,Robotics&AI ETF,31.192750930786133,31.649423013392877,31.093473814790126,31.490580385220664,844100
2024-07-18,BOTZ,Robotics&AI ETF,30.5871639251709,31.26224607915047,30.42832128818201,31.172896859150022,959300
2024-07-19,BOTZ,Robotics&AI ETF,30.626873016357422,30.8303902466353,30.487884300239603,30.716222229021216,369800
2024-07-22,BOTZ,Robotics&AI ETF,31.014053344726562,31.023981245951692,30.73607779108356,30.845282811006445,511900
2024-07-23,BOTZ,Robotics&AI ETF,30.894922256469727,31.033909086241557,30.527597486075344,30.75593353314436,450500
2024-07-24,BOTZ,Robotics&AI ETF,29.991500854492188,30.71622246199005,29.971646946513438,30.487884531476595,796900
2024-07-25,BOTZ,Robotics&AI ETF,29.59439468383789,30.199983383722003,29.266781528428375,29.72345550195425,637000
2024-07-26,BOTZ,Robotics&AI ETF,30.17020034790039,30.269477465518097,30.01135771713347,30.160272446783267,482900
2024-07-29,BOTZ,Robotics&AI ETF,29.951791763305664,30.299260723078586,29.852514647148617,30.259549119194368,691700
2024-07-30,BOTZ,Robotics&AI ETF,29.56461524963379,30.209913711392186,29.395844707922798,29.981577653063674,453300
2024-07-31,BOTZ,Robotics&AI ETF,30.577232360839844,30.835352088415206,30.32904053358123,30.497811051859223,667500
2024-08-01,BOTZ,Robotics&AI ETF,29.24692726135254,30.309189990504294,28.968953595844877,30.309189990504294,913700
2024-08-02,BOTZ,Robotics&AI ETF,28.39314842224121,28.512279451544345,27.92654652573548,28.512279451544345,964000
2024-08-05,BOTZ,Robotics&AI ETF,27.479801177978516,27.866979847375713,26.407612491256394,26.616092730607658,2918100
2024-08-06,BOTZ,Robotics&AI ETF,27.986112594604492,28.383219162533162,27.509582819536604,27.509582819536604,1084700
2024-08-07,BOTZ,Robotics&AI ETF,28.065532684326172,28.99873260487579,28.055604783866702,28.740614767143104,1068600
2024-08-08,BOTZ,Robotics&AI ETF,28.84981918334961,28.959024199764695,28.214448673778517,28.422928912148976,518900
2024-08-09,BOTZ,Robotics&AI ETF,28.820035934448242,28.89945724417705,28.55099608205598,28.661193314990623,465400
2024-08-12,BOTZ,Robotics&AI ETF,28.968952178955078,29.14765060864322,28.770397947400806,28.829965352999178,432900
2024-08-13,BOTZ,Robotics&AI ETF,29.673816680908203,29.68870947937447,29.23700039267049,29.23700039267049,430100
2024-08-14,BOTZ,Robotics&AI ETF,29.70359992980957,29.85251465731913,29.524901499376703,29.763165442102697,285500
2024-08-15,BOTZ,Robotics&AI ETF,30.060997009277344,30.130490423050254,29.79294936167881,29.79294936167881,1186800
2024-08-16,BOTZ,Robotics&AI ETF,30.27940559387207,30.334008103649257,30.07092534950848,30.07092534950848,351200
2024-08-19,BOTZ,Robotics&AI ETF,30.84528350830078,30.84528350830078,30.279406380550864,30.329043994245087,663600
2024-08-20,BOTZ,Robotics&AI ETF,30.676511764526367,31.03390862844295,30.63680205384314,30.93463151140462,432200
2024-08-21,BOTZ,Robotics&AI ETF,31.41115951538086,31.47668214776742,31.023980840429427,31.023980840429427,506600
2024-08-22,BOTZ,Robotics&AI ETF,30.904848098754883,31.57000232754506,30.85024748274635,31.52036471533602,379200
2024-08-23,BOTZ,Robotics&AI ETF,31.639497756958008,31.66927956697624,31.280114550651394,31.30195669069211,487000
2024-08-26,BOTZ,Robotics&AI ETF,31.26224708557129,31.63255043880737,31.222537371822497,31.51043895055063,250400
2024-08-27,BOTZ,Robotics&AI ETF,31.460798263549805,31.544190358479234,31.098438403282547,31.192750621087953,304000
2024-08-28,BOTZ,Robotics&AI ETF,31.083545684814453,31.490580153200945,30.934630958694378,31.351593327962675,402400
2024-08-29,BOTZ,Robotics&AI ETF,31.172895431518555,31.57992990685574,31.14311362191806,31.172895431518555,473400
2024-08-30,BOTZ,Robotics&AI ETF,31.331737518310547,31.510435947031038,31.083545676988418,31.31188361010542,639600
2024-09-03,BOTZ,Robotics&AI ETF,29.951791763305664,30.944559137769158,29.822732837788948,30.924703335827047,1076500
2024-09-04,BOTZ,Robotics&AI ETF,29.753238677978516,30.08085184843881,29.54475843020995,29.54475843020995,800000
2024-09-05,BOTZ,Robotics&AI ETF,29.71352767944336,29.799898334572198,29.42562423331157,29.554685051768402,697700
2024-09-06,BOTZ,Robotics&AI ETF,28.790254592895508,29.564613846383697,28.616521055359797,29.43555302402556,602000
2024-09-09,BOTZ,Robotics&AI ETF,29.23699951171875,29.455407649256664,29.167504205928378,29.17743210675557,381000
2024-09-10,BOTZ,Robotics&AI ETF,29.197288513183594,29.228064438319336,28.829965642736187,29.20721641421643,375100
2024-09-11,BOTZ,Robotics&AI ETF,29.78302001953125,29.822731621796265,28.879601897089742,29.098010028887074,439800
2024-09-12,BOTZ,Robotics&AI ETF,30.229766845703125,30.316137499916366,29.753237074176376,29.852514188809177,522100
2024-09-13,BOTZ,Robotics&AI ETF,30.31911849975586,30.46803323691375,30.1900576722797,30.1900576722797,275900
2024-09-16,BOTZ,Robotics&AI ETF,30.29926300048828,30.388612222390105,30.16523916763554,30.209913778586454,326500
2024-09-17,BOTZ,Robotics&AI ETF,30.249622344970703,30.51369921868738,30.13049131598761,30.438248683339758,300400
2024-09-18,BOTZ,Robotics&AI ETF,30.140419006347656,30.71622402521151,30.02128608464492,30.209912421693605,491800
2024-09-19,BOTZ,Robotics&AI ETF,30.825428009033203,30.954488835595175,30.686441174477487,30.79564619794475,648800
2024-09-20,BOTZ,Robotics&AI ETF,30.76586151123047,30.914776242580057,30.527597562360423,30.825427025059597,301800
2024-09-23,BOTZ,Robotics&AI ETF,30.91477394104004,31.009088048931005,30.785715021759508,30.825424730171438,311000
2024-09-24,BOTZ,Robotics&AI ETF,31.103403091430664,31.128221898139014,30.716224404830385,30.8353554344519,280300
2024-09-25,BOTZ,Robotics&AI ETF,31.331737518310547,31.550147550548246,31.252316204829604,31.361521220948454,351700
2024-09-26,BOTZ,Robotics&AI ETF,32.03660583496094,32.18551867912287,31.679208949600692,32.15573686771194,540800
2024-09-27,BOTZ,Robotics&AI ETF,31.768556594848633,32.18551708234463,31.619641864520986,31.96711083098785,379800
2024-09-30,BOTZ,Robotics&AI ETF,31.91747283935547,32.05645966686879,31.65935119931043,31.748700415155707,379000
2024-10-01,BOTZ,Robotics&AI ETF,31.42108726501465,32.02667408048428,31.267209532662118,31.97703646880027,479600
2024-10-02,BOTZ,Robotics&AI ETF,31.530292510986328,31.624604731289338,31.192751447144417,31.371449880184667,392800
2024-10-03,BOTZ,Robotics&AI ETF,31.331737518310547,31.512422284628286,31.227497399408087,31.31188361010542,235300
2024-10-04,BOTZ,Robotics&AI ETF,31.838050842285156,31.847980637260754,31.480653965306807,31.67920820664002,394900
2024-10-07,BOTZ,Robotics&AI ETF,31.60971450805664,31.81322985795369,31.530293190943073,31.619642409390032,323600
2024-10-08,BOTZ,Robotics&AI ETF,31.71891975402832,31.73381065935719,31.48065390744497,31.56007711867514,804900
2024-10-09,BOTZ,Robotics&AI ETF,31.768556594848633,31.778482602457416,31.590850383084216,31.639497666845614,619500
2024-10-10,BOTZ,Robotics&AI ETF,31.758628845214844,31.768556746424526,31.34166646217588,31.440943580719164,391800
2024-10-11,BOTZ,Robotics&AI ETF,31.967113494873047,31.996895307288238,31.639500303430133,31.639500303430133,424600
2024-10-14,BOTZ,Robotics&AI ETF,32.16566467285156,32.215302284501156,31.977036446633267,31.977036446633267,455800
2024-10-15,BOTZ,Robotics&AI ETF,31.361520767211914,32.104111836390764,31.32180916426925,32.03660286880962,487500
2024-10-16,BOTZ,Robotics&AI ETF,31.331737518310547,31.39130492358636,31.103401478747024,31.27217200658821,541000
2024-10-17,BOTZ,Robotics&AI ETF,31.26224708557129,31.708993199955565,31.23246338009445,31.58986027160187,403400
2024-10-18,BOTZ,Robotics&AI ETF,31.818191528320312,31.86782913639934,31.589855501471387,31.63949500310379,315100
2024-10-21,BOTZ,Robotics&AI ETF,31.828125,31.9869676364715,31.59978705321282,31.768557591157993,316500
2024-10-22,BOTZ,Robotics&AI ETF,31.45087242126465,31.550149542773017,31.381379004274866,31.44094451975845,275000
2024-10-23,BOTZ,Robotics&AI ETF,30.884994506835938,31.19275187150686,30.65665656509279,31.19275187150686,423800
2024-10-24,BOTZ,Robotics&AI ETF,31.23246192932129,31.29202933750801,30.964416166695322,31.143114604148348,623900
2024-10-25,BOTZ,Robotics&AI ETF,31.40123176574707,31.699063119383872,31.336703248646263,31.440943370320053,725300
2024-10-28,BOTZ,Robotics&AI ETF,31.88768768310547,31.942290192826594,31.808268260761057,31.828124063123926,343900
2024-10-29,BOTZ,Robotics&AI ETF,32.16566467285156,32.215302284501156,31.718918593791148,31.937324842470783,544400
2024-10-30,BOTZ,Robotics&AI ETF,32.145809173583984,32.413856823545245,32.076315759198515,32.106097569047414,329200
2024-10-31,BOTZ,Robotics&AI ETF,31.530292510986328,32.13091822060573,31.46973288222469,32.09617151346497,374800
2024-11-01,BOTZ,Robotics&AI ETF,31.768556594848633,31.96711083098785,31.6295697656833,31.669279476779025,242000
2024-11-04,BOTZ,Robotics&AI ETF,31.877761840820312,32.14580949344876,31.79833863095688,31.84798003067507,247300
2024-11-05,BOTZ,Robotics&AI ETF,32.58262634277344,32.61240815342725,32.03660502051303,32.03660502051303,427900
2024-11-06,BOTZ,Robotics&AI ETF,33.01944351196289,33.06511223832656,32.59255699529986,32.949950093870726,747400
2024-11-07,BOTZ,Robotics&AI ETF,33.29741668701172,33.32223359764726,32.93207828443272,32.95987564809286,512600
2024-11-08,BOTZ,Robotics&AI ETF,33.48604202270508,33.500932926911986,33.208068378557805,33.25770598828312,290100
2024-11-11,BOTZ,Robotics&AI ETF,33.565467834472656,33.7243104701927,33.41655120662574,33.555538039492376,537800
2024-11-12,BOTZ,Robotics&AI ETF,33.0392951965332,33.32719862822844,32.79110336654217,33.178282015391105,931100
2024-11-13,BOTZ,Robotics&AI ETF,32.70175552368164,32.99958876181018,32.67197371471156,32.99958876181018,438300
2024-11-14,BOTZ,Robotics&AI ETF,32.35429000854492,32.88045552340406,32.304652395519796,32.88045552340406,368700
2024-11-15,BOTZ,Robotics&AI ETF,31.877761840820312,32.242108052499276,31.76855682081164,32.125953690982904,399200
2024-11-18,BOTZ,Robotics&AI ETF,31.986967086791992,32.11602412307113,31.7288454400195,31.877762066011872,274800
2024-11-19,BOTZ,Robotics&AI ETF,32.58262634277344,32.62233794838329,31.840035223719273,32.00682320985921,403900
2024-11-20,BOTZ,Robotics&AI ETF,32.48335266113281,32.6521213123425,32.12595576785661,32.58262789277294,813400
2024-11-21,BOTZ,Robotics&AI ETF,32.949951171875,33.06908599573688,32.46349722931483,32.652121686435066,622900
2024-11-22,BOTZ,Robotics&AI ETF,33.168357849121094,33.19813965849852,32.830816790117936,32.87052839402583,320800
2024-11-25,BOTZ,Robotics&AI ETF,33.168357849121094,33.65481552922538,33.039297029973916,33.535680717501684,487200
2024-11-26,BOTZ,Robotics&AI ETF,33.02937316894531,33.16836000454795,32.92016814465546,33.08894057867812,296700
2024-11-27,BOTZ,Robotics&AI ETF,32.70175552368164,32.910239547793005,32.4237818743424,32.81096053938118,402100
2024-11-29,BOTZ,Robotics&AI ETF,33.12864303588867,33.158428629487624,32.79110200958466,32.81095780961509,234100
2024-12-02,BOTZ,Robotics&AI ETF,33.1584358215332,33.247785047496606,33.04923079123266,33.227929243159465,450000
2024-12-03,BOTZ,Robotics&AI ETF,33.33713150024414,33.36194841327053,33.13063569684459,33.217996684131776,280700
2024-12-04,BOTZ,Robotics&AI ETF,33.90300750732422,33.917898412071935,33.44633163478786,33.456261429357674,741500
2024-12-05,BOTZ,Robotics&AI ETF,33.654815673828125,33.96257113766918,33.654815673828125,33.85336612000674,575400
2024-12-06,BOTZ,Robotics&AI ETF,33.93278884887695,34.01717316602167,33.833513627189866,33.96257065796169,537700
2024-12-09,BOTZ,Robotics&AI ETF,33.565467834472656,33.94768162485592,33.43640700947914,33.813659689479415,548000
2024-12-10,BOTZ,Robotics&AI ETF,33.148502349853516,33.699488551009075,33.09886473806888,33.5058992140741,418500
2024-12-11,BOTZ,Robotics&AI ETF,33.48604202270508,33.56248477484558,33.267631995385436,33.49597181691426,339400
2024-12-12,BOTZ,Robotics&AI ETF,33.11872100830078,33.39669466790919,33.098865205884884,33.13857681071668,365700
2024-12-13,BOTZ,Robotics&AI ETF,32.78118133544922,33.039299203618064,32.612408901290664,33.0095173922813,370900
2024-12-16,BOTZ,Robotics&AI ETF,33.00951385498047,33.07900726539083,32.681898816954345,32.87052703415975,623900
2024-12-17,BOTZ,Robotics&AI ETF,32.880455017089844,32.9449873214252,32.60744625610206,32.82089139721974,343500
2024-12-18,BOTZ,Robotics&AI ETF,31.828125,33.30337745373311,31.73877388673699,33.098866091772024,933400
2024-12-19,BOTZ,Robotics&AI ETF,31.57000160217285,32.16566429631617,31.416123871728306,31.99689187415479,1210900
2024-12-20,BOTZ,Robotics&AI ETF,32.056461334228516,32.23515977521376,31.282102054477004,31.401233086098095,457900
2024-12-23,BOTZ,Robotics&AI ETF,32.145809173583984,32.1855169910135,31.778482512281307,31.957180945588814,405700
2024-12-24,BOTZ,Robotics&AI ETF,32.403926849365234,32.4138566439979,32.06638578688822,32.06638578688822,181500
2024-12-26,BOTZ,Robotics&AI ETF,32.68190002441406,32.73154142263279,32.10609691872516,32.15573452983691,323300
2024-12-27,BOTZ,Robotics&AI ETF,32.284793853759766,32.58262329374899,32.04652802950431,32.5131298839884,446600
2024-12-30,BOTZ,Robotics&AI ETF,31.986967086791992,32.20537334124512,31.699063629663872,32.13587992567725,901500
2024-12-31,BOTZ,Robotics&AI ETF,31.71891975402832,32.125954243815045,31.62957053494796,32.02667522977734,584700
2025-01-02,BOTZ,Robotics&AI ETF,32.09617233276367,32.374145996985476,31.857906486925593,32.04653093234651,632300
2025-01-03,BOTZ,Robotics&AI ETF,32.71168899536133,32.76132661159379,32.15573784707866,32.15573784707866,578500
2025-01-06,BOTZ,Robotics&AI ETF,32.94002151489258,33.23685874532108,32.87052810222416,33.04922653111636,1299800
2025-01-07,BOTZ,Robotics&AI ETF,32.32450866699219,33.25770868156406,32.2182803107284,33.247782673657916,960000
2025-01-08,BOTZ,Robotics&AI ETF,32.15573501586914,32.26494003422982,31.86287045490828,32.26494003422982,524600
2025-01-10,BOTZ,Robotics&AI ETF,31.560075759887695,31.977036239572797,31.282100213210796,31.768555999730246,1047500
2025-01-13,BOTZ,Robotics&AI ETF,31.23246192932129,31.25728262950921,30.855211145239906,30.97434406805978,478400
2025-01-14,BOTZ,Robotics&AI ETF,31.26224708557129,31.599788173427484,31.053766827894396,31.460801334976225,436100
2025-01-15,BOTZ,Robotics&AI ETF,32.15573501586914,32.27486604175941,31.87776135975618,32.006822180283066,429000
2025-01-16,BOTZ,Robotics&AI ETF,32.35429000854492,32.483350832095944,32.245084987625376,32.4337094319637,299300
2025-01-17,BOTZ,Robotics&AI ETF,32.79110336303711,32.940019975858526,32.73153974759396,32.940019975858526,458000
2025-01-21,BOTZ,Robotics&AI ETF,33.73423767089844,33.74912857678824,33.079011301996275,33.24778373866434,994400
2025-01-22,BOTZ,Robotics&AI ETF,34.131343841552734,34.24054886011138,33.952645408839864,34.071776434946095,1368300
2025-01-23,BOTZ,Robotics&AI ETF,34.28025436401367,34.29018415799819,33.77394469690009,33.873219914104546,1124500
2025-01-24,BOTZ,Robotics&AI ETF,34.24055099487305,34.60390121521655,34.2206951914329,34.419245651619775,558900
2025-01-27,BOTZ,Robotics&AI ETF,32.7712516784668,33.31727680265841,32.55681430430185,33.10879276110013,1299500
2025-01-28,BOTZ,Robotics&AI ETF,33.535682678222656,33.575394284452365,32.73154348116078,33.05915476478782,813100
2025-01-29,BOTZ,Robotics&AI ETF,33.08893966674805,33.47611835157254,32.85563871894171,33.4562625488755,464900
2025-01-30,BOTZ,Robotics&AI ETF,33.20806884765625,33.27756225967473,32.90030960364087,33.17828325171481,756700
2025-01-31,BOTZ,Robotics&AI ETF,32.94002151489258,33.63495942868368,32.89634102324585,33.217995165566236,499100
2025-02-03,BOTZ,Robotics&AI ETF,32.384071350097656,32.60248138877471,31.877761645200096,32.07135098417037,710900
2025-02-04,BOTZ,Robotics&AI ETF,32.90031433105469,33.00852713979258,32.55284722103506,32.61241084726273,420900
2025-02-05,BOTZ,Robotics&AI ETF,33.366912841796875,33.366912841796875,32.93009276307131,32.93009276307131,399100
2025-02-06,BOTZ,Robotics&AI ETF,33.30734634399414,33.535682397241,33.15843350254124,33.4959745784512,577800
2025-02-07,BOTZ,Robotics&AI ETF,33.31727600097656,33.83351551417678,33.247782584498374,33.51582645542443,779600
2025-02-10,BOTZ,Robotics&AI ETF,34.02214050292969,34.04199630611233,33.6647436198565,33.6647436198565,547600
2025-02-11,BOTZ,Robotics&AI ETF,33.77394485473633,34.00228088505909,33.664739843037005,33.95264327622489,448900
2025-02-12,BOTZ,Robotics&AI ETF,33.89308166503906,33.9417270602041,33.36691610469266,33.36691610469266,429900
2025-02-13,BOTZ,Robotics&AI ETF,33.714378356933594,33.85336518024318,33.44633071750501,33.793801562885875,440600
2025-02-14,BOTZ,Robotics&AI ETF,33.57539749145508,33.72431413548686,33.421519736501125,33.64489091544122,367100
2025-02-18,BOTZ,Robotics&AI ETF,34.24055099487305,34.260403011205916,34.037031849942046,34.08170835445918,937600
2025-02-19,BOTZ,Robotics&AI ETF,34.08170700073242,34.270331445260695,33.972501979702905,34.18594712432229,593700
2025-02-20,BOTZ,Robotics&AI ETF,34.07177734375,34.2306199784975,33.70445446097899,34.2306199784975,510300
2025-02-21,BOTZ,Robotics&AI ETF,33.38676834106445,34.290186513261816,33.3371307290528,34.290186513261816,533300
2025-02-24,BOTZ,Robotics&AI ETF,32.78118133544922,33.371879174343306,32.67197631107143,33.30734686697066,1011200
2025-02-25,BOTZ,Robotics&AI ETF,32.7414665222168,33.03929596773663,32.319541158804796,33.0095141593167,860400
2025-02-26,BOTZ,Robotics&AI ETF,32.989662170410156,33.35698506943026,32.860601340497624,32.89038693946655,468500
2025-02-27,BOTZ,Robotics&AI ETF,31.986967086791992,33.11872132559124,31.947255481579745,33.08893951523561,736100
2025-02-28,BOTZ,Robotics&AI ETF,31.838050842285156,31.852941747641392,31.272173716105158,31.421088450328277,637500
2025-03-03,BOTZ,Robotics&AI ETF,31.05376625061035,32.20537443766835,30.825428299973343,32.18055752389615,659400
2025-03-04,BOTZ,Robotics&AI ETF,31.004125595092773,31.500509297455014,30.25955004154941,30.646730617008373,787100
2025-03-05,BOTZ,Robotics&AI ETF,31.659353256225586,31.708992764672224,31.063694303294966,31.17289743477031,568300
2025-03-06,BOTZ,Robotics&AI ETF,30.7360782623291,31.49058172502512,30.666584846241264,31.237426867340343,722700
2025-03-07,BOTZ,Robotics&AI ETF,31.014053344726562,31.083546759748927,30.28933359727398,30.79564519843434,305400
2025-03-10,BOTZ,Robotics&AI ETF,29.773094177246094,30.487886025450784,29.48519261513512,30.408464708983598,1045600
2025-03-11,BOTZ,Robotics&AI ETF,29.961721420288086,30.2794066957669,29.6291433457031,29.862444298312557,798800
2025-03-12,BOTZ,Robotics&AI ETF,30.37868309020996,30.696368358080598,30.104678315861722,30.557381526775586,388000
2025-03-13,BOTZ,Robotics&AI ETF,29.53483009338379,30.051069594847043,29.452430217560604,30.051069594847043,701300
2025-03-14,BOTZ,Robotics&AI ETF,30.438247680664062,30.463066486421848,30.03121320686521,30.085815715664435,571800
2025-03-17,BOTZ,Robotics&AI ETF,30.656658172607422,30.805574805677853,30.388612398898665,30.408466308894898,409900
2025-03-18,BOTZ,Robotics&AI ETF,30.27940559387207,30.577235055406774,30.120562961913087,30.428320324639422,485400
2025-03-19,BOTZ,Robotics&AI ETF,30.607019424438477,30.82046457081536,30.27940625220593,30.358827569912197,471200
2025-03-20,BOTZ,Robotics&AI ETF,30.309188842773438,30.54348200543129,30.100706707983793,30.18012802277187,315700
2025-03-21,BOTZ,Robotics&AI ETF,30.120561599731445,30.13048950047409,29.73834594213011,29.85251396034036,434900
2025-03-24,BOTZ,Robotics&AI ETF,30.45810317993164,30.477958981761898,30.258556726710577,30.259548948736043,462200
2025-03-25,BOTZ,Robotics&AI ETF,30.517667770385742,30.527595671001098,30.37868094887763,30.487884068539678,272000
2025-03-26,BOTZ,Robotics&AI ETF,29.82273292541504,30.388610027553348,29.733383709966517,30.388610027553348,506100
2025-03-27,BOTZ,Robotics&AI ETF,29.64403533935547,29.922009001069846,29.54475822007738,29.783022170212657,440300
2025-03-28,BOTZ,Robotics&AI ETF,28.740615844726562,29.202252818856675,28.601627126636192,29.117866608563933,699700
2025-03-31,BOTZ,Robotics&AI ETF,28.25415802001953,28.353435134249988,27.76273923958663,28.08538938744725,1444500
2025-04-01,BOTZ,Robotics&AI ETF,28.422927856445312,28.452711558057768,27.87690658175753,28.125098414534417,545400
2025-04-02,BOTZ,Robotics&AI ETF,28.720762252807617,28.85974908803802,28.02582428954838,28.11517351035467,810500
2025-04-03,BOTZ,Robotics&AI ETF,27.04298210144043,27.589005274311354,27.018163296662987,27.385486151897396,1463200
2025-04-04,BOTZ,Robotics&AI ETF,25.196435928344727,26.107797573381465,24.89860646399891,25.970795186618822,1761900
2025-04-07,BOTZ,Robotics&AI ETF,24.620630264282227,25.603471636717643,23.642755682689817,23.846272919828696,1607400
2025-04-08,BOTZ,Robotics&AI ETF,24.33272933959961,25.87151806092884,23.99518827019583,25.8119525467851,1561300
2025-04-09,BOTZ,Robotics&AI ETF,27.291175842285156,27.400380863196695,24.302945714395584,24.34265731965562,1231800
2025-04-10,BOTZ,Robotics&AI ETF,26.13956642150879,26.64587803930104,25.464484264452455,26.59624042509838,1062400
2025-04-11,BOTZ,Robotics&AI ETF,26.675661087036133,26.68558709478934,25.960867341377405,26.24877079861296,821400
2025-04-14,BOTZ,Robotics&AI ETF,26.844430923461914,27.231609596580892,26.54659957267127,27.231609596580892,584700
2025-04-15,BOTZ,Robotics&AI ETF,26.90399742126465,27.102549768841385,26.805712522774602,26.8841416184409,361600
2025-04-16,BOTZ,Robotics&AI ETF,26.31826400756836,26.645877173905163,26.0402884538221,26.477106640122354,539700
2025-04-17,BOTZ,Robotics&AI ETF,26.42746925354004,26.670696208288746,26.33812003527011,26.566456084825017,636400
2025-04-21,BOTZ,Robotics&AI ETF,25.980722427368164,26.318263488273647,25.727567578465806,26.27855188414194,517100
2025-04-22,BOTZ,Robotics&AI ETF,26.48703384399414,26.65580437333352,26.228914099501356,26.44235923641744,344500
2025-04-23,BOTZ,Robotics&AI ETF,27.291175842285156,27.95136707808156,27.221682426633652,27.56915139844473,717700
2025-04-24,BOTZ,Robotics&AI ETF,27.946401596069336,27.956329497176675,27.323937534422697,27.380524487825657,427700
2025-04-25,BOTZ,Robotics&AI ETF,28.383220672607422,28.426903060147332,27.96625828071027,28.085391204203848,392800
2025-04-28,BOTZ,Robotics&AI ETF,28.30379867553711,28.37329209025994,28.00596732072757,28.313726576719446,453500
2025-04-29,BOTZ,Robotics&AI ETF,28.432859420776367,28.55199234902397,28.274016778815334,28.283944680632104,514900
2025-04-30,BOTZ,Robotics&AI ETF,28.353435516357422,28.413002921830536,27.76770261741285,27.976184749461783,375300
2025-05-01,BOTZ,Robotics&AI ETF,28.502351760864258,28.800183123430784,28.472569950095114,28.760471517667145,432400
2025-05-02,BOTZ,Robotics&AI ETF,29.0682315826416,29.227074222965847,29.038447877498193,29.048375779212662,742100
2025-05-05,BOTZ,Robotics&AI ETF,29.05830192565918,29.21714455638853,28.99873451897053,29.03844612342963,655100
2025-05-06,BOTZ,Robotics&AI ETF,29.02851676940918,29.12779388203449,28.700903623233064,28.884565050780154,393300
2025-05-07,BOTZ,Robotics&AI ETF,28.909387588500977,29.00369981004138,28.661195737922874,28.810110469559024,391900
2025-05-08,BOTZ,Robotics&AI ETF,29.276710510253906,29.495118657406287,29.127795778397573,29.187361292429397,501300
2025-05-09,BOTZ,Robotics&AI ETF,29.127796173095703,29.34620432320764,29.028519052661707,29.2568551041724,424000
2025-05-12,BOTZ,Robotics&AI ETF,30.388608932495117,30.388608932495117,29.95179077199354,30.14041709709363,644200
2025-05-13,BOTZ,Robotics&AI ETF,30.805574417114258,30.964417056402432,30.47796123688819,30.49285214258595,728900
2025-05-14,BOTZ,Robotics&AI ETF,30.86513900756836,31.143114564760786,30.746006084899157,31.019018638192417,448300
2025-05-15,BOTZ,Robotics&AI ETF,30.825428009033203,30.914777229405768,30.5335556564662,30.894923319864667,279800
2025-05-16,BOTZ,Robotics&AI ETF,30.979305267333984,31.009088969692364,30.760897130699604,30.994196171736444,370300
2025-05-19,BOTZ,Robotics&AI ETF,30.76586151123047,30.76586151123047,30.348899127319502,30.37868283101084,382300
2025-05-20,BOTZ,Robotics&AI ETF,30.964414596557617,30.979305501072425,30.79564406902703,30.924702993113492,532000
2025-05-21,BOTZ,Robotics&AI ETF,30.438247680664062,31.073618197120123,30.358826366107056,30.775788740919722,693200
2025-05-22,BOTZ,Robotics&AI ETF,30.527599334716797,30.67353551481459,30.22976985472639,30.368756692914758,396900
2025-05-23,BOTZ,Robotics&AI ETF,30.34889793395996,30.51766846113415,29.902153757477784,30.100706093618705,574100
2025-05-27,BOTZ,Robotics&AI ETF,31.282100677490234,31.31188438086128,30.8760584212332,30.984269324440344,694900
2025-05-28,BOTZ,Robotics&AI ETF,30.855209350585938,31.033907777645194,30.825425648224908,31.0090889724544,535900
2025-05-29,BOTZ,Robotics&AI ETF,31.083545684814453,31.371449129726276,30.994196470431714,31.361521228844474,483000
2025-05-30,BOTZ,Robotics&AI ETF,30.676511764526367,31.073618339126178,30.33897070272815,31.014052826324583,551500
2025-06-02,BOTZ,Robotics&AI ETF,30.746004104614258,30.746004104614258,30.31911573529905,30.597089381034213,525500
2025-06-03,BOTZ,Robotics&AI ETF,31.073617935180664,31.12325743983129,30.69636716760334,30.755932679630604,597800
2025-06-04,BOTZ,Robotics&AI ETF,31.172895431518555,31.252316746375726,30.974343091152384,31.10340201771272,676200
2025-06-05,BOTZ,Robotics&AI ETF,31.05376625061035,31.406198237876488,30.93264888027528,31.232462799488466,968000
2025-06-06,BOTZ,Robotics&AI ETF,31.172895431518555,31.33670295853532,31.12325781981539,31.20267913467256,408000
2025-06-09,BOTZ,Robotics&AI ETF,31.172895431518555,31.272172548478395,30.974343091152384,31.158004526718308,538500
2025-06-10,BOTZ,Robotics&AI ETF,31.371450424194336,31.42108803709805,31.15304038288948,31.35159462161143,622200
2025-06-11,BOTZ,Robotics&AI ETF,31.301956176757812,31.57000193028865,31.232460869564704,31.57000193028865,589000
2025-06-12,BOTZ,Robotics&AI ETF,31.182823181152344,31.371449513104757,31.12325766868708,31.23246079261448,379200
2025-06-13,BOTZ,Robotics&AI ETF,30.686439514160156,30.95945016450323,30.577234496601527,30.676511613149962,495100
2025-06-16,BOTZ,Robotics&AI ETF,31.04383659362793,31.15303971839751,30.8750660623802,30.934631575304834,425400
2025-06-17,BOTZ,Robotics&AI ETF,30.56730842590332,30.88499368335825,30.527596821944705,30.775788666025555,539400
2025-06-18,BOTZ,Robotics&AI ETF,30.815502166748047,31.00412661650124,30.616947921840506,30.666585536290583,698000
2025-06-20,BOTZ,Robotics&AI ETF,30.229766845703125,30.716222624495035,30.180127341609992,30.696366822857783,900900
2025-06-23,BOTZ,Robotics&AI ETF,30.517667770385742,30.522632667470134,29.996465296176897,30.180126723677393,513500
2025-06-24,BOTZ,Robotics&AI ETF,31.212608337402344,31.24834726783478,30.865139360328946,30.919741871611656,541300
2025-06-25,BOTZ,Robotics&AI ETF,31.3118839263916,31.45087075299881,31.24338273511991,31.361521537736035,843200
2025-06-26,BOTZ,Robotics&AI ETF,32.04652786254883,32.04652786254883,31.520362395072187,31.589855804470734,830400
2025-06-27,BOTZ,Robotics&AI ETF,32.3640022277832,32.52323455697139,32.14505635150013,32.3640022277832,932200
2025-06-30,BOTZ,Robotics&AI ETF,32.493377685546875,32.54313707353679,32.329168288422,32.448591578877384,758400
2025-07-01,BOTZ,Robotics&AI ETF,31.985824584960938,32.21472082492048,31.826592252971768,32.13510655712502,718500
2025-07-02,BOTZ,Robotics&AI ETF,32.33414840698242,32.344098766956996,31.74697656392719,31.84649724746535,715400
2025-07-03,BOTZ,Robotics&AI ETF,32.63270568847656,32.71132529419378,32.39385530971861,32.46351921260676,377100
2025-07-07,BOTZ,Robotics&AI ETF,32.0057258605957,32.19979012692206,31.886302572794374,32.11519878957937,624000
2025-07-08,BOTZ,Robotics&AI ETF,32.204769134521484,32.33911986679971,32.10524655839122,32.15998302616334,529200
2025-07-09,BOTZ,Robotics&AI ETF,32.61280059814453,32.61777767580524,32.26746505861054,32.483423153751374,476400
2025-07-10,BOTZ,Robotics&AI ETF,32.38390350341797,32.54313581667469,32.15500729038629,32.54313581667469,617500
2025-07-11,BOTZ,Robotics&AI ETF,32.11520004272461,32.43366468688665,32.11520004272461,32.29433687961551,432000
2025-07-14,BOTZ,Robotics&AI ETF,32.12514877319336,32.184862314595534,31.717117629471957,31.91117999533284,470800
2025-07-15,BOTZ,Robotics&AI ETF,32.1749153137207,32.49039220957143,32.164961157582596,32.46352130295605,436900
2025-07-16,BOTZ,Robotics&AI ETF,32.403812408447266,32.43366728485448,31.926115403940216,32.26448079361751,693500
2025-07-17,BOTZ,Robotics&AI ETF,33.06064224243164,33.11040162918997,32.62275052760344,32.63270468279383,864400
2025-07-18,BOTZ,Robotics&AI ETF,33.00093078613281,33.17011726748112,32.8914578505071,33.15021275224025,628500
2025-07-21,BOTZ,Robotics&AI ETF,32.85165023803711,33.33930139149208,32.85165023803711,33.279587843192004,723100
2025-07-22,BOTZ,Robotics&AI ETF,32.72227478027344,32.80188904390139,32.324192072939496,32.777011247441806,833700
2025-07-23,BOTZ,Robotics&AI ETF,34.364356994628906,34.37928443160552,33.737381863223135,33.737381863223135,1215900
2025-07-24,BOTZ,Robotics&AI ETF,34.324554443359375,34.54349653011956,34.23498601810347,34.48876005932994,784500
2025-07-25,BOTZ,Robotics&AI ETF,34.165321350097656,34.19318691305157,33.846852892398054,34.13546267807688,635900
2025-07-28,BOTZ,Robotics&AI ETF,34.09565353393555,34.27479037987692,33.99911872024934,34.24493550435276,648300
2025-07-29,BOTZ,Robotics&AI ETF,33.69757080078125,34.185218095789196,33.65776177364654,34.165317378619626,569400
2025-07-30,BOTZ,Robotics&AI ETF,33.5383415222168,33.83690165993661,33.367165727172754,33.70752420824538,509500
2025-07-31,BOTZ,Robotics&AI ETF,33.309444427490234,33.90457537490078,33.23978052370626,33.846851142909756,706600
2025-08-01,BOTZ,Robotics&AI ETF,32.96112060546875,33.15021159545957,32.51327851917203,32.85164767366311,846700
2025-08-04,BOTZ,Robotics&AI ETF,33.807044982910156,33.81699534186453,33.4089622895725,33.453748395862,733200
2025-08-05,BOTZ,Robotics&AI ETF,33.767234802246094,34.02598588660911,33.58809797599563,33.896612242626496,629000
2025-08-06,BOTZ,Robotics&AI ETF,33.43881607055664,33.687616796666134,33.37412924847138,33.65776192438029,902700
2025-08-07,BOTZ,Robotics&AI ETF,33.26963806152344,33.747335067031,33.05069217701643,33.67767115766938,904000
2025-08-08,BOTZ,Robotics&AI ETF,33.43881607055664,33.60800253843795,33.39901083964145,33.578147666152105,519600
2025-08-11,BOTZ,Robotics&AI ETF,33.150211334228516,33.3940349918028,33.080547432064435,33.30944365294612,411700
2025-08-12,BOTZ,Robotics&AI ETF,33.71747970581055,33.71747970581055,33.224851472752206,33.339301491571355,573200
2025-08-13,BOTZ,Robotics&AI ETF,34.10560607910156,34.11058315691991,33.7075233743908,33.83192374506316,772500
2025-08-14,BOTZ,Robotics&AI ETF,33.74733352661133,33.82695158876087,33.503509854975135,33.80704707322349,562300
2025-08-15,BOTZ,Robotics&AI ETF,33.9165153503418,33.95632057954916,33.7572792479218,33.95632057954916,364100
2025-08-18,BOTZ,Robotics&AI ETF,33.90656661987305,33.936421495653946,33.67767038062356,33.67767038062356,426200
2025-08-19,BOTZ,Robotics&AI ETF,33.319393157958984,33.87670815738547,33.249729257580405,33.8368991296269,462400
2025-08-20,BOTZ,Robotics&AI ETF,33.02083206176758,33.09049596007697,32.61279903035637,32.99097719003433,535700
2025-08-21,BOTZ,Robotics&AI ETF,32.712318420410156,33.000928173960794,32.632704162146624,32.82179134737059,520400
2025-08-22,BOTZ,Robotics&AI ETF,33.6478157043457,33.73738412861772,32.78198633758347,32.78198633758347,771700
2025-08-25,BOTZ,Robotics&AI ETF,33.508480072021484,33.787139467661746,33.508480072021484,33.64283459051182,438900
2025-08-26,BOTZ,Robotics&AI ETF,33.63785934448242,33.69757288888469,33.40896311887074,33.488581178073765,547500
2025-08-27,BOTZ,Robotics&AI ETF,33.63785934448242,33.70254996668439,33.35124268342715,33.44877214847225,346900
2025-08-28,BOTZ,Robotics&AI ETF,33.90656661987305,33.991157965517765,33.65776586463688,33.73738392858361,469400
2025-08-29,BOTZ,Robotics&AI ETF,33.38905715942383,33.757281176310826,33.26963387218439,33.757281176310826,437400
2025-09-02,BOTZ,Robotics&AI ETF,33.1402587890625,33.249731725324565,32.742179871125494,33.04074000867778,474100
2025-09-03,BOTZ,Robotics&AI ETF,33.01088333129883,33.32935179984128,32.876532590024865,33.24973373360608,361200
2025-09-04,BOTZ,Robotics&AI ETF,33.09049606323242,33.10044642170861,32.71231790237554,32.84169534095248,334100
2025-09-05,BOTZ,Robotics&AI ETF,33.41891860961914,33.53834190679685,33.02083589049587,33.3592050628312,593900
2025-09-08,BOTZ,Robotics&AI ETF,33.94637680053711,34.02101778891334,33.66772116009078,33.68762188035263,540400
2025-09-09,BOTZ,Robotics&AI ETF,33.65776443481445,33.77718772926306,33.39901333077612,33.77718772926306,465600
2025-09-10,BOTZ,Robotics&AI ETF,33.56819534301758,33.91651865641834,33.471660534534244,33.88665998610524,640700
2025-09-11,BOTZ,Robotics&AI ETF,34.04589080810547,34.160340813735736,33.70752166517847,33.70752166517847,528100
2025-09-12,BOTZ,Robotics&AI ETF,33.876708984375,34.0657961762474,33.831922877953836,34.0657961762474,346100
2025-09-15,BOTZ,Robotics&AI ETF,34.24493408203125,34.24493408203125,33.91651907571119,33.93641979430194,425800
2025-09-16,BOTZ,Robotics&AI ETF,34.29469299316406,34.34445238174329,34.02598773915867,34.34445238174329,700600
2025-09-17,BOTZ,Robotics&AI ETF,34.20512390136719,34.473829150079446,33.8667547507367,34.215078056725744,640300
2025-09-18,BOTZ,Robotics&AI ETF,34.86195755004883,34.908732968693535,34.404165111716665,34.593252302402234,1001000
2025-09-19,BOTZ,Robotics&AI ETF,34.83210372924805,34.881863118153085,34.583302988324846,34.687798843944826,693900
2025-09-22,BOTZ,Robotics&AI ETF,35.787498474121094,35.82730750470631,34.97143232911463,35.04109623443971,998700
2025-09-23,BOTZ,Robotics&AI ETF,35.48893737792969,35.896970439399965,35.43917798924268,35.792474584237844,969200
2025-09-24,BOTZ,Robotics&AI ETF,34.94157409667969,35.374484924399724,34.94157409667969,35.374484924399724,527600
2025-09-25,BOTZ,Robotics&AI ETF,34.72262954711914,34.79229344836053,34.30464613967078,34.65296564587775,650800
2025-09-26,BOTZ,Robotics&AI ETF,34.682823181152344,34.7524870877412,34.40416755479691,34.7524870877412,450800
2025-09-29,BOTZ,Robotics&AI ETF,34.911720275878906,35.041093922146594,34.8321022199623,34.88186160671125,544000
2025-09-30,BOTZ,Robotics&AI ETF,35.26004409790039,35.29487605253039,35.04109821371278,35.070956886537296,482700
2025-10-01,BOTZ,Robotics&AI ETF,35.5386962890625,35.56357788127066,35.2699910380858,35.2699910380858,526600
2025-10-02,BOTZ,Robotics&AI ETF,36.13581848144531,36.185577866912034,35.78749519038276,35.921849707180435,538400
2025-10-03,BOTZ,Robotics&AI ETF,36.57371139526367,36.83743959109831,36.34481515366383,36.499070408646745,996200
2025-10-06,BOTZ,Robotics&AI ETF,37.2205924987793,37.36987066604831,37.02652822385095,37.230542858038014,705900
2025-10-07,BOTZ,Robotics&AI ETF,36.6334228515625,37.19073408748907,36.38462210798155,37.170829572434826,745700
2025-10-08,BOTZ,Robotics&AI ETF,37.06135940551758,37.0762868422944,36.66327670827845,36.72299025178371,573100
2025-10-09,BOTZ,Robotics&AI ETF,37.121070861816406,37.33006257911062,36.93596228518519,37.33006257911062,550700
2025-10-10,BOTZ,Robotics&AI ETF,35.47898864746094,37.25840982853368,35.449129975759625,37.17083071887347,1066400
2025-10-13,BOTZ,Robotics&AI ETF,36.57371139526367,36.683184336115396,36.105964755769314,36.2602238071505,1038300
2025-10-14,BOTZ,Robotics&AI ETF,36.29505157470703,36.56873009886891,35.47898548699892,35.99648766267902,746900
2025-10-15,BOTZ,Robotics&AI ETF,36.68318176269531,37.12106969898496,36.225389311610954,37.02155092140941,778500
2025-10-16,BOTZ,Robotics&AI ETF,36.31496047973633,36.90213042324749,36.115919113115915,36.89217626689741,470500
2025-10-17,BOTZ,Robotics&AI ETF,35.8770637512207,36.11591411740604,35.56855328221195,35.901945342255885,490500
2025-10-20,BOTZ,Robotics&AI ETF,36.882225036621094,36.951888943834604,36.54982759465998,36.58366109553665,586700
2025-10-21,BOTZ,Robotics&AI ETF,36.703086853027344,36.92202892640637,36.305004143686816,36.643373307706845,515100
2025-10-22,BOTZ,Robotics&AI ETF,36.65332794189453,37.21063918656816,36.21543619662454,37.14097528098395,1079700
2025-10-23,BOTZ,Robotics&AI ETF,37.1807861328125,37.256421776351104,36.6732304570985,36.69313497344005,488700
2025-10-24,BOTZ,Robotics&AI ETF,37.549007415771484,37.73809461242771,37.49924802679859,37.58383936769232,1382300
2025-10-27,BOTZ,Robotics&AI ETF,37.996849060058594,38.06651296307657,37.85752125402264,38.06651296307657,763800
2025-10-28,BOTZ,Robotics&AI ETF,37.87742614746094,38.06651334377247,37.755015089620294,37.91723138072788,715600
2025-10-29,BOTZ,Robotics&AI ETF,37.97694396972656,38.15608080231379,37.57886127588875,38.12622592901523,973200
2025-10-30,BOTZ,Robotics&AI ETF,37.22556686401367,37.62862665909038,37.20068906694355,37.42460822256538,780900
2025-10-31,BOTZ,Robotics&AI ETF,37.648529052734375,37.718192954841534,37.31015990118622,37.59876586860246,595800
2025-11-03,BOTZ,Robotics&AI ETF,38.06651306152344,38.16503718227538,37.553984146680854,37.996849158325304,1060800
2025-11-04,BOTZ,Robotics&AI ETF,37.14097595214844,37.638577456112266,37.10116692069577,37.41963157952076,1881000
2025-11-05,BOTZ,Robotics&AI ETF,36.822509765625,37.02155111823231,36.50404512001252,36.73294134677161,793700
2025-11-06,BOTZ,Robotics&AI ETF,35.80739974975586,36.70308387489616,35.60835841123604,36.678202283932016,1088800
2025-11-07,BOTZ,Robotics&AI ETF,35.827308654785156,35.827308654785156,34.96148309195269,35.29487519191025,1309500
2025-11-10,BOTZ,Robotics&AI ETF,36.394569396972656,36.469210373029654,35.97658600528985,36.434378423722755,819000
2025-11-11,BOTZ,Robotics&AI ETF,36.11591720581055,36.25524501616736,35.92682620912793,36.25524501616736,406100
2025-11-12,BOTZ,Robotics&AI ETF,36.016395568847656,36.30500535291248,35.88702191094124,36.290077915184675,584600
2025-11-13,BOTZ,Robotics&AI ETF,35.13066482543945,35.797452803582395,34.95152798333527,35.69992333565427,1012700
2025-11-14,BOTZ,Robotics&AI ETF,34.98138427734375,35.31577100180155,34.50368353326422,34.56339707537363,2126000
2025-11-17,BOTZ,Robotics&AI ETF,34.155364990234375,34.732584524349484,33.938412235005124,34.583302563071996,1388300
2025-11-18,BOTZ,Robotics&AI ETF,33.5383415222168,33.78714226971633,33.23978138449698,33.44877310126104,1875300
2025-11-19,BOTZ,Robotics&AI ETF,33.677669525146484,33.96627930502478,33.42886877623033,33.64781465012395,827800
2025-11-20,BOTZ,Robotics&AI ETF,32.92131423950195,34.41411861150456,32.88150521177973,34.31459604219902,1001600
2025-11-21,BOTZ,Robotics&AI ETF,33.329349517822266,33.553268670080186,32.57299312596805,32.981026196490056,1071400
2025-11-24,BOTZ,Robotics&AI ETF,33.90656661987305,33.96329240241606,33.36915607742735,33.47862901715498,535400
2025-11-25,BOTZ,Robotics&AI ETF,34.38426208496094,34.42904819303847,33.62193775893026,33.95632450127736,602400
2025-11-26,BOTZ,Robotics&AI ETF,34.702728271484375,34.832105727176824,34.478809110368964,34.543495940016065,558100
2025-11-28,BOTZ,Robotics&AI ETF,35.00128936767578,35.08787382473148,34.91172473791921,34.94157961450473,278000
2025-12-01,BOTZ,Robotics&AI ETF,35.080902099609375,35.34164629109758,34.931620146583846,34.931620146583846,679800
2025-12-02,BOTZ,Robotics&AI ETF,34.98138427734375,35.399367682916,34.92167073523434,35.30979926795082,547500
2025-12-03,BOTZ,Robotics&AI ETF,35.339656829833984,35.34463390782128,34.802250095549006,34.91172303288055,640800
2025-12-04,BOTZ,Robotics&AI ETF,36.703086853027344,36.75782332047162,36.2154357239051,36.26519511347315,1537900
2025-12-05,BOTZ,Robotics&AI ETF,36.59361267089844,36.73294047549941,36.37466680858379,36.62346754434209,642100
2025-12-08,BOTZ,Robotics&AI ETF,36.713035583496094,36.842413027751256,36.47916228686489,36.7279630200644,692100
2025-12-09,BOTZ,Robotics&AI ETF,36.703086853027344,36.91705564492822,36.59859099601502,36.76279660194977,512600
2025-12-10,BOTZ,Robotics&AI ETF,36.85236358642578,36.95685943936826,36.41447566032428,36.70308542353565,659300
2025-12-11,BOTZ,Robotics&AI ETF,36.752845764160156,36.787677716044165,36.30500367108142,36.67322770476926,459700
2025-12-12,BOTZ,Robotics&AI ETF,36.20548629760742,36.94193439354901,36.03629981303824,36.92202987792921,782500
2025-12-15,BOTZ,Robotics&AI ETF,35.966636657714844,36.47419232562428,35.916877265825235,36.47419232562428,591700
2025-12-16,BOTZ,Robotics&AI ETF,35.61831283569336,35.75764063479215,35.40036163824754,35.53372150001163,650100
2025-12-17,BOTZ,Robotics&AI ETF,34.83210372924805,35.66807437060592,34.83210372924805,35.52874656311261,509700
2025-12-18,BOTZ,Robotics&AI ETF,35.19038009643555,35.47401281093619,35.110762030976545,35.289898881860985,866700
2025-12-19,BOTZ,Robotics&AI ETF,35.787498474121094,35.81735714525906,35.39936991691047,35.51879321226802,455700
2025-12-22,BOTZ,Robotics&AI ETF,36.384620666503906,36.44433041290301,36.15771375955275,36.22538834877645,633100
2025-12-23,BOTZ,Robotics&AI ETF,36.51399230957031,36.55380133591565,36.15572246165536,36.39456902693199,708800
2025-12-24,BOTZ,Robotics&AI ETF,36.50404739379883,36.57371130209095,36.364719577214586,36.523951909939186,202300
2025-12-26,BOTZ,Robotics&AI ETF,36.41447830200195,36.47419184932866,36.2452918161087,36.46423769324178,334400
2025-12-29,BOTZ,Robotics&AI ETF,36.57371139526367,36.77275276077605,36.40452870223703,36.434383578324486,845400
2025-12-30,BOTZ,Robotics&AI ETF,36.56171798706055,36.93153198175532,36.5417275261594,36.91154152085417,335100
2025-12-31,BOTZ,Robotics&AI ETF,36.211891174316406,36.5217376036661,36.20189785011379,36.51174046667287,352200
2026-01-02,BOTZ,Robotics&AI ETF,36.691650390625,36.75162177353584,36.33182971874113,36.631682820504736,696100
2026-01-05,BOTZ,Robotics&AI ETF,37.59120178222656,37.64717354739813,36.971512748059666,37.03148031772032,1216700
2026-01-06,BOTZ,Robotics&AI ETF,37.911041259765625,37.94702256386392,37.401294044536534,37.431281641943876,774300
2026-01-07,BOTZ,Robotics&AI ETF,38.140926361083984,38.28085577493433,37.951022701257166,38.10094543918658,1178700
2026-01-08,BOTZ,Robotics&AI ETF,37.71113967895508,37.97101184951362,37.63118165071506,37.941024252731985,887700
2026-01-09,BOTZ,Robotics&AI ETF,38.21089172363281,38.400795386718,38.010990923506455,38.170910801049416,1434200
2026-01-12,BOTZ,Robotics&AI ETF,38.42078399658203,38.505744406175324,38.17090896166277,38.350819291827875,901800
2026-01-13,BOTZ,Robotics&AI ETF,37.831077575683594,38.42078279211785,37.711138630263676,38.42078279211785,953100
2026-01-14,BOTZ,Robotics&AI ETF,37.98100662231445,38.00099708333475,37.6711601956857,37.931032376158996,923400
2026-01-15,BOTZ,Robotics&AI ETF,38.32083511352539,38.59070060599696,38.27086086961371,38.48075498171701,1222600
2026-01-16,BOTZ,Robotics&AI ETF,38.33082962036133,38.51073995422905,38.169910796115,38.38580243419816,737200
2026-01-20,BOTZ,Robotics&AI ETF,37.15142059326172,37.85107149562025,37.07146255993568,37.57121265979311,1314900
2026-01-21,BOTZ,Robotics&AI ETF,37.6911506652832,37.87106100171625,37.14142633186693,37.56121838780757,1215900
2026-01-22,BOTZ,Robotics&AI ETF,37.86106872558594,37.98100768226433,37.61618843084625,37.88105918716412,511800
2026-01-23,BOTZ,Robotics&AI ETF,37.751121520996094,37.912040345289,37.63617732490657,37.881057609447176,644900
2026-01-26,BOTZ,Robotics&AI ETF,37.94102478027344,38.26086452326152,37.931031456400895,38.03097994628824,895900
2026-01-27,BOTZ,Robotics&AI ETF,38.240875244140625,38.30984100064229,38.01099066006528,38.260865705293774,674400
2026-01-28,BOTZ,Robotics&AI ETF,37.971012115478516,38.320835640460984,37.82108556889148,38.30084518006335,746300
2026-01-29,BOTZ,Robotics&AI ETF,37.94102478027344,38.340826365403785,37.2523700004618,38.31084258099568,1059800
2026-01-30,BOTZ,Robotics&AI ETF,37.30134582519531,37.90104439863566,37.18140687306535,37.62118557273557,1062200
2026-02-02,BOTZ,Robotics&AI ETF,36.85157012939453,37.07046243533808,36.66666503848636,36.89654961960906,1018500
2026-02-03,BOTZ,Robotics&AI ETF,36.861568450927734,37.23138245742005,36.32683599633279,37.18140820996822,1149500
2026-02-04,BOTZ,Robotics&AI ETF,36.59170150756836,37.25137146137644,36.16191613327622,37.12643394124014,1049900
2026-02-05,BOTZ,Robotics&AI ETF,35.75212097167969,36.39180046029277,35.713139001556065,36.00199601021858,894200
2026-02-06,BOTZ,Robotics&AI ETF,37.461265563964844,37.551220730935775,36.30184553011201,36.35181977558686,1179400
2026-02-09,BOTZ,Robotics&AI ETF,38.120933532714844,38.260862937875174,37.33132753183548,37.41128937066443,816700
2026-02-10,BOTZ,Robotics&AI ETF,38.34082794189453,38.61069345103522,38.23088231082344,38.38080886460959,762300
2026-02-11,BOTZ,Robotics&AI ETF,38.10094451904297,38.640675513251644,37.79110191379725,38.58070413185385,820600
2026-02-12,BOTZ,Robotics&AI ETF,37.94102478027344,38.76061459827921,37.771111584906855,38.450771991954156,814200
2026-02-13,BOTZ,Robotics&AI ETF,38.32083511352539,38.58570203776867,37.81209067624917,38.08095340484275,895200
2026-02-17,BOTZ,Robotics&AI ETF,38.6006965637207,38.73063265699005,37.921036124329625,38.25087301967706,775100
2026-02-18,BOTZ,Robotics&AI ETF,38.34082794189453,38.68065815939126,38.20589328092886,38.43078311160809,697400
2026-02-19,BOTZ,Robotics&AI ETF,38.62068557739258,38.62068557739258,38.2308811249882,38.360817213386504,866200
2026-02-20,BOTZ,Robotics&AI ETF,39.00049591064453,39.200396701152954,38.40079353911926,38.46576348838901,1097700
2026-02-23,BOTZ,Robotics&AI ETF,38.56071853637695,38.83058022805447,38.26186438512843,38.660667028643395,971300
2026-02-24,BOTZ,Robotics&AI ETF,38.99049758911133,39.08045275146674,38.36081526541379,38.55071891359062,769800
2026-02-25,BOTZ,Robotics&AI ETF,39.640174865722656,39.75811591115568,39.46326520396832,39.56021683825115,774800
2026-02-26,BOTZ,Robotics&AI ETF,39.480255126953125,39.670158779009874,39.04047644244731,39.670158779009874,1089000
2026-02-27,BOTZ,Robotics&AI ETF,39.00049591064453,39.19039956459278,38.90054360899509,39.100444399503516,1287700
2026-03-02,BOTZ,Robotics&AI ETF,38.1709098815918,38.40079446172295,37.57121130844884,37.83107967339998,1393800
2026-03-03,BOTZ,Robotics&AI ETF,36.88155746459961,37.16141628957589,35.79210213663983,36.36181692336471,3335500
2026-03-04,BOTZ,Robotics&AI ETF,37.11144256591797,37.296347658109916,36.62168580253237,36.93153222939188,1377400
2026-03-05,BOTZ,Robotics&AI ETF,36.56171798706055,37.09145185617391,36.051970766057764,36.87156059905188,904700
2026-03-06,BOTZ,Robotics&AI ETF,36.07196044921875,36.32183548590971,35.83207873636762,35.92203390208798,847300
2026-03-09,BOTZ,Robotics&AI ETF,36.07196044921875,36.17190893877894,34.76461559935389,35.1724087920151,1025700
2026-03-10,BOTZ,Robotics&AI ETF,36.261863708496094,36.98150502640006,36.13193143604488,36.54172633923121,634400
2026-03-11,BOTZ,Robotics&AI ETF,36.281856536865234,36.45177355370102,35.952023453158,36.1619175803163,551300
2026-03-12,BOTZ,Robotics&AI ETF,35.57221221923828,36.12193656588778,35.46226658735025,36.01698950257393,606200
2026-03-13,BOTZ,Robotics&AI ETF,34.812591552734375,35.81209168832424,34.707640683241856,35.55221951790823,1047200
2026-03-16,BOTZ,Robotics&AI ETF,35.372310638427734,35.57221143629794,35.20239743855194,35.32233639215783,686500
2026-03-17,BOTZ,Robotics&AI ETF,35.3623161315918,35.5922007069773,35.21238958500581,35.47226175738279,449800
2026-03-18,BOTZ,Robotics&AI ETF,34.83258056640625,35.42228583897521,34.82258724199928,35.33732923674859,874200
2026-03-19,BOTZ,Robotics&AI ETF,34.86256790161133,35.05247156623334,34.14292654044889,34.30284641928602,970000
2026-03-20,BOTZ,Robotics&AI ETF,33.58320236206055,34.49274731482664,33.36830968467563,34.44277307160022,1153600
2026-03-23,BOTZ,Robotics&AI ETF,34.22288513183594,34.5777072101143,33.933029187510414,34.17790564464528,1333300
2026-03-24,BOTZ,Robotics&AI ETF,33.803096771240234,34.062968960803644,33.63318356581015,33.74812395470916,677000
2026-03-25,BOTZ,Robotics&AI ETF,34.362815856933594,34.54772094251938,34.11294082210701,34.38280631725458,887500
2026-03-26,BOTZ,Robotics&AI ETF,33.27336120605469,33.92303402168888,33.228381716251484,33.68315611870689,947800
2026-03-27,BOTZ,Robotics&AI ETF,32.44377517700195,32.953522407881174,32.34382668335027,32.953522407881174,1384900
2026-03-30,BOTZ,Robotics&AI ETF,31.974010467529297,32.68365658528094,31.859068175819267,32.56371763149452,967400
2026-03-31,BOTZ,Robotics&AI ETF,33.20339584350586,33.248371519629345,32.243872812176555,32.243872812176555,1057300
2026-04-01,BOTZ,Robotics&AI ETF,33.883056640625,34.21788827610677,33.80309479841357,33.903043288387366,661400
2026-04-02,BOTZ,Robotics&AI ETF,33.38330841064453,33.603195863300634,32.643676580463,32.89355163200138,701900
2026-04-06,BOTZ,Robotics&AI ETF,33.573211669921875,33.71314108703933,33.35332040714264,33.4832564999477,486400
2026-04-07,BOTZ,Robotics&AI ETF,33.37331008911133,33.40829244257366,32.72363726584069,33.1734092924163,580300
2026-04-08,BOTZ,Robotics&AI ETF,35.10244369506836,35.56221665517003,34.902542905388124,35.41229010971225,1146200
2026-04-09,BOTZ,Robotics&AI ETF,34.90254211425781,35.04747008817117,34.50274435674992,34.792600304576624,696600
2026-04-10,BOTZ,Robotics&AI ETF,35.41229248046875,35.57221236036105,35.27236306216182,35.48725575821623,574400
2026-04-13,BOTZ,Robotics&AI ETF,35.952022552490234,35.96201587662284,35.14142708615365,35.17240982247626,466300
2026-04-14,BOTZ,Robotics&AI ETF,36.571712493896484,36.59170295544415,36.12193664105075,36.12193664105075,722600
2026-04-15,BOTZ,Robotics&AI ETF,36.711639404296875,36.71663797254003,36.33182828641618,36.43178058732711,550800
2026-04-16,BOTZ,Robotics&AI ETF,36.691650390625,36.961515894537904,36.50174673059321,36.89155118753721,576900
2026-04-17,BOTZ,Robotics&AI ETF,37.391300201416016,37.72113707878335,37.26136411522975,37.331328820224556,872900
2026-04-20,BOTZ,Robotics&AI ETF,37.48125457763672,37.511238361205905,37.201395763549954,37.39129941413877,563000
2026-04-21,BOTZ,Robotics&AI ETF,36.72163772583008,37.50124663414205,36.671659667366555,37.41129146681447,577300
2026-04-22,BOTZ,Robotics&AI ETF,37.351318359375,37.3912992791832,37.13143092601062,37.211388952836664,658200
2026-04-23,BOTZ,Robotics&AI ETF,36.64167404174805,37.11144031561352,36.21188868752865,37.08645128763714,859900
2026-04-24,BOTZ,Robotics&AI ETF,37.34132766723633,37.35132099149742,36.75662097180137,36.881558495413486,779700
2026-04-27,BOTZ,Robotics&AI ETF,38.47076416015625,38.62068690164214,38.22088911155578,38.430783237310415,1137900
2026-04-28,BOTZ,Robotics&AI ETF,37.64117431640625,37.87605745433895,37.41128974664818,37.7861022911475,860100
2026-04-29,BOTZ,Robotics&AI ETF,37.311344146728516,37.62118676730174,37.10144620784813,37.59120298151482,2240600
2026-04-30,BOTZ,Robotics&AI ETF,38.430782318115234,38.460766103137125,37.77111235809974,37.8110932799893,1007800
2026-05-01,BOTZ,Robotics&AI ETF,38.58070373535156,38.690649360389,38.410790542323106,38.4907485705746,842400
2026-05-04,BOTZ,Robotics&AI ETF,38.360816955566406,38.79559708211507,38.120935241119504,38.49574779864932,1885900
2026-05-05,BOTZ,Robotics&AI ETF,38.73063278198242,38.81059462818798,38.54072911643025,38.60069668829374,639800
2026-05-06,BOTZ,Robotics&AI ETF,39.86006546020508,39.88005591994284,39.21538743162605,39.240372646705495,839500
2026-05-07,BOTZ,Robotics&AI ETF,39.81009292602539,40.404792924391174,39.780105328736425,40.229881160165945,1160100
2026-05-08,BOTZ,Robotics&AI ETF,41.429283142089844,41.46926406428097,41.054470575326896,41.224383775453276,1479500
2026-05-11,BOTZ,Robotics&AI ETF,41.28935241699219,41.49424796433629,41.179406790850756,41.26936195653098,1060100
2026-05-12,BOTZ,Robotics&AI ETF,40.69964599609375,40.919533429199845,40.22987972087509,40.84457397063547,896400
2026-05-13,BOTZ,Robotics&AI ETF,41.60919189453125,41.689149923077814,41.04447187526233,41.24937123409559,1463700
2026-05-14,BOTZ,Robotics&AI ETF,41.09944534301758,41.259365215449925,40.89954454927952,41.07945488236472,1164200
2026-05-15,BOTZ,Robotics&AI ETF,40.20989227294922,40.5247334608741,40.11493853460128,40.42978353531681,775500
2026-05-18,BOTZ,Robotics&AI ETF,39.81009292602539,40.1499193177827,39.46026558478443,40.13992599388004,1054400
2026-05-19,BOTZ,Robotics&AI ETF,38.87055969238281,39.086451325302974,38.50074570951675,38.91054061290629,1543100
2026-05-20,BOTZ,Robotics&AI ETF,39.23038101196289,39.24537290421397,38.41079119138588,38.66066622967864,943000
2026-05-21,BOTZ,Robotics&AI ETF,39.630184173583984,39.77011359054342,39.12043694004244,39.14042740143531,887000
2026-05-22,BOTZ,Robotics&AI ETF,40.26986312866211,40.55971909565396,40.12993371364276,40.18990128419928,976500
2026-05-26,BOTZ,Robotics&AI ETF,40.87955856323242,41.01948797727729,40.73962533639699,40.88955188732538,1106900
2026-05-27,BOTZ,Robotics&AI ETF,40.04997253417969,40.419786538984255,39.885054086829705,40.419786538984255,1529200
2026-05-28,BOTZ,Robotics&AI ETF,40.259864807128906,40.419784678558585,39.70014716352027,39.89005081934599,862200
2026-05-29,BOTZ,Robotics&AI ETF,40.12993240356445,40.349819843077604,39.94002493556024,40.23987421692579,865800
2026-06-01,BOTZ,Robotics&AI ETF,40.57970428466797,40.71463893914888,40.14991891811253,40.29984546469344,1277900
2026-06-02,BOTZ,Robotics&AI ETF,40.619686126708984,40.804595029980405,40.40979200696772,40.56971188097876,787200
2026-06-03,BOTZ,Robotics&AI ETF,40.24987030029297,40.66965852066162,40.139924677018215,40.65966519708682,691300
2026-06-04,BOTZ,Robotics&AI ETF,40.059967041015625,40.15991552890065,39.78010441191481,39.970011876802936,988700
2026-06-05,BOTZ,Robotics&AI ETF,37.96101379394531,39.46026396185527,37.83607627995281,39.46026396185527,1453700
2026-06-08,BOTZ,Robotics&AI ETF,38.300846099853516,38.610692524272096,38.225882824759765,38.45576740566753,937100
2026-06-09,BOTZ,Robotics&AI ETF,37.6011962890625,38.44077660583731,36.74462617709354,38.220889155513646,1660400
2026-06-10,BOTZ,Robotics&AI ETF,36.221885681152344,37.111440169426444,36.191898085140735,36.79160043909846,1401100
2026-06-11,BOTZ,Robotics&AI ETF,37.24137496948242,37.29634778431756,36.19190054472262,36.47176318737167,1216900
2026-06-12,BOTZ,Robotics&AI ETF,37.101444244384766,37.29135171176014,36.83157874821222,37.21138987017252,765400
2026-06-15,BOTZ,Robotics&AI ETF,38.23088073730469,38.3708101482575,38.13093224742139,38.20589170843862,611700
2026-06-16,BOTZ,Robotics&AI ETF,37.86106872558594,38.29085411754008,37.841078264007756,38.170911348071,496200
2026-06-17,BOTZ,Robotics&AI ETF,37.57121276855469,38.31084459611267,37.55122230696764,38.15092090341629,1034900
2026-06-18,BOTZ,Robotics&AI ETF,38.3508186340332,38.430780473975275,38.0509693598312,38.24087301050805,1677700
2026-06-22,BOTZ,Robotics&AI ETF,38.31084442138672,38.61069371824351,38.23188152655941,38.40079577893216,1060900
2026-06-23,BOTZ,Robotics&AI ETF,36.62168502807617,36.96151523290661,36.481755616579605,36.60169456746373,1185300
2026-06-24,BOTZ,Robotics&AI ETF,36.56171798706055,36.85157013815074,36.37181051489495,36.571711311115834,702300
2026-06-25,BOTZ,Robotics&AI ETF,36.59170150756836,36.921534578077136,36.281855085025725,36.86156700859765,969900
2026-06-26,BOTZ,Robotics&AI ETF,35.992000579833984,36.34182793804746,35.782106452580315,35.88205876040874,599300
2026-06-29,BOTZ,Robotics&AI ETF,36.86000061035156,36.88999938964844,36.209999084472656,36.380001068115234,1351900
2026-06-30,BOTZ,Robotics&AI ETF,37.939998626708984,38.029998779296875,37.435001373291016,37.5,966200
2026-07-01,BOTZ,Robotics&AI ETF,38.060001373291016,38.43000030517578,37.869998931884766,37.900001525878906,670500
2026-07-02,BOTZ,Robotics&AI ETF,37.38999938964844,38.130001068115234,37.099998474121094,37.970001220703125,845400
2026-07-06,BOTZ,Robotics&AI ETF,38.25,38.43000030517578,37.75,37.790000915527344,874200
2026-07-07,BOTZ,Robotics&AI ETF,36.59000015258789,37.290000915527344,36.5099983215332,37.290000915527344,1334100
2026-07-08,BOTZ,Robotics&AI ETF,35.9900016784668,36.025001525878906,35.55500030517578,35.83000183105469,1170500
2026-07-09,BOTZ,Robotics&AI ETF,36.630001068115234,36.70000076293945,36.244998931884766,36.4900016784668,542800
2026-07-10,BOTZ,Robotics&AI ETF,36.90999984741211,37.0,36.54999923706055,36.880001068115234,671100
2026-07-13,BOTZ,Robotics&AI ETF,35.869998931884766,36.31999969482422,35.779998779296875,36.2400016784668,975900
2026-07-14,BOTZ,Robotics&AI ETF,35.880001068115234,36.220001220703125,35.80099868774414,36.0,476700
2026-07-15,BOTZ,Robotics&AI ETF,36.029998779296875,36.334999084472656,35.69499969482422,36.27000045776367,578400
2026-07-16,BOTZ,Robotics&AI ETF,35.529998779296875,35.790000915527344,35.3849983215332,35.689998626708984,679200
2026-07-17,BOTZ,Robotics&AI ETF,34.400001525878906,34.595001220703125,33.935001373291016,34.20500183105469,1189000
2026-07-20,BOTZ,Robotics&AI ETF,34.25,34.66999816894531,34.209999084472656,34.560001373291016,657900
2026-07-21,BOTZ,Robotics&AI ETF,34.88999938964844,34.994998931884766,34.630001068115234,34.720001220703125,703700
2026-07-22,BOTZ,Robotics&AI ETF,34.88999938964844,35.119998931884766,34.869998931884766,34.900001525878906,591500
2026-07-23,BOTZ,Robotics&AI ETF,34.310001373291016,34.685001373291016,34.099998474121094,34.54999923706055,718500
2026-07-24,BOTZ,Robotics&AI ETF,33.83000183105469,34.22999954223633,33.775001525878906,34.18000030517578,1202000
2026-07-27,BOTZ,Robotics&AI ETF,34.34000015258789,34.630001068115234,34.06999969482422,34.47999954223633,548300
2026-07-28,BOTZ,Robotics&AI ETF,33.97999954223633,34.07500076293945,33.48400115966797,33.689998626708984,1076000
2026-07-29,BOTZ,Robotics&AI ETF,33.68000030517578,34.494998931884766,33.61000061035156,34.18000030517578,1062100
2026-07-30,BOTZ,Robotics&AI ETF,34.900001525878906,34.900001525878906,34.125,34.209999084472656,875500
2026-07-31,BOTZ,Robotics&AI ETF,35.220001220703125,35.529998779296875,34.81999969482422,35.380001068115234,906400
2026-08-03,BOTZ,Robotics&AI ETF,35.93000030517578,35.959999084472656,35.06999969482422,35.154998779296875,827700
2026-08-04,BOTZ,Robotics&AI ETF,37.09000015258789,37.15999984741211,36.41999816894531,36.58000183105469,1011500
2026-08-05,BOTZ,Robotics&AI ETF,37.29999923706055,37.76499938964844,37.279998779296875,37.755001068115234,698900
2026-08-06,BOTZ,Robotics&AI ETF,36.939998626708984,37.2400016784668,36.79999923706055,37.150001525878906,798000
2026-08-07,BOTZ,Robotics&AI ETF,37.61000061035156,37.650001525878906,37.209999084472656,37.380001068115234,686800
2026-08-10,BOTZ,Robotics&AI ETF,37.41999816894531,37.650001525878906,37.334999084472656,37.61000061035156,468300
2026-08-11,BOTZ,Robotics&AI ETF,37.47999954223633,37.71500015258789,37.380001068115234,37.560001373291016,396800
2026-08-12,BOTZ,Robotics&AI ETF,37.810001373291016,38.150001525878906,37.75,38.11000061035156,409600
2026-08-13,BOTZ,Robotics&AI ETF,37.81999969482422,37.900001525878906,37.630001068115234,37.69499969482422,729700
2026-08-14,BOTZ,Robotics&AI ETF,37.7400016784668,37.90999984741211,37.64400100708008,37.81999969482422,429300
2026-08-17,BOTZ,Robotics&AI ETF,37.81999969482422,38.025001525878906,37.790000915527344,37.900001525878906,454900
2026-08-18,BOTZ,Robotics&AI ETF,36.54999923706055,37.040000915527344,36.54499816894531,36.92399978637695,713000
2026-08-19,BOTZ,Robotics&AI ETF,36.380001068115234,36.540000915527344,36.150001525878906,36.540000915527344,795800
2026-08-20,BOTZ,Robotics&AI ETF,35.810001373291016,36.084999084472656,35.66400146484375,36.0,724200
2026-08-21,BOTZ,Robotics&AI ETF,36.040000915527344,36.15999984741211,35.89400100708008,36.060001373291016,685100
2026-08-24,BOTZ,Robotics&AI ETF,35.25,35.72999954223633,35.2400016784668,35.72999954223633,682900
2026-08-25,BOTZ,Robotics&AI ETF,35.849998474121094,35.900001525878906,35.6349983215332,35.69499969482422,632200
2026-08-26,BOTZ,Robotics&AI ETF,35.630001068115234,35.8650016784668,35.54999923706055,35.779998779296875,407300
2026-08-27,BOTZ,Robotics&AI ETF,36.13999938964844,36.29999923706055,36.0099983215332,36.060001373291016,677400
2026-08-28,BOTZ,Robotics&AI ETF,35.75,36.310001373291016,35.68000030517578,36.27000045776367,496500
2026-08-31,BOTZ,Robotics&AI ETF,35.88999938964844,36.06999969482422,35.744998931884766,35.95000076293945,544800
2026-09-01,BOTZ,Robotics&AI ETF,35.150001525878906,35.40999984741211,35.04999923706055,35.33000183105469,838000
2026-09-02,BOTZ,Robotics&AI ETF,35.189998626708984,35.20000076293945,34.83000183105469,34.959999084472656,564400
2026-09-03,BOTZ,Robotics&AI ETF,35.810001373291016,35.869998931884766,35.40999984741211,35.52000045776367,602000
2026-09-04,BOTZ,Robotics&AI ETF,35.95000076293945,35.959999084472656,35.709999084472656,35.83000183105469,774700
2026-09-08,BOTZ,Robotics&AI ETF,35.61000061035156,35.900001525878906,35.59000015258789,35.86000061035156,797400
2026-09-09,BOTZ,Robotics&AI ETF,35.18000030517578,35.630001068115234,35.15999984741211,35.56999969482422,558100
2026-09-10,BOTZ,Robotics&AI ETF,34.7599983215332,35.01499938964844,34.619998931884766,34.86000061035156,798900
2026-09-11,BOTZ,Robotics&AI ETF,35.279998779296875,35.4900016784668,35.220001220703125,35.220001220703125,1051400
