Date,ticker,name,Close,High,Low,Open,Volume
2015-01-02,NVDA,NVIDIA,0.4818837344646454,0.48547454744402524,0.4742233714913258,0.4818837344646454,113680000
2015-01-05,NVDA,NVIDIA,0.4737446904182434,0.483320145842395,0.47159023078344875,0.4818838203945165,197952000
2015-01-06,NVDA,NVIDIA,0.4593815803527832,0.4749416500695042,0.45890281468428906,0.47446288440101003,197764000
2015-01-07,NVDA,NVIDIA,0.45818468928337097,0.46680258616725545,0.4567483636237144,0.46273300631057107,321808000
2015-01-08,NVDA,NVIDIA,0.47542041540145874,0.4782930664844399,0.46321173390986375,0.4634511310124539,283780000
2015-01-09,NVDA,NVIDIA,0.47733548283576965,0.4809262965106433,0.47063267820437815,0.4770961142821271,209540000
2015-01-12,NVDA,NVIDIA,0.4713508188724518,0.4787717858913958,0.467041871201356,0.4785323888119374,190732000
2015-01-13,NVDA,NVIDIA,0.47063255310058594,0.4845169243169267,0.46728116594426944,0.47494149982800427,236720000
2015-01-14,NVDA,NVIDIA,0.4725477397441864,0.4739840651242433,0.4644086386892555,0.465605566993629,155260000
2015-01-15,NVDA,NVIDIA,0.4691963791847229,0.47877180617640347,0.4689569820951215,0.47589918378630397,188932000
2015-01-16,NVDA,NVIDIA,0.4778141975402832,0.4782929631049568,0.4670418153815245,0.46847814061256404,181512000
2015-01-20,NVDA,NVIDIA,0.47925060987472534,0.4837988978342812,0.473265939349031,0.4811656724814807,140308000
2015-01-21,NVDA,NVIDIA,0.48595327138900757,0.4871502280412877,0.4732658276598175,0.476617243504764,144780000
2015-01-22,NVDA,NVIDIA,0.49433183670043945,0.49576816196969115,0.48188376046564335,0.48691084183398525,159712000
2015-01-23,NVDA,NVIDIA,0.4957681894302368,0.4967257206380958,0.4907410507094031,0.4948106011483355,120416000
2015-01-26,NVDA,NVIDIA,0.49361369013786316,0.4960075466398802,0.4905016709778369,0.49361369013786316,133240000
2015-01-27,NVDA,NVIDIA,0.4699145257472992,0.4864321538618101,0.46895696595886555,0.4859533596990821,357948000
2015-01-28,NVDA,NVIDIA,0.4622541666030884,0.47757486655104414,0.46201476951912707,0.4756597754904219,272728000
2015-01-29,NVDA,NVIDIA,0.4735052287578583,0.47613845351180545,0.46033899084005225,0.46249347858821,235340000
2015-01-30,NVDA,NVIDIA,0.45962098240852356,0.47565984749942586,0.45890284812196847,0.47015397056799874,298200000
2015-02-02,NVDA,NVIDIA,0.4696751832962036,0.47159027455880226,0.45339695036965405,0.46249361246422815,259604000
2015-02-03,NVDA,NVIDIA,0.481405109167099,0.4818839034235706,0.47063275206299204,0.47302660919723805,183468000
2015-02-04,NVDA,NVIDIA,0.48260194063186646,0.48810781631465194,0.47853236173348984,0.47996871559193993,181516000
2015-02-05,NVDA,NVIDIA,0.49050164222717285,0.4907410107411317,0.48260191052615375,0.4830806475540715,140448000
2015-02-06,NVDA,NVIDIA,0.4883471727371216,0.4957681676891891,0.48619268480838845,0.49002286654590077,210524000
2015-02-09,NVDA,NVIDIA,0.4878685474395752,0.4893048159803409,0.4823626706321392,0.4854746904395619,273944000
2015-02-10,NVDA,NVIDIA,0.5015134215354919,0.5017527900631156,0.48619269428676365,0.48834718225749874,226204000
2015-02-11,NVDA,NVIDIA,0.498162180185318,0.5027104689164086,0.49481073444391216,0.5027104689164086,320832000
2015-02-12,NVDA,NVIDIA,0.5338305830955505,0.5386182967227174,0.5235369930897368,0.5266490126548001,676904000
2015-02-13,NVDA,NVIDIA,0.5340698957443237,0.534788058420621,0.524494469492416,0.5326335703917291,310084000
2015-02-17,NVDA,NVIDIA,0.5357456803321838,0.5383789629491001,0.5297610664485739,0.5331124547893197,203340000
2015-02-18,NVDA,NVIDIA,0.5295214056968689,0.5359848680080799,0.5285638747495133,0.5350272799866974,170948000
2015-02-19,NVDA,NVIDIA,0.5309575796127319,0.5371816146110248,0.5285637243883125,0.536224083936059,169432000
2015-02-20,NVDA,NVIDIA,0.534788191318512,0.5350275599120814,0.5266490883965858,0.5304792712639794,157752000
2015-02-23,NVDA,NVIDIA,0.5304790735244751,0.5345486234684871,0.5278457916805579,0.5345486234684871,125008000
2015-02-24,NVDA,NVIDIA,0.5361263751983643,0.5361263751983643,0.5277156437888029,0.5325217923924981,149356000
2015-02-25,NVDA,NVIDIA,0.5320411920547485,0.5363667604787542,0.5296381175837946,0.5339636287139857,123820000
2015-02-26,NVDA,NVIDIA,0.53348308801651,0.5366070907913143,0.5291575192696337,0.5325218696151438,152864000
2015-02-27,NVDA,NVIDIA,0.5301190614700317,0.5332430658153577,0.5281965664069901,0.5320414992392256,157492000
2015-03-02,NVDA,NVIDIA,0.5430951714515686,0.5459788828070026,0.527955801423133,0.5286767292619916,301512000
2015-03-03,NVDA,NVIDIA,0.5330021381378174,0.5416532132732226,0.5313199925967366,0.5390098498934935,160344000
2015-03-04,NVDA,NVIDIA,0.5390100479125977,0.5402115563288664,0.5289171136644303,0.5310798975662818,226840000
2015-03-05,NVDA,NVIDIA,0.5493432879447937,0.5503045061637954,0.5375682072040501,0.5390100631794568,323056000
2015-03-06,NVDA,NVIDIA,0.5418938994407654,0.5488627760975447,0.5414132615741021,0.5462194110654499,257392000
2015-03-09,NVDA,NVIDIA,0.5433358550071716,0.5474211348163683,0.5409327795690877,0.5421343459350486,222388000
2015-03-10,NVDA,NVIDIA,0.5527074337005615,0.5563120726826086,0.5447772852338509,0.5457385031977992,527212000
2015-03-11,NVDA,NVIDIA,0.5498239994049072,0.5599168779980843,0.5483821432362203,0.5527076544484654,262120000
2015-03-12,NVDA,NVIDIA,0.5447773337364197,0.548622263228327,0.5344441107929554,0.5445370435474873,406972000
2015-03-13,NVDA,NVIDIA,0.5454984903335571,0.5469403466593413,0.5346846251839976,0.5421341971026087,359288000
2015-03-16,NVDA,NVIDIA,0.551986813545227,0.5553511642348027,0.5462194452533936,0.54982408624443,236956000
2015-03-17,NVDA,NVIDIA,0.5587154030799866,0.5589556933579864,0.5469403200507025,0.5507852509677972,299900000
2015-03-18,NVDA,NVIDIA,0.5495835542678833,0.5615989247172277,0.5445371158673004,0.5587152701856685,413844000
2015-03-19,NVDA,NVIDIA,0.5579943656921387,0.5599168021273471,0.5474208507108765,0.5515060711060503,310756000
2015-03-20,NVDA,NVIDIA,0.5640020370483398,0.567366386837315,0.5572734520580084,0.5625602383317042,462084000
2015-03-23,NVDA,NVIDIA,0.5457385778427124,0.5543896552891077,0.5454982876423072,0.547180433632745,426012000
2015-03-24,NVDA,NVIDIA,0.5382890701293945,0.5479013657452014,0.5358859962254429,0.5440564360401184,330480000
2015-03-25,NVDA,NVIDIA,0.5056073069572449,0.5380488367325634,0.5039251034824561,0.5380488367325634,542552000
2015-03-26,NVDA,NVIDIA,0.5039250254631042,0.5060878090582914,0.4916693663446406,0.4952740056699525,311920000
2015-03-27,NVDA,NVIDIA,0.5137776732444763,0.5157001093747314,0.49863830251387015,0.5068087420081531,318288000
2015-03-30,NVDA,NVIDIA,0.5159406065940857,0.5185839713637753,0.5094522538604218,0.5161808968566532,253252000
2015-03-31,NVDA,NVIDIA,0.5029638409614563,0.5149792106910707,0.5024832605485531,0.5144986302781674,357276000
2015-04-01,NVDA,NVIDIA,0.5048863887786865,0.5065685349923128,0.4962353101844599,0.5048863887786865,330768000
2015-04-02,NVDA,NVIDIA,0.5060880184173584,0.5092120213603704,0.5017625067313999,0.5077701650337768,192204000
2015-04-06,NVDA,NVIDIA,0.520746648311615,0.5224287943906228,0.498638344483848,0.5039250729339287,515864000
2015-04-07,NVDA,NVIDIA,0.5253123044967651,0.5310796684531301,0.5178627378132528,0.5207464484383262,413964000
2015-04-08,NVDA,NVIDIA,0.5291575789451599,0.5310800732585198,0.5207468453674151,0.525793285514062,366432000
2015-04-09,NVDA,NVIDIA,0.5414131283760071,0.5430952745547561,0.5248318995220136,0.5250721897493186,379432000
2015-04-10,NVDA,NVIDIA,0.5469403266906738,0.5471806169715909,0.539971392899699,0.5418938870284955,258728000
2015-04-13,NVDA,NVIDIA,0.5418938994407654,0.5488627760975447,0.5394907674012702,0.5457387731987866,236724000
2015-04-14,NVDA,NVIDIA,0.5373277068138123,0.5418935631855386,0.532040922736351,0.5397307800683336,220276000
2015-04-15,NVDA,NVIDIA,0.5438159704208374,0.547901189010419,0.5361261134911647,0.5387695340384925,243560000
2015-04-16,NVDA,NVIDIA,0.5404520630836487,0.5452582127524,0.536607131889883,0.5406923533789392,155284000
2015-04-17,NVDA,NVIDIA,0.53348308801651,0.5387698751647525,0.5289172289927468,0.5291575192696337,293636000
2015-04-20,NVDA,NVIDIA,0.5308394432067871,0.5392501714014994,0.5298781680184296,0.5358858801236145,231624000
2015-04-21,NVDA,NVIDIA,0.5301190614700317,0.5373282890452806,0.5274756379200803,0.5373282890452806,230456000
2015-04-22,NVDA,NVIDIA,0.5361263751983643,0.5368473032182997,0.5250722219511029,0.5332427204124335,207420000
2015-04-23,NVDA,NVIDIA,0.5339634418487549,0.5390099365773627,0.5202659278872657,0.5262736406091054,259380000
2015-04-24,NVDA,NVIDIA,0.5293977856636047,0.5339635866934386,0.523390071312093,0.5337232964533974,240960000
2015-04-27,NVDA,NVIDIA,0.53348308801651,0.542855096340923,0.5265141543424219,0.531080013366185,248456000
2015-04-28,NVDA,NVIDIA,0.5361263751983643,0.5380488690161288,0.5274752962529505,0.5325217923924981,234484000
2015-04-29,NVDA,NVIDIA,0.5320411920547485,0.5375682690673238,0.5298784078427456,0.5322814823136994,195156000
2015-04-30,NVDA,NVIDIA,0.53348308801651,0.5361264529437217,0.5281963008682675,0.5293978668403395,218844000
2015-05-01,NVDA,NVIDIA,0.5467000007629395,0.5483821472073168,0.5354054988889799,0.5378085734229214,256968000
2015-05-04,NVDA,NVIDIA,0.5433358550071716,0.5498242102544524,0.5416537079298966,0.5462195684504075,200720000
2015-05-05,NVDA,NVIDIA,0.5293977856636047,0.5421340850867518,0.5269947113817621,0.5414131570728179,292928000
2015-05-06,NVDA,NVIDIA,0.5310801267623901,0.5373281336460729,0.5241111916002953,0.5322816356971892,316484000
2015-05-07,NVDA,NVIDIA,0.5404520630836487,0.5421342097383293,0.5272351228476707,0.5289172695023514,534564000
2015-05-08,NVDA,NVIDIA,0.5005607604980469,0.524831847141511,0.49239032064705174,0.5048863279206689,1146552000
2015-05-11,NVDA,NVIDIA,0.49575474858283997,0.5008012452927588,0.4897470907961213,0.493591964278589,544144000
2015-05-12,NVDA,NVIDIA,0.5005607604980469,0.5046459804235445,0.4919096829466043,0.49215003044372874,388800000
2015-05-13,NVDA,NVIDIA,0.5034444332122803,0.5080102904854242,0.49863828575438046,0.5041653610603449,308524000
2015-05-14,NVDA,NVIDIA,0.5116147994995117,0.5142582203301859,0.503684651595067,0.5048862169351532,293052000
2015-05-15,NVDA,NVIDIA,0.5118552446365356,0.5161807546400777,0.5087312429086108,0.5137776807950433,215824000
2015-05-18,NVDA,NVIDIA,0.5111343264579773,0.514258328245214,0.5082506148716662,0.5106536887623252,324972000
2015-05-19,NVDA,NVIDIA,0.5079477429389954,0.5135004038458723,0.5069820177350897,0.5118104135185463,253808000
2015-05-20,NVDA,NVIDIA,0.5079477429389954,0.5142246689692925,0.5074648803370425,0.5081891454604628,196824000
2015-05-21,NVDA,NVIDIA,0.5043265223503113,0.510362047116068,0.5038436596478,0.508189251293312,239692000
2015-05-22,NVDA,NVIDIA,0.5036020278930664,0.5074647550781882,0.5023949580246555,0.5055334202651293,212592000
2015-05-26,NVDA,NVIDIA,0.5004635453224182,0.5045676748027007,0.49660081829421077,0.5011878102376447,259732000
2015-05-27,NVDA,NVIDIA,0.5272614359855652,0.5296756343805564,0.5021537266304316,0.5038436597510225,432332000
2015-05-28,NVDA,NVIDIA,0.5345038771629333,0.5361938097966008,0.5262956164968304,0.5272612840647813,327656000
2015-05-29,NVDA,NVIDIA,0.5342623591423035,0.5378836261288811,0.5335380942331878,0.5345037615923417,335168000
2015-06-01,NVDA,NVIDIA,0.5402979850769043,0.5456092434809966,0.5342625191058621,0.5376423846543672,372660000
2015-06-02,NVDA,NVIDIA,0.5296754240989685,0.5398150763560935,0.529192561588055,0.5369180164086271,224304000
2015-06-03,NVDA,NVIDIA,0.5238812565803528,0.5352279764981036,0.5229155317524201,0.5311238474358743,250788000
2015-06-04,NVDA,NVIDIA,0.5332964658737183,0.534986397426117,0.5207426228456404,0.5207426228456404,323712000
2015-06-05,NVDA,NVIDIA,0.5374008417129517,0.5398150389823592,0.5260540627436333,0.5316067222191709,313320000
2015-06-08,NVDA,NVIDIA,0.5250885486602783,0.5393323339763098,0.5190530825040571,0.5357110657943811,342812000
2015-06-09,NVDA,NVIDIA,0.5277439951896667,0.5316066643530595,0.5246055333251625,0.5255712006160106,256888000
2015-06-10,NVDA,NVIDIA,0.518328845500946,0.5248471746295766,0.5154317847508777,0.5214673087938457,529460000
2015-06-11,NVDA,NVIDIA,0.5238812565803528,0.5275025232286158,0.51832859783522,0.51832859783522,283052000
2015-06-12,NVDA,NVIDIA,0.5096375942230225,0.5236399167326541,0.508430466690653,0.5205014542193039,323728000
2015-06-15,NVDA,NVIDIA,0.5086719989776611,0.5110861968262724,0.5031193381699534,0.5069820086805179,306548000
2015-06-16,NVDA,NVIDIA,0.5149486660957336,0.5156729309231772,0.5026362791471818,0.5077060753802923,256892000
2015-06-17,NVDA,NVIDIA,0.5209844708442688,0.5238815317316603,0.5135004736305419,0.5147075439609378,233544000
2015-06-18,NVDA,NVIDIA,0.5296754240989685,0.5330552889983411,0.5238813617630429,0.5253298917367761,299404000
2015-06-19,NVDA,NVIDIA,0.5279853940010071,0.5340208576966567,0.5231570000208887,0.5296753261381488,355656000
2015-06-22,NVDA,NVIDIA,0.5258126854896545,0.5318482077319927,0.5178458283628115,0.5289511478462294,514236000
2015-06-23,NVDA,NVIDIA,0.5122932195663452,0.5308825355246004,0.5081890893593807,0.5267784053176359,414064000
2015-06-24,NVDA,NVIDIA,0.5072233080863953,0.5142244968973457,0.5048091110025156,0.5115688398137791,253368000
2015-06-25,NVDA,NVIDIA,0.511086106300354,0.5142245687035516,0.5072233789149565,0.5072233789149565,350460000
2015-06-26,NVDA,NVIDIA,0.5007049441337585,0.5074647307737201,0.498532206962879,0.5069818683140797,421296000
2015-06-29,NVDA,NVIDIA,0.48573705554008484,0.49998083908543195,0.4850127904819305,0.4949109836783516,391724000
2015-06-30,NVDA,NVIDIA,0.4854956567287445,0.49080691530557696,0.48211579107031477,0.4886341198570064,315916000
2015-07-01,NVDA,NVIDIA,0.49249666929244995,0.5045676548027552,0.4881511375323397,0.4975665234980776,302892000
2015-07-02,NVDA,NVIDIA,0.49297988414764404,0.49611834837978325,0.4898414199155049,0.4922556187433781,145764000
2015-07-06,NVDA,NVIDIA,0.4869440793991089,0.49563520171338243,0.48332281201091587,0.4888754718906182,214776000
2015-07-07,NVDA,NVIDIA,0.4777701497077942,0.4859784387417507,0.4625606992085413,0.48404710370270704,594252000
2015-07-08,NVDA,NVIDIA,0.47439029812812805,0.4780115945987848,0.4705275703809585,0.47511456317816064,332492000
2015-07-09,NVDA,NVIDIA,0.46859610080718994,0.4840470083106414,0.4656990700400426,0.4818742136506562,357588000
2015-07-10,NVDA,NVIDIA,0.4768044650554657,0.48115002629617726,0.47342457129957705,0.4746316700453578,216708000
2015-07-13,NVDA,NVIDIA,0.4799429476261139,0.48259854771021116,0.47680448499990313,0.48163288018499495,212472000
2015-07-14,NVDA,NVIDIA,0.4801843762397766,0.48115007259703224,0.47390747942539624,0.4806672388081579,249216000
2015-07-15,NVDA,NVIDIA,0.4768044650554657,0.48211569378100017,0.47245890381475414,0.4789772312860694,265732000
2015-07-16,NVDA,NVIDIA,0.48742690682411194,0.48742690682411194,0.4780115201981688,0.47970145253220936,282848000
2015-07-17,NVDA,NVIDIA,0.4845297634601593,0.48621969550257027,0.4782528401260652,0.48573689066702047,220372000
2015-07-20,NVDA,NVIDIA,0.47559741139411926,0.4864613299154995,0.4743903125339111,0.48452993720375814,188412000
2015-07-21,NVDA,NVIDIA,0.4777701497077942,0.4845299086829627,0.47463168710009035,0.47463168710009035,149720000
2015-07-22,NVDA,NVIDIA,0.46859610080718994,0.47439019112098424,0.46280203927289526,0.47439019112098424,356472000
2015-07-23,NVDA,NVIDIA,0.47439029812812805,0.48139145979292863,0.46859620650737366,0.46956190283391913,169916000
2015-07-24,NVDA,NVIDIA,0.468837708234787,0.4782530689615113,0.46690634407098164,0.4777702351154376,188844000
2015-07-27,NVDA,NVIDIA,0.46618202328681946,0.47149325251891033,0.4608707940547286,0.4647334931419279,192420000
2015-07-28,NVDA,NVIDIA,0.47632157802581787,0.4794600113901404,0.46256063083978405,0.467389025282743,198308000
2015-07-29,NVDA,NVIDIA,0.4821157157421112,0.4859784434163645,0.4734245928647941,0.47535595670192077,232680000
2015-07-30,NVDA,NVIDIA,0.4833228588104248,0.48815125416821414,0.48090863235202364,0.48090863235202364,190180000
2015-07-31,NVDA,NVIDIA,0.4816328287124634,0.48549552718002353,0.4787357976669177,0.4852541247142711,218340000
2015-08-03,NVDA,NVIDIA,0.4898412823677063,0.49032408746228473,0.4792187932401551,0.48549569116235564,397132000
2015-08-04,NVDA,NVIDIA,0.49177244305610657,0.4932209729429882,0.48621978352906264,0.4881511758979061,260100000
2015-08-05,NVDA,NVIDIA,0.4968422055244446,0.5043261984734766,0.4958764807396076,0.5038433360810581,234628000
2015-08-06,NVDA,NVIDIA,0.4937039315700531,0.49925659217843565,0.48549561313221695,0.4956352667560058,655676000
2015-08-07,NVDA,NVIDIA,0.5547831058502197,0.5641984352621654,0.5282268773333316,0.5422292565556185,1405248000
2015-08-10,NVDA,NVIDIA,0.5740966200828552,0.5782007493764844,0.5475403945563159,0.5509203165266565,662304000
2015-08-11,NVDA,NVIDIA,0.5711996555328369,0.5767523155143375,0.5656469955513362,0.5656469955513362,435008000
2015-08-12,NVDA,NVIDIA,0.5726484060287476,0.5767525375850517,0.5620259444971937,0.5620259444971937,384048000
2015-08-13,NVDA,NVIDIA,0.5678198933601379,0.5745796820896607,0.5663713630924532,0.573372554346917,276884000
2015-08-14,NVDA,NVIDIA,0.5683028101921082,0.5716826760998408,0.563957218974431,0.5673370848821637,214652000
2015-08-17,NVDA,NVIDIA,0.5646812915802002,0.567336891379235,0.5576801020456488,0.567336891379235,273880000
2015-08-18,NVDA,NVIDIA,0.559541642665863,0.5668147070650124,0.5551777693456668,0.5629357278252305,287084000
2015-08-19,NVDA,NVIDIA,0.5573598146438599,0.5651177746355707,0.5512988975626129,0.5588144393674542,249248000
2015-08-20,NVDA,NVIDIA,0.5372375249862671,0.5537231135709648,0.5345706943966678,0.5510563407825401,426932000
2015-08-21,NVDA,NVIDIA,0.520509660243988,0.5423288605808303,0.5200247660049129,0.5333587506669148,382664000
2015-08-24,NVDA,NVIDIA,0.5020843148231506,0.5292371080733785,0.4848713575836445,0.49141710888838036,682284000
2015-08-25,NVDA,NVIDIA,0.4916597604751587,0.5260856294539478,0.4916597604751587,0.5241461104995256,622684000
2015-08-26,NVDA,NVIDIA,0.528752326965332,0.5292372210845167,0.5037814647515643,0.5076604443014939,614976000
2015-08-27,NVDA,NVIDIA,0.5486318469047546,0.5488742649691412,0.5311764746434058,0.5343281406850705,463764000
2015-08-28,NVDA,NVIDIA,0.5510563850402832,0.5544504702801766,0.5447530508512359,0.5486320301830481,320944000
2015-08-31,NVDA,NVIDIA,0.5449954867362976,0.5522686093459236,0.5428136077545909,0.5483896298878501,219352000
2015-09-01,NVDA,NVIDIA,0.5226914286613464,0.5382073473977784,0.5188125067784228,0.5292372393914448,353408000
2015-09-02,NVDA,NVIDIA,0.538449764251709,0.5386921824185043,0.5280250316641163,0.5369951396485687,344044000
2015-09-03,NVDA,NVIDIA,0.5399045944213867,0.549117181881475,0.5389348635838002,0.546450349826604,262556000
2015-09-04,NVDA,NVIDIA,0.5272977352142334,0.539177092762085,0.5270553170401505,0.5306918208561379,287972000
2015-09-08,NVDA,NVIDIA,0.5498440861701965,0.5520260225148336,0.537964789829901,0.5401466683733687,238448000
2015-09-09,NVDA,NVIDIA,0.5389348268508911,0.55614773589877,0.5377226200356252,0.5515415002838855,289392000
2015-09-10,NVDA,NVIDIA,0.5474199652671814,0.5542081953017303,0.533358726583292,0.5357830820668035,357076000
2015-09-11,NVDA,NVIDIA,0.5491171479225159,0.5527536527888753,0.5391772484986477,0.541359186099185,301584000
2015-09-14,NVDA,NVIDIA,0.5500867962837219,0.5534808823974614,0.5471775465855487,0.5517838393405917,192460000
2015-09-15,NVDA,NVIDIA,0.5561476349830627,0.5590568845708415,0.5486321506162233,0.550329193608697,327976000
2015-09-16,NVDA,NVIDIA,0.5600265860557556,0.5631782536782926,0.5510564773613,0.5551778755289586,173508000
2015-09-17,NVDA,NVIDIA,0.5651175379753113,0.5748149550032652,0.5639053319462346,0.569723770602774,268712000
2015-09-18,NVDA,NVIDIA,0.5646328330039978,0.5694815431409921,0.5539656822628471,0.5573597677985064,326412000
2015-09-21,NVDA,NVIDIA,0.5704512596130371,0.5716634660181382,0.5624508823031547,0.5653601314344511,281840000
2015-09-22,NVDA,NVIDIA,0.5549353957176208,0.5619660425410826,0.5520261466041381,0.5580870629901664,228356000
2015-09-23,NVDA,NVIDIA,0.5576023459434509,0.5609964324528878,0.5532385286886323,0.5554204084154413,161632000
2015-09-24,NVDA,NVIDIA,0.5682694315910339,0.5740878725748857,0.545480446219067,0.5542081365954385,382440000
2015-09-25,NVDA,NVIDIA,0.5723909139633179,0.5835429612081903,0.5668148903408816,0.575300105982939,369692000
2015-09-28,NVDA,NVIDIA,0.5648754239082336,0.5760274721938308,0.5612389190940443,0.5723909673796415,395584000
2015-09-29,NVDA,NVIDIA,0.574815034866333,0.5757847651436269,0.5629356800162583,0.5709360559559848,380736000
2015-09-30,NVDA,NVIDIA,0.5976042747497559,0.598331587295359,0.5767548025790098,0.5801488892576886,556380000
2015-10-01,NVDA,NVIDIA,0.5859671831130981,0.5993011068804734,0.5689966400981388,0.5976040641392142,489296000
2015-10-02,NVDA,NVIDIA,0.6012405753135681,0.6012405753135681,0.5767545510916625,0.5828154670618262,386144000
2015-10-05,NVDA,NVIDIA,0.61627197265625,0.6237874598466618,0.601968253144409,0.6051199221148559,482024000
2015-10-06,NVDA,NVIDIA,0.6242720484733582,0.6269388217571462,0.6073015626833528,0.6097259177962107,453216000
2015-10-07,NVDA,NVIDIA,0.6308176517486572,0.6371209851059816,0.6155442123832834,0.6257265245605899,310152000
2015-10-08,NVDA,NVIDIA,0.6344544887542725,0.6361515318893414,0.6174839418011896,0.628151152651904,460068000
2015-10-09,NVDA,NVIDIA,0.6320298910140991,0.6371210184687629,0.6201505358187089,0.6310601029074421,423248000
2015-10-12,NVDA,NVIDIA,0.6388181447982788,0.6424547061726035,0.6281509944355634,0.6327572284414651,227588000
2015-10-13,NVDA,NVIDIA,0.6400302648544312,0.6439091860622281,0.631544994659733,0.6337269311899996,298444000
2015-10-14,NVDA,NVIDIA,0.6633041501045227,0.6737288819875085,0.6400303314309076,0.6407575858821384,612148000
2015-10-15,NVDA,NVIDIA,0.6650013327598572,0.678577734661084,0.6577282665057563,0.6645164385557735,526048000
2015-10-16,NVDA,NVIDIA,0.6754261255264282,0.6817294617212616,0.6654862269879612,0.6671833279491219,448396000
2015-10-19,NVDA,NVIDIA,0.6742137670516968,0.680759577796831,0.6664558654668452,0.6776079104088278,294712000
2015-10-20,NVDA,NVIDIA,0.673244297504425,0.6763959661139035,0.6662136476985726,0.6713048358068415,264824000
2015-10-21,NVDA,NVIDIA,0.6645165085792542,0.6814870560949549,0.6633043596431033,0.6773655994289256,386280000
2015-10-22,NVDA,NVIDIA,0.6885174512863159,0.6906993881123255,0.6713045482398378,0.6722742786732256,306884000
2015-10-23,NVDA,NVIDIA,0.6931238174438477,0.697730109748009,0.6841537088207676,0.69457844215055,381776000
2015-10-26,NVDA,NVIDIA,0.6899721026420593,0.6953057069346742,0.683668767878383,0.6936086641600204,247436000
2015-10-27,NVDA,NVIDIA,0.6894872188568115,0.6938510345768639,0.6860930757399036,0.6865779698426563,208268000
2015-10-28,NVDA,NVIDIA,0.6950629949569702,0.6950629949569702,0.6836684788847268,0.6938507890296669,217036000
2015-10-29,NVDA,NVIDIA,0.6710621118545532,0.6909418470166759,0.6698499631916309,0.683911257609118,327168000
2015-10-30,NVDA,NVIDIA,0.6877902746200562,0.6926390433453741,0.673244141847683,0.6783353287788491,301160000
2015-11-02,NVDA,NVIDIA,0.6957905888557434,0.696517901206987,0.6858507497240617,0.6899721478469831,190088000
2015-11-03,NVDA,NVIDIA,0.6909418106079102,0.6955481024468976,0.6831839092909225,0.6916691228878126,376768000
2015-11-04,NVDA,NVIDIA,0.6795473098754883,0.6940934390574162,0.6763956427726193,0.6890023111840953,442264000
2015-11-05,NVDA,NVIDIA,0.6717894673347473,0.6848810321027825,0.6698500062289884,0.6829415131958343,478800000
2015-11-06,NVDA,NVIDIA,0.7648848295211792,0.7743398326533734,0.7229434765106039,0.7382169208775365,1172272000
2015-11-09,NVDA,NVIDIA,0.7614909410476685,0.7636728787518478,0.7508237285835956,0.7573695416961335,492568000
2015-11-10,NVDA,NVIDIA,0.7469446659088135,0.7556723572957357,0.7309439079996553,0.7515509009120601,552260000
2015-11-11,NVDA,NVIDIA,0.7396716475486755,0.7527631565808863,0.7370048158560412,0.7474295509968161,619896000
2015-11-12,NVDA,NVIDIA,0.7370046377182007,0.7447625970924007,0.733852970335006,0.7379743681896795,291080000
2015-11-13,NVDA,NVIDIA,0.7224584817886353,0.7408835913023141,0.7188219203972331,0.7377319240301596,292940000
2015-11-16,NVDA,NVIDIA,0.7370046377182007,0.7374895318545324,0.7260950109608061,0.7319135093920482,344280000
2015-11-17,NVDA,NVIDIA,0.7370046377182007,0.7433079724845901,0.733852970335006,0.7389441564623429,257048000
2015-11-18,NVDA,NVIDIA,0.7551348209381104,0.756108291935884,0.7320159581235971,0.7400467167207988,350216000
2015-11-19,NVDA,NVIDIA,0.7573248744010925,0.7648688958134294,0.7517276785078526,0.7578116097912011,254072000
2015-11-20,NVDA,NVIDIA,0.7638953328132629,0.768275776400702,0.7582981380208624,0.7629219202451623,239744000
2015-11-23,NVDA,NVIDIA,0.7524576783180237,0.7702226770039553,0.7497807789882976,0.7702226770039553,242552000
2015-11-24,NVDA,NVIDIA,0.7585417628288269,0.7651123721656036,0.7490508568887384,0.7524578309121523,195428000
2015-11-25,NVDA,NVIDIA,0.7575681805610657,0.7660856723879376,0.7548912810820676,0.7570815032125203,138300000
2015-11-27,NVDA,NVIDIA,0.7638953328132629,0.7663288932438433,0.7551345036590421,0.7590282119521022,86996000
2015-11-30,NVDA,NVIDIA,0.7719264030456543,0.7753334354553418,0.7638956445454639,0.764625718774634,327244000
2015-12-01,NVDA,NVIDIA,0.7969921231269836,0.7977221973319656,0.7780103098388114,0.7787403840437933,409496000
2015-12-02,NVDA,NVIDIA,0.7909079194068909,0.8064826950547137,0.7892044328532742,0.7982086009312446,294240000
2015-12-03,NVDA,NVIDIA,0.7892044186592102,0.805509267968287,0.7853107103121192,0.7972351739936299,246656000
2015-12-04,NVDA,NVIDIA,0.8213276863098145,0.8227878346304486,0.789204655338566,0.789204655338566,458756000
2015-12-07,NVDA,NVIDIA,0.8057528138160706,0.8210842533821885,0.8033192529011418,0.8210842533821885,333588000
2015-12-08,NVDA,NVIDIA,0.8167036771774292,0.8201106503046042,0.7906645853902206,0.7957750450809832,314488000
2015-12-09,NVDA,NVIDIA,0.7960184216499329,0.8213274987047697,0.7877443270838496,0.8164603774281722,372676000
2015-12-10,NVDA,NVIDIA,0.8025892972946167,0.8069696843798088,0.795775290914601,0.7984521909099584,236596000
2015-12-11,NVDA,NVIDIA,0.7906647324562073,0.8001556376649539,0.7889612455757662,0.79455844162036,227320000
2015-12-14,NVDA,NVIDIA,0.7926115393638611,0.7969919838281354,0.7831206343786024,0.791394787915342,275892000
2015-12-15,NVDA,NVIDIA,0.8023459315299988,0.8079431284787013,0.7972354700631885,0.8016158573175002,307296000
2015-12-16,NVDA,NVIDIA,0.8072128891944885,0.8098898467664497,0.7969919683510042,0.8040492542608383,236356000
2015-12-17,NVDA,NVIDIA,0.7950452566146851,0.8167039704473243,0.7945585791478476,0.808429873304283,254160000
2015-12-18,NVDA,NVIDIA,0.7821472883224487,0.7974787292136396,0.7811738754764804,0.7894479716982218,395896000
2015-12-21,NVDA,NVIDIA,0.800642192363739,0.801372266346439,0.7836072681489488,0.7906646113012746,284216000
2015-12-22,NVDA,NVIDIA,0.8013724684715271,0.8094032262861128,0.7965053460396979,0.8030759555205996,130012000
2015-12-23,NVDA,NVIDIA,0.8045361042022705,0.8076997395863954,0.8011291301026517,0.8025892784369673,122524000
2015-12-24,NVDA,NVIDIA,0.8072128891944885,0.8091597727032482,0.800885619327188,0.8021024287727463,52448000
2015-12-28,NVDA,NVIDIA,0.8064831495285034,0.8064831495285034,0.7875013900767426,0.7986957863265441,142024000
2015-12-29,NVDA,NVIDIA,0.8196240663528442,0.8220576271523448,0.8047793048614246,0.806969526987175,203660000
2015-12-30,NVDA,NVIDIA,0.812566876411438,0.825951492352146,0.8123235376916343,0.818894147291748,180344000
2015-12-31,NVDA,NVIDIA,0.8021025657653809,0.8150004463836802,0.8021025657653809,0.8113501334648969,148528000
2016-01-04,NVDA,NVIDIA,0.787744402885437,0.7928548633114254,0.7797136462042163,0.7857975773957274,358076000
2016-01-05,NVDA,NVIDIA,0.8003990054130554,0.813783620271855,0.7909080998597614,0.8025892277762784,490272000
2016-01-06,NVDA,NVIDIA,0.7673025131225586,0.7909080480899254,0.7582982855589151,0.7872576777234931,449344000
2016-01-07,NVDA,NVIDIA,0.7368828058242798,0.7531876543845621,0.7271485063932674,0.7480771370296659,645304000
2016-01-08,NVDA,NVIDIA,0.7210648655891418,0.7471039639040746,0.7196047173055491,0.7463738897622783,398472000
2016-01-11,NVDA,NVIDIA,0.7222815752029419,0.7273920938987546,0.7093836961479613,0.7217948978171211,409372000
2016-01-12,NVDA,NVIDIA,0.7344492077827454,0.7451569200470833,0.729338748307032,0.7351792817107983,469356000
2016-01-13,NVDA,NVIDIA,0.7120608687400818,0.7449139810449705,0.7113307944203564,0.7400467995732387,481672000
2016-01-14,NVDA,NVIDIA,0.6977025270462036,0.705733282973073,0.6770172325628946,0.697459130367352,600236000
2016-01-15,NVDA,NVIDIA,0.6597390174865723,0.6777474155642084,0.6483012864228065,0.6697166583457053,841452000
2016-01-19,NVDA,NVIDIA,0.6650926470756531,0.6923485445397494,0.6624156902396414,0.6733667401563299,457140000
2016-01-20,NVDA,NVIDIA,0.6687430143356323,0.6772605047637494,0.6436773363612169,0.6524381654236453,481180000
2016-01-21,NVDA,NVIDIA,0.6765305399894714,0.6869948572216719,0.6621725138768088,0.67604386264233,481456000
2016-01-22,NVDA,NVIDIA,0.6923487782478333,0.6969725615975118,0.6879683335942416,0.6894284818121055,257996000
2016-01-25,NVDA,NVIDIA,0.6916187405586243,0.7001362335975692,0.690158592263871,0.6921054759971003,270728000
2016-01-26,NVDA,NVIDIA,0.6984326243400574,0.7013529206609913,0.6860214810174262,0.6930788251125706,227944000
2016-01-27,NVDA,NVIDIA,0.6901585459709167,0.6996494512295287,0.6770173282409437,0.6974592289343097,231700000
2016-01-28,NVDA,NVIDIA,0.6826145052909851,0.6981892835746982,0.6692298912207821,0.6957557226547221,276776000
2016-01-29,NVDA,NVIDIA,0.7127906084060669,0.7142507564788362,0.6857781011424979,0.6884550005954645,310504000
2016-02-01,NVDA,NVIDIA,0.7130340933799744,0.7166844059931801,0.7059767488349243,0.7120606805511643,289884000
2016-02-02,NVDA,NVIDIA,0.6828579306602478,0.7093837654614348,0.6779908082024525,0.7057334526284266,341908000
2016-02-03,NVDA,NVIDIA,0.6862648725509644,0.6923488043478575,0.6704467543162548,0.6882117562550666,326772000
2016-02-04,NVDA,NVIDIA,0.6865083575248718,0.7020831390563987,0.6796943507156106,0.687238373734493,348140000
2016-02-05,NVDA,NVIDIA,0.6431906223297119,0.6894283295751157,0.641243797149565,0.6818843094762232,600428000
2016-02-08,NVDA,NVIDIA,0.6137445569038391,0.6366200138278458,0.604740330902894,0.633456379399548,608852000
2016-02-09,NVDA,NVIDIA,0.6203150153160095,0.6461107618265948,0.6035234346216511,0.6064437297061116,425372000
2016-02-10,NVDA,NVIDIA,0.6188550591468811,0.6422172529850939,0.6154480858418769,0.6242089157837895,335800000
2016-02-11,NVDA,NVIDIA,0.615691602230072,0.6220188733490717,0.6030370599920729,0.6030370599920729,340144000
2016-02-12,NVDA,NVIDIA,0.6261557340621948,0.6273725433835509,0.6023068051537059,0.6254256600735136,340816000
2016-02-16,NVDA,NVIDIA,0.6568188071250916,0.6577922780833351,0.6332132677909338,0.6351600936660621,485352000
2016-02-17,NVDA,NVIDIA,0.6731235980987549,0.6794508680741644,0.6624158836692916,0.6650928412869919,771468000
2016-02-18,NVDA,NVIDIA,0.7310424447059631,0.753917965638424,0.7276354707438968,0.7283655448815787,1068660000
2016-02-19,NVDA,NVIDIA,0.7407765984535217,0.7473472648879104,0.7215514505640882,0.7271486462536786,525628000
2016-02-22,NVDA,NVIDIA,0.7670592665672302,0.7755767604090671,0.7500243369042366,0.7514844853366293,449668000
2016-02-23,NVDA,NVIDIA,0.7690058946609497,0.7763065763735354,0.7573247691084162,0.7609751389750393,369380000
2016-02-24,NVDA,NVIDIA,0.7743598818778992,0.7755766914702943,0.7446704124674209,0.7658424468138326,336852000
2016-02-25,NVDA,NVIDIA,0.7760633230209351,0.7799570322575142,0.7621920310074172,0.7772801325414098,349616000
2016-02-26,NVDA,NVIDIA,0.7709529399871826,0.7816605979514729,0.7631655207291476,0.7797137721473028,361964000
2016-02-29,NVDA,NVIDIA,0.7659459114074707,0.7820659432274919,0.7654574608869005,0.77205200877108,323344000
2016-03-01,NVDA,NVIDIA,0.7998956441879272,0.7998956441879272,0.7666785664635061,0.7678998091032815,348700000
2016-03-02,NVDA,NVIDIA,0.8045364022254944,0.8074673386580483,0.7940339576515997,0.7954994258678766,233812000
2016-03-03,NVDA,NVIDIA,0.7974532246589661,0.806978649471573,0.7867064989630148,0.8035592632192499,302004000
2016-03-04,NVDA,NVIDIA,0.7950109839439392,0.8042921856946813,0.7889048857202936,0.8035594515785611,175304000
2016-03-07,NVDA,NVIDIA,0.789881706237793,0.7959878033877387,0.7796234886479899,0.7906144402250688,239968000
2016-03-08,NVDA,NVIDIA,0.7754714488983154,0.7864624016190367,0.7730290214306067,0.7818217719607709,274940000
2016-03-09,NVDA,NVIDIA,0.774982750415802,0.7835312147019728,0.764968760239372,0.7823100304748251,222788000
2016-03-10,NVDA,NVIDIA,0.7737618088722229,0.7840200282370902,0.7581302836469564,0.7796236235526892,286084000
2016-03-11,NVDA,NVIDIA,0.7869507074356079,0.7871949908998945,0.7759598149684203,0.7852410143458688,277400000
2016-03-14,NVDA,NVIDIA,0.7889048457145691,0.7920800073127201,0.7796235862024156,0.7832872565972302,190312000
2016-03-15,NVDA,NVIDIA,0.7849969267845154,0.7898817816781937,0.7710750961607387,0.7847527015094505,226216000
2016-03-16,NVDA,NVIDIA,0.8084440231323242,0.8111307333591906,0.7754712324073517,0.7791349017021477,363644000
2016-03-17,NVDA,NVIDIA,0.8016053438186646,0.8094210754949992,0.7906143928994955,0.8055132387728592,353680000
2016-03-18,NVDA,NVIDIA,0.8257855176925659,0.8365321868140281,0.8060018146074426,0.8111309530091002,545512000
2016-03-21,NVDA,NVIDIA,0.8282280564308167,0.8284722817387391,0.8096655936910643,0.8184583453290598,337780000
2016-03-22,NVDA,NVIDIA,0.8267624378204346,0.8326242517694442,0.8165042197356221,0.8255412532707522,242012000
2016-03-23,NVDA,NVIDIA,0.8409284353256226,0.8470344736961897,0.8267623238174935,0.8304259934254762,429008000
2016-03-24,NVDA,NVIDIA,0.8421498537063599,0.8436153219567474,0.830670449465106,0.8333571024361038,244956000
2016-03-28,NVDA,NVIDIA,0.8506982326507568,0.8543618444114661,0.8397072809045113,0.8406842401585631,265388000
2016-03-29,NVDA,NVIDIA,0.8643758296966553,0.8663297481884676,0.8450806371037602,0.8470345555955725,261812000
2016-03-30,NVDA,NVIDIA,0.8734127879142761,0.8853806985857765,0.8670624655893144,0.867550974318949,376700000
2016-03-31,NVDA,NVIDIA,0.8702377676963806,0.8792747439178263,0.8633989937662271,0.8773208251469444,379884000
2016-04-01,NVDA,NVIDIA,0.8829383850097656,0.8834268938022568,0.8582698265142283,0.8648643749365018,348292000
2016-04-04,NVDA,NVIDIA,0.8743897080421448,0.89490614205646,0.8709703217837772,0.8902655131446441,393940000
2016-04-05,NVDA,NVIDIA,0.8731685876846313,0.8812286034461736,0.8631545951806205,0.8665740399219256,339568000
2016-04-06,NVDA,NVIDIA,0.8743897080421448,0.874878216749935,0.8458133170897008,0.8621775726679356,453376000
2016-04-07,NVDA,NVIDIA,0.8653526902198792,0.8765878658461951,0.861689078907675,0.8687720763064835,378104000
2016-04-08,NVDA,NVIDIA,0.8709701299667358,0.8780531843934658,0.8624216079714353,0.8724355975353064,255936000
2016-04-11,NVDA,NVIDIA,0.8763437271118164,0.8907540650213732,0.8734127911871413,0.8760994436300551,387524000
2016-04-12,NVDA,NVIDIA,0.8753665089607239,0.8804955870797437,0.8582694654332436,0.879274344728335,292764000
2016-04-13,NVDA,NVIDIA,0.8973486423492432,0.8975928676070382,0.8792746339350456,0.8792746339350456,350716000
2016-04-14,NVDA,NVIDIA,0.8997909426689148,0.9036988374025544,0.8912424192995749,0.8949060888098781,416564000
2016-04-15,NVDA,NVIDIA,0.9068741202354431,0.9149341360103685,0.8966159024586128,0.8995468384611527,436972000
2016-04-18,NVDA,NVIDIA,0.9029660224914551,0.9051642240004267,0.8941732746876148,0.9051642240004267,307320000
2016-04-19,NVDA,NVIDIA,0.8868460655212402,0.9080951737788333,0.8812284778146058,0.9063854807679512,309152000
2016-04-20,NVDA,NVIDIA,0.8902655243873596,0.895638887312691,0.8844037109801243,0.8853806701759875,200172000
2016-04-21,NVDA,NVIDIA,0.8892887830734253,0.8946621473152683,0.8853808871004548,0.8905099678094393,178280000
2016-04-22,NVDA,NVIDIA,0.8858693838119507,0.8983257474627767,0.8829384473143121,0.8922197074021216,223540000
2016-04-25,NVDA,NVIDIA,0.8902655243873596,0.8951503785987316,0.8836709770252129,0.8861134041308989,191972000
2016-04-26,NVDA,NVIDIA,0.890998125076294,0.9058969689550077,0.8870902306452864,0.8956387533526186,214536000
2016-04-27,NVDA,NVIDIA,0.9112705588340759,0.9117590676282811,0.8870905090461907,0.8888002024778111,352396000
2016-04-28,NVDA,NVIDIA,0.8841592669487,0.9110260184644486,0.881961123715192,0.9056526565148899,381224000
2016-04-29,NVDA,NVIDIA,0.8677951097488403,0.8824496713364044,0.8582696272473084,0.8804957530842163,321904000
2016-05-02,NVDA,NVIDIA,0.8792743682861328,0.8846477299586235,0.8719470886774866,0.8760992079658486,256076000
2016-05-03,NVDA,NVIDIA,0.868772029876709,0.8729241496502628,0.8612005241992928,0.869260538533853,224024000
2016-05-04,NVDA,NVIDIA,0.84898841381073,0.8590023465895441,0.840195665360821,0.8582696126993808,525764000
2016-05-05,NVDA,NVIDIA,0.8541175723075867,0.8641315642505125,0.8477672501564765,0.8560715489405737,246884000
2016-05-06,NVDA,NVIDIA,0.862910270690918,0.8651084724363816,0.8509423610527967,0.8526520541108066,183240000
2016-05-09,NVDA,NVIDIA,0.8616890907287598,0.8687720882247364,0.8546060350007304,0.865108476862273,333336000
2016-05-10,NVDA,NVIDIA,0.8782976865768433,0.8797631546075961,0.8587582681189659,0.8670625093171517,269676000
2016-05-11,NVDA,NVIDIA,0.8807401061058044,0.8905098152484617,0.8760994767934243,0.8809843895968128,328176000
2016-05-12,NVDA,NVIDIA,0.868772029876709,0.8909981547159106,0.8531405098647328,0.8870902601549043,670540000
2016-05-13,NVDA,NVIDIA,1.0009071826934814,1.0013956329743903,0.9525471109616154,0.9571876797904069,2110256000
2016-05-16,NVDA,NVIDIA,1.0304609537124634,1.0453598581765786,0.9901608770146763,0.9933360381018992,973032000
2016-05-17,NVDA,NVIDIA,1.0326592922210693,1.0399865159237545,1.0126313067412136,1.0258204025773434,628392000
2016-05-18,NVDA,NVIDIA,1.0590375661849976,1.0710055366433888,1.025820482287905,1.025820482287905,541072000
2016-05-19,NVDA,NVIDIA,1.0636781454086304,1.0712497110658554,1.0534199853291313,1.0548853369426674,398880000
2016-05-20,NVDA,NVIDIA,1.0827287435531616,1.087125146282136,1.068562634624745,1.0702723273864432,391084000
2016-05-23,NVDA,NVIDIA,1.0844388008117676,1.0915217994246407,1.077844252733817,1.0873697369495507,413636000
2016-05-24,NVDA,NVIDIA,1.1107628345489502,1.1141912168930224,1.084805866519163,1.087744413233203,415788000
2016-05-25,NVDA,NVIDIA,1.1061104536056519,1.1188439635150549,1.0972948120146522,1.1141914000141226,458076000
2016-05-26,NVDA,NVIDIA,1.1178646087646484,1.1259455557741134,1.1048861216514643,1.10806952855721,309964000
2016-05-27,NVDA,NVIDIA,1.1239867210388184,1.1257008544776774,1.11541593707794,1.119089180246852,277416000
2016-05-31,NVDA,NVIDIA,1.1440660953521729,1.1465149230443,1.1281490656529403,1.1288837606671909,412524000
2016-06-01,NVDA,NVIDIA,1.1462702751159668,1.1572896514640267,1.135250782001354,1.138679047989624,387132000
2016-06-02,NVDA,NVIDIA,1.1543514728546143,1.1641465540329383,1.1411280081739563,1.152392363205687,329208000
2016-06-03,NVDA,NVIDIA,1.1381890773773193,1.1445558896769565,1.11810920275018,1.1430867330846146,461076000
2016-06-06,NVDA,NVIDIA,1.1323119401931763,1.149943101233835,1.1264348475907826,1.1411274623302445,322512000
2016-06-07,NVDA,NVIDIA,1.1345161199569702,1.145535613393134,1.1340264010205137,1.1391688001529752,193400000
2016-06-08,NVDA,NVIDIA,1.1308428049087524,1.1389237498389673,1.1215374460760112,1.1347607892769926,234616000
2016-06-09,NVDA,NVIDIA,1.1602280139923096,1.1619421467138067,1.1244759694964757,1.1269247972509195,472168000
2016-06-10,NVDA,NVIDIA,1.1313329935073853,1.1568002527748946,1.1298637195675993,1.146515451962978,400024000
2016-06-13,NVDA,NVIDIA,1.145780324935913,1.1680641683995237,1.1325569812263327,1.1325569812263327,475588000
2016-06-14,NVDA,NVIDIA,1.1479841470718384,1.1533714042903271,1.13035298545089,1.1430866086641598,298344000
2016-06-15,NVDA,NVIDIA,1.159738302230835,1.169778239198996,1.1448008264904102,1.1575344506516034,301036000
2016-06-16,NVDA,NVIDIA,1.1643911600112915,1.166350152467087,1.139903462397466,1.151167814976481,246456000
2016-06-17,NVDA,NVIDIA,1.1440660953521729,1.1661050775151918,1.1394134161503564,1.1658602180992854,471000000
2016-06-20,NVDA,NVIDIA,1.164636254310608,1.179573735352064,1.1616977066511074,1.1624324019492707,293768000
2016-06-21,NVDA,NVIDIA,1.1575345993041992,1.172716936417999,1.1558203495855517,1.169533529968882,212508000
2016-06-22,NVDA,NVIDIA,1.1565548181533813,1.167574308839082,1.1545958261299634,1.1599830833859945,202620000
2016-06-23,NVDA,NVIDIA,1.1874092817306519,1.1886336954911976,1.1668395742662716,1.1675742692292084,297880000
2016-06-24,NVDA,NVIDIA,1.119823694229126,1.1597387136029695,1.1092940346787126,1.1386792777355665,1017684000
2016-06-27,NVDA,NVIDIA,1.107824444770813,1.1190887964053815,1.0914175778169395,1.1105180153842351,449088000
2016-06-28,NVDA,NVIDIA,1.1239867210388184,1.1301085594538391,1.1085594033225037,1.1288842618307848,381920000
2016-06-29,NVDA,NVIDIA,1.1423519849777222,1.15116762472166,1.1308427748396925,1.133781321421005,318932000
2016-06-30,NVDA,NVIDIA,1.1511675119400024,1.1582689015103291,1.1350056240927218,1.1443108649998517,430940000
2016-07-01,NVDA,NVIDIA,1.1425973176956177,1.1597387686760754,1.1386793318086124,1.1448012869278172,218488000
2016-07-05,NVDA,NVIDIA,1.1594939231872559,1.1614529161544682,1.1271701305452118,1.1362305168060371,371084000
2016-07-06,NVDA,NVIDIA,1.1668397188186646,1.1736963666672333,1.1455354305186172,1.1514125238840942,273104000
2016-07-07,NVDA,NVIDIA,1.1972049474716187,1.2013679095996153,1.16928897723851,1.1746762369630521,395400000
2016-07-08,NVDA,NVIDIA,1.2452000379562378,1.2510771293405933,1.205285045298235,1.2099377231831003,481932000
2016-07-11,NVDA,NVIDIA,1.273850917816162,1.2831561585324525,1.2616070141001994,1.2630762872167758,448776000
2016-07-12,NVDA,NVIDIA,1.2929514646530151,1.3047055338471745,1.2718919203956236,1.2880539260915713,436760000
2016-07-13,NVDA,NVIDIA,1.2924615144729614,1.3027464262767225,1.2905025225753706,1.2954000607026075,324604000
2016-07-14,NVDA,NVIDIA,1.30568528175354,1.3174394705072332,1.288543951098667,1.2993185852006999,316892000
2016-07-15,NVDA,NVIDIA,1.2905024290084839,1.296379521041662,1.2694430049116108,1.2890331560001893,428616000
2016-07-18,NVDA,NVIDIA,1.2971142530441284,1.3083786029330446,1.2922167146909702,1.3064196109450863,252992000
2016-07-19,NVDA,NVIDIA,1.3105826377868652,1.3157250358044037,1.2939309131254872,1.2963797408099516,382652000
2016-07-20,NVDA,NVIDIA,1.3277239799499512,1.3348254869042453,1.309603098587033,1.3149903560823513,296460000
2016-07-21,NVDA,NVIDIA,1.303236484527588,1.328948595584723,1.2988286640349662,1.3247856345472664,361308000
2016-07-22,NVDA,NVIDIA,1.3387434482574463,1.3387434482574463,1.298338725816399,1.3078889435539676,315768000
2016-07-25,NVDA,NVIDIA,1.363476037979126,1.366659443979038,1.340947336559215,1.346824429717986,312528000
2016-07-26,NVDA,NVIDIA,1.3867393732070923,1.3938407631549927,1.3735160309501588,1.3754750229944215,514508000
2016-07-27,NVDA,NVIDIA,1.3727812767028809,1.401187068801496,1.3644554732992242,1.398738241276967,446676000
2016-07-28,NVDA,NVIDIA,1.375720500946045,1.3860053013775009,1.3715575388095524,1.3759653604658537,221916000
2016-07-29,NVDA,NVIDIA,1.398248553276062,1.4019216778772354,1.356129699765262,1.3808622511218354,409588000
2016-08-01,NVDA,NVIDIA,1.389188528060913,1.4092685240402043,1.3801281431730155,1.4041261244930354,301120000
2016-08-02,NVDA,NVIDIA,1.3722920417785645,1.3965348823401824,1.3590686954297846,1.3958001871171588,282748000
2016-08-03,NVDA,NVIDIA,1.3759649991989136,1.3786586867427304,1.3629865139239694,1.3705777408778301,299828000
2016-08-04,NVDA,NVIDIA,1.4014322757720947,1.4077990887950858,1.3798831253378077,1.3825766961629984,272712000
2016-08-05,NVDA,NVIDIA,1.4251855611801147,1.4259201396454597,1.41073780046257,1.4175943332053869,371588000
2016-08-08,NVDA,NVIDIA,1.4384087324142456,1.4482038113580133,1.4232262783148197,1.4447755454043498,305064000
2016-08-09,NVDA,NVIDIA,1.4420818090438843,1.4560398486115298,1.4384086837558634,1.4455100748815766,372344000
2016-08-10,NVDA,NVIDIA,1.4327764511108398,1.4570192882216588,1.4281237712491819,1.45481543639942,375740000
2016-08-11,NVDA,NVIDIA,1.4619168043136597,1.4680387575484217,1.4374291081411574,1.440367655035167,681064000
2016-08-12,NVDA,NVIDIA,1.5437053442001343,1.552031146684975,1.4846900319233607,1.5157893907470779,1425744000
2016-08-15,NVDA,NVIDIA,1.542236328125,1.5549699517289615,1.521421760062104,1.5454197340259903,573304000
2016-08-16,NVDA,NVIDIA,1.5329310894012451,1.5424811903551288,1.5282784102477207,1.5400324794549491,287652000
2016-08-17,NVDA,NVIDIA,1.4974238872528076,1.536359455700166,1.4854249578435728,1.5329311901546703,595212000
2016-08-18,NVDA,NVIDIA,1.520687222480774,1.5231359334419505,1.489342881458677,1.4952199745919534,331684000
2016-08-19,NVDA,NVIDIA,1.5246057510375977,1.5361149652271546,1.5133413963549245,1.5199530701070834,291560000
2016-08-22,NVDA,NVIDIA,1.5309720039367676,1.5331759722237632,1.5111369899529963,1.5292578712505107,244748000
2016-08-23,NVDA,NVIDIA,1.5433613061904907,1.55341974585514,1.538945363051721,1.546550578960426,339764000
2016-08-24,NVDA,NVIDIA,1.5195640325546265,1.5494941503051711,1.512449556776602,1.548758218458491,298448000
2016-08-25,NVDA,NVIDIA,1.5095058679580688,1.5207909771831551,1.4906156603507863,1.5200550452036072,406032000
2016-08-26,NVDA,NVIDIA,1.521772861480713,1.530359322444461,1.5014105489303884,1.5134317112613924,300024000
2016-08-29,NVDA,NVIDIA,1.5207903385162354,1.534038044438363,1.518337115966274,1.5279049295726255,274652000
2016-08-30,NVDA,NVIDIA,1.5119590759277344,1.5269240777016282,1.507788444130892,1.5188282417279866,285544000
2016-08-31,NVDA,NVIDIA,1.504844307899475,1.5190733761073518,1.5004284829583732,1.514902861776123,388544000
2016-09-01,NVDA,NVIDIA,1.5492490530014038,1.5548915488812718,1.504844549983622,1.5060712202120148,428492000
2016-09-02,NVDA,NVIDIA,1.534038782119751,1.5541557782152062,1.516620554392193,1.5524384865099297,323148000
2016-09-06,NVDA,NVIDIA,1.5485131740570068,1.5485131740570068,1.531585567577493,1.539436094126588,306812000
2016-09-07,NVDA,NVIDIA,1.5256977081298828,1.5512118912511474,1.5168659385011456,1.543606675055756,397988000
2016-09-08,NVDA,NVIDIA,1.5367375612258911,1.5391909021411712,1.506807550742571,1.5242257799177774,315808000
2016-09-09,NVDA,NVIDIA,1.4601949453353882,1.5283962233815236,1.4474378549121227,1.519809765204987,697760000
2016-09-12,NVDA,NVIDIA,1.4903700351715088,1.4933139966629334,1.4062224069470748,1.4408137789987636,598260000
2016-09-13,NVDA,NVIDIA,1.4687813520431519,1.5038633494777949,1.4604402048237024,1.4866903167447767,471768000
2016-09-14,NVDA,NVIDIA,1.4817838668823242,1.4866904313296807,1.4599496960351916,1.4722160486627207,319048000
2016-09-15,NVDA,NVIDIA,1.5379638671875,1.539681158628506,1.480802277415098,1.4842369772788158,515212000
2016-09-16,NVDA,NVIDIA,1.5416439771652222,1.5517024165864977,1.5239803220192574,1.543361268847349,902444000
2016-09-19,NVDA,NVIDIA,1.5620063543319702,1.6010135604244715,1.5507212440609601,1.5578357217828398,417128000
2016-09-20,NVDA,NVIDIA,1.5477770566940308,1.5799150910709274,1.5391905991443025,1.5799150910709274,331112000
2016-09-21,NVDA,NVIDIA,1.5912002325057983,1.5941441942926042,1.552193031284904,1.5524383419368524,336212000
2016-09-22,NVDA,NVIDIA,1.595125675201416,1.6054295429945646,1.5860485948147087,1.6005229782774515,308732000
2016-09-23,NVDA,NVIDIA,1.5934083461761475,1.6017494943022101,1.5862938684461394,1.5970883573643118,276132000
2016-09-26,NVDA,NVIDIA,1.5784430503845215,1.5848215948887743,1.5585714849589827,1.575253778132395,230040000
2016-09-27,NVDA,NVIDIA,1.632415533065796,1.6348688738289787,1.5715741561086127,1.5723100881485317,402752000
2016-09-28,NVDA,NVIDIA,1.638303518295288,1.6395301887225404,1.6174505889589221,1.6348689346843663,319788000
2016-09-29,NVDA,NVIDIA,1.6535135507583618,1.658665542274406,1.6203942737649946,1.635604586720891,336684000
2016-09-30,NVDA,NVIDIA,1.6809903383255005,1.6974273204173693,1.652777510093556,1.662590637222484,429932000
2016-10-03,NVDA,NVIDIA,1.6792731285095215,1.7052780471559823,1.6763292836081132,1.6809905370927751,242596000
2016-10-04,NVDA,NVIDIA,1.675593614578247,1.7099395713784609,1.6630818322288448,1.6817268503951497,281624000
2016-10-05,NVDA,NVIDIA,1.6738760471343994,1.7069954449065015,1.668724172009421,1.6898224108415163,305440000
2016-10-06,NVDA,NVIDIA,1.6520416736602783,1.6640627141442286,1.6255461352958243,1.6537589651579856,360212000
2016-10-07,NVDA,NVIDIA,1.6400208473205566,1.66749763381324,1.6353595931765967,1.6630816903639516,286260000
2016-10-10,NVDA,NVIDIA,1.6461536884307861,1.6574387965555106,1.630697948550133,1.648606911771793,287876000
2016-10-11,NVDA,NVIDIA,1.6223570108413696,1.6432099383416832,1.6098452309448377,1.6407567146849098,388540000
2016-10-12,NVDA,NVIDIA,1.6297169923782349,1.638303451053119,1.6022402076368807,1.615733230837659,419920000
2016-10-13,NVDA,NVIDIA,1.6032214164733887,1.6142612156687872,1.5627422307447432,1.6105813215975622,390116000
2016-10-14,NVDA,NVIDIA,1.618922472000122,1.6338874759644741,1.6093546538142929,1.6228476767514617,330636000
2016-10-17,NVDA,NVIDIA,1.6095999479293823,1.6338874591554564,1.6073920349021837,1.618677144673341,195328000
2016-10-18,NVDA,NVIDIA,1.634132742881775,1.6434552501437334,1.6253009739368862,1.6319248298909828,269372000
2016-10-19,NVDA,NVIDIA,1.6306982040405273,1.6383034198544395,1.61475184038961,1.6230931052083386,199060000
2016-10-20,NVDA,NVIDIA,1.6616096496582031,1.667006952674459,1.6265277649611847,1.6498339178639039,312084000
2016-10-21,NVDA,NVIDIA,1.6569483280181885,1.659892172902414,1.6412472760543104,1.6557216577437601,279508000
2016-10-24,NVDA,NVIDIA,1.734717845916748,1.7366804486465242,1.6679884172504054,1.668233844950654,339836000
2016-10-25,NVDA,NVIDIA,1.7631754875183105,1.7737246649502,1.7234323523594548,1.731773499850262,397460000
2016-10-26,NVDA,NVIDIA,1.7702901363372803,1.789671083186635,1.7467385571229148,1.7484558488069257,333792000
2016-10-27,NVDA,NVIDIA,1.7339814901351929,1.7872177670335996,1.7268670126297536,1.7837831836184408,388664000
2016-10-28,NVDA,NVIDIA,1.7310370206832886,1.76881754160468,1.7278477490935922,1.742322126540546,290856000
2016-10-31,NVDA,NVIDIA,1.7457573413848877,1.757287762007447,1.7356987848155823,1.7366801444994757,252388000
2016-11-01,NVDA,NVIDIA,1.693993091583252,1.761703753110137,1.6753480759533588,1.7521359346129644,473224000
2016-11-02,NVDA,NVIDIA,1.6868785619735718,1.7300564022178575,1.6839345997098223,1.7069955594547057,295848000
2016-11-03,NVDA,NVIDIA,1.6672521829605103,1.6962009481693696,1.6348688343515114,1.6947289671433494,309664000
2016-11-04,NVDA,NVIDIA,1.6576844453811646,1.6861425906255996,1.6333969327435227,1.6562124642835745,328780000
2016-11-07,NVDA,NVIDIA,1.7484560012817383,1.7594958013455235,1.7050328500877736,1.7062595205352458,487580000
2016-11-08,NVDA,NVIDIA,1.7457573413848877,1.7607223454284882,1.729565666981851,1.7550797319641176,429884000
2016-11-09,NVDA,NVIDIA,1.7163180112838745,1.739378971843485,1.6858973787683418,1.6984090433587076,456532000
2016-11-10,NVDA,NVIDIA,1.6625906229019165,1.754098155421764,1.6378124946620534,1.7538528447929091,869280000
2016-11-11,NVDA,NVIDIA,2.158153772354126,2.1777800243129635,1.9258277866770952,1.950606029209563,2175344000
2016-11-14,NVDA,NVIDIA,2.051926612854004,2.1635510050743147,2.051435991665063,2.16109766516624,1348796000
2016-11-15,NVDA,NVIDIA,2.1144864559173584,2.1453977122673917,2.059042021928753,2.067873909727401,626092000
2016-11-16,NVDA,NVIDIA,2.2479448318481445,2.2707602470224773,2.1184114276166883,2.1426989409100865,987984000
2016-11-17,NVDA,NVIDIA,2.266589879989624,2.325468658380084,2.223902543391246,2.2646271604578883,832988000
2016-11-18,NVDA,NVIDIA,2.2903871536254883,2.3141838158658916,2.252115871109726,2.266590257421578,576060000
2016-11-21,NVDA,NVIDIA,2.281064033508301,2.3146740520867572,2.2668348447581383,2.308295506707171,436436000
2016-11-22,NVDA,NVIDIA,2.297501564025879,2.299709477685786,2.2663448771363846,2.288915103146512,330368000
2016-11-23,NVDA,NVIDIA,2.308802366256714,2.340251242504447,2.279318912973031,2.3026598337099102,443236000
2016-11-25,NVDA,NVIDIA,2.3134713172912598,2.3365666845024604,2.295043948229335,2.319859412539915,195564000
2016-11-28,NVDA,NVIDIA,2.3122425079345703,2.3277212709806245,2.2997118798664973,2.3063457693512066,278736000
2016-11-29,NVDA,NVIDIA,2.2911126613616943,2.320350560410216,2.2734226791972123,2.3095397944578617,444568000
2016-11-30,NVDA,NVIDIA,2.265315055847168,2.3134714509410585,2.2628580419218047,2.299712313547272,440500000
2016-12-01,NVDA,NVIDIA,2.153277635574341,2.2645778322382206,2.082763025235029,2.2628579694083286,1035524000
2016-12-02,NVDA,NVIDIA,2.1731796264648438,2.1817789428050482,2.0913628721758175,2.1191264796372478,478292000
2016-12-05,NVDA,NVIDIA,2.2574527263641357,2.2753885067965265,2.186692316508916,2.211016192752038,602284000
2016-12-06,NVDA,NVIDIA,2.2945523262023926,2.302906078371623,2.2498356646482547,2.2655602229991154,498796000
2016-12-07,NVDA,NVIDIA,2.3358285427093506,2.3414794845632567,2.2628569513531946,2.2810385175991557,480804000
2016-12-08,NVDA,NVIDIA,2.2967638969421387,2.3739123987062416,2.2861991590428943,2.3387779906810446,381544000
2016-12-09,NVDA,NVIDIA,2.2559783458709717,2.3161737746357076,2.2287061034710387,2.314453911937107,382312000
2016-12-12,NVDA,NVIDIA,2.201188087463379,2.2100331961341038,2.1508204785295875,2.20757618245106,601332000
2016-12-13,NVDA,NVIDIA,2.2400076389312744,2.267525672092586,2.2124898400836455,2.2134725516671514,387796000
2016-12-14,NVDA,NVIDIA,2.3697357177734375,2.3859516341851212,2.2498359731941067,2.273668491907299,983980000
2016-12-15,NVDA,NVIDIA,2.425262928009033,2.4554835422270567,2.3734210137175995,2.380791820939591,746548000
2016-12-16,NVDA,NVIDIA,2.4670310020446777,2.474156013509491,2.401184395992641,2.4527805104876204,1089528000
2016-12-19,NVDA,NVIDIA,2.49700665473938,2.517153657697943,2.4323885338561735,2.4495874006573026,744656000
2016-12-20,NVDA,NVIDIA,2.583982229232788,2.607568951672785,2.558184053861836,2.569486176358615,848056000
2016-12-21,NVDA,NVIDIA,2.600198268890381,2.6031466386252524,2.5481107940972105,2.5955300363363123,576136000
2016-12-22,NVDA,NVIDIA,2.6316475868225098,2.674889955647601,2.617397092985077,2.6245223399037934,718612000
2016-12-23,NVDA,NVIDIA,2.6972475051879883,2.6987218069570846,2.6110083497340804,2.6137109238924974,647692000
2016-12-27,NVDA,NVIDIA,2.882502794265747,2.8834855060920033,2.7326282280158845,2.753266816563446,1194272000
2016-12-28,NVDA,NVIDIA,2.6842257976531982,2.946628788205587,2.6704668972673207,2.9385208312905235,2295764000
2016-12-29,NVDA,NVIDIA,2.7377877235412598,2.739262025544286,2.5257523066816976,2.5773484248266985,2175368000
2016-12-30,NVDA,NVIDIA,2.622556686401367,2.7498272477108,2.611746152754684,2.7358225489759755,1212932000
2017-01-03,NVDA,NVIDIA,2.506342887878418,2.6134662239394943,2.441724773035918,2.565064028015936,1501996000
2017-01-04,NVDA,NVIDIA,2.5648179054260254,2.5920901480267675,2.49454886072996,2.5404940323751246,1199220000
2017-01-05,NVDA,NVIDIA,2.499708414077759,2.599952274436208,2.4827553479805204,2.568257595108628,984296000
2017-01-06,NVDA,NVIDIA,2.533123254776001,2.5613782094469117,2.486440931628326,2.526980720512505,822856000
2017-01-09,NVDA,NVIDIA,2.635823965072632,2.6535141830314055,2.542951140887124,2.542951140887124,916248000
2017-01-10,NVDA,NVIDIA,2.615922451019287,2.6827515305072924,2.595283865860237,2.6488456349308342,880920000
2017-01-11,NVDA,NVIDIA,2.5837368965148926,2.609289281361731,2.5589216627769575,2.604375487367829,525664000
2017-01-12,NVDA,NVIDIA,2.5414769649505615,2.57243473075697,2.4967602962585236,2.5608870466474247,625616000
2017-01-13,NVDA,NVIDIA,2.5412309169769287,2.5798050435474065,2.5321400141870813,2.5454075586138436,457820000
2017-01-17,NVDA,NVIDIA,2.484229803085327,2.5355801260957644,2.4709622566343707,2.5306663328205405,580612000
2017-01-18,NVDA,NVIDIA,2.529437303543091,2.5363167532958975,2.4350901958688116,2.4628537899342167,654424000
2017-01-19,NVDA,NVIDIA,2.5837368965148926,2.6156773775734408,2.530175346981147,2.5323865659940914,644872000
2017-01-20,NVDA,NVIDIA,2.555481195449829,2.6240303708504813,2.5336143381763945,2.606340155250578,492024000
2017-01-23,NVDA,NVIDIA,2.582017183303833,2.601918624202742,2.5478654812505246,2.550322495546939,369904000
2017-01-24,NVDA,NVIDIA,2.6370530128479004,2.6431955485297687,2.577348925040049,2.5920907763627556,428052000
2017-01-25,NVDA,NVIDIA,2.6483540534973145,2.6854541102949043,2.6124825033330636,2.6793115771282086,522760000
2017-01-26,NVDA,NVIDIA,2.694054365158081,2.701425173223737,2.6215740886234657,2.6510575551998534,458800000
2017-01-27,NVDA,NVIDIA,2.7461414337158203,2.7490898033619673,2.6743983190582767,2.700933411559871,471996000
2017-01-30,NVDA,NVIDIA,2.7031447887420654,2.7274686640139563,2.651303107577325,2.725257445228101,496004000
2017-01-31,NVDA,NVIDIA,2.6825063228607178,2.7038818274253735,2.658428009391218,2.6768553785730607,362756000
2017-02-01,NVDA,NVIDIA,2.7997024059295654,2.803879046942773,2.6992127746222843,2.7169027531117163,590004000
2017-02-02,NVDA,NVIDIA,2.835082530975342,2.8436820771696056,2.7532660534302598,2.7837322204234414,483240000
2017-02-03,NVDA,NVIDIA,2.8102669715881348,2.847612817943645,2.7984737314076953,2.83655649418385,372744000
2017-02-06,NVDA,NVIDIA,2.8822569847106934,2.8827483406213594,2.800931606495099,2.800931606495099,506768000
2017-02-07,NVDA,NVIDIA,2.926973342895508,2.9709528554764972,2.896752731610534,2.916408371837332,746224000
2017-02-08,NVDA,NVIDIA,2.9141972064971924,2.9313958334310657,2.8594069267720092,2.90903761841703,449580000
2017-02-09,NVDA,NVIDIA,2.8594071865081787,2.925253799333136,2.8402431343632077,2.920339771583535,842568000
2017-02-10,NVDA,NVIDIA,2.791594982147217,2.9655473686362037,2.766533959725165,2.9466288800161626,1651092000
2017-02-13,NVDA,NVIDIA,2.6628506183624268,2.8004401074958505,2.6584279467649297,2.7859440544600496,1180724000
2017-02-14,NVDA,NVIDIA,2.6726784706115723,2.706338809464525,2.611500093018377,2.653268389863246,850632000
2017-02-15,NVDA,NVIDIA,2.678084135055542,2.697739780374888,2.647617955104688,2.675627355125955,373020000
2017-02-16,NVDA,NVIDIA,2.635087728500366,2.6888950786301073,2.596021996160636,2.6876665714286414,647176000
2017-02-17,NVDA,NVIDIA,2.6345958709716797,2.6390185433111735,2.574646225228409,2.621574117721611,563740000
2017-02-21,NVDA,NVIDIA,2.72894287109375,2.7328739526110786,2.6589193832207045,2.6591651783277963,551952000
2017-02-22,NVDA,NVIDIA,2.7247607707977295,2.750345401003291,2.705818168851619,2.740997152688993,433772000
2017-02-23,NVDA,NVIDIA,2.4721124172210693,2.617255887654032,2.4521860998290395,2.5953614317473703,1592888000
2017-02-24,NVDA,NVIDIA,2.495974540710449,2.5092588280018457,2.3542751634563714,2.387977974873032,1029904000
2017-02-27,NVDA,NVIDIA,2.568547010421753,2.5835533349811732,2.498435382501932,2.5141797884062544,715400000
2017-02-28,NVDA,NVIDIA,2.496467113494873,2.5879814533745265,2.479246780408931,2.5781409949146252,625360000
2017-03-01,NVDA,NVIDIA,2.5286943912506104,2.5675633165889677,2.48736535092147,2.5532948373300077,504804000
2017-03-02,NVDA,NVIDIA,2.435457229614258,2.529923644510873,2.4327512447502864,2.515901275052341,754332000
2017-03-03,NVDA,NVIDIA,2.4214351177215576,2.429799177657403,2.3670676723962356,2.424879183802683,864692000
2017-03-06,NVDA,NVIDIA,2.4027392864227295,2.413317592845352,2.341237821345839,2.3852728459415076,883568000
2017-03-07,NVDA,NVIDIA,2.4290614128112793,2.448495989322442,2.3899466237088065,2.4027389378502355,603400000
2017-03-08,NVDA,NVIDIA,2.424633264541626,2.4920388981709785,2.422419255406684,2.4772784462556583,638712000
2017-03-09,NVDA,NVIDIA,2.4241409301757812,2.4465273581106937,2.3960961929877334,2.40864263391315,478060000
2017-03-10,NVDA,NVIDIA,2.4384100437164307,2.4622726424854178,2.4202057562294006,2.4504645130745133,499740000
2017-03-13,NVDA,NVIDIA,2.5055689811706543,2.5154092030202206,2.4480035777764635,2.4487416589327644,774136000
2017-03-14,NVDA,NVIDIA,2.503848075866699,2.5277104427764767,2.4716211764340454,2.518362427227322,522016000
2017-03-15,NVDA,NVIDIA,2.522789478302002,2.5336136526725763,2.467930056024989,2.515409370077038,615036000
2017-03-16,NVDA,NVIDIA,2.553786516189575,2.55427872681803,2.5193458487648233,2.5333682210489514,523100000
2017-03-17,NVDA,NVIDIA,2.609384298324585,2.610614355803633,2.5537867794751854,2.5712532203025114,1119688000
2017-03-20,NVDA,NVIDIA,2.6925337314605713,2.696470008670259,2.6108598504153324,2.6268503607299056,748568000
2017-03-21,NVDA,NVIDIA,2.6054470539093018,2.7050795612626053,2.597574970495359,2.6753127912979444,913484000
2017-03-22,NVDA,NVIDIA,2.658585786819458,2.6632599120331615,2.5904420477705474,2.594378091474322,616764000
2017-03-23,NVDA,NVIDIA,2.634477138519287,2.6706400833959036,2.6248830171123654,2.650713524446011,533940000
2017-03-24,NVDA,NVIDIA,2.643824577331543,2.6885976775711313,2.6179940779295348,2.6807255924036926,439500000
2017-03-27,NVDA,NVIDIA,2.663012981414795,2.6669490238988236,2.5481282604401616,2.5973293780141025,506644000
2017-03-28,NVDA,NVIDIA,2.6492364406585693,2.6787571081412884,2.638904242231029,2.664242762366579,432444000
2017-03-29,NVDA,NVIDIA,2.640626907348633,2.6689175244648866,2.638412897814142,2.6566171847505906,349992000
2017-03-30,NVDA,NVIDIA,2.6913037300109863,2.706064183330034,2.6421026099632385,2.6477606859816043,525532000
2017-03-31,NVDA,NVIDIA,2.6797409057617188,2.7033576260760417,2.6667027231468,2.6817090439910447,440808000
2017-04-03,NVDA,NVIDIA,2.6662111282348633,2.6974538314549887,2.6425944045457865,2.6802334992728953,445232000
2017-04-04,NVDA,NVIDIA,2.4792463779449463,2.5687925646744123,2.4684222038493973,2.543699915815808,1271280000
2017-04-05,NVDA,NVIDIA,2.4607956409454346,2.5183610385218698,2.4477572251425337,2.460549535715075,747048000
2017-04-06,NVDA,NVIDIA,2.478755235671997,2.4908094709294026,2.420943705208998,2.4659629189797956,635120000
2017-04-07,NVDA,NVIDIA,2.4681756496429443,2.5026165385688524,2.453169331032255,2.4851501061900203,429068000
2017-04-10,NVDA,NVIDIA,2.4052000045776367,2.475557525599321,2.401017855104718,2.4689154952095644,756332000
2017-04-11,NVDA,NVIDIA,2.413808822631836,2.4329972906952393,2.370265787558275,2.3751857812463943,618148000
2017-04-12,NVDA,NVIDIA,2.393882989883423,2.4280777891136123,2.3887168893904707,2.4138095450772874,414092000
2017-04-13,NVDA,NVIDIA,2.349109172821045,2.3914221506683297,2.349109172821045,2.36977380314328,506892000
2017-04-17,NVDA,NVIDIA,2.4411158561706543,2.4413617268578096,2.3567357578083206,2.361901857551798,497292000
2017-04-18,NVDA,NVIDIA,2.442591905593872,2.448742192220133,2.4010170002819105,2.4268475002838685,370116000
2017-04-19,NVDA,NVIDIA,2.452185869216919,2.4841664161537507,2.44554360763795,2.4600579533162663,380828000
2017-04-20,NVDA,NVIDIA,2.4910552501678467,2.4957293742938464,2.445544066268318,2.4667006774932543,404016000
2017-04-21,NVDA,NVIDIA,2.501386880874634,2.5040928656858146,2.4689141247028688,2.4807222503775295,341896000
2017-04-24,NVDA,NVIDIA,2.5326290130615234,2.5456671928980863,2.5119646217993425,2.532874883656923,371820000
2017-04-25,NVDA,NVIDIA,2.576665163040161,2.5911795113567897,2.525742008579459,2.5471444903874434,388440000
2017-04-26,NVDA,NVIDIA,2.558953046798706,2.5926556354701358,2.5569849079625815,2.5901957551868167,327004000
2017-04-27,NVDA,NVIDIA,2.5988056659698486,2.6071697273257985,2.5483744886970565,2.566332903343281,319700000
2017-04-28,NVDA,NVIDIA,2.56584095954895,2.5988056985974466,2.56018264886158,2.591917565179204,348248000
2017-05-01,NVDA,NVIDIA,2.6234066486358643,2.6285729843075605,2.569531393607616,2.576665633716631,307732000
2017-05-02,NVDA,NVIDIA,2.545668363571167,2.597821810729194,2.5230358240910626,2.5965917533584926,629972000
2017-05-03,NVDA,NVIDIA,2.564610719680786,2.574204837799237,2.524019768776893,2.538779986591346,336904000
2017-05-04,NVDA,NVIDIA,2.5547704696655273,2.581831025116534,2.546898150251618,2.5707607445662517,209788000
2017-05-05,NVDA,NVIDIA,2.5550169944763184,2.5621512344508495,2.527710326742568,2.543208864246514,228428000
2017-05-08,NVDA,NVIDIA,2.5282022953033447,2.568301041626392,2.516885907647979,2.566825113467588,365240000
2017-05-09,NVDA,NVIDIA,2.532384157180786,2.5813394098916516,2.5254960233618737,2.5338603199188174,847672000
2017-05-10,NVDA,NVIDIA,2.9838037490844727,2.9968421649137973,2.804957740546176,2.811599766466896,2129096000
2017-05-11,NVDA,NVIDIA,3.111973524093628,3.208653959469508,2.9498558259892715,2.953299892448665,1939792000
2017-05-12,NVDA,NVIDIA,3.1461682319641113,3.188235344208412,3.0942611311987243,3.1151716346772402,962620000
2017-05-15,NVDA,NVIDIA,3.3041043281555176,3.306564442825433,3.1828234433201725,3.18725169664791,1087540000
2017-05-16,NVDA,NVIDIA,3.365605354309082,3.3811038870483237,3.2807335205995947,3.3550270502767536,1120700000
2017-05-17,NVDA,NVIDIA,3.141986131668091,3.317634209651921,3.1378039842997927,3.2989377164355833,1271368000
2017-05-18,NVDA,NVIDIA,3.273599863052368,3.282456135528904,3.1255042841786036,3.1857756888646738,1156032000
2017-05-19,NVDA,NVIDIA,3.349203586578369,3.4038742035014646,3.329994902578579,3.374568800702876,1018372000
2017-05-22,NVDA,NVIDIA,3.420619487762451,3.434902755899702,3.381955765717115,3.392791575199932,836608000
2017-05-23,NVDA,NVIDIA,3.3745672702789307,3.4425363747938276,3.342060317461218,3.4403200343483404,681248000
2017-05-24,NVDA,NVIDIA,3.4124929904937744,3.4740592188272266,3.4004258274917563,3.4713501488358234,815996000
2017-05-25,NVDA,NVIDIA,3.4048593044281006,3.4484482125312588,3.3600390433729443,3.447709353788748,608228000
2017-05-26,NVDA,NVIDIA,3.4930214881896973,3.5777365834344166,3.3765382909423374,3.3967319590813596,779140000
2017-05-30,NVDA,NVIDIA,3.5676395893096924,3.602609017813412,3.522819339707093,3.5388264542797705,989652000
2017-05-31,NVDA,NVIDIA,3.5548346042633057,3.6200946647445464,3.498193544471595,3.6124604175875703,887316000
2017-06-01,NVDA,NVIDIA,3.555079698562622,3.5715795409858773,3.5097669578686084,3.5705943180271476,503340000
2017-06-02,NVDA,NVIDIA,3.5373494625091553,3.5782292953979007,3.5314390629729058,3.5521252264932444,487456000
2017-06-05,NVDA,NVIDIA,3.6449668407440186,3.6577726273235704,3.5095213282726676,3.5210957621207415,817376000
2017-06-06,NVDA,NVIDIA,3.628467321395874,3.6863394920807755,3.6151690403630994,3.6402878851713822,758728000
2017-06-07,NVDA,NVIDIA,3.672302722930908,3.691018911034461,3.6373332873532505,3.652847910980725,612612000
2017-06-08,NVDA,NVIDIA,3.9387619495391846,3.940239432231675,3.7380558719402037,3.77918207592166,1161744000
2017-06-09,NVDA,NVIDIA,3.6841237545013428,4.149564606312565,3.515432156151196,4.056969118049822,3692928000
2017-06-12,NVDA,NVIDIA,3.693234920501709,3.7358388340906044,3.4996708673292556,3.5925127059467448,1697532000
2017-06-13,NVDA,NVIDIA,3.7284507751464844,3.811442022470796,3.5868482657887526,3.8023300593338893,1672504000
2017-06-14,NVDA,NVIDIA,3.736330986022949,3.793957022428611,3.657033800345804,3.7314058102272507,1184640000
2017-06-15,NVDA,NVIDIA,3.7523386478424072,3.782629033417787,3.6077809332842055,3.61910923781247,963824000
2017-06-16,NVDA,NVIDIA,3.733868360519409,3.8097180891606337,3.6998839187474015,3.7619426381815324,924960000
2017-06-19,NVDA,NVIDIA,3.8742401599884033,3.8794117012322062,3.7742565595617723,3.7779503833893173,778176000
2017-06-20,NVDA,NVIDIA,3.8685755729675293,3.9830887993768287,3.864389255296164,3.916351028001462,1095444000
2017-06-21,NVDA,NVIDIA,3.9271860122680664,3.93088007009331,3.8343441862733734,3.8961567720194057,682652000
2017-06-22,NVDA,NVIDIA,3.9000978469848633,3.948612164399356,3.8762101176298605,3.935313647144778,469132000
2017-06-23,NVDA,NVIDIA,3.7882931232452393,3.9234925033955306,3.77327076113386,3.907731517545169,1088588000
2017-06-26,NVDA,NVIDIA,3.7469208240509033,3.8565086391354506,3.6528476314064036,3.8210464772321058,1063960000
2017-06-27,NVDA,NVIDIA,3.609750986099243,3.7380549794308036,3.604086951512202,3.7294357453078026,999492000
2017-06-28,NVDA,NVIDIA,3.737069845199585,3.7417488913773376,3.58931081360051,3.6772274679333052,994948000
2017-06-29,NVDA,NVIDIA,3.6122145652770996,3.711705445912937,3.5481856179375995,3.7087504805187193,1064424000
2017-06-30,NVDA,NVIDIA,3.5600056648254395,3.642996914242298,3.5339015971868895,3.629452268866717,731060000
2017-07-03,NVDA,NVIDIA,3.4312093257904053,3.5868487609261623,3.412739502193934,3.572072995991605,709072000
2017-07-05,NVDA,NVIDIA,3.5228195190429688,3.551632420683165,3.4755365617586196,3.4944988766549736,820188000
2017-07-06,NVDA,NVIDIA,3.5334084033966064,3.5801988622535945,3.4417979316486496,3.493759930454596,746284000
2017-07-07,NVDA,NVIDIA,3.6141841411590576,3.6324078348739786,3.567147541766869,3.59005028245495,654972000
2017-07-10,NVDA,NVIDIA,3.7850916385650635,3.7924795201053314,3.6614666894416916,3.6875707567500564,958492000
2017-07-11,NVDA,NVIDIA,3.838777542114258,3.846411788246531,3.7469206937475423,3.7887857478005387,757956000
2017-07-12,NVDA,NVIDIA,4.00205135345459,4.014118282752321,3.8555238851261895,3.898373931530037,1145208000
2017-07-13,NVDA,NVIDIA,3.9557535648345947,4.095385643293909,3.9094558249090023,4.014118233911097,1369132000
2017-07-14,NVDA,NVIDIA,4.062139987945557,4.063617235487492,3.965111363227694,3.9720067508002272,941948000
2017-07-17,NVDA,NVIDIA,4.044902324676514,4.124938635336989,3.9833360763879018,4.0961254883451055,930792000
2017-07-18,NVDA,NVIDIA,4.087012767791748,4.101542401794374,3.97225294333607,3.984073742137029,776640000
2017-07-19,NVDA,NVIDIA,4.065832614898682,4.122473416065985,4.0537656901977375,4.096122991433901,687044000
2017-07-20,NVDA,NVIDIA,4.124938488006592,4.125184617713554,4.03652954274942,4.086274986920339,699596000
2017-07-21,NVDA,NVIDIA,4.139713764190674,4.169265765479871,4.090214455601973,4.104497962034511,648332000
2017-07-24,NVDA,NVIDIA,4.0916924476623535,4.156460255453872,4.081103234251092,4.146856030532826,652524000
2017-07-25,NVDA,NVIDIA,4.071990013122559,4.086273516109263,4.028401115307334,4.0687884492316915,496556000
2017-07-26,NVDA,NVIDIA,4.119026184082031,4.184778953378567,4.084302653201963,4.129369263554187,640404000
2017-07-27,NVDA,NVIDIA,3.983088731765747,4.155474362278738,3.880149941538451,4.143899693184015,782856000
2017-07-28,NVDA,NVIDIA,4.048349380493164,4.0727298401868905,3.922508302624441,3.947380786815406,513348000
2017-07-31,NVDA,NVIDIA,4.00205135345459,4.097848398858005,3.955507483306197,4.061893740624289,559672000
2017-08-01,NVDA,NVIDIA,4.050810813903809,4.05253466052684,3.9648646123518327,3.992692287919914,431384000
2017-08-02,NVDA,NVIDIA,4.048349380493164,4.085781758759467,3.971515116832232,4.081841805076565,478444000
2017-08-03,NVDA,NVIDIA,4.099816799163818,4.103510621064875,4.030862482162667,4.047854814448098,442420000
2017-08-04,NVDA,NVIDIA,4.117796421051025,4.188228024354341,4.099819090857304,4.122475233426843,589096000
2017-08-07,NVDA,NVIDIA,4.244376182556152,4.244868441857209,4.137250600728978,4.146855293656474,717412000
2017-08-08,NVDA,NVIDIA,4.193892002105713,4.298800541001937,4.154735779834138,4.282300929431514,755336000
2017-08-09,NVDA,NVIDIA,4.238466262817383,4.240928968740708,4.129124562329992,4.147840751576764,530784000
2017-08-10,NVDA,NVIDIA,4.0569682121276855,4.252009968811545,4.046871260992244,4.239696441922096,1328088000
2017-08-11,NVDA,NVIDIA,3.840747833251953,3.9156123486089913,3.765637188238789,3.869807102919632,1497196000
2017-08-14,NVDA,NVIDIA,4.1471028327941895,4.150796657659842,3.920539003340591,3.9321134419757606,1279020000
2017-08-15,NVDA,NVIDIA,4.112131595611572,4.178376636947612,4.0779007869894395,4.152272803609251,764532000
2017-08-16,NVDA,NVIDIA,4.067065238952637,4.150549224520308,4.034804874516045,4.127154224862567,596632000
2017-08-17,NVDA,NVIDIA,3.9764397144317627,4.0756844523467715,3.974223608105407,4.058692581563408,525444000
2017-08-18,NVDA,NVIDIA,3.9771790504455566,4.047611126579494,3.9313737993608986,4.030618784043656,601204000
2017-08-21,NVDA,NVIDIA,3.919306516647339,4.012887222171991,3.875471481265143,4.001559151403666,623672000
2017-08-22,NVDA,NVIDIA,4.006559371948242,4.012474973448028,3.936558714369419,3.955784301712102,450456000
2017-08-23,NVDA,NVIDIA,4.086667537689209,4.097759235628306,3.9646588603591386,3.973286154424343,579520000
2017-08-24,NVDA,NVIDIA,4.071631908416748,4.123146975320429,4.0452587441289625,4.118709920085873,469700000
2017-08-25,NVDA,NVIDIA,4.037619590759277,4.105895173219214,4.031210821513031,4.0957893264089655,357200000
2017-08-28,NVDA,NVIDIA,4.066208839416504,4.069413222104093,4.001137680884426,4.056596161480304,389496000
2017-08-29,NVDA,NVIDIA,4.059555530548096,4.081246239775903,3.999414092499709,4.0075482259918305,324096000
2017-08-30,NVDA,NVIDIA,4.083709716796875,4.094801414045632,4.048955606717007,4.07927266179608,384400000
2017-08-31,NVDA,NVIDIA,4.176387310028076,4.1803307326422825,4.0965273605702075,4.103921513035186,612684000
2017-09-01,NVDA,NVIDIA,4.201526641845703,4.237020252340178,4.180329108088711,4.188956399489597,445432000
2017-09-05,NVDA,NVIDIA,4.0893778800964355,4.155188544389192,4.031454998962617,4.150258797446492,695364000
2017-09-06,NVDA,NVIDIA,4.086913108825684,4.13596329291701,4.052159473301624,4.122160377233519,397672000
2017-09-07,NVDA,NVIDIA,4.105893135070801,4.138181901363906,4.065716584370572,4.103674607557556,352868000
2017-09-08,NVDA,NVIDIA,4.034657955169678,4.109095423907615,4.010502859052235,4.094306656710916,498856000
2017-09-11,NVDA,NVIDIA,4.16554069519043,4.176139698039046,4.074835420778974,4.080258330420082,567444000
2017-09-12,NVDA,NVIDIA,4.180577278137207,4.190189957794529,4.115506107954333,4.190189957794529,411488000
2017-09-13,NVDA,NVIDIA,4.199310302734375,4.22814834416494,4.123147427953092,4.155436199304922,580960000
2017-09-14,NVDA,NVIDIA,4.175400257110596,4.253288472927514,4.135963221516704,4.160364669856896,513712000
2017-09-15,NVDA,NVIDIA,4.439382553100586,4.439382553100586,4.255507103065301,4.260683197054313,1364792000
2017-09-18,NVDA,NVIDIA,4.62276554107666,4.712731803788158,4.556462164672332,4.563363624370527,1684460000
2017-09-19,NVDA,NVIDIA,4.6178364753723145,4.67945692272929,4.550546770090856,4.572483822356566,874280000
2017-09-20,NVDA,NVIDIA,4.580615997314453,4.668856400388209,4.540439452354384,4.621532051339948,724920000
2017-09-21,NVDA,NVIDIA,4.455405235290527,4.503222766446583,4.377763333765106,4.477095472774275,1075600000
2017-09-22,NVDA,NVIDIA,4.412024021148682,4.49360981093543,4.40216499384882,4.4440669176583345,491232000
2017-09-25,NVDA,NVIDIA,4.21483850479126,4.382446189328537,4.194134125669365,4.381213517165557,874580000
2017-09-26,NVDA,NVIDIA,4.238499641418457,4.404135583014258,4.198816255680122,4.34917026223493,1125620000
2017-09-27,NVDA,NVIDIA,4.331423282623291,4.344733506207102,4.257971646840321,4.328712062666812,713720000
2017-09-28,NVDA,NVIDIA,4.330191612243652,4.342515511785984,4.282866784917443,4.338571619466589,435244000
2017-09-29,NVDA,NVIDIA,4.4063544273376465,4.430016370605665,4.368889096171666,4.413995395407725,619092000
2017-10-02,NVDA,NVIDIA,4.412024021148682,4.485475678545836,4.3627279443959495,4.45639081931484,503480000
2017-10-03,NVDA,NVIDIA,4.421143054962158,4.450967417075299,4.377022612716945,4.418185018321986,390332000
2017-10-04,NVDA,NVIDIA,4.458115100860596,4.480298494552268,4.390825410645643,4.427304884080673,427848000
2017-10-05,NVDA,NVIDIA,4.455648422241211,4.485965934064778,4.425824073020034,4.482515206227274,437364000
2017-10-06,NVDA,NVIDIA,4.46871280670166,4.482023028500472,4.412022131163673,4.428043572555369,318800000
2017-10-09,NVDA,NVIDIA,4.569523334503174,4.602552068384927,4.4867053886011945,4.5054380472055975,563492000
2017-10-10,NVDA,NVIDIA,4.656778335571289,4.755864077129769,4.6156159397736465,4.718398756124861,974876000
2017-10-11,NVDA,NVIDIA,4.706323623657227,4.707802642384587,4.627449520056826,4.673294869464357,529508000
2017-10-12,NVDA,NVIDIA,4.708539962768555,4.759315037577684,4.681426825963168,4.709772164384017,528292000
2017-10-13,NVDA,NVIDIA,4.796289443969727,4.806395288430248,4.723824107853949,4.770655313198682,628728000
2017-10-16,NVDA,NVIDIA,4.8786139488220215,4.881571986087256,4.763014021742257,4.826113488631211,576640000
2017-10-17,NVDA,NVIDIA,4.874176025390625,4.902521367394289,4.839668734277744,4.8579082352764695,478596000
2017-10-18,NVDA,NVIDIA,4.869985580444336,4.8837884963035805,4.764984693336063,4.883049457348174,567316000
2017-10-19,NVDA,NVIDIA,4.875408172607422,4.880337449288368,4.74354050132985,4.792590212722617,570772000
2017-10-20,NVDA,NVIDIA,4.853226661682129,4.91953004245284,4.844353019966735,4.8924173647644436,451620000
2017-10-23,NVDA,NVIDIA,4.8463239669799805,4.901289287801833,4.8261122844662685,4.8749156560253,428696000
2017-10-24,NVDA,NVIDIA,4.897098064422607,4.898823428674205,4.829562042198306,4.855442505972263,407244000
2017-10-25,NVDA,NVIDIA,4.773365497589111,4.910409763953196,4.7119918750405025,4.857662495132704,828160000
2017-10-26,NVDA,NVIDIA,4.823400974273682,4.834985363451072,4.77706247731095,4.800971234910292,322744000
2017-10-27,NVDA,NVIDIA,4.975480079650879,4.975726425968318,4.849527532708483,4.875408469962976,572192000
2017-10-30,NVDA,NVIDIA,5.0242838859558105,5.079741900316777,4.959705415535346,4.975480513632072,504056000
2017-10-31,NVDA,NVIDIA,5.097489356994629,5.124109338905308,5.050411343315498,5.056080600717276,411908000
2017-11-01,NVDA,NVIDIA,5.107100963592529,5.175376503929651,5.04301566130196,5.160094569907296,502576000
2017-11-02,NVDA,NVIDIA,5.07604455947876,5.122136709285966,5.019600222458373,5.077523577688236,342308000
2017-11-03,NVDA,NVIDIA,5.143826961517334,5.143826961517334,5.06125580977878,5.10710114333277,353640000
2017-11-06,NVDA,NVIDIA,5.166996955871582,5.175623779832591,5.094777980961805,5.107101880869919,389944000
2017-11-07,NVDA,NVIDIA,5.226151466369629,5.247595818887304,5.17759491563004,5.189672466736698,427700000
2017-11-08,NVDA,NVIDIA,5.155411720275879,5.2254126261958485,5.1080873694274995,5.221715080728075,522988000
2017-11-09,NVDA,NVIDIA,5.060762405395508,5.085657016917476,4.938754221318985,5.059530203692128,978564000
2017-11-10,NVDA,NVIDIA,5.327458381652832,5.389818348920134,5.21629502306244,5.252035001437764,1253256000
2017-11-13,NVDA,NVIDIA,5.240942478179932,5.352844858522917,5.225660539335314,5.327457546040661,582376000
2017-11-14,NVDA,NVIDIA,5.279146671295166,5.2944286096075235,5.206434526181011,5.250061813249504,529292000
2017-11-15,NVDA,NVIDIA,5.175623893737793,5.225413597571365,5.121891237634284,5.224180925477437,501948000
2017-11-16,NVDA,NVIDIA,5.215799808502197,5.279638769521863,5.206926639070606,5.2495680618630285,441768000
2017-11-17,NVDA,NVIDIA,5.20963716506958,5.307983405360865,5.194602048306643,5.272736608541888,515664000
2017-11-20,NVDA,NVIDIA,5.276680946350098,5.288758498093586,5.188440068497015,5.225165886505949,396100000
2017-11-21,NVDA,NVIDIA,5.325237274169922,5.336822132770991,5.284568036161533,5.316364105545761,399176000
2017-11-22,NVDA,NVIDIA,5.3013129234313965,5.352370274959322,5.268754735039077,5.352370274959322,356640000
2017-11-24,NVDA,NVIDIA,5.351382255554199,5.352369266310126,5.293172143613135,5.31759101553229,180752000
2017-11-27,NVDA,NVIDIA,5.281826972961426,5.361249359253092,5.278620363683173,5.3600163013132,422896000
2017-11-28,NVDA,NVIDIA,5.197225093841553,5.296379704108994,5.136301867507722,5.287006863868924,512752000
2017-11-29,NVDA,NVIDIA,4.844757556915283,5.1826718533812475,4.716744420488004,5.179958749819488,1396788000
2017-11-30,NVDA,NVIDIA,4.950572490692139,4.999163259213799,4.85043180242646,4.913328114727049,823768000
2017-12-01,NVDA,NVIDIA,4.875835418701172,4.93626559832247,4.747329254605322,4.916039875811327,811548000
2017-12-04,NVDA,NVIDIA,4.6040239334106445,4.940458627359775,4.550746995472226,4.934291927410137,1240844000
2017-12-05,NVDA,NVIDIA,4.630663871765137,4.753003842062851,4.454060406045252,4.498951060295475,981488000
2017-12-06,NVDA,NVIDIA,4.668153762817383,4.689859060043696,4.559132830419592,4.580345092739146,467032000
2017-12-07,NVDA,NVIDIA,4.735490322113037,4.775201748430145,4.689366148024566,4.734750299206108,542600000
2017-12-08,NVDA,NVIDIA,4.723158359527588,4.804307313562994,4.714772059635796,4.785314644824547,466876000
2017-12-11,NVDA,NVIDIA,4.8013482093811035,4.8043083019298845,4.721432767364429,4.737218359446724,372748000
2017-12-12,NVDA,NVIDIA,4.707125186920166,4.781121360156989,4.683693324144435,4.757936014860618,455016000
2017-12-13,NVDA,NVIDIA,4.592184543609619,4.74930225525574,4.584784785886698,4.748069197528499,554280000
2017-12-14,NVDA,NVIDIA,4.599337577819824,4.670127139033691,4.553213406647107,4.585771589774533,438164000
2017-12-15,NVDA,NVIDIA,4.724884510040283,4.745110235017027,4.578372674063073,4.643242528119483,670036000
2017-12-18,NVDA,NVIDIA,4.88126277923584,4.884222400517202,4.735737481037844,4.765335575664388,477704000
2017-12-19,NVDA,NVIDIA,4.837111473083496,4.877069416582788,4.808746437616341,4.871889726726696,373100000
2017-12-20,NVDA,NVIDIA,4.854130268096924,4.885454922648854,4.798633258691984,4.876329071858899,288820000
2017-12-21,NVDA,NVIDIA,4.831684112548828,4.882494458598624,4.823297815606302,4.857582555648013,300904000
2017-12-22,NVDA,NVIDIA,4.8163933753967285,4.825766216012639,4.717238761153306,4.7949345901227485,466276000
2017-12-26,NVDA,NVIDIA,4.869916915893555,4.877563193098827,4.731297856117916,4.761142941925168,355080000
2017-12-27,NVDA,NVIDIA,4.86325740814209,4.9323204237606095,4.842045609528948,4.856598141610662,329488000
2017-12-28,NVDA,NVIDIA,4.868929386138916,4.917766661050343,4.862763156214111,4.886935040973131,240248000
2017-12-29,NVDA,NVIDIA,4.77273416519165,4.895074086791796,4.77273416519165,4.895074086791796,279964000
2018-01-02,NVDA,NVIDIA,4.917027950286865,4.920728065591667,4.797401552373363,4.828972733285586,355616000
2018-01-03,NVDA,NVIDIA,5.240637302398682,5.27097589860525,5.025555906245559,5.034188725380755,914704000
2018-01-04,NVDA,NVIDIA,5.2682600021362305,5.378267473924456,5.246061199726822,5.321783927642119,583268000
2018-01-05,NVDA,NVIDIA,5.312905311584473,5.350149681258216,5.206350951554219,5.2830602300766145,580124000
2018-01-08,NVDA,NVIDIA,5.475697040557861,5.549692755787042,5.391341473561443,5.436232596375194,881216000
2018-01-09,NVDA,NVIDIA,5.474215984344482,5.520586674179459,5.392820524431343,5.481122237279343,497000000
2018-01-10,NVDA,NVIDIA,5.517134189605713,5.520587316474899,5.327704776355258,5.381968265792931,582664000
2018-01-11,NVDA,NVIDIA,5.527000904083252,5.581017879622063,5.50554164801738,5.549692747751451,406032000
2018-01-12,NVDA,NVIDIA,5.499869346618652,5.549446658347346,5.459418358837358,5.5151619022263745,359916000
2018-01-16,NVDA,NVIDIA,5.429078578948975,5.611601724843823,5.344723494451286,5.5262600999504325,702348000
2018-01-17,NVDA,NVIDIA,5.542786598205566,5.5526524741965835,5.349904041570919,5.4436319805253985,538408000
2018-01-18,NVDA,NVIDIA,5.535880088806152,5.590143580389749,5.492469013267313,5.523547156319014,408632000
2018-01-19,NVDA,NVIDIA,5.675730228424072,5.699902109054966,5.599021437989874,5.625906421688077,609380000
2018-01-22,NVDA,NVIDIA,5.764031410217285,5.765757972965497,5.626152437313222,5.683622513269327,550944000
2018-01-23,NVDA,NVIDIA,5.892786502838135,5.915478343550291,5.798811589921604,5.817310281065666,475228000
2018-01-24,NVDA,NVIDIA,5.816077709197998,5.931757932087007,5.760580690221696,5.895993134251916,579972000
2018-01-25,NVDA,NVIDIA,5.829643726348877,5.913505784199402,5.814844678037979,5.870341226817161,409884000
2018-01-26,NVDA,NVIDIA,6.001808166503906,6.002054684040982,5.860475992962334,5.873301961690015,516356000
2018-01-29,NVDA,NVIDIA,6.08862829208374,6.119706900548548,5.934717177321568,5.987254096882132,455116000
2018-01-30,NVDA,NVIDIA,5.986762046813965,6.078023872790346,5.880454653575084,5.947051083034607,570832000
2018-01-31,NVDA,NVIDIA,6.062730312347412,6.1483189276848345,6.029432103138454,6.061990289415672,478576000
2018-02-01,NVDA,NVIDIA,5.932003974914551,6.089862201865626,5.871820775817728,5.883166696214036,519224000
2018-02-02,NVDA,NVIDIA,5.75984001159668,5.869600979057125,5.701876883222296,5.845675610720848,718464000
2018-02-05,NVDA,NVIDIA,5.270974636077881,5.75268771025319,5.056386326444,5.599023095999776,1165204000
2018-02-06,NVDA,NVIDIA,5.563997745513916,5.566957366578849,5.031720411614622,5.041586756070795,1114800000
2018-02-07,NVDA,NVIDIA,5.643418788909912,5.795603788591824,5.591621899817405,5.662657969467932,802932000
2018-02-08,NVDA,NVIDIA,5.365196704864502,5.8017721938878655,5.364949716881092,5.7687209676278055,1144000000
2018-02-09,NVDA,NVIDIA,5.724322319030762,5.8922929356700235,5.365195739853088,5.876507348422898,1674604000
2018-02-12,NVDA,NVIDIA,5.6244282722473145,5.808184965470186,5.550432559935962,5.805224873523904,1093172000
2018-02-13,NVDA,NVIDIA,5.737888336181641,5.784012510720715,5.555858224254798,5.588169892271492,625524000
2018-02-14,NVDA,NVIDIA,5.9546966552734375,5.983555198711346,5.686584876006259,5.697684279601359,744988000
2018-02-15,NVDA,NVIDIA,6.079996585845947,6.126120766335566,5.957163586672766,6.037819037923263,698900000
2018-02-16,NVDA,NVIDIA,6.014387130737305,6.166325191511204,6.00526080761794,6.05286503380497,637656000
2018-02-20,NVDA,NVIDIA,6.143632888793945,6.212448907186307,6.033131890461788,6.036832005208266,686240000
2018-02-21,NVDA,NVIDIA,5.95691442489624,6.214913732284833,5.953214781651448,6.208007480652895,892292000
2018-02-22,NVDA,NVIDIA,5.976413249969482,6.0623017176335185,5.911009745796492,5.99072815149534,534364000
2018-02-23,NVDA,NVIDIA,6.069705009460449,6.069705009460449,5.985544192743181,6.036139445173265,415300000
2018-02-26,NVDA,NVIDIA,6.085749626159668,6.12030235551838,6.023554242568354,6.115859928993064,469312000
2018-02-27,NVDA,NVIDIA,6.072916030883789,6.1432557886186405,6.049962943337151,6.059094467614304,455436000
2018-02-28,NVDA,NVIDIA,5.972711086273193,6.123262569792871,5.96111097478095,6.083773609779952,523116000
2018-03-01,NVDA,NVIDIA,5.7310895919799805,6.024295425679086,5.63014571148241,5.970491547462619,1040120000
2018-03-02,NVDA,NVIDIA,5.837955474853516,5.844372679038136,5.475397090045217,5.623727620192027,913428000
2018-03-05,NVDA,NVIDIA,5.8159894943237305,5.8554784572158525,5.664697046299793,5.787853502345341,620776000
2018-03-06,NVDA,NVIDIA,5.976659774780273,5.995910913706683,5.858192893255827,5.9011371260398,636808000
2018-03-07,NVDA,NVIDIA,5.968762397766113,6.020838626112976,5.872754780872229,5.873988605003276,581208000
2018-03-08,NVDA,NVIDIA,5.9524736404418945,5.996158361625562,5.90829510712101,5.996158361625562,411912000
2018-03-09,NVDA,NVIDIA,6.054898262023926,6.067731728206355,5.983818032172269,5.999860100273098,505524000
2018-03-12,NVDA,NVIDIA,6.164234161376953,6.244199256404852,6.087971010242875,6.096115851704075,605060000
2018-03-13,NVDA,NVIDIA,6.113638401031494,6.281220077738094,6.07242179704679,6.206931239835149,619772000
2018-03-14,NVDA,NVIDIA,6.139058589935303,6.18373045941531,6.076863217447864,6.156581622197187,505496000
2018-03-15,NVDA,NVIDIA,6.153867721557617,6.234819962080704,6.111910635589565,6.15263389729927,401952000
2018-03-16,NVDA,NVIDIA,6.182004451751709,6.201008454512309,6.13264300212399,6.170157666181403,399456000
2018-03-19,NVDA,NVIDIA,5.948030471801758,6.154113456023978,5.849308070056217,6.125237453613692,713772000
2018-03-20,NVDA,NVIDIA,6.159791469573975,6.198539955665495,5.950993181224361,5.950993181224361,554696000
2018-03-21,NVDA,NVIDIA,6.134617805480957,6.219519141423582,6.104260358488814,6.15337466684124,438688000
2018-03-22,NVDA,NVIDIA,5.9690093994140625,6.117833735683708,5.931741883046754,6.071434225556255,551196000
2018-03-23,NVDA,NVIDIA,5.749846458435059,5.9850526385466,5.738740156358445,5.9825845191133915,735620000
2018-03-26,NVDA,NVIDIA,6.0339202880859375,6.035154112432693,5.822160535960724,5.873989631946145,611424000
2018-03-27,NVDA,NVIDIA,5.565974712371826,6.170156417472876,5.426035704164232,6.114624915566505,1409000000
2018-03-28,NVDA,NVIDIA,5.463056564331055,5.661488535439723,5.355695974165066,5.531668673764212,945904000
2018-03-29,NVDA,NVIDIA,5.715786933898926,5.812287906499416,5.447014712459238,5.531175558931661,916628000
2018-04-02,NVDA,NVIDIA,5.455652713775635,5.791309405666721,5.368036597236471,5.645446991905177,922092000
2018-04-03,NVDA,NVIDIA,5.561779975891113,5.685183126846311,5.463057549276087,5.6222477269872515,667432000
2018-04-04,NVDA,NVIDIA,5.583745956420898,5.594111775995737,5.281654810646992,5.306582205921579,789168000
2018-04-05,NVDA,NVIDIA,5.463797569274902,5.655072342900288,5.392470663279069,5.641991734284166,701240000
2018-04-06,NVDA,NVIDIA,5.2878241539001465,5.4692269132442615,5.258701006467194,5.3613725053149714,662988000
2018-04-09,NVDA,NVIDIA,5.31645393371582,5.478358880158885,5.296462309575235,5.350759990061053,499524000
2018-04-10,NVDA,NVIDIA,5.624961853027344,5.6518635522267235,5.489218120557853,5.546230591759072,761676000
2018-04-11,NVDA,NVIDIA,5.583745956420898,5.651370925132224,5.551167531829788,5.610154317562081,460244000
2018-04-12,NVDA,NVIDIA,5.790073394775391,5.807843565970049,5.632364243443315,5.676542765424728,593920000
2018-04-13,NVDA,NVIDIA,5.713564395904541,5.861894905603004,5.665437254136983,5.853503395477916,503036000
2018-04-16,NVDA,NVIDIA,5.713317394256592,5.746636291414428,5.619284093660845,5.720227938489726,350792000
2018-04-17,NVDA,NVIDIA,5.862637519836426,5.883862973532867,5.709864528864768,5.7653960475345265,447224000
2018-04-18,NVDA,NVIDIA,5.8337602615356445,5.904840501847748,5.744910314204756,5.812288139933234,391364000
2018-04-19,NVDA,NVIDIA,5.652850151062012,5.753053521866553,5.597565792408781,5.719734621822982,471996000
2018-04-20,NVDA,NVIDIA,5.6447062492370605,5.728373276907721,5.613608794921182,5.64421243710298,386200000
2018-04-23,NVDA,NVIDIA,5.52549934387207,5.713565522288762,5.4995847963876985,5.662476910211806,427508000
2018-04-24,NVDA,NVIDIA,5.459353446960449,5.646925747997045,5.3941966240805534,5.5511652909507125,414596000
2018-04-25,NVDA,NVIDIA,5.3473052978515625,5.468734138552372,5.190336572729784,5.42973851030669,588492000
2018-04-26,NVDA,NVIDIA,5.558572769165039,5.56671761266303,5.442820618398385,5.508717966512265,375824000
2018-04-27,NVDA,NVIDIA,5.585965633392334,5.6839480258184905,5.543761881989778,5.6642035449302055,400848000
2018-04-30,NVDA,NVIDIA,5.550673007965088,5.651863541956234,5.5314223371501665,5.602255428496605,327844000
2018-05-01,NVDA,NVIDIA,5.605957984924316,5.608672774903444,5.4840353406024684,5.542528778860917,253788000
2018-05-02,NVDA,NVIDIA,5.585473537445068,5.6469279713493705,5.559311847293387,5.602503232504488,268248000
2018-05-03,NVDA,NVIDIA,5.750339508056641,5.77650119612448,5.5721453424345535,5.61731103135347,443144000
2018-05-04,NVDA,NVIDIA,5.900151252746582,5.903359855054719,5.704434043880585,5.721710409008019,400660000
2018-05-07,NVDA,NVIDIA,6.137577056884766,6.194589515621621,5.994676139449222,6.004548614159441,687616000
2018-05-08,NVDA,NVIDIA,6.180028438568115,6.182743228106615,6.088956593850457,6.137824217780074,506616000
2018-05-09,NVDA,NVIDIA,6.312810897827148,6.31503234644177,6.172871874492293,6.200020716302519,596760000
2018-05-10,NVDA,NVIDIA,6.42017126083374,6.429302783500902,6.347856737812733,6.365626912529854,994080000
2018-05-11,NVDA,NVIDIA,6.281960487365723,6.411780841193314,6.183485203739903,6.238769573494749,1214456000
2018-05-14,NVDA,NVIDIA,6.302444934844971,6.379695702732293,6.278751837226178,6.319968440415287,523140000
2018-05-15,NVDA,NVIDIA,6.060574054718018,6.241730123647981,5.960370685970159,6.239014863309367,963528000
2018-05-16,NVDA,NVIDIA,6.071680545806885,6.133628779298271,5.985298263716982,6.022072436580242,553828000
2018-05-17,NVDA,NVIDIA,6.113638401031494,6.207177910542902,6.057366410452623,6.073408950623425,519784000
2018-05-18,NVDA,NVIDIA,6.069952487945557,6.228648809864714,6.065016250284316,6.165466756633866,483716000
2018-05-21,NVDA,NVIDIA,6.02799654006958,6.170897493173289,5.93544418491492,6.167195549605702,640624000
2018-05-22,NVDA,NVIDIA,5.989988327026367,6.066498139443173,5.929520583332928,6.041324076730589,518264000
2018-05-23,NVDA,NVIDIA,6.113219261169434,6.114454319191835,5.933186238091584,5.933927178697701,442956000
2018-05-24,NVDA,NVIDIA,6.1169257164001465,6.159156049041339,6.056421040337045,6.109517249719566,437372000
2018-05-25,NVDA,NVIDIA,6.156192302703857,6.172491588898087,6.093958921436868,6.129520786298463,292112000
2018-05-29,NVDA,NVIDIA,6.139150619506836,6.207064688405136,6.092475594627293,6.138162855583409,352684000
2018-05-30,NVDA,NVIDIA,6.2478132247924805,6.2564567487014715,6.14804199393629,6.172737978406287,390996000
2018-05-31,NVDA,NVIDIA,6.228055477142334,6.3023902412130335,6.205335495580934,6.215954545718186,493868000
2018-06-01,NVDA,NVIDIA,6.362154006958008,6.368328355355675,6.264111496720964,6.272755019233718,421968000
2018-06-04,NVDA,NVIDIA,6.540706634521484,6.562685678984376,6.364130982871786,6.396235432700494,642024000
2018-06-05,NVDA,NVIDIA,6.546139240264893,6.583677096773673,6.499216919628917,6.543916418088703,391712000
2018-06-06,NVDA,NVIDIA,6.548115253448486,6.551325839817572,6.439947320258317,6.456246604314873,371356000
2018-06-07,NVDA,NVIDIA,6.492550373077393,6.556265632617886,6.402409950818837,6.544411521299476,369448000
2018-06-08,NVDA,NVIDIA,6.477237701416016,6.519714376552882,6.401174226496955,6.4199431542446455,360456000
2018-06-11,NVDA,NVIDIA,6.436244487762451,6.5061336360878075,6.423402610528762,6.464644711657504,265372000
2018-06-12,NVDA,NVIDIA,6.484647274017334,6.496748208520087,6.4125353135309435,6.462668227507684,319160000
2018-06-13,NVDA,NVIDIA,6.4802021980285645,6.560957684380621,6.471064555678711,6.486129253737014,338208000
2018-06-14,NVDA,NVIDIA,6.591580390930176,6.64813400502718,6.510330791146676,6.525148665180622,430016000
2018-06-15,NVDA,NVIDIA,6.550830841064453,6.605655741064775,6.503661700048471,6.534531559200484,432260000
2018-06-18,NVDA,NVIDIA,6.546633720397949,6.564167591402365,6.479707880615835,6.506873039510518,356268000
2018-06-19,NVDA,NVIDIA,6.425130844116211,6.51082562715143,6.297947139695928,6.4436524821473435,594932000
2018-06-20,NVDA,NVIDIA,6.47797966003418,6.5308285712775636,6.4278467467428735,6.466125548958562,369780000
2018-06-21,NVDA,NVIDIA,6.349560737609863,6.528111926651796,6.341904977372701,6.509837114006674,359516000
2018-06-22,NVDA,NVIDIA,6.197433948516846,6.383641374257668,6.182122898633195,6.370305381508679,434160000
2018-06-25,NVDA,NVIDIA,5.905281066894531,6.094945405404896,5.816869834352608,6.09124117283232,665816000
2018-06-26,NVDA,NVIDIA,5.9761576652526855,6.066544892297276,5.9247901740667634,6.018387987069641,478884000
2018-06-27,NVDA,NVIDIA,5.821316242218018,6.085809055214943,5.815882832784347,6.019624146145529,453892000
2018-06-28,NVDA,NVIDIA,5.948250770568848,5.9601048778730945,5.8037796032328295,5.811435361240297,338012000
2018-06-29,NVDA,NVIDIA,5.850455284118652,6.025795841393051,5.849220226089044,6.013201264125445,392300000
2018-07-02,NVDA,NVIDIA,5.982333183288574,5.986037416403463,5.760563893225749,5.781061529063429,357572000
2018-07-03,NVDA,NVIDIA,5.848974227905273,6.02283339951854,5.840577527851417,6.016906344835624,222732000
2018-07-05,NVDA,NVIDIA,5.9944329261779785,5.999371745670493,5.8652732579561455,5.90404569943324,306216000
2018-07-06,NVDA,NVIDIA,6.108033657073975,6.116430356594342,5.9487450735440435,5.9699836455553665,296352000
2018-07-09,NVDA,NVIDIA,6.155449390411377,6.191752655560347,6.076916748101925,6.182121369311291,303880000
2018-07-10,NVDA,NVIDIA,6.2542338371276855,6.27621287979718,6.127543810844772,6.167798134744651,360016000
2018-07-11,NVDA,NVIDIA,6.112973213195801,6.196198329275567,6.102353691210243,6.161624236849754,367508000
2018-07-12,NVDA,NVIDIA,6.204347610473633,6.25225769246666,6.1482881230165365,6.158166704103899,345508000
2018-07-13,NVDA,NVIDIA,6.157177925109863,6.222869164633579,6.115194901271591,6.222869164633579,246988000
2018-07-16,NVDA,NVIDIA,6.129518985748291,6.182368356474084,6.1171712308488635,6.129518985748291,197036000
2018-07-17,NVDA,NVIDIA,6.265100002288818,6.280164698186903,6.054938026672778,6.080374950814118,362136000
2018-07-18,NVDA,NVIDIA,6.2159552574157715,6.271521101669961,6.165081880761804,6.257691464173221,277640000
2018-07-19,NVDA,NVIDIA,6.224105358123779,6.257692162692672,6.182122794486167,6.197187020853802,235752000
2018-07-20,NVDA,NVIDIA,6.19595193862915,6.260408131595907,6.185085592663818,6.221635686520507,222352000
2018-07-23,NVDA,NVIDIA,6.159401893615723,6.1712560036652295,6.008015873799267,6.16952729890954,301584000
2018-07-24,NVDA,NVIDIA,6.142115592956543,6.293748454452283,6.124581248990381,6.207312735120259,354620000
2018-07-25,NVDA,NVIDIA,6.220155715942383,6.232750770519087,6.093712465620676,6.15150115164814,319112000
2018-07-26,NVDA,NVIDIA,6.29349946975708,6.33029638173515,6.183356028063561,6.200149426671353,325124000
2018-07-27,NVDA,NVIDIA,6.22385835647583,6.336965582285599,6.170021212442217,6.330050762963551,295420000
2018-07-30,NVDA,NVIDIA,6.029006004333496,6.243860395869334,5.994184624303885,6.237933342437984,340340000
2018-07-31,NVDA,NVIDIA,6.047035217285156,6.121616811170615,5.97986255945442,6.018635002297088,283988000
2018-08-01,NVDA,NVIDIA,6.086794853210449,6.133470345215362,6.023079610640119,6.078398625046564,283556000
2018-08-02,NVDA,NVIDIA,6.18928337097168,6.19323442656727,5.956895074195045,6.015671029991152,269668000
2018-08-03,NVDA,NVIDIA,6.22583532333374,6.2495435499378145,6.196941452076478,6.213734386723658,214288000
2018-08-06,NVDA,NVIDIA,6.273496150970459,6.276953560080871,6.1668101149710575,6.213238314749932,207508000
2018-08-07,NVDA,NVIDIA,6.345609188079834,6.364131294951758,6.295476747349991,6.322148260940575,258132000
2018-08-08,NVDA,NVIDIA,6.381911277770996,6.426858069963295,6.312022150661158,6.346843538121106,262100000
2018-08-09,NVDA,NVIDIA,6.333507537841797,6.402408900905554,6.325851778497302,6.399692432306545,204280000
2018-08-10,NVDA,NVIDIA,6.29226541519165,6.324617157051541,6.240651098980135,6.2517642675789,256396000
2018-08-13,NVDA,NVIDIA,6.325110912322998,6.4456270643349765,6.299180342158649,6.300909046836272,375208000
2018-08-14,NVDA,NVIDIA,6.456246376037598,6.4703233082922385,6.347337505917876,6.430315804827358,466220000
2018-08-15,NVDA,NVIDIA,6.398212432861328,6.51082555467929,6.319679294214552,6.4769919237520055,591136000
2018-08-16,NVDA,NVIDIA,6.357709884643555,6.470323461195038,6.297698863546447,6.467853815635219,801260000
2018-08-17,NVDA,NVIDIA,6.046047210693359,6.247318823920055,6.019128407167273,6.2465778832406516,1143188000
2018-08-20,NVDA,NVIDIA,6.12062931060791,6.252999104098668,5.895402637841754,6.005546564285344,854388000
2018-08-21,NVDA,NVIDIA,6.255963325500488,6.260408499235665,6.117172349441379,6.1369290435151855,673988000
2018-08-22,NVDA,NVIDIA,6.490573406219482,6.495512697038599,6.219906769638315,6.223364179004357,749856000
2018-08-23,NVDA,NVIDIA,6.589851379394531,6.65504851479225,6.438218533634873,6.452048171926908,720684000
2018-08-24,NVDA,NVIDIA,6.722715377807617,6.737285957048397,6.593802986980405,6.598248160623286,531512000
2018-08-27,NVDA,NVIDIA,6.813596248626709,6.8876837319511655,6.720986658952772,6.752350168671855,505776000
2018-08-28,NVDA,NVIDIA,6.776058673858643,6.830389936878084,6.656283448787694,6.80766947918854,475384000
2018-08-29,NVDA,NVIDIA,6.881321430206299,6.906277884162088,6.74764347805968,6.768399284760206,420108000
2018-08-30,NVDA,NVIDIA,6.864517688751221,6.9611316168136,6.827700645349097,6.85018609883308,346608000
2018-08-31,NVDA,NVIDIA,6.9354352951049805,6.948284195725953,6.834620699065216,6.844504686294171,306592000
2018-09-04,NVDA,NVIDIA,7.010056972503662,7.047614894699558,6.893922491121525,6.922338244505937,391720000
2018-09-05,NVDA,NVIDIA,6.87959098815918,7.027847484011077,6.798791332238802,6.992513128349579,393156000
2018-09-06,NVDA,NVIDIA,6.738748073577881,6.865754387009713,6.705884711613528,6.86328339021093,322796000
2018-09-07,NVDA,NVIDIA,6.7174973487854,6.842773992926049,6.602104219073162,6.646828170491714,295420000
2018-09-10,NVDA,NVIDIA,6.788412570953369,6.8180640548919795,6.696246719446564,6.739982363697045,220140000
2018-09-11,NVDA,NVIDIA,6.740724563598633,6.829678084094086,6.721450978773439,6.742206784512565,243112000
2018-09-12,NVDA,NVIDIA,6.627060890197754,6.720462484681511,6.47188579678032,6.70094194213746,419092000
2018-09-13,NVDA,NVIDIA,6.704647541046143,6.795083735934499,6.675490446929424,6.692786948304712,305536000
2018-09-14,NVDA,NVIDIA,6.830418109893799,6.896392244879373,6.758019762071219,6.794836802832286,386936000
2018-09-17,NVDA,NVIDIA,6.7686448097229,6.853892528183023,6.749371699380639,6.804967935051517,205528000
2018-09-18,NVDA,NVIDIA,6.696741104125977,6.875142994119169,6.6900699321559305,6.772599233888098,299520000
2018-09-19,NVDA,NVIDIA,6.720462799072266,6.738253692019162,6.628296934180421,6.678209840706,224860000
2018-09-20,NVDA,NVIDIA,6.57961893081665,6.640898041448498,6.525752338370183,6.5986450853909,430584000
2018-09-21,NVDA,NVIDIA,6.509689807891846,6.636943509979191,6.476579498285706,6.591478220353052,435128000
2018-09-24,NVDA,NVIDIA,6.5652875900268555,6.56874689099045,6.39182768271744,6.478804594642573,293912000
2018-09-25,NVDA,NVIDIA,6.63224983215332,6.657206284213501,6.54576683950899,6.63126152780852,280388000
2018-09-26,NVDA,NVIDIA,6.595431327819824,6.67746669713608,6.579617519208982,6.637190358396318,268548000
2018-09-27,NVDA,NVIDIA,6.607293128967285,6.651770121853596,6.575912464211404,6.630519929717678,214428000
2018-09-28,NVDA,NVIDIA,6.943835258483887,6.966073755699648,6.711072855092552,6.7389946913903485,709396000
2018-10-01,NVDA,NVIDIA,7.149911880493164,7.216626899443846,6.982876196623898,7.021422892901421,622060000
2018-10-02,NVDA,NVIDIA,7.078747272491455,7.233921857468526,7.05650878049527,7.122482910578049,383964000
2018-10-03,NVDA,NVIDIA,7.084926128387451,7.156336182864405,6.981146632707836,7.1489231934250075,320552000
2018-10-04,NVDA,NVIDIA,6.901087760925293,7.073064954441898,6.824241331969578,7.04884985073549,391220000
2018-10-05,NVDA,NVIDIA,6.668076992034912,6.938397724898845,6.610751111992329,6.876377282509042,426636000
2018-10-08,NVDA,NVIDIA,6.567016124725342,6.7001996604893135,6.4264196004584395,6.585053972584242,408612000
2018-10-09,NVDA,NVIDIA,6.561334609985352,6.640898535027553,6.4936308091801305,6.54650862992388,273500000
2018-10-10,NVDA,NVIDIA,6.070852279663086,6.501290152029572,6.06862824147266,6.455577424705536,684940000
2018-10-11,NVDA,NVIDIA,5.809920310974121,6.117058105975861,5.788423163183892,5.983874101671465,725436000
2018-10-12,NVDA,NVIDIA,6.091856002807617,6.165984494013389,5.921608421047994,6.066405630853146,608236000
2018-10-15,NVDA,NVIDIA,5.816098690032959,6.0785125900340375,5.815110385654136,6.0785125900340375,449760000
2018-10-16,NVDA,NVIDIA,6.07431173324585,6.085430981888948,5.879354680244968,5.928526238278297,408712000
2018-10-17,NVDA,NVIDIA,6.005866050720215,6.174384415634932,5.956941455350333,6.136331638373234,329668000
2018-10-18,NVDA,NVIDIA,5.918642997741699,6.113353117005261,5.858352183471174,6.075053844528361,524020000
2018-10-19,NVDA,NVIDIA,5.662652969360352,5.993264568527614,5.626330310891647,5.973744497573199,613608000
2018-10-22,NVDA,NVIDIA,5.713305950164795,5.814614426683505,5.6107622113299325,5.714788641979605,368844000
2018-10-23,NVDA,NVIDIA,5.462261199951172,5.539601568434967,5.354774950675568,5.446693871634709,626436000
2018-10-24,NVDA,NVIDIA,4.927300930023193,5.470413473372287,4.913463727809758,5.423959874143082,884288000
2018-10-25,NVDA,NVIDIA,5.1356024742126465,5.182797430693014,4.78571723338367,4.829947276381597,951720000
2018-10-26,NVDA,NVIDIA,4.899626731872559,5.061472989970796,4.771879092966843,4.900120648375631,664784000
2018-10-29,NVDA,NVIDIA,4.586557865142822,5.043928714885317,4.349100475165617,5.040469414744137,758016000
2018-10-30,NVDA,NVIDIA,5.0160064697265625,5.025890452909865,4.586557486109234,4.609537322845577,807192000
2018-10-31,NVDA,NVIDIA,5.209481716156006,5.252970397757551,5.040963369508959,5.180324622945915,745772000
2018-11-01,NVDA,NVIDIA,5.389368534088135,5.398758134390974,5.119541593658367,5.2458065741700315,566528000
2018-11-02,NVDA,NVIDIA,5.310545444488525,5.485488076428322,5.194163981511518,5.379978906192128,452960000
2018-11-05,NVDA,NVIDIA,5.2327094078063965,5.320675090197485,5.072345367733753,5.297447817908284,379332000
2018-11-06,NVDA,NVIDIA,5.215165138244629,5.308813673785275,5.178100668658767,5.224801692967457,299012000
2018-11-07,NVDA,NVIDIA,5.282621383666992,5.372069271192832,5.218129943136577,5.281633079522762,483812000
2018-11-08,NVDA,NVIDIA,5.089890003204346,5.22430883483312,5.036517321039978,5.223567488669031,511352000
2018-11-09,NVDA,NVIDIA,5.081981658935547,5.172170903514571,4.967577310306825,5.001182011826007,413240000
2018-11-12,NVDA,NVIDIA,4.683419704437256,5.012796045461431,4.661675123678761,4.990804506440388,617116000
2018-11-13,NVDA,NVIDIA,4.924830913543701,5.045906928294173,4.774844754820169,4.781022482432553,644712000
2018-11-14,NVDA,NVIDIA,4.872446537017822,5.111880588345112,4.764713821045786,5.097548996886233,526580000
2018-11-15,NVDA,NVIDIA,5.000936031341553,5.072840482820242,4.830687981095732,4.866516727689467,840708000
2018-11-16,NVDA,NVIDIA,4.062966346740723,4.216905690296646,3.9932854776721305,4.03553890097599,1963520000
2018-11-19,NVDA,NVIDIA,3.5754504203796387,3.9984751069736695,3.5737207698359827,3.997734232135896,1697820000
2018-11-20,NVDA,NVIDIA,3.6836764812469482,3.811671056338729,3.2940094181054382,3.31254141660486,1692032000
2018-11-21,NVDA,NVIDIA,3.5756962299346924,3.837368708403943,3.5485159821738197,3.8205663605710147,1025496000
2018-11-23,NVDA,NVIDIA,3.58286190032959,3.696277921030836,3.528254212841634,3.5411031082090503,411968000
2018-11-26,NVDA,NVIDIA,3.781773567199707,3.79215146946641,3.621409527282587,3.703691870649483,814832000
2018-11-27,NVDA,NVIDIA,3.7985763549804688,3.8796232094339067,3.7200004972496443,3.7558290071386753,738060000
2018-11-28,NVDA,NVIDIA,3.9552338123321533,3.9604227639223866,3.7837505089883026,3.9159457666950055,804524000
2018-11-29,NVDA,NVIDIA,3.8921616077423096,3.9945607674433043,3.8619860418629024,3.9574596773216055,549172000
2018-11-30,NVDA,NVIDIA,4.042297840118408,4.052933331893238,3.8515975377799516,3.901807824656327,729564000
2018-12-03,NVDA,NVIDIA,4.205790042877197,4.320556542831907,4.13900780009926,4.269109523663654,890804000
2018-12-04,NVDA,NVIDIA,3.8859777450561523,4.166215184297463,3.870889727888633,4.161268247019662,812112000
2018-12-06,NVDA,NVIDIA,3.9151642322540283,3.9201109339239735,3.7301529664919557,3.7457353951942864,692308000
2018-12-07,NVDA,NVIDIA,3.651003360748291,3.929509650956116,3.60178260931714,3.919368571213714,681676000
2018-12-10,NVDA,NVIDIA,3.7561235427856445,3.780857757874147,3.602524581310887,3.6062347843390494,629472000
2018-12-11,NVDA,NVIDIA,3.6653499603271484,3.8558025958132554,3.5864480429952077,3.8476403366369505,671912000
2018-12-12,NVDA,NVIDIA,3.6829113960266113,3.778879688485228,3.5819961652117036,3.671038932677915,654136000
2018-12-13,NVDA,NVIDIA,3.682663917541504,3.7937202293347596,3.646799558352823,3.7296588879193635,471384000
2018-12-14,NVDA,NVIDIA,3.622312545776367,3.724711708916402,3.5988150621058814,3.6411102968297695,471820000
2018-12-17,NVDA,NVIDIA,3.551325798034668,3.664360700276235,3.4934478916569276,3.5923845381901693,662868000
2018-12-18,NVDA,NVIDIA,3.634432077407837,3.7182806917217994,3.56789727363225,3.595104723890123,564372000
2018-12-19,NVDA,NVIDIA,3.4259228706359863,3.654218877998292,3.374475856483022,3.6007930418075422,745364000
2018-12-20,NVDA,NVIDIA,3.3415799140930176,3.5072985491377735,3.281970637111503,3.417513707699646,749588000
2018-12-21,NVDA,NVIDIA,3.204800605773926,3.4009422769050137,3.177345711205671,3.368045797324086,863740000
2018-12-24,NVDA,NVIDIA,3.143211841583252,3.2149407761930386,3.0793977230356346,3.1286187078137417,463840000
2018-12-26,NVDA,NVIDIA,3.29211163520813,3.2931009283476196,3.078408748802953,3.1892176004464607,695100000
2018-12-27,NVDA,NVIDIA,3.244375228881836,3.2743035931787516,3.0962178191669945,3.23992317298767,637044000
2018-12-28,NVDA,NVIDIA,3.305715560913086,3.3982213190004913,3.2231036787085117,3.2649042664283434,628728000
2018-12-31,NVDA,NVIDIA,3.3020050525665283,3.381401364929753,3.27133460847185,3.348999775898672,465140000
2019-01-02,NVDA,NVIDIA,3.369281530380249,3.4251805962181145,3.2166721129482947,3.2312652465181846,508752000
2019-01-03,NVDA,NVIDIA,3.1657204627990723,3.3430641329189377,3.158300291681756,3.3091783624431126,705552000
2019-01-04,NVDA,NVIDIA,3.3685402870178223,3.4066306700153226,3.208015788753287,3.2386860009683236,585620000
2019-01-07,NVDA,NVIDIA,3.5468733310699463,3.5837272164281666,3.374476366534186,3.425676183098107,709160000
2019-01-08,NVDA,NVIDIA,3.4585723876953125,3.6304747038239435,3.3861013522102255,3.6282484402620594,786016000
2019-01-09,NVDA,NVIDIA,3.5265908241271973,3.5738329882410813,3.4593139422259735,3.509771426739684,617260000
2019-01-10,NVDA,NVIDIA,3.592137098312378,3.600794004762269,3.4469478035821823,3.507299179220437,523156000
2019-01-11,NVDA,NVIDIA,3.6811797618865967,3.703935157819665,3.5421739172799653,3.5698760153464897,874764000
2019-01-14,NVDA,NVIDIA,3.7210006713867188,3.74622953052103,3.605492337179015,3.6289898155826834,730168000
2019-01-15,NVDA,NVIDIA,3.7069027423858643,3.792977375770266,3.6885994045834214,3.753650026175904,617012000
2019-01-16,NVDA,NVIDIA,3.681426763534546,3.7670067578894963,3.675985415077157,3.734110518255913,470104000
2019-01-17,NVDA,NVIDIA,3.7526602745056152,3.792482265788051,3.6213220771598316,3.648529757261722,493436000
2019-01-18,NVDA,NVIDIA,3.881526231765747,3.9074971859100516,3.7509300807763277,3.8023771065316745,651336000
2019-01-22,NVDA,NVIDIA,3.6796958446502686,3.862975759495493,3.6495202754554987,3.851350737399705,661552000
2019-01-23,NVDA,NVIDIA,3.6925573348999023,3.8234009202373347,3.6613924746342406,3.734852805681426,591020000
2019-01-24,NVDA,NVIDIA,3.904033899307251,3.9215949145072884,3.772201031450973,3.7769005278220016,708972000
2019-01-25,NVDA,NVIDIA,3.961169719696045,3.979225618492817,3.7422729064266735,3.8446720680636832,1154572000
2019-01-28,NVDA,NVIDIA,3.413555860519409,3.5033406966245266,3.240169859925918,3.377444067456263,2511528000
2019-01-29,NVDA,NVIDIA,3.2550103664398193,3.4157822984496677,3.240417230914424,3.3675506009052305,1153932000
2019-01-30,NVDA,NVIDIA,3.3982205390930176,3.4125662312413483,3.25154711797746,3.3309436610046244,974228000
2019-01-31,NVDA,NVIDIA,3.555530548095703,3.5911477020999882,3.3732399276667784,3.3950060317480086,842852000
2019-02-01,NVDA,NVIDIA,3.5797693729400635,3.6307217454259466,3.526591208758648,3.5740805833765674,625048000
2019-02-04,NVDA,NVIDIA,3.6898369789123535,3.726938073634638,3.5735865204285835,3.5955998303402588,528592000
2019-02-05,NVDA,NVIDIA,3.708881139755249,3.745487577613269,3.6680698525763553,3.701708175377461,542424000
2019-02-06,NVDA,NVIDIA,3.784320831298828,3.848629607118048,3.7365840139771294,3.742025362473618,702464000
2019-02-07,NVDA,NVIDIA,3.6463046073913574,3.7402943105003184,3.6035147240832255,3.738068282657456,637120000
2019-02-08,NVDA,NVIDIA,3.664855718612671,3.675491212136433,3.564929775035581,3.5792754725523186,461604000
2019-02-11,NVDA,NVIDIA,3.622312545776367,3.6749960672125797,3.57408084393874,3.6208283700271857,495180000
2019-02-12,NVDA,NVIDIA,3.7390568256378174,3.754639489176909,3.6463038756947745,3.6606498049286715,591060000
2019-02-13,NVDA,NVIDIA,3.7813527584075928,3.8543184402777513,3.7548871599384235,3.7684910030988537,605372000
2019-02-14,NVDA,NVIDIA,3.8221638202667236,3.850360798091592,3.7373256814451947,3.7803632359891957,827264000
2019-02-15,NVDA,NVIDIA,3.8916666507720947,4.053180194895898,3.8689112575551996,4.030425037561962,1516748000
2019-02-19,NVDA,NVIDIA,3.8743531703948975,3.9547392641031758,3.8619862967933107,3.881031489716789,551892000
2019-02-20,NVDA,NVIDIA,3.921595811843872,3.988625274894047,3.892409769654639,3.9035399100454784,540988000
2019-02-21,NVDA,NVIDIA,3.852834463119507,3.958696390685526,3.8382413259934585,3.9342098491476727,448548000
2019-02-22,NVDA,NVIDIA,3.937424659729004,3.9562226446169366,3.8909245799602954,3.9045284220580823,401740000
2019-02-25,NVDA,NVIDIA,3.9250576496124268,4.0880553642867286,3.916400509384179,4.020778715727318,656020000
2019-02-26,NVDA,NVIDIA,3.885730028152466,3.9762569453200745,3.85233891154522,3.920357878991418,488464000
2019-02-27,NVDA,NVIDIA,3.843930244445801,3.8978504999850783,3.7870416374298284,3.871385136775386,500256000
2019-02-28,NVDA,NVIDIA,3.819417953491211,3.8600238468726964,3.797134499315095,3.8377401565705016,324944000
2019-03-01,NVDA,NVIDIA,3.873641014099121,3.915732132953226,3.810999137927046,3.8691841351638128,357188000
2019-03-04,NVDA,NVIDIA,3.881812810897827,3.934798328205995,3.8253607262436797,3.91201947899277,409992000
2019-03-05,NVDA,NVIDIA,3.8753745555877686,3.913504191633946,3.81198982074945,3.8662133367413505,362924000
2019-03-06,NVDA,NVIDIA,3.7646994590759277,3.8748796707694346,3.761975980751839,3.8664615395285744,403524000
2019-03-07,NVDA,NVIDIA,3.695619821548462,3.7508338899849236,3.6495669725600584,3.741177514158119,450104000
2019-03-08,NVDA,NVIDIA,3.729787826538086,3.740434514030447,3.585191553100891,3.6064849280856133,422416000
2019-03-11,NVDA,NVIDIA,3.98976469039917,4.012543303389181,3.7062669675473696,3.753310371225273,859728000
2019-03-12,NVDA,NVIDIA,4.023932456970215,4.070232528479802,3.941482665201958,4.017494715873952,579576000
2019-03-13,NVDA,NVIDIA,4.174964904785156,4.204181249254392,4.053890344509894,4.061318396786696,768900000
2019-03-14,NVDA,NVIDIA,4.099201202392578,4.196011468076578,4.091525688857443,4.184126771489781,519384000
2019-03-15,NVDA,NVIDIA,4.204429626464844,4.247015902836144,4.138816338373653,4.142282668685876,661484000
2019-03-18,NVDA,NVIDIA,4.183136463165283,4.289602867842203,4.156148199585518,4.235874273040399,486992000
2019-03-19,NVDA,NVIDIA,4.350512981414795,4.394832916479597,4.2606358102252875,4.277472077433915,854972000
2019-03-20,NVDA,NVIDIA,4.318077087402344,4.432713945030418,4.2834133044747515,4.379480733777656,719148000
2019-03-21,NVDA,NVIDIA,4.554282188415527,4.580527596465815,4.336150380188734,4.341102415255136,824312000
2019-03-22,NVDA,NVIDIA,4.394831657409668,4.575576733359796,4.3809663334740065,4.527048099584981,747644000
2019-03-25,NVDA,NVIDIA,4.3027262687683105,4.418353444907615,4.236618042843589,4.354226317013071,525212000
2019-03-26,NVDA,NVIDIA,4.379232883453369,4.500059539757855,4.32302826643485,4.4441028551164905,703508000
2019-03-27,NVDA,NVIDIA,4.370071887969971,4.451035744697865,4.300745269243785,4.404735669585235,474372000
2019-03-28,NVDA,NVIDIA,4.388642311096191,4.4542551465713105,4.33565655567904,4.396069894129766,480264000
2019-03-29,NVDA,NVIDIA,4.445835590362549,4.470100375577985,4.404982477837846,4.455244268976183,456896000
2019-04-01,NVDA,NVIDIA,4.513183116912842,4.54338978523563,4.465892252519744,4.537447435634991,483824000
2019-04-02,NVDA,NVIDIA,4.531008720397949,4.575328636598835,4.494364790024457,4.537199001081195,440920000
2019-04-03,NVDA,NVIDIA,4.670157432556152,4.72908551863376,4.575575731628518,4.580527766879157,783504000
2019-04-04,NVDA,NVIDIA,4.661246299743652,4.703585134511389,4.598604394422397,4.654808556494081,457376000
2019-04-05,NVDA,NVIDIA,4.727847099304199,4.745179222042119,4.66792917508908,4.704325641109393,481744000
2019-04-08,NVDA,NVIDIA,4.748644828796387,4.773651988152753,4.673375418435216,4.697392265379249,424192000
2019-04-09,NVDA,NVIDIA,4.686004161834717,4.726362354526328,4.64391280391559,4.715220510599144,439972000
2019-04-10,NVDA,NVIDIA,4.756321907043457,4.782071929810852,4.680805476521032,4.685262120413046,444772000
2019-04-11,NVDA,NVIDIA,4.74245548248291,4.790241725729068,4.693184006452142,4.758796821130248,374600000
2019-04-12,NVDA,NVIDIA,4.7045745849609375,4.785043527312434,4.695908756984894,4.781081803558154,471708000
2019-04-15,NVDA,NVIDIA,4.573101043701172,4.701851164141336,4.5334856946814615,4.696899127450819,440092000
2019-04-16,NVDA,NVIDIA,4.660006999969482,4.678824360554035,4.579538533320794,4.612221218072452,394964000
2019-04-17,NVDA,NVIDIA,4.637227535247803,4.715715361796158,4.614943847719535,4.694917379370334,351004000
2019-04-18,NVDA,NVIDIA,4.612716197967529,4.677834108167068,4.58498554927499,4.6439136499988285,380988000
2019-04-22,NVDA,NVIDIA,4.666444301605225,4.682042789821907,4.557749804332199,4.58919424088744,279936000
2019-04-23,NVDA,NVIDIA,4.720914363861084,4.752111806490425,4.669909725779664,4.679565863431866,346856000
2019-04-24,NVDA,NVIDIA,4.733295440673828,4.773901097116765,4.670653554500126,4.731314342912897,318204000
2019-04-25,NVDA,NVIDIA,4.627820014953613,4.7154690819013725,4.548341855862243,4.69318538879586,499296000
2019-04-26,NVDA,NVIDIA,4.409439563751221,4.478766651432413,4.290840992639793,4.47430953565299,868988000
2019-04-29,NVDA,NVIDIA,4.440141677856445,4.467872324386639,4.3453120284149875,4.41736259516939,391920000
2019-04-30,NVDA,NVIDIA,4.4814910888671875,4.506993182607988,4.388889978719763,4.407954802043703,362920000
2019-05-01,NVDA,NVIDIA,4.468368053436279,4.575824789086137,4.468120121036333,4.533733423610305,354280000
2019-05-02,NVDA,NVIDIA,4.535712718963623,4.577308679691578,4.4349412148771705,4.478022880560282,394684000
2019-05-03,NVDA,NVIDIA,4.5312581062316895,4.55403672190538,4.469853977933064,4.5441331196892465,336824000
2019-05-06,NVDA,NVIDIA,4.453017234802246,4.465149394147996,4.308173230879485,4.345312561647405,422176000
2019-05-07,NVDA,NVIDIA,4.286137104034424,4.404735681096283,4.23810339107594,4.404735681096283,555220000
2019-05-08,NVDA,NVIDIA,4.306192398071289,4.386165945195903,4.246769377249044,4.258654075863931,419168000
2019-05-09,NVDA,NVIDIA,4.213838577270508,4.247016653445677,4.095240473162634,4.237360513333889,660248000
2019-05-10,NVDA,NVIDIA,4.179917335510254,4.248501560713589,4.060575928905058,4.183136205693592,569500000
2019-05-13,NVDA,NVIDIA,3.923161029815674,4.071223656609961,3.9073148442360175,4.048197112847471,656912000
2019-05-14,NVDA,NVIDIA,4.012046813964844,4.047205504831226,3.9241500867988903,3.9627748713886772,524880000
2019-05-15,NVDA,NVIDIA,3.951138734817505,3.987535203998536,3.8974103775194577,3.956585690514067,502320000
2019-05-16,NVDA,NVIDIA,3.966242551803589,4.008829309242451,3.9033534368531897,3.9456922618955095,781088000
2019-05-17,NVDA,NVIDIA,3.875622272491455,4.053396399499504,3.8362546249082308,3.9243988357806634,1022068000
2019-05-20,NVDA,NVIDIA,3.7572717666625977,3.8320458181462445,3.7325120562685843,3.7770794405273693,572064000
2019-05-21,NVDA,NVIDIA,3.8392257690429688,3.8550719546521734,3.779307593697431,3.8179326268462255,361848000
2019-05-22,NVDA,NVIDIA,3.7684125900268555,3.8265975866981727,3.7575182070695625,3.8006001103533396,325868000
2019-05-23,NVDA,NVIDIA,3.6475863456726074,3.70626650873821,3.587915633723811,3.70626650873821,591844000
2019-05-24,NVDA,NVIDIA,3.593857765197754,3.701561945118981,3.587172564176269,3.666403246980488,357584000
2019-05-28,NVDA,NVIDIA,3.548795461654663,3.644120030658878,3.5468146000057823,3.6114373482718416,428356000
2019-05-29,NVDA,NVIDIA,3.474764585494995,3.5361682325482295,3.440101038310798,3.501257225214244,559800000
2019-05-30,NVDA,NVIDIA,3.4482414722442627,3.5136814493654405,3.4100680734583735,3.4779868948997428,394300000
2019-05-31,NVDA,NVIDIA,3.3577651977539062,3.4665839936190226,3.356030054188708,3.3994088797142488,389720000
2019-06-03,NVDA,NVIDIA,3.316122055053711,3.407589187225042,3.2868723543429175,3.3689200673298636,478644000
2019-06-04,NVDA,NVIDIA,3.544665575027466,3.5498710052064095,3.3580128434275585,3.380073986051971,641836000
2019-06-05,NVDA,NVIDIA,3.502031087875366,3.6237395991365746,3.465840812619028,3.618286189030962,511616000
2019-06-06,NVDA,NVIDIA,3.5640010833740234,3.588541076371301,3.5037665336174677,3.506245378096939,408140000
2019-06-07,NVDA,NVIDIA,3.606635093688965,3.640842238561928,3.550862292227501,3.5699491051075927,348856000
2019-06-10,NVDA,NVIDIA,3.6792638301849365,3.7476783604791355,3.662655860005159,3.662655860005159,402780000
2019-06-11,NVDA,NVIDIA,3.736771821975708,3.7766803600690517,3.69735924180774,3.739002687057581,383872000
2019-06-12,NVDA,NVIDIA,3.6239867210388184,3.6995898034274575,3.6088661518402025,3.693392693824379,358892000
2019-06-13,NVDA,NVIDIA,3.6750500202178955,3.693392898309219,3.628448651725786,3.6460480657400254,308080000
2019-06-14,NVDA,NVIDIA,3.585317850112915,3.6063875513942576,3.540699839937277,3.5820955420182883,394428000
2019-06-17,NVDA,NVIDIA,3.5949857234954834,3.6319197003710673,3.5607783335531873,3.583583181382849,276040000
2019-06-18,NVDA,NVIDIA,3.7895703315734863,3.8448471865550116,3.6453049548652916,3.6562115384735345,581920000
2019-06-19,NVDA,NVIDIA,3.7955198287963867,3.83617183775806,3.769492434784261,3.8247695314867194,331644000
2019-06-20,NVDA,NVIDIA,3.8198113441467285,3.899876165789767,3.8054344736815104,3.885995016872234,350168000
2019-06-21,NVDA,NVIDIA,3.761808156967163,3.854019232295706,3.7553633032182763,3.804939246760864,434428000
2019-06-24,NVDA,NVIDIA,3.7841174602508545,3.81361514330248,3.7360289157040576,3.7831260169804968,282948000
2019-06-25,NVDA,NVIDIA,3.7548673152923584,3.863934099675752,3.7521407284212343,3.789074704454762,311868000
2019-06-26,NVDA,NVIDIA,3.9477169513702393,4.008695433176677,3.8691395262178023,3.8820292327860177,584072000
2019-06-27,NVDA,NVIDIA,4.046124458312988,4.065211037122441,3.9972922241704474,4.033234753133843,445440000
2019-06-28,NVDA,NVIDIA,4.070912837982178,4.099171095213199,4.024311700565911,4.089999418724976,397668000
2019-07-01,NVDA,NVIDIA,4.119001865386963,4.31185152757884,4.081571927225259,4.277644134618608,709756000
2019-07-02,NVDA,NVIDIA,4.021337985992432,4.123464222346626,4.008200533365554,4.102394276821135,400228000
2019-07-03,NVDA,NVIDIA,4.034224987030029,4.050337231872541,3.974486424496334,4.044635845078449,246636000
2019-07-05,NVDA,NVIDIA,3.9717612266540527,3.9804369447260943,3.908551883224979,3.9759752144020695,396552000
2019-07-08,NVDA,NVIDIA,3.8969013690948486,3.931108754208727,3.866908207875438,3.9122699181399576,329788000
2019-07-09,NVDA,NVIDIA,3.8993797302246094,3.9273900019023364,3.8421197650291004,3.854761489564794,342860000
2019-07-10,NVDA,NVIDIA,3.9675471782684326,4.0248069166687825,3.9288780613992538,3.942759210102369,452076000
2019-07-11,NVDA,NVIDIA,4.121728420257568,4.162380430510887,4.003242204498823,4.0404239269596784,682560000
2019-07-12,NVDA,NVIDIA,4.1546950340271,4.22558864483207,4.149489603741981,4.149489603741981,506392000
2019-07-15,NVDA,NVIDIA,4.146267414093018,4.191877105022038,4.118009631723078,4.175765327689639,289840000
2019-07-16,NVDA,NVIDIA,4.141557693481445,4.168576288590352,4.08603262955534,4.131394575199453,341444000
2019-07-17,NVDA,NVIDIA,4.206750392913818,4.213690967589586,4.114043605126142,4.143293304914357,348204000
2019-07-18,NVDA,NVIDIA,4.218400478363037,4.281113866380775,4.160644778812667,4.2171612926417925,442192000
2019-07-19,NVDA,NVIDIA,4.175268650054932,4.2630177296338445,4.1693195198469475,4.256573114369994,344896000
2019-07-22,NVDA,NVIDIA,4.246657848358154,4.259547552006564,4.189149903404396,4.196586434552319,315940000
2019-07-23,NVDA,NVIDIA,4.354237079620361,4.356219965418641,4.270206029436413,4.285822791668884,428176000
2019-07-24,NVDA,NVIDIA,4.428601264953613,4.434302653600209,4.321517848638418,4.397368680660208,366236000
2019-07-25,NVDA,NVIDIA,4.297720909118652,4.399847100226015,4.274420344431656,4.38720513851172,392700000
2019-07-26,NVDA,NVIDIA,4.339613437652588,4.386214576385118,4.324740844455043,4.324740844455043,274160000
2019-07-29,NVDA,NVIDIA,4.33341646194458,4.349528713326907,4.245419617794768,4.332425018793409,248160000
2019-07-30,NVDA,NVIDIA,4.349032402038574,4.36117840703827,4.2726856121064625,4.287062718608438,197772000
2019-07-31,NVDA,NVIDIA,4.182210445404053,4.318544049392739,4.140071036577182,4.317552133408954,359416000
2019-08-01,NVDA,NVIDIA,4.088016986846924,4.282849534099801,4.035962197152709,4.192621578676747,421212000
2019-08-02,NVDA,NVIDIA,3.9955568313598633,4.064715298397819,3.9482122375311666,3.9955568313598633,428348000
2019-08-05,NVDA,NVIDIA,3.7377636432647705,3.8136144773001788,3.690914529185375,3.812375055230867,589156000
2019-08-06,NVDA,NVIDIA,3.7764320373535156,3.857736270728806,3.7288394652871135,3.812374563541211,361272000
2019-08-07,NVDA,NVIDIA,3.8146064281463623,3.826504692479021,3.6983513174803138,3.7157027559690916,372560000
2019-08-08,NVDA,NVIDIA,3.922928810119629,3.9241682321295746,3.8148537166454655,3.872113689689733,309300000
2019-08-09,NVDA,NVIDIA,3.8217949867248535,3.8854998239839995,3.7714755786567715,3.88202953628245,341816000
2019-08-12,NVDA,NVIDIA,3.754124402999878,3.821795254313785,3.732310995637398,3.769740698750248,279200000
2019-08-13,NVDA,NVIDIA,3.868147611618042,3.914005282382582,3.7137193575650134,3.752636217495231,351956000
2019-08-14,NVDA,NVIDIA,3.7199161052703857,3.7913052062117063,3.6762895375376137,3.7801506444149013,419880000
2019-08-15,NVDA,NVIDIA,3.687692165374756,3.7585855510051993,3.6534850128874288,3.738755269714888,477200000
2019-08-16,NVDA,NVIDIA,3.955153465270996,4.004233210635845,3.888721810046788,3.9499480341505486,1007960000
2019-08-19,NVDA,NVIDIA,4.233273983001709,4.24913849495694,4.052074827439502,4.068187082034116,815112000
2019-08-20,NVDA,NVIDIA,4.161140441894531,4.228315555656023,4.140070503796948,4.2278195977279545,463188000
2019-08-21,NVDA,NVIDIA,4.244427680969238,4.29945679431367,4.205510818927859,4.22707624393112,427244000
2019-08-22,NVDA,NVIDIA,4.250624656677246,4.296482089527698,4.2114595826774135,4.2540949437817,303488000
2019-08-23,NVDA,NVIDIA,4.026541709899902,4.2285629946070005,4.006711431650754,4.1742775901702895,568056000
2019-08-26,NVDA,NVIDIA,4.101154327392578,4.129164844397191,4.0629811626875,4.105120573103637,318208000
2019-08-27,NVDA,NVIDIA,4.010679244995117,4.142054712480044,3.981429537678718,4.139328124982975,290968000
2019-08-28,NVDA,NVIDIA,4.000256538391113,4.052858819281227,3.945172959795155,3.9843768009846867,255612000
2019-08-29,NVDA,NVIDIA,4.143673896789551,4.17592983118858,4.088093850840398,4.091567574133514,357976000
2019-08-30,NVDA,NVIDIA,4.156328201293945,4.239450051656817,4.1382151466474975,4.189825023984117,290616000
2019-09-03,NVDA,NVIDIA,4.073454856872559,4.11662841372322,4.050627665708474,4.083628039715847,296140000
2019-09-04,NVDA,NVIDIA,4.187342166900635,4.194786060258999,4.133995447646927,4.133995447646927,227728000
2019-09-05,NVDA,NVIDIA,4.459782600402832,4.465985607967333,4.287584422300351,4.289321283348777,695676000
2019-09-06,NVDA,NVIDIA,4.432736396789551,4.493278540364988,4.394773444856032,4.436458106348805,376976000
2019-09-09,NVDA,NVIDIA,4.478641033172607,4.564988610694491,4.4622648419069675,4.463753715638196,417524000
2019-09-10,NVDA,NVIDIA,4.545137882232666,4.571686777215572,4.436211123418617,4.445887854419998,352812000
2019-09-11,NVDA,NVIDIA,4.573672294616699,4.621808437111051,4.530746736211372,4.559777403712635,361512000
2019-09-12,NVDA,NVIDIA,4.572183132171631,4.6746584193729,4.564243262622348,4.620071283804986,327840000
2019-09-13,NVDA,NVIDIA,4.514370441436768,4.542656671511425,4.470700447290319,4.5056861348251465,324592000
2019-09-16,NVDA,NVIDIA,4.471444606781006,4.505933843259826,4.429015500929482,4.439436668217253,231832000
2019-09-17,NVDA,NVIDIA,4.492784023284912,4.497002183008955,4.43174541109952,4.478144694804736,223048000
2019-09-18,NVDA,NVIDIA,4.465738296508789,4.501468424353486,4.3793911974396655,4.485836670893654,258152000
2019-09-19,NVDA,NVIDIA,4.390307903289795,4.4900538978931825,4.379638275420076,4.4716923888184725,245476000
2019-09-20,NVDA,NVIDIA,4.284855842590332,4.412888093082189,4.274683134549825,4.389316468547482,350244000
2019-09-23,NVDA,NVIDIA,4.338201522827148,4.383608372625145,4.281381081944904,4.2851032652130385,249712000
2019-09-24,NVDA,NVIDIA,4.280885219573975,4.3989922511248905,4.245403559873673,4.369465611551954,317268000
2019-09-25,NVDA,NVIDIA,4.422316074371338,4.441917996754072,4.2357265399009565,4.280388956161692,308432000
2019-09-26,NVDA,NVIDIA,4.400233745574951,4.421324545641973,4.349368310807681,4.41264023774946,234564000
2019-09-27,NVDA,NVIDIA,4.261781215667725,4.40916694978113,4.201238569050939,4.358549497883577,362056000
2019-09-30,NVDA,NVIDIA,4.319096088409424,4.329269267332629,4.256320627008765,4.287584600438513,186184000
2019-10-01,NVDA,NVIDIA,4.317359924316406,4.491047010934916,4.312645789053364,4.34217243287037,366008000
2019-10-02,NVDA,NVIDIA,4.2935380935668945,4.307432977590219,4.221333915580841,4.295522941781943,293372000
2019-10-03,NVDA,NVIDIA,4.498737335205078,4.504940341880381,4.267733902360388,4.298004972473487,450588000
2019-10-04,NVDA,NVIDIA,4.515114784240723,4.5443934382819275,4.4359631285480425,4.500971432868056,265524000
2019-10-07,NVDA,NVIDIA,4.573672294616699,4.673169841237255,4.571190996489656,4.5798753033046955,480984000
2019-10-08,NVDA,NVIDIA,4.39750337600708,4.482113596779682,4.379390327827567,4.482113596779682,444436000
2019-10-09,NVDA,NVIDIA,4.483849048614502,4.533226055245222,4.445390127583593,4.474172321425107,292412000
2019-10-10,NVDA,NVIDIA,4.541415214538574,4.592280635404591,4.476406917044007,4.4816175003554894,309124000
2019-10-11,NVDA,NVIDIA,4.614860534667969,4.697981884026245,4.60642421652328,4.625281701814051,446404000
2019-10-14,NVDA,NVIDIA,4.62825870513916,4.649101038214642,4.575159974748541,4.606175486565861,200040000
2019-10-15,NVDA,NVIDIA,4.872414588928223,4.944867281509085,4.7044344979852735,4.718329865551829,664124000
2019-10-16,NVDA,NVIDIA,4.818819046020508,4.943129583323917,4.807405452379285,4.838420971426894,428944000
2019-10-17,NVDA,NVIDIA,4.820802688598633,4.908142181853771,4.7664630789797515,4.863231786501102,263436000
2019-10-18,NVDA,NVIDIA,4.7265143394470215,4.853802081123553,4.652325311484884,4.821297706220863,307440000
2019-10-21,NVDA,NVIDIA,4.863480567932129,4.876879481697929,4.768945154666601,4.787802639758155,261868000
2019-10-22,NVDA,NVIDIA,4.853554725646973,5.025256427424655,4.845862846055364,4.920299871431954,328720000
2019-10-23,NVDA,NVIDIA,4.840653896331787,4.854796775015168,4.739915464414268,4.7716754177526095,279916000
2019-10-24,NVDA,NVIDIA,4.884570598602295,4.918066931256039,4.847848058656728,4.881840840107468,232020000
2019-10-25,NVDA,NVIDIA,5.075130462646484,5.095972796196652,4.957271420404589,4.964963301585127,423092000
2019-10-28,NVDA,NVIDIA,5.1309590339660645,5.1833128612970585,5.089521876933053,5.118800531489562,330792000
2019-10-29,NVDA,NVIDIA,5.034934043884277,5.123514432062237,5.015580584244966,5.1170629633430345,211236000
2019-10-30,NVDA,NVIDIA,5.036918640136719,5.067438174606939,4.968932600496484,5.0617311428153435,205960000
2019-10-31,NVDA,NVIDIA,4.987791061401367,5.036919627567306,4.908143428041418,5.0160772916046446,209732000
2019-11-01,NVDA,NVIDIA,5.026745796203613,5.059001717512267,4.9274957882342845,4.952556278001397,283640000
2019-11-04,NVDA,NVIDIA,5.223012447357178,5.235418937100487,5.0845595239398795,5.107634695669968,376716000
2019-11-05,NVDA,NVIDIA,5.200929641723633,5.248817319143139,5.153041491044939,5.222764400863678,300868000
2019-11-06,NVDA,NVIDIA,5.1518025398254395,5.202419517335619,5.064462531976237,5.176863040695874,269012000
2019-11-07,NVDA,NVIDIA,5.169417381286621,5.252787188243311,5.124754967800568,5.238147862634401,280340000
2019-11-08,NVDA,NVIDIA,5.155521869659424,5.187033827049236,5.115077619954896,5.152544596640886,189100000
2019-11-11,NVDA,NVIDIA,5.16544771194458,5.188522882215064,5.068678991104581,5.154778084114315,243436000
2019-11-12,NVDA,NVIDIA,5.200929641723633,5.256757661793327,5.168673242012615,5.20365892745874,283504000
2019-11-13,NVDA,NVIDIA,5.1751251220703125,5.197207870777653,5.10887592942984,5.169666076907561,300188000
2019-11-14,NVDA,NVIDIA,5.205395221710205,5.207628531573418,5.1242587289005215,5.184056440523006,518080000
2019-11-15,NVDA,NVIDIA,5.066445350646973,5.254771232548324,4.978360949421832,5.203161382490007,1053628000
2019-11-18,NVDA,NVIDIA,5.2671799659729,5.293728865611318,5.056026341908343,5.059003616100386,574588000
2019-11-19,NVDA,NVIDIA,5.160732746124268,5.259734296826919,5.10267189625571,5.236162679329766,414564000
2019-11-20,NVDA,NVIDIA,5.239885330200195,5.3235031346345885,5.125252009839649,5.137906487994394,472588000
2019-11-21,NVDA,NVIDIA,5.215072154998779,5.290998067686238,5.1934853851809555,5.23541851257245,288388000
2019-11-22,NVDA,NVIDIA,5.232690811157227,5.284052222975251,5.209118712049796,5.237652934895209,224100000
2019-11-25,NVDA,NVIDIA,5.4887542724609375,5.493716868933194,5.347571573662198,5.360474040534517,506476000
2019-11-26,NVDA,NVIDIA,5.384293079376221,5.4758507421905955,5.377841610563299,5.471136134479743,385244000
2019-11-27,NVDA,NVIDIA,5.419055938720703,5.4639994792560005,5.39273562678228,5.42973343957815,215784000
2019-11-29,NVDA,NVIDIA,5.381808757781982,5.416571604913118,5.357971106258763,5.388264985739634,141556000
2019-12-02,NVDA,NVIDIA,5.195827960968018,5.388266419499602,5.18068149080554,5.374857618547784,372036000
2019-12-03,NVDA,NVIDIA,5.156347751617432,5.160320379056722,4.975331771281079,5.0125777583707425,465232000
2019-12-04,NVDA,NVIDIA,5.20004940032959,5.262126202217156,5.171494128294318,5.239778515648959,273424000
2019-12-05,NVDA,NVIDIA,5.183163642883301,5.237542875235549,5.152621590296779,5.221899592811954,184884000
2019-12-06,NVDA,NVIDIA,5.268333911895752,5.30111093009585,5.2422617681542905,5.252194284022518,232236000
2019-12-09,NVDA,NVIDIA,5.268333911895752,5.322961801954157,5.236799168591819,5.245489883172307,211880000
2019-12-10,NVDA,NVIDIA,5.313277244567871,5.364925183754723,5.245737376765178,5.298378472688952,256388000
2019-12-11,NVDA,NVIDIA,5.3967084884643555,5.402171561329519,5.3212233612455915,5.323706490073684,233796000
2019-12-12,NVDA,NVIDIA,5.563819885253906,5.58194630130246,5.358966708905228,5.367905594712465,404348000
2019-12-13,NVDA,NVIDIA,5.561832427978516,5.685737844111824,5.507949532561871,5.566798685120836,454704000
2019-12-16,NVDA,NVIDIA,5.590635299682617,5.66289277086458,5.581199601512894,5.60925852527263,320976000
2019-12-17,NVDA,NVIDIA,5.668605327606201,5.6912011848591,5.599824125402804,5.609259825760161,321196000
2019-12-18,NVDA,NVIDIA,5.698899269104004,5.759237933363476,5.694926167783203,5.703368712084622,343548000
2019-12-19,NVDA,NVIDIA,5.846642017364502,5.8600508201841,5.7284478155962795,5.733414073944906,445360000
2019-12-20,NVDA,NVIDIA,5.943730354309082,5.969057514210457,5.893820547013858,5.912940120759926,603044000
2019-12-23,NVDA,NVIDIA,5.93007230758667,6.004316104397407,5.919395280275833,5.9722845488565195,355060000
2019-12-24,NVDA,NVIDIA,5.925106048583984,5.942239305321778,5.880410678591197,5.914677192066785,138864000
2019-12-26,NVDA,NVIDIA,5.9392595291137695,5.967317982505401,5.909710630228528,5.928582028747246,182852000
2019-12-27,NVDA,NVIDIA,5.881651401519775,5.967814010994893,5.8553306206527305,5.954405213011848,254644000
2019-12-30,NVDA,NVIDIA,5.768672943115234,5.8650162577180085,5.737386372392708,5.859801829264254,258056000
2019-12-31,NVDA,NVIDIA,5.842667579650879,5.8521032781469255,5.714292730118031,5.733412297868139,231004000
2020-01-02,NVDA,NVIDIA,5.957136631011963,5.957136631011963,5.877927063300062,5.928333194899299,237536000
2020-01-03,NVDA,NVIDIA,5.861786842346191,5.905489047506633,5.812870209888905,5.8377010190393435,205384000
2020-01-06,NVDA,NVIDIA,5.8863701820373535,5.891584610374977,5.742600672952375,5.7686728146404915,262636000
2020-01-07,NVDA,NVIDIA,5.957634925842285,6.003323456491516,5.869734150345123,5.914677694950015,314856000
2020-01-08,NVDA,NVIDIA,5.968809127807617,6.0100282182750675,5.913436722472884,5.953414011589043,277108000
2020-01-09,NVDA,NVIDIA,6.034360408782959,6.106617880822172,5.980726162554703,6.054969947829537,255112000
2020-01-10,NVDA,NVIDIA,6.0666399002075195,6.171673904695833,6.052486590125505,6.141380497763163,316296000
2020-01-13,NVDA,NVIDIA,6.256844997406006,6.281923983662668,6.126980149927382,6.149576480886754,319840000
2020-01-14,NVDA,NVIDIA,6.140140533447266,6.239463317637183,6.126979903415702,6.214135687983089,359088000
2020-01-15,NVDA,NVIDIA,6.0976786613464355,6.175150562579818,6.071854694268641,6.152802880546791,263104000
2020-01-16,NVDA,NVIDIA,6.1811113357543945,6.187070750514712,6.127725247332513,6.151066091140248,284192000
2020-01-17,NVDA,NVIDIA,6.189802646636963,6.207680892640402,6.142375968406058,6.200231505070186,253792000
2020-01-21,NVDA,NVIDIA,6.156529903411865,6.19005143786,6.12251155367055,6.15330178802738,217916000
2020-01-22,NVDA,NVIDIA,6.210411071777344,6.2968218681187,6.182848958433113,6.201720357984873,239240000
2020-01-23,NVDA,NVIDIA,6.278695583343506,6.287138126517481,6.161743200933652,6.250388957043602,244516000
2020-01-24,NVDA,NVIDIA,6.219598770141602,6.443571968511958,6.165467698754059,6.393910339538206,373512000
2020-01-27,NVDA,NVIDIA,5.964339256286621,6.015242215037423,5.766438191541949,5.915670782034059,470536000
2020-01-28,NVDA,NVIDIA,6.157273292541504,6.1895530171885635,5.977001849970545,6.030139760177138,310976000
2020-01-29,NVDA,NVIDIA,6.096936225891113,6.178877596721385,6.057206631492715,6.14287293300287,258848000
2020-01-30,NVDA,NVIDIA,6.103639125823975,6.117047926796072,5.944474498630881,5.999350082914366,290504000
2020-01-31,NVDA,NVIDIA,5.870726108551025,6.069868462638404,5.829010687452668,6.057949635579352,370420000
2020-02-03,NVDA,NVIDIA,5.96756649017334,5.98693422980452,5.846392374463058,5.852599959031598,255564000
2020-02-04,NVDA,NVIDIA,6.136415481567383,6.155535525631463,6.059192213756811,6.109102012462837,271544000
2020-02-05,NVDA,NVIDIA,6.226551055908203,6.2672733245790635,6.143367902231967,6.257092639009255,208220000
2020-02-06,NVDA,NVIDIA,6.313210487365723,6.313210487365723,6.179869829185719,6.26081803092759,218284000
2020-02-07,NVDA,NVIDIA,6.247161388397217,6.295333049251141,6.221833756661078,6.273233532588743,189752000
2020-02-10,NVDA,NVIDIA,6.529735565185547,6.530480077691309,6.264791412562423,6.269757670918291,529608000
2020-02-11,NVDA,NVIDIA,6.6519012451171875,6.766370970308543,6.575919305118348,6.637747932218731,638556000
2020-02-12,NVDA,NVIDIA,6.767364025115967,6.773820254487021,6.66580628678317,6.704542242184371,374644000
2020-02-13,NVDA,NVIDIA,6.723662376403809,6.790705436408653,6.6821951180236105,6.709509062531158,528016000
2020-02-14,NVDA,NVIDIA,7.195694446563721,7.324317490360946,7.101586088770916,7.132872659897927,1041924000
2020-02-18,NVDA,NVIDIA,7.364046096801758,7.382421154368142,7.073278500086372,7.092646240797741,620164000
2020-02-19,NVDA,NVIDIA,7.814226150512695,7.83185622029504,7.486212604505035,7.486212604505035,694332000
2020-02-20,NVDA,NVIDIA,7.665243625640869,7.85445349985836,7.358584075955059,7.766304555761992,810052000
2020-02-21,NVDA,NVIDIA,7.301968574523926,7.5783346604286,7.217295931211192,7.553255678868156,768180000
2020-02-24,NVDA,NVIDIA,6.785740375518799,6.99903659333736,6.654634176529969,6.709013430719268,856916000
2020-02-25,NVDA,NVIDIA,6.506890773773193,6.922557012925543,6.40533302083709,6.860728377866259,1055496000
2020-02-26,NVDA,NVIDIA,6.645941734313965,6.839621511425255,6.505648514112078,6.507138012452967,747732000
2020-02-27,NVDA,NVIDIA,6.275990962982178,6.63376729934586,6.1838138273651895,6.3331356595572315,906416000
2020-02-28,NVDA,NVIDIA,6.710042476654053,6.7694234632079855,6.007410040360973,6.024056430486508,1133252000
2020-03-02,NVDA,NVIDIA,6.86806058883667,6.896881729577299,6.484693639055509,6.879738226215909,890744000
2020-03-03,NVDA,NVIDIA,6.606190204620361,6.983345951261071,6.520969778803869,6.9237166272843185,652792000
2020-03-04,NVDA,NVIDIA,7.068812847137451,7.0782541898391145,6.638735826633761,6.713272817524511,597408000
2020-03-05,NVDA,NVIDIA,6.790046691894531,7.03626612440936,6.745572904384784,6.869800768089446,540328000
2020-03-06,NVDA,NVIDIA,6.609914779663086,6.668302014749807,6.410156205287758,6.610908530328439,515412000
2020-03-09,NVDA,NVIDIA,6.0980963706970215,6.444940477533983,5.917717588561511,5.960451711553038,614160000
2020-03-10,NVDA,NVIDIA,6.486682415008545,6.486682415008545,6.1117629836396725,6.373883391447351,580648000
2020-03-11,NVDA,NVIDIA,6.123687744140625,6.375373500467724,6.02679016858534,6.347049469826052,499964000
2020-03-12,NVDA,NVIDIA,5.374345779418945,5.866536307886631,5.361674389912644,5.60168251557704,816540000
2020-03-13,NVDA,NVIDIA,5.983807563781738,5.988279679616138,5.456336262840261,5.726904246684154,634836000
2020-03-16,NVDA,NVIDIA,4.879669666290283,5.617583378912327,4.820040356746659,5.2774471896853195,726972000
2020-03-17,NVDA,NVIDIA,5.398195266723633,5.4873911255553125,4.745502603073078,4.9917219377735185,833632000
2020-03-18,NVDA,NVIDIA,5.039178371429443,5.2160788021116335,4.489097754797849,4.971598580707773,874268000
2020-03-19,NVDA,NVIDIA,5.291362762451172,5.384781995647036,4.804886318481578,5.017812527033039,765512000
2020-03-20,NVDA,NVIDIA,5.111976623535156,5.72243203505823,5.096572300669886,5.441180167876771,804636000
2020-03-23,NVDA,NVIDIA,5.284404277801514,5.37856939384944,4.932342581859462,5.110982203414798,643876000
2020-03-24,NVDA,NVIDIA,6.191019058227539,6.277482011070205,5.666032412800152,5.689635534109391,1101644000
2020-03-25,NVDA,NVIDIA,6.102569103240967,6.505067080541429,6.053871523402629,6.305805593471,793432000
2020-03-26,NVDA,NVIDIA,6.3912763595581055,6.515007130167915,6.211394153610367,6.309285501794354,696108000
2020-03-27,NVDA,NVIDIA,6.279221534729004,6.53736691560444,6.178596798409605,6.211392945580001,638828000
2020-03-30,NVDA,NVIDIA,6.5987348556518555,6.6079278794529435,6.3005878299103735,6.344564499621034,602252000
2020-03-31,NVDA,NVIDIA,6.549291610717773,6.842469377045188,6.403944797391366,6.638735329642442,949960000
2020-04-01,NVDA,NVIDIA,6.03921365737915,6.497863134076744,5.994740340164623,6.351771317564638,656912000
2020-04-02,NVDA,NVIDIA,6.347297668457031,6.3604656947871625,6.02032998749771,6.068281658432572,675764000
2020-04-03,NVDA,NVIDIA,6.060084342956543,6.351274225977668,5.9229367585123605,6.309782161502397,663212000
2020-04-06,NVDA,NVIDIA,6.668551921844482,6.70532354856808,6.2841906824190685,6.341584180506852,727884000
2020-04-07,NVDA,NVIDIA,6.4357500076293945,6.913282234346679,6.392767074494029,6.889678632071026,784520000
2020-04-08,NVDA,NVIDIA,6.632524490356445,6.65737015384119,6.474755072203678,6.544571154388917,542444000
2020-04-09,NVDA,NVIDIA,6.533142566680908,6.7808528319552455,6.470283210937693,6.757995142898604,525564000
2020-04-13,NVDA,NVIDIA,6.704576015472412,6.713271925503795,6.385310536058636,6.473512180029263,398408000
2020-04-14,NVDA,NVIDIA,7.054898738861084,7.088936948955729,6.804952210354269,6.8325308044020225,530948000
2020-04-15,NVDA,NVIDIA,6.977629661560059,7.06036545365664,6.841972969339748,6.887191708782641,366148000
2020-04-16,NVDA,NVIDIA,7.321988582611084,7.428824598843687,7.119497548384873,7.132665574072206,745620000
2020-04-17,NVDA,NVIDIA,7.262856960296631,7.425346817946539,7.129187769906479,7.403979518242918,539120000
2020-04-20,NVDA,NVIDIA,7.131921291351318,7.292175341512701,7.087696299119069,7.136642200158554,449388000
2020-04-21,NVDA,NVIDIA,6.696131229400635,7.0752744872539814,6.636501903969476,7.014154772258565,735160000
2020-04-22,NVDA,NVIDIA,7.109560966491699,7.152295573797261,6.8424713294529536,6.88793839640193,483356000
2020-04-23,NVDA,NVIDIA,7.056389808654785,7.283229879784153,7.031295825709126,7.151548667594547,424160000
2020-04-24,NVDA,NVIDIA,7.195029258728027,7.1970167604675614,6.971667519957497,7.0462045218903055,352328000
2020-04-27,NVDA,NVIDIA,7.381122589111328,7.540631210935533,7.30459808693572,7.32919543452104,479388000
2020-04-28,NVDA,NVIDIA,7.239005088806152,7.558022301469902,7.233539222714368,7.528207409397369,442904000
2020-04-29,NVDA,NVIDIA,7.415409088134766,7.46808167070093,7.298386285060615,7.373419918837021,379160000
2020-04-30,NVDA,NVIDIA,7.2618632316589355,7.4154088591523335,7.247949773360715,7.361493734355101,375916000
2020-05-01,NVDA,NVIDIA,7.025830268859863,7.177885036259341,6.977629802301647,7.064837711480267,342096000
2020-05-04,NVDA,NVIDIA,7.237266540527344,7.250931680845557,6.978624046997186,6.978624046997186,317556000
2020-05-05,NVDA,NVIDIA,7.29813814163208,7.460379689479762,7.237266284339808,7.341121062746931,368896000
2020-05-06,NVDA,NVIDIA,7.3987627029418945,7.503362917200423,7.339630499507867,7.37739587501728,323464000
2020-05-07,NVDA,NVIDIA,7.574668884277344,7.637776560709775,7.486467223583362,7.53764894288539,373732000
2020-05-08,NVDA,NVIDIA,7.764240741729736,7.77045203954479,7.612434291582904,7.646224187677115,339216000
2020-05-11,NVDA,NVIDIA,8.015678405761719,8.062388011187469,7.730699390591938,7.759271740488808,469060000
2020-05-12,NVDA,NVIDIA,7.754303455352783,8.122017838593292,7.7446137913889,8.073320725621777,493060000
2020-05-13,NVDA,NVIDIA,7.731942176818848,8.02859789180375,7.547836208662022,7.868592632588932,625852000
2020-05-14,NVDA,NVIDIA,7.980895042419434,7.986360909028499,7.640013385344732,7.793310708554394,602312000
2020-05-15,NVDA,NVIDIA,8.438300132751465,8.447989319934127,7.8253597631626945,7.841012401949906,987660000
2020-05-18,NVDA,NVIDIA,8.696200370788574,8.861423687235062,8.626881376959409,8.706387148464692,774460000
2020-05-19,NVDA,NVIDIA,8.75110912322998,9.031366821129271,8.708622830378046,8.735953116604614,717320000
2020-05-20,NVDA,NVIDIA,8.914591789245605,8.987140816354259,8.833843488059705,8.935461979417953,587536000
2020-05-21,NVDA,NVIDIA,8.721044540405273,8.996581270452394,8.683527484566827,8.995587993509218,761068000
2020-05-22,NVDA,NVIDIA,8.970492362976074,9.03683055382397,8.659426119365394,8.770733780605472,1038764000
2020-05-26,NVDA,NVIDIA,8.663899421691895,9.125033957478843,8.618432356392493,9.100187815628933,770780000
2020-05-27,NVDA,NVIDIA,8.472588539123535,8.579423621709141,7.947352618383713,8.571721934524938,1175892000
2020-05-28,NVDA,NVIDIA,8.434575080871582,8.706385125248028,8.327489780511128,8.360285927330377,734896000
2020-05-29,NVDA,NVIDIA,8.820676803588867,8.820676803588867,8.432588808088804,8.501659484403891,745256000
2020-06-01,NVDA,NVIDIA,8.751851081848145,8.786138087525295,8.63582251257563,8.778684720302685,389876000
2020-06-02,NVDA,NVIDIA,8.770732879638672,8.78265883465834,8.604516362463158,8.741912690475665,391320000
2020-06-03,NVDA,NVIDIA,8.715327262878418,8.811479859344383,8.646256620985332,8.76775199001811,365440000
2020-06-04,NVDA,NVIDIA,8.716325759887695,8.892063372207687,8.62783444992384,8.67804533176041,424280000
2020-06-05,NVDA,NVIDIA,8.868945121765137,8.945504066976902,8.658158641672431,8.74416371287131,481748000
2020-06-08,NVDA,NVIDIA,8.754605293273926,8.838869456825446,8.636037519288681,8.826441189640361,387736000
2020-06-09,NVDA,NVIDIA,8.994224548339844,9.057609939303413,8.701162292308348,8.749633194746389,468488000
2020-06-10,NVDA,NVIDIA,9.313138961791992,9.44562653759529,9.10110934363464,9.11527853442806,632180000
2020-06-11,NVDA,NVIDIA,8.745903968811035,9.208241690060559,8.73571254486415,9.097628518391415,583652000
2020-06-12,NVDA,NVIDIA,8.881370544433594,9.13466261398235,8.653432809550871,9.11005452492693,570908000
2020-06-15,NVDA,NVIDIA,9.121241569519043,9.129693016162985,8.69370248342079,8.764794008236555,400004000
2020-06-16,NVDA,NVIDIA,9.016594886779785,9.21371094455474,8.78816020790791,9.172199951355399,535716000
2020-06-17,NVDA,NVIDIA,9.183136940002441,9.245776080449938,9.0183351251666,9.061587043912771,408304000
2020-06-18,NVDA,NVIDIA,9.165240287780762,9.229370971612544,9.062332316008169,9.174188600931451,254408000
2020-06-19,NVDA,NVIDIA,9.208243370056152,9.390941840343315,9.174438520649856,9.189601443060338,524160000
2020-06-22,NVDA,NVIDIA,9.472224235534668,9.476698867117852,9.220175131984616,9.246772592444106,398468000
2020-06-23,NVDA,NVIDIA,9.395912170410156,9.587310498937892,9.353655876844556,9.496333923986104,375108000
2020-06-24,NVDA,NVIDIA,9.182640075683594,9.50180290042588,9.092160369035703,9.422011483078405,449372000
2020-06-25,NVDA,NVIDIA,9.435684204101562,9.450598693665341,9.129695847070474,9.30220288867256,376072000
2020-06-26,NVDA,NVIDIA,9.102599143981934,9.445624728572614,9.0727711208658,9.445624728572614,592084000
2020-06-29,NVDA,NVIDIA,9.14734172821045,9.151816358411867,8.849058649941636,9.117265272317514,342248000
2020-06-30,NVDA,NVIDIA,9.443387985229492,9.471724465250414,9.213461781076331,9.26068956384979,367892000
2020-07-01,NVDA,NVIDIA,9.475454330444336,9.520943092607503,9.359124357158036,9.466257584270018,326648000
2020-07-02,NVDA,NVIDIA,9.557234764099121,9.681767761145823,9.523428968107915,9.58383127402163,364056000
2020-07-06,NVDA,NVIDIA,9.782933235168457,9.85203541147055,9.656908714808086,9.685991442309067,315892000
2020-07-07,NVDA,NVIDIA,9.8152494430542,10.012364587676132,9.794369726464941,9.889323129713429,357800000
2020-07-08,NVDA,NVIDIA,10.1575288772583,10.16647813998509,9.908462873664314,9.936550928389142,365480000
2020-07-09,NVDA,NVIDIA,10.448850631713867,10.509501363844844,10.174927184561719,10.320837695475568,494548000
2020-07-10,NVDA,NVIDIA,10.419270515441895,10.594262798531828,10.319345634913779,10.528143708751548,497676000
2020-07-13,NVDA,NVIDIA,9.99471378326416,10.730478013100093,9.967619466000675,10.534357598250097,457076000
2020-07-14,NVDA,NVIDIA,10.317605972290039,10.343208748675954,9.729491205941963,10.017334456489614,542676000
2020-07-15,NVDA,NVIDIA,10.168713569641113,10.373285456655864,9.9981949595581,10.354643532436837,403984000
2020-07-16,NVDA,NVIDIA,10.076742172241211,10.14832961882827,9.8388613835981,9.957677561652746,344964000
2020-07-17,NVDA,NVIDIA,10.143110275268555,10.189841196144675,10.0300118318398,10.166973074910793,266284000
2020-07-20,NVDA,NVIDIA,10.450592041015625,10.470974892299653,10.098618052123475,10.215445849899917,284852000
2020-07-21,NVDA,NVIDIA,10.269384384155273,10.499560010526949,10.227873386769945,10.452828136180505,277036000
2020-07-22,NVDA,NVIDIA,10.379002571105957,10.541815020884213,10.232595203292092,10.308160418707741,367292000
2020-07-23,NVDA,NVIDIA,10.071770668029785,10.486632138396008,9.97383420149178,10.390187215275384,411660000
2020-07-24,NVDA,NVIDIA,10.136152267456055,10.305427789555091,9.721042262613368,9.81848093979742,473292000
2020-07-27,NVDA,NVIDIA,10.361851692199707,10.381985159654809,10.15926726913902,10.17368489136173,292132000
2020-07-28,NVDA,NVIDIA,10.157031059265137,10.32257818094102,10.150817400317544,10.31487297834555,271636000
2020-07-29,NVDA,NVIDIA,10.405601501464844,10.456060818276672,10.28777996863067,10.33127937967535,284508000
2020-07-30,NVDA,NVIDIA,10.553252220153809,10.562200535140692,10.236326172540638,10.31561979259606,308880000
2020-07-31,NVDA,NVIDIA,10.553997039794922,10.704879069341306,10.373286978905037,10.502791478278828,386080000
2020-08-03,NVDA,NVIDIA,10.947233200073242,11.03522669529022,10.653921549349986,10.67107288009153,412720000
2020-08-04,NVDA,NVIDIA,11.16348648071289,11.16348648071289,10.843578365613316,10.986754217813543,310336000
2020-08-05,NVDA,NVIDIA,11.222150802612305,11.306664348128388,11.102340864022242,11.179646071365417,249924000
2020-08-06,NVDA,NVIDIA,11.270620346069336,11.292991603889252,11.114767787246265,11.284788588104904,244316000
2020-08-07,NVDA,NVIDIA,11.135397911071777,11.438900929592537,10.974325440445547,11.247751053622988,342516000
2020-08-10,NVDA,NVIDIA,11.101095199584961,11.342952810941906,10.794360663161397,11.269376954121983,427796000
2020-08-11,NVDA,NVIDIA,10.787900924682617,11.073009565510656,10.733960708897198,11.010369467859205,354512000
2020-08-12,NVDA,NVIDIA,11.374773979187012,11.401370493028676,10.895532279063268,10.927846536085267,464412000
2020-08-13,NVDA,NVIDIA,11.3775053024292,11.654660281162782,11.290754924571592,11.479915466163844,374460000
2020-08-14,NVDA,NVIDIA,11.497812271118164,11.637756604352083,11.375019266250126,11.464006479493863,366436000
2020-08-17,NVDA,NVIDIA,12.266386032104492,12.338719720568694,11.749611305924368,11.783416144782285,621300000
2020-08-18,NVDA,NVIDIA,12.19057846069336,12.424482536065963,12.01707765358702,12.37874532773933,503448000
2020-08-19,NVDA,NVIDIA,12.069021224975586,12.244510335338129,12.028752403813792,12.226116848644702,622624000
2020-08-20,NVDA,NVIDIA,12.071510314941406,12.30417121176024,11.810761365998337,11.906461006424056,921388000
2020-08-21,NVDA,NVIDIA,12.610906600952148,12.735439599242884,12.125450359088568,12.131913399248386,999868000
2020-08-24,NVDA,NVIDIA,12.647443771362305,12.83859364848732,12.43591104716389,12.810007786432903,490564000
2020-08-25,NVDA,NVIDIA,12.677026748657227,12.688211905350567,12.501785041399724,12.558458967341078,289076000
2020-08-26,NVDA,NVIDIA,12.699891090393066,12.794844470546327,12.605186142774583,12.7259907297815,321244000
2020-08-27,NVDA,NVIDIA,12.5559720993042,12.776453166999115,12.494575116940183,12.708344712184557,317604000
2020-08-28,NVDA,NVIDIA,13.072494506835938,13.07274293933712,12.570136491190816,12.602450732441966,537160000
2020-08-31,NVDA,NVIDIA,13.297950744628906,13.497302711489002,12.963128117456806,13.107297710621298,500840000
2020-09-01,NVDA,NVIDIA,13.74600601196289,13.917818175661797,13.363591845452834,13.406855757117219,511316000
2020-09-02,NVDA,NVIDIA,14.268654823303223,14.646841525282102,13.82457680383725,14.6239656123547,874012000
2020-09-03,NVDA,NVIDIA,12.944878578186035,13.809162909123005,12.808870357194603,13.753715512229732,945128000
2020-09-04,NVDA,NVIDIA,12.554010391235352,13.103512283664935,11.641239770900325,12.714384609698111,1463684000
2020-09-08,NVDA,NVIDIA,11.848357200622559,12.481900763409474,11.64074015776347,11.670825611564226,795728000
2020-09-09,NVDA,NVIDIA,12.646005630493164,12.739743935097291,12.165377241772093,12.332714361952345,736200000
2020-09-10,NVDA,NVIDIA,12.24494743347168,12.994358962744919,12.100982248297928,12.918771122705477,698684000
2020-09-11,NVDA,NVIDIA,12.098491668701172,12.58384353718645,11.831199804641813,12.417749916068434,636928000
2020-09-14,NVDA,NVIDIA,12.802401542663574,13.242749047154941,12.562710043192387,13.010019533572963,1201744000
2020-09-15,NVDA,NVIDIA,12.920511245727539,13.226591149442848,12.758147067598735,13.20794269690055,727556000
2020-09-16,NVDA,NVIDIA,12.44659423828125,13.021706504588948,12.445848717637983,12.886941792074117,556384000
2020-09-17,NVDA,NVIDIA,12.3958740234375,12.521439266157483,11.969450350259514,12.066421170944345,792512000
2020-09-18,NVDA,NVIDIA,12.123111724853516,12.56395637634697,11.923700090803646,12.525416935450114,698460000
2020-09-21,NVDA,NVIDIA,12.449329376220703,12.454550866081808,11.839904206718712,11.860293152414322,721044000
2020-09-22,NVDA,NVIDIA,12.569174766540527,12.579369239088551,12.089542285546635,12.506765396916883,646452000
2020-09-23,NVDA,NVIDIA,12.057962417602539,12.657939492376991,12.013704488182995,12.507260881383038,647012000
2020-09-24,NVDA,NVIDIA,12.28099536895752,12.50129383353209,11.948808124243987,12.006742465999842,731240000
2020-09-25,NVDA,NVIDIA,12.803894996643066,12.813592456026164,12.179303301507392,12.379958380976724,588016000
2020-09-28,NVDA,NVIDIA,12.964269638061523,12.980929083477617,12.680816250113036,12.969491127871112,573808000
2020-09-29,NVDA,NVIDIA,13.153985977172852,13.369808525156131,12.863073561182524,12.86730007540991,621460000
2020-09-30,NVDA,NVIDIA,13.457083702087402,13.548584516215799,13.078896967384146,13.086107461833182,689184000
2020-10-01,NVDA,NVIDIA,13.54062557220459,13.688070771976735,13.387709427168113,13.683347244338666,525004000
2020-10-02,NVDA,NVIDIA,12.991372108459473,13.446140634224474,12.98018265968585,13.153239241621401,552496000
2020-10-05,NVDA,NVIDIA,13.568477630615234,13.570218127772435,13.151004922838734,13.164183379243166,479820000
2020-10-06,NVDA,NVIDIA,13.661965370178223,14.065265531960174,13.590853504578481,13.754958174616215,784420000
2020-10-07,NVDA,NVIDIA,13.888229370117188,14.042637510880455,13.788274589231673,13.923785773213117,418084000
2020-10-08,NVDA,NVIDIA,13.763657569885254,14.008074497442983,13.683346224032253,13.998625545872363,378900000
2020-10-09,NVDA,NVIDIA,13.688071250915527,13.749238090470126,13.586625429092514,13.692298713449562,346892000
2020-10-12,NVDA,NVIDIA,14.148808479309082,14.26915221248606,13.837010100395466,13.913591958690121,434744000
2020-10-13,NVDA,NVIDIA,14.170937538146973,14.27064381415561,13.94268301085505,14.218925925974037,344604000
2020-10-14,NVDA,NVIDIA,14.018767356872559,14.264923856549403,13.884251150985698,14.212957463317636,276100000
2020-10-15,NVDA,NVIDIA,13.894197463989258,13.929752918930133,13.693044417342875,13.7358113145266,267224000
2020-10-16,NVDA,NVIDIA,13.736555099487305,14.044873382772966,13.717658144910136,13.960583081994502,242392000
2020-10-19,NVDA,NVIDIA,13.424511909484863,13.907625493896074,13.334005118727905,13.82756263343774,298068000
2020-10-20,NVDA,NVIDIA,13.571455955505371,13.724869096859207,13.433707282038606,13.509792111347073,229212000
2020-10-21,NVDA,NVIDIA,13.451363563537598,13.716666494155783,13.404370150058263,13.55106984318131,219596000
2020-10-22,NVDA,NVIDIA,13.288501739501953,13.53789073143853,13.159952541281239,13.449125399181334,290480000
2020-10-23,NVDA,NVIDIA,13.516504287719727,13.519488266600977,13.21912698486998,13.37701513126283,233484000
2020-10-26,NVDA,NVIDIA,13.069945335388184,13.618453219253427,12.967753030635334,13.35414524503633,336896000
2020-10-27,NVDA,NVIDIA,13.324057579040527,13.369061984732776,13.11992056172702,13.23379931227968,250520000
2020-10-28,NVDA,NVIDIA,12.55848503112793,13.188050708710339,12.540583049206013,13.126386851090986,376520000
2020-10-29,NVDA,NVIDIA,12.953330039978027,13.121164188121782,12.680816637076695,12.768836445909805,320080000
2020-10-30,NVDA,NVIDIA,12.465989112854004,12.86630429338477,12.233258625540165,12.780274436354883,416820000
2020-11-02,NVDA,NVIDIA,12.51248550415039,12.767095978819652,12.327743402774802,12.589067357205305,299652000
2020-11-03,NVDA,NVIDIA,12.94885540008545,13.033891238095508,12.53436674945058,12.63954302876551,272900000
2020-11-04,NVDA,NVIDIA,13.719400405883789,13.752470792021674,13.264631851760678,13.316598246406535,410228000
2020-11-05,NVDA,NVIDIA,14.083166122436523,14.261194749998864,13.915083461408287,14.085653088319836,319028000
2020-11-06,NVDA,NVIDIA,14.48298454284668,14.50958900610018,13.819603973147315,14.033188045302696,383348000
2020-11-09,NVDA,NVIDIA,13.556787490844727,14.611781731679114,13.536896506652354,14.47353602436871,582976000
2020-11-10,NVDA,NVIDIA,12.700708389282227,13.532668624695363,12.559727213621446,13.532668624695363,644068000
2020-11-11,NVDA,NVIDIA,13.345192909240723,13.362100862954051,12.877991414086402,12.982919181366613,404744000
2020-11-12,NVDA,NVIDIA,13.383732795715332,13.69130466553018,13.243746581825867,13.40586224042425,365812000
2020-11-13,NVDA,NVIDIA,13.224846839904785,13.594579503194321,12.988386882116803,13.553304602279749,346312000
2020-11-16,NVDA,NVIDIA,13.441916465759277,13.575437714224723,13.084615687771043,13.101025680736218,413776000
2020-11-17,NVDA,NVIDIA,13.349419593811035,13.52247524343966,13.231562827098397,13.478962824136428,312028000
2020-11-18,NVDA,NVIDIA,13.355884552001953,13.531924181183586,13.11345753865842,13.392186477279536,510924000
2020-11-19,NVDA,NVIDIA,13.36732292175293,13.414316335999356,13.028919120198557,13.141057386140876,565936000
2020-11-20,NVDA,NVIDIA,13.016739845275879,13.421282656758818,12.994112430759065,13.381002709899096,341088000
2020-11-23,NVDA,NVIDIA,13.06870174407959,13.309885276431308,12.94487701698277,13.099782179302716,361356000
2020-11-24,NVDA,NVIDIA,12.887441635131836,13.090582761074899,12.815086285194447,13.07118878802459,346500000
2020-11-25,NVDA,NVIDIA,13.16293716430664,13.197498593327106,12.949353072197923,12.961785056669386,259916000
2020-11-27,NVDA,NVIDIA,13.189291954040527,13.334749099812084,13.099034635548598,13.30242518425179,167276000
2020-11-30,NVDA,NVIDIA,13.32878303527832,13.339723978938197,12.901862386621666,13.1930242779278,286952000
2020-12-01,NVDA,NVIDIA,13.317346572875977,13.455343795104646,13.15647343473755,13.41904186585619,296948000
2020-12-02,NVDA,NVIDIA,13.471006393432617,13.599306136815693,13.162439563503987,13.278058816081627,283360000
2020-12-03,NVDA,NVIDIA,13.327248573303223,13.589893604205523,13.260592994303533,13.517765463078833,199520000
2020-12-04,NVDA,NVIDIA,13.488666534423828,13.490407545452614,13.320036096172974,13.379479051472986,202244000
2020-12-07,NVDA,NVIDIA,13.536916732788086,13.66077804492372,13.430715060040114,13.531445119380862,223244000
2020-12-08,NVDA,NVIDIA,13.281485557556152,13.528958658042994,13.213336596873383,13.51527914984112,271920000
2020-12-09,NVDA,NVIDIA,12.864387512207031,13.345157072993244,12.802208270774445,13.232239927292921,401300000
2020-12-10,NVDA,NVIDIA,12.905672073364258,13.001677197887197,12.78355178644564,12.802952434607922,207764000
2020-12-11,NVDA,NVIDIA,12.946463584899902,12.953179048728904,12.757189593634664,12.900699188489625,209264000
2020-12-14,NVDA,NVIDIA,13.240445137023926,13.32003447401288,13.010382180140862,13.020828245041423,270156000
2020-12-15,NVDA,NVIDIA,13.291929244995117,13.39489745979019,13.11907107095995,13.3707718895099,193016000
2020-12-16,NVDA,NVIDIA,13.174534797668457,13.368285100210734,13.144688085865043,13.353610324590434,223116000
2020-12-17,NVDA,NVIDIA,13.27277946472168,13.310833124873806,13.110864499454864,13.2981479389699,231384000
2020-12-18,NVDA,NVIDIA,13.20388412475586,13.336200948982984,13.003418348495277,13.310334366601626,342064000
2020-12-21,NVDA,NVIDIA,13.263825416564941,13.301381917619228,12.900947489997865,13.007647270428471,302332000
2020-12-22,NVDA,NVIDIA,13.210103988647461,13.268801207944161,12.987005029007529,13.250893935500397,185580000
2020-12-23,NVDA,NVIDIA,12.942483901977539,13.206869957358288,12.938256138787487,13.187967415608872,179144000
2020-12-24,NVDA,NVIDIA,12.927061080932617,13.0650990425598,12.872344005635338,12.970337770352513,97884000
2020-12-28,NVDA,NVIDIA,12.833794593811035,12.995460995273767,12.697747147078497,12.995460995273767,212564000
2020-12-29,NVDA,NVIDIA,12.876821517944336,13.005408696448747,12.776340043671759,12.858665667551723,170372000
2020-12-30,NVDA,NVIDIA,13.078280448913574,13.1459312845116,12.830558825412934,12.923578131372935,225396000
2020-12-31,NVDA,NVIDIA,12.987998008728027,13.083505026218697,12.848716190436818,13.069079778670659,192424000
2021-01-04,NVDA,NVIDIA,13.046196937561035,13.582431124501683,12.895971895425573,13.036994722740106,560640000
2021-01-05,NVDA,NVIDIA,13.335951805114746,13.374502622372711,13.019832636772176,13.032516872741898,322760000
2021-01-06,NVDA,NVIDIA,12.549757957458496,13.177021848439159,12.521404624259176,13.15463728846822,580424000
2021-01-07,NVDA,NVIDIA,13.2755126953125,13.309090007060597,12.8203612761621,12.900944926798237,461480000
2021-01-08,NVDA,NVIDIA,13.208608627319336,13.352118201712143,12.975063652438749,13.293919104792138,292528000
2021-01-11,NVDA,NVIDIA,13.551592826843262,13.889350896763947,13.29392222079838,13.349883159471332,518344000
2021-01-12,NVDA,NVIDIA,13.415541648864746,13.683907795701348,13.276509362154492,13.681917255790076,291476000
2021-01-13,NVDA,NVIDIA,13.462299346923828,13.555071023692324,13.316303027862848,13.420763670245865,210028000
2021-01-14,NVDA,NVIDIA,13.1325044631958,13.529954076705605,13.112856179222367,13.505331339457138,283120000
2021-01-15,NVDA,NVIDIA,12.793499946594238,13.256859277308203,12.782556721687804,13.160108417536335,277780000
2021-01-19,NVDA,NVIDIA,12.958402633666992,13.026799227702664,12.778082270234988,12.949448048993759,226188000
2021-01-20,NVDA,NVIDIA,13.297152519226074,13.361569918313185,12.9897384021598,13.044455477389974,258572000
2021-01-21,NVDA,NVIDIA,13.796326637268066,13.927400548792576,13.184980456371806,13.349630731667151,337780000
2021-01-22,NVDA,NVIDIA,13.642123222351074,13.77071039880611,13.557310847947868,13.669482236438519,246820000
2021-01-25,NVDA,NVIDIA,13.583175659179688,13.757526257382864,13.168564636769304,13.711016129258498,251112000
2021-01-26,NVDA,NVIDIA,13.366297721862793,13.574721885748612,13.318792314418362,13.510801637996689,163980000
2021-01-27,NVDA,NVIDIA,12.851452827453613,13.164835741319445,12.728088683861888,13.162099460401164,371272000
2021-01-28,NVDA,NVIDIA,12.98401927947998,13.271288001422864,12.893983865173437,12.929550776066513,228316000
2021-01-29,NVDA,NVIDIA,12.923084259033203,13.266313924856322,12.845235919916684,13.007896642574716,271552000
2021-02-01,NVDA,NVIDIA,13.16906452178955,13.202640890001744,12.836529537314517,12.986257425752575,217204000
2021-02-02,NVDA,NVIDIA,13.48717212677002,13.502343114382933,13.217313559304229,13.329983047797578,220440000
2021-02-03,NVDA,NVIDIA,13.461054801940918,13.8602452630711,13.44712671799048,13.566012592058984,245408000
2021-02-04,NVDA,NVIDIA,13.594120979309082,13.60332319408904,13.269296744638849,13.46155462652012,201340000
2021-02-05,NVDA,NVIDIA,13.521246910095215,13.666747036533561,13.476229206080044,13.654559959985026,169152000
2021-02-08,NVDA,NVIDIA,14.364646911621094,14.399467130873976,13.656798344420974,13.656798344420974,434624000
2021-02-09,NVDA,NVIDIA,14.190045356750488,14.508402678677383,14.14950400191793,14.2671469869661,287560000
2021-02-10,NVDA,NVIDIA,14.68847370147705,14.828501247250246,14.267893903608194,14.389018911932702,485352000
2021-02-11,NVDA,NVIDIA,15.172478675842285,15.193868916559543,14.848401111304003,14.903367720561645,450828000
2021-02-12,NVDA,NVIDIA,14.884465217590332,15.212771494540394,14.699170418654422,14.972759615299346,374756000
2021-02-16,NVDA,NVIDIA,15.251569747924805,15.29360353659292,14.873271342590193,14.98693515502818,321960000
2021-02-17,NVDA,NVIDIA,14.829496383666992,15.145366956291253,14.704142665462815,15.09313568691804,274756000
2021-02-18,NVDA,NVIDIA,14.752894401550293,14.796916836680797,14.500197331565527,14.653407246591904,233868000
2021-02-19,NVDA,NVIDIA,14.849891662597656,15.099105725035558,14.77055091017518,14.94738826308237,271724000
2021-02-22,NVDA,NVIDIA,14.282072067260742,15.055581855788054,14.251479612238253,14.698921307165705,325884000
2021-02-23,NVDA,NVIDIA,14.069419860839844,14.165673573330455,13.320781350681472,14.003011915069953,391780000
2021-02-24,NVDA,NVIDIA,14.42458724975586,14.43229798344174,13.68540047372523,14.050268938182565,448320000
2021-02-25,NVDA,NVIDIA,13.239201545715332,14.300974328312286,13.148420401177352,13.973413810504649,824436000
2021-02-26,NVDA,NVIDIA,13.64411449432373,13.783395375288514,13.292428372327969,13.681918627171427,500932000
2021-03-01,NVDA,NVIDIA,13.770710945129395,13.853533731594203,13.483691763689485,13.80379015389627,353184000
2021-03-02,NVDA,NVIDIA,13.337443351745605,13.84905380194332,13.327245868076808,13.828658834605728,264116000
2021-03-03,NVDA,NVIDIA,12.739030838012695,13.382460931935002,12.733061116512415,13.357341042163638,377592000
2021-03-04,NVDA,NVIDIA,12.306760787963867,12.908407604408795,12.02173124079755,12.735051323937004,573344000
2021-03-05,NVDA,NVIDIA,12.397544860839844,12.485590681099316,11.61930914685573,12.485590681099316,542840000
2021-03-08,NVDA,NVIDIA,11.5337495803833,12.407242680598653,11.507136309244094,12.38610197088301,543112000
2021-03-09,NVDA,NVIDIA,12.46029281616211,12.556330138602013,12.001500032074086,12.072160122978335,521824000
2021-03-10,NVDA,NVIDIA,12.408539772033691,12.917838270232659,12.397841436057153,12.779006670400841,384376000
2021-03-11,NVDA,NVIDIA,12.9312744140625,12.983772381108242,12.673514929162938,12.887982786943063,299916000
2021-03-12,NVDA,NVIDIA,12.794432640075684,12.827025929600989,12.529706717484979,12.587677234677724,243964000
2021-03-15,NVDA,NVIDIA,13.128079414367676,13.143505256096866,12.706110083817578,12.803143022661203,221988000
2021-03-16,NVDA,NVIDIA,13.227601051330566,13.447791111083193,13.05393623427105,13.292538027663083,272128000
2021-03-17,NVDA,NVIDIA,13.277360916137695,13.38882407684222,12.92729502883546,12.977304441307208,243864000
2021-03-18,NVDA,NVIDIA,12.661574363708496,13.12086450040622,12.656100861548346,13.073592309996888,293896000
2021-03-19,NVDA,NVIDIA,12.784233093261719,12.85962068483066,12.552100433738472,12.688941772839797,299208000
2021-03-22,NVDA,NVIDIA,13.123102188110352,13.330354946608361,12.844940676234321,12.850912459188029,297804000
2021-03-23,NVDA,NVIDIA,13.00815486907959,13.280593244475526,12.958891459690443,13.190775433395043,222048000
2021-03-24,NVDA,NVIDIA,12.582454681396484,13.096233063845542,12.576235180945393,13.088271002303621,245840000
2021-03-25,NVDA,NVIDIA,12.475218772888184,12.653859729796126,12.21323006912664,12.439640540443962,295144000
2021-03-26,NVDA,NVIDIA,12.777763366699219,12.794682152334557,12.314244068153682,12.494377029182635,363968000
2021-03-29,NVDA,NVIDIA,12.88624095916748,12.999944000887075,12.63917981486877,12.75885368993943,273520000
2021-03-30,NVDA,NVIDIA,12.810108184814453,12.913112896753688,12.644156781650523,12.780500784061243,200204000
2021-03-31,NVDA,NVIDIA,13.284326553344727,13.405990711832604,12.92032779315816,12.953169750877729,314776000
2021-04-01,NVDA,NVIDIA,13.745606422424316,13.803576941304831,13.446544640826513,13.507253333989027,308276000
2021-04-05,NVDA,NVIDIA,13.920516014099121,13.946888858751477,13.667234391669156,13.801090791161734,255672000
2021-04-06,NVDA,NVIDIA,13.795119285583496,13.986946213948366,13.707541356464933,13.932707577763324,191744000
2021-04-07,NVDA,NVIDIA,14.075770378112793,14.175290931790578,13.64583896668836,13.814278004442162,251284000
2021-04-08,NVDA,NVIDIA,14.248438835144043,14.402198969872602,14.180763685323448,14.184496524494385,244416000
2021-04-09,NVDA,NVIDIA,14.331039428710938,14.339001489543403,14.107117501169766,14.145930293598289,195172000
2021-04-12,NVDA,NVIDIA,15.136165618896484,15.27897874166865,14.071538686150255,14.22131825641827,869324000
2021-04-13,NVDA,NVIDIA,15.604413032531738,15.624815043568274,15.053314813963015,15.158558477798532,676212000
2021-04-14,NVDA,NVIDIA,15.203839302062988,15.645214960249273,15.15457589300585,15.55017231465496,385500000
2021-04-15,NVDA,NVIDIA,16.059967041015625,16.13659794169235,15.556638505158789,15.587490177903373,598480000
2021-04-16,NVDA,NVIDIA,15.836296081542969,16.088333399352724,15.78927161572007,15.976122352137821,335208000
2021-04-19,NVDA,NVIDIA,15.28818416595459,15.731799760759175,15.16005088533594,15.462097636720497,404420000
2021-04-20,NVDA,NVIDIA,15.098597526550293,15.422786959373079,14.891344758656516,15.249869097697879,334132000
2021-04-21,NVDA,NVIDIA,15.286941528320312,15.28893180639827,15.029928007995823,15.04634851396947,216776000
2021-04-22,NVDA,NVIDIA,14.779133796691895,15.364566882387335,14.712702932237502,15.301370575475275,277788000
2021-04-23,NVDA,NVIDIA,15.192147254943848,15.261563065807191,14.828895411965819,14.86273203688158,227500000
2021-04-26,NVDA,NVIDIA,15.403874397277832,15.40487001062498,15.052565251799168,15.11227832495062,197796000
2021-04-27,NVDA,NVIDIA,15.308086395263672,15.595453258220168,15.280966607889114,15.50389384167939,164572000
2021-04-28,NVDA,NVIDIA,15.20358943939209,15.457866642599491,15.142633030660882,15.290919638482547,209416000
2021-04-29,NVDA,NVIDIA,15.251361846923828,15.362576342418699,14.999324504524623,15.32625115862929,173196000
2021-04-30,NVDA,NVIDIA,14.9376220703125,15.291419872387051,14.92518212012407,15.101832829586288,201912000
2021-05-03,NVDA,NVIDIA,14.765698432922363,15.173734835232782,14.716684635138343,15.052568004352894,203912000
2021-05-04,NVDA,NVIDIA,14.282524108886719,14.567403422368976,13.94315749215213,14.567154756246032,405324000
2021-05-05,NVDA,NVIDIA,14.38925838470459,14.742558788944459,14.318598303856616,14.63855847088675,292024000
2021-05-06,NVDA,NVIDIA,14.453449249267578,14.50146837786924,14.149910536895737,14.42583212858032,193380000
2021-05-07,NVDA,NVIDIA,14.741315841674805,14.89905652104171,14.601488612944612,14.737335285779373,229328000
2021-05-10,NVDA,NVIDIA,14.19743537902832,14.735098103324498,14.181760869560858,14.716437701832533,268904000
2021-05-11,NVDA,NVIDIA,14.237739562988281,14.286007365956934,13.684153723804577,13.758794372476588,285584000
2021-05-12,NVDA,NVIDIA,13.692610740661621,14.191957855909237,13.643596947830634,13.94240815677202,303408000
2021-05-13,NVDA,NVIDIA,13.599808692932129,14.013319554436475,13.39454620795062,13.966543750646617,285404000
2021-05-14,NVDA,NVIDIA,14.174792289733887,14.25938527455248,13.68266022181972,13.823483068810868,258616000
2021-05-17,NVDA,NVIDIA,14.097661972045898,14.101393861667164,13.787156796805611,14.089202579320993,216980000
2021-05-18,NVDA,NVIDIA,13.948628425598145,14.335268109499602,13.936934476221778,14.19867545367631,186256000
2021-05-19,NVDA,NVIDIA,13.998391151428223,14.012075380470698,13.478393295136081,13.50153158198769,344000000
2021-05-20,NVDA,NVIDIA,14.542521476745605,14.613430225210289,14.202159294293685,14.234005637482559,321592000
2021-05-21,NVDA,NVIDIA,14.919957160949707,15.149104894905113,14.79829298748573,15.09113341773736,672992000
2021-05-24,NVDA,NVIDIA,15.537236213684082,15.669598713415175,15.10332335245462,15.139648534960056,554816000
2021-05-25,NVDA,NVIDIA,15.5728120803833,15.742744016405416,15.408353645148921,15.690495669194577,435408000
2021-05-26,NVDA,NVIDIA,15.624813079833984,15.718114114485589,15.51160831799245,15.658899315983863,370440000
2021-05-27,NVDA,NVIDIA,15.413829803466797,15.67457520145046,15.385964013483283,15.624565789324397,581476000
2021-05-28,NVDA,NVIDIA,16.166704177856445,16.19954708212294,15.426765997018279,15.426765997018279,644536000
2021-06-01,NVDA,NVIDIA,16.186609268188477,16.30976731502325,15.827089363864259,16.19208371844466,472804000
2021-06-02,NVDA,NVIDIA,16.697898864746094,16.837727029046853,16.157748681493572,16.17441879999118,594168000
2021-06-03,NVDA,NVIDIA,16.888484954833984,17.17635111968771,16.503587746671425,16.62077403418186,580008000
2021-06-04,NVDA,NVIDIA,17.49407196044922,17.576424107008513,17.01363381979466,17.030550709204036,617120000
2021-06-07,NVDA,NVIDIA,17.534622192382812,17.727196038292035,17.110414943863784,17.48710229431981,575756000
2021-06-08,NVDA,NVIDIA,17.373403549194336,17.537115086364118,17.168388755751412,17.44331669923782,323848000
2021-06-09,NVDA,NVIDIA,17.279083251953125,17.494845805819946,17.177051714798523,17.435866151003694,381656000
2021-06-10,NVDA,NVIDIA,17.345523834228516,17.412219583949422,17.097660874799708,17.27086704833761,287772000
2021-06-11,NVDA,NVIDIA,17.74394989013672,17.857430256597556,17.36418966363082,17.399776046347206,416308000
2021-06-14,NVDA,NVIDIA,17.936569213867188,17.957224622706175,17.582193863360512,17.82433434092857,321376000
2021-06-15,NVDA,NVIDIA,17.707372665405273,17.934084751440924,17.64714938991083,17.833296821293477,243032000
2021-06-16,NVDA,NVIDIA,17.729022979736328,17.872864694606672,17.504302577299367,17.709613082018276,307124000
2021-06-17,NVDA,NVIDIA,18.572158813476562,18.749097779560163,17.675268955812072,17.693435236474446,809656000
2021-06-18,NVDA,NVIDIA,18.55374526977539,19.286637415623073,18.49924452484963,18.69833315440634,968856000
2021-06-21,NVDA,NVIDIA,18.343204498291016,18.45195723428612,17.741461763180403,18.35116743365587,672384000
2021-06-22,NVDA,NVIDIA,18.800609588623047,18.877259967462265,18.30214384565627,18.387254606653663,580144000
2021-06-23,NVDA,NVIDIA,18.970333099365234,19.065398486357704,18.82151504268745,18.921059344157953,332356000
2021-06-24,NVDA,NVIDIA,19.117908477783203,19.331430625682103,19.00119278333372,19.140058125456942,320924000
2021-06-25,NVDA,NVIDIA,18.944204330444336,19.257270776737716,18.80832746643894,19.192566694456715,278364000
2021-06-28,NVDA,NVIDIA,19.89385223388672,19.987174655201073,19.23088938832883,19.27294637389471,495436000
2021-06-29,NVDA,NVIDIA,19.93541145324707,20.007081674259897,19.567346857383377,19.79181849083902,367632000
2021-06-30,NVDA,NVIDIA,19.911270141601562,20.070540237808444,19.773152897382392,19.9080348431735,326568000
2021-07-01,NVDA,NVIDIA,20.119815826416016,20.362702460566606,19.927695282223045,20.033212727409474,480136000
2021-07-02,NVDA,NVIDIA,20.3935604095459,20.411728585764077,20.195219897428057,20.34702451247123,342764000
2021-07-06,NVDA,NVIDIA,20.604095458984375,20.746940344072726,20.257434361701367,20.642917142581126,446708000
2021-07-07,NVDA,NVIDIA,20.278837203979492,20.779792073320536,20.239269348710295,20.758390496324644,418428000
2021-07-08,NVDA,NVIDIA,19.811975479125977,20.041174738555355,19.610897115936638,19.765937028513026,503300000
2021-07-09,NVDA,NVIDIA,19.958803176879883,19.988667035276382,19.664153655569276,19.87145390678074,296624000
2021-07-12,NVDA,NVIDIA,20.4189510345459,20.439107102307077,20.095681199841547,20.1476928162931,321984000
2021-07-13,NVDA,NVIDIA,20.157642364501953,20.36792918431061,20.02226296191594,20.307455300297775,290708000
2021-07-14,NVDA,NVIDIA,19.751007080078125,20.324629020047354,19.66266291046804,20.264903197063806,380100000
2021-07-15,NVDA,NVIDIA,18.879751205444336,19.75648507376061,18.772492675300512,19.721396124960993,550564000
2021-07-16,NVDA,NVIDIA,18.078168869018555,19.069626505196034,17.99057088100206,18.943704278756737,688224000
2021-07-19,NVDA,NVIDIA,18.6940975189209,18.95515041008201,17.784016036287866,17.83354040544613,749060000
2021-07-20,NVDA,NVIDIA,18.527114868164062,18.752083971986252,18.081158128932074,18.644576730253064,434687000
2021-07-21,NVDA,NVIDIA,19.321474075317383,19.43794103502016,18.656521440989437,18.795882316770854,371017000
2021-07-22,NVDA,NVIDIA,19.504638671875,19.796301675105028,19.188088165739423,19.552420095289794,323826000
2021-07-23,NVDA,NVIDIA,19.46879768371582,19.610150227595415,19.16220189145238,19.5663502862294,195672000
2021-07-26,NVDA,NVIDIA,19.206003189086914,19.353326995509125,18.82773525659861,19.222925851749505,203943000
2021-07-27,NVDA,NVIDIA,19.12039566040039,19.532507034154946,18.655524613503584,19.17713490295772,248863000
2021-07-28,NVDA,NVIDIA,19.414051055908203,19.556398512743925,18.908368517411507,19.230890227163382,202191000
2021-07-29,NVDA,NVIDIA,19.57232666015625,19.762455536602744,19.239848425490685,19.42997730193718,190781000
2021-07-30,NVDA,NVIDIA,19.410064697265625,19.54046581793175,19.17514104352935,19.32943286615587,183497000
2021-08-02,NVDA,NVIDIA,19.65992546081543,19.86996358597214,19.272699647938943,19.61015425708338,217444000
2021-08-03,NVDA,NVIDIA,19.72463035583496,20.12977374277201,19.132342754355072,19.64997164851655,301811000
2021-08-04,NVDA,NVIDIA,20.181537628173828,20.22533758250286,19.73757062827696,19.898832456745314,231309000
2021-08-05,NVDA,NVIDIA,20.542879104614258,20.638441941721155,20.249224447514635,20.40650479203226,211435000
2021-08-06,NVDA,NVIDIA,20.273113250732422,20.47618331116727,20.11782460435866,20.4303935804627,178497000
2021-08-09,NVDA,NVIDIA,20.202438354492188,20.414466247960842,20.0511311729326,20.35274874502735,146443000
2021-08-10,NVDA,NVIDIA,19.845073699951172,20.336820073696575,19.744532624439724,20.229312853870223,179238000
2021-08-11,NVDA,NVIDIA,19.609155654907227,19.957559744802627,19.341383413828332,19.951586593338543,185925000
2021-08-12,NVDA,NVIDIA,19.814218521118164,19.937651633578177,19.53051849296908,19.77937830002264,151652000
2021-08-13,NVDA,NVIDIA,20.095922470092773,20.12180485647357,19.760459629886572,19.814214187047156,183063000
2021-08-16,NVDA,NVIDIA,19.85901641845703,20.194479383665566,19.36428140546601,20.04317217239467,210876000
2021-08-17,NVDA,NVIDIA,19.3692569732666,19.679834290499414,19.179128093035906,19.595220967543515,204585000
2021-08-18,NVDA,NVIDIA,18.953163146972656,19.54445389093999,18.913344667898965,19.41106426442262,285913000
2021-08-19,NVDA,NVIDIA,19.707706451416016,20.4015281044792,18.676430196540903,19.405092071189426,766555000
2021-08-20,NVDA,NVIDIA,20.72106170654297,20.76983801312774,19.8420894983611,19.899823633457626,675741000
2021-08-23,NVDA,NVIDIA,21.857851028442383,21.89667271123658,20.85444903468081,20.875353163773784,575807000
2021-08-24,NVDA,NVIDIA,21.693603515625,21.85884677029652,21.436780805743606,21.65378693903574,297299000
2021-08-25,NVDA,NVIDIA,22.111692428588867,22.367520297278727,21.62293250890913,21.637863490780983,347701000
2021-08-26,NVDA,NVIDIA,21.96735191345215,22.23811072383032,21.6906199517518,22.098749850642953,237940000
2021-08-27,NVDA,NVIDIA,22.532764434814453,22.61837265798481,22.06590352409162,22.082826190221216,304722000
2021-08-30,NVDA,NVIDIA,22.58452606201172,22.93790654996559,22.44815174673323,22.725878636923216,262580000
2021-08-31,NVDA,NVIDIA,22.286836624145508,22.59547666794216,22.022999320495497,22.59547666794216,259850000
2021-09-01,NVDA,NVIDIA,22.342588424682617,22.597466292510102,22.258957158391045,22.386396092304786,201767000
2021-09-02,NVDA,NVIDIA,22.297786712646484,22.493923309725275,22.197229795135584,22.419251447689817,187834000
2021-09-03,NVDA,NVIDIA,22.742830276489258,22.88520284967304,22.102650281637818,22.227102137054732,280532000
2021-09-07,NVDA,NVIDIA,22.5626220703125,22.798582279426377,22.42323471429615,22.73287172125641,198107000
2021-09-08,NVDA,NVIDIA,22.241039276123047,22.510850790435214,21.880625312807148,22.414276035210346,254434000
2021-09-09,NVDA,NVIDIA,22.079750061035156,22.43916707430214,22.033952249947387,22.214158290540535,196856000
2021-09-10,NVDA,NVIDIA,22.379430770874023,22.52678058064279,22.172342704078865,22.249999779634756,248376000
2021-09-13,NVDA,NVIDIA,22.05485725402832,22.86329666367151,21.762145909437695,22.58452386410975,297500000
2021-09-14,NVDA,NVIDIA,22.144466400146484,22.311728968222578,21.989150344510975,22.17732073359658,199755000
2021-09-15,NVDA,NVIDIA,22.243026733398438,22.268913686849235,21.86967123574188,22.21116747444568,166538000
2021-09-16,NVDA,NVIDIA,22.144466400146484,22.17931276849567,21.830847186019156,22.085725107931477,156033000
2021-09-17,NVDA,NVIDIA,21.80396270751953,22.223116047519348,21.734269978657856,22.202208228860844,294503000
2021-09-20,NVDA,NVIDIA,21.020414352416992,21.33901075751113,20.57139190308022,21.053268680937446,349440000
2021-09-21,NVDA,NVIDIA,21.152828216552734,21.331042182861882,20.85812676400177,21.323077843301743,204688000
2021-09-22,NVDA,NVIDIA,21.84478759765625,21.863703385380997,21.103053624526165,21.27230824194603,268726000
2021-09-23,NVDA,NVIDIA,22.383413314819336,22.43618040031982,21.79400836896139,22.04291208043508,248555000
2021-09-24,NVDA,NVIDIA,21.984169006347656,22.0518716003552,21.765134441649685,21.973217562960425,217655000
2021-09-27,NVDA,NVIDIA,21.56501579284668,21.703406185279654,21.231485755998357,21.614795771814215,245215000
2021-09-28,NVDA,NVIDIA,20.60822296142578,21.3250665826315,20.560433133480885,21.120965695812398,343069000
2021-09-29,NVDA,NVIDIA,20.427026748657227,20.924834092595493,20.37724487487281,20.84817209585024,218394000
2021-09-30,NVDA,NVIDIA,20.625154495239258,20.973620032961403,20.59727740414024,20.676926507135207,221009000
2021-10-01,NVDA,NVIDIA,20.651037216186523,20.767522794828754,20.11439952459909,20.659001555157612,240978000
2021-10-04,NVDA,NVIDIA,19.645469665527344,20.451917043098803,19.469245817551954,20.414083578048384,345635000
2021-10-05,NVDA,NVIDIA,20.361316680908203,20.557453280437706,19.766934576510337,19.86251425727249,279282000
2021-10-06,NVDA,NVIDIA,20.609224319458008,20.629135169524517,19.991942391773726,20.031767889875287,297202000
2021-10-07,NVDA,NVIDIA,20.98257827758789,21.22849482345153,20.880029336594305,20.99950202415533,256919000
2021-10-08,NVDA,NVIDIA,20.739646911621094,21.113002383054678,20.683892737623648,21.008463306809464,151258000
2021-10-11,NVDA,NVIDIA,20.604246139526367,20.970632383544228,20.421053017517437,20.484773437642136,163388000
2021-10-12,NVDA,NVIDIA,20.580350875854492,20.964657828842242,20.437978323976292,20.73666197268602,162134000
2021-10-13,NVDA,NVIDIA,20.84717559814453,20.897952540851815,20.622166840732383,20.826267780379947,180652000
2021-10-14,NVDA,NVIDIA,21.650638580322266,21.6595979888479,21.029374431188767,21.194646843821843,243589000
2021-10-15,NVDA,NVIDIA,21.766128540039062,21.834826198844418,21.56700673526924,21.71435652898172,226994000
2021-10-18,NVDA,NVIDIA,22.12455177307129,22.193249435993522,21.54908541210571,21.653626407282953,189494000
2021-10-19,NVDA,NVIDIA,22.192251205444336,22.280859708119866,21.940360443621927,22.178310762287502,161473000
2021-10-20,NVDA,NVIDIA,22.006074905395508,22.334627718556206,21.885605224072492,22.207188763908334,146276000
2021-10-21,NVDA,NVIDIA,22.592487335205078,22.611405016436052,21.98615875079242,22.000097295285027,187590000
2021-10-22,NVDA,NVIDIA,22.626340866088867,23.02856856064082,22.46206541817937,22.72291561933294,249384000
2021-10-25,NVDA,NVIDIA,23.064414978027344,23.25258537246077,22.670151571513273,22.87226051368251,230235000
2021-10-26,NVDA,NVIDIA,24.608610153198242,25.14823509331115,23.819088343329533,23.883803837264775,485898000
2021-10-27,NVDA,NVIDIA,24.343778610229492,24.979976430776865,24.175519079784742,24.366678465515687,245990000
2021-10-28,NVDA,NVIDIA,24.83162498474121,24.840586291381936,24.415458790011783,24.768901535208865,234204000
2021-10-29,NVDA,NVIDIA,25.454885482788086,25.59626299550814,24.89037239888094,24.8913674668693,292503000
2021-11-01,NVDA,NVIDIA,25.7137393951416,25.78044501501722,25.116370221539132,25.53652048764444,265740000
2021-11-02,NVDA,NVIDIA,26.28522300720215,26.561008706984403,25.686858734167405,25.708763518692347,294112000
2021-11-03,NVDA,NVIDIA,26.48135757446289,26.666542716501237,26.119950495850016,26.553042329347175,239910000
2021-11-04,NVDA,NVIDIA,29.67031478881836,31.227455386633288,26.999079939655886,27.109593234066324,1153631000
2021-11-05,NVDA,NVIDIA,29.621532440185547,31.262304451458323,29.28103122028558,30.05462434801115,851260000
2021-11-08,NVDA,NVIDIA,30.668912887573242,30.963614337249158,29.7758453334055,30.016784643098717,503101000
2021-11-09,NVDA,NVIDIA,30.52256202697754,32.16831504259849,29.83260209058048,32.140437950177784,646746000
2021-11-10,NVDA,NVIDIA,29.329811096191406,30.714711794494157,28.65179777448314,29.227264049962503,636206000
2021-11-11,NVDA,NVIDIA,30.256731033325195,30.455854738894605,29.646420236957336,30.334390000111334,332172000
2021-11-12,NVDA,NVIDIA,30.256731033325195,30.5454602165024,29.500063610739595,29.878398271524592,413054000
2021-11-15,NVDA,NVIDIA,29.893327713012695,30.509612628277495,29.11873968280061,30.418017027807643,384909000
2021-11-16,NVDA,NVIDIA,30.0705509185791,30.25673114722093,29.575730654228828,29.62849963276353,264484000
2021-11-17,NVDA,NVIDIA,29.132678985595703,30.37520712128107,28.673700206648128,30.28460468714921,428508000
2021-11-18,NVDA,NVIDIA,31.53609848022461,32.61633964212017,31.183650744846176,32.225065268536866,781711000
2021-11-19,NVDA,NVIDIA,32.84035873413086,32.94290770891931,31.7650946968093,32.101611886418695,533867000
2021-11-22,NVDA,NVIDIA,31.81586456298828,34.49506385982345,31.76011037964673,33.37001812058742,754335000
2021-11-23,NVDA,NVIDIA,31.60678482055664,32.21809257052514,30.744581358909567,31.39670967652622,532163000
2021-11-24,NVDA,NVIDIA,32.53070831298828,32.710914296371996,30.792365088496854,31.323028564645966,435162000
2021-11-26,NVDA,NVIDIA,31.36484718322754,32.56655284259445,31.21251827008266,32.457034628286934,283069000
2021-11-29,NVDA,NVIDIA,33.229637145996094,33.265478577950766,31.895513237231377,32.22406792574834,454964000
2021-11-30,NVDA,NVIDIA,32.532691955566406,33.20672478941498,31.724254759673958,33.02352984181375,622066000
2021-12-01,NVDA,NVIDIA,31.300973892211914,33.14707120888577,31.246208085130032,33.07736996322392,484368000
2021-12-02,NVDA,NVIDIA,31.989030838012695,32.33953127754449,30.892725098561222,31.080920379263713,472890000
2021-12-03,NVDA,NVIDIA,30.562145233154297,31.99202385703251,30.001543883661746,31.863572220980746,544325000
2021-12-06,NVDA,NVIDIA,29.908945083618164,30.112073950169314,27.91846679531978,29.752612926604016,658938000
2021-12-07,NVDA,NVIDIA,32.28875732421875,32.310666695449044,30.520329586656192,30.825026722109563,593053000
2021-12-08,NVDA,NVIDIA,31.690309524536133,32.15233195161621,31.287035565153957,31.862572270378273,475551000
2021-12-09,NVDA,NVIDIA,30.36000633239746,32.06769651903593,30.29827039453706,31.59870204936308,488507000
2021-12-10,NVDA,NVIDIA,30.069252014160156,31.17153271430594,29.733688906259296,31.017192866760514,488825000
2021-12-13,NVDA,NVIDIA,28.040937423706055,30.16484489291169,27.9961292011688,30.12003667037444,598344000
2021-12-14,NVDA,NVIDIA,28.216190338134766,28.555736152702433,27.13382466783278,27.580909846868153,667035000
2021-12-15,NVDA,NVIDIA,30.329139709472656,30.36996527334218,27.71931388041696,28.27891810418674,698297000
2021-12-16,NVDA,NVIDIA,28.265972137451172,31.02715026159255,27.973226872595866,31.019184946678816,707366000
2021-12-17,NVDA,NVIDIA,27.68247413635254,28.79869516682683,27.64164857062036,27.865689688111814,713758000
2021-12-20,NVDA,NVIDIA,27.60081672668457,28.024003930739724,27.029264634092446,27.188582303799077,461847000
2021-12-21,NVDA,NVIDIA,28.95104217529297,28.995850397906604,27.284177433595826,28.25303061151138,524385000
2021-12-22,NVDA,NVIDIA,29.274658203125,29.42899807324993,28.327712401555452,28.767829354035246,395184000
2021-12-23,NVDA,NVIDIA,29.513629913330078,29.930844139118374,29.305521344818228,29.628139385488993,343022000
2021-12-27,NVDA,NVIDIA,30.813072204589844,30.954467015008788,29.513635493426495,29.53355068344991,403686000
2021-12-28,NVDA,NVIDIA,30.192726135253906,31.196428065606888,29.88404641723083,31.178505155996454,420591000
2021-12-29,NVDA,NVIDIA,29.87309455871582,30.41776338511472,29.240801560831677,30.14393618740853,343139000
2021-12-30,NVDA,NVIDIA,29.45986557006836,30.32715249863817,29.41406215423733,29.69983733274605,308864000
2021-12-31,NVDA,NVIDIA,29.285608291625977,29.901970626455444,29.20594944000827,29.54748750226571,266530000
2022-01-03,NVDA,NVIDIA,29.992586135864258,30.58007095463998,29.65801815616507,29.68789094158686,391547000
2022-01-04,NVDA,NVIDIA,29.165124893188477,30.33810206507223,28.228136800951273,30.147916396398475,527154000
2022-01-05,NVDA,NVIDIA,27.486312866210938,29.290587837147367,27.41561641931234,28.82557789334784,498064000
2022-01-06,NVDA,NVIDIA,28.057863235473633,28.316754959283724,26.949609518873476,27.522156879900578,454186000
2022-01-07,NVDA,NVIDIA,27.13083267211914,28.30082422135425,26.941642201747857,28.021022122800325,409939000
2022-01-10,NVDA,NVIDIA,27.283184051513672,27.351890124020873,25.53466996334042,26.467675485447426,594681000
2022-01-11,NVDA,NVIDIA,27.698406219482422,27.94535000609593,26.724577023199927,27.20651282406831,404089000
2022-01-12,NVDA,NVIDIA,27.87963104248047,28.47308885587238,27.490297267388375,27.947340025615873,383413000
2022-01-13,NVDA,NVIDIA,26.461700439453125,28.358577413604603,26.38502715764647,28.258008185903833,540171000
2022-01-14,NVDA,NVIDIA,26.827133178710938,27.08104705883841,26.098253685229988,26.18787012536713,395832000
2022-01-18,NVDA,NVIDIA,25.792564392089844,26.524431382788112,25.660132004918143,26.148042698978056,424270000
2022-01-19,NVDA,NVIDIA,24.960132598876953,26.429839877619013,24.945197155347234,25.967819225021024,488315000
2022-01-20,NVDA,NVIDIA,24.047035217285156,25.469943474688908,23.975341690509236,25.19611632702869,435181000
2022-01-21,NVDA,NVIDIA,23.27434730529785,24.717169013281726,23.163820484440176,23.406779692719766,718958000
2022-01-24,NVDA,NVIDIA,23.272357940673828,23.280323256927787,20.79894871741768,22.234800479522537,913982000
2022-01-25,NVDA,NVIDIA,22.228822708129883,22.8451850306954,21.906204650379927,22.449876349333593,664616000
2022-01-26,NVDA,NVIDIA,22.674917221069336,23.954438826073826,22.204929341327563,23.140922442388803,755959000
2022-01-27,NVDA,NVIDIA,21.850448608398438,23.892705380193526,21.58259440609181,23.46752572050447,573353000
2022-01-28,NVDA,NVIDIA,22.74262809753418,22.76055101003184,21.2052098936802,21.918157029687126,543774000
2022-01-31,NVDA,NVIDIA,24.381607055664062,24.404509712140047,22.953720720505,23.083165646073763,564680000
2022-02-01,NVDA,NVIDIA,24.532960891723633,25.03779935981821,23.788148758594023,24.996973791149287,518925000
2022-02-02,NVDA,NVIDIA,25.134387969970703,25.70693546964293,24.448324260936168,25.684034709186335,543419000
2022-02-03,NVDA,NVIDIA,23.845897674560547,24.970083895234886,23.678614671732475,24.353723517852895,410178000
2022-02-04,NVDA,NVIDIA,24.215316772460938,24.529969498879858,23.531245506923437,23.869796077051603,354829000
2022-02-07,NVDA,NVIDIA,24.62257194519043,25.074634872099356,24.098813592190186,24.26808886721252,376868000
2022-02-08,NVDA,NVIDIA,25.000951766967773,25.12243136129767,23.877760740156685,24.255144583805702,410359000
2022-02-09,NVDA,NVIDIA,26.59114646911621,26.611061657409135,25.244911267514784,25.51276352295215,524282000
2022-02-10,NVDA,NVIDIA,25.713903427124023,26.81020934447509,25.490859383243375,25.884175827584478,513200000
2022-02-11,NVDA,NVIDIA,23.846891403198242,26.04049979796421,23.67164309646189,25.805505937406497,605472000
2022-02-14,NVDA,NVIDIA,24.163543701171875,24.76895144242699,23.653725456398867,23.831963183959466,440424000
2022-02-15,NVDA,NVIDIA,26.382041931152344,26.431828001236315,24.67833617578049,24.842631726431065,699869000
2022-02-16,NVDA,NVIDIA,26.397972106933594,26.468670452357063,25.443061093040882,26.147047583163317,732676000
2022-02-17,NVDA,NVIDIA,24.402515411376953,25.675066590866578,24.06197445592718,25.52072674309447,810595000
2022-02-18,NVDA,NVIDIA,23.541210174560547,24.87948032836527,23.001520998643432,24.562835228473638,761255000
2022-02-22,NVDA,NVIDIA,23.290279388427734,23.96140567068865,22.901942706800956,22.936793337243518,633422000
2022-02-23,NVDA,NVIDIA,22.29155731201172,24.052021400692805,22.20592541181683,23.700525696809972,566511000
2022-02-24,NVDA,NVIDIA,23.64675521850586,23.698533574396834,20.800939822460943,20.92540691455172,735801000
2022-02-25,NVDA,NVIDIA,24.05401039123535,24.113754059814244,23.28131966006848,23.6198702807105,528866000
2022-02-28,NVDA,NVIDIA,24.281038284301758,24.559845228253224,23.605929341272788,23.88971413278726,477319000
2022-03-01,NVDA,NVIDIA,23.376911163330078,24.273075765282154,23.033382665393212,24.18744196343962,412056000
2022-03-02,NVDA,NVIDIA,24.120853424072266,24.309080821194527,23.319150331128935,23.658754033910338,389642000
2022-03-03,NVDA,NVIDIA,23.616920471191406,24.22641458306048,23.37292261489187,24.16267550692926,365095000
2022-03-04,NVDA,NVIDIA,22.84210777282715,23.583061545150027,22.389965840443992,23.288273750720784,431415000
2022-03-07,NVDA,NVIDIA,21.26458740234375,22.938707297032252,21.242678105287446,22.723590064178474,450821000
2022-03-08,NVDA,NVIDIA,21.425926208496094,22.281408900955046,20.56546292122889,21.22176551078603,557467000
2022-03-09,NVDA,NVIDIA,22.91978645324707,23.124942518382856,22.15592615939423,22.295352427006858,492742000
2022-03-10,NVDA,NVIDIA,22.56524658203125,22.694713569217846,21.792422296882368,22.43876567263354,428066000
2022-03-11,NVDA,NVIDIA,22.0095272064209,23.050249252253458,21.955747421099613,22.927751696595113,367209000
2022-03-14,NVDA,NVIDIA,21.242687225341797,22.17087136550466,21.072387671649434,21.77948043000286,385354000
2022-03-15,NVDA,NVIDIA,22.87895393371582,22.943688372057732,21.234713636338597,21.429910411009644,491996000
2022-03-16,NVDA,NVIDIA,24.395721435546875,24.496307806427332,23.077142064193676,23.40379845485764,671422000
2022-03-17,NVDA,NVIDIA,24.66461753845215,24.740304734658185,23.808137465094195,24.021262124146144,471941000
2022-03-18,NVDA,NVIDIA,26.344703674316406,26.460229908603445,24.523192811825133,24.69747562276656,730719000
2022-03-21,NVDA,NVIDIA,26.624555587768555,27.04084554919752,25.86069533534459,26.39848559475205,591727000
2022-03-22,NVDA,NVIDIA,26.415420532226562,27.12649837424718,25.965271190591476,26.617588642474022,547007000
2022-03-23,NVDA,NVIDIA,25.52906608581543,26.503061308641655,25.47030759151567,26.01905072507215,502120000
2022-03-24,NVDA,NVIDIA,28.034761428833008,28.204065572576116,25.80094361026962,26.058884112048176,877379000
2022-03-25,NVDA,NVIDIA,27.578632354736328,28.241906210807365,27.159356339542615,27.771838389654814,579016000
2022-03-28,NVDA,NVIDIA,28.103483200073242,28.13435643593802,27.094629507787083,27.64237917989263,425494000
2022-03-29,NVDA,NVIDIA,28.5386905670166,28.827502401169717,27.865457327415218,28.57753047133925,488984000
2022-03-30,NVDA,NVIDIA,27.576644897460938,28.379345100642087,27.390410153130244,28.188131660804462,463487000
2022-03-31,NVDA,NVIDIA,27.174299240112305,28.132361016808318,27.15836589385924,27.66826906522798,523440000
2022-04-01,NVDA,NVIDIA,26.60264778137207,27.38343868051935,26.1594698017538,27.26293373491524,517235000
2022-04-04,NVDA,NVIDIA,27.247997283935547,27.44518668797612,26.504055527761597,26.61858452561167,397120000
2022-04-05,NVDA,NVIDIA,25.824844360351562,27.2071627020829,25.714298707379786,27.14242826487716,436615000
2022-04-06,NVDA,NVIDIA,24.307085037231445,25.19642902764495,23.90473955432291,24.83192809110766,703833000
2022-04-07,NVDA,NVIDIA,24.108898162841797,24.620793903525843,23.3818870718976,24.340944116539315,557992000
2022-04-08,NVDA,NVIDIA,23.02436065673828,23.825070291997637,22.967594779406074,23.819094336633995,524781000
2022-04-11,NVDA,NVIDIA,21.827280044555664,22.22863019589857,21.57133213415732,22.12306512210957,575207000
2022-04-12,NVDA,NVIDIA,21.415971755981445,22.63197418552907,21.194880405154606,22.44474404870181,662258000
2022-04-13,NVDA,NVIDIA,22.112102508544922,22.407887504997525,21.367165542672698,21.639048625293768,516943000
2022-04-14,NVDA,NVIDIA,21.170978546142578,22.683761433038065,21.076368118078577,22.412873619780424,569097000
2022-04-18,NVDA,NVIDIA,21.693828582763672,21.997578418558497,20.99271005360588,21.113215008567124,525701000
2022-04-19,NVDA,NVIDIA,22.107128143310547,22.281410987109858,21.226746193463015,21.631084290617952,512781000
2022-04-20,NVDA,NVIDIA,21.39405632019043,22.577192555974293,21.113211195451072,22.42481903619335,468974000
2022-04-21,NVDA,NVIDIA,20.100374221801758,22.300330524281193,19.918122835592186,21.620126067181815,656209000
2022-04-22,NVDA,NVIDIA,19.43511199951172,20.402137743310213,19.420174011970897,20.219886317241535,624713000
2022-04-25,NVDA,NVIDIA,19.820526123046875,19.863349361314793,19.017825948530263,19.12339100546342,641566000
2022-04-26,NVDA,NVIDIA,18.711084365844727,19.70699048993832,18.59356741280904,19.6372773651782,653143000
2022-04-27,NVDA,NVIDIA,18.33961296081543,19.088533303599878,18.215124690050864,18.52186245193841,499460000
2022-04-28,NVDA,NVIDIA,19.701019287109375,19.95497647373352,18.41430844686625,18.8893550683818,570327000
2022-04-29,NVDA,NVIDIA,18.471073150634766,20.045600227897243,18.441195280836077,19.3225724947239,500435000
2022-05-02,NVDA,NVIDIA,19.453035354614258,19.493865971063627,18.3157103580548,18.46509589745595,572049000
2022-05-03,NVDA,NVIDIA,19.52174949645996,19.743838017589198,19.054669700117355,19.32057681054848,475751000
2022-05-04,NVDA,NVIDIA,20.25075912475586,20.316488927908352,18.67423920836695,19.84144231861461,648855000
2022-05-05,NVDA,NVIDIA,18.766857147216797,19.843431175196322,18.424265535645223,19.785669950252917,626331000
2022-05-06,NVDA,NVIDIA,18.598546981811523,19.43212034048371,17.916351786613728,18.659298078838052,633297000
2022-05-09,NVDA,NVIDIA,16.880611419677734,18.180267458938104,16.75811385880719,17.960173412210224,644455000
2022-05-10,NVDA,NVIDIA,17.522972106933594,18.12350429350738,16.955305773137006,17.616587170071877,761474000
2022-05-11,NVDA,NVIDIA,16.56192398071289,17.68032805554246,16.50017940475814,17.27598988657447,670167000
2022-05-12,NVDA,NVIDIA,16.10878562927246,16.719277132650767,15.503275671521447,16.15260613492584,708728000
2022-05-13,NVDA,NVIDIA,17.63351821899414,17.854609562915,16.52507542137206,16.719276866807252,670437000
2022-05-16,NVDA,NVIDIA,17.193326950073242,17.71518203809066,17.035974706114335,17.437324838562272,521446000
2022-05-17,NVDA,NVIDIA,18.102588653564453,18.295794716695035,17.561812268275418,18.00000966759252,585830000
2022-05-18,NVDA,NVIDIA,16.86865997314453,18.043829664901942,16.794963502496497,17.63252027278685,545161000
2022-05-19,NVDA,NVIDIA,17.053897857666016,17.61459275966754,16.665493158414193,16.867663129735934,621310000
2022-05-20,NVDA,NVIDIA,16.625661849975586,17.33873044435796,15.690505601912752,17.26105062577283,739105000
2022-05-23,NVDA,NVIDIA,16.828824996948242,16.845755601223512,16.112768519957527,16.207378932516523,639889000
2022-05-24,NVDA,NVIDIA,16.08786964416504,16.529056923699873,15.715401091996485,16.44241318228326,588550000
2022-05-25,NVDA,NVIDIA,16.905508041381836,17.040950964789868,15.934499121271301,15.954417701062567,781132000
2022-05-26,NVDA,NVIDIA,17.777923583984375,18.01793623253497,15.9564104502552,15.970353077975645,996575000
2022-05-27,NVDA,NVIDIA,18.733993530273438,18.80370666474349,18.02590373672392,18.111552116018746,738379000
2022-05-31,NVDA,NVIDIA,18.59556007385254,19.12139838703036,18.27487779966752,18.902297823512807,664100000
2022-06-01,NVDA,NVIDIA,18.245006561279297,18.975005819632933,18.047817122189745,18.64735401344506,544514000
2022-06-02,NVDA,NVIDIA,19.511798858642578,19.53868875916127,18.123506118928606,18.217121191495913,648656000
2022-06-03,NVDA,NVIDIA,18.64336395263672,19.25285997901017,18.446174564570704,19.00388342136499,598779000
2022-06-06,NVDA,NVIDIA,18.709096908569336,19.257841926957315,18.48800556646816,19.060652505586596,422406000
2022-06-07,NVDA,NVIDIA,18.848526000976562,18.92222248536811,18.113546177196397,18.396384003134806,388914000
2022-06-08,NVDA,NVIDIA,18.575586318969727,19.105520032436974,18.46302425711577,18.72599902469666,363252000
2022-06-09,NVDA,NVIDIA,17.977914810180664,18.859478331118886,17.97094202357339,18.409233910241724,395574000
2022-06-10,NVDA,NVIDIA,16.90808868408203,17.628280755740548,16.803494968741788,17.531657297722646,465248000
2022-06-13,NVDA,NVIDIA,15.586240768432617,16.248658440141707,15.54539961251888,15.9378697072585,604153000
2022-06-14,NVDA,NVIDIA,15.774505615234375,16.003612016416973,15.35215136745031,15.669912860368118,469680000
2022-06-15,NVDA,NVIDIA,16.462825775146484,16.802501270573813,15.864158686622957,16.032502129668625,563936000
2022-06-16,NVDA,NVIDIA,15.54041862487793,15.88009502147224,15.341195447240926,15.79841271116568,545749000
2022-06-17,NVDA,NVIDIA,15.818334579467773,15.932887781168011,15.26847807134145,15.58723513693202,630334000
2022-06-21,NVDA,NVIDIA,16.501670837402344,16.94195389912008,16.343287871553795,16.411024604098987,483089000
2022-06-22,NVDA,NVIDIA,16.29646873474121,16.59729600370665,16.117167436690835,16.162988330653885,437135000
2022-06-23,NVDA,NVIDIA,16.16199493408203,16.5205956784527,15.79143880496092,16.454851986991518,463680000
2022-06-24,NVDA,NVIDIA,17.059499740600586,17.07344531824859,16.246668257795235,16.435931025834183,472153000
2022-06-27,NVDA,NVIDIA,16.803489685058594,17.26269985867149,16.561433331282462,17.244770110232803,427968000
2022-06-28,NVDA,NVIDIA,15.919939041137695,17.135200852696613,15.883082065971653,16.834373533612357,461149000
2022-06-29,NVDA,NVIDIA,15.481648445129395,15.758568817578366,15.111093222281093,15.752592549454855,482352000
2022-06-30,NVDA,NVIDIA,15.100135803222656,15.506551472546047,14.804289165625038,15.301351073584014,686070000
2022-07-01,NVDA,NVIDIA,14.466604232788086,15.004507273555733,14.336113363533372,14.84114455708728,577610000
2022-07-05,NVDA,NVIDIA,14.905892372131348,14.912865159719473,14.000422705433717,14.11995661407491,651397000
2022-07-06,NVDA,NVIDIA,15.071247100830078,15.259513302763182,14.731570721690755,14.951713200390376,529066000
2022-07-07,NVDA,NVIDIA,15.796420097351074,15.883082152996206,15.329241452564782,15.395981666093258,492903000
2022-07-08,NVDA,NVIDIA,15.776497840881348,15.974725437074959,15.329241049958439,15.370082202682903,467972000
2022-07-11,NVDA,NVIDIA,15.093160629272461,15.466704390913305,14.97960300654342,15.465707871427929,437321000
2022-07-12,NVDA,NVIDIA,15.02343463897705,15.371079409038126,14.819230753552452,15.20871225038852,458483000
2022-07-13,NVDA,NVIDIA,15.105113983154297,15.315295058565692,14.408828966444313,14.533343560416391,521918000
2022-07-14,NVDA,NVIDIA,15.312307357788086,15.412914988487683,14.67080807841094,15.049332580525368,456235000
2022-07-15,NVDA,NVIDIA,15.700794219970703,15.720716063425629,15.38502478396033,15.59819449374581,385935000
2022-07-18,NVDA,NVIDIA,16.03847885131836,16.83138747265714,15.939864245998463,16.238698571143832,670517000
2022-07-19,NVDA,NVIDIA,16.926015853881836,17.043557657032984,16.109200448917402,16.42198027766924,702366000
2022-07-20,NVDA,NVIDIA,17.73784828186035,17.863360331709984,16.735756321576044,16.881189260341582,760538000
2022-07-21,NVDA,NVIDIA,17.979904174804688,18.073538999996114,17.476866119251895,17.815545920988264,557049000
2022-07-22,NVDA,NVIDIA,17.251747131347656,17.897229633267205,17.07045276387724,17.823517582725398,536671000
2022-07-25,NVDA,NVIDIA,16.957887649536133,17.057499680619006,16.58434395793146,16.952906003014185,480748000
2022-07-26,NVDA,NVIDIA,16.468799591064453,16.853300347202065,16.414012864423395,16.823416159959134,397865000
2022-07-27,NVDA,NVIDIA,17.720918655395508,17.86635161594308,16.84732342255859,16.965860804114296,569776000
2022-07-28,NVDA,NVIDIA,17.91416358947754,18.069557945364984,17.372277332995978,17.90519966314176,474646000
2022-07-29,NVDA,NVIDIA,18.092470169067383,18.173155009470385,17.623298471299282,17.743828897049305,435460000
2022-08-01,NVDA,NVIDIA,18.369388580322266,18.772816539459214,17.9201397228468,18.111393572390696,476469000
2022-08-02,NVDA,NVIDIA,18.454059600830078,18.864460391381805,18.021744878238078,18.051629067336524,489527000
2022-08-03,NVDA,NVIDIA,18.81963539123535,18.89434491533446,18.066570532098716,18.113388905855146,418146000
2022-08-04,NVDA,NVIDIA,19.140384674072266,19.199155581116848,18.68715160109545,18.77580669644715,409652000
2022-08-05,NVDA,NVIDIA,18.91526222229004,19.154330026144063,18.59351654169447,18.73695646403008,386068000
2022-08-08,NVDA,NVIDIA,17.723909378051758,18.168178617007293,17.175050208097336,17.4340408608633,981859000
2022-08-09,NVDA,NVIDIA,17.019651412963867,17.379249624350564,16.65905763199982,17.18500716001782,668263000
2022-08-10,NVDA,NVIDIA,18.02672576904297,18.04764413055042,17.24975398460474,17.629275000459376,597422000
2022-08-11,NVDA,NVIDIA,17.872325897216797,18.634356491462075,17.80658220790549,18.06059303930121,509327000
2022-08-12,NVDA,NVIDIA,18.636348724365234,18.645314550682862,17.883283911712684,18.089480817540075,478094000
2022-08-15,NVDA,NVIDIA,18.958099365234375,19.089586785990303,18.540727596284007,18.628385243473794,457666000
2022-08-16,NVDA,NVIDIA,18.80568504333496,19.06766419608737,18.42915270932747,18.846526188812202,451240000
2022-08-17,NVDA,NVIDIA,18.26380157470703,18.615431461944837,18.074540740730857,18.45107316928741,446799000
2022-08-18,NVDA,NVIDIA,18.700103759765625,18.79174557455485,18.11239462163172,18.2299364492585,415447000
2022-08-19,NVDA,NVIDIA,17.77968978881836,18.448083694133654,17.70099608999701,18.334526059114626,441588000
2022-08-22,NVDA,NVIDIA,16.96785545349121,17.4898208696324,16.90011871477872,17.422084130919913,409593000
2022-08-23,NVDA,NVIDIA,17.11428451538086,17.397182115122416,16.904103405013966,16.92303062961487,369986000
2022-08-24,NVDA,NVIDIA,17.155122756958008,17.338408253803493,16.829392914726995,16.94593725189229,522661000
2022-08-25,NVDA,NVIDIA,17.843441009521484,17.877309377171127,16.767634901441976,16.7785918674599,770691000
2022-08-26,NVDA,NVIDIA,16.196857452392578,17.8543951679038,16.173946054363714,17.787655912695254,769127000
2022-08-29,NVDA,NVIDIA,15.739639282226562,16.27455364227297,15.70577186993532,15.957789648026925,496132000
2022-08-30,NVDA,NVIDIA,15.407936096191406,15.9767179755962,15.123046421676525,15.898025221954772,530181000
2022-08-31,NVDA,NVIDIA,15.035385131835938,15.479653272888758,14.90090915114216,15.32425893297207,573710000
2022-09-01,NVDA,NVIDIA,13.882880210876465,14.32415979672276,13.218470483091595,14.153823343963365,1178865000
2022-09-02,NVDA,NVIDIA,13.594006538391113,14.115970968690647,13.538223289757255,14.045247525726571,743157000
2022-09-06,NVDA,NVIDIA,13.412712097167969,13.72549288368182,13.299154469269991,13.67767894562563,535751000
2022-09-07,NVDA,NVIDIA,13.66480541229248,13.788361151575964,13.298125457424504,13.51434705091727,512657000
2022-09-08,NVDA,NVIDIA,13.939815521240234,13.957751553071784,13.321043803751946,13.410720161896329,624873000
2022-09-09,NVDA,NVIDIA,14.335391998291016,14.422079811274344,14.075328559341035,14.106216544794995,486612000
2022-09-12,NVDA,NVIDIA,14.452967643737793,14.49481679850031,14.147068757337559,14.317455823482035,484159000
2022-09-13,NVDA,NVIDIA,13.083895683288574,13.87205855128794,13.052010885075777,13.752489132610048,714956000
2022-09-14,NVDA,NVIDIA,13.080909729003906,13.242328333669455,12.866680788407212,13.206457215881514,588507000
2022-09-15,NVDA,NVIDIA,12.882621765136719,13.185531175680374,12.74412043844494,12.968313711994472,523625000
2022-09-16,NVDA,NVIDIA,13.150657653808594,13.164607373852498,12.571741421226356,12.696293036048875,670751000
2022-09-19,NVDA,NVIDIA,13.333995819091797,13.414705581325622,12.96333052263512,12.965323203760738,569685000
2022-09-20,NVDA,NVIDIA,13.12873649597168,13.434635427165027,13.010163873448496,13.167597109836768,524818000
2022-09-21,NVDA,NVIDIA,13.21342945098877,13.980667741595738,13.062971099601787,13.165602253694058,807679000
2022-09-22,NVDA,NVIDIA,12.515942573547363,13.101833667672771,12.383420232786193,13.023116575574866,759162000
2022-09-23,NVDA,NVIDIA,12.47110366821289,12.565763159913388,12.213032901606326,12.375448310956983,663309000
2022-09-26,NVDA,NVIDIA,12.184134483337402,12.613589074579467,12.170184766010799,12.446191516406993,547343000
2022-09-27,NVDA,NVIDIA,12.3684720993042,12.690313385658438,12.214028382542947,12.462134764959494,553854000
2022-09-28,NVDA,NVIDIA,12.690313339233398,12.77700114543241,12.309683684312093,12.365482557221197,542414000
2022-09-29,NVDA,NVIDIA,12.176164627075195,12.455159943744142,11.903147353863744,12.403346432766009,532763000
2022-09-30,NVDA,NVIDIA,12.095453262329102,12.587681551450936,12.031682722625826,12.043639758211013,565638000
2022-10-03,NVDA,NVIDIA,12.467116355895996,12.632521236553906,12.061575828714862,12.302708290891008,547478000
2022-10-04,NVDA,NVIDIA,13.119765281677246,13.172575601055602,12.832798329827137,12.832798329827137,584182000
2022-10-05,NVDA,NVIDIA,13.161617279052734,13.273215984590474,12.575727163303043,12.864686858561551,507131000
2022-10-06,NVDA,NVIDIA,13.082901000976562,13.60701418955063,13.055997427970787,13.172578310658011,644157000
2022-10-07,NVDA,NVIDIA,12.03268051147461,12.624549544676155,11.978874322115674,12.460141479897947,672478000
2022-10-10,NVDA,NVIDIA,11.628135681152344,12.080506544532378,11.36707548368734,11.993818750562575,698699000
2022-10-11,NVDA,NVIDIA,11.544438362121582,11.803504950434311,11.242524855590247,11.519527473651838,667482000
2022-10-12,NVDA,NVIDIA,11.458746910095215,11.692903570079896,11.304303196073544,11.537463990629318,492590000
2022-10-13,NVDA,NVIDIA,11.917096138000488,12.034672869060671,10.774210439470531,10.931643641216205,850103000
2022-10-14,NVDA,NVIDIA,11.186725616455078,12.06755426824253,11.16380836002219,12.013748081279001,713432000
2022-10-17,NVDA,NVIDIA,11.845356941223145,11.905142137623429,11.475688390180704,11.476684255806191,580774000
2022-10-18,NVDA,NVIDIA,11.924072265625,12.44718861782601,11.576324213052954,12.299719755620746,659362000
2022-10-19,NVDA,NVIDIA,12.007771492004395,12.30569968628764,11.791549885257231,11.836388541745388,523131000
2022-10-20,NVDA,NVIDIA,12.150257110595703,12.723194242073287,12.061575677964084,12.069547352328092,652398000
2022-10-21,NVDA,NVIDIA,12.421279907226562,12.45316565230335,11.84435745216042,12.054600015489106,609494000
2022-10-24,NVDA,NVIDIA,12.553805351257324,12.664407237339118,12.020724633774568,12.463132178101741,517457000
2022-10-25,NVDA,NVIDIA,13.21342945098877,13.252290058434822,12.618570904437151,12.648463971781274,505482000
2022-10-26,NVDA,NVIDIA,12.849740982055664,13.339975768369426,12.662415625938275,12.822838357636293,532953000
2022-10-27,NVDA,NVIDIA,13.12873649597168,13.788362513806657,13.074930296219073,13.581108440535328,583113000
2022-10-28,NVDA,NVIDIA,13.784375190734863,13.800318541551777,13.014148282801942,13.056994256397354,521040000
2022-10-31,NVDA,NVIDIA,13.448582649230957,13.78835995245815,13.24930028897117,13.728574769253589,486341000
2022-11-01,NVDA,NVIDIA,13.49441909790039,13.875048766316969,13.470505022876246,13.761457385078938,432817000
2022-11-02,NVDA,NVIDIA,13.17158031463623,14.159025547914593,13.16360959020308,13.800317291584546,672628000
2022-11-03,NVDA,NVIDIA,13.372858047485352,13.731567326146932,12.909526812969911,12.996214635245538,500065000
2022-11-04,NVDA,NVIDIA,14.105217933654785,14.177956013160445,13.64786393146218,13.935827703250586,612576000
2022-11-07,NVDA,NVIDIA,14.249699592590332,14.360301478064772,13.903945167549931,14.1769615012651,410061000
2022-11-08,NVDA,NVIDIA,14.54962158203125,14.837584472787446,14.165005566889713,14.74790715863396,595292000
2022-11-09,NVDA,NVIDIA,13.726583480834961,14.160023489846735,13.709644264687311,14.111198522670565,454414000
2022-11-10,NVDA,NVIDIA,15.693501472473145,15.716418731024099,14.49481681539553,14.746909510215898,700819000
2022-11-11,NVDA,NVIDIA,16.268430709838867,16.330208574296904,15.426462616385566,15.750296571579392,655487000
2022-11-14,NVDA,NVIDIA,16.23655128479004,16.4806733266682,15.864889059905279,16.159827811787714,527852000
2022-11-15,NVDA,NVIDIA,16.606216430664062,16.93702431634431,16.323234794348377,16.66201530534491,545876000
2022-11-16,NVDA,NVIDIA,15.852928161621094,16.303306431643236,15.816061182952085,16.1040250035794,649547000
2022-11-17,NVDA,NVIDIA,15.620763778686523,16.20765162732223,15.47927296101109,15.658627572163233,710894000
2022-11-18,NVDA,NVIDIA,15.353724479675293,15.94459765168975,15.065760685221573,15.908725591523805,492072000
2022-11-21,NVDA,NVIDIA,15.262055397033691,15.421481294578124,15.025905097362354,15.092665143329405,404739000
2022-11-22,NVDA,NVIDIA,15.980469703674316,16.0003984171812,15.067755150531777,15.273016528487188,472866000
2022-11-23,NVDA,NVIDIA,16.459745407104492,16.467718033836586,15.99043611685495,16.040256006522444,427241000
2022-11-25,NVDA,NVIDIA,16.211639404296875,16.42786007515215,16.113991359394493,16.259467561128588,167934000
2022-11-28,NVDA,NVIDIA,15.770223617553711,16.29832303773038,15.668590235782947,15.968509153770949,303741000
2022-11-29,NVDA,NVIDIA,15.58289909362793,15.874848252781751,15.464326492119582,15.770224418844657,298384000
2022-11-30,NVDA,NVIDIA,16.86661148071289,16.873588125710516,15.545029610898084,15.644695832221814,565298000
2022-12-01,NVDA,NVIDIA,17.077898025512695,17.207463965478787,16.579564270117494,16.942351563411925,470977000
2022-12-02,NVDA,NVIDIA,16.819766998291016,16.87657817899184,16.39020337504846,16.603491006042972,371389000
2022-12-05,NVDA,NVIDIA,16.554649353027344,16.938366605030453,16.417108738331706,16.623419660375163,352255000
2022-12-06,NVDA,NVIDIA,15.933727264404297,16.51777403742583,15.766286867339783,16.474918055552177,352694000
2022-12-07,NVDA,NVIDIA,16.066287994384766,16.132068063074126,15.614796399611805,15.719447027343028,372388000
2022-12-08,NVDA,NVIDIA,17.111787796020508,17.121754700808335,15.905818930591325,16.218773657752436,515456000
2022-12-09,NVDA,NVIDIA,16.944345474243164,17.524406752700667,16.91843304409184,17.1028160194911,465338000
2022-12-12,NVDA,NVIDIA,17.4765682220459,17.47955848372448,16.741028482869503,16.9802285062354,457328000
2022-12-13,NVDA,NVIDIA,18.011781692504883,18.727389611689624,17.651984541709513,18.469251865722775,656589000
2022-12-14,NVDA,NVIDIA,17.61510467529297,18.191179623464766,17.36195136904166,17.927061390913362,496888000
2022-12-15,NVDA,NVIDIA,16.8955078125,17.26228149783114,16.644348687257953,17.088861558689974,478542000
2022-12-16,NVDA,NVIDIA,16.51578140258789,16.984216489206464,16.355318584988897,16.807806241482627,478232000
2022-12-19,NVDA,NVIDIA,16.19983673095703,16.55365331311345,16.091200695343332,16.516777854754576,354039000
2022-12-20,NVDA,NVIDIA,16.031404495239258,16.255655184218554,15.799181990346474,16.01047455766742,403260000
2022-12-21,NVDA,NVIDIA,16.446014404296875,16.571595897427166,16.048343794868938,16.060304842306547,325025000
2022-12-22,NVDA,NVIDIA,15.287885665893555,16.084223899243984,14.832408745526728,16.040369896727526,565045000
2022-12-23,NVDA,NVIDIA,15.155328750610352,15.287884971363319,14.833405142358366,15.145361845900647,349326000
2022-12-27,NVDA,NVIDIA,14.073945045471191,15.049682826445732,14.009161111934528,15.023769443130346,464902000
2022-12-28,NVDA,NVIDIA,13.989229202270508,14.214475953122395,13.837735273982746,13.880592209011148,351066000
2022-12-29,NVDA,NVIDIA,14.554340362548828,14.634073714841978,14.179593796870332,14.354010861447797,354923000
2022-12-30,NVDA,NVIDIA,14.565303802490234,14.580253211433105,14.18557284700013,14.286236129267657,310490000
2023-01-03,NVDA,NVIDIA,14.267298698425293,14.946030156445817,14.049028593833635,14.801512873667992,401277000
2023-01-04,NVDA,NVIDIA,14.699851989746094,14.803505525216863,14.193545359327329,14.518459253168668,431324000
2023-01-05,NVDA,NVIDIA,14.217466354370117,14.515469810414057,14.100855645137985,14.442713107430109,389168000
2023-01-06,NVDA,NVIDIA,14.809486389160156,14.959983243102146,13.987235680701085,14.425769075047109,405044000
2023-01-09,NVDA,NVIDIA,15.57592487335205,16.00249819636459,15.09054718354253,15.233071281819589,504231000
2023-01-10,NVDA,NVIDIA,15.855986595153809,15.908809480593666,15.42044254309106,15.455325759984621,384101000
2023-01-11,NVDA,NVIDIA,15.94767951965332,15.97458997371224,15.511139335336974,15.787216717511937,353285000
2023-01-12,NVDA,NVIDIA,16.455978393554688,16.581557963434708,15.440374057820266,16.046348710283624,551409000
2023-01-13,NVDA,NVIDIA,16.842693328857422,16.865617408487807,16.11113973470177,16.22376218877115,447287000
2023-01-17,NVDA,NVIDIA,17.64301300048828,17.668927336507764,16.842689261696506,16.842689261696506,511102000
2023-01-18,NVDA,NVIDIA,17.319093704223633,17.813439222153065,17.224409065517293,17.608126319924487,439624000
2023-01-19,NVDA,NVIDIA,16.709135055541992,17.139696655240964,16.67524985593479,16.97923193804357,452932000
2023-01-20,NVDA,NVIDIA,17.779556274414062,17.796499823469546,16.768935260471654,16.954314377855656,564967000
2023-01-23,NVDA,NVIDIA,19.129045486450195,19.180872256618034,17.75862728937308,18.00380595113542,655163000
2023-01-24,NVDA,NVIDIA,19.200803756713867,19.430038785893963,18.757286908397305,18.76426355229002,496204000
2023-01-25,NVDA,NVIDIA,19.25861167907715,19.30545594731295,18.518087479978714,18.84997803686339,449537000
2023-01-26,NVDA,NVIDIA,19.73601531982422,20.09880270917431,19.213761238604867,19.63535204186898,489535000
2023-01-27,NVDA,NVIDIA,20.297136306762695,20.559260383334514,19.340336282657464,19.397145547454056,542142000
2023-01-30,NVDA,NVIDIA,19.098148345947266,20.07288815679004,19.086187298640233,19.883522650362398,488611000
2023-01-31,NVDA,NVIDIA,19.471900939941406,19.621400741085875,18.886857003407727,19.10612325168674,498017000
2023-02-01,NVDA,NVIDIA,20.873212814331055,21.1213817226709,19.545650683627567,19.62538402504865,660477000
2023-02-02,NVDA,NVIDIA,21.636655807495117,21.875855795019138,20.631019359616392,20.93001886877329,564276000
2023-02-03,NVDA,NVIDIA,21.029685974121094,21.67253700894129,20.7197215405838,20.93001883755329,429366000
2023-02-06,NVDA,NVIDIA,21.018726348876953,21.49812252080445,20.716734629117404,20.736668439852636,452197000
2023-02-07,NVDA,NVIDIA,22.09911346435547,22.184827328430092,21.079521682438997,21.310748940899305,664150000
2023-02-08,NVDA,NVIDIA,22.13100814819336,22.801765903840348,21.934664092168923,22.31240089472821,559651000
2023-02-09,NVDA,NVIDIA,22.2625675201416,22.943292158985646,22.046291560362647,22.530672149758068,523876000
2023-02-10,NVDA,NVIDIA,21.194137573242188,22.00442812205311,20.74165187678693,21.6177224771655,550737000
2023-02-13,NVDA,NVIDIA,21.715394973754883,21.974528792175906,20.892147277807663,21.466228060003054,474919000
2023-02-14,NVDA,NVIDIA,22.894454956054688,22.972194156462287,21.294801814356916,21.506095265379177,675474000
2023-02-15,NVDA,NVIDIA,22.688142776489258,22.778839139042542,22.032336407803555,22.47385907538401,420575000
2023-02-16,NVDA,NVIDIA,21.92868423461914,22.474856585066412,21.853933394359046,22.059246323523663,412026000
2023-02-17,NVDA,NVIDIA,21.316728591918945,21.667554896645086,20.905104738152975,21.5589188659097,465888000
2023-02-21,NVDA,NVIDIA,20.58617401123047,21.422377090666945,20.54929664883601,20.93002371650124,410015000
2023-02-22,NVDA,NVIDIA,20.684843063354492,21.03367717070481,20.3529525061691,20.6380006960692,513184000
2023-02-23,NVDA,NVIDIA,23.585145950317383,23.808400461151948,22.94827529850247,23.361893340475753,1117995000
2023-02-24,NVDA,NVIDIA,23.208406448364258,23.39578162812699,22.870537254569477,23.14761079034492,589716000
2023-02-27,NVDA,NVIDIA,23.422685623168945,23.800422369181604,23.375843263094975,23.59112307758857,452994000
2023-02-28,NVDA,NVIDIA,23.138639450073242,23.74561130134119,23.128672543867644,23.294119765093207,455963000
2023-03-01,NVDA,NVIDIA,22.62236213684082,23.178503244860902,22.432994752211638,23.11471543588402,460026000
2023-03-02,NVDA,NVIDIA,23.236310958862305,23.302091014748385,22.35725003920354,22.413065090524846,389415000
2023-03-03,NVDA,NVIDIA,23.810392379760742,23.82035928556431,23.052924647625705,23.24229205590769,412393000
2023-03-06,NVDA,NVIDIA,23.475515365600586,24.167201195099672,23.408737281422425,23.81139232423808,437429000
2023-03-07,NVDA,NVIDIA,23.21434211730957,24.04869465009514,23.167489892153753,23.525355561288883,515154000
2023-03-08,NVDA,NVIDIA,24.104516983032227,24.12345789128584,23.349911350313405,23.412711812029624,513573000
2023-03-09,NVDA,NVIDIA,23.361873626708984,24.37665338080257,23.309039864365545,24.098534615353046,501257000
2023-03-10,NVDA,NVIDIA,22.892362594604492,23.55226936391661,22.654118224508185,23.334958480231546,474866000
2023-03-13,NVDA,NVIDIA,22.89335823059082,23.224308845911295,22.22647555282617,22.680036313439018,421890000
2023-03-14,NVDA,NVIDIA,23.98689079284668,24.14239751688331,23.385797384475328,23.421684721601242,474910000
2023-03-15,NVDA,NVIDIA,24.1513671875,24.209182394285897,23.286112651373358,23.685843355775486,524486000
2023-03-16,NVDA,NVIDIA,25.460214614868164,25.507064935559395,23.818422785484607,23.951003432054158,583253000
2023-03-17,NVDA,NVIDIA,25.643632888793945,26.31550083175522,25.586812067911023,25.89981997420156,848547000
2023-03-20,NVDA,NVIDIA,25.81807518005371,25.941683502515943,25.050510315188035,25.533976817306044,432747000
2023-03-21,NVDA,NVIDIA,26.116132736206055,26.30852307379936,25.300721156644958,26.097193730071265,547408000
2023-03-22,NVDA,NVIDIA,26.384279251098633,27.501733695308825,26.154009031774457,26.341414093559983,797295000
2023-03-23,NVDA,NVIDIA,27.104991912841797,27.412018238340906,26.605577177571398,27.02923209610895,564889000
2023-03-24,NVDA,NVIDIA,26.69429588317871,27.081069104608634,26.271637231409848,26.94549959949804,454920000
2023-03-27,NVDA,NVIDIA,26.44708251953125,26.91459893449874,26.28160721288135,26.752114397420495,361026000
2023-03-28,NVDA,NVIDIA,26.326465606689453,26.42914045882786,25.768237406573,26.363349230566957,356104000
2023-03-29,NVDA,NVIDIA,26.898649215698242,26.99235175803325,26.51287415863534,26.740153636460196,393694000
2023-03-30,NVDA,NVIDIA,27.296384811401367,27.412019019738466,27.01627349989387,27.14287259493359,364516000
2023-03-31,NVDA,NVIDIA,27.68914222717285,27.74596114615361,27.019266870020537,27.054156013485166,433933000
2023-04-03,NVDA,NVIDIA,27.876544952392578,27.911434092903463,27.249534811234103,27.42198793508251,398716000
2023-04-04,NVDA,NVIDIA,27.366167068481445,27.911437825351527,27.2206289482267,27.87754496966134,368592000
2023-04-05,NVDA,NVIDIA,26.79597282409668,26.91260141633157,26.311510037121913,26.74413726044268,515015000
2023-04-06,NVDA,NVIDIA,26.95148468017578,26.994347944342177,26.34341345534257,26.49991646560377,397654000
2023-04-10,NVDA,NVIDIA,27.491769790649414,27.53363676470612,26.584648216789198,26.738160454997114,395279000
2023-04-11,NVDA,NVIDIA,27.083066940307617,27.70210304890554,27.040201775147455,27.636311817588748,314378000
2023-04-12,NVDA,NVIDIA,26.411195755004883,27.381117678822534,26.36434353627186,27.28342808388289,446259000
2023-04-13,NVDA,NVIDIA,26.37929916381836,26.801957875512077,26.245724119817375,26.64944192297439,353615000
2023-04-14,NVDA,NVIDIA,26.673362731933594,26.79796735162646,26.137064342301827,26.420166433717664,395660000
2023-04-17,NVDA,NVIDIA,26.916589736938477,26.920576795384022,26.34938931944914,26.480971754729268,321471000
2023-04-18,NVDA,NVIDIA,27.579490661621094,28.02109026862938,27.270471706452536,27.445915621619545,604812000
2023-04-19,NVDA,NVIDIA,27.8426513671875,27.911433357042885,27.145862963377475,27.27445463520104,358660000
2023-04-20,NVDA,NVIDIA,27.018268585205078,27.941340187321615,26.914597451904964,27.58347456890567,427713000
2023-04-21,NVDA,NVIDIA,27.033220291137695,27.09701893484949,26.63747666725273,26.86674870571586,345103000
2023-04-24,NVDA,NVIDIA,26.956470489501953,27.27944513842349,26.586643611517285,26.92756288092003,339282000
2023-04-25,NVDA,NVIDIA,26.157997131347656,27.160815601118838,26.14204889645108,26.99234953614374,378527000
2023-04-26,NVDA,NVIDIA,26.87073516845703,27.24355272101591,26.620529651196374,26.91659109618502,406337000
2023-04-27,NVDA,NVIDIA,27.13988494873047,27.408035115051412,26.54078605798617,27.276452656846956,377161000
2023-04-28,NVDA,NVIDIA,27.66122817993164,27.67019858661315,26.985371350287174,27.13888546768262,292216000
2023-05-01,NVDA,NVIDIA,28.818552017211914,28.96608457994663,27.692127258794866,27.75193693501042,570329000
2023-05-02,NVDA,NVIDIA,28.12076759338379,28.744788836690255,27.994170404235792,28.589282145845225,402730000
2023-05-03,NVDA,NVIDIA,27.71406364440918,28.277277108700098,27.385107494737166,27.75194355869358,383387000
2023-05-04,NVDA,NVIDIA,27.474817276000977,27.77087679857131,27.153835311361888,27.5635345531882,321850000
2023-05-05,NVDA,NVIDIA,28.589284896850586,28.66404652957751,27.64328719583459,27.737986024481625,361494000
2023-05-08,NVDA,NVIDIA,29.058792114257812,29.127574105075855,28.26032704979517,28.4317819808544,344979000
2023-05-09,NVDA,NVIDIA,28.480632781982422,28.881361734032257,28.360017101599922,28.807596379642145,314869000
2023-05-10,NVDA,NVIDIA,28.793638229370117,29.020917714127965,28.37097953587767,28.9132576098521,369350000
2023-05-11,NVDA,NVIDIA,28.487606048583984,28.858431044188475,28.15665734572962,28.80460099601504,322149000
2023-05-12,NVDA,NVIDIA,28.25035858154297,28.68896736052221,27.957287902221466,28.43875993883251,274222000
2023-05-15,NVDA,NVIDIA,28.861417770385742,28.877367906038913,28.062952724719878,28.417825655834598,293926000
2023-05-16,NVDA,NVIDIA,29.12059783935547,29.775521221273998,28.740804336785136,28.749774743963638,449405000
2023-05-17,NVDA,NVIDIA,30.082544326782227,30.103477811017896,29.336911110410703,29.49042332813896,432535000
2023-05-18,NVDA,NVIDIA,31.577802658081055,31.727327831009532,30.224098180923058,30.31381366494329,748725000
2023-05-19,NVDA,NVIDIA,31.165111541748047,31.48011201484415,30.818212695710137,31.43625056372688,473908000
2023-05-22,NVDA,NVIDIA,31.077392578125,31.420304387689416,30.582961110509476,30.803260867315778,372000000
2023-05-23,NVDA,NVIDIA,30.59093475341797,31.18903735658012,30.534115833189922,30.901948183114918,356253000
2023-05-24,NVDA,NVIDIA,30.441408157348633,30.510190153140588,29.71172312962193,30.114444604983657,721419000
2023-05-25,NVDA,NVIDIA,37.85987091064453,39.35512649385782,36.519123854187846,38.401152701662475,1543911000
2023-05-26,NVDA,NVIDIA,38.822811126708984,39.04610163074743,37.43122683133464,37.770151547520655,714397000
2023-05-30,NVDA,NVIDIA,39.984130859375,41.8053518099001,39.82264450499864,40.4666011461992,923401000
2023-05-31,NVDA,NVIDIA,37.714332580566406,40.16754710014043,37.702369501651916,39.363100391824844,1002580000
2023-06-01,NVDA,NVIDIA,39.64420700073242,39.92332013723305,38.21872982052202,38.367256795979486,635873000
2023-06-02,NVDA,NVIDIA,39.202606201171875,40.37189627228211,38.934456059073696,39.970171105133474,482731000
2023-06-05,NVDA,NVIDIA,39.04710388183594,39.439854864368684,38.58457081030142,38.78593155134608,396094000
2023-06-06,NVDA,NVIDIA,38.531734466552734,39.03613447609746,38.02733445700801,38.70718026277856,388729000
2023-06-07,NVDA,NVIDIA,37.36032485961914,39.37813348202799,37.24168951720886,38.79592088897545,511998000
2023-06-08,NVDA,NVIDIA,38.39216613769531,38.74508306628558,37.39024395636986,37.60857182578051,417772000
2023-06-09,NVDA,NVIDIA,38.651363372802734,39.589481974633344,38.44898543973068,38.917544642963016,427717000
2023-06-12,NVDA,NVIDIA,39.36118698120117,39.4090404400651,38.49983232769968,39.08005218877828,388701000
2023-06-13,NVDA,NVIDIA,40.89647674560547,40.975237387752834,39.618401830821284,40.063036270092226,613208000
2023-06-14,NVDA,NVIDIA,42.865440368652344,42.86842954641151,40.42791802705582,40.69908893155934,740465000
2023-06-15,NVDA,NVIDIA,42.522491455078125,43.15654702262012,42.018039182120376,42.47164881165265,568622000
2023-06-16,NVDA,NVIDIA,42.561370849609375,43.587221609742976,42.53046366608263,43.317050916384595,655709000
2023-06-20,NVDA,NVIDIA,43.6739501953125,43.85539630398405,42.543421257103255,42.86643115503074,451153000
2023-06-21,NVDA,NVIDIA,42.91328811645508,43.481547516431846,41.95124449603973,43.367894115226505,551603000
2023-06-22,NVDA,NVIDIA,42.893348693847656,43.293118838626924,42.10476872123709,42.12370778383283,417737000
2023-06-23,NVDA,NVIDIA,42.07984161376953,42.67800411415032,41.88643500339502,42.33406238779236,358140000
2023-06-26,NVDA,NVIDIA,40.50767135620117,42.633147684220695,39.97729771593512,42.33107342513513,594322000
2023-06-27,NVDA,NVIDIA,41.74787139892578,41.811674756586335,40.32424305595563,40.6741670319384,462175000
2023-06-28,NVDA,NVIDIA,40.99119567871094,41.716968869927854,40.39402940114142,40.535593222698935,582639000
2023-06-29,NVDA,NVIDIA,40.697086334228516,41.472705590731,40.475765515924735,41.43083429013432,380514000
2023-06-30,NVDA,NVIDIA,42.17255783081055,42.41980006839875,41.37401012697036,41.552463254955796,501148000
2023-07-03,NVDA,NVIDIA,42.283226013183594,42.76674265418085,42.072873075895245,42.386907892871406,198209000
2023-07-05,NVDA,NVIDIA,42.187522888183594,43.04488832876735,41.95623049336352,42.00607674642851,323618000
2023-07-06,NVDA,NVIDIA,41.97417449951172,42.04994216880029,41.21949078738844,41.71596810959315,303582000
2023-07-07,NVDA,NVIDIA,42.37295150756836,43.08177839649904,42.050941741012366,42.192505558452375,355881000
2023-07-10,NVDA,NVIDIA,42.05093765258789,42.680007431696076,41.521560371587725,42.52647931127871,353908000
2023-07-11,NVDA,NVIDIA,42.275245666503906,42.62716617688633,41.93828245284964,42.351013330555574,298244000
2023-07-12,NVDA,NVIDIA,43.767662048339844,43.800562012799624,42.64610450369037,42.90132167106193,481277000
2023-07-13,NVDA,NVIDIA,45.83631896972656,46.01377191487625,44.35586222212897,44.381783639889846,478204000
2023-07-14,NVDA,NVIDIA,45.32986831665039,47.94085375690044,44.92211944591565,46.44045793604773,772075000
2023-07-17,NVDA,NVIDIA,46.31882858276367,46.35372133117237,45.123499999402384,46.14735782088338,510488000
2023-07-18,NVDA,NVIDIA,47.34867477416992,47.74944513877749,45.59406179064249,46.55810196861849,569164000
2023-07-19,NVDA,NVIDIA,46.93294906616211,47.67168281088611,46.59897504315981,47.31876592185892,427502000
2023-07-20,NVDA,NVIDIA,45.38071823120117,46.942924858819666,44.92411943835553,46.36469771901338,537865000
2023-07-21,NVDA,NVIDIA,44.17341613769531,45.72565485492813,43.965056025974754,45.6478906079313,963769000
2023-07-24,NVDA,NVIDIA,44.475502014160156,44.97098300663618,43.90525353851573,44.594137397549694,382516000
2023-07-25,NVDA,NVIDIA,45.53922653198242,46.04168213917605,44.7855393181674,44.803485791149136,348081000
2023-07-26,NVDA,NVIDIA,45.31292724609375,45.912090061766605,44.49344377208364,45.88018648344698,364237000
2023-07-27,NVDA,NVIDIA,45.759552001953125,47.24997638304764,45.61000946610031,46.37665740516835,455976000
2023-07-28,NVDA,NVIDIA,46.606956481933594,46.88310935590441,46.23908604851757,46.52520665161332,331194000
2023-07-31,NVDA,NVIDIA,46.58601379394531,46.985787745643954,46.36369657868276,46.610938817532,251055000
2023-08-01,NVDA,NVIDIA,46.36469268798828,46.75649169459333,45.88616190163857,46.31783562150429,237858000
2023-08-02,NVDA,NVIDIA,44.133548736572266,45.699741010536016,43.254247470375134,45.69076967402106,530142000
2023-08-03,NVDA,NVIDIA,44.37879180908203,44.979947380659944,43.66597942336427,43.66597942336427,324176000
2023-08-04,NVDA,NVIDIA,44.54328918457031,45.502343664999096,44.257168589781394,44.84735625489334,362666000
2023-08-07,NVDA,NVIDIA,45.27802658081055,45.4006513036196,44.42663967720104,44.97296316545108,322154000
2023-08-08,NVDA,NVIDIA,44.52733612060547,45.10356664242382,43.92119480836412,44.715756986658505,353843000
2023-08-09,NVDA,NVIDIA,42.42379379272461,44.17641407263371,42.005076934408166,44.138528337331145,586449000
2023-08-10,NVDA,NVIDIA,42.258296966552734,43.440668733202855,41.70698769798923,42.03099398742127,492705000
2023-08-11,NVDA,NVIDIA,40.7299919128418,41.88943538762121,40.514653222522405,41.62325025169544,533085000
2023-08-14,NVDA,NVIDIA,43.61912155151367,43.665978621737146,40.187655955736346,40.36211972462702,690286000
2023-08-15,NVDA,NVIDIA,43.80554962158203,45.12948908567366,43.576253839259216,44.42365526404346,676512000
2023-08-16,NVDA,NVIDIA,43.35293197631836,44.53829278958651,43.27317495256757,44.38376830984962,527451000
2023-08-17,NVDA,NVIDIA,43.211368560791016,43.92716998066587,42.86941583301397,43.835452445012606,452395000
2023-08-18,NVDA,NVIDIA,43.166507720947266,43.44465333013322,41.5325230130091,42.504538056513674,583768000
2023-08-21,NVDA,NVIDIA,46.82329177856445,46.92099149712555,44.086691857163586,44.35785896625514,692573000
2023-08-22,NVDA,NVIDIA,45.52825927734375,48.03955236680591,45.194285260085415,47.98770953500303,755293000
2023-08-23,NVDA,NVIDIA,46.97182846069336,47.05557105969461,45.06966590460551,45.72565339980645,779046000
2023-08-24,NVDA,NVIDIA,47.018680572509766,50.112186106917896,47.01469500295449,50.06233986630621,1156044000
2023-08-25,NVDA,NVIDIA,45.8771858215332,47.65871632889613,44.88622418976259,46.86814365027957,925341000
2023-08-28,NVDA,NVIDIA,46.69169235229492,46.836249134555814,44.750651224061855,46.33977183033874,685192000
2023-08-29,NVDA,NVIDIA,48.634727478027344,48.93081957760332,46.249048206065815,46.5232082617889,701397000
2023-08-30,NVDA,NVIDIA,49.113258361816406,49.7742278710723,48.276824895402335,48.89393031688107,735206000
2023-08-31,NVDA,NVIDIA,49.20398712158203,49.59179683011506,48.80820246885937,49.22891214982183,528570000
2023-09-01,NVDA,NVIDIA,48.360572814941406,49.64762302557311,47.9946951700236,49.60974109160753,463830000
2023-09-05,NVDA,NVIDIA,48.39944839477539,48.7015226451209,47.7135538785842,48.075442101099355,382653000
2023-09-06,NVDA,NVIDIA,46.92086410522461,48.404432152677344,46.441297415473116,48.29675585100986,468670000
2023-09-07,NVDA,NVIDIA,46.103309631347656,46.206003567946354,45.01755163903208,45.38944205496558,433330000
2023-09-08,NVDA,NVIDIA,45.43629837036133,46.46721981309031,45.13619596961709,45.805199355822154,473069000
2023-09-11,NVDA,NVIDIA,45.04347610473633,46.025539902373815,44.180053643461356,46.010585175997676,473966000
2023-09-12,NVDA,NVIDIA,44.73638916015625,45.536999459957386,44.39839790348207,44.60478224808882,349256000
2023-09-13,NVDA,NVIDIA,45.34956359863281,45.793238253815964,44.370485369123514,44.46719666176669,398355000
2023-09-14,NVDA,NVIDIA,45.445274353027344,45.85006363868303,44.996613561123056,45.8131750613874,370097000
2023-09-15,NVDA,NVIDIA,43.76927185058594,45.46320990888578,43.67754295698432,45.2059787843747,506831000
2023-09-18,NVDA,NVIDIA,43.8350830078125,44.11026214230338,41.87493751856223,42.62071131068282,500271000
2023-09-19,NVDA,NVIDIA,43.390411376953125,43.835082475156234,42.87395226873784,43.70247908606619,373064000
2023-09-20,NVDA,NVIDIA,42.11322021484375,43.772266659114486,42.097269015445136,43.470167525058194,367108000
2023-09-21,NVDA,NVIDIA,40.89485168457031,41.974626746319814,40.85796311624776,41.45916805082353,450736000
2023-09-22,NVDA,NVIDIA,41.486106872558594,41.989604300467136,41.108233732087406,41.448218009359955,479236000
2023-09-25,NVDA,NVIDIA,42.09627151489258,42.409335664653405,41.05438133655343,41.46714998847042,419091000
2023-09-26,NVDA,NVIDIA,41.78620529174805,42.69249905291122,41.53096703896299,41.87593746027921,402282000
2023-09-27,NVDA,NVIDIA,42.34153366088867,42.74433372903221,41.50503521048072,42.203947925620064,444935000
2023-09-28,NVDA,NVIDIA,42.960689544677734,43.316624912259975,41.989590912054574,42.333560978932496,424663000
2023-09-29,NVDA,NVIDIA,43.369468688964844,44.01254845640997,43.17803909015806,43.696491084144924,397830000
2023-10-02,NVDA,NVIDIA,44.64866256713867,45.04049015350936,43.730403425252405,43.89889894787276,433298000
2023-10-03,NVDA,NVIDIA,43.38741683959961,44.995616545503985,43.11722389309479,44.67457296774722,470850000
2023-10-04,NVDA,NVIDIA,43.909854888916016,44.01155233952571,43.163084716605525,43.61174546536846,361821000
2023-10-05,NVDA,NVIDIA,44.554935455322266,44.76630599321606,43.75731831894087,43.91883469559828,393483000
2023-10-06,NVDA,NVIDIA,45.625736236572266,45.65265626506475,43.89490543600504,44.061407980133865,434436000
2023-10-09,NVDA,NVIDIA,45.138187408447266,45.46919952767431,44.235883483851424,44.708471059532506,409675000
2023-10-10,NVDA,NVIDIA,45.661624908447266,46.12125070086953,44.95374003044169,45.17507908955567,368582000
2023-10-11,NVDA,NVIDIA,46.666622161865234,46.71946573957931,45.91287284021887,46.05843799423147,378137000
2023-10-12,NVDA,NVIDIA,46.80520248413086,47.46722662331085,46.192036018518664,46.637703500484115,481325000
2023-10-13,NVDA,NVIDIA,45.32562255859375,46.975696805222135,45.14516179262674,46.82015931103437,474115000
2023-10-16,NVDA,NVIDIA,45.957740783691406,46.0873509348349,44.778261024252274,44.92881235422657,375099000
2023-10-17,NVDA,NVIDIA,43.807167053222656,44.620739164515385,42.35350830716708,43.86898271179327,812333000
2023-10-18,NVDA,NVIDIA,42.07034683227539,43.090303133703976,41.700453218071786,42.46417104768787,627294000
2023-10-19,NVDA,NVIDIA,41.97563934326172,43.168077212016314,41.757289685675055,42.68352429308483,501233000
2023-10-20,NVDA,NVIDIA,41.263763427734375,42.34353877331354,40.95568161669413,41.76526400722088,477266000
2023-10-23,NVDA,NVIDIA,42.8470344543457,43.119224175669935,40.82308027803106,41.10623502417962,478530000
2023-10-24,NVDA,NVIDIA,43.532981872558594,43.5668810255137,42.56387990123347,42.9487282788918,401463000
2023-10-25,NVDA,NVIDIA,41.65459442138672,43.52002535417708,41.43126239759443,43.26877302407248,398379000
2023-10-26,NVDA,NVIDIA,40.2059211730957,42.13017450154096,39.7612500826686,41.7283746394427,541001000
2023-10-27,NVDA,NVIDIA,40.37940216064453,41.08330116511961,39.895845748458264,41.00752725918924,416784000
2023-10-30,NVDA,NVIDIA,41.03843688964844,41.64163496442114,40.36046137678986,40.96465972958588,388028000
2023-10-31,NVDA,NVIDIA,40.658573150634766,40.757281200093225,39.11318915725788,40.32955772912268,517969000
2023-11-01,NVDA,NVIDIA,42.198970794677734,42.25480380163395,40.74730500713954,40.7622597335259,437593000
2023-11-02,NVDA,NVIDIA,43.376441955566406,43.75331464856299,42.766264945950624,43.19897063050226,409172000
2023-11-03,NVDA,NVIDIA,44.87099075317383,45.17408258825645,43.59280664299351,43.88892315557369,424610000
2023-11-06,NVDA,NVIDIA,45.61476135253906,45.79821535111658,44.765297265873905,45.15014941074925,400733000
2023-11-07,NVDA,NVIDIA,45.818153381347656,46.080366882575554,45.02352586879318,45.582856100014304,343165000
2023-11-08,NVDA,NVIDIA,46.43531036376953,46.72743711996402,45.83111214888231,45.962719040672205,346719000
2023-11-09,NVDA,NVIDIA,46.8101921081543,48.08637928139042,46.610786911501705,47.32565087128028,540496000
2023-11-10,NVDA,NVIDIA,48.191070556640625,48.32766364227746,47.14220498356334,47.35855787314543,421245000
2023-11-13,NVDA,NVIDIA,48.4752197265625,48.96974494304787,47.9557712363459,48.176113818422,384136000
2023-11-14,NVDA,NVIDIA,49.50813293457031,49.68560428700353,48.89396993275051,49.53206353654858,416954000
2023-11-15,NVDA,NVIDIA,48.742427825927734,49.81123435682442,48.05647674137133,49.78631108074614,475497000
2023-11-16,NVDA,NVIDIA,49.332664489746094,49.37753247238456,48.18609109090698,48.53405091082967,339756000
2023-11-17,NVDA,NVIDIA,49.151206970214844,49.56895804695832,48.861073108178935,49.37653194691317,325205000
2023-11-20,NVDA,NVIDIA,50.25889587402344,50.39748190834169,49.0345518906684,49.16516232495467,414120000
2023-11-21,NVDA,NVIDIA,49.79528045654297,50.3665722694878,49.075430256470796,49.976737718443786,565747000
2023-11-22,NVDA,NVIDIA,48.57093048095703,50.18510881847485,47.54798478525453,49.703549221280575,899420000
2023-11-24,NVDA,NVIDIA,47.63373947143555,48.77533048753054,47.60282974083701,48.32567320692598,294645000
2023-11-27,NVDA,NVIDIA,48.098350524902344,48.38549115302334,47.51010721393193,47.65766532815117,395662000
2023-11-28,NVDA,NVIDIA,47.67860794067383,48.179115899772775,47.33164456706531,48.092373154701306,401491000
2023-11-29,NVDA,NVIDIA,47.99665451049805,48.616804044774916,47.71748947427739,48.23494506927642,382005000
2023-11-30,NVDA,NVIDIA,46.6307373046875,47.96674744990859,46.283773941411816,47.88100118212253,526247000
2023-12-01,NVDA,NVIDIA,46.62575149536133,47.05945760454386,46.04947343587655,46.38646825144851,369317000
2023-12-04,NVDA,NVIDIA,45.37448501586914,45.93979802137365,44.87597384591377,45.93979802137365,437543000
2023-12-05,NVDA,NVIDIA,46.431427001953125,46.46532533448676,45.14016755025648,45.33460369954444,371718000
2023-12-06,NVDA,NVIDIA,45.371490478515625,47.25004822206123,45.2807538725136,47.07854443551646,380590000
2023-12-07,NVDA,NVIDIA,46.46133804321289,46.49424361639184,45.47220434901942,45.56792757808214,350823000
2023-12-08,NVDA,NVIDIA,47.36870574951172,47.60302719608969,46.41546736033398,46.46033928594401,359224000
2023-12-11,NVDA,NVIDIA,46.49224090576172,47.393627560593224,45.69754725900702,47.353746056504626,509728000
2023-12-12,NVDA,NVIDIA,47.51927185058594,47.52824471452688,45.912927610504205,45.912927610504205,372387000
2023-12-13,NVDA,NVIDIA,47.94902801513672,48.45356620387965,47.47041566072205,47.49135487990882,447792000
2023-12-14,NVDA,NVIDIA,48.210262298583984,48.52933716331639,47.28494671232897,48.25014760759364,391232000
2023-12-15,NVDA,NVIDIA,48.74871063232422,49.26122514658979,47.98093542326529,48.054722876785625,479948000
2023-12-18,NVDA,NVIDIA,49.93227005004883,50.2872401555101,49.007951067399034,49.25722853202736,412587000
2023-12-19,NVDA,NVIDIA,49.46063995361328,49.55636317420033,48.75368939419547,49.281159865930675,464444000
2023-12-20,NVDA,NVIDIA,47.971954345703125,49.85449831929735,47.95899143016388,49.511490749608875,397894000
2023-12-21,NVDA,NVIDIA,48.84840774536133,48.95310381142598,48.27905513323096,48.669924250210805,300425000
2023-12-22,NVDA,NVIDIA,48.68887710571289,49.24027646361489,48.32692345139222,49.05282008065704,252507000
2023-12-26,NVDA,NVIDIA,49.13657760620117,49.456649028909844,48.81849930781512,48.82647560877794,244200000
2023-12-27,NVDA,NVIDIA,49.2741813659668,49.53642176515991,48.943140137976336,49.36791146455285,233648000
2023-12-28,NVDA,NVIDIA,49.378875732421875,49.73982902864742,49.26919303504833,49.49952822100173,246587000
2023-12-29,NVDA,NVIDIA,49.378875732421875,49.85250521620105,48.610104092310245,49.66903507790819,389293000
2024-01-02,NVDA,NVIDIA,48.02878952026367,49.15253129584884,47.457447488056715,49.10167999879026,411254000
2024-01-03,NVDA,NVIDIA,47.4315185546875,48.044738980527136,47.183237655059315,47.34776169269325,320896000
2024-01-04,NVDA,NVIDIA,47.85928726196289,48.35983539054749,47.37070168440111,47.62895205059956,306535000
2024-01-05,NVDA,NVIDIA,48.955108642578125,49.4038088927802,48.16639428593929,48.3219454810566,415039000
2024-01-08,NVDA,NVIDIA,52.101985931396484,52.1239255155236,49.336004592518634,49.36891016503661,642510000
2024-01-09,NVDA,NVIDIA,52.98642349243164,54.16800018278708,51.54061326714163,52.24956080282397,773100000
2024-01-10,NVDA,NVIDIA,54.192928314208984,54.442205820352854,53.334416522190715,53.4610522035269,533796000
2024-01-11,NVDA,NVIDIA,54.66356658935547,55.186054332667865,53.405216456268754,54.840057018359396,596759000
2024-01-12,NVDA,NVIDIA,54.551876068115234,54.811126745330384,54.1729770839885,54.46213603425953,352994000
2024-01-16,NVDA,NVIDIA,56.21905517578125,56.670745116790805,54.74133972907017,54.8589987377964,449580000
2024-01-17,NVDA,NVIDIA,55.89100646972656,56.3077977062965,54.581801354818275,56.18415552246115,474394000
2024-01-18,NVDA,NVIDIA,56.941959381103516,57.43353464294008,55.94484937824919,57.094517089822695,491650000
2024-01-19,NVDA,NVIDIA,59.31906509399414,59.32803795704181,57.05961145486245,57.82140334356974,543501000
2024-01-22,NVDA,NVIDIA,59.481597900390625,60.15664330232137,58.89928603895681,59.87545679775879,452955000
2024-01-23,NVDA,NVIDIA,59.6999626159668,59.73685443495751,58.41568304614902,59.39783691409728,294654000
2024-01-24,NVDA,NVIDIA,61.18465805053711,62.667360005652704,59.76477374613349,60.12971710051197,560271000
2024-01-25,NVDA,NVIDIA,61.438926696777344,62.53774309008504,60.674141236503075,62.16980621821151,482777000
2024-01-26,NVDA,NVIDIA,60.8546142578125,61.60444363196895,60.39794153183259,60.78382030493906,390309000
2024-01-29,NVDA,NVIDIA,62.28446578979492,62.30839469128142,60.73097001088626,61.05502766325368,348733000
2024-01-30,NVDA,NVIDIA,62.59257888793945,63.309502714007664,62.08006442941247,62.71821799882993,410735000
2024-01-31,NVDA,NVIDIA,61.34918212890625,62.089038263544516,60.524572564425924,61.26243177102061,453795000
2024-02-01,NVDA,NVIDIA,62.844844818115234,63.00837229900728,61.47182560913307,61.920522012090565,369146000
2024-02-02,NVDA,NVIDIA,65.96880340576172,66.40752664709339,63.5059366044878,63.78911624931711,476578000
2024-02-05,NVDA,NVIDIA,69.13162231445312,69.29614635606846,67.01077071404906,68.02781943535477,680078000
2024-02-06,NVDA,NVIDIA,68.02583312988281,69.55240673067756,66.10839412447636,69.42876454653677,683111000
2024-02-07,NVDA,NVIDIA,69.89640045166016,70.01705293105977,67.40462245828914,68.12154618534456,495575000
2024-02-08,NVDA,NVIDIA,69.43972778320312,70.58939534958982,69.2542683281726,69.87147502102263,414422000
2024-02-09,NVDA,NVIDIA,71.92455291748047,71.97639698775139,70.0090989991364,70.32917051969086,436637000
2024-02-12,NVDA,NVIDIA,72.03919219970703,74.39536169687851,71.04407549243956,72.39017224345903,613710000
2024-02-13,NVDA,NVIDIA,71.91956329345703,73.23774158600555,69.41881527870093,70.19656002218674,602580000
2024-02-14,NVDA,NVIDIA,73.6864242553711,74.0214517262709,71.73009661007124,72.99044348203591,504917000
2024-02-15,NVDA,NVIDIA,72.44801330566406,73.76120847442633,72.19076331535655,73.65551962549853,420122000
2024-02-16,NVDA,NVIDIA,72.40312957763672,74.18696038926223,72.29145377198925,73.88583129588693,495327000
2024-02-20,NVDA,NVIDIA,69.25128936767578,71.74805069531128,67.53825202114858,71.7390740272432,704833000
2024-02-21,NVDA,NVIDIA,67.27701568603516,68.6889240135881,66.05655384481933,67.80946909427277,673755000
2024-02-22,NVDA,NVIDIA,78.31101989746094,78.34790791274914,74.00549852714776,74.80817230671141,865100000
2024-02-23,NVDA,NVIDIA,78.58921813964844,82.15587637734276,77.3458203592003,80.55651569183838,829388000
2024-02-26,NVDA,NVIDIA,78.86343383789062,80.41294376465017,78.27812461798902,79.46967086730548,503973000
2024-02-27,NVDA,NVIDIA,78.47354888916016,79.25030450092336,76.93900277777333,79.1515839793688,391705000
2024-02-28,NVDA,NVIDIA,77.43854522705078,78.70487140466068,76.90209811291284,77.39567023328642,393110000
2024-02-29,NVDA,NVIDIA,78.88336181640625,79.75882270864132,78.12356300049603,78.86541608909434,507289000
2024-03-01,NVDA,NVIDIA,82.04119873046875,82.0621417492055,79.20541661950624,79.76878610572811,479135000
2024-03-04,NVDA,NVIDIA,84.99066925048828,87.44156594765833,83.47705843914093,83.8868661680974,615616000
2024-03-05,NVDA,NVIDIA,85.7195816040039,85.85220668028344,83.17982622827054,85.02755456111447,520639000
2024-03-06,NVDA,NVIDIA,88.44779968261719,89.4688902523757,86.78254975478006,87.77173362164056,582520000
2024-03-07,NVDA,NVIDIA,92.405517578125,92.5032385135836,89.34723648723485,89.90165539673119,608119000
2024-03-08,NVDA,NVIDIA,87.27912139892578,97.12305284353101,86.26002420485035,94.86748361493765,1142269000
2024-03-11,NVDA,NVIDIA,85.53012084960938,88.54452056286361,83.92669117198699,86.18325727083518,678364000
2024-03-12,NVDA,NVIDIA,91.65165710449219,91.69852054360098,85.90504309917876,87.79864556262245,668075000
2024-03-13,NVDA,NVIDIA,90.62958526611328,91.24383116033475,88.18355678072699,90.79611026460987,635713000
2024-03-14,NVDA,NVIDIA,87.6939468383789,90.3882676423802,86.35376650266996,89.32230691373881,602318000
2024-03-15,NVDA,NVIDIA,87.5872573852539,89.29139794365639,86.01175546714047,86.68283850567245,642086000
2024-03-18,NVDA,NVIDIA,88.20350646972656,92.1422727821745,86.83739891650431,90.13100922298294,668976000
2024-03-19,NVDA,NVIDIA,89.14381408691406,90.28655172899164,84.7682901573293,86.4534797466604,672171000
2024-03-20,NVDA,NVIDIA,90.11504364013672,90.15293760178423,87.97215190090783,89.54167399398385,479063000
2024-03-21,NVDA,NVIDIA,91.17503356933594,92.38458987226002,90.14796323755638,92.03757971668344,480372000
2024-03-22,NVDA,NVIDIA,94.02091217041016,94.50852022791372,90.57573384993215,90.88186017417289,586719000
2024-03-25,NVDA,NVIDIA,94.73187255859375,96.49085678359809,93.24411810029538,93.67389236206901,552136000
2024-03-26,NVDA,NVIDIA,92.2978286743164,96.10098773672114,92.23899830913079,95.57847549804553,513648000
2024-03-27,NVDA,NVIDIA,89.99340057373047,92.97489725482532,88.8696059634602,92.8472628285773,586067000
2024-03-28,NVDA,NVIDIA,90.09909057617188,91.04040671298513,88.93939536436407,89.74410000319172,435212000
2024-04-01,NVDA,NVIDIA,90.10607147216797,91.96277679415357,88.9503702442798,90.04225806770008,452441000
2024-04-02,NVDA,NVIDIA,89.19766998291016,89.83784291883602,87.3708780678764,88.19651917898095,433064000
2024-04-03,NVDA,NVIDIA,88.71104431152344,90.11703889051455,88.14865256608842,88.23241336254476,370067000
2024-04-04,NVDA,NVIDIA,85.66073608398438,90.3762935173085,85.63580564756691,90.14893737073052,434965000
2024-04-05,NVDA,NVIDIA,87.75777435302734,88.22942906906539,85.68169327218381,86.61901544259366,399678000
2024-04-08,NVDA,NVIDIA,86.88525390625,88.57742734725042,86.48539311445134,88.44779211337963,283220000
2024-04-09,NVDA,NVIDIA,85.1113052368164,87.38582540473588,82.7859427996773,87.19337337953033,501700000
2024-04-10,NVDA,NVIDIA,86.7915267944336,87.15150043777531,83.47099303047223,83.68737890315158,431929000
2024-04-11,NVDA,NVIDIA,90.35835266113281,90.48100403591603,86.67884945614712,87.17144056555283,431637000
2024-04-12,NVDA,NVIDIA,87.93526458740234,89.91861544290224,87.2811315064311,89.44396327846418,426805000
2024-04-15,NVDA,NVIDIA,85.75647735595703,90.35536381330797,85.6846834695675,88.84467194132365,443077000
2024-04-16,NVDA,NVIDIA,87.16645812988281,87.86745463811035,85.81930143123056,86.18724795044986,370453000
2024-04-17,NVDA,NVIDIA,83.79605865478516,88.52257881551526,83.71129364888468,88.08881052064652,495400000
2024-04-18,NVDA,NVIDIA,84.43025970458984,85.94494566791495,82.16771376078896,84.72841317391251,447260000
2024-04-19,NVDA,NVIDIA,75.98333740234375,84.08423897081519,75.39103216599602,82.91358102333888,875198000
2024-04-22,NVDA,NVIDIA,79.29190063476562,79.84532288255929,76.18276995811692,77.8819196640173,596341000
2024-04-23,NVDA,NVIDIA,82.18865966796875,82.53367662471392,80.0358013299481,80.53936282548115,438559000
2024-04-24,NVDA,NVIDIA,79.4504623413086,83.84293671972377,78.95786360773235,83.71130825195023,512208000
2024-04-25,NVDA,NVIDIA,82.39705657958984,83.08608614140688,78.00058847000186,78.64375119701494,424641000
2024-04-26,NVDA,NVIDIA,87.48554992675781,88.07985603184983,83.1499127117647,83.57968703669025,551011000
2024-04-29,NVDA,NVIDIA,87.50749206542969,87.74181691165053,85.02356957538234,87.34595010949796,388971000
2024-04-30,NVDA,NVIDIA,86.15634155273438,88.56646933597486,86.05463417701857,86.99195638809022,363709000
2024-05-01,NVDA,NVIDIA,82.80487823486328,85.7554641296908,81.0239535153908,84.83509209424766,559863000
2024-05-02,NVDA,NVIDIA,85.572998046875,85.99180203592717,82.96343457532701,84.20888384405981,377898000
2024-05-03,NVDA,NVIDIA,88.53654479980469,89.0271426544853,86.79251724081982,87.53938813243457,398341000
2024-05-06,NVDA,NVIDIA,91.87802124023438,91.95779560513117,88.80179361610953,89.13584021044993,376203000
2024-05-07,NVDA,NVIDIA,90.29652404785156,91.52003263915564,88.75791206874568,90.8389759868272,437342000
2024-05-08,NVDA,NVIDIA,90.15493774414062,90.93471200217493,89.16575387590268,89.22857828050421,325721000
2024-05-09,NVDA,NVIDIA,88.49466705322266,90.81305333122494,87.9801353538175,90.27159797496299,378013000
2024-05-10,NVDA,NVIDIA,89.6224594116211,91.14113187208739,88.97330934521258,90.04824732317125,335325000
2024-05-13,NVDA,NVIDIA,90.14197540283203,90.73927132421963,88.27728953555432,90.22074555223655,289680000
2024-05-14,NVDA,NVIDIA,91.09625244140625,91.39041184902159,88.68113417048747,89.34424430460986,296507000
2024-05-15,NVDA,NVIDIA,94.36094665527344,94.5922892882104,91.33856611429667,92.20908510921412,417735000
2024-05-16,NVDA,NVIDIA,94.09071350097656,95.54656142094716,93.83543705567772,94.64014935721045,323952000
2024-05-17,NVDA,NVIDIA,92.21604919433594,94.47062203748345,91.5449662156453,94.10068232469492,359691000
2024-05-20,NVDA,NVIDIA,94.51050567626953,94.92930964167746,93.17431942252952,93.48343554827802,318764000
2024-05-21,NVDA,NVIDIA,95.11479187011719,95.1287520032466,92.915062881723,93.33287026664621,328946000
2024-05-22,NVDA,NVIDIA,94.68002319335938,95.74698053068366,92.98386328100148,95.18757861855156,548648000
2024-05-23,NVDA,NVIDIA,103.50387573242188,106.01770397120008,101.23134859062449,101.73790743867507,835065000
2024-05-24,NVDA,NVIDIA,106.1662826538086,106.17226230771774,102.70714415978955,104.15202177987621,429494000
2024-05-28,NVDA,NVIDIA,113.57714080810547,114.61219142145016,109.57056763172464,109.93054124400538,652728000
2024-05-29,NVDA,NVIDIA,114.4985122680664,115.16361558831227,110.58567348866953,112.72856525449089,557442000
2024-05-30,NVDA,NVIDIA,110.18580627441406,115.4896825683004,109.35118819369168,114.32400776010651,484553000
2024-05-31,NVDA,NVIDIA,109.3212890625,112.39652011050696,106.63594514688756,112.20007402311614,613263000
2024-06-03,NVDA,NVIDIA,114.67302703857422,114.67302703857422,111.68454659500959,113.29795006188645,438392000
2024-06-04,NVDA,NVIDIA,116.1059341430664,116.26847269779265,113.72073695926161,115.38699108204422,403324000
2024-06-05,NVDA,NVIDIA,122.09188079833984,122.10085027973177,117.13401707628022,118.03444954327455,528402000
2024-06-06,NVDA,NVIDIA,120.65397644042969,125.22992577254257,117.98358919974154,123.69530003662086,664696000
2024-06-07,NVDA,NVIDIA,120.5442886352539,121.34600353396539,117.68643999762348,119.42946352714927,412386000
2024-06-10,NVDA,NVIDIA,121.44371032714844,122.74998311505551,116.6773027177119,120.02774969821236,313434100
2024-06-11,NVDA,NVIDIA,120.57614135742188,122.5307284016025,118.4121274796434,121.43375968591062,222551200
2024-06-12,NVDA,NVIDIA,124.8542709350586,126.5296321042774,122.23153612962203,122.72018091821553,299595000
2024-06-13,NVDA,NVIDIA,129.25209045410156,129.44156821528892,126.8088590238474,129.03269675342705,260704500
2024-06-14,NVDA,NVIDIA,131.51585388183594,132.47319457988985,127.96568629462858,129.60115726907208,309320400
2024-06-17,NVDA,NVIDIA,130.6183319091797,133.36073857025062,129.22220369566065,132.6227916073861,288504400
2024-06-18,NVDA,NVIDIA,135.2056121826172,135.95354113797538,130.3291160023479,130.7778703322321,294335100
2024-06-20,NVDA,NVIDIA,130.4188690185547,140.3713064535189,129.16235380151105,139.41396587386305,517768400
2024-06-21,NVDA,NVIDIA,126.22048950195312,130.2692833981682,123.95676122395307,126.76897377617152,649445800
2024-06-24,NVDA,NVIDIA,117.78385162353516,124.1163152101961,117.71404522588668,122.89968290118539,476060900
2024-06-25,NVDA,NVIDIA,125.74181365966797,126.15068514494095,118.9905115651875,120.86531742755339,414192600
2024-06-26,NVDA,NVIDIA,126.05097961425781,127.76622387452235,122.26146931814304,125.78172089089642,362975900
2024-06-27,NVDA,NVIDIA,123.64762115478516,126.0609445300648,122.58057607711103,123.75731801767638,252571700
2024-06-28,NVDA,NVIDIA,123.1988754272461,127.3573591664442,122.41105590597208,124.236004634683,315516700
2024-07-01,NVDA,NVIDIA,123.95677185058594,124.49527404629498,118.50187501478464,123.12906191428952,284885500
2024-07-02,NVDA,NVIDIA,122.33126831054688,123.0692304193492,120.69579746715523,120.79551981451768,218374000
2024-07-03,NVDA,NVIDIA,127.92576599121094,127.92576599121094,121.02487672675784,121.32405134915433,215749000
2024-07-05,NVDA,NVIDIA,125.48253631591797,128.49420118342798,125.3329490025218,127.02825159880693,214176700
2024-07-08,NVDA,NVIDIA,127.8459701538086,130.40888035262702,126.6891774727848,127.13793174566909,237677300
2024-07-09,NVDA,NVIDIA,131.01722717285156,133.45049207075732,128.29475452643044,129.99007251430768,285366600
2024-07-10,NVDA,NVIDIA,134.53749084472656,134.72696865235594,132.0543607420923,133.65991582693005,248978600
2024-07-11,NVDA,NVIDIA,127.04821014404297,135.77404103999976,126.69917812553707,135.3751516521801,374782700
2024-07-12,NVDA,NVIDIA,128.88314819335938,131.55574087758131,126.86872155351702,127.90584321182462,252680500
2024-07-15,NVDA,NVIDIA,128.0853271484375,131.02717795052595,126.828804392605,130.19946809344353,208326200
2024-07-16,NVDA,NVIDIA,126.01107788085938,128.68367018979245,124.23599428065054,128.0853361228611,214769500
2024-07-17,NVDA,NVIDIA,117.66417694091797,121.51351843622722,116.39768730256174,121.01489915039261,390086200
2024-07-18,NVDA,NVIDIA,120.75562286376953,122.0620106514847,116.23813305693453,121.51352635797906,320979500
2024-07-19,NVDA,NVIDIA,117.60436248779297,121.26422676213605,117.04591123957188,120.0176783628371,217223800
2024-07-22,NVDA,NVIDIA,123.1988754272461,123.72741074457895,119.52903654259545,120.0176813971429,258068900
2024-07-23,NVDA,NVIDIA,122.25148010253906,124.34568731396223,121.76283530375956,122.44095787706307,173911000
2024-07-24,NVDA,NVIDIA,113.93450927734375,119.6187662154648,113.1267484514862,118.84092133007209,327776900
2024-07-25,NVDA,NVIDIA,111.96995544433594,116.30794209044977,106.00647252262672,112.72785895570485,460067000
2024-07-26,NVDA,NVIDIA,112.74778747558594,115.8791158985684,111.27187868948438,115.86914899111223,293399100
2024-07-29,NVDA,NVIDIA,111.28185272216797,115.95890423286832,110.99266022089631,113.3760598876514,248152100
2024-07-30,NVDA,NVIDIA,103.44356536865234,111.68075088933978,102.2568489765504,111.21204752075072,486833300
2024-07-31,NVDA,NVIDIA,116.69685363769531,118.01320824039244,110.57380945153913,112.58823561538453,473174200
2024-08-01,NVDA,NVIDIA,108.90843963623047,119.82820817901357,106.5150651879268,117.20546547757625,523462300
2024-08-02,NVDA,NVIDIA,106.97377014160156,108.41977052611269,101.0900691005783,103.47346849787236,482027500
2024-08-05,NVDA,NVIDIA,100.17262268066406,103.12445587816262,90.43957861096249,91.80579073756999,552842400
2024-08-06,NVDA,NVIDIA,103.96212768554688,107.41257244920943,100.27234777984627,103.55325619325184,409012100
2024-08-07,NVDA,NVIDIA,98.63687896728516,108.4995686514933,98.41748524596572,107.51229690555586,411440400
2024-08-08,NVDA,NVIDIA,104.68014526367188,105.20868054576371,97.2507125463917,101.71834517220758,391910000
2024-08-09,NVDA,NVIDIA,104.46074676513672,106.30563671378638,103.14439207443418,105.348288539487,290844200
2024-08-12,NVDA,NVIDIA,108.71896362304688,110.7633060746513,105.96659019039194,106.02642207987165,325559900
2024-08-13,NVDA,NVIDIA,115.81929016113281,115.90904559128121,111.27188458899278,112.1295103919247,312646700
2024-08-14,NVDA,NVIDIA,117.7539291381836,118.27248983356148,113.75500044516707,118.2026834397928,339246400
2024-08-15,NVDA,NVIDIA,122.52074432373047,122.89969228155606,117.1456284695593,118.43206727440648,318086700
2024-08-16,NVDA,NVIDIA,124.23597717285156,124.6548155270241,120.84536466885129,121.6032680775869,302589900
2024-08-19,NVDA,NVIDIA,129.64102172851562,129.64102172851562,123.07918972579691,123.93681555512863,318333600
2024-08-20,NVDA,NVIDIA,126.89862060546875,129.52136317375601,125.54237540722741,128.04543898793298,300087400
2024-08-21,NVDA,NVIDIA,128.14515686035156,128.9928157355832,126.31024153473705,126.9684150377678,257883600
2024-08-22,NVDA,NVIDIA,123.3983154296875,130.38896089358747,122.76008326610211,129.6609808984014,376189100
2024-08-23,NVDA,NVIDIA,129.0127410888672,129.24211690201355,124.87420736161047,125.51243939894613,323230300
2024-08-26,NVDA,NVIDIA,126.11078643798828,130.8975269250622,124.02656151522957,129.21220655330094,331964700
2024-08-27,NVDA,NVIDIA,127.94573211669922,128.84324088713785,123.53793114727517,124.70470624383526,303134600
2024-08-28,NVDA,NVIDIA,125.26314544677734,127.97563574905244,122.30134548595971,127.76620894054898,448101100
2024-08-29,NVDA,NVIDIA,117.26528930664062,124.0864056350864,116.38772203285157,121.02488328117458,453023300
2024-08-30,NVDA,NVIDIA,119.0403823852539,121.4138076730475,116.89631773014244,119.1999366155988,333751600
2024-09-03,NVDA,NVIDIA,107.70176696777344,115.8890948214911,106.99372848681783,115.68965014821475,477155100
2024-09-04,NVDA,NVIDIA,105.91670989990234,112.95721192187169,103.83248489547353,105.11892359162538,372470300
2024-09-05,NVDA,NVIDIA,106.91395568847656,109.34722045042044,104.47072401794104,104.70008464878364,306850700
2024-09-06,NVDA,NVIDIA,102.54605865478516,107.85136830211154,100.67124500554577,107.74167143504636,413638100
2024-09-09,NVDA,NVIDIA,106.17599487304688,106.25577578698045,103.4036727846321,104.59038154400555,273912000
2024-09-10,NVDA,NVIDIA,107.8014907836914,109.09790400275718,104.66018768236026,107.5122906776436,268283700
2024-09-11,NVDA,NVIDIA,116.58716583251953,116.86639141709085,107.12336624714985,109.08792746358935,441422400
2024-09-12,NVDA,NVIDIA,118.82117462158203,120.46676065848584,115.07123444451854,116.52732649632485,366052700
2024-09-13,NVDA,NVIDIA,118.78128814697266,119.63898740485247,117.2853021309932,118.76134501471007,238358300
2024-09-16,NVDA,NVIDIA,116.46749877929688,117.8637539403752,114.05397645754886,116.47747415009144,248772300
2024-09-17,NVDA,NVIDIA,115.28067016601562,118.48208669803358,114.52270945275087,117.85376774830212,231925900
2024-09-18,NVDA,NVIDIA,113.06661987304688,117.38502682895009,112.91701975753097,115.57987289959789,310318900
2024-09-19,NVDA,NVIDIA,117.55457305908203,119.3397837869768,116.93622949013678,117.03596036023049,293506400
2024-09-20,NVDA,NVIDIA,115.68958282470703,118.30257441739377,115.0812145821692,116.74674381909426,382462400
2024-09-23,NVDA,NVIDIA,115.94889068603516,116.67693294698849,114.55263556044001,116.2381155598996,206228500
2024-09-24,NVDA,NVIDIA,120.54655456542969,121.47406618937484,115.07124032940908,116.20818908018337,354966800
2024-09-25,NVDA,NVIDIA,123.17948150634766,124.60565503965537,121.28456450552947,121.69346336275538,284692900
2024-09-26,NVDA,NVIDIA,123.70805358886719,127.32833649308198,121.47405025345233,126.46066959704271,302582900
2024-09-27,NVDA,NVIDIA,121.07512664794922,123.6980858451405,118.94085404604166,123.63824884420143,271009200
2024-09-30,NVDA,NVIDIA,121.11502838134766,121.1748653861715,117.83383152489164,117.99339940741461,226553700
2024-10-01,NVDA,NVIDIA,116.6868896484375,122.11233379004094,115.4801287113044,121.4441210323085,302094500
2024-10-02,NVDA,NVIDIA,118.53195190429688,119.06053238913914,114.831880901423,116.12840510154699,221845900
2024-10-03,NVDA,NVIDIA,122.52124786376953,124.0272091849403,120.01796257527629,120.59641230247804,277118000
2024-10-04,NVDA,NVIDIA,124.58570098876953,124.70538259718006,121.50397375972977,124.6056517279934,243678100
2024-10-07,NVDA,NVIDIA,127.37821197509766,130.29039598837593,124.61562046227938,124.65551433206126,346250200
2024-10-08,NVDA,NVIDIA,132.5343780517578,133.1227955252644,129.07366275536995,129.9114112143918,285722500
2024-10-09,NVDA,NVIDIA,132.29501342773438,134.16001952786942,131.02842299164354,133.75111306364067,246191600
2024-10-10,NVDA,NVIDIA,134.44924926757812,134.6387432670493,130.64944717024784,131.55701568457982,242311300
2024-10-11,NVDA,NVIDIA,134.43927001953125,135.4166432187145,133.30232133780012,133.6513755856735,170209500
2024-10-14,NVDA,NVIDIA,137.7005157470703,139.22642006970023,135.9352482142016,136.10479144805439,232347700
2024-10-15,NVDA,NVIDIA,131.24783325195312,138.1991821543322,128.3954862474048,137.50104323972985,377831000
2024-10-16,NVDA,NVIDIA,135.35679626464844,136.25438165655956,131.22787606953918,133.6214472599385,264879700
2024-10-17,NVDA,NVIDIA,136.5635528564453,140.51296215395072,136.50371585796043,138.96710708195366,306435900
2024-10-18,NVDA,NVIDIA,137.63072204589844,138.5283076242321,136.91264749604844,138.29892734851708,176090200
2024-10-21,NVDA,NVIDIA,143.32542419433594,143.32542419433594,137.63069803621275,137.76035501280404,264554500
2024-10-22,NVDA,NVIDIA,143.20574951171875,144.0335302578968,141.400595506541,142.5275764963188,226311600
2024-10-23,NVDA,NVIDIA,139.1865234375,142.04883820987033,137.09215234233463,141.649914730207,285930000
2024-10-24,NVDA,NVIDIA,140.0342559814453,140.9717429059513,138.08947737101022,140.44316244306268,172354900
2024-10-25,NVDA,NVIDIA,141.16122436523438,143.74430494634163,140.4232143860229,140.55285615055817,205122100
2024-10-28,NVDA,NVIDIA,140.14398193359375,142.75696611524302,139.6752384054106,142.6173413548028,173586700
2024-10-29,NVDA,NVIDIA,140.87200927734375,141.8793009979601,138.52829188537018,139.91457158033694,157593600
2024-10-30,NVDA,NVIDIA,138.96710205078125,139.95445814390004,136.44387391965424,139.1665637778278,179418100
2024-10-31,NVDA,NVIDIA,132.40472412109375,137.24175143875112,131.756469630996,137.2317836775648,270039600
2024-11-01,NVDA,NVIDIA,135.0376739501953,136.94256658973848,134.20990835801712,134.339550139827,207127800
2024-11-04,NVDA,NVIDIA,135.68592834472656,138.58814473225323,135.207217103038,136.84282779526694,187528200
2024-11-05,NVDA,NVIDIA,139.5355987548828,139.99435925396384,136.9625011145287,137.08217511986183,160537400
2024-11-06,NVDA,NVIDIA,145.22035217285156,146.09800218631347,141.58012556166827,142.57744958861787,242043900
2024-11-07,NVDA,NVIDIA,148.48159790039062,148.53145192465237,145.77884323892675,145.9982557303204,207323300
2024-11-08,NVDA,NVIDIA,147.2349395751953,149.369212218998,145.8685954157921,148.37188826922187,175665800
2024-11-11,NVDA,NVIDIA,144.8712615966797,148.4516658981078,143.18579701946294,148.2821074463959,182325600
2024-11-12,NVDA,NVIDIA,147.89315795898438,149.2495191040209,145.6192606302401,146.38720431256547,198634700
2024-11-13,NVDA,NVIDIA,145.8785858154297,148.93039482211316,145.50956558703103,148.67109606044525,191903300
2024-11-14,NVDA,NVIDIA,146.3672637939453,148.60127501764129,145.16051028397845,147.24491377788954,194463300
2024-11-15,NVDA,NVIDIA,141.60003662109375,144.85132212671857,139.705127384455,144.48230195229198,250132900
2024-11-18,NVDA,NVIDIA,139.77493286132812,141.1711953957962,136.7829612819808,139.1266784396513,221205300
2024-11-19,NVDA,NVIDIA,146.61659240722656,146.73628163269873,140.61271302151263,140.9418317601378,227834900
2024-11-20,NVDA,NVIDIA,145.4995880126953,147.16511715506326,142.34804073132528,147.0155246522584,309871700
2024-11-21,NVDA,NVIDIA,146.2775115966797,152.48086819347145,140.3234860038813,148.95034787282623,400946600
2024-11-22,NVDA,NVIDIA,141.5701446533203,146.7662096056562,140.72242834878378,145.53949007763015,236406200
2024-11-25,NVDA,NVIDIA,135.65599060058594,141.66985203296244,135.45652887967213,141.61001503848368,344941900
2024-11-26,NVDA,NVIDIA,136.55360412597656,138.9272401830298,135.30694909062626,137.33151565059862,190287700
2024-11-27,NVDA,NVIDIA,134.97779846191406,136.8527720620769,131.44727893138864,134.64867978414378,226370900
2024-11-29,NVDA,NVIDIA,137.88003540039062,138.97709782710584,135.68592576491588,136.41396798376013,141863200
2024-12-02,NVDA,NVIDIA,138.25901794433594,140.07413953973298,137.45118801543165,138.45847968192444,171682800
2024-12-03,NVDA,NVIDIA,139.88465881347656,140.16390831614373,137.58084280749418,137.89001081273594,164414000
2024-12-04,NVDA,NVIDIA,144.75160217285156,145.39985667412174,139.9145747718299,141.6200054773523,231224300
2024-12-05,NVDA,NVIDIA,144.68179321289062,146.15793025557377,143.57468662612678,144.73166589534063,172621200
2024-12-06,NVDA,NVIDIA,142.06863403320312,145.32012910905055,140.9415752898697,144.2230061514487,188505600
2024-12-09,NVDA,NVIDIA,138.44805908203125,139.58508599383495,136.77244688316378,138.6076455444956,189308600
2024-12-10,NVDA,NVIDIA,134.7178192138672,141.4502189353748,133.44114274667672,138.64753308216282,210020900
2024-12-11,NVDA,NVIDIA,138.94676208496094,139.8045203384501,134.85746151474785,137.00184953896905,184905200
2024-12-12,NVDA,NVIDIA,136.98190307617188,138.07904108019704,135.44592508954074,136.72258646567687,159211400
2024-12-13,NVDA,NVIDIA,133.8999481201172,139.23600428177866,132.1944001851312,138.5777215546611,231514900
2024-12-16,NVDA,NVIDIA,131.65582275390625,134.04955889819416,130.07994062496547,133.8301313094174,237951100
2024-12-17,NVDA,NVIDIA,130.05003356933594,131.24690176576593,126.5292385551769,128.75342001528475,259410300
2024-12-18,NVDA,NVIDIA,128.57388305664062,136.34356467427952,127.94552085179448,133.51097335742298,277444500
2024-12-19,NVDA,NVIDIA,130.33924865722656,133.6805197239663,129.21220544602065,131.41643441707996,209719200
2024-12-20,NVDA,NVIDIA,134.34877014160156,134.9272596326742,127.88567083765561,129.4715213006466,306528600
2024-12-23,NVDA,NVIDIA,139.3058319091797,139.42551415908295,134.76769223262775,135.92467137837366,176053500
2024-12-24,NVDA,NVIDIA,139.85440063476562,141.53001300601622,138.28848684636677,139.63497303105362,105157000
2024-12-26,NVDA,NVIDIA,139.56515502929688,140.48276971800976,137.37089410442982,139.33575896662117,116205600
2024-12-27,NVDA,NVIDIA,136.65274047851562,138.65750913681617,134.35874991156737,138.18873344590025,170582600
2024-12-30,NVDA,NVIDIA,137.13150024414062,139.90425017541338,133.67054705312722,134.47843254273522,167734700
2024-12-31,NVDA,NVIDIA,133.93984985351562,137.71000800391963,133.48105776544256,137.67010377599792,155659200
2025-01-02,NVDA,NVIDIA,137.9493865966797,138.51790776015002,134.2789886408903,135.64541181631114,198247200
2025-01-03,NVDA,NVIDIA,144.09332275390625,144.52219430432945,139.36567593719187,139.6449446721197,229322500
2025-01-06,NVDA,NVIDIA,149.04037475585938,151.7632676182901,147.43458721714921,148.2025685915748,265377400
2025-01-07,NVDA,NVIDIA,139.77459716796875,152.73073241075815,139.6449312609891,152.63098706400407,351782200
2025-01-08,NVDA,NVIDIA,139.7446746826172,143.57465852876186,137.20132056545756,142.20823556727345,227349900
2025-01-10,NVDA,NVIDIA,135.55564880371094,139.55518814906236,133.87005266470834,137.09162690267476,207602500
2025-01-13,NVDA,NVIDIA,132.88262939453125,133.14196124495902,129.1723272147668,129.65108668370792,204808900
2025-01-14,NVDA,NVIDIA,131.41644287109375,136.02440701006375,129.71091005586072,135.69526562735138,195590500
2025-01-15,NVDA,NVIDIA,135.88479614257812,136.09424010113995,130.94768976753863,133.30153730793728,185217300
2025-01-16,NVDA,NVIDIA,133.2217254638672,138.38821138373916,133.14193223642877,138.27849759838656,209235600
2025-01-17,NVDA,NVIDIA,137.3509521484375,138.13888566634566,135.10681862678206,136.33360735729912,201188800
2025-01-21,NVDA,NVIDIA,140.4628143310547,141.4602070208564,136.7325601923546,138.79717036536638,197749000
2025-01-22,NVDA,NVIDIA,146.6865692138672,147.40467804215123,143.29542449743752,144.28284886721386,237651400
2025-01-23,NVDA,NVIDIA,146.83615112304688,146.8461195709751,143.34527675360425,144.67181084027297,155915500
2025-01-24,NVDA,NVIDIA,142.24815368652344,148.58160393928114,141.5100927680708,147.98316218253018,234657600
2025-01-27,NVDA,NVIDIA,118.11123657226562,128.06521102414737,116.39571998533557,124.47460659166907,818830900
2025-01-28,NVDA,NVIDIA,128.6536865234375,128.66365497133788,115.94689837533355,121.49239920882492,579666400
2025-01-29,NVDA,NVIDIA,123.3774642944336,126.55914919357254,119.73698731182846,126.17016667976266,467120600
2025-01-30,NVDA,NVIDIA,124.32500457763672,124.67409050916186,117.7920791911556,122.77904281152207,392925500
2025-01-31,NVDA,NVIDIA,119.7569351196289,127.51664871512425,118.8792323275003,123.45726093608867,388161100
2025-02-03,NVDA,NVIDIA,116.3558349609375,118.26085104341853,112.71535011762803,114.45081126895413,371235700
2025-02-04,NVDA,NVIDIA,118.34063720703125,120.88398385074507,116.39571701060105,116.65504122535879,256550000
2025-02-05,NVDA,NVIDIA,124.50452423095703,124.67407915232373,120.44513651813745,121.44252915135603,262230800
2025-02-06,NVDA,NVIDIA,128.34449768066406,128.4342745987464,124.8835510706209,127.08778823658054,251483600
2025-02-07,NVDA,NVIDIA,129.50144958496094,130.03006643749526,124.67407312607986,128.88307105233656,228186300
2025-02-10,NVDA,NVIDIA,133.2217254638672,134.64798945444892,129.6211378778437,129.7507885558044,216989100
2025-02-11,NVDA,NVIDIA,132.45376586914062,134.12937845518158,130.67840791626125,132.23433823730105,178902400
2025-02-12,NVDA,NVIDIA,130.79806518554688,131.89520313508,128.74343886096966,129.68099034166102,160278600
2025-02-13,NVDA,NVIDIA,134.93722534179688,136.144076969536,130.8279730901596,131.21695555845534,197430000
2025-02-14,NVDA,NVIDIA,138.48797607421875,138.8869270481558,135.1467045962306,136.12414513567924,195479600
2025-02-18,NVDA,NVIDIA,139.03652954101562,143.06600437599374,137.57036112568994,140.90166414837108,219176600
2025-02-19,NVDA,NVIDIA,138.86697387695312,140.99142508356047,136.86222013681927,139.1462426003846,167536000
2025-02-20,NVDA,NVIDIA,139.7446746826172,140.2932436442011,136.43332401924008,139.6648814501138,143903600
2025-02-21,NVDA,NVIDIA,134.07948303222656,141.09116717483585,133.68053207054632,139.6748562571626,228217600
2025-02-24,NVDA,NVIDIA,129.94032287597656,138.22865397806314,129.74084737496105,136.20394796569565,251381100
2025-02-25,NVDA,NVIDIA,126.2998275756836,129.86051900489684,124.11554286315072,129.64109140603463,271428700
2025-02-26,NVDA,NVIDIA,130.93771362304688,133.38132271635274,128.1549946612343,129.6510837247691,322553800
2025-02-27,NVDA,NVIDIA,119.83672332763672,134.65797047615226,119.69708897132982,134.64800202891726,443175800
2025-02-28,NVDA,NVIDIA,124.59429168701172,124.76384661623277,116.09650940652436,117.71228067710521,389091100
2025-03-03,NVDA,NVIDIA,113.76260375976562,123.37746834229016,111.98724605192426,123.18796891235903,411381400
2025-03-04,NVDA,NVIDIA,115.68756866455078,118.99891188150963,109.82290275774469,110.36149568941593,398163300
2025-03-05,NVDA,NVIDIA,116.99415588378906,117.971596377653,114.2114295961939,117.27342459632162,284337900
2025-03-06,NVDA,NVIDIA,110.28170776367188,115.04924353236196,109.93262184934352,113.2339891683523,321181900
2025-03-07,NVDA,NVIDIA,112.39617919921875,113.18412029909872,107.27955007853643,110.95993136050063,341755500
2025-03-10,NVDA,NVIDIA,106.70106506347656,111.5583622176382,105.18502403072868,109.61344966651625,366487400
2025-03-11,NVDA,NVIDIA,108.47642517089844,111.94734728122161,104.49682307629253,106.71103594468934,354865700
2025-03-12,NVDA,NVIDIA,115.4488525390625,116.46629097878981,112.59604629385464,113.83293253862912,323857500
2025-03-13,NVDA,NVIDIA,115.28925323486328,117.46376961532557,113.50375517662202,116.73560262668995,299033100
2025-03-14,NVDA,NVIDIA,121.36392974853516,121.57340056729696,117.85278787516224,118.31162980343127,277593500
2025-03-17,NVDA,NVIDIA,119.22930908203125,122.58085727393843,117.73308248243704,122.43123309193861,255501500
2025-03-18,NVDA,NVIDIA,115.13961791992188,118.72058305537905,114.25185746421572,117.70315237486467,299686900
2025-03-19,NVDA,NVIDIA,117.22435760498047,120.14698705841565,115.3889900516623,116.97498651717953,273426200
2025-03-20,NVDA,NVIDIA,118.2318115234375,119.89760845913878,116.17699632395453,116.2567968934998,248829700
2025-03-21,NVDA,NVIDIA,117.4039077758789,117.6931791575635,115.1296446207881,116.64582513098318,266498500
2025-03-24,NVDA,NVIDIA,121.1045913696289,121.91255134314885,119.03979124138472,119.5784337604655,228452500
2025-03-25,NVDA,NVIDIA,120.38639068603516,120.98487978418257,118.62083909476823,120.24674348347415,167447200
2025-03-26,NVDA,NVIDIA,113.47382354736328,118.5410383402261,112.42646191953317,118.4313220614094,293463300
2025-03-27,NVDA,NVIDIA,111.14968872070312,114.1620883069464,110.3816290692769,111.06988814101668,236902100
2025-03-28,NVDA,NVIDIA,109.39411926269531,112.58607411134861,108.79563010676111,111.20954068147716,229872500
2025-03-31,NVDA,NVIDIA,108.10735321044922,110.68086470981991,103.38925640513808,104.86552901006266,299212700
2025-04-01,NVDA,NVIDIA,109.8729019165039,109.92277156753886,106.20215922942107,108.24699756669231,222614000
2025-04-02,NVDA,NVIDIA,110.14221954345703,111.69830029652357,106.5213541109438,107.0200962834212,220601200
2025-04-03,NVDA,NVIDIA,101.54391479492188,105.36427425680411,101.344413349133,103.24961220285616,338769400
2025-04-04,NVDA,NVIDIA,94.07275390625,99.87811296890389,91.87829121020437,98.66118836013088,532273800
2025-04-07,NVDA,NVIDIA,97.39437103271484,101.49403230771996,86.40209687721266,87.23998007579976,611041300
2025-04-08,NVDA,NVIDIA,96.05774688720703,105.5837179566193,94.2223717079774,103.54884894952201,476243400
2025-04-09,NVDA,NVIDIA,114.04238891601562,114.81044852614636,97.28464859296416,98.64122793388745,612918300
2025-04-10,NVDA,NVIDIA,107.29940032958984,110.58112503277279,98.90058321638736,109.09487535601897,437812400
2025-04-11,NVDA,NVIDIA,110.65094757080078,111.26939065397997,107.20962934859612,108.22706011361765,313417300
2025-04-14,NVDA,NVIDIA,110.4314956665039,114.00249160148302,108.79562187923341,113.82294410726054,264705000
2025-04-15,NVDA,NVIDIA,111.9177474975586,113.33418114021705,110.22202704858428,110.69084593782598,228966900
2025-04-16,NVDA,NVIDIA,104.2271499633789,106.52136728458446,100.19731179816195,104.28700420641553,397016900
2025-04-17,NVDA,NVIDIA,101.23468017578125,104.20718675881294,99.79830794879128,104.18723281096233,292517500
2025-04-21,NVDA,NVIDIA,96.66622161865234,99.18985605733366,94.80092295909544,98.52153569265882,288501100
2025-04-22,NVDA,NVIDIA,98.64122772216797,99.55891150664588,97.03527729423074,98.53150383378456,241004800
2025-04-23,NVDA,NVIDIA,102.45162963867188,104.53637615126361,101.76336291481968,104.25707410535361,247526000
2025-04-24,NVDA,NVIDIA,106.16226196289062,106.2719858525715,102.85061415392688,103.21968611105362,220815000
2025-04-25,NVDA,NVIDIA,110.73075103759766,111.63845793071249,105.46403435389149,106.58121206849437,251064700
2025-04-28,NVDA,NVIDIA,108.45648956298828,110.0923634818257,105.75329995750923,109.41407373912219,207708500
2025-04-29,NVDA,NVIDIA,108.7457504272461,109.9227823722281,107.16973079396023,107.39914795371472,170444300
2025-04-30,NVDA,NVIDIA,108.64599609375,108.64599609375,103.81817538074749,104.20719367744803,235044600
2025-05-01,NVDA,NVIDIA,111.32923126220703,114.6508560442669,111.02001354244473,112.79553450528941,236121500
2025-05-02,NVDA,NVIDIA,114.21197509765625,115.10971266849934,113.08482035383273,113.89278036249011,190194800
2025-05-05,NVDA,NVIDIA,113.53367614746094,114.38153638068397,112.3765981799359,112.62596928442517,133163200
2025-05-06,NVDA,NVIDIA,113.25438690185547,114.4513652140045,110.541227943435,111.19957134225872,158525600
2025-05-07,NVDA,NVIDIA,116.7655258178711,117.38396890879066,111.99755142427854,112.7656187028628,206758800
2025-05-08,NVDA,NVIDIA,117.07475280761719,118.38145500376595,115.55857217968354,117.95253638522973,198428100
2025-05-09,NVDA,NVIDIA,116.35655975341797,117.9325869721132,114.92017974547274,117.05479580716789,132972200
2025-05-12,NVDA,NVIDIA,122.69058990478516,122.69058990478516,119.97743092665668,121.66318211752383,225023300
2025-05-13,NVDA,NVIDIA,129.6031494140625,130.88991289915035,124.15689275092413,124.66561195964681,330430100
2025-05-14,NVDA,NVIDIA,134.99952697753906,135.09928149974084,131.34873063875938,132.86491109788813,281180800
2025-05-15,NVDA,NVIDIA,134.49081420898438,135.9571173935552,132.32627503661865,133.9521641466833,226632600
2025-05-16,NVDA,NVIDIA,135.05938720703125,136.0070096021913,133.1242801768634,135.87733175434735,226542500
2025-05-19,NVDA,NVIDIA,135.2289581298828,135.52819125301625,132.05695004104146,132.05695004104146,193154600
2025-05-20,NVDA,NVIDIA,134.0419464111328,134.24144022899694,132.28636428496227,133.9521612557517,161514200
2025-05-21,NVDA,NVIDIA,131.46844482421875,137.0543482410567,130.26148202288624,132.72526966841644,270608700
2025-05-22,NVDA,NVIDIA,132.495849609375,133.9122755767364,131.21907084385478,131.89735290411087,187344000
2025-05-23,NVDA,NVIDIA,130.959716796875,132.3462194682512,128.8350854296202,129.67296865108418,198821300
2025-05-27,NVDA,NVIDIA,135.15911865234375,135.31871978851976,132.974625664691,133.81250879901197,192953600
2025-05-28,NVDA,NVIDIA,134.4708709716797,136.904735369061,134.45091702175245,135.68780317037033,304021100
2025-05-29,NVDA,NVIDIA,138.83985900878906,143.12904506361895,137.56308016740775,141.8921589021039,369241900
2025-05-30,NVDA,NVIDIA,134.79006958007812,139.26876471984463,132.58562239610197,138.37103486307464,333170900
2025-06-02,NVDA,NVIDIA,137.03440856933594,137.7725372671851,135.05937854437917,135.14916370580715,197663100
2025-06-03,NVDA,NVIDIA,140.86473083496094,141.64276735349586,137.60295298700936,138.4308667634816,225578800
2025-06-04,NVDA,NVIDIA,141.56298828125,142.03180718032695,139.18897047063936,141.83231333868676,167120800
2025-06-05,NVDA,NVIDIA,139.63784790039062,143.63775490128222,138.48076233301106,141.8123566062966,231397900
2025-06-06,NVDA,NVIDIA,141.36346435546875,142.90956793485557,141.15398597306358,142.15147018939038,153986200
2025-06-09,NVDA,NVIDIA,142.27120971679688,144.63524295526028,141.58294302195193,142.8297985646697,185114500
2025-06-10,NVDA,NVIDIA,143.5978546142578,143.92701105784593,141.17395971410352,142.3310452201821,155881900
2025-06-11,NVDA,NVIDIA,142.48057556152344,144.63529488552354,141.52291745481477,144.25621966515521,167694000
2025-06-12,NVDA,NVIDIA,144.64529418945312,144.64529418945312,141.5030059559913,141.62270753548705,162365000
2025-06-13,NVDA,NVIDIA,141.62269592285156,143.22875794239724,140.50544068193668,142.13144281545507,180820600
2025-06-16,NVDA,NVIDIA,144.33602905273438,145.82237413621124,142.84966874779792,142.99931091676874,183133700
2025-06-17,NVDA,NVIDIA,143.76742553710938,144.8647406282524,143.42826095310537,144.13653073401778,139108000
2025-06-18,NVDA,NVIDIA,145.12408447265625,145.29366674757205,142.7698575136892,143.6576795538125,161494100
2025-06-20,NVDA,NVIDIA,143.4980926513672,145.84233449814036,142.30101614416546,145.09416929186932,242956200
2025-06-23,NVDA,NVIDIA,143.8173065185547,144.42581484809375,141.68254233682853,142.1513937655616,154308900
2025-06-24,NVDA,NVIDIA,147.5381622314453,147.5980282297711,145.14403982802034,145.2038906048871,187566100
2025-06-25,NVDA,NVIDIA,153.93251037597656,154.07216728635598,148.8948611020321,148.90484638085596,269146500
2025-06-26,NVDA,NVIDIA,154.64076232910156,156.33660039378947,153.6232534017049,155.59840525486092,198145700
2025-06-27,NVDA,NVIDIA,157.3640899658203,158.32174817747665,154.880175871103,155.65826650868465,263234500
2025-06-30,NVDA,NVIDIA,157.603515625,158.2718747820143,155.57848281781088,158.01250107649778,194580300
2025-07-01,NVDA,NVIDIA,152.92498779296875,156.81544119896878,151.1194180014287,155.9076636637482,213143600
2025-07-02,NVDA,NVIDIA,156.86529541015625,157.21444524051134,152.59576744278257,152.60573749853646,171224100
2025-07-03,NVDA,NVIDIA,158.9501953125,160.58618269349765,157.3840439934681,157.98256705200242,143716100
2025-07-07,NVDA,NVIDIA,157.8529052734375,158.92027983286837,156.9550977974466,157.8129946008361,140139000
2025-07-08,NVDA,NVIDIA,159.6085968017578,159.8280598400772,158.00253468758166,158.9402376292259,138133000
2025-07-09,NVDA,NVIDIA,162.48153686523438,164.01776272716893,160.76574343834326,160.82559421950873,183656400
2025-07-10,NVDA,NVIDIA,163.6985626220703,164.0975779997467,161.214648514871,163.91802564623063,167704100
2025-07-11,NVDA,NVIDIA,164.5165557861328,167.4792915182188,163.07010595303956,163.319494380175,193633300
2025-07-14,NVDA,NVIDIA,163.66864013671875,165.08516454052796,161.62365204151925,164.96544774793,136975800
2025-07-15,NVDA,NVIDIA,170.28240966796875,171.97824787505814,168.78607915204378,170.77121644956358,230627400
2025-07-16,NVDA,NVIDIA,170.9507598876953,171.32983513615645,168.48680121561864,170.64152069930245,158831500
2025-07-17,NVDA,NVIDIA,172.5767822265625,173.7339481189201,170.4120926228971,171.59918390717252,160841100
2025-07-18,NVDA,NVIDIA,171.9882354736328,173.8237306114437,170.841039596405,173.21522225123383,146456400
2025-07-21,NVDA,NVIDIA,170.9607696533203,172.9558771895842,170.58169435056217,172.32741344479308,123126100
2025-07-22,NVDA,NVIDIA,166.62139892578125,170.97073381366536,164.17739532245605,170.9208530826869,193114300
2025-07-23,NVDA,NVIDIA,170.36219787597656,170.84101932871772,167.5590747729789,169.11525591048226,154082200
2025-07-24,NVDA,NVIDIA,173.3149871826172,173.40476336343244,170.88095369299285,172.01816431437092,128984600
2025-07-25,NVDA,NVIDIA,173.0755615234375,174.29257821699642,172.53688923976992,173.18529303585547,122316800
2025-07-28,NVDA,NVIDIA,176.31761169433594,176.56700011257405,173.54441370124516,173.594294429185,140023500
2025-07-29,NVDA,NVIDIA,175.0806427001953,178.9411858321479,174.5918511336965,177.52466141853475,154077500
2025-07-30,NVDA,NVIDIA,178.8314666748047,179.44994513464422,175.60935707311754,176.07820855766118,174312200
2025-07-31,NVDA,NVIDIA,177.4348602294922,182.8515843840116,175.4996037416905,182.4525537970388,221685400
2025-08-01,NVDA,NVIDIA,173.29501342773438,176.10810667785404,170.47193489983317,173.66410339060943,204529000
2025-08-04,NVDA,NVIDIA,179.55966186523438,179.75916955634796,174.09307197712414,174.7315057215643,148174600
2025-08-05,NVDA,NVIDIA,177.82391357421875,179.81902093485988,175.46968627980374,179.18058718831315,156407600
2025-08-06,NVDA,NVIDIA,178.9810791015625,179.4599006050506,175.81883576850015,175.898641889325,137192300
2025-08-07,NVDA,NVIDIA,180.32777404785156,183.43016644757114,178.36259217804582,181.12581999654523,151878400
2025-08-08,NVDA,NVIDIA,182.25303649902344,182.85157473717487,179.9586602147226,181.10585596760288,123396700
2025-08-11,NVDA,NVIDIA,181.61460876464844,183.39025298215157,179.80903915640334,181.6046387082212,138323200
2025-08-12,NVDA,NVIDIA,182.71192932128906,184.02869221788941,179.0209838780724,182.51242163652668,145485700
2025-08-13,NVDA,NVIDIA,181.14576721191406,183.51994981646104,178.9112567337155,182.1732462738988,179871700
2025-08-14,NVDA,NVIDIA,181.57470703125,182.57226061200618,179.02097229994772,179.31025614092474,129554000
2025-08-15,NVDA,NVIDIA,180.00856018066406,181.45500998578265,177.6044521364236,181.43506987144983,156602200
2025-08-18,NVDA,NVIDIA,181.5647430419922,182.49247589603021,180.14821861780752,180.15820389652,132008000
2025-08-19,NVDA,NVIDIA,175.2103271484375,182.0535459787435,175.06070018553257,181.98370991508045,185229200
2025-08-20,NVDA,NVIDIA,174.9709014892578,175.56943975883806,168.38705663117767,174.74146841521826,215142700
2025-08-21,NVDA,NVIDIA,174.5519256591797,176.46722675550242,173.38478976711397,174.42225404103465,140040900
2025-08-22,NVDA,NVIDIA,177.55458068847656,178.15310374912357,170.78118284108405,172.1877371490149,172789400
2025-08-25,NVDA,NVIDIA,179.3701171875,181.46498591558236,176.13805314258047,177.91369740024777,163012800
2025-08-26,NVDA,NVIDIA,181.32533264160156,181.94381103857447,178.37256711704984,179.61950918930867,168688200
2025-08-27,NVDA,NVIDIA,181.15574645996094,182.04356858750407,178.6618623689453,181.53480649120215,235518900
2025-08-28,NVDA,NVIDIA,179.729248046875,184.01873199506826,175.97845161993425,180.37766708382995,281787800
2025-08-29,NVDA,NVIDIA,173.75387573242188,177.71416467354967,172.72639675993378,177.674269227683,243257900
2025-09-02,NVDA,NVIDIA,170.36219787597656,171.95828968039308,166.81090959368234,169.58410730722488,231164900
2025-09-03,NVDA,NVIDIA,170.20262145996094,171.98825125424256,168.4668876205481,170.6415475595936,164424900
2025-09-04,NVDA,NVIDIA,171.2400665283203,171.43957421789176,168.99557077235426,170.15273668191406,141670100
2025-09-05,NVDA,NVIDIA,166.61143493652344,168.61651253460658,163.66865435915497,167.61895876455202,224441400
2025-09-08,NVDA,NVIDIA,167.89825439453125,170.54178073137314,166.9406114031506,167.14011909123317,163769100
2025-09-09,NVDA,NVIDIA,170.34225463867188,170.5617176578999,166.3320999523285,168.6763418810487,157548400
2025-09-10,NVDA,NVIDIA,176.8961944580078,178.85139113084074,175.04074401948455,176.2078799889887,226852000
2025-09-11,NVDA,NVIDIA,176.74656677246094,179.8491345673521,176.05821341780958,179.2505624618324,151159300
2025-09-12,NVDA,NVIDIA,177.39498901367188,178.1731234709029,176.02825318201792,177.34510547722002,124911000
2025-09-15,NVDA,NVIDIA,177.32516479492188,178.4225418052247,174.0929031464731,175.2501343169162,147061600
2025-09-16,NVDA,NVIDIA,174.46202087402344,177.0757538913052,173.96321593348455,176.5769489507663,140737800
2025-09-17,NVDA,NVIDIA,169.88299560546875,172.78604428027472,168.0074992073941,172.22738513096226,211843800
2025-09-18,NVDA,NVIDIA,175.81878662109375,176.67673180432445,172.54662713675344,173.56417834624654,191763300
2025-09-19,NVDA,NVIDIA,176.2477264404297,177.65435995090164,174.76128231706025,175.34988368438943,237182100
2025-09-22,NVDA,NVIDIA,183.17115783691406,184.10891359634738,174.2924356467209,174.88102184557565,269637000
2025-09-23,NVDA,NVIDIA,178.00352478027344,181.98399370831066,175.78884483629412,181.5350723037516,192559600
2025-09-24,NVDA,NVIDIA,176.54701232910156,179.35029350783142,174.9807575937583,179.34032288959435,143564100
2025-09-25,NVDA,NVIDIA,177.26531982421875,179.82916955782613,172.71622074990066,174.06298508983102,191586700
2025-09-26,NVDA,NVIDIA,177.7641143798828,179.3403398828169,174.51189629291883,177.74415791919978,148573700
2025-09-29,NVDA,NVIDIA,181.41537475585938,183.56023005067578,179.88903275637574,179.99875523700084,193063500
2025-09-30,NVDA,NVIDIA,186.13406372070312,186.90222763381766,181.04624695721463,181.6448190078555,236981000
2025-10-01,NVDA,NVIDIA,186.79248046875,187.6903232769056,183.46045188172369,184.79726069745416,173844900
2025-10-02,NVDA,NVIDIA,188.43853759765625,190.59337868298996,187.6105195355423,189.146847340247,136805800
2025-10-03,NVDA,NVIDIA,187.1715545654297,189.90501102540352,184.93691825112066,188.7378093314507,137596900
2025-10-06,NVDA,NVIDIA,185.09654235839844,186.78250559975277,182.8918329061041,185.0566446584491,157678100
2025-10-07,NVDA,NVIDIA,184.5977325439453,188.6081286768816,183.56022492696124,185.78489078203316,140088000
2025-10-08,NVDA,NVIDIA,188.6580047607422,189.14683908131633,186.09414006589398,186.12408236678675,130168900
2025-10-09,NVDA,NVIDIA,192.1097412109375,194.83321191134357,190.60334055524348,191.77054228398893,182997200
2025-10-10,NVDA,NVIDIA,182.72222900390625,195.15243956582322,181.6148814298513,193.04748211324375,268774400
2025-10-13,NVDA,NVIDIA,187.86990356445312,189.65561858658472,185.51554359294212,187.52073401073042,153482800
2025-10-14,NVDA,NVIDIA,179.59970092773438,184.35830419700528,179.27048784899807,184.3283771191491,205641400
2025-10-15,NVDA,NVIDIA,179.4001922607422,184.42813951825556,176.86625456034105,184.35831474003746,214450500
2025-10-16,NVDA,NVIDIA,181.37545776367188,182.84194556906473,179.34034021746592,181.79445210488134,179723300
2025-10-17,NVDA,NVIDIA,182.7821044921875,183.66000615888444,179.32039659193174,179.74936158304564,173135200
2025-10-20,NVDA,NVIDIA,182.20347595214844,184.75735492260156,181.2956472677441,182.69231029505525,128544700
2025-10-21,NVDA,NVIDIA,180.7270050048828,182.35309871753384,179.37025499304198,182.35309871753384,124240200
2025-10-22,NVDA,NVIDIA,179.84912109375,183.0015721983185,176.33752979723928,180.7070662621498,162249600
2025-10-23,NVDA,NVIDIA,181.72462463378906,182.59254038327154,179.3602787988416,179.988777912505,111363700
2025-10-24,NVDA,NVIDIA,185.81480407714844,187.0219186862977,183.06140638753934,183.40059008116805,131296700
2025-10-27,NVDA,NVIDIA,191.03233337402344,191.54110896467577,187.9796341631504,189.5359184602369,153452700
2025-10-28,NVDA,NVIDIA,200.54953002929688,202.6644582837766,191.45133202040452,192.58860677151606,297986200
2025-10-29,NVDA,NVIDIA,206.545166015625,211.6828666070652,204.29057291407037,207.482921843539,308829600
2025-10-30,NVDA,NVIDIA,202.4050750732422,205.66726375798942,200.9286166610889,204.65966800141675,178864400
2025-10-31,NVDA,NVIDIA,202.0060272216797,207.4729250244422,201.58703290468912,205.95655376605836,179802200
2025-11-03,NVDA,NVIDIA,206.3855438232422,210.83487551397138,205.06869143040765,207.58267267525224,180267300
2025-11-04,NVDA,NVIDIA,198.21511840820312,203.4824975937368,197.4569251230167,202.51481474882632,188919300
2025-11-05,NVDA,NVIDIA,194.74343872070312,202.43500266122365,194.18476438007542,198.29492759193732,171350300
2025-11-06,NVDA,NVIDIA,187.63047790527344,197.1476699621838,185.9345440647224,195.95054108781363,223029800
2025-11-07,NVDA,NVIDIA,187.7003173828125,187.86992448023628,178.48241062826605,184.45808484875374,264942300
2025-11-10,NVDA,NVIDIA,198.5742645263672,199.46213677715232,193.32682642239038,194.6436788693004,198897100
2025-11-11,NVDA,NVIDIA,192.69833374023438,194.9529266552934,190.84277869998112,194.69355355890158,176483300
2025-11-12,NVDA,NVIDIA,193.33682250976562,195.42182377221093,190.67320561625652,195.25223189760408,154935300
2025-11-13,NVDA,NVIDIA,186.4133758544922,190.98243076168436,183.4105757073767,190.59336353184335,207423100
2025-11-14,NVDA,NVIDIA,189.71548461914062,190.55347333374138,180.14840873831534,182.4229582335574,186591900
2025-11-17,NVDA,NVIDIA,186.1540069580078,188.54826454585316,183.8794576828592,185.52550787171305,173628900
2025-11-18,NVDA,NVIDIA,180.92652893066406,184.35830936263392,179.22060933347112,182.94170515591497,213598900
2025-11-19,NVDA,NVIDIA,186.07418823242188,187.41098174033533,182.39300555425,184.34831228056447,247246400
2025-11-20,NVDA,NVIDIA,180.208251953125,195.53154064523628,179.42014682895694,195.4816571057099,343504800
2025-11-21,NVDA,NVIDIA,178.45245361328125,184.11887021564362,172.51666286870193,180.80681345200097,346926200
2025-11-24,NVDA,NVIDIA,182.11370849609375,183.06143495137792,176.05820849098825,179.06102433247585,256618300
2025-11-25,NVDA,NVIDIA,177.39498901367188,177.73417270583553,169.14475137656873,174.49194072660026,320600300
2025-11-26,NVDA,NVIDIA,179.8291473388672,182.4728225932506,177.81398638784032,181.1958831941039,183852000
2025-11-28,NVDA,NVIDIA,176.5769500732422,178.86147001761242,176.07814512953246,178.5821404669205,121332800
2025-12-01,NVDA,NVIDIA,179.48997497558594,179.8690716163194,173.2648835948944,174.3423041351479,188131000
2025-12-02,NVDA,NVIDIA,181.02630615234375,185.2162648499111,179.56978894419797,181.32557695606172,182632200
2025-12-03,NVDA,NVIDIA,179.16075134277344,182.013916155068,178.68190287158453,180.64719551618873,165138000
2025-12-04,NVDA,NVIDIA,182.951904296875,184.08924235816875,179.53989011299373,181.1960032737075,167364900
2025-12-05,NVDA,NVIDIA,181.98416137695312,184.22890867632069,180.48766317737477,183.46070200471706,143971100
2025-12-08,NVDA,NVIDIA,185.1168212890625,187.5610985176648,181.97416608957425,182.21361127014939,204378100
2025-12-09,NVDA,NVIDIA,184.53819274902344,185.28644189022677,182.89205072764324,185.12681175320978,144719700
2025-12-10,NVDA,NVIDIA,183.3509521484375,185.04698034073257,181.61500881382975,184.53817644999398,162785400
2025-12-11,NVDA,NVIDIA,180.50759887695312,180.89670300875093,176.20766331092784,179.85912243695617,182136600
2025-12-12,NVDA,NVIDIA,174.6114044189453,182.39319766595756,174.21232912082112,180.68718311570447,204274900
2025-12-15,NVDA,NVIDIA,175.87843322753906,178.0034654802094,174.6213802569945,177.52459033283526,164775600
2025-12-16,NVDA,NVIDIA,177.30511474609375,178.07332144734244,174.4916907151964,175.8485164107673,148588100
2025-12-17,NVDA,NVIDIA,170.5409393310547,175.71882560019336,169.91240520818417,175.68889685369163,222775500
2025-12-18,NVDA,NVIDIA,173.73345947265625,175.7387615308714,171.41888356310693,174.1225483861358,176096000
2025-12-19,NVDA,NVIDIA,180.56747436523438,181.0263919449467,175.92832091222974,176.2575523358494,324925900
2025-12-22,NVDA,NVIDIA,183.2611541748047,183.73005811636295,181.92428623312026,183.49061294732294,129064400
2025-12-23,NVDA,NVIDIA,188.76829528808594,188.88801027625055,182.47301321780614,182.54285710968043,174873600
2025-12-24,NVDA,NVIDIA,188.169677734375,188.4689804086018,186.154389299292,187.50124372172942,65528500
2025-12-26,NVDA,NVIDIA,190.08518981933594,192.24015076382284,187.56109754364968,189.4766133088049,139740300
2025-12-29,NVDA,NVIDIA,187.7805938720703,188.31932652162573,185.47598909796272,187.2717899684254,120006100
2025-12-30,NVDA,NVIDIA,187.1021728515625,188.5487999407664,186.49359631469858,187.8005508490403,97687300
2025-12-31,NVDA,NVIDIA,186.0646209716797,190.11514057964584,186.0546497967401,189.12746144975497,120100500
2026-01-02,NVDA,NVIDIA,188.40911865234375,192.47958012626398,187.82048449119816,189.3967976648124,148240500
2026-01-05,NVDA,NVIDIA,187.6808319091797,193.1779786425506,185.7154296257417,191.31233377676458,183529700
2026-01-06,NVDA,NVIDIA,186.80288696289062,191.72137039337454,186.3838692947835,190.07522846701318,176862600
2026-01-07,NVDA,NVIDIA,188.6685028076172,190.92322111221242,186.12445301449551,188.1297701943655,153543200
2026-01-08,NVDA,NVIDIA,184.60801696777344,189.10749810453436,183.28113525242415,188.66852284990722,172457000
2026-01-09,NVDA,NVIDIA,184.42843627929688,185.9049768874807,183.2412119543349,184.64792389684447,131327500
2026-01-12,NVDA,NVIDIA,184.5082550048828,186.6831584288149,182.59273912358015,182.79226917353867,137968500
2026-01-13,NVDA,NVIDIA,185.376220703125,187.6708543554723,182.97184323887342,184.5681140987238,160128900
2026-01-14,NVDA,NVIDIA,182.7124481201172,184.02937380837906,180.37791464347094,183.88970125566945,159586100
2026-01-15,NVDA,NVIDIA,186.6133270263672,189.25713440169068,185.895006678512,186.06460797964908,206188600
2026-01-16,NVDA,NVIDIA,185.79522705078125,189.99540517049002,185.6455833269296,188.63857958929228,187967200
2026-01-20,NVDA,NVIDIA,177.65428161621094,181.95421697054311,177.19534884297914,181.47532662721457,223345300
2026-01-21,NVDA,NVIDIA,182.8920440673828,184.94723253133864,177.9835164834521,178.6320081827799,200381000
2026-01-22,NVDA,NVIDIA,184.40847778320312,185.7353746560278,183.5005985718231,184.31869154642928,139636600
2026-01-23,NVDA,NVIDIA,187.23187255859375,189.15737478680413,186.38386606278428,187.06227125943187,142748100
2026-01-26,NVDA,NVIDIA,186.03468322753906,188.6784906596197,185.55580805974404,186.7230748442759,124799600
2026-01-27,NVDA,NVIDIA,188.07989501953125,189.55643562401056,185.2664711415707,186.80288446054914,143711600
2026-01-28,NVDA,NVIDIA,191.07289123535156,191.9009553855833,189.3968053634026,190.82347487286611,148552700
2026-01-29,NVDA,NVIDIA,192.06056213378906,193.02829879699948,185.625623299501,190.8932954336949,171764400
2026-01-30,NVDA,NVIDIA,190.6837921142578,194.03594845559672,189.0276639024229,190.7636071727618,179489500
2026-02-02,NVDA,NVIDIA,185.17669677734375,189.8557504766133,184.4484052141589,186.7629812920276,165794100
2026-02-03,NVDA,NVIDIA,179.91897583007812,185.8351396091497,175.81857039871747,185.8052108647954,204019600
2026-02-04,NVDA,NVIDIA,173.78334045410156,179.16075641282603,171.50866453387607,179.04104143486663,207014100
2026-02-05,NVDA,NVIDIA,171.47872924804688,176.40719862825284,170.6307075914073,174.5215964583249,206312900
2026-02-06,NVDA,NVIDIA,184.97714233398438,186.56342663955238,174.1923819783884,176.277498975506,231346200
2026-02-09,NVDA,NVIDIA,189.59632873535156,193.20788788877485,183.5205500126207,183.8298238555102,196387400
2026-02-10,NVDA,NVIDIA,188.09983825683594,192.0306425866914,187.6808205923615,190.93321971968697,136764800
2026-02-11,NVDA,NVIDIA,189.60633850097656,192.80883635229745,188.32932783046314,192.0007297023972,144192700
2026-02-12,NVDA,NVIDIA,186.5035858154297,193.1580126884611,186.07458174632154,192.5793648877844,189932500
2026-02-13,NVDA,NVIDIA,182.3832244873047,187.0622780376601,181.16607138035295,187.04232046551596,161888000
2026-02-17,NVDA,NVIDIA,184.53819274902344,186.71309627900055,178.7617008539599,181.32570855160378,162276900
2026-02-18,NVDA,NVIDIA,187.5411376953125,189.92555739322245,186.3239846890322,188.3093443160685,164749100
2026-02-19,NVDA,NVIDIA,187.46133422851562,187.9900957055448,185.22657333636724,186.62329889395997,126554500
2026-02-20,NVDA,NVIDIA,189.37686157226562,189.88566546751952,185.5059147845697,186.13444888465776,178422300
2026-02-23,NVDA,NVIDIA,191.1028289794922,193.49722008283115,189.13742673270812,190.9531700210539,171584800
2026-02-24,NVDA,NVIDIA,192.39979553222656,193.31764595479845,186.96250644177093,191.04296985904048,175123600
2026-02-25,NVDA,NVIDIA,195.10345458984375,197.16862939564908,193.33758246616242,193.9960453222018,250637100
2026-02-26,NVDA,NVIDIA,184.4583740234375,193.83642365132246,183.8897126034445,193.81648130196652,360807900
2026-02-27,NVDA,NVIDIA,176.77635192871094,182.16373952566906,175.96824531148394,180.82687141264745,311636500
2026-03-02,NVDA,NVIDIA,182.05398559570312,183.03170868955394,174.23229218389588,174.6014235260267,209095300
2026-03-03,NVDA,NVIDIA,179.62966918945312,180.4776756968921,176.50697142699124,178.07331350693755,178099400
2026-03-04,NVDA,NVIDIA,182.61268615722656,184.26881453838726,179.63964723402094,180.01876499488523,177731200
2026-03-05,NVDA,NVIDIA,182.9119873046875,183.6303076754259,177.4647422536165,180.74705501791135,198779700
2026-03-06,NVDA,NVIDIA,177.4048614501953,182.33331553635475,176.40719609116329,179.42013451476103,189021900
2026-03-09,NVDA,NVIDIA,182.2235870361328,182.48298979408452,175.1501427003192,176.4171820751478,177213600
2026-03-10,NVDA,NVIDIA,184.33865356445312,186.00475307627937,181.5850871183009,181.97417604353973,179118500
2026-03-11,NVDA,NVIDIA,185.60574340820312,187.1921136401388,184.02934488988058,185.4860219488843,145280400
2026-03-12,NVDA,NVIDIA,182.7223358154297,184.5182338343672,181.3355064165816,183.63026415055788,155762700
2026-03-13,NVDA,NVIDIA,179.8389434814453,185.66562182453413,179.52965286608148,184.49829181300376,160988400
2026-03-16,NVDA,NVIDIA,182.80215454101562,188.44925014875608,180.99628481489137,182.55272468439094,217307400
2026-03-17,NVDA,NVIDIA,181.51510620117188,184.9771941770484,181.2656763194747,184.63797319169822,182497800
2026-03-18,NVDA,NVIDIA,179.98858642578125,182.96180140975886,179.91875397930713,182.06384475172882,156683100
2026-03-19,NVDA,NVIDIA,178.15277099609375,179.56953069628346,175.3890840362079,177.6040222894031,170968500
2026-03-20,NVDA,NVIDIA,172.30615234375,177.85347025510498,171.32839150930033,177.59406866914642,241323500
2026-03-23,NVDA,NVIDIA,175.23944091796875,177.96321071223454,174.36144294367455,176.85574153065542,182836300
2026-03-24,NVDA,NVIDIA,174.80044555664062,175.81812366395545,173.58322660302642,174.4312942297872,147667800
2026-03-25,NVDA,NVIDIA,178.2725067138672,180.8067226806179,176.44669348987364,176.69612335614488,162602100
2026-03-26,NVDA,NVIDIA,170.8494873046875,176.10745794358192,170.74970926821888,175.66847416549638,186152200
2026-03-27,NVDA,NVIDIA,167.13796997070312,170.58009909933227,166.629123297364,169.61230999497113,196212700
2026-03-30,NVDA,NVIDIA,164.79331970214844,169.0635577295173,163.89537828689438,168.3950875250076,185627000
2026-03-31,NVDA,NVIDIA,174.00225830078125,174.22175778800025,166.57923870897636,166.58921042239905,226181300
2026-04-01,NVDA,NVIDIA,175.34918212890625,176.9654826629128,174.35146274268203,175.5986119754623,168132000
2026-04-02,NVDA,NVIDIA,176.98545837402344,177.0852364118599,170.97918282725632,171.78733317216196,143143200
2026-04-06,NVDA,NVIDIA,177.23487854003906,177.3845303646084,175.35916114415525,176.75597747742694,107564300
2026-04-07,NVDA,NVIDIA,177.69383239746094,177.8235255680002,173.26395579650787,175.32922705160684,132534900
2026-04-08,NVDA,NVIDIA,181.66476440429688,184.83750503722598,179.8888249511496,184.079243714486,147732700
2026-04-09,NVDA,NVIDIA,183.4906005859375,183.66021107746678,180.2080948395415,181.42531387192042,116428500
2026-04-10,NVDA,NVIDIA,188.1998291015625,189.56669990817062,183.87970195572368,183.88967366981893,160459500
2026-04-13,NVDA,NVIDIA,188.87826538085938,189.2274732756209,185.3164148846483,185.605746824658,133648200
2026-04-14,NVDA,NVIDIA,196.0618438720703,196.0618438720703,190.33494396561244,190.40477641072036,161307000
2026-04-15,NVDA,NVIDIA,198.41647338867188,199.94298301571828,195.2936216855987,196.09178511161633,185338400
2026-04-16,NVDA,NVIDIA,197.8976593017578,199.39423847906178,195.36344336942167,196.97974400923295,134012900
2026-04-17,NVDA,NVIDIA,201.2200469970703,201.2400056483541,198.8155547450397,199.44410763257105,160324400
2026-04-20,NVDA,NVIDIA,201.59918212890625,201.70893187328167,197.38880498867078,199.52392392325544,119381400
2026-04-21,NVDA,NVIDIA,199.42417907714844,202.28762917830338,198.54618104306965,201.66904795828867,107945300
2026-04-22,NVDA,NVIDIA,202.03819274902344,202.03819274902344,198.54617460274403,200.53164182940822,107501000
2026-04-23,NVDA,NVIDIA,199.18470764160156,203.3651545152774,196.77022843278436,201.99828375930824,113561800
2026-04-24,NVDA,NVIDIA,207.79502868652344,210.46890943516505,199.35431566144254,199.50398270942756,214134400
2026-04-27,NVDA,NVIDIA,216.1160125732422,216.33551207209098,206.90706623150768,209.17187844164343,187172400
2026-04-28,NVDA,NVIDIA,212.68385314941406,214.2402930542568,207.72518626919629,209.01225288404052,180275400
2026-04-29,NVDA,NVIDIA,208.77279663085938,212.23488436877426,207.10660696252424,212.2149257168926,123711800
2026-04-30,NVDA,NVIDIA,199.1148681640625,209.82039307402036,198.24684193288383,209.45122654333912,225239200
2026-05-01,NVDA,NVIDIA,197.9974365234375,202.5370634031337,196.6704677294345,200.82098460367052,128647000
2026-05-04,NVDA,NVIDIA,198.02734375,201.2699318245734,194.29588290907526,199.04502180842945,125368100
2026-05-05,NVDA,NVIDIA,196.05186462402344,199.7833407086998,195.58293528206713,198.84548202478717,113406600
2026-05-06,NVDA,NVIDIA,207.3560333251953,207.7950323152332,198.15705885791613,199.43413852494058,188362800
2026-05-07,NVDA,NVIDIA,211.01766967773438,213.7115092245668,206.02907228582575,207.86487247229027,168307900
2026-05-08,NVDA,NVIDIA,214.709228515625,217.30330524675068,212.40449895841255,212.5441790763045,136421400
2026-05-11,NVDA,NVIDIA,218.93955993652344,221.79303819063418,213.40221390900197,213.55186573785767,160685800
2026-05-12,NVDA,NVIDIA,220.27650451660156,223.23973257586303,214.42986778297353,218.05159434962442,159176600
2026-05-13,NVDA,NVIDIA,225.3149871826172,227.32039781394542,221.0647077692387,224.41703053540263,150405400
2026-05-14,NVDA,NVIDIA,235.202392578125,236.00055597235212,228.77707677625682,229.32582552778115,180782900
2026-05-15,NVDA,NVIDIA,224.80615234375,230.97205119780003,223.72861351776262,229.23601388526635,180977600
2026-05-18,NVDA,NVIDIA,221.81300354003906,229.4754818886306,217.8719993892805,229.34577348371204,146280900
2026-05-19,NVDA,NVIDIA,220.1068878173828,223.96805720569674,217.41304835521052,219.11914008419038,140948200
2026-05-20,NVDA,NVIDIA,222.9603729248047,225.61431038954527,219.9971448577806,222.6710257508039,184201600
2026-05-21,NVDA,NVIDIA,219.0093994140625,226.8814055684356,217.43300079554024,221.78305837384474,203381800
2026-05-22,NVDA,NVIDIA,214.83892822265625,220.50596731800164,214.3101381389001,220.39621757095847,169275700
2026-05-26,NVDA,NVIDIA,214.37001037597656,217.68243116855118,211.5165320236786,216.04617181279934,187202600
2026-05-27,NVDA,NVIDIA,212.1151580810547,213.66161102691768,208.30386252985457,213.63168066177133,167601200
2026-05-28,NVDA,NVIDIA,213.7613983154297,215.0285063161196,210.73830951283205,210.79817024571656,143996000
2026-05-29,NVDA,NVIDIA,210.6584930419922,217.36316924965476,210.64852132770383,214.09065053210412,289410600
2026-06-01,NVDA,NVIDIA,223.8483428955078,224.35717434911126,215.20808855445495,215.23801892090273,212850700
2026-06-02,NVDA,NVIDIA,222.3118438720703,231.75026086454594,220.84519513709748,226.66188583823322,193362900
2026-06-03,NVDA,NVIDIA,214.26025390625,222.31185725112735,214.02079575535723,221.2143597561905,160907000
2026-06-04,NVDA,NVIDIA,218.4156036376953,221.35231998810906,210.73419644348996,213.67091279390368,169022200
2026-06-05,NVDA,NVIDIA,204.87075805664062,214.62982678346356,204.10161444712602,214.2902104723603,219655500
2026-06-08,NVDA,NVIDIA,208.40679931640625,210.23475572682116,205.76975069388217,209.94507132882276,138372800
2026-06-09,NVDA,NVIDIA,207.95730590820312,211.16370951624515,199.11719156565087,210.3845825512031,180962500
2026-06-10,NVDA,NVIDIA,200.19598388671875,206.98838641050182,199.696542748819,204.20149632565034,161746600
2026-06-11,NVDA,NVIDIA,204.64100646972656,205.43013200106668,199.31696212361035,201.26479475008583,158643200
2026-06-12,NVDA,NVIDIA,204.96066284179688,206.83856645475237,203.21261880599855,204.6310298517525,112001800
2026-06-15,NVDA,NVIDIA,212.21253967285156,212.47225882321928,208.10713284720606,208.68648640498938,149936700
2026-06-16,NVDA,NVIDIA,207.1781768798828,211.25361840198772,207.05830064217733,210.94395209283806,125694100
2026-06-17,NVDA,NVIDIA,204.42124938964844,208.9761653200819,202.8530121596522,208.29691745433288,128363500
2026-06-18,NVDA,NVIDIA,210.4545135498047,211.1537281092123,206.26919428756833,207.09826842291386,241272000
2026-06-22,NVDA,NVIDIA,208.41677856445312,213.7508214450341,207.48782537372824,211.2036686200953,122041400
2026-06-23,NVDA,NVIDIA,199.81640625,203.54224815949766,199.77645766483005,201.94403040148535,153496200
2026-06-24,NVDA,NVIDIA,198.77757263183594,201.44458647582786,196.36027935647695,199.89631590195674,151810700
2026-06-25,NVDA,NVIDIA,195.52122497558594,200.5755669254449,191.9152592982058,199.85637045714446,149550000
2026-06-26,NVDA,NVIDIA,192.31480407714844,195.33143282930595,191.0062707295152,192.90414096411192,179304100
2026-06-29,NVDA,NVIDIA,194.7520751953125,195.96071419295149,189.58785574691487,193.63333194293918,148835700
2026-06-30,NVDA,NVIDIA,199.86634826660156,200.4057532237791,194.89191886651452,197.0195429632178,166476700
2026-07-01,NVDA,NVIDIA,197.35916137695312,199.62662840490702,193.23377271109229,195.98069896251877,146147600
2026-07-02,NVDA,NVIDIA,194.61224365234375,199.8363939026278,192.1350197738411,196.9196593659626,142068700
2026-07-06,NVDA,NVIDIA,195.33143615722656,197.32920075051607,193.77318221313826,194.20269428466304,108999000
2026-07-07,NVDA,NVIDIA,196.7098846435547,198.18824142626735,190.92636281467173,192.15498377986222,124154600
2026-07-08,NVDA,NVIDIA,203.891845703125,204.93069180759116,194.84197470333905,194.9618356993413,147419100
2026-07-09,NVDA,NVIDIA,202.5533447265625,204.36131918975943,198.73762239526957,204.23147485952867,132037400
2026-07-10,NVDA,NVIDIA,210.72421264648438,210.7641612313501,201.69430829342895,201.7742207048944,148421000
2026-07-13,NVDA,NVIDIA,203.30250549316406,210.33464515051216,202.77309911383117,208.3069001369788,121411000
2026-07-14,NVDA,NVIDIA,211.5632781982422,212.31243993744155,203.57221964678251,207.96729575339148,124379600
2026-07-15,NVDA,NVIDIA,212.26248168945312,213.57101502024952,205.80969553973085,211.7230919717581,124797200
2026-07-16,NVDA,NVIDIA,207.16818237304688,210.84407715298516,205.61992700554663,209.93509060438328,122986100
2026-07-17,NVDA,NVIDIA,202.58331298828125,206.41901728963356,197.74872640584337,202.41350482950477,144281900
2026-07-20,NVDA,NVIDIA,203.05279541015625,207.50781723343968,202.05391309694542,205.63989694335598,88701500
2026-07-21,NVDA,NVIDIA,207.0583038330078,208.4167843613107,203.78197113093626,207.30802440628602,108685600
2026-07-22,NVDA,NVIDIA,211.82298278808594,214.15038042761168,204.72092886821054,205.57996827489498,137645600
2026-07-23,NVDA,NVIDIA,208.5266571044922,210.63429930291466,205.72979894313582,209.22588688656515,110505300
2026-07-24,NVDA,NVIDIA,206.6088104248047,211.6731509810223,204.5810805834776,207.21812923496972,114836800
2026-07-27,NVDA,NVIDIA,196.2903594970703,208.51668459839084,195.22156333884286,207.96729627325774,154353700
2026-07-28,NVDA,NVIDIA,196.789794921875,198.47790843456414,192.52457850774027,194.78204700134697,134111500
2026-07-29,NVDA,NVIDIA,189.79762268066406,196.84974460884015,189.79762268066406,195.63110696844683,147680800
2026-07-30,NVDA,NVIDIA,194.82199096679688,197.02952748682713,191.3059363552755,193.23377181769484,129010200
2026-07-31,NVDA,NVIDIA,200.52561950683594,201.77422236802423,194.73209918257555,198.2182038580375,139961200
2026-08-03,NVDA,NVIDIA,206.40904235839844,208.50670133078404,196.62999113475112,197.46904862701152,128406900
2026-08-04,NVDA,NVIDIA,211.70310974121094,212.82185300096492,208.8163406042335,211.06382570110384,134922000
2026-08-05,NVDA,NVIDIA,218.9749755859375,221.9716224388697,216.15812022814887,216.6176127852948,158187400
2026-08-06,NVDA,NVIDIA,218.7452392578125,223.38005249670454,216.75745800384053,221.28239358061882,113940600
2026-08-07,NVDA,NVIDIA,223.70968627929688,224.50877992471257,220.41337164588714,221.29237770419127,105669400
2026-08-10,NVDA,NVIDIA,217.3068389892578,223.88946943306019,216.5277120448001,223.15029107269072,115846600
2026-08-11,NVDA,NVIDIA,217.25689697265625,221.9516406634887,215.95834695389817,221.92167541427946,101273100
2026-08-12,NVDA,NVIDIA,223.8395233154297,224.84840415873398,219.95387191061064,220.7929293559802,108783600
2026-08-13,NVDA,NVIDIA,225.04818725585938,226.97602279610956,223.45996804263754,224.80845001468583,98867200
2026-08-14,NVDA,NVIDIA,224.90834045410156,227.23573802273873,224.24907448357243,226.51654155338588,75680900
2026-08-17,NVDA,NVIDIA,224.7584991455078,227.66525027466162,224.60867289832842,225.72741618855906,93678700
2026-08-18,NVDA,NVIDIA,219.49440002441406,221.39227027986857,218.44557057093272,220.20359791537197,103128200
2026-08-19,NVDA,NVIDIA,217.31683349609375,222.62089613745684,216.51772459764655,221.4222404106533,96797300
2026-08-20,NVDA,NVIDIA,216.60763549804688,219.6142657707553,215.41896310784705,218.1159423024499,92457000
2026-08-21,NVDA,NVIDIA,214.48001098632812,218.49552214328025,214.26025565862156,218.17587248780362,98869300
2026-08-24,NVDA,NVIDIA,208.24697875976562,215.34903256074918,207.01835779182306,215.28910206110334,135187300
2026-08-25,NVDA,NVIDIA,212.81187438964844,214.48998931653267,209.87515802586688,210.79412790131315,122309000
2026-08-26,NVDA,NVIDIA,209.4256591796875,213.3612577394914,208.99613188036045,212.40232405945306,179900000
2026-08-27,NVDA,NVIDIA,227.7251739501953,230.21239627098788,220.6530857022795,222.61090164325523,298909800
2026-08-28,NVDA,NVIDIA,217.3068389892578,229.00374173344596,216.56766062888835,227.10587153371227,195116400
2026-08-31,NVDA,NVIDIA,220.53323364257812,221.05265670783686,215.96834944345454,218.62536478578363,124702700
2026-09-01,NVDA,NVIDIA,217.1969757080078,220.1636574397174,214.8595947199138,216.50774446342592,109756200
2026-09-02,NVDA,NVIDIA,224.1591796875,227.6952163087265,218.23579974693772,218.5454508199983,157104700
2026-09-03,NVDA,NVIDIA,228.1946563720703,230.14247379152744,224.49879494304554,225.76737972053164,134681600
2026-09-04,NVDA,NVIDIA,230.10252380371094,234.49759976142684,229.37334400327853,230.83170360414334,135352400
2026-09-08,NVDA,NVIDIA,225.47769165039062,233.44878317831424,224.59868561283858,232.84944771666764,122965600
2026-09-09,NVDA,NVIDIA,223.4199981689453,225.92718720955042,223.21024142511232,225.0281992525124,82955500
2026-09-10,NVDA,NVIDIA,218.36000061035156,220.99000549316406,217.1999969482422,220.52999877929688,105768000
2026-09-11,NVDA,NVIDIA,218.2899932861328,222.0,218.14999389648438,221.24000549316406,88804100
