Date,ticker,name,Close,High,Low,Open,Volume
2015-01-02,GOOGL,Alphabet,26.227924346923828,26.537478726114013,26.145209618123978,26.37898514574825,26480000
2015-01-05,GOOGL,Alphabet,25.728179931640625,26.15066009048042,25.643487027508176,26.10905616086376,41182000
2015-01-06,GOOGL,Alphabet,25.093223571777344,25.814855269684664,25.03923670950731,25.779690312710844,54456000
2015-01-07,GOOGL,Alphabet,25.01942253112793,25.3334339302312,24.945130614665498,25.30668989835191,46918000
2015-01-08,GOOGL,Alphabet,25.106595993041992,25.135816990938373,24.517698227988138,24.8391405410689,73054000
2015-01-09,GOOGL,Alphabet,24.800010681152344,25.190297845951633,24.697487795818056,25.169495882043805,42000000
2015-01-12,GOOGL,Alphabet,24.618738174438477,24.778219905572726,24.314135814389513,24.726710008215623,57138000
2015-01-13,GOOGL,Alphabet,24.85350227355957,25.190297590975387,24.62864268177907,24.89163920700457,60958000
2015-01-14,GOOGL,Alphabet,25.05805206298828,25.173454769431157,24.673215778413667,24.785149601932034,52800000
2015-01-15,GOOGL,Alphabet,24.962963104248047,25.247256631675192,24.86390531632037,25.204662670870263,51068000
2015-01-16,GOOGL,Alphabet,25.282421112060547,25.301736141361182,24.91739294264728,24.920364921625065,49658000
2015-01-20,GOOGL,Alphabet,25.256662368774414,25.537490733342086,25.228431405727978,25.39682904361888,46796000
2015-01-21,GOOGL,Alphabet,25.774242401123047,25.846554261937744,25.239331503455926,25.301242382017207,46356000
2015-01-22,GOOGL,Alphabet,26.61176872253418,26.688042583531715,25.84952323809066,25.903508202923028,56068000
2015-01-23,GOOGL,Alphabet,26.842079162597656,27.013448799353302,26.535001747631526,26.647927502512875,45966000
2015-01-26,GOOGL,Alphabet,26.583044052124023,26.81979155330982,26.352735523716976,26.81979155330982,30932000
2015-01-27,GOOGL,Alphabet,25.813861846923828,26.387899653088375,25.797516908024367,26.319549808026878,39148000
2015-01-28,GOOGL,Alphabet,25.379993438720703,26.03674415006572,25.376031429642268,26.002569223880364,35822000
2015-01-29,GOOGL,Alphabet,25.419614791870117,25.51669061747717,24.936708849037664,25.403269852840797,79018000
2015-01-30,GOOGL,Alphabet,26.6241512298584,26.899035645522233,25.664780246320895,25.705394140053176,121108000
2015-02-02,GOOGL,Alphabet,26.359174728393555,26.572148289412223,25.8401137864481,26.464174574741662,75378000
2015-02-03,GOOGL,Alphabet,26.413654327392578,26.619196978655207,26.09221206443756,26.247236745965566,47062000
2015-02-04,GOOGL,Alphabet,26.05704689025879,26.58452681484098,26.004050067799934,26.40572819464236,33896000
2015-02-05,GOOGL,Alphabet,26.241790771484375,26.284384726025117,26.034264273400613,26.14768503657641,33176000
2015-02-06,GOOGL,Alphabet,26.442384719848633,26.756396143794635,26.183350187544463,26.30023795915466,42938000
2015-02-09,GOOGL,Alphabet,26.214553833007812,26.442385423908863,26.128869006585564,26.302713734348217,30314000
2015-02-10,GOOGL,Alphabet,26.7534236907959,26.7950276200183,26.20910372743273,26.356699428927953,47430000
2015-02-11,GOOGL,Alphabet,26.646438598632812,26.842077178437496,26.547380826794132,26.732123410676834,38306000
2015-02-12,GOOGL,Alphabet,27.043167114257812,27.15856794559307,26.59691303094378,26.728658802305585,48590000
2015-02-13,GOOGL,Alphabet,27.298236846923828,27.366586689744704,27.072385356678307,27.11745627387457,47382000
2015-02-17,GOOGL,Alphabet,26.993637084960938,27.38937130051302,26.9069622360046,27.298239427716073,39174000
2015-02-18,GOOGL,Alphabet,26.876745223999023,27.11943665345836,26.723207483354077,26.934694082575035,31164000
2015-02-19,GOOGL,Alphabet,27.064956665039062,27.085263612160553,26.78264324367809,26.867833040734382,30834000
2015-02-20,GOOGL,Alphabet,26.834651947021484,27.120927417473403,26.65139627145906,27.120927417473403,38234000
2015-02-23,GOOGL,Alphabet,26.497852325439453,26.71082586911126,26.34926661550721,26.69596786492898,32906000
2015-02-24,GOOGL,Alphabet,26.678632736206055,26.715777746437983,26.299736627512186,26.326977561262133,28406000
2015-02-25,GOOGL,Alphabet,27.108543395996094,27.21948719695557,26.64693442960273,26.668233296568268,40836000
2015-02-26,GOOGL,Alphabet,27.70090675354004,27.742510679720947,26.997598238498586,27.029793102355203,54032000
2015-02-27,GOOGL,Alphabet,27.866331100463867,28.202631377103362,27.588969716438637,27.64444161536971,68328000
2015-03-02,GOOGL,Alphabet,28.479991912841797,28.528034811260788,27.892086120544153,28.082772669460105,50406000
2015-03-03,GOOGL,Alphabet,28.666715621948242,28.76874348423825,28.25612154078049,28.54586396765447,50526000
2015-03-04,GOOGL,Alphabet,28.64393424987793,28.807377983614806,28.356171857117477,28.576574429341015,37964000
2015-03-05,GOOGL,Alphabet,28.797473907470703,28.885138787793394,28.63898221259044,28.707827077979744,35918000
2015-03-06,GOOGL,Alphabet,28.37499237060547,28.864335407301677,28.33338844444368,28.825703460061437,37592000
2015-03-09,GOOGL,Alphabet,28.43442726135254,28.50129017659802,28.184306791462394,28.276925598669397,23478000
2015-03-10,GOOGL,Alphabet,27.7286434173584,28.219473401047455,27.727156483173733,28.156075590924907,40080000
2015-03-11,GOOGL,Alphabet,27.522602081298828,27.943100240107174,27.50873410643518,27.726164680724466,40524000
2015-03-12,GOOGL,Alphabet,27.794021606445312,27.82720461201737,27.514680139109295,27.660788901103146,35602000
2015-03-13,GOOGL,Alphabet,27.389373779296875,27.952020660076787,27.25713298197405,27.69793815887703,35428000
2015-03-16,GOOGL,Alphabet,27.817302703857422,27.921807546273,27.306165725747533,27.584022169921717,36856000
2015-03-17,GOOGL,Alphabet,27.61769676208496,27.767767515794006,27.4592050871849,27.65137477873963,28892000
2015-03-18,GOOGL,Alphabet,28.04117202758789,28.058506998667593,27.4141373107403,27.623643898000804,35324000
2015-03-19,GOOGL,Alphabet,27.917842864990234,28.080791579039342,27.841073983904455,27.959941806916632,24660000
2015-03-20,GOOGL,Alphabet,27.981237411499023,28.087724187794457,27.957960374470588,28.068409159422565,44320000
2015-03-23,GOOGL,Alphabet,28.00204086303711,28.213529382141797,27.88763006334457,28.033243808407803,30234000
2015-03-24,GOOGL,Alphabet,28.60480499267578,28.819758604482537,28.13675705919549,28.15904595572783,79156000
2015-03-25,GOOGL,Alphabet,28.082773208618164,28.730112923032785,28.082773208618164,28.606291173338146,53070000
2015-03-26,GOOGL,Alphabet,27.916357040405273,28.09218559660649,27.652370477366155,27.96638189139214,49842000
2015-03-27,GOOGL,Alphabet,27.61472511291504,27.937652423954056,27.58401718521686,27.826706738704274,34552000
2015-03-30,GOOGL,Alphabet,27.79253387451172,27.84305373789061,27.577085239154318,27.74845487332882,24788000
2015-03-31,GOOGL,Alphabet,27.47357177734375,27.857418086643616,27.472084843112185,27.634043533409503,34932000
2015-04-01,GOOGL,Alphabet,27.215524673461914,27.661776832807224,27.04415504736719,27.480008114939164,38902000
2015-04-02,GOOGL,Alphabet,26.810380935668945,27.14172730485054,26.76729007475499,27.112506308888978,47760000
2015-04-06,GOOGL,Alphabet,26.94113540649414,27.019886232524108,26.532523271596357,26.688042974650614,33718000
2015-04-07,GOOGL,Alphabet,26.986207962036133,27.24870947181312,26.92330705612625,26.992646934982815,27318000
2015-04-08,GOOGL,Alphabet,27.183330535888672,27.31507818991987,27.042668834565465,27.042668834565465,28386000
2015-04-09,GOOGL,Alphabet,27.142717361450195,27.20958216476703,26.842078922100708,27.201658147103544,32366000
2015-04-10,GOOGL,Alphabet,27.16847038269043,27.23335323005184,26.992148727400572,27.219485255920837,26104000
2015-04-13,GOOGL,Alphabet,27.173423767089844,27.402742255862474,27.057527930126085,27.094674831065824,29326000
2015-04-14,GOOGL,Alphabet,26.734601974487305,27.070902270342298,26.53450635923292,27.070902270342298,47206000
2015-04-15,GOOGL,Alphabet,26.79701042175293,26.903497212375196,26.367596265051706,26.644462676417653,46962000
2015-04-16,GOOGL,Alphabet,26.919837951660156,27.004530844465013,26.651392504921667,26.663773545535378,31722000
2015-04-17,GOOGL,Alphabet,26.385921478271484,26.73559477090509,26.200685738604697,26.612268023207598,49234000
2015-04-20,GOOGL,Alphabet,26.969860076904297,27.032762865314755,26.41612924703099,26.43594117864641,38508000
2015-04-21,GOOGL,Alphabet,26.890121459960938,27.130335954996916,26.854956506511122,27.058024099023093,29128000
2015-04-22,GOOGL,Alphabet,27.200170516967773,27.2903123560359,26.810875291002727,26.897055121340486,31806000
2015-04-23,GOOGL,Alphabet,27.61026954650879,27.79402212007565,27.244748237927396,27.26109317822853,78184000
2015-04-24,GOOGL,Alphabet,28.41263198852539,28.95942883158871,28.14963360300752,28.72912032219229,92168000
2015-04-27,GOOGL,Alphabet,28.039188385009766,28.50475750115603,27.849988759492767,28.36855470500373,48062000
2015-04-28,GOOGL,Alphabet,27.952512741088867,28.12388237675863,27.78362006945918,27.95003577704879,37178000
2015-04-29,GOOGL,Alphabet,27.804916381835938,28.025318941874097,27.686543576861304,27.761330506876483,33622000
2015-04-30,GOOGL,Alphabet,27.179861068725586,27.791045731697125,27.07832822772651,27.664747032014112,47240000
2015-05-01,GOOGL,Alphabet,27.298236846923828,27.30120882565993,26.936180685930932,27.266041985090908,36572000
2015-05-04,GOOGL,Alphabet,27.381450653076172,27.57213534425135,27.111518216677794,27.28982186468952,35260000
2015-05-05,GOOGL,Alphabet,26.896066665649414,27.370056704933322,26.86288177036424,27.248710025100387,28528000
2015-05-06,GOOGL,Alphabet,26.501819610595703,26.940149714945154,26.36115788963814,26.876256883374253,39034000
2015-05-07,GOOGL,Alphabet,26.84653663635254,27.003048270136677,26.42108640569576,26.5424311952825,31844000
2015-05-08,GOOGL,Alphabet,27.188779830932617,27.379464492780805,27.14321389593343,27.184817822154855,28226000
2015-05-11,GOOGL,Alphabet,27.031776428222656,27.40770063278897,27.0228623797468,27.16599917467734,21858000
2015-05-12,GOOGL,Alphabet,26.682598114013672,26.892104689278238,26.497855511820724,26.884673796923718,35282000
2015-05-13,GOOGL,Alphabet,26.720237731933594,26.935686357407874,26.694976856717943,26.768775643997174,24238000
2015-05-14,GOOGL,Alphabet,27.20116424560547,27.225435094947915,26.869322824531977,26.942129704448778,31736000
2015-05-15,GOOGL,Alphabet,27.066940307617188,27.270504820678962,26.869321642252736,27.26010383829136,33440000
2015-05-18,GOOGL,Alphabet,27.075855255126953,27.158568096237936,26.85693772865595,26.934698530922038,26706000
2015-05-19,GOOGL,Alphabet,27.205123901367188,27.409181517178638,27.09814211030498,27.141726094838173,47126000
2015-05-20,GOOGL,Alphabet,27.365102767944336,27.541424447613387,26.99809452823887,27.286351935563406,30840000
2015-05-21,GOOGL,Alphabet,27.578075408935547,27.617699275952177,27.20611514288731,27.250691048596032,34170000
2015-05-22,GOOGL,Alphabet,27.46465492248535,27.64890250514011,27.420079016318553,27.461682943491564,24266000
2015-05-26,GOOGL,Alphabet,27.101612091064453,27.405717543973164,26.89260052437526,27.36857063854784,37474000
2015-05-27,GOOGL,Alphabet,27.451282501220703,27.502792396262034,27.07139820614714,27.17540802612386,34844000
2015-05-28,GOOGL,Alphabet,27.447816848754883,27.526072669720765,27.280411098715987,27.428501818026614,23544000
2015-05-29,GOOGL,Alphabet,27.00899314880371,27.435930328218706,26.99512517237826,27.399278437935696,43446000
2015-06-01,GOOGL,Alphabet,27.201656341552734,27.26901426596134,26.922809913971676,27.177882400770333,33210000
2015-06-02,GOOGL,Alphabet,27.436426162719727,27.67614566755168,27.06991291705195,27.11349879684962,31842000
2015-06-03,GOOGL,Alphabet,27.502790451049805,27.63651816272019,27.34727074703132,27.493379499611805,26710000
2015-06-04,GOOGL,Alphabet,27.324485778808594,27.535974278994576,27.19719704465667,27.348754734148155,26866000
2015-06-05,GOOGL,Alphabet,27.21750831604004,27.405717920576606,27.111021526688184,27.339845031331336,24396000
2015-06-08,GOOGL,Alphabet,26.91786003112793,27.23434842172507,26.891609122531687,27.221470474914074,27336000
2015-06-09,GOOGL,Alphabet,26.85247802734375,26.985215705466285,26.68853740631048,26.91488391316522,30016000
2015-06-10,GOOGL,Alphabet,27.369558334350586,27.477532047295192,26.998589994809244,27.02781099019668,30316000
2015-06-11,GOOGL,Alphabet,27.242765426635742,27.480007931722366,27.199674568261244,27.463167978168986,25872000
2015-06-12,GOOGL,Alphabet,27.115476608276367,27.183824562720492,27.024342853401112,27.0996266845768,25468000
2015-06-15,GOOGL,Alphabet,26.89408302307129,26.946087929995137,26.706370343227583,26.880710062809456,27150000
2015-06-16,GOOGL,Alphabet,26.98670196533203,27.076843804466442,26.823258241207103,26.967386936586042,32526000
2015-06-17,GOOGL,Alphabet,27.0723876953125,27.159557558499046,26.835145173892702,27.013943813440044,24440000
2015-06-18,GOOGL,Alphabet,27.546871185302734,27.59986612113927,27.14172604390117,27.14172604390117,41192000
2015-06-19,GOOGL,Alphabet,27.613243103027344,27.632560023520366,27.35272352008319,27.563715153711616,59290000
2015-06-22,GOOGL,Alphabet,27.7202205657959,28.013926889538354,27.682083635137293,27.70684949528458,34752000
2015-06-23,GOOGL,Alphabet,27.903972625732422,27.97876144101072,27.594913287979942,27.725669016308313,31396000
2015-06-24,GOOGL,Alphabet,27.66524314880371,27.866825683577154,27.57807329317267,27.85890166652974,28924000
2015-06-25,GOOGL,Alphabet,27.634538650512695,27.891593115258466,27.610269692094583,27.750931403676525,26684000
2015-06-26,GOOGL,Alphabet,27.392343521118164,27.73607283032798,27.332414593416953,27.721709839427113,43676000
2015-06-29,GOOGL,Alphabet,26.80740737915039,27.285359383055532,26.757382533389066,27.079814836076096,37756000
2015-06-30,GOOGL,Alphabet,26.747482299804688,27.037719781794245,26.72271643613216,26.997600896440073,34510000
2015-07-01,GOOGL,Alphabet,26.90894317626953,27.033259939164598,26.73361153579567,26.926773160333497,30760000
2015-07-02,GOOGL,Alphabet,27.109037399291992,27.141725386839212,26.92231286768664,26.98026172995245,28124000
2015-07-06,GOOGL,Alphabet,27.023849487304688,27.170455150018487,26.84950787345179,26.856936876168337,25614000
2015-07-07,GOOGL,Alphabet,27.24226951599121,27.29031241451849,26.7380684782853,27.11349572981363,33578000
2015-07-08,GOOGL,Alphabet,26.829694747924805,27.155594048699598,26.804930776846575,27.022858256822733,27662000
2015-07-09,GOOGL,Alphabet,26.975805282592773,27.185311840164925,26.9743202378693,27.173920829175337,29766000
2015-07-10,GOOGL,Alphabet,27.543405532836914,27.70090719265849,27.339842922404863,27.42453582088573,43436000
2015-07-13,GOOGL,Alphabet,28.317045211791992,28.372517116684456,27.671685523721862,27.711804407525904,41792000
2015-07-14,GOOGL,Alphabet,28.93367576599121,29.20757017382,28.43789374827174,28.454238687927432,74832000
2015-07-15,GOOGL,Alphabet,28.922779083251953,29.157049618403022,28.737046461613076,28.911883086863288,41466000
2015-07-16,GOOGL,Alphabet,29.80537986755371,29.94009760548964,29.11891134365236,29.197167153191486,112642000
2015-07-17,GOOGL,Alphabet,34.65126037597656,34.81866985376039,33.58045262964002,33.67950849607402,257162000
2015-07-20,GOOGL,Alphabet,34.31545639038086,34.5611197846634,33.767176444266,34.12427863693632,102436000
2015-07-21,GOOGL,Alphabet,34.43977737426758,34.94744343805957,33.8850546703142,33.9212096476742,75604000
2015-07-22,GOOGL,Alphabet,34.427398681640625,35.33030586948122,34.25503902599339,34.37390684191637,83100000
2015-07-23,GOOGL,Alphabet,33.41849899291992,34.47544276375287,33.26297739619701,34.26642932546694,76232000
2015-07-24,GOOGL,Alphabet,32.42990493774414,33.570056555849526,32.35115599922562,33.519538582766316,82622000
2015-07-27,GOOGL,Alphabet,32.6032600402832,33.03911125287975,32.27042483869562,32.27141486858647,58382000
2015-07-28,GOOGL,Alphabet,32.67210388183594,32.89201143039862,32.362549507338464,32.776113698218296,34364000
2015-07-29,GOOGL,Alphabet,32.759769439697266,32.85387518612497,32.33431729963779,32.80087835454576,36756000
2015-07-30,GOOGL,Alphabet,32.9147834777832,33.08763810443616,32.27734803335144,32.56214023881998,39606000
2015-07-31,GOOGL,Alphabet,32.56511688232422,32.936582093909664,32.550258878459125,32.92172409004458,34922000
2015-08-03,GOOGL,Alphabet,32.9227180480957,33.01929886348223,32.57304478570584,32.57304478570584,31348000
2015-08-04,GOOGL,Alphabet,32.75233840942383,33.08517360610335,32.71420336548825,32.903896112769864,26188000
2015-08-05,GOOGL,Alphabet,33.34717559814453,33.675053043694675,32.96530752296837,32.97372655451979,36448000
2015-08-06,GOOGL,Alphabet,33.1916618347168,33.419493427571425,32.72510076179355,33.38185339479109,40660000
2015-08-07,GOOGL,Alphabet,32.906375885009766,33.12479461976127,32.63297648193132,33.07427664348202,27544000
2015-08-10,GOOGL,Alphabet,32.84446334838867,33.26446650957111,32.70033465111006,33.040100049248764,34458000
2015-08-11,GOOGL,Alphabet,34.189666748046875,34.868211412364566,33.89348528390838,34.64929385653599,109880000
2015-08-12,GOOGL,Alphabet,34.24761199951172,34.47197468437075,33.70477711120142,34.39718586317109,58498000
2015-08-13,GOOGL,Alphabet,34.00193786621094,34.37439303155478,33.78747932620805,34.1351686376706,36354000
2015-08-14,GOOGL,Alphabet,34.14359664916992,34.28673531133046,33.82314818118682,33.87961011070115,27598000
2015-08-17,GOOGL,Alphabet,34.37837219238281,34.409573252238076,33.831078320015564,34.07773182382956,24680000
2015-08-18,GOOGL,Alphabet,34.11189651489258,34.46008089123052,33.94300198264596,34.22779422830175,27710000
2015-08-19,GOOGL,Alphabet,34.37489700317383,34.679992450747385,34.016309715671476,34.18025033981043,50194000
2015-08-20,GOOGL,Alphabet,33.65376281738281,34.479901237118405,33.44574316753721,34.13023173088566,57798000
2015-08-21,GOOGL,Alphabet,31.897966384887695,33.327365353578664,31.851903548350307,33.23573469540023,91880000
2015-08-24,GOOGL,Alphabet,30.614185333251953,31.08817535761437,29.374975907214196,29.746938063557884,129788000
2015-08-25,GOOGL,Alphabet,30.334842681884766,32.045066307487865,30.295218816323864,32.01881918082507,71430000
2015-08-26,GOOGL,Alphabet,32.67606735229492,32.81177703180927,31.221409150442604,31.8519089755951,87740000
2015-08-27,GOOGL,Alphabet,33.08318328857422,33.38134848749213,32.24813103889393,33.28278385300838,58974000
2015-08-28,GOOGL,Alphabet,32.67359161376953,33.03564405179409,32.37939023538374,32.974228186773544,38836000
2015-08-31,GOOGL,Alphabet,32.085689544677734,32.90737297505778,32.01288454372058,32.4086169634143,38936000
2015-09-01,GOOGL,Alphabet,31.181285858154297,31.91827232582506,30.95840635278659,31.391782434024442,51458000
2015-09-02,GOOGL,Alphabet,31.941551208496094,31.94898021087631,31.23477761200834,31.599308858507488,37630000
2015-09-03,GOOGL,Alphabet,31.552261352539062,32.25556803268813,31.39178770386115,32.09113237492942,34572000
2015-09-04,GOOGL,Alphabet,31.15157127380371,31.42596069649486,31.029731472242826,31.18822316194364,40478000
2015-09-08,GOOGL,Alphabet,31.890541076660156,31.947993041207848,31.346716137051466,31.747897416458176,39092000
2015-09-09,GOOGL,Alphabet,31.867265701293945,32.55818947175841,31.74294514536799,32.28677389210816,40978000
2015-09-10,GOOGL,Alphabet,32.24714660644531,32.43634433457579,31.782565650509902,31.89152939431087,27850000
2015-09-11,GOOGL,Alphabet,32.456153869628906,32.45664888451943,32.06537173284636,32.20405525572537,34892000
2015-09-14,GOOGL,Alphabet,32.31599426269531,32.48686889581672,32.16889168434982,32.47250590420914,29942000
2015-09-15,GOOGL,Alphabet,32.94005584716797,33.12727352528042,32.35908211471397,32.52599284354443,35546000
2015-09-16,GOOGL,Alphabet,32.96234130859375,33.088638132930264,32.797905662247594,32.963826353382196,26252000
2015-09-17,GOOGL,Alphabet,33.26694107055664,33.77807609402343,32.936584739870554,33.059911472093624,47752000
2015-09-18,GOOGL,Alphabet,32.73451614379883,33.17631138664418,32.690433355275154,32.93956194815852,72544000
2015-09-21,GOOGL,Alphabet,33.03465270996094,33.13470241115899,32.58988744462073,32.96184772476689,39094000
2015-09-22,GOOGL,Alphabet,32.352142333984375,32.630495615920324,31.9474922443954,32.563630821873694,54362000
2015-09-23,GOOGL,Alphabet,32.35660934448242,32.70281375809933,32.22981371149237,32.33729242373007,29160000
2015-09-24,GOOGL,Alphabet,32.43684005737305,32.52896573818319,31.805847161143298,32.142642477178036,38692000
2015-09-25,GOOGL,Alphabet,31.70579719543457,32.61861229072034,31.68152823809176,32.61861229072034,48480000
2015-09-28,GOOGL,Alphabet,30.918292999267578,31.83952908251053,30.60081458197013,31.65131758949422,47646000
2015-09-29,GOOGL,Alphabet,30.837066650390625,31.43487657072626,30.61022509930188,30.980203438624475,42130000
2015-09-30,GOOGL,Alphabet,31.617637634277344,31.66419360034587,31.16098257438265,31.293718374073343,52954000
2015-10-01,GOOGL,Alphabet,31.79742431640625,31.8885599672451,31.258553322811206,31.596338668367878,42506000
2015-10-02,GOOGL,Alphabet,32.53986740112305,32.540362416175896,31.376438434785104,31.59981303269609,48788000
2015-10-05,GOOGL,Alphabet,33.26744079589844,33.33430560687003,32.4843913212678,32.76819361728486,37960000
2015-10-06,GOOGL,Alphabet,33.26545715332031,33.62008056329151,32.84149008615835,33.152034494378675,42774000
2015-10-07,GOOGL,Alphabet,33.18423080444336,33.61711193805121,32.59533304815509,33.550742146325796,44354000
2015-10-08,GOOGL,Alphabet,33.035640716552734,33.2778390473884,32.41603696422487,33.156987389430896,39308000
2015-10-09,GOOGL,Alphabet,33.245643615722656,33.38679844049463,32.80582853434508,33.059910997674415,32124000
2015-10-12,GOOGL,Alphabet,33.5026969909668,33.5794658703796,33.04752887865783,33.144109691264234,26684000
2015-10-13,GOOGL,Alphabet,33.83652114868164,34.09852762757337,33.33826030237758,33.395221025553,42446000
2015-10-14,GOOGL,Alphabet,33.699825286865234,34.17678543130566,33.6250364609968,33.86426094503472,31292000
2015-10-15,GOOGL,Alphabet,34.32438278198242,34.38084471752574,33.89695058823443,33.93954454737272,47156000
2015-10-16,GOOGL,Alphabet,34.43829345703125,34.482871250580324,34.13022791520861,34.44225735509288,36316000
2015-10-19,GOOGL,Alphabet,34.66761016845703,34.68197315695711,34.28425705524127,34.37291383929517,30172000
2015-10-20,GOOGL,Alphabet,33.67952346801758,34.571041777196704,33.36650014035352,34.56559283301056,52434000
2015-10-21,GOOGL,Alphabet,33.27338409423828,33.92220891906112,33.21890221656335,33.838506042630456,31952000
2015-10-22,GOOGL,Alphabet,33.73598098754883,34.078225272674,33.268429896282235,33.4536675231288,88632000
2015-10-23,GOOGL,Alphabet,35.627479553222656,37.27034721790607,35.558634689588274,37.1494955559732,126726000
2015-10-26,GOOGL,Alphabet,36.211429595947266,36.40112615419895,35.6616606220217,35.6616606220217,48776000
2015-10-27,GOOGL,Alphabet,36.295616149902344,36.45113772930653,35.86570896306136,35.986061814435935,38778000
2015-10-28,GOOGL,Alphabet,36.49869155883789,36.52097856772788,36.02073762200334,36.304539894414766,39604000
2015-10-29,GOOGL,Alphabet,36.89145278930664,36.987538588986865,36.41151880584015,36.48432756737226,36520000
2015-10-30,GOOGL,Alphabet,36.521968841552734,36.96376401767774,36.479374883281146,36.926619002613,39984000
2015-11-02,GOOGL,Alphabet,37.03458786010742,37.05637985133396,36.22776271866186,36.3803142147268,39914000
2015-11-03,GOOGL,Alphabet,37.08808135986328,37.23072122837102,36.708688330354065,36.920176837311814,36306000
2015-11-04,GOOGL,Alphabet,37.40952682495117,37.63686340880767,37.106906394810096,37.14157633857665,41840000
2015-11-05,GOOGL,Alphabet,37.67499542236328,37.956318820362924,37.51650373970402,37.5828697464881,45486000
2015-11-06,GOOGL,Alphabet,37.7210578918457,37.79138779597369,37.39565171873256,37.61159913766155,33544000
2015-11-09,GOOGL,Alphabet,37.382774353027344,37.805256356728805,37.102444761984046,37.56850697183629,35538000
2015-11-10,GOOGL,Alphabet,37.555633544921875,37.67153128737081,37.06777928393037,37.31888791028619,29798000
2015-11-11,GOOGL,Alphabet,37.90183639526367,38.09152912952219,37.629427048397204,37.75968776424102,41866000
2015-11-12,GOOGL,Alphabet,37.46994400024414,37.929075975549246,37.43675910915307,37.65072268103302,35452000
2015-11-13,GOOGL,Alphabet,36.65470504760742,37.41050967669592,36.62498525955262,37.34661874517265,48188000
2015-11-16,GOOGL,Alphabet,37.16732406616211,37.231214995904786,36.37040677091238,36.66163801329457,50704000
2015-11-17,GOOGL,Alphabet,36.94742202758789,37.39169606996607,36.851831236838045,37.268864341139945,38864000
2015-11-18,GOOGL,Alphabet,37.64230728149414,37.69629413924492,37.01725456915921,37.125228284660764,36266000
2015-11-19,GOOGL,Alphabet,37.63884353637695,37.801790366643026,37.50461890955349,37.63091573966302,28078000
2015-11-20,GOOGL,Alphabet,38.483795166015625,38.59870285890071,37.84487831480726,38.102425870595624,55478000
2015-11-23,GOOGL,Alphabet,38.46894073486328,38.77602003801759,38.31094405949888,38.50707955731743,34648000
2015-11-24,GOOGL,Alphabet,38.1187744140625,38.43377775106946,37.548203543985416,38.28370508571556,47880000
2015-11-25,GOOGL,Alphabet,38.10044479370117,38.28568238331324,37.965230157747435,38.220797647154676,23612000
2015-11-27,GOOGL,Alphabet,38.234676361083984,38.33522109025868,37.98851786391669,38.095501567028315,14434000
2015-11-30,GOOGL,Alphabet,37.78296661376953,38.38622348598048,37.69727991619519,38.22971187340191,33586000
2015-12-01,GOOGL,Alphabet,38.820098876953125,38.88002969252699,37.93650855745323,37.98554148701732,40398000
2015-12-02,GOOGL,Alphabet,38.525909423828125,39.2787441636666,38.45557572234584,38.892420824884965,46876000
2015-12-03,GOOGL,Alphabet,38.04794692993164,38.85427334423672,37.76315841836562,38.66012168799567,41950000
2015-12-04,GOOGL,Alphabet,38.59325408935547,38.75224078053623,37.914713371526226,38.12273298814222,49800000
2015-12-07,GOOGL,Alphabet,38.28519058227539,38.68191291945179,37.97464240690137,38.63535506601758,36626000
2015-12-08,GOOGL,Alphabet,38.39168167114258,38.5655264037966,37.766628878843754,37.86469475072649,31082000
2015-12-09,GOOGL,Alphabet,37.76810836791992,38.438728892524885,37.24607545301405,38.1915804104444,46550000
2015-12-10,GOOGL,Alphabet,37.6437873840332,37.94244761472109,37.39416385531574,37.81961590983932,32458000
2015-12-11,GOOGL,Alphabet,37.16732406616211,37.51501723616525,37.079657306638204,37.096994164081984,43184000
2015-12-14,GOOGL,Alphabet,37.76761245727539,37.84735520314572,36.465999084093625,37.20892955748949,53864000
2015-12-15,GOOGL,Alphabet,37.64626693725586,38.37235551670846,37.54275214656768,38.02763622433349,49386000
2015-12-16,GOOGL,Alphabet,38.46349334716797,38.70668172484887,37.49570510095751,37.9672162927008,53120000
2015-12-17,GOOGL,Alphabet,38.128684997558594,38.71114004708565,38.102434087807296,38.68984306603508,36510000
2015-12-18,GOOGL,Alphabet,37.48579788208008,38.34215109682171,37.47291993554379,37.99990681990327,67794000
2015-12-21,GOOGL,Alphabet,37.681434631347656,37.95631905848397,37.352068333698575,37.79287344694566,34848000
2015-12-22,GOOGL,Alphabet,37.99494552612305,38.1539322096716,37.701243002502494,37.85329569916338,36338000
2015-12-23,GOOGL,Alphabet,38.06330108642578,38.23120562030951,37.525420117547334,38.17127480365119,30594000
2015-12-24,GOOGL,Alphabet,37.93105697631836,38.09747267205003,37.85924202860309,38.06379276523676,10412000
2015-12-28,GOOGL,Alphabet,38.74333190917969,38.772057891682095,38.02467221670139,38.13710107192292,31156000
2015-12-29,GOOGL,Alphabet,39.32381057739258,39.55808112918283,38.93946736137099,38.97859243666877,38430000
2015-12-30,GOOGL,Alphabet,39.14252853393555,39.447627755295,38.988990782826725,39.323806013113135,28566000
2015-12-31,GOOGL,Alphabet,38.53382110595703,39.04495608789025,38.499646185603034,39.01969521409917,32752000
2016-01-04,GOOGL,Alphabet,37.61407470703125,37.750774397833176,37.024681988861154,37.750774397833176,67382000
2016-01-05,GOOGL,Alphabet,37.717594146728516,38.09747846248934,37.42636663493439,37.84488479110761,45216000
2016-01-06,GOOGL,Alphabet,37.60862731933594,37.925610698835335,37.04746932170609,37.164852099532766,48206000
2016-01-07,GOOGL,Alphabet,36.700767517089844,37.409523123544396,36.417464036236815,36.972681875308176,63132000
2016-01-08,GOOGL,Alphabet,36.20102310180664,37.152468231230124,36.10245845142127,37.03756053097063,47506000
2016-01-11,GOOGL,Alphabet,36.308006286621094,36.407560975844255,35.63887453006377,36.252534380533035,50896000
2016-01-12,GOOGL,Alphabet,36.915714263916016,37.06430185407436,36.47441418465651,36.68837774494175,46816000
2016-01-13,GOOGL,Alphabet,35.63936996459961,37.29511569105602,35.50118521271843,37.11383818546396,51728000
2016-01-14,GOOGL,Alphabet,36.224796295166016,36.6457894944432,34.91773391679423,35.88057197720679,55558000
2016-01-15,GOOGL,Alphabet,35.18964767456055,35.86670339806541,34.744878650848015,35.16488181318563,76676000
2016-01-19,GOOGL,Alphabet,35.61508560180664,35.925633693212674,35.15793755962991,35.668082413579995,48724000
2016-01-20,GOOGL,Alphabet,35.58934020996094,36.00488441625158,34.06484553795432,34.9623037314674,82440000
2016-01-21,GOOGL,Alphabet,35.991024017333984,36.53583901727731,35.220357487475674,35.669086678677374,51938000
2016-01-22,GOOGL,Alphabet,36.921661376953125,37.075202907571644,36.67600172969498,36.75029175238491,47146000
2016-01-25,GOOGL,Alphabet,36.335235595703125,37.26835740124154,36.279763707368694,36.841420355493774,45340000
2016-01-26,GOOGL,Alphabet,36.343666076660156,36.62449448920094,36.00588071341796,36.413999767591314,30940000
2016-01-27,GOOGL,Alphabet,35.54080581665039,36.44767316127923,35.336251289971194,36.44767316127923,42428000
2016-01-28,GOOGL,Alphabet,37.06232833862305,37.20397818827836,36.18566820363039,36.561592379138844,62104000
2016-01-29,GOOGL,Alphabet,37.70867919921875,37.89490685098318,36.85925997529824,37.09501935320207,75808000
2016-02-01,GOOGL,Alphabet,38.17524337768555,38.513028767853946,37.710167335737744,38.199510449042414,111522000
2016-02-02,GOOGL,Alphabet,38.677459716796875,40.135584799907136,38.66210291736452,39.64772679116849,135846000
2016-02-03,GOOGL,Alphabet,37.11581802368164,39.19849693433698,36.46599947065833,38.94342443806631,131114000
2016-02-04,GOOGL,Alphabet,36.157440185546875,36.9107736428438,35.789443776658885,36.87857877496007,104922000
2016-02-05,GOOGL,Alphabet,34.8563117980957,35.99348938054058,34.677018175984244,35.933067339199276,109556000
2016-02-08,GOOGL,Alphabet,34.876129150390625,34.893961023900246,33.77906649375139,34.05989488440364,89410000
2016-02-09,GOOGL,Alphabet,34.72060775756836,35.70821166182453,34.100508981574336,34.320911544050134,84300000
2016-02-10,GOOGL,Alphabet,35.00935363769531,35.820138814323826,34.93704368434801,35.25402700094979,60314000
2016-02-11,GOOGL,Alphabet,34.98509216308594,35.280283537870496,34.23374265532646,34.48881514960708,65004000
2016-02-12,GOOGL,Alphabet,35.01134490966797,35.46254913848696,34.74834460544706,35.27483645008929,46538000
2016-02-16,GOOGL,Alphabet,35.54377365112305,35.80330504805328,35.1742884877347,35.593796606665435,43444000
2016-02-17,GOOGL,Alphabet,36.25352096557617,36.34217775964759,35.492762389017365,36.007362516330815,49154000
2016-02-18,GOOGL,Alphabet,35.5373420715332,36.45312737471902,35.44026622962208,36.35209141282647,47276000
2016-02-19,GOOGL,Alphabet,35.765167236328125,35.86026300114501,35.319903215369976,35.457592934769075,34918000
2016-02-22,GOOGL,Alphabet,36.10890197753906,36.396169375042874,35.83154243718523,36.131684002999464,37516000
2016-02-23,GOOGL,Alphabet,35.526432037353516,36.20051753528207,35.44619806901737,35.96278194050505,41332000
2016-02-24,GOOGL,Alphabet,35.705238342285156,35.721090156432915,34.77014001464588,35.19558834715986,37092000
2016-02-25,GOOGL,Alphabet,36.11236572265625,36.13167886174395,35.325352470777574,35.80578144820085,36146000
2016-02-26,GOOGL,Alphabet,35.9013786315918,36.461051661052075,35.756754897658915,36.33425980338782,42474000
2016-02-29,GOOGL,Alphabet,35.522972106933594,36.18566480284107,35.50415020449472,35.7101897653022,45068000
2016-03-01,GOOGL,Alphabet,36.75871276855469,36.76663678533876,35.59330037540848,35.72504612895013,60112000
2016-03-02,GOOGL,Alphabet,36.62548065185547,36.805764326706736,36.31691631899014,36.79338517519107,36292000
2016-03-03,GOOGL,Alphabet,36.23469924926758,36.700765244508986,36.13762342233731,36.62548141033493,40534000
2016-03-04,GOOGL,Alphabet,36.16684341430664,36.403588992533805,35.939008103484504,36.393684916677756,48516000
2016-03-07,GOOGL,Alphabet,35.30405807495117,36.01776760575479,34.92466879313932,35.91573784511294,61690000
2016-03-08,GOOGL,Alphabet,35.340213775634766,35.77210488073167,34.86820756513772,35.085636273193856,52530000
2016-03-09,GOOGL,Alphabet,35.92860794067383,35.96971684491758,35.29711637430715,35.421433116720536,39544000
2016-03-10,GOOGL,Alphabet,36.263427734375,36.47986638830898,35.82361266037306,36.04649028679741,44616000
2016-03-11,GOOGL,Alphabet,36.89243698120117,36.8939220257701,36.48778689797311,36.64875741601872,35380000
2016-03-14,GOOGL,Alphabet,37.158416748046875,37.357522354190515,36.83251551050225,36.89740026051823,32824000
2016-03-15,GOOGL,Alphabet,37.17475891113281,37.29561058112278,36.791900729914836,36.949402401381654,29832000
2016-03-16,GOOGL,Alphabet,37.51105499267578,37.59228278344471,36.97317405439832,37.09947087477746,29306000
2016-03-17,GOOGL,Alphabet,37.5665283203125,37.90629372245666,37.511056417921615,37.525419408452116,44564000
2016-03-18,GOOGL,Alphabet,37.41447448730469,37.747800906637046,37.23666588450363,37.72254380959906,56222000
2016-03-21,GOOGL,Alphabet,37.74879455566406,37.807236545660835,37.20942479178465,37.34018052564332,28774000
2016-03-22,GOOGL,Alphabet,37.644287109375,37.88945553494751,37.53681218820959,37.56454813931549,22096000
2016-03-23,GOOGL,Alphabet,37.52095413208008,37.908766146853786,37.44517529407685,37.80772643660304,24678000
2016-03-24,GOOGL,Alphabet,37.38624572753906,37.520961589241736,37.17129209950741,37.205962039512514,31116000
2016-03-28,GOOGL,Alphabet,37.30897903442383,37.5576125539384,37.247563176910376,37.45211391824541,21676000
2016-03-29,GOOGL,Alphabet,37.93354034423828,37.997435067542916,37.06183781066129,37.32879449155919,40062000
2016-03-30,GOOGL,Alphabet,38.054874420166016,38.49914835224319,38.01723439841406,38.04843544846987,40396000
2016-03-31,GOOGL,Alphabet,37.78544616699219,38.091531662654184,37.55513574410013,38.054881663611866,32554000
2016-04-01,GOOGL,Alphabet,38.120750427246094,38.13907353450831,37.40406715862035,37.50114675207747,31674000
2016-04-04,GOOGL,Alphabet,37.8953971862793,38.25794836705329,37.730466534476264,38.112825868771715,26924000
2016-04-05,GOOGL,Alphabet,37.57098388671875,37.783957429781154,37.42388133250792,37.54919189539778,24478000
2016-04-06,GOOGL,Alphabet,38.041507720947266,38.058844579516816,37.458553962176275,37.53482782665455,25312000
2016-04-07,GOOGL,Alphabet,37.64775466918945,38.1053978463492,37.51798896572283,37.90530223772778,25498000
2016-04-08,GOOGL,Alphabet,37.61555862426758,37.99494786699238,37.43230486469166,37.93254198115857,23434000
2016-04-11,GOOGL,Alphabet,37.51997375488281,37.99941276364281,37.51006967661897,37.91174598923565,31774000
2016-04-12,GOOGL,Alphabet,37.85577392578125,37.8854899352773,37.22428227281182,37.564051437339664,27388000
2016-04-13,GOOGL,Alphabet,38.23170852661133,38.42189632962753,37.869157240914845,38.15246077463231,35426000
2016-04-14,GOOGL,Alphabet,38.40406799316406,38.613077702794456,38.2965892693606,38.40258294804032,26992000
2016-04-15,GOOGL,Alphabet,38.63238525390625,38.6784480927536,38.38127287550089,38.40950761970658,31712000
2016-04-18,GOOGL,Alphabet,39.012760162353516,39.05585290683393,38.51400812348776,38.641789976114,33540000
2016-04-19,GOOGL,Alphabet,38.4466552734375,39.174727803987004,38.150473844421946,39.15244079478409,43952000
2016-04-20,GOOGL,Alphabet,38.38077926635742,38.61554860348355,38.20000056627452,38.59078274155877,34262000
2016-04-21,GOOGL,Alphabet,38.63238525390625,38.71559310554026,38.213867142390555,38.499154444055584,77628000
2016-04-22,GOOGL,Alphabet,36.54079055786133,37.340678034305846,36.174279222395306,36.844896001095734,140798000
2016-04-25,GOOGL,Alphabet,36.76069259643555,36.89293336402173,36.40854430483388,36.420927234179516,49442000
2016-04-26,GOOGL,Alphabet,35.9266357421875,36.92810388713355,35.67651337937062,36.87015690813614,55864000
2016-04-27,GOOGL,Alphabet,35.732975006103516,36.014789629674375,35.11980648228856,35.92415278068243,66262000
2016-04-28,GOOGL,Alphabet,34.92070007324219,36.1192973643917,34.82857818178446,35.82361099470602,62590000
2016-04-29,GOOGL,Alphabet,35.06037521362305,35.269879879925305,34.857305741064145,34.87414758399669,58278000
2016-05-02,GOOGL,Alphabet,35.3838005065918,35.433328452247,34.98509430914639,35.26047376802853,33476000
2016-05-03,GOOGL,Alphabet,35.08811569213867,35.33229032688961,35.033138800854644,35.289201352299486,38620000
2016-05-04,GOOGL,Alphabet,35.23323440551758,35.41549816057084,34.87068317653832,35.00540282233089,34172000
2016-05-05,GOOGL,Alphabet,35.39865493774414,35.53931474264943,35.138133510992844,35.41301792717153,29668000
2016-05-06,GOOGL,Alphabet,35.91722106933594,35.95733995063016,35.26195734441672,35.27434027499986,39952000
2016-05-09,GOOGL,Alphabet,36.11286163330078,36.36842914813491,35.83401330201769,35.992504989133266,38074000
2016-05-10,GOOGL,Alphabet,36.62052536010742,36.65123139523869,36.235687218848014,36.40160788049938,32634000
2016-05-11,GOOGL,Alphabet,36.183189392089844,36.69085928714328,36.05193864861735,36.67699131257819,29834000
2016-05-12,GOOGL,Alphabet,36.06036376953125,36.421924977806384,35.87215605133095,36.25501046120543,27094000
2016-05-13,GOOGL,Alphabet,35.8998908996582,36.21984438862023,35.83451113697371,35.98854770188358,25244000
2016-05-16,GOOGL,Alphabet,36.17081069946289,36.28868849707507,35.66066567016862,35.87462927120066,22538000
2016-05-17,GOOGL,Alphabet,35.67007064819336,36.44569097482514,35.56160570460678,36.208450361907204,33404000
2016-05-18,GOOGL,Alphabet,35.74883270263672,35.93654542370277,35.41401738638627,35.58637708414747,32536000
2016-05-19,GOOGL,Alphabet,35.42837905883789,35.68543544018706,35.18073552012387,35.5764716785544,30598000
2016-05-20,GOOGL,Alphabet,35.745357513427734,36.04203394785662,35.413516124612315,35.485334856943105,34798000
2016-05-23,GOOGL,Alphabet,35.52446365356445,35.83401806633295,35.50911063135891,35.65967832094843,24816000
2016-05-24,GOOGL,Alphabet,36.30602264404297,36.36396961924162,35.64332614743624,35.65323400325436,37884000
2016-05-25,GOOGL,Alphabet,36.557132720947266,36.64578951828206,36.284727134762456,36.403594958211464,32216000
2016-05-26,GOOGL,Alphabet,36.49919128417969,36.70572590644266,36.30454457968826,36.453128436870365,27202000
2016-05-27,GOOGL,Alphabet,37.027652740478516,37.04300575897087,36.50314102872605,36.52790688725396,34802000
2016-05-31,GOOGL,Alphabet,37.089576721191406,37.31889338612801,36.92712109618804,37.085117807032866,42484000
2016-06-01,GOOGL,Alphabet,37.07025146484375,37.214380164507524,36.86619194936886,37.07074647977889,20788000
2016-06-02,GOOGL,Alphabet,36.862728118896484,37.01280078170876,36.50265197538944,36.953364978778524,33916000
2016-06-03,GOOGL,Alphabet,36.446189880371094,36.72503822560054,36.34960906274745,36.72503822560054,24608000
2016-06-06,GOOGL,Alphabet,36.1589241027832,36.57694724228561,36.07126110786057,36.57694724228561,29992000
2016-06-07,GOOGL,Alphabet,36.20993423461914,36.48828374743537,36.19557124558525,36.317907938553475,24314000
2016-06-08,GOOGL,Alphabet,36.796356201171875,36.83994018689096,36.44173280011592,36.626471613868354,32314000
2016-06-09,GOOGL,Alphabet,36.77605056762695,36.845885461754385,36.477889087126684,36.50612005374246,19180000
2016-06-10,GOOGL,Alphabet,36.31394958496094,36.633408054127045,36.181213780482665,36.45064928783355,29050000
2016-06-13,GOOGL,Alphabet,36.24906539916992,36.60170873283684,36.147035646029316,36.147035646029316,23354000
2016-06-14,GOOGL,Alphabet,36.31692123413086,36.45312592789525,35.98260474442586,36.12177952805844,26584000
2016-06-15,GOOGL,Alphabet,36.26441955566406,36.51007921602251,36.220831790789894,36.3996304271619,23234000
2016-06-16,GOOGL,Alphabet,35.87116241455078,36.17526784596295,35.43976635013892,36.05491120071942,45002000
2016-06-17,GOOGL,Alphabet,34.880584716796875,35.72950500132441,34.725558149215956,35.72950500132441,82262000
2016-06-20,GOOGL,Alphabet,34.97370529174805,35.456114413307816,34.93804531806589,35.18073492384493,45654000
2016-06-21,GOOGL,Alphabet,35.10990905761719,35.43184639967402,34.90089937108072,35.16785604096685,30318000
2016-06-22,GOOGL,Alphabet,35.18865203857422,35.37388963811845,34.96131549987081,35.36596562093715,29058000
2016-06-23,GOOGL,Alphabet,35.40658187866211,35.40707689359775,34.68247327506081,35.192618285526926,42500000
2016-06-24,GOOGL,Alphabet,33.93706130981445,34.917731166935546,33.92269832030324,34.18321974857494,95436000
2016-06-27,GOOGL,Alphabet,33.73598098754883,33.8444497270407,33.315977785117845,33.80284579665207,58146000
2016-06-28,GOOGL,Alphabet,34.237205505371094,34.310509274011096,33.919727144124266,34.24265444781034,38246000
2016-06-29,GOOGL,Alphabet,34.431854248046875,34.6453228159784,34.30753748786173,34.38579518880809,43124000
2016-06-30,GOOGL,Alphabet,34.84492874145508,34.856816658637825,34.41749652526734,34.553701221660276,42250000
2016-07-01,GOOGL,Alphabet,35.17775344848633,35.290677291721856,34.85482617238323,34.92268099278814,30984000
2016-07-05,GOOGL,Alphabet,34.91228103637695,35.072257753887065,34.62699753671093,34.91822499368618,28440000
2016-07-06,GOOGL,Alphabet,35.1143684387207,35.31396906442961,34.62056642124665,34.662170353113204,28902000
2016-07-07,GOOGL,Alphabet,35.029666900634766,35.17379559723046,34.70327446454988,35.17082550768287,21174000
2016-07-08,GOOGL,Alphabet,35.55071258544922,35.55665654375242,35.07176860384999,35.19311528725154,29946000
2016-07-11,GOOGL,Alphabet,36.01727294921875,36.10295588116853,35.60469876800274,35.63193970544159,28822000
2016-07-12,GOOGL,Alphabet,36.280269622802734,36.433312376512376,36.03213109516511,36.25104862543386,26468000
2016-07-13,GOOGL,Alphabet,36.130191802978516,36.42934705832271,36.10740978202977,36.42934705832271,20436000
2016-07-14,GOOGL,Alphabet,36.4432258605957,36.460063929182574,36.1851794365094,36.35110016217833,21408000
2016-07-15,GOOGL,Alphabet,36.43479919433594,36.70076580323066,36.38576248646314,36.70076580323066,32342000
2016-07-18,GOOGL,Alphabet,37.305015563964844,37.40110135998717,36.47838222071923,36.54772209632918,38698000
2016-07-19,GOOGL,Alphabet,37.3154182434082,37.47291611810079,37.07173487145102,37.14008471687903,30436000
2016-07-20,GOOGL,Alphabet,37.497188568115234,37.67351213201488,37.34711591070075,37.34711591070075,22502000
2016-07-21,GOOGL,Alphabet,37.36494064331055,37.55017821936716,37.22180200107509,37.493217504133334,19062000
2016-07-22,GOOGL,Alphabet,37.60615539550781,37.61457442882323,37.27827410251917,37.50907955804235,20920000
2016-07-25,GOOGL,Alphabet,37.51898193359375,37.63289961126049,37.34810730646368,37.52690595157455,21466000
2016-07-26,GOOGL,Alphabet,37.525421142578125,37.60516389532007,37.28273155840283,37.518982169414485,23792000
2016-07-27,GOOGL,Alphabet,37.73938751220703,37.8622192475403,37.440235971226016,37.590803661070645,32172000
2016-07-28,GOOGL,Alphabet,37.93105697631836,38.08608355063915,37.59673676141909,38.07964457821575,73464000
2016-07-29,GOOGL,Alphabet,39.19404602050781,39.81810497128214,39.12767622691774,39.509544379436065,101810000
2016-08-01,GOOGL,Alphabet,39.669517517089844,39.99392989473079,38.882009228846584,38.96274200674691,60594000
2016-08-02,GOOGL,Alphabet,39.62889862060547,39.737862350528395,39.35203416202166,39.49071389874559,39928000
2016-08-03,GOOGL,Alphabet,39.5694580078125,39.600167819339894,39.277240566562796,39.44811514233106,29206000
2016-08-04,GOOGL,Alphabet,39.48675537109375,39.632864129388,39.32182470918746,39.53578830047942,21520000
2016-08-05,GOOGL,Alphabet,39.96619415283203,39.98055714325578,39.51449114065777,39.62840881292949,36146000
2016-08-08,GOOGL,Alphabet,39.881996154785156,39.99937893122146,39.70666262315225,39.92013119791531,24426000
2016-08-09,GOOGL,Alphabet,39.993431091308594,40.28317350294746,39.82404153398977,39.845338510032086,32154000
2016-08-10,GOOGL,Alphabet,40.043460845947266,40.161833660852196,39.94440495084678,39.97214090377413,18370000
2016-08-11,GOOGL,Alphabet,40.029090881347656,40.310414260063595,39.920127148474776,40.14151971836273,25646000
2016-08-12,GOOGL,Alphabet,39.97213363647461,39.979067623445786,39.80323909605845,39.875057818878155,17946000
2016-08-15,GOOGL,Alphabet,39.91815185546875,40.18560729207288,39.82256107035205,39.98006273119915,18596000
2016-08-16,GOOGL,Alphabet,39.6818962097168,39.83394890819473,39.47436783673516,39.79630510536073,21158000
2016-08-17,GOOGL,Alphabet,39.89140701293945,39.90180988436865,39.439703981735896,39.62296153920113,21322000
2016-08-18,GOOGL,Alphabet,39.7591667175293,40.01919316159791,39.70369481252694,39.888437417129474,17292000
2016-08-19,GOOGL,Alphabet,39.605628967285156,39.683886682730765,39.46843801523454,39.612562956075244,22416000
2016-08-22,GOOGL,Alphabet,39.471900939941406,39.58829369793303,39.34213522011183,39.5491648423716,17056000
2016-08-23,GOOGL,Alphabet,39.45406723022461,39.67248974426232,39.42435121807312,39.646733851736315,18350000
2016-08-24,GOOGL,Alphabet,39.30598449707031,39.54669405752527,39.16532087502457,39.46744630785319,25672000
2016-08-25,GOOGL,Alphabet,39.192054748535156,39.36144430518398,38.990474109880154,39.22672468366918,24054000
2016-08-26,GOOGL,Alphabet,39.28715515136719,39.59324442522296,39.09845243470472,39.251000167326445,24978000
2016-08-29,GOOGL,Alphabet,39.415931701660156,39.5496575334417,39.14352233114582,39.27873698650876,15474000
2016-08-30,GOOGL,Alphabet,39.2227668762207,39.52390220412607,39.10142020673035,39.27031475845522,23348000
2016-08-31,GOOGL,Alphabet,39.12024688720703,39.205434806463934,38.98899612481041,39.10786395554429,21428000
2016-09-01,GOOGL,Alphabet,39.1970100402832,39.27080882575827,38.94590145394553,39.22573601914554,26070000
2016-09-02,GOOGL,Alphabet,39.46792984008789,39.47932273994229,39.28913121905614,39.38868589221172,26998000
2016-09-06,GOOGL,Alphabet,40.02018356323242,40.1623284317512,39.39661586237993,39.543219644284996,39790000
2016-09-07,GOOGL,Alphabet,40.01869583129883,40.14796274467995,39.80720731634327,40.01572196299426,22906000
2016-09-08,GOOGL,Alphabet,39.76361846923828,40.03999171956553,39.67298161636431,39.88150003607962,23554000
2016-09-09,GOOGL,Alphabet,39.052391052246094,39.709638656123914,39.0310940729756,39.562041067354286,37752000
2016-09-12,GOOGL,Alphabet,39.564517974853516,39.63137899910432,38.80573566149111,38.85625741430185,37274000
2016-09-13,GOOGL,Alphabet,39.06428146362305,39.41444977467458,38.84684896495883,39.32628798349377,36180000
2016-09-14,GOOGL,Alphabet,39.150455474853516,39.44119172836138,39.00533674493779,39.00533674493779,25842000
2016-09-15,GOOGL,Alphabet,39.68387985229492,39.80373770111049,39.06130223461607,39.12816703599037,31144000
2016-09-16,GOOGL,Alphabet,39.52241516113281,39.57442195861149,39.306966526020986,39.57442195861149,42612000
2016-09-19,GOOGL,Alphabet,39.39463806152344,39.820585234024264,39.304001194899314,39.677941563625104,22990000
2016-09-20,GOOGL,Alphabet,39.612060546875,39.75916310775899,39.53677671424401,39.622958432399656,20984000
2016-09-21,GOOGL,Alphabet,39.87208557128906,39.915673333121774,39.426326548784026,39.68536293035265,26970000
2016-09-22,GOOGL,Alphabet,40.412940979003906,40.56697374562617,40.00482575457232,40.11824462683804,35186000
2016-09-23,GOOGL,Alphabet,40.36391067504883,40.46494662386342,40.25346188501585,40.372824722593656,28234000
2016-09-26,GOOGL,Alphabet,39.75421142578125,40.1222115774968,39.64524767933799,40.10933363160005,29454000
2016-09-27,GOOGL,Alphabet,40.15440368652344,40.29110338799935,39.71359854012882,39.71359854012882,27346000
2016-09-28,GOOGL,Alphabet,40.1212158203125,40.13062866117835,39.76064846767519,39.82503441529191,29406000
2016-09-29,GOOGL,Alphabet,39.75371551513672,40.31190341687214,39.6655537343423,39.98105206548404,27000000
2016-09-30,GOOGL,Alphabet,39.82404327392578,40.02364386258031,39.69725144189152,39.80126125224924,33204000
2016-10-03,GOOGL,Alphabet,39.64178466796875,39.79829252927025,39.436240095186506,39.7492595965297,29784000
2016-10-04,GOOGL,Alphabet,39.76114273071289,39.94489528670207,39.606614947858944,39.870601484709326,25174000
2016-10-05,GOOGL,Alphabet,39.68387985229492,40.04395219239981,39.658123961581886,39.920130445497676,24276000
2016-10-06,GOOGL,Alphabet,39.77550506591797,39.967181635983955,39.648218219931316,39.82503300685153,21998000
2016-10-07,GOOGL,Alphabet,39.65812301635742,39.91715940458921,39.46545641299971,39.91666438968267,23262000
2016-10-10,GOOGL,Alphabet,40.32477951049805,40.483766206087076,39.73390175695521,39.81760462081395,29922000
2016-10-11,GOOGL,Alphabet,40.09695816040039,40.60660825431702,39.98799439368519,40.324789773195505,34432000
2016-10-12,GOOGL,Alphabet,40.20591735839844,40.34112824262493,40.04643562543831,40.21532642166276,18158000
2016-10-13,GOOGL,Alphabet,39.82503128051758,39.9478629871017,39.554605787325784,39.923595921954245,27380000
2016-10-14,GOOGL,Alphabet,39.85078811645508,40.12270243947924,39.73786426218731,39.991946713029385,22238000
2016-10-17,GOOGL,Alphabet,39.96174240112305,40.29110876751546,39.81266352720965,39.9196434521656,21128000
2016-10-18,GOOGL,Alphabet,40.68733215332031,41.04987957140694,40.28317703052519,40.32676101618569,45786000
2016-10-19,GOOGL,Alphabet,40.95231628417969,41.09892386070211,40.75618453378483,40.75618453378483,30002000
2016-10-20,GOOGL,Alphabet,40.694271087646484,41.03304649439143,40.640779239544564,40.98797367974325,27878000
2016-10-21,GOOGL,Alphabet,40.814613342285156,40.82600624141227,40.52982487276133,40.6135277280067,32316000
2016-10-24,GOOGL,Alphabet,41.39311981201172,41.502083570597264,41.06127838631239,41.113285190633825,28952000
2016-10-25,GOOGL,Alphabet,41.037010192871094,41.529818389257024,40.876039634367196,41.529818389257024,37814000
2016-10-26,GOOGL,Alphabet,40.717552185058594,40.99541054663953,40.43276361302317,40.96618576602066,35898000
2016-10-27,GOOGL,Alphabet,40.48228454589844,40.939432738457526,40.34657487572785,40.762617934018536,59470000
2016-10-28,GOOGL,Alphabet,40.59174728393555,41.55458545802846,40.46495164912727,41.10585625435934,87098000
2016-10-31,GOOGL,Alphabet,40.1132926940918,40.743794339039106,40.01919073452137,40.73388648303808,44854000
2016-11-01,GOOGL,Alphabet,39.894371032714844,40.314377928257,39.536773798772096,40.16133142098531,47118000
2016-11-02,GOOGL,Alphabet,39.04941940307617,39.957775587332776,38.880029826845984,39.957775587332776,47014000
2016-11-03,GOOGL,Alphabet,38.740848541259766,39.12766674980231,38.56452500684914,38.85525743182062,43504000
2016-11-04,GOOGL,Alphabet,38.68686294555664,39.05238419109916,38.18662208121475,38.20148008472421,39412000
2016-11-07,GOOGL,Alphabet,39.723506927490234,39.87060572365807,39.27130887368296,39.37284362124333,39852000
2016-11-08,GOOGL,Alphabet,40.21631622314453,40.41740188529972,39.60414140969999,39.72350803530969,35382000
2016-11-09,GOOGL,Alphabet,39.89982604980469,40.202941463770415,39.22871425476203,39.71359840262117,61970000
2016-11-10,GOOGL,Alphabet,38.64674758911133,40.121215634759494,38.04943085394216,40.11824554528284,118192000
2016-11-11,GOOGL,Alphabet,38.22377395629883,38.4981595859988,37.9161996553464,38.474387534211345,71852000
2016-11-14,GOOGL,Alphabet,37.306007385253906,38.2252614642544,36.82904726538873,38.22427143437527,73766000
2016-11-15,GOOGL,Alphabet,38.39266586303711,38.644273256932934,37.90035273975532,37.91273189155231,58878000
2016-11-16,GOOGL,Alphabet,38.63140106201172,38.80574080910431,37.955335275948975,38.15790599277364,35968000
2016-11-17,GOOGL,Alphabet,38.93748092651367,39.073190590464996,38.624956466226365,38.756207217122544,30674000
2016-11-18,GOOGL,Alphabet,38.43278503417969,39.191563562231025,38.40207899380685,38.98750782925376,36126000
2016-11-21,GOOGL,Alphabet,38.87013244628906,38.95680541970649,38.44913539722501,38.5382872244839,32616000
2016-11-22,GOOGL,Alphabet,38.88003158569336,39.31439776385609,38.817625692414914,39.07765213711184,27884000
2016-11-23,GOOGL,Alphabet,38.58285903930664,39.103901943946546,38.26835072824198,39.103901943946546,26260000
2016-11-25,GOOGL,Alphabet,38.64377212524414,38.77601288461984,38.54273241599317,38.7616498966673,12270000
2016-11-28,GOOGL,Alphabet,38.919151306152344,39.6100748834239,38.538273283941805,38.55065621244802,51508000
2016-11-29,GOOGL,Alphabet,39.09994125366211,39.446640679449615,38.89687174802919,39.047439435439856,31240000
2016-11-30,GOOGL,Alphabet,38.428321838378906,39.20245707908139,38.29311098258626,39.08309425663496,45582000
2016-12-01,GOOGL,Alphabet,37.85626983642578,38.56304533841636,37.312939948010374,38.56057026381305,57342000
2016-12-02,GOOGL,Alphabet,37.86271667480469,38.16187201358559,37.59229110108986,37.7359248114577,34376000
2016-12-05,GOOGL,Alphabet,38.544227600097656,38.63238938912001,37.98702967621612,38.13710234566975,33770000
2016-12-06,GOOGL,Alphabet,38.44318771362305,38.893900735191934,38.30153785676558,38.64179830094707,34682000
2016-12-07,GOOGL,Alphabet,39.20048522949219,39.2267323593628,38.311937128960075,38.62991434339751,40588000
2016-12-08,GOOGL,Alphabet,39.38373565673828,39.57343218052212,39.0241583214218,39.27378188193176,32250000
2016-12-09,GOOGL,Alphabet,40.09101104736328,40.11577691193777,39.52638409947652,39.58829498217236,38090000
2016-12-12,GOOGL,Alphabet,40.01424026489258,40.1851148976498,39.84732953062635,39.861692522203306,32572000
2016-12-13,GOOGL,Alphabet,40.38273620605469,40.82651528604845,40.214340407987216,40.23662742030662,42564000
2016-12-14,GOOGL,Alphabet,40.509033203125,40.824531567456546,40.255940734939664,40.41146234969531,35994000
2016-12-15,GOOGL,Alphabet,40.39808654785156,40.76212280581694,40.21730406686193,40.48277944836619,35394000
2016-12-16,GOOGL,Alphabet,40.11032485961914,40.57391203204998,40.02513316392819,40.52983302871288,51978000
2016-12-19,GOOGL,Alphabet,40.2420654296875,40.42631299469333,39.84583435088396,40.082583724134246,25272000
2016-12-20,GOOGL,Alphabet,40.375797271728516,40.43969198945519,40.167777624744446,40.28516040973833,25438000
2016-12-21,GOOGL,Alphabet,40.227210998535156,40.40155072374915,39.875557679764114,40.40155072374915,29192000
2016-12-22,GOOGL,Alphabet,40.10239791870117,40.171242779675495,39.92161544772397,40.07367193850869,22632000
2016-12-23,GOOGL,Alphabet,40.009281158447266,40.166287794276506,39.87605035300641,40.01968402892712,15310000
2016-12-27,GOOGL,Alphabet,40.114784240722656,40.41542461412585,39.910233459648246,40.052873356271256,19520000
2016-12-28,GOOGL,Alphabet,39.84930419921875,40.28317531386213,39.74380934402393,40.28317531386213,24296000
2016-12-29,GOOGL,Alphabet,39.76560592651367,39.90775079455509,39.53084035877363,39.738364988807035,21148000
2016-12-30,GOOGL,Alphabet,39.24901580810547,39.78590668182561,39.108847242982684,39.78194278403045,34718000
2017-01-03,GOOGL,Alphabet,40.019683837890625,40.18956463917296,39.46892496722527,39.653663773059556,39180000
2017-01-04,GOOGL,Alphabet,40.0078010559082,40.28813445497263,39.82652733113272,40.112800909788305,30306000
2017-01-05,GOOGL,Alphabet,40.267818450927734,40.30347841415753,39.916165188436686,39.994419101600386,26810000
2017-01-06,GOOGL,Alphabet,40.87158203125,41.05731466379456,40.19254243838996,40.365397124732695,40342000
2017-01-09,GOOGL,Alphabet,40.969154357910156,41.13012113376363,40.69377488570259,40.92903547300391,28178000
2017-01-10,GOOGL,Alphabet,40.911197662353516,41.079597195785915,40.769052812154335,40.963699471340604,23948000
2017-01-11,GOOGL,Alphabet,41.10188674926758,41.10386680897781,40.686342500652046,40.94141500172095,26508000
2017-01-12,GOOGL,Alphabet,41.08554458618164,41.12764352837239,40.66355757691769,41.02858385962358,26990000
2017-01-13,GOOGL,Alphabet,41.15537643432617,41.339125210057105,41.08504653090001,41.15834652373585,25804000
2017-01-17,GOOGL,Alphabet,40.98301315307617,41.117728990447084,40.772019682730885,41.10881494426723,28818000
2017-01-18,GOOGL,Alphabet,41.06028366088867,41.09941251340375,40.815610247045,41.098917498466086,20554000
2017-01-19,GOOGL,Alphabet,40.829978942871094,41.25741495441646,40.80967577011009,41.059299368210155,21410000
2017-01-20,GOOGL,Alphabet,41.01818084716797,41.0711776704153,40.841362283872975,41.063744889571986,26124000
2017-01-23,GOOGL,Alphabet,41.82352828979492,41.87850518721982,41.044442661677756,41.18857138678468,49148000
2017-01-24,GOOGL,Alphabet,42.07611846923828,42.17467934399968,41.71703236691777,41.94981786432225,33768000
2017-01-25,GOOGL,Alphabet,42.517913818359375,42.53475188376061,42.086517745992495,42.27522424241807,33108000
2017-01-26,GOOGL,Alphabet,42.445106506347656,42.64421210203175,42.12515302287298,42.5476312832944,69866000
2017-01-27,GOOGL,Alphabet,41.85324478149414,42.94138983935251,41.69822194539031,42.54516242861907,75050000
2017-01-30,GOOGL,Alphabet,40.80323028564453,41.46691304798565,40.66454675231036,41.45849401547241,70338000
2017-01-31,GOOGL,Alphabet,40.62294006347656,40.765583706533384,40.28663979208471,40.588765142079815,40404000
2017-02-01,GOOGL,Alphabet,40.377777099609375,40.81164822539706,40.22968450787155,40.81164822539706,45020000
2017-02-02,GOOGL,Alphabet,40.527347564697266,40.83938075679823,40.219777063933634,40.36588580504214,33784000
2017-02-03,GOOGL,Alphabet,40.619972229003906,40.917143667814095,40.581338392675235,40.76855983777893,30562000
2017-02-06,GOOGL,Alphabet,40.69377136230469,40.73190640529405,40.33072514844757,40.65910142379622,27018000
2017-02-07,GOOGL,Alphabet,41.070682525634766,41.20391711792648,40.7764849472161,40.885943707671984,33332000
2017-02-08,GOOGL,Alphabet,41.10287857055664,41.31932102300994,40.86662796265788,41.13507343595062,26044000
2017-02-09,GOOGL,Alphabet,41.111793518066406,41.206889292741955,40.935473723814795,41.19450636126251,23884000
2017-02-10,GOOGL,Alphabet,41.34903335571289,41.4629472437186,41.134079745973466,41.254927621390124,28302000
2017-02-13,GOOGL,Alphabet,41.5526008605957,41.690290589000725,41.41837623677785,41.49019119062651,25914000
2017-02-14,GOOGL,Alphabet,41.605594635009766,41.7031654824509,41.397574993956574,41.59271668883884,27266000
2017-02-15,GOOGL,Alphabet,41.471370697021484,41.69177325287088,41.41688882670008,41.54516570641992,27144000
2017-02-16,GOOGL,Alphabet,41.71158981323242,41.7373419277721,41.46840142945694,41.5298172941104,20102000
2017-02-17,GOOGL,Alphabet,41.928524017333984,41.94784093752763,41.59321372189133,41.668992579004644,29224000
2017-02-21,GOOGL,Alphabet,42.06324005126953,42.20835877963095,41.92852041520191,41.99984413142474,25206000
2017-02-22,GOOGL,Alphabet,42.1667594909668,42.287112371049496,41.936449045498655,42.000343766042405,24488000
2017-02-23,GOOGL,Alphabet,42.148921966552734,42.22915972834813,41.72792878206621,42.152885864646514,27734000
2017-02-24,GOOGL,Alphabet,41.99092483520508,42.01816577042366,41.75071034611572,41.98300081784436,26924000
2017-02-27,GOOGL,Alphabet,42.08305358886719,42.132581535048224,41.753192252640154,41.8492780553022,20206000
2017-02-28,GOOGL,Alphabet,41.84828186035156,42.0414472633009,41.675427184154564,41.96814348873931,27662000
2017-03-01,GOOGL,Alphabet,42.4337158203125,42.49562669616429,42.05085766415848,42.16774542799658,36374000
2017-03-02,GOOGL,Alphabet,42.09196472167969,42.42083600523113,42.03599780628442,42.41191817926848,25018000
2017-03-03,GOOGL,Alphabet,42.053829193115234,42.14001091881585,41.83739051706491,42.046895205012426,20100000
2017-03-06,GOOGL,Alphabet,41.96417999267578,42.046892830283475,41.6620546229428,41.94387304446875,20958000
2017-03-07,GOOGL,Alphabet,42.156349182128906,42.26432288978439,41.87750464482153,41.96368258199487,20774000
2017-03-08,GOOGL,Alphabet,42.27967834472656,42.442628945393444,42.16130553864881,42.25392245357461,20576000
2017-03-09,GOOGL,Alphabet,42.487693786621094,42.629842410126955,42.23163128135097,42.282153028819565,26954000
2017-03-10,GOOGL,Alphabet,42.664512634277344,42.80418240559993,42.476304953408764,42.72840356262328,26732000
2017-03-13,GOOGL,Alphabet,42.8215217590332,42.947818578443844,42.63529412683337,42.63578914174355,23332000
2017-03-14,GOOGL,Alphabet,42.88740158081055,42.97011442542913,42.60112422194062,42.780417887775634,21234000
2017-03-15,GOOGL,Alphabet,43.010231018066406,43.084029817062735,42.659072677527305,42.98794400749394,26658000
2017-03-16,GOOGL,Alphabet,43.0899658203125,43.2241904314329,42.967134109237925,43.116216724663545,22090000
2017-03-17,GOOGL,Alphabet,43.20735168457031,43.30888642625031,43.00923612924687,43.27223264901563,37366000
2017-03-20,GOOGL,Alphabet,42.986454010009766,43.10680687622737,42.82598226213966,43.06421291993208,30844000
2017-03-21,GOOGL,Alphabet,42.106327056884766,43.26183166558612,41.98498038710303,43.0929371134557,50760000
2017-03-22,GOOGL,Alphabet,42.0894889831543,42.36437340663717,41.95080545540332,42.073637169881756,27334000
2017-03-23,GOOGL,Alphabet,41.586769104003906,41.687808826021154,41.25740659042945,41.67295082134739,65754000
2017-03-24,GOOGL,Alphabet,41.363407135009766,41.802232294726394,41.064255568495625,41.703172606773485,42114000
2017-03-27,GOOGL,Alphabet,41.530303955078125,41.67245257575116,40.82650239608471,41.01421505705961,38692000
2017-03-28,GOOGL,Alphabet,41.635311126708984,41.87156171613289,41.22124815846946,41.588753273950836,30384000
2017-03-29,GOOGL,Alphabet,42.092952728271484,42.17814063455904,41.67245458190528,41.74030940949602,29146000
2017-03-30,GOOGL,Alphabet,42.07363510131836,42.19844686929205,41.939414271817135,42.1974568395249,18988000
2017-03-31,GOOGL,Alphabet,41.99043273925781,42.07760449376498,41.863640895192894,41.94238983810023,28820000
2017-04-03,GOOGL,Alphabet,42.4337158203125,42.545154641097724,41.97705887232587,42.03748470336505,39388000
2017-04-04,GOOGL,Alphabet,42.2266845703125,42.24798154801737,41.97606720829683,42.00033805425113,26970000
2017-04-05,GOOGL,Alphabet,42.04541015625,42.62390503719597,41.97656529018283,42.33267753690525,37104000
2017-04-06,GOOGL,Alphabet,41.85670471191406,42.27720288404098,41.80222284054701,42.07462841864242,30672000
2017-04-07,GOOGL,Alphabet,41.7081184387207,41.895336111305646,41.470382791268705,41.851752124312114,22232000
2017-04-10,GOOGL,Alphabet,41.68831253051758,41.93793990878478,41.64324349219553,41.680388511622525,20924000
2017-04-11,GOOGL,Alphabet,41.598167419433594,41.833428007786345,41.3366559226614,41.68830926776323,19486000
2017-04-12,GOOGL,Alphabet,41.676422119140625,41.78835595432547,41.48474553451597,41.52783450631439,22716000
2017-04-13,GOOGL,Alphabet,41.613014221191406,41.788842735768306,41.49761530419706,41.65560816966255,21474000
2017-04-17,GOOGL,Alphabet,42.353477478027344,42.378738354457134,41.655120994146635,41.67245785294392,20982000
2017-04-18,GOOGL,Alphabet,42.29701232910156,42.465408082519694,42.16130267358907,42.225193603460575,18724000
2017-04-19,GOOGL,Alphabet,42.42182922363281,42.60458798850671,42.274231635377376,42.465413211931285,21606000
2017-04-20,GOOGL,Alphabet,42.59864807128906,42.7893308553237,42.470862416584545,42.58180622656546,23776000
2017-04-21,GOOGL,Alphabet,42.54267883300781,42.71553730582102,42.48225677638341,42.625391678376886,23458000
2017-04-24,GOOGL,Alphabet,43.53226089477539,43.583277664577906,42.89730408439131,43.01270680639477,33930000
2017-04-25,GOOGL,Alphabet,44.023094177246094,44.19198497042465,43.54959913665454,43.69719295007352,40760000
2017-04-26,GOOGL,Alphabet,44.03795623779297,44.22864282199173,43.84033566469136,44.149395075250226,26466000
2017-04-27,GOOGL,Alphabet,44.1518669128418,44.24795272041301,43.94087717115759,44.08054696899647,46846000
2017-04-28,GOOGL,Alphabet,45.79027557373047,46.353908644388525,45.72588584515886,46.01216318298664,76918000
2017-05-01,GOOGL,Alphabet,46.201358795166016,46.34994640026166,45.60602590244416,45.77194658684843,46556000
2017-05-02,GOOGL,Alphabet,46.412845611572266,46.70506688328401,46.111215278184886,46.22364789709933,35026000
2017-05-03,GOOGL,Alphabet,46.975494384765625,47.06216733932079,46.319735660409876,46.36133958549391,36496000
2017-05-04,GOOGL,Alphabet,47.286041259765625,47.50495878222806,46.922005006805605,47.06662872236477,38752000
2017-05-05,GOOGL,Alphabet,47.06613540649414,47.47029055649615,46.95816168618039,47.385098860392226,32310000
2017-05-08,GOOGL,Alphabet,47.482666015625,47.59657989748785,46.92348436127795,46.92596321440944,37534000
2017-05-09,GOOGL,Alphabet,47.384605407714844,47.65651977728946,47.270196489197204,47.61343080223062,33758000
2017-05-10,GOOGL,Alphabet,47.29198455810547,47.384601473918465,47.04434105770888,47.360334406054285,22920000
2017-05-11,GOOGL,Alphabet,47.343990325927734,47.448003927424566,46.98342294037125,47.11615874578356,20622000
2017-05-12,GOOGL,Alphabet,47.30683898925781,47.44749879398002,47.15429126959749,47.4410636003565,24298000
2017-05-15,GOOGL,Alphabet,47.5089225769043,47.68128225730839,47.19193916975332,47.31427588632716,26754000
2017-05-16,GOOGL,Alphabet,47.775875091552734,47.83976602160853,47.56488538427833,47.72337706155124,22030000
2017-05-17,GOOGL,Alphabet,46.66445541381836,47.59658361764567,46.55994680647657,47.53269268468349,48982000
2017-05-18,GOOGL,Alphabet,47.077030181884766,47.25929392099857,46.61987823184976,46.71546901445875,36010000
2017-05-19,GOOGL,Alphabet,47.28256607055664,47.52575440752861,47.15131533331928,47.19192922529334,27206000
2017-05-22,GOOGL,Alphabet,47.74912643432617,47.786275221726356,47.37716621789478,47.39895820822505,27748000
2017-05-23,GOOGL,Alphabet,48.0700798034668,48.2662115202106,47.77042950664832,48.04085880767496,30908000
2017-05-24,GOOGL,Alphabet,48.41975402832031,48.445011126442814,48.12357260882,48.303361279013096,22660000
2017-05-25,GOOGL,Alphabet,49.12553405761719,49.31968949058718,48.43015145408081,48.48859722356266,39082000
2017-05-26,GOOGL,Alphabet,49.195377349853516,49.34990515238449,48.90266101750013,49.13247266142164,32728000
2017-05-30,GOOGL,Alphabet,49.33900451660156,49.41082324920946,49.100773852744645,49.15723578595664,30324000
2017-05-31,GOOGL,Alphabet,48.8892822265625,49.50888596519475,48.62133178955588,49.34098522104702,34482000
2017-06-01,GOOGL,Alphabet,48.9487190246582,49.18893351667053,48.602015865044805,49.080959804309984,26128000
2017-06-02,GOOGL,Alphabet,49.336524963378906,49.35435683586191,48.88829086421945,48.96357469458156,34710000
2017-06-05,GOOGL,Alphabet,49.72087478637695,49.89521452167061,49.30334666986446,49.42419833803017,27578000
2017-06-06,GOOGL,Alphabet,49.3642692565918,49.95514709927262,49.2711573167476,49.692645567796745,31042000
2017-06-07,GOOGL,Alphabet,49.602989196777344,49.722352022570036,49.32414088835182,49.483622592245084,27482000
2017-06-08,GOOGL,Alphabet,49.740684509277344,49.806060490077826,49.36129523418635,49.738205655835046,33758000
2017-06-09,GOOGL,Alphabet,48.04878616333008,49.80111268381829,47.219178871489504,49.80061766885454,72958000
2017-06-12,GOOGL,Alphabet,47.63719940185547,47.9437836909767,46.398486871952834,47.484156654133194,84042000
2017-06-13,GOOGL,Alphabet,48.067604064941406,48.434610395743086,47.647102113848554,48.14387792914832,40108000
2017-06-14,GOOGL,Alphabet,47.9403190612793,48.52327288640642,47.523285944430455,48.31525323233278,30110000
2017-06-15,GOOGL,Alphabet,47.55647277832031,47.581238643321484,46.5753114806169,46.95420578694388,48552000
2017-06-16,GOOGL,Alphabet,47.47920227050781,47.54507704385774,46.98787916746886,47.444037316639026,51184000
2017-06-19,GOOGL,Alphabet,48.3013801574707,48.503455831708585,47.953686962010025,48.025501914024744,29376000
2017-06-20,GOOGL,Alphabet,47.99281692504883,48.57725574696627,47.953688072361054,48.305836410331054,25946000
2017-06-21,GOOGL,Alphabet,48.46828842163086,48.515836303525234,48.01559540319754,48.08196518763629,23232000
2017-06-22,GOOGL,Alphabet,48.3707160949707,48.56288767624832,48.20677547727113,48.383095245911896,20190000
2017-06-23,GOOGL,Alphabet,48.839759826660156,48.86601073481301,48.263740007155725,48.31525179352967,31280000
2017-06-26,GOOGL,Alphabet,48.14635467529297,49.23103443417254,48.059182922284435,49.03341388976922,30358000
2017-06-27,GOOGL,Alphabet,46.95766067504883,47.90514563158612,46.90813273456309,47.626796112088115,48872000
2017-06-28,GOOGL,Alphabet,47.597572326660156,47.708021109942024,46.36678389743331,47.08495227495686,54912000
2017-06-29,GOOGL,Alphabet,46.44900131225586,47.13447980649769,46.04187611960239,47.11912678714803,64134000
2017-06-30,GOOGL,Alphabet,46.04584503173828,46.804623601062964,46.042376148327556,46.754600639634695,45754000
2017-07-03,GOOGL,Alphabet,45.53965759277344,46.27169397774513,45.334113036518254,46.22117222543091,33896000
2017-07-05,GOOGL,Alphabet,46.173622131347656,46.37322272020393,45.498546503772744,45.774420953635115,41882000
2017-07-06,GOOGL,Alphabet,45.9472770690918,46.3657951773651,45.558973764474764,45.814046260273315,40298000
2017-07-07,GOOGL,Alphabet,46.59709167480469,46.78777820654347,46.05128298294306,46.11071877664774,33266000
2017-07-10,GOOGL,Alphabet,47.10179901123047,47.207297664902605,46.65356482309376,46.65356482309376,29030000
2017-07-11,GOOGL,Alphabet,47.22710037231445,47.29446019119559,46.81056608559357,47.07802152262868,29224000
2017-07-12,GOOGL,Alphabet,47.926944732666016,48.02451558343207,47.40095165397296,47.590149397166705,32042000
2017-07-13,GOOGL,Alphabet,47.98588180541992,48.473739800201564,47.78529117605344,48.08246261877193,30492000
2017-07-14,GOOGL,Alphabet,48.38508605957031,48.41628711697479,48.0502707887305,48.24095735283399,21592000
2017-07-17,GOOGL,Alphabet,48.33803176879883,48.704048086302635,48.08246424384854,48.35586364303538,33210000
2017-07-18,GOOGL,Alphabet,48.882347106933594,49.07550872196207,48.14387556849733,48.20925154372343,28266000
2017-07-19,GOOGL,Alphabet,49.17060089111328,49.31076567186754,48.88531362350524,49.03390121439352,28242000
2017-07-20,GOOGL,Alphabet,49.141876220703125,49.46331469674616,48.76694212947945,49.38010685283306,28368000
2017-07-21,GOOGL,Alphabet,49.223609924316406,49.28651083606067,48.744665922102655,48.983890415717084,29266000
2017-07-24,GOOGL,Alphabet,49.445003509521484,49.83529071345025,49.0467922869391,49.236488834592954,79690000
2017-07-25,GOOGL,Alphabet,47.99479293823242,48.37616224045898,47.73575655441342,48.07750577109283,118672000
2017-07-26,GOOGL,Alphabet,47.81055450439453,48.238481739976834,47.55895085345753,48.18053475590981,44432000
2017-07-27,GOOGL,Alphabet,47.176578521728516,48.019063645985696,46.411361066231756,48.00222180327906,74358000
2017-07-28,GOOGL,Alphabet,47.46483612060547,47.636205744154886,46.819971520564685,46.952711088292936,36276000
2017-07-31,GOOGL,Alphabet,46.82939147949219,47.60649697174753,46.642665029470805,47.547556181148856,45670000
2017-08-01,GOOGL,Alphabet,46.88187789916992,47.27464006461031,46.802633956785364,46.9437887642707,28052000
2017-08-02,GOOGL,Alphabet,46.93537521362305,47.007688956529506,46.18650078801056,46.97153019570639,40788000
2017-08-03,GOOGL,Alphabet,46.57183837890625,47.052267397989404,46.52924442025354,47.00769337951288,22478000
2017-08-04,GOOGL,Alphabet,46.843753814697266,46.930426778860244,46.547077363445396,46.752618158348014,25092000
2017-08-07,GOOGL,Alphabet,46.84177017211914,47.00076066705828,46.730331344163105,46.92943694532384,28916000
2017-08-08,GOOGL,Alphabet,46.76450729370117,47.17559645169957,46.67981438720041,46.76946122224365,30102000
2017-08-09,GOOGL,Alphabet,46.560943603515625,46.74320735193617,46.25584435171766,46.48021082197138,28018000
2017-08-10,GOOGL,Alphabet,45.74421310424805,46.373720953371,45.654566277193965,46.309335003018006,54148000
2017-08-11,GOOGL,Alphabet,46.0661506652832,46.228107461293106,45.62683057520137,45.750157312284315,32334000
2017-08-14,GOOGL,Alphabet,46.50397872924805,46.60848355523946,46.28407119188196,46.51091271665383,23012000
2017-08-15,GOOGL,Alphabet,46.46187973022461,46.709028201991615,46.39055979663956,46.60798848046302,22130000
2017-08-16,GOOGL,Alphabet,46.76846694946289,47.047311507640565,46.55895849088819,46.618889306720284,26906000
2017-08-17,GOOGL,Alphabet,45.94579315185547,46.7456805967927,45.944803121996515,46.7030866404181,33914000
2017-08-18,GOOGL,Alphabet,45.87248992919922,46.112209413853726,45.737279055763196,45.912113796474664,26748000
2017-08-21,GOOGL,Alphabet,45.609500885009766,45.97502224052189,45.49707201638903,45.85219427781168,26024000
2017-08-22,GOOGL,Alphabet,46.57678985595703,46.65405375116082,45.87199440049511,45.91112325239687,35502000
2017-08-23,GOOGL,Alphabet,46.68476486206055,46.82591969578603,46.32122362023945,46.40839159519272,22690000
2017-08-24,GOOGL,Alphabet,46.40294647216797,46.86950372503327,46.09834223828358,46.74073182226299,25892000
2017-08-25,GOOGL,Alphabet,46.08646011352539,46.593136271424925,46.0666481786786,46.51785243050318,23746000
2017-08-28,GOOGL,Alphabet,45.96907424926758,46.30190566342561,45.8690245518032,46.15480687493397,20988000
2017-08-29,GOOGL,Alphabet,46.34647750854492,46.4673291637325,45.53222710634587,45.56392695424058,23172000
2017-08-30,GOOGL,Alphabet,46.736759185791016,46.8472079575017,46.26227422505356,46.342511975866266,22406000
2017-08-31,GOOGL,Alphabet,47.311798095703125,47.4088739279311,46.86653403907601,46.86900911381752,33866000
2017-09-01,GOOGL,Alphabet,47.15082550048828,47.464838786120076,47.066132603125276,47.42224482997517,20858000
2017-09-05,GOOGL,Alphabet,46.630279541015625,47.12110760437503,46.339048289890286,46.89674115309221,29148000
2017-09-06,GOOGL,Alphabet,46.65702819824219,46.77985614096009,46.19442729366103,46.74865508502956,27830000
2017-09-07,GOOGL,Alphabet,47.04681396484375,47.07702876797397,46.43463922983732,46.76747440673989,22332000
2017-09-08,GOOGL,Alphabet,46.626808166503906,47.08693016608447,46.55746829583144,47.03740222685265,19998000
2017-09-11,GOOGL,Alphabet,46.71992492675781,47.18499708569917,46.606502277965326,46.9135815541554,26748000
2017-09-12,GOOGL,Alphabet,46.886348724365234,46.957668668506095,46.43316062323364,46.89972168623418,25696000
2017-09-13,GOOGL,Alphabet,47.07405471801758,47.1934213278719,46.79174129281177,46.82938509816708,21908000
2017-09-14,GOOGL,Alphabet,46.56341552734375,46.95469269864589,46.47574876370782,46.854147989731025,28548000
2017-09-15,GOOGL,Alphabet,46.323699951171875,46.64365721419299,46.12360432507197,46.56143938644609,39886000
2017-09-18,GOOGL,Alphabet,46.0493049621582,46.40145326987957,45.83385634089199,46.3098263902587,29474000
2017-09-19,GOOGL,Alphabet,46.401458740234375,46.45495058536911,45.896267637408876,46.23058789076083,24854000
2017-09-20,GOOGL,Alphabet,46.930423736572266,47.052265427957565,46.43315667232654,46.4445495733167,40080000
2017-09-21,GOOGL,Alphabet,46.93091583251953,47.190942249459546,46.52626948868884,46.95964559067562,27414000
2017-09-22,GOOGL,Alphabet,46.718441009521484,47.05226623988343,46.59858315454882,46.694173941056704,21496000
2017-09-25,GOOGL,Alphabet,46.273677825927734,46.544598383180876,45.789779913621295,46.52974037672139,37468000
2017-09-26,GOOGL,Alphabet,46.429683685302734,46.75904996763584,46.31527478553793,46.39303368963543,33454000
2017-09-27,GOOGL,Alphabet,47.542598724365234,47.81649313441195,46.65355945406281,46.692688306566616,46692000
2017-09-28,GOOGL,Alphabet,47.78578567504883,47.853636728134816,47.327148680940695,47.36181861923786,28018000
2017-09-29,GOOGL,Alphabet,48.22708511352539,48.33059991199778,47.844721989198014,47.844721989198014,40622000
2017-10-02,GOOGL,Alphabet,47.91753387451172,48.42619385284135,47.644134473629876,48.32267904761472,30782000
2017-10-03,GOOGL,Alphabet,48.1458625793457,48.163694454476286,47.68178037712329,47.92199111460498,21666000
2017-10-04,GOOGL,Alphabet,47.88336181640625,48.26077106005998,47.82541105536343,48.13001530990579,21156000
2017-10-05,GOOGL,Alphabet,48.79518127441406,48.86056103630281,48.05621463152872,48.18102641832709,35618000
2017-10-06,GOOGL,Alphabet,49.21369171142578,49.244401527728684,48.46432231427294,48.538121097636505,31060000
2017-10-09,GOOGL,Alphabet,49.1478271484375,49.551483495892555,49.107708265416704,49.281057964821336,25910000
2017-10-10,GOOGL,Alphabet,48.9244499206543,49.40339387697298,48.59310354797711,49.29591517570532,23268000
2017-10-11,GOOGL,Alphabet,49.80854034423828,49.90363611707686,48.931385188343604,48.985867062808616,36300000
2017-10-12,GOOGL,Alphabet,49.80854034423828,50.10026285710925,49.583183843382095,49.71889351459423,30614000
2017-10-13,GOOGL,Alphabet,49.91849136352539,50.2597418037526,49.878372482320046,49.979907222641,26552000
2017-10-16,GOOGL,Alphabet,49.991798400878906,50.12304917002833,49.60399005208418,50.00566637815703,21420000
2017-10-17,GOOGL,Alphabet,50.07351303100586,50.24983658684505,49.828348393766845,49.89719325390645,20260000
2017-10-18,GOOGL,Alphabet,50.159698486328125,50.33651329151259,49.79219334243559,50.0759956151185,25596000
2017-10-19,GOOGL,Alphabet,49.61983108520508,49.89125041254202,49.39497339053849,49.7639597813025,34284000
2017-10-20,GOOGL,Alphabet,49.779815673828125,49.95712549924657,49.64113213051925,49.87788153895311,32120000
2017-10-23,GOOGL,Alphabet,48.81251525878906,49.815472186199585,48.69166359877556,49.78525738182625,32786000
2017-10-24,GOOGL,Alphabet,48.958621978759766,48.996760799150934,48.39350011152898,48.86006110961652,28902000
2017-10-25,GOOGL,Alphabet,49.1057243347168,49.25282311545746,48.42519975806429,48.848668006175764,30574000
2017-10-26,GOOGL,Alphabet,49.10374069213867,49.851130071535,49.05668782466318,49.45291891828231,47396000
2017-10-27,GOOGL,Alphabet,51.19633102416992,52.679716987106474,50.85854567459913,51.063595223313314,103682000
2017-10-30,GOOGL,Alphabet,51.169586181640625,51.50142755564638,50.63467532940637,50.972955676074974,46804000
2017-10-31,GOOGL,Alphabet,51.16513442993164,51.55938174733791,50.83130917079386,51.16315436998588,30326000
2017-11-01,GOOGL,Alphabet,51.63862609863281,51.899147556523594,51.21267895636714,51.327586664260515,43262000
2017-11-02,GOOGL,Alphabet,51.656951904296875,51.7832525201998,50.94819625801826,51.509358086783934,26694000
2017-11-03,GOOGL,Alphabet,52.004634857177734,52.03781974796378,51.39345018507483,51.64604758821477,27770000
2017-11-06,GOOGL,Alphabet,51.642581939697266,52.1334137876635,51.60890203191992,51.9605591145605,18294000
2017-11-07,GOOGL,Alphabet,52.12350845336914,52.17403020684902,51.65843625207599,51.98779878586904,26104000
2017-11-08,GOOGL,Alphabet,52.41572570800781,52.63364940435393,51.859022883985475,52.0076067071206,24276000
2017-11-09,GOOGL,Alphabet,51.8922119140625,52.04871976679686,51.30430421084242,51.906079889810606,35892000
2017-11-10,GOOGL,Alphabet,51.71539306640625,51.83822478775127,51.5702743367399,51.701525090729874,19442000
2017-11-13,GOOGL,Alphabet,51.56928634643555,51.94273167459627,51.473200542771906,51.5494744120086,18814000
2017-11-14,GOOGL,Alphabet,51.59107971191406,51.62376959352439,50.98137997803044,51.39692803960578,21012000
2017-11-15,GOOGL,Alphabet,51.3320426940918,51.49152442306084,51.05220431189699,51.26220779696878,18106000
2017-11-16,GOOGL,Alphabet,51.929359436035156,52.092310048315056,51.41079536525171,51.44794038110662,23768000
2017-11-17,GOOGL,Alphabet,51.30628967285156,52.054669205851226,51.19930975384751,51.99523717709577,26712000
2017-11-20,GOOGL,Alphabet,51.245357513427734,51.445453094063424,51.147287893118445,51.31172351125042,17526000
2017-11-21,GOOGL,Alphabet,52.01999282836914,52.02445174147042,51.467253868366655,51.5118278844198,22206000
2017-11-22,GOOGL,Alphabet,52.10022735595703,52.274072053751155,51.86892692130338,52.06258355124841,14538000
2017-11-24,GOOGL,Alphabet,52.32806396484375,52.50389251796374,52.10023239119901,52.222569100215786,16492000
2017-11-27,GOOGL,Alphabet,53.095252990722656,53.14626975186467,52.24137879757112,52.429590251460574,35430000
2017-11-28,GOOGL,Alphabet,52.66337203979492,53.49099542899333,52.22999591942113,53.19332897298813,36424000
2017-11-29,GOOGL,Alphabet,51.38008499145508,52.43950390988402,50.99722682045426,52.31122324002806,55866000
2017-11-30,GOOGL,Alphabet,51.320152282714844,51.71489835561749,51.018030684411244,51.50687871924846,45092000
2017-12-01,GOOGL,Alphabet,50.770389556884766,51.373151515629374,50.365739387532074,51.034871138541874,37762000
2017-12-04,GOOGL,Alphabet,50.11659622192383,51.080922946335235,49.98534548937222,50.905589440537035,38778000
2017-12-05,GOOGL,Alphabet,50.49946594238281,51.34541629399922,49.64361151265184,50.073023772423475,38998000
2017-12-06,GOOGL,Alphabet,51.1492805480957,51.48904594824603,50.28698343395342,50.34691424912757,28710000
2017-12-07,GOOGL,Alphabet,51.73619079589844,51.9516394161858,51.28003268071621,51.315197631964885,30866000
2017-12-08,GOOGL,Alphabet,51.97442626953125,52.32310569971317,51.80008277570056,52.09477913004769,31170000
2017-12-11,GOOGL,Alphabet,52.10270690917969,52.30230751380156,51.71390857117377,52.06011295182674,23254000
2017-12-12,GOOGL,Alphabet,51.944210052490234,52.62423959392244,51.751048440044656,52.00513089281747,33882000
2017-12-13,GOOGL,Alphabet,52.073978424072266,52.276549108600165,51.835743993077905,52.10815334704776,27680000
2017-12-14,GOOGL,Alphabet,52.37511444091797,52.851084515454254,52.1834378608064,52.27704858370643,30962000
2017-12-15,GOOGL,Alphabet,53.09476852416992,53.25573907743634,52.50488450839002,52.68764327758015,63760000
2017-12-18,GOOGL,Alphabet,53.74310302734375,53.81244291099788,53.01404044028871,53.31517202984081,30292000
2017-12-19,GOOGL,Alphabet,53.480098724365234,53.73715506846243,53.10813845518965,53.64057425350983,26350000
2017-12-20,GOOGL,Alphabet,53.17203140258789,53.551915676862684,52.92636796767013,53.536562656865286,28728000
2017-12-21,GOOGL,Alphabet,53.037803649902344,53.36815996148121,52.94617677151327,53.262665108674135,25640000
2017-12-22,GOOGL,Alphabet,52.939247131347656,53.08089697650318,52.878821301067504,52.99570906343734,17788000
2017-12-26,GOOGL,Alphabet,52.790164947509766,52.93924757536532,52.43306268455807,52.92834968930506,18376000
2017-12-27,GOOGL,Alphabet,52.51032638549805,52.91002638259456,52.42018454395802,52.82731354379894,22324000
2017-12-28,GOOGL,Alphabet,52.29983139038086,52.74014150332591,52.172540757075275,52.61186084015848,19884000
2017-12-29,GOOGL,Alphabet,52.173526763916016,52.40383716619341,52.138856827725185,52.277045336335405,23606000
2018-01-02,GOOGL,Alphabet,53.15468978881836,53.291884484161,52.15470683767104,52.15470683767104,31766000
2018-01-03,GOOGL,Alphabet,54.061561584472656,54.28840309912872,53.16558842562831,53.19035050597915,31318000
2018-01-04,GOOGL,Alphabet,54.27156066894531,54.68363977121376,54.19727064995806,54.3374354350188,26052000
2018-01-05,GOOGL,Alphabet,54.9912223815918,55.15417299064406,54.570724183986464,54.65244699598872,30250000
2018-01-08,GOOGL,Alphabet,55.18537139892578,55.43053982316546,54.97685675183388,55.02638469586232,24644000
2018-01-09,GOOGL,Alphabet,55.11503601074219,55.39487434584712,54.88769948275548,55.39487434584712,26808000
2018-01-10,GOOGL,Alphabet,54.983795166015625,55.1145509137219,54.67869968094772,54.82827355493141,20734000
2018-01-11,GOOGL,Alphabet,55.078392028808594,55.21707178493261,54.80251756136048,55.091269974554386,22424000
2018-01-12,GOOGL,Alphabet,55.99962615966797,56.03181724529466,54.87829641598141,54.98181121814807,38586000
2018-01-16,GOOGL,Alphabet,56.002098083496094,56.90253019657511,55.802002478227394,56.47806814070995,36462000
2018-01-17,GOOGL,Alphabet,56.418148040771484,56.429042148770755,55.645002680701445,56.28243836519547,27830000
2018-01-18,GOOGL,Alphabet,56.26311111450195,56.49193268535374,55.693035357504435,56.43051683214502,27498000
2018-01-19,GOOGL,Alphabet,56.63606262207031,56.64993059636849,56.09124772661053,56.3651421083694,30552000
2018-01-22,GOOGL,Alphabet,57.659332275390625,57.79405191298667,56.5528605295507,56.651920198000724,29550000
2018-01-23,GOOGL,Alphabet,58.25416946411133,58.37006719645452,57.81237430664541,57.97928502802167,39138000
2018-01-24,GOOGL,Alphabet,58.01247024536133,58.79304455671574,57.81980363155958,58.69051978440772,37128000
2018-01-25,GOOGL,Alphabet,58.54985809326172,58.691511722351315,58.039713068543485,58.47903316808695,29984000
2018-01-26,GOOGL,Alphabet,58.81830596923828,58.81830596923828,57.85101270980535,58.816820924329214,42170000
2018-01-29,GOOGL,Alphabet,58.76481246948242,59.33538329726216,58.64495084057303,58.840096304058775,31494000
2018-01-30,GOOGL,Alphabet,58.3135986328125,58.83662152429873,58.171945025226854,58.330935489632274,37338000
2018-01-31,GOOGL,Alphabet,58.5538215637207,58.756891053721176,58.05259059049569,58.63257050625159,36022000
2018-02-01,GOOGL,Alphabet,58.52261734008789,58.812858587212304,57.91688152585661,58.245257817910385,73514000
2018-02-02,GOOGL,Alphabet,55.43252182006836,56.031818654857844,55.034805651676606,55.83964705117017,117842000
2018-02-05,GOOGL,Alphabet,52.61878967285156,55.22400009670068,52.338955114699,54.51177570685918,83550000
2018-02-06,GOOGL,Alphabet,53.71040344238281,53.856512186634504,51.01505117883695,51.211681671152704,76630000
2018-02-07,GOOGL,Alphabet,52.27309036254883,53.81442340960949,52.23396150690348,53.73715950701361,51942000
2018-02-08,GOOGL,Alphabet,49.91057205200195,52.69507282277826,49.761489413833445,52.49398716160833,66792000
2018-02-09,GOOGL,Alphabet,51.820396423339844,52.09032695237437,49.3801162177478,50.8105054265085,98360000
2018-02-12,GOOGL,Alphabet,52.230995178222656,52.77630522793781,51.78177094337935,52.33550002705449,56240000
2018-02-13,GOOGL,Alphabet,52.210182189941406,52.56084546082366,51.852584931601655,52.00513265566674,31586000
2018-02-14,GOOGL,Alphabet,53.12943649291992,53.26663120783031,51.99523255265467,52.21910022803822,41304000
2018-02-15,GOOGL,Alphabet,54.05364227294922,54.1893519373981,52.858513756412485,53.66187007851998,37396000
2018-02-16,GOOGL,Alphabet,54.258689880371094,54.893151621690954,54.06304940822292,54.15368626002008,39948000
2018-02-20,GOOGL,Alphabet,54.65938186645508,55.288394731314646,53.986286218953026,54.12298592278251,33754000
2018-02-21,GOOGL,Alphabet,55.162593841552734,56.274514601892804,54.85353445785939,54.93228718274358,41486000
2018-02-22,GOOGL,Alphabet,54.97190856933594,55.742575097485606,54.73664797655704,55.43104063160817,28010000
2018-02-23,GOOGL,Alphabet,55.87282943725586,55.91790224647903,54.89959231013615,55.40577341002635,25292000
2018-02-26,GOOGL,Alphabet,56.645973205566406,56.670735287297454,55.93473880553307,56.05955058022811,30912000
2018-02-27,GOOGL,Alphabet,55.348819732666016,56.6732190132798,55.31315976236426,56.64597807591566,42964000
2018-02-28,GOOGL,Alphabet,54.67572021484375,55.85103677896943,54.630156169979756,55.5711984221567,49292000
2018-03-01,GOOGL,Alphabet,53.06553649902344,55.03975023618664,52.86147701379838,54.95406732023023,55338000
2018-03-02,GOOGL,Alphabet,53.696048736572266,53.83225342541971,52.010587035805536,52.40037541890113,50162000
2018-03-05,GOOGL,Alphabet,54.22203826904297,54.54001167475715,53.108137540447714,53.398378773982685,28648000
2018-03-06,GOOGL,Alphabet,54.5261344909668,54.76040876817163,54.209151168640204,54.58557028093026,23382000
2018-03-07,GOOGL,Alphabet,55.22648620605469,55.28394195255242,53.98182960596219,54.12595831907736,30748000
2018-03-08,GOOGL,Alphabet,55.93672561645508,56.03875159574201,55.3334648946313,55.3334648946313,33862000
2018-03-09,GOOGL,Alphabet,57.494895935058594,57.50281995269129,56.179909554464,56.43795214678702,42662000
2018-03-12,GOOGL,Alphabet,57.74700164794922,58.3527374720412,57.41367142221887,57.70341388036885,44306000
2018-03-13,GOOGL,Alphabet,56.45825958251953,58.34481062369362,56.19377801507319,58.03921636545667,43140000
2018-03-14,GOOGL,Alphabet,56.90302658081055,57.44140253772889,56.579109224060254,56.74998383905831,41870000
2018-03-15,GOOGL,Alphabet,56.98821258544922,57.57711027416449,56.24776098354262,56.93670458458376,33382000
2018-03-16,GOOGL,Alphabet,56.186344146728516,57.295290867454185,56.03478645744216,57.22298090579607,58656000
2018-03-19,GOOGL,Alphabet,54.48503875732422,55.44093903752452,53.93279103290788,55.36120006772286,63656000
2018-03-20,GOOGL,Alphabet,54.2735481262207,54.75645217553608,53.61085163849673,54.40232002021162,54598000
2018-03-21,GOOGL,Alphabet,54.18439483642578,54.91246728104786,53.84809456329121,54.11356991879436,44898000
2018-03-22,GOOGL,Alphabet,52.161155700683594,53.68515186344425,51.98730719914103,53.49149520564098,69312000
2018-03-23,GOOGL,Alphabet,50.843685150146484,52.836226002819885,50.760477298918886,52.07298857290828,49880000
2018-03-26,GOOGL,Alphabet,52.207706451416016,52.4642677813901,50.05271371080923,52.03485176957417,65984000
2018-03-27,GOOGL,Alphabet,49.872432708740234,52.72528708183949,49.41082558616871,52.69358723040609,60816000
2018-03-28,GOOGL,Alphabet,49.785255432128906,50.76642032801573,48.73623948495636,49.62329864564493,77698000
2018-03-29,GOOGL,Alphabet,51.36819076538086,51.90855053727211,49.72879211981809,50.08391429466122,69338000
2018-04-02,GOOGL,Alphabet,50.15425109863281,51.48657442750591,49.24391480101631,50.8966866336741,65068000
2018-04-03,GOOGL,Alphabet,50.453887939453125,50.766911158607805,49.392489149541504,50.32858116031326,51322000
2018-04-04,GOOGL,Alphabet,51.00019454956055,51.150267195667425,49.355841972266745,49.44102987945127,50724000
2018-04-05,GOOGL,Alphabet,51.145320892333984,51.842188609204015,50.717393675551115,51.826340572653606,35836000
2018-04-06,GOOGL,Alphabet,50.02151870727539,51.31173940110945,49.83826113208291,50.67281863103563,40134000
2018-04-09,GOOGL,Alphabet,50.52373123168945,51.73718282980988,50.47964845314249,50.5212523783784,33220000
2018-04-10,GOOGL,Alphabet,51.33650207519531,51.56978260185334,50.29194114112864,51.02744269243296,36620000
2018-04-11,GOOGL,Alphabet,50.76988983154297,51.30529573701438,50.47965236224437,51.113619145641465,34060000
2018-04-12,GOOGL,Alphabet,51.37562561035156,51.74015688841402,50.818926504843326,51.08737197981285,32896000
2018-04-13,GOOGL,Alphabet,51.313716888427734,52.15273325903639,51.021994362227666,51.85110665463564,25410000
2018-04-16,GOOGL,Alphabet,51.81197738647461,52.075963957120976,51.20871662499955,51.7847364482145,29776000
2018-04-17,GOOGL,Alphabet,53.459293365478516,53.738636700190646,52.35629057383204,52.55985506195212,54584000
2018-04-18,GOOGL,Alphabet,53.262672424316406,53.5900549127777,53.02146788354375,53.441966086595215,31126000
2018-04-19,GOOGL,Alphabet,53.95903778076172,54.35823895015478,52.947166882839696,52.947166882839696,39884000
2018-04-20,GOOGL,Alphabet,53.35826110839844,54.221544489799854,53.09971971805324,53.70248542809292,42434000
2018-04-23,GOOGL,Alphabet,53.184410095214844,53.887225470727,52.83127174462388,53.63858816969618,69590000
2018-04-24,GOOGL,Alphabet,50.650028228759766,52.722803052809056,50.165639129146925,52.4607965701441,128220000
2018-04-25,GOOGL,Alphabet,50.6673698425293,51.31520461497408,50.37118463042394,51.002181336665494,57860000
2018-04-26,GOOGL,Alphabet,51.673789978027344,52.10518605454312,50.5415623248048,51.17404405189157,50926000
2018-04-27,GOOGL,Alphabet,51.08637237548828,52.089329236013185,50.89519459963582,51.78423379549122,40746000
2018-04-30,GOOGL,Alphabet,50.44894790649414,51.42911910957225,50.43507992990553,51.233482392427234,34492000
2018-05-01,GOOGL,Alphabet,51.5469856262207,51.59552353365522,50.054190852385496,50.33600923591732,35326000
2018-05-02,GOOGL,Alphabet,50.81892395019531,51.70697317236466,50.67578528265589,51.21267620560563,34698000
2018-05-03,GOOGL,Alphabet,50.831295013427734,51.04872745160757,49.91947388362275,50.78523596007492,39282000
2018-05-04,GOOGL,Alphabet,52.054656982421875,52.098244742513074,50.422687411229255,50.49995129771254,36892000
2018-05-07,GOOGL,Alphabet,52.47367858886719,52.748068023211516,52.018510448922456,52.19780410965964,34400000
2018-05-08,GOOGL,Alphabet,52.43058776855469,52.759459066220046,52.08636345036337,52.72924426136514,26030000
2018-05-09,GOOGL,Alphabet,53.93427658081055,54.1843989359592,52.60492720061002,52.70349185361488,47160000
2018-05-10,GOOGL,Alphabet,54.75249481201172,54.947640293408654,54.17845882707724,54.233930733568094,36414000
2018-05-11,GOOGL,Alphabet,54.64897155761719,54.927819870630415,54.34387611906273,54.50187278090121,30504000
2018-05-14,GOOGL,Alphabet,54.8084602355957,55.38051610557874,54.71930842606978,54.757443468740725,39338000
2018-05-15,GOOGL,Alphabet,53.73220443725586,54.43798997511188,53.43057405793773,54.3280361926507,35738000
2018-05-16,GOOGL,Alphabet,53.693565368652344,54.20321912531988,53.57172746011377,53.743097090425245,25628000
2018-05-17,GOOGL,Alphabet,53.553401947021484,54.03581100185704,53.31368246439746,53.5633098031264,25738000
2018-05-18,GOOGL,Alphabet,52.97787857055664,53.18045304494366,52.732218902322295,52.79759488361965,35482000
2018-05-21,GOOGL,Alphabet,53.68960952758789,54.14973159914759,53.39194305201143,53.44147099899115,25180000
2018-05-22,GOOGL,Alphabet,53.258705139160156,54.07543442413209,53.10764245409172,53.97637853633701,22226000
2018-05-23,GOOGL,Alphabet,53.786190032958984,53.887229764901036,52.845143930873924,52.99571160950674,23740000
2018-05-24,GOOGL,Alphabet,53.76092529296875,53.84363812940947,53.109625472232935,53.832744022439826,20604000
2018-05-25,GOOGL,Alphabet,53.69307327270508,53.96498762736049,53.619773273377604,53.81540998155274,22224000
2018-05-29,GOOGL,Alphabet,52.90011978149414,53.5573673730496,52.65297128911095,53.292882021358196,36076000
2018-05-30,GOOGL,Alphabet,53.365692138671875,53.440975978419594,52.824837284135356,53.16807158699159,28686000
2018-05-31,GOOGL,Alphabet,54.481571197509766,54.97685820839622,53.39194128505558,53.59005306641815,79368000
2018-06-01,GOOGL,Alphabet,56.21507263183594,56.37158425576218,55.07640607311136,55.1190038069176,63202000
2018-06-04,GOOGL,Alphabet,57.10857009887695,57.34729954063088,56.31412785194618,56.38842165434775,44754000
2018-06-05,GOOGL,Alphabet,57.00851821899414,57.50776907553701,56.83219844986473,57.18880566471827,32964000
2018-06-06,GOOGL,Alphabet,56.806941986083984,57.1912851795451,56.28045393352633,57.09519938117982,34934000
2018-06-07,GOOGL,Alphabet,56.186344146728516,56.753446054952,55.77525506182121,56.68955512520098,36108000
2018-06-08,GOOGL,Alphabet,56.10165786743164,56.402294428236736,55.63212296124815,56.027364058708805,27284000
2018-06-11,GOOGL,Alphabet,56.50728988647461,56.84606902331863,56.036768765704274,56.11304262830044,24796000
2018-06-12,GOOGL,Alphabet,56.86835861206055,56.89609456335456,56.513236409518306,56.513236409518306,26092000
2018-06-13,GOOGL,Alphabet,56.67222595214844,57.2373516561702,56.630127008164955,57.0709321613334,34302000
2018-06-14,GOOGL,Alphabet,57.458736419677734,57.74996388309494,56.98771652458296,57.067459267031296,35422000
2018-06-15,GOOGL,Alphabet,57.41714096069336,57.64695260275464,57.14077146076607,57.44933204836161,44438000
2018-06-18,GOOGL,Alphabet,58.62117385864258,58.64841479212771,57.00752736828921,57.091230228273844,33038000
2018-06-19,GOOGL,Alphabet,58.37897491455078,58.58303061409138,57.533024774519085,57.95401789578567,47282000
2018-06-20,GOOGL,Alphabet,58.64543914794922,59.50823116798222,58.54440321266471,58.607304109468735,51686000
2018-06-21,GOOGL,Alphabet,57.92084884643555,58.955501951271984,57.62565743235961,58.716776253609936,44966000
2018-06-22,GOOGL,Alphabet,57.91341018676758,58.19621862170186,57.43595131357224,58.022373924104436,34220000
2018-06-25,GOOGL,Alphabet,56.42706298828125,57.25468645901929,55.46719494462363,57.20565352539057,57682000
2018-06-26,GOOGL,Alphabet,56.097190856933594,56.80297249107613,55.917897223473396,56.66776163303211,34688000
2018-06-27,GOOGL,Alphabet,55.320587158203125,56.77029319707854,55.30869924220121,56.264603318198674,34538000
2018-06-28,GOOGL,Alphabet,55.807945251464844,56.16554250010302,54.78220637175106,55.09522582866339,29726000
2018-06-29,GOOGL,Alphabet,55.927310943603516,56.53007663075063,55.81983602479439,56.081842509762694,31562000
2018-07-02,GOOGL,Alphabet,56.56722640991211,56.61081417775277,54.80846470096647,55.241840853381746,23216000
2018-07-03,GOOGL,Alphabet,55.28789520263672,56.95354483305904,55.19626831885065,56.92927776576796,16448000
2018-07-05,GOOGL,Alphabet,56.526611328125,56.66776994289698,55.62667414596239,55.69997792495269,28594000
2018-07-06,GOOGL,Alphabet,57.20960998535156,57.26508188517266,56.32601592875299,56.55038238132639,21820000
2018-07-09,GOOGL,Alphabet,57.81386184692383,57.84605671250325,57.316099750893265,57.45329446739468,21584000
2018-07-10,GOOGL,Alphabet,57.80692672729492,58.12193005263485,57.580085185303595,57.948085339389145,21334000
2018-07-11,GOOGL,Alphabet,58.020896911621094,58.46566219069951,57.22397949703814,57.23635864993495,33252000
2018-07-12,GOOGL,Alphabet,59.49684143066406,59.532996411596834,58.102112406070994,58.1892841509642,44148000
2018-07-13,GOOGL,Alphabet,59.653358459472656,59.95151993828653,59.20116042375657,59.57312069455112,32612000
2018-07-16,GOOGL,Alphabet,59.26158905029297,59.86583983291974,59.10755248612484,59.62314646695314,26784000
2018-07-17,GOOGL,Alphabet,60.08226776123047,60.36359113758512,58.54291509736194,58.57956887042324,40162000
2018-07-18,GOOGL,Alphabet,60.073856353759766,60.503763600194866,59.660292157696745,59.85691889205774,38948000
2018-07-19,GOOGL,Alphabet,59.38986587524414,60.25067416576215,59.32201104245953,59.76380619921429,38338000
2018-07-20,GOOGL,Alphabet,59.329437255859375,59.96786289319589,59.26554254551725,59.396797070547336,37938000
2018-07-23,GOOGL,Alphabet,59.979248046875,60.18231750731798,59.03869711421739,59.21947956912087,65446000
2018-07-24,GOOGL,Alphabet,62.314537048339844,63.14909446004639,61.62063945612367,62.950978898149216,107600000
2018-07-25,GOOGL,Alphabet,63.19565200805664,63.30956590494261,61.86382374894594,62.04064233107907,51104000
2018-07-26,GOOGL,Alphabet,63.66913986206055,63.76324559312892,62.554744208316706,62.76177379367545,54686000
2018-07-27,GOOGL,Alphabet,62.05400848388672,63.963337593267326,61.63796547370247,63.848433679100495,48362000
2018-07-30,GOOGL,Alphabet,60.92228317260742,62.05401582065293,60.631550691111684,61.66570871332136,43896000
2018-07-31,GOOGL,Alphabet,60.782615661621094,61.47552325245097,60.23631563314612,61.00499830124551,39382000
2018-08-01,GOOGL,Alphabet,61.06839370727539,61.707805628074155,60.66968752040298,61.371509109985546,36994000
2018-08-02,GOOGL,Alphabet,61.471553802490234,61.63400938658072,60.32892710719727,60.35071909997383,34704000
2018-08-03,GOOGL,Alphabet,61.324462890625,61.738522142760175,60.89158173282722,61.672152347325934,21264000
2018-08-06,GOOGL,Alphabet,61.30018615722656,61.537430568326535,60.94655277590662,61.49533162617464,22114000
2018-08-07,GOOGL,Alphabet,62.20012664794922,62.70730159818686,62.00003101889846,62.01043011188937,42506000
2018-08-08,GOOGL,Alphabet,62.47203826904297,62.98663842114291,62.01587633134736,62.243707903353865,34344000
2018-08-09,GOOGL,Alphabet,62.62705993652344,62.998525188645345,62.41111628455596,62.5413770081394,27326000
2018-08-10,GOOGL,Alphabet,62.035194396972656,62.46560045064966,61.77021780567494,62.365550749299324,26602000
2018-08-13,GOOGL,Alphabet,61.84352111816406,62.7018544179902,61.763782140524235,61.97031674865901,27500000
2018-08-14,GOOGL,Alphabet,62.31404113769531,62.43538403632387,61.39280700004426,62.034697783774156,28080000
2018-08-15,GOOGL,Alphabet,61.03025436401367,62.00894044161446,60.73407295161501,61.627571116824846,37052000
2018-08-16,GOOGL,Alphabet,60.6260986328125,61.59884452158065,60.40668610248797,61.51414784622211,32176000
2018-08-17,GOOGL,Alphabet,60.2194709777832,60.769239864107305,59.63255707700748,60.526055271019985,33092000
2018-08-20,GOOGL,Alphabet,60.52159881591797,60.71773432491276,59.86534500901832,60.4577078769702,22218000
2018-08-21,GOOGL,Alphabet,60.29673385620117,61.05700122154429,60.17885606309456,60.57459216306816,23082000
2018-08-22,GOOGL,Alphabet,60.51169204711914,60.748437666291004,60.08921002018448,60.13873796550922,22296000
2018-08-23,GOOGL,Alphabet,60.48247146606445,61.17636909989101,60.39282463182586,60.41907554050296,24666000
2018-08-24,GOOGL,Alphabet,61.2546272277832,61.28681831638865,60.495349824584906,60.72219138346194,24454000
2018-08-27,GOOGL,Alphabet,62.22142791748047,62.30067566211765,61.4492763159686,61.620645973943084,28580000
2018-08-28,GOOGL,Alphabet,61.70581817626953,62.23577505259425,61.562679524639336,62.20308517732359,27330000
2018-08-29,GOOGL,Alphabet,62.636470794677734,62.761286357570334,62.04955688869612,62.15852063704074,36926000
2018-08-30,GOOGL,Alphabet,62.13078308105469,62.87618866209253,61.77269078859715,62.57455830214067,30104000
2018-08-31,GOOGL,Alphabet,61.00945281982422,62.037171833474375,60.709802522136044,62.02033376834746,42308000
2018-09-04,GOOGL,Alphabet,59.994606018066406,60.81480416552744,59.75934545644739,60.54982381532953,41458000
2018-09-05,GOOGL,Alphabet,59.38986587524414,60.17093141718201,58.213060458724414,59.89109305349671,53988000
2018-09-06,GOOGL,Alphabet,58.6414909362793,59.38442149196552,57.63209495703287,59.36361952709607,46854000
2018-09-07,GOOGL,Alphabet,58.32450485229492,58.86733975254547,57.912425693601364,58.04763656966391,32658000
2018-09-10,GOOGL,Alphabet,58.199195861816406,58.77373062791461,57.978793285573936,58.651888930787,27670000
2018-09-11,GOOGL,Alphabet,58.93866729736328,58.985720174396015,57.747997493766874,58.003070036769074,29254000
2018-09-12,GOOGL,Alphabet,58.0278205871582,58.97332167712986,57.75838134378712,58.54291568730526,35716000
2018-09-13,GOOGL,Alphabet,58.54985809326172,58.83316535144091,57.909947355721286,58.429010207010094,40068000
2018-09-14,GOOGL,Alphabet,58.34382247924805,58.840103340386364,58.12292487708241,58.840103340386364,24176000
2018-09-17,GOOGL,Alphabet,57.44486618041992,58.53400092531372,57.37701135552823,58.33341031861157,34096000
2018-09-18,GOOGL,Alphabet,57.805442810058594,58.50974328196133,57.52411938900708,57.58504023675779,32314000
2018-09-19,GOOGL,Alphabet,58.160064697265625,58.259120580968286,57.384939370640154,57.897068189681065,25962000
2018-09-20,GOOGL,Alphabet,59.016910552978516,59.13726719569545,58.25813203516602,58.47704954918953,29244000
2018-09-21,GOOGL,Alphabet,58.0535774230957,59.265048972174824,58.050607333584175,59.18283115081106,91222000
2018-09-24,GOOGL,Alphabet,58.42206954956055,58.70091408388171,57.03229445451207,57.42406662300162,31150000
2018-09-25,GOOGL,Alphabet,59.13182067871094,59.27891946932648,58.1511507383873,58.654365543829975,33152000
2018-09-26,GOOGL,Alphabet,59.14023971557617,59.79302838637845,58.71132249593064,59.1219166053279,37650000
2018-09-27,GOOGL,Alphabet,59.798973083496094,60.26949423633054,59.33786099337192,59.43444181016383,36274000
2018-09-28,GOOGL,Alphabet,59.785099029541016,59.85295385761787,59.3269570756682,59.637006443521074,35612000
2018-10-01,GOOGL,Alphabet,59.85691452026367,60.633029866103534,59.59243297157082,60.07831087896058,33164000
2018-10-02,GOOGL,Alphabet,59.81284713745117,60.64889345720591,59.41760978235627,59.764804231646146,40180000
2018-10-03,GOOGL,Alphabet,60.0055046081543,60.13675535813761,59.5409236584379,60.02878164563622,26246000
2018-10-04,GOOGL,Alphabet,58.29875183105469,59.72666218717124,57.643983061136176,59.68357321238878,46576000
2018-10-05,GOOGL,Alphabet,57.841102600097656,58.54292421631404,57.1719708643086,58.245752760245765,31852000
2018-10-08,GOOGL,Alphabet,57.251220703125,58.238820910327995,56.234890734043184,57.45329639377264,46190000
2018-10-09,GOOGL,Alphabet,56.71877670288086,57.53005699594215,56.669248761973,57.0228821143696,33690000
2018-10-10,GOOGL,Alphabet,54.093265533447266,56.31512299838277,54.06107066993579,56.284413179631855,58980000
2018-10-11,GOOGL,Alphabet,54.02293014526367,55.276999393030934,53.28742868681119,53.44344529276769,67696000
2018-10-12,GOOGL,Alphabet,55.49889373779297,55.760900246281636,54.23541527447879,55.45431593978265,49370000
2018-10-15,GOOGL,Alphabet,54.602413177490234,55.561287179255366,54.393399768258355,55.37307950884132,30074000
2018-10-16,GOOGL,Alphabet,56.11997985839844,56.28293046363899,55.06353484272854,55.14921777234451,38378000
2018-10-17,GOOGL,Alphabet,55.84806823730469,56.80941746396931,55.17497262904208,56.46271807500473,35652000
2018-10-18,GOOGL,Alphabet,54.378055572509766,56.08382413316542,53.80500965830405,55.967431385065424,46152000
2018-10-19,GOOGL,Alphabet,54.738121032714844,55.51919026185957,54.33446474530004,54.665316059164006,41286000
2018-10-22,GOOGL,Alphabet,55.04471206665039,55.55584710408393,54.48157023135043,55.101173998912245,27116000
2018-10-23,GOOGL,Alphabet,55.22004699707031,55.37309353667749,53.44196830665813,54.05017923029182,37686000
2018-10-24,GOOGL,Alphabet,52.35778045654297,55.30474049255571,52.25575069560264,55.22450272566534,49286000
2018-10-25,GOOGL,Alphabet,54.65938186645508,55.36417358637315,53.27059661242936,53.50585719570887,72956000
2018-10-26,GOOGL,Alphabet,53.676727294921875,55.32355501761847,51.62029551026963,51.92242087508233,106438000
2018-10-29,GOOGL,Alphabet,51.24883270263672,54.91891126973534,49.88530837689526,54.310201598203996,81290000
2018-10-30,GOOGL,Alphabet,51.980865478515625,52.04971034304068,50.22061879116499,50.519770302765785,59768000
2018-10-31,GOOGL,Alphabet,54.01500701904297,54.87779911825938,52.906555267212084,52.906555267212084,70916000
2018-11-01,GOOGL,Alphabet,53.78717041015625,54.47660897793893,53.38301533365834,54.05561583850918,40132000
2018-11-02,GOOGL,Alphabet,53.069515228271484,54.38252173296216,52.879818678500634,53.93676261474303,43438000
2018-11-05,GOOGL,Alphabet,52.288936614990234,53.16163287516069,51.212679622643485,53.12101897596948,45358000
2018-11-06,GOOGL,Alphabet,52.97441101074219,53.48208093180129,52.18393264129936,52.25376753259809,28660000
2018-11-07,GOOGL,Alphabet,54.88968276977539,54.97338563416709,53.520214578919266,53.66384825588161,43388000
2018-11-08,GOOGL,Alphabet,54.21560287475586,54.88869852264013,53.706942883528534,54.8431344738312,33694000
2018-11-09,GOOGL,Alphabet,53.34340286254883,53.90456086399491,52.71141615898627,53.69010225537783,34860000
2018-11-12,GOOGL,Alphabet,51.97343063354492,53.19877386010736,51.52718038039128,53.1507309648231,34002000
2018-11-13,GOOGL,Alphabet,51.90459060668945,52.83077866272318,51.52966024987208,52.24336975838219,25750000
2018-11-14,GOOGL,Alphabet,52.23197555541992,52.78719336026628,51.56482391849371,52.500421013686946,34666000
2018-11-15,GOOGL,Alphabet,53.0477180480957,53.4350313497898,51.573741122642325,52.07745095531345,41584000
2018-11-16,GOOGL,Alphabet,52.91001892089844,53.1165534812939,52.2478175102476,52.75945127002997,35366000
2018-11-19,GOOGL,Alphabet,50.88677978515625,52.896657719941906,50.66142705236549,52.66832733982751,45684000
2018-11-20,GOOGL,Alphabet,51.03684616088867,51.37859538771627,49.63815696293914,49.88976057327847,54458000
2018-11-21,GOOGL,Alphabet,51.67973709106445,52.238420059518155,51.48310656298204,51.772849029769944,29698000
2018-11-23,GOOGL,Alphabet,51.01951599121094,51.6584366879738,50.94125828564646,51.18791176092487,14178000
2018-11-26,GOOGL,Alphabet,52.29933166503906,52.35182969416798,51.49845048129907,51.70795891914719,31558000
2018-11-27,GOOGL,Alphabet,52.11806106567383,52.83523948335219,51.7822595489403,52.0715069877795,33048000
2018-11-28,GOOGL,Alphabet,54.0749397277832,54.12793655522315,51.65595669272815,52.37462012399331,46042000
2018-11-29,GOOGL,Alphabet,54.21311950683594,54.48899394725155,53.59004691645843,53.66582575996788,31004000
2018-11-30,GOOGL,Alphabet,54.95951843261719,54.95951843261719,53.64849599115852,54.265129647334916,59668000
2018-12-03,GOOGL,Alphabet,55.291866302490234,56.21508058443638,55.06254588758644,56.074420754087555,57532000
2018-12-04,GOOGL,Alphabet,52.62275695800781,55.186858639231,52.53905409261525,55.12494776628658,45630000
2018-12-06,GOOGL,Alphabet,53.39590072631836,53.462270515050555,51.63268019915699,51.75749198017637,47436000
2018-12-07,GOOGL,Alphabet,51.83574676513672,53.7401259339629,51.47864449637659,53.106159162173384,42682000
2018-12-10,GOOGL,Alphabet,52.162635803222656,52.48060920556832,51.163147772127004,51.655460895725966,33652000
2018-12-11,GOOGL,Alphabet,52.58214569091797,53.01552182319118,52.01008980091573,52.84415218578602,33852000
2018-12-12,GOOGL,Alphabet,53.180450439453125,54.071964752835314,53.093278689920794,53.34637112739864,28960000
2018-12-13,GOOGL,Alphabet,53.171043395996094,53.90803378116927,52.747575090120165,53.276542045289816,24986000
2018-12-14,GOOGL,Alphabet,52.08982849121094,53.08089751742755,51.97393075752267,52.5014126277262,36358000
2018-12-17,GOOGL,Alphabet,50.799110412597656,52.61829777060275,50.35236134415142,51.8570404111921,49932000
2018-12-18,GOOGL,Alphabet,51.678741455078125,52.485067857632515,51.03833196178802,51.21267546091427,43640000
2018-12-19,GOOGL,Alphabet,51.28498840332031,53.27851940715812,50.491044885167376,51.87091228074411,58264000
2018-12-20,GOOGL,Alphabet,50.69658660888672,51.878342153937695,49.91799615528009,50.816444458375656,53674000
2018-12-21,GOOGL,Alphabet,49.0953254699707,51.39444695222503,48.597068364199366,51.115602387570746,104656000
2018-12-24,GOOGL,Alphabet,48.76942825317383,50.12898870005331,48.42223005816066,48.752091393737594,36360000
2018-12-26,GOOGL,Alphabet,51.89864730834961,51.928363317549355,49.16466109978086,49.429146429373695,46318000
2018-12-27,GOOGL,Alphabet,52.148773193359375,52.17056518841568,49.87540370180993,50.82635769589232,45996000
2018-12-28,GOOGL,Alphabet,51.840702056884766,52.709929426871135,51.60890658005902,52.47565887526268,34398000
2018-12-31,GOOGL,Alphabet,51.755516052246094,52.648519288110364,51.165133230578455,52.39294796896477,33110000
2019-01-02,GOOGL,Alphabet,52.236934661865234,52.53955507341007,50.780789555670246,50.87588533236922,31868000
2019-01-03,GOOGL,Alphabet,50.79019546508789,52.81047235393287,50.63665770148199,52.03832084396553,41960000
2019-01-04,GOOGL,Alphabet,53.395408630371094,53.49099942047258,51.35432968457756,51.63664314148045,46022000
2019-01-07,GOOGL,Alphabet,53.28892517089844,53.62472670398443,52.63118252404722,53.53904376829784,47446000
2019-01-08,GOOGL,Alphabet,53.75696563720703,54.15220293457674,52.913985451885345,53.78816669236628,35414000
2019-01-09,GOOGL,Alphabet,53.572723388671875,54.067515416043605,53.21215221506057,53.88673670363503,26998000
2019-01-10,GOOGL,Alphabet,53.43304443359375,53.481582343815184,52.73221293534237,53.24037783737263,26598000
2019-01-11,GOOGL,Alphabet,52.72181701660156,53.16262216456006,52.32360582708245,52.99075750720199,30864000
2019-01-14,GOOGL,Alphabet,52.079917907714844,52.423647167608756,51.933314151326556,52.17055475336604,28490000
2019-01-15,GOOGL,Alphabet,53.81342315673828,53.90059489979997,52.22503753740086,52.40185609794035,37518000
2019-01-16,GOOGL,Alphabet,53.962013244628906,54.598458866293974,53.887723216118594,53.986284091684944,38280000
2019-01-17,GOOGL,Alphabet,54.43798828125,54.51624220970342,53.65246001330726,53.88673434119636,24896000
2019-01-18,GOOGL,Alphabet,54.843135833740234,55.37309281763146,54.44591465862316,54.9070267738932,44892000
2019-01-22,GOOGL,Alphabet,53.42313766479492,54.430553442615526,53.0397845241094,54.28345088555543,39632000
2019-01-23,GOOGL,Alphabet,53.70941925048828,54.13239251034095,52.87535686802543,53.83076214878094,25194000
2019-01-24,GOOGL,Alphabet,53.689109802246094,53.88722535152357,52.99669729897395,53.61531101383912,29114000
2019-01-25,GOOGL,Alphabet,54.55635452270508,54.6479814012899,54.07543055106336,54.19578340832691,23260000
2019-01-28,GOOGL,Alphabet,53.484066009521484,54.15319776871378,53.224039559339644,53.98975591834081,29334000
2019-01-29,GOOGL,Alphabet,52.998680114746094,53.725267578606804,52.798584495404725,53.54250503965595,19704000
2019-01-30,GOOGL,Alphabet,54.382022857666016,54.4578017134471,53.32458398148559,53.36024395266371,29452000
2019-01-31,GOOGL,Alphabet,55.76387023925781,55.85203202645565,54.74160010020651,55.08780449698671,40232000
2019-02-01,GOOGL,Alphabet,55.40379333496094,56.18535766046908,55.18735467248871,55.58556205909414,33116000
2019-02-04,GOOGL,Alphabet,56.533042907714844,56.578610728490986,55.34881236981803,55.42310616899538,78408000
2019-02-05,GOOGL,Alphabet,57.050621032714844,57.09519882696969,55.6504467610193,55.94910324544131,82296000
2019-02-06,GOOGL,Alphabet,55.61528396606445,57.15612188924328,55.39091749879368,56.92185134438701,48256000
2019-02-07,GOOGL,Alphabet,54.77428436279297,55.075415915786344,54.164089681976776,55.066996883523366,38298000
2019-02-08,GOOGL,Alphabet,54.599449157714844,54.73416879704021,54.19628782710498,54.22798389842387,21766000
2019-02-11,GOOGL,Alphabet,54.586570739746094,55.146742492237834,54.481570891615064,54.66730351965466,18498000
2019-02-12,GOOGL,Alphabet,55.847572326660156,56.109083798353446,55.02687914972968,55.02687914972968,35036000
2019-02-13,GOOGL,Alphabet,55.89957046508789,56.60387083494993,55.7693097555357,56.11799294693533,28042000
2019-02-14,GOOGL,Alphabet,55.92780303955078,56.27103729841721,55.328011251969706,55.719783421674045,21106000
2019-02-15,GOOGL,Alphabet,55.45381164550781,56.42804249928842,55.309682961334424,56.42804249928842,27826000
2019-02-19,GOOGL,Alphabet,55.794578552246094,55.949601364041804,55.30573050553342,55.30573050553342,21980000
2019-02-20,GOOGL,Alphabet,55.50136947631836,56.01349836152531,55.06353818159713,55.911963611431155,24090000
2019-02-21,GOOGL,Alphabet,54.69009017944336,55.43005066469935,54.3815258030963,55.411723774189134,33272000
2019-02-22,GOOGL,Alphabet,55.301761627197266,55.33593654940632,54.506333133176156,54.96199624347031,29436000
2019-02-25,GOOGL,Alphabet,55.33990478515625,55.73960101249025,55.180423061926454,55.567736358161675,26208000
2019-02-26,GOOGL,Alphabet,55.57170104980469,55.791113608061224,54.81341744560428,55.1933017701827,35026000
2019-02-27,GOOGL,Alphabet,55.61528396606445,55.75594378447066,54.90553834356378,55.17546885796388,22092000
2019-02-28,GOOGL,Alphabet,55.79655075073242,56.16504587396825,55.393389470883804,55.42261046380801,27422000
2019-03-01,GOOGL,Alphabet,56.88469696044922,56.95800073084144,56.01695474562743,56.01695474562743,34086000
2019-03-04,GOOGL,Alphabet,57.12738800048828,57.72668474807139,56.37603477565312,57.18384992601264,35490000
2019-03-05,GOOGL,Alphabet,57.9084587097168,58.27001987356844,57.10758125238154,57.255175051686344,40094000
2019-03-06,GOOGL,Alphabet,57.697967529296875,58.18334669102742,57.60435680159309,58.03575288271264,23602000
2019-03-07,GOOGL,Alphabet,57.00010681152344,57.63060849415592,56.54741374521215,57.47806075553333,30086000
2019-03-08,GOOGL,Alphabet,56.956520080566406,57.12887974533633,55.977335200557874,56.16059275130759,23694000
2019-03-11,GOOGL,Alphabet,58.407222747802734,58.43941383697784,57.03577049822834,57.057067478929234,30032000
2019-03-12,GOOGL,Alphabet,59.29823684692383,59.71724999224777,58.55778518124148,58.55778518124148,42220000
2019-03-13,GOOGL,Alphabet,59.38788604736328,59.787087274672785,59.33092909666815,59.72815026412466,25888000
2019-03-14,GOOGL,Alphabet,59.064456939697266,59.667222610366615,59.00007099315597,59.38589921497645,27302000
2019-03-15,GOOGL,Alphabet,58.95401382446289,59.5196307590718,58.79106321470407,59.33538694879374,51886000
2019-03-18,GOOGL,Alphabet,58.86734390258789,59.18432731181584,58.51717559600114,58.92380584022568,24442000
2019-03-19,GOOGL,Alphabet,59.556278228759766,59.60333109562335,58.91240365468693,59.024337482363876,29788000
2019-03-20,GOOGL,Alphabet,60.74348449707031,60.919808065668605,59.414135080796434,59.503781909938475,41508000
2019-03-21,GOOGL,Alphabet,61.22391128540039,61.239264305699706,60.25562429558557,60.42501387002743,28150000
2019-03-22,GOOGL,Alphabet,59.8133430480957,61.10009865170029,59.73162022762978,60.86335300284328,34422000
2019-03-25,GOOGL,Alphabet,59.3046760559082,59.901992830501676,58.93915475294564,59.41264977385646,27576000
2019-03-26,GOOGL,Alphabet,58.93122863769531,59.81333390286845,58.531037409094154,59.69149221330397,30752000
2019-03-27,GOOGL,Alphabet,58.345298767089844,59.03424233463008,57.662790392947635,59.03424233463008,29428000
2019-03-28,GOOGL,Alphabet,58.06100845336914,58.30766192607468,57.62317718943599,58.22098896741661,22402000
2019-03-29,GOOGL,Alphabet,58.28982925415039,58.640492516956506,57.76928141317817,58.45277606627903,30890000
2019-04-01,GOOGL,Alphabet,59.3839225769043,59.444344628932846,58.75886986319586,58.81731185548313,27706000
2019-04-02,GOOGL,Alphabet,59.70882797241211,59.722200932697056,59.00056742844812,59.43691363244474,18288000
2019-04-03,GOOGL,Alphabet,59.9698486328125,60.454732784030405,59.686050136151295,60.063455582632635,22180000
2019-04-04,GOOGL,Alphabet,60.39777755737305,60.45225943372563,59.882183570633956,59.99362239817688,21022000
2019-04-05,GOOGL,Alphabet,60.00154495239258,60.44433394069537,59.93121504131387,60.3903470806276,20012000
2019-04-08,GOOGL,Alphabet,59.844539642333984,60.12536426025806,59.667226048250946,59.98470444382836,21750000
2019-04-09,GOOGL,Alphabet,59.56766891479492,59.78856648653898,59.354200345515004,59.52804882789943,19668000
2019-04-10,GOOGL,Alphabet,59.753902435302734,59.87722917859246,59.467133842961,59.686546391575085,15510000
2019-04-11,GOOGL,Alphabet,59.909420013427734,60.065436627525045,59.65930143893356,59.87524508952984,16998000
2019-04-12,GOOGL,Alphabet,60.56022644042969,60.5760744751143,60.09267540857569,60.208074343061426,24312000
2019-04-15,GOOGL,Alphabet,60.74843215942383,60.88562686056802,60.15557435661403,60.6275805073459,23796000
2019-04-16,GOOGL,Alphabet,61.0149040222168,61.21648468997316,60.67463981516365,60.92030326457273,22622000
2019-04-17,GOOGL,Alphabet,61.42251968383789,61.668183114900266,61.06393239296706,61.26699809040539,30366000
2019-04-18,GOOGL,Alphabet,61.48839569091797,61.70978828077709,61.38636593586521,61.66323042691964,24750000
2019-04-22,GOOGL,Alphabet,62.097103118896484,62.125829100059825,61.08721219258896,61.25065781074722,19084000
2019-04-23,GOOGL,Alphabet,62.930667877197266,63.12085940891058,62.00844375608497,62.239744198104034,31868000
2019-04-24,GOOGL,Alphabet,62.40863037109375,63.09955777797284,62.396746235292945,62.93066323623899,23396000
2019-04-25,GOOGL,Alphabet,62.76969909667969,63.040124601895386,62.30710200628619,62.91630286005359,31344000
2019-04-26,GOOGL,Alphabet,63.268951416015625,63.3427502080742,62.653806553854444,63.068855797179076,27228000
2019-04-29,GOOGL,Alphabet,64.19908905029297,64.23723164551112,62.98613260566754,63.42198374101991,72368000
2019-04-30,GOOGL,Alphabet,59.382930755615234,59.482976671890924,58.592452387597895,58.97035660254346,133178000
2019-05-01,GOOGL,Alphabet,58.11301803588867,59.39729845052437,58.03179023763343,59.31062170897344,74340000
2019-05-02,GOOGL,Alphabet,57.77573013305664,58.41316583584083,57.370584933309104,58.07736052076985,45098000
2019-05-03,GOOGL,Alphabet,58.916866302490234,59.00849318877649,58.12440785406061,58.31558564430642,41588000
2019-05-06,GOOGL,Alphabet,59.11052322387695,59.208094068561614,58.006031540219304,58.047635467254594,31774000
2019-05-07,GOOGL,Alphabet,58.38740921020508,59.175408810740414,57.700940581769316,58.731633554371605,36604000
2019-05-08,GOOGL,Alphabet,57.98721694946289,58.65535867616848,57.83120032420148,58.309645514268155,25520000
2019-05-09,GOOGL,Alphabet,57.8480339050293,58.15015927532852,57.187816247709954,57.58206729687322,29556000
2019-05-10,GOOGL,Alphabet,57.831695556640625,58.259622770620325,56.77822057310568,57.891131361425664,31650000
2019-05-13,GOOGL,Alphabet,56.293827056884766,57.0555795094131,55.744556942966774,56.722253060102986,45626000
2019-05-14,GOOGL,Alphabet,55.71285629272461,56.70392535711721,55.64698151625123,56.57762852616041,40392000
2019-05-15,GOOGL,Alphabet,57.988197326660156,58.35966254117008,55.54147857122479,55.598435512735904,59302000
2019-05-16,GOOGL,Alphabet,58.666748046875,59.14519701770238,57.871814468235996,58.0397152321266,35308000
2019-05-17,GOOGL,Alphabet,57.888153076171875,58.75540033970003,57.77126531413099,58.23733131750474,25362000
2019-05-20,GOOGL,Alphabet,56.69352340698242,57.106592583399674,56.370596071531864,57.106592583399674,30602000
2019-05-21,GOOGL,Alphabet,57.177913665771484,57.35423723179189,56.62665973791251,57.17989372553306,20562000
2019-05-22,GOOGL,Alphabet,57.24774932861328,57.6405115698009,57.00753482339587,57.01991775455204,18826000
2019-05-23,GOOGL,Alphabet,56.727203369140625,56.96048389431308,56.12394639269038,56.76336213394787,25214000
2019-05-24,GOOGL,Alphabet,56.39387130737305,57.17394679556535,56.2997655712298,57.05705903712818,18554000
2019-05-28,GOOGL,Alphabet,56.440921783447266,57.27944300469106,56.39683900673187,56.53601754538963,20948000
2019-05-29,GOOGL,Alphabet,55.46917724609375,56.21507788053336,55.07344112573063,56.101160201037274,36230000
2019-05-30,GOOGL,Alphabet,55.5419807434082,55.80894117082196,55.269076357887755,55.479574851397985,18088000
2019-05-31,GOOGL,Alphabet,54.80350875854492,55.14525422806117,54.64749214021227,54.760914800933854,31582000
2019-06-03,GOOGL,Alphabet,51.44743728637695,52.847116433578314,50.867457442722504,52.84365132938813,96890000
2019-06-04,GOOGL,Alphabet,52.22751235961914,52.42315282099511,51.31321231724133,51.73222540953857,60512000
2019-06-05,GOOGL,Alphabet,51.739662170410156,52.342427899855494,51.163151127283896,52.25278106936707,46988000
2019-06-06,GOOGL,Alphabet,51.894195556640625,52.00513937028514,51.28746968640201,51.817426669787686,29020000
2019-06-07,GOOGL,Alphabet,52.914974212646484,53.165591571456794,52.06208997056397,52.21711654901415,43828000
2019-06-10,GOOGL,Alphabet,53.6276969909668,54.22600379210767,53.25722176188003,53.342409676901475,28510000
2019-06-11,GOOGL,Alphabet,53.54249954223633,54.68017601413665,53.46969456608734,54.33248284600479,33508000
2019-06-12,GOOGL,Alphabet,53.44641876220703,53.61580454806325,52.975893873324885,53.488517701220644,23670000
2019-06-13,GOOGL,Alphabet,54.03630447387695,54.3126739472221,53.61828515943939,53.724275032800136,20814000
2019-06-14,GOOGL,Alphabet,53.80302810668945,54.22204126191132,53.564302421133014,53.97340771977123,24582000
2019-06-17,GOOGL,Alphabet,54.178951263427734,54.54496758160116,53.88722875326578,53.941710627224865,19770000
2019-06-18,GOOGL,Alphabet,54.74110412597656,55.41172091315282,54.520701551214316,55.05115353125742,34526000
2019-06-19,GOOGL,Alphabet,54.70493698120117,54.94862033648838,54.2849338603598,54.8401516180676,26714000
2019-06-20,GOOGL,Alphabet,55.135353088378906,55.60686807310888,54.82827376352912,55.5563463162241,24018000
2019-06-21,GOOGL,Alphabet,55.73811340332031,55.797545423876116,54.96298805282617,54.96992204047367,50774000
2019-06-24,GOOGL,Alphabet,55.3087043762207,55.64896860749552,55.140803606753266,55.47215001082886,24236000
2019-06-25,GOOGL,Alphabet,53.86642074584961,55.259165922689526,53.71882317627778,55.22845988453436,31644000
2019-06-26,GOOGL,Alphabet,53.5068473815918,54.23987385008098,53.1784748612079,54.03581432366244,34698000
2019-06-27,GOOGL,Alphabet,53.32408905029297,53.91001294767816,53.2854552105242,53.82532004365454,24078000
2019-06-28,GOOGL,Alphabet,53.629676818847656,53.629676818847656,53.18391775426052,53.35380234736618,33672000
2019-07-01,GOOGL,Alphabet,54.481571197509766,54.90702331422971,54.25027074261955,54.53307920261683,29196000
2019-07-02,GOOGL,Alphabet,55.10563278198242,55.1199957724804,54.46522705253358,54.72079457064714,20630000
2019-07-03,GOOGL,Alphabet,55.620235443115234,55.86787893797962,55.21707035221,55.39784904541384,20154000
2019-07-05,GOOGL,Alphabet,56.09967041015625,56.19773626639977,55.348320895974794,55.440937809373715,29794000
2019-07-08,GOOGL,Alphabet,55.31315612792969,55.829245080339426,55.06402758839945,55.762875293624795,29888000
2019-07-09,GOOGL,Alphabet,55.68461990356445,55.8614384726801,54.83569578883825,54.99270242544533,29472000
2019-07-10,GOOGL,Alphabet,56.507789611816406,56.578614532807784,56.00011969183187,56.08233751346823,30710000
2019-07-11,GOOGL,Alphabet,56.664791107177734,57.118474159996595,56.43943840423294,56.7678108891987,26004000
2019-07-12,GOOGL,Alphabet,56.727203369140625,56.834187061190235,56.39140184407421,56.60784052425284,21878000
2019-07-15,GOOGL,Alphabet,56.9832649230957,56.991683955517104,56.46271705537778,56.72719861607751,21164000
2019-07-16,GOOGL,Alphabet,57.1293830871582,57.382970582586594,56.7960528312055,56.7960528312055,25352000
2019-07-17,GOOGL,Alphabet,56.79654312133789,57.3760280034177,56.790599163439744,57.00357272421351,19538000
2019-07-18,GOOGL,Alphabet,56.82130813598633,56.86737097801879,56.109087419897726,56.56177670723543,25450000
2019-07-19,GOOGL,Alphabet,56.0442008972168,57.036259960007996,56.02934289154562,56.92432612379443,23184000
2019-07-22,GOOGL,Alphabet,56.42359161376953,56.46371049735105,55.730192806459634,56.23835399560529,28914000
2019-07-23,GOOGL,Alphabet,56.861427307128906,56.901546191159234,56.10859268845329,56.6335957280726,20648000
2019-07-24,GOOGL,Alphabet,56.44934844970703,56.73314695049494,55.89363558592651,56.0972000969505,27192000
2019-07-25,GOOGL,Alphabet,56.26163864135742,56.64053293639598,55.655902784281786,56.4107175057023,54762000
2019-07-26,GOOGL,Alphabet,61.67413330078125,62.82171023894311,60.82124897218375,60.82124897218375,121216000
2019-07-29,GOOGL,Alphabet,61.506717681884766,61.86084983922618,60.930202908884525,61.53940755984886,41382000
2019-07-30,GOOGL,Alphabet,60.821250915527344,61.26255110027113,60.6885113266274,60.7717191878087,28616000
2019-07-31,GOOGL,Alphabet,60.33586120605469,61.163484590606885,59.83958418427697,60.666217538983844,39960000
2019-08-01,GOOGL,Alphabet,60.01789093017578,61.23233264202327,59.78114152891506,60.30763338210096,35426000
2019-08-02,GOOGL,Alphabet,59.25218200683594,59.90496695041743,58.939158718211765,59.58303339217574,34910000
2019-08-05,GOOGL,Alphabet,57.193260192871094,58.28933272991947,56.598917360237515,58.09567232675282,47840000
2019-08-06,GOOGL,Alphabet,58.00206756591797,58.51320257230716,57.529067600740014,57.72668813039375,36014000
2019-08-07,GOOGL,Alphabet,58.241302490234375,58.4374342316999,56.99961595389634,57.34433532517667,30686000
2019-08-08,GOOGL,Alphabet,59.741024017333984,59.74547915169052,58.14669429482071,58.762334158803085,30116000
2019-08-09,GOOGL,Alphabet,58.884674072265625,59.655340561883605,58.68606349165527,59.43394795710088,20418000
2019-08-12,GOOGL,Alphabet,58.17145538330078,58.7217192586573,57.88518183118169,58.4438647389188,22064000
2019-08-13,GOOGL,Alphabet,59.27247619628906,59.703377223142205,58.09666842906615,58.164024464631794,28434000
2019-08-14,GOOGL,Alphabet,57.66378402709961,58.58204417821263,57.506282385753714,58.24921280253194,35430000
2019-08-15,GOOGL,Alphabet,57.91489791870117,58.26655122813424,57.60187844552222,57.87081891831931,28506000
2019-08-16,GOOGL,Alphabet,58.40473556518555,58.634055949053966,58.09716503698395,58.48299326699837,24916000
2019-08-19,GOOGL,Alphabet,59.45623016357422,59.899514131027765,58.95896311915331,59.02978803946685,24450000
2019-08-20,GOOGL,Alphabet,58.618709564208984,59.33539304455891,58.594937507735466,59.20414227209804,20206000
2019-08-21,GOOGL,Alphabet,59.01740646362305,59.46217548603108,58.83613275315723,59.22740993354587,14152000
2019-08-22,GOOGL,Alphabet,59.014442443847656,59.37401981220162,58.38988469151701,59.12736631862318,17352000
2019-08-23,GOOGL,Alphabet,57.13532257080078,59.219985517577456,56.95800896601659,58.69993261986993,36254000
2019-08-26,GOOGL,Alphabet,58.007022857666016,58.04070276773835,57.19822133720337,57.42605291108327,21166000
2019-08-27,GOOGL,Alphabet,57.98918914794922,58.69150570578773,57.67913977806216,58.59244982368734,23460000
2019-08-28,GOOGL,Alphabet,58.13430404663086,58.369564585214384,57.465667439542095,57.69448900612565,16810000
2019-08-29,GOOGL,Alphabet,59.14916229248047,59.394326963213764,58.705383252782745,58.761845190361306,19636000
2019-08-30,GOOGL,Alphabet,58.965396881103516,59.45176977566368,58.72716247191066,59.45176977566368,18064000
2019-09-03,GOOGL,Alphabet,57.926292419433594,58.89358560986909,57.63704499067827,58.53549331783556,25908000
2019-09-04,GOOGL,Alphabet,58.55629348754883,58.6855641775209,58.02435650134425,58.416623705533404,21312000
2019-09-05,GOOGL,Alphabet,60.03819274902344,60.12783957065317,59.07238087972799,59.120423776802696,26394000
2019-09-06,GOOGL,Alphabet,59.74746322631836,60.07583572599025,59.59590174657912,59.88713301150677,18972000
2019-09-09,GOOGL,Alphabet,59.69546127319336,60.452259809745804,59.09616440832748,59.785108106500914,31854000
2019-09-10,GOOGL,Alphabet,59.71675491333008,59.92972847973825,59.23682092181226,59.24078482009586,27922000
2019-09-11,GOOGL,Alphabet,60.425010681152344,60.54734737964081,59.54736059340152,59.627103337747535,23522000
2019-09-12,GOOGL,Alphabet,61.16646194458008,61.535448356203645,60.55180830394123,60.59688111565111,31644000
2019-09-13,GOOGL,Alphabet,61.417076110839844,61.46759786621537,60.775680320717825,61.02480887794694,23676000
2019-09-16,GOOGL,Alphabet,61.001033782958984,61.367050090007304,60.682066566772484,60.942092997539106,28218000
2019-09-17,GOOGL,Alphabet,60.91435241699219,61.16793985564645,60.59093009100881,61.00102914690697,20806000
2019-09-18,GOOGL,Alphabet,61.051551818847656,61.22936042640877,60.2501793262344,60.932188981834784,17440000
2019-09-19,GOOGL,Alphabet,61.35367965698242,61.63054416428074,61.03471620639554,61.035211221346685,16554000
2019-09-20,GOOGL,Alphabet,60.91238021850586,61.55427102564121,60.602330812102906,61.10058792815853,37692000
2019-09-23,GOOGL,Alphabet,61.152587890625,61.39973636118914,60.61222811246321,60.750412844824034,20798000
2019-09-24,GOOGL,Alphabet,60.34230041503906,61.76773556719349,59.96142610732814,61.415587240068895,35804000
2019-09-25,GOOGL,Alphabet,61.70979309082031,61.81281288374729,59.89010675908413,60.227397105585325,26798000
2019-09-26,GOOGL,Alphabet,61.52901077270508,61.646892350996254,61.010446701925005,61.521581769534144,23166000
2019-09-27,GOOGL,Alphabet,60.71970748901367,61.662733559746755,60.18727172202883,61.555749879946646,34122000
2019-09-30,GOOGL,Alphabet,60.48147964477539,60.792024068700115,60.099120264087766,60.45473372191468,24470000
2019-10-01,GOOGL,Alphabet,59.73160934448242,61.061952477190204,59.70932233716347,60.548338606588864,24504000
2019-10-02,GOOGL,Alphabet,58.340850830078125,59.37302883837939,58.078844318873514,59.26109499533884,33030000
2019-10-03,GOOGL,Alphabet,58.910926818847656,58.988685735426444,57.60881827836499,58.60929643698019,28368000
2019-10-04,GOOGL,Alphabet,59.97727584838867,60.05156965533059,58.98719684740841,59.151632496809995,24282000
2019-10-07,GOOGL,Alphabet,59.84305191040039,60.37102880405795,59.650385292328075,59.781141033696585,17040000
2019-10-08,GOOGL,Alphabet,58.945587158203125,59.77469553330742,58.913392296636005,59.373514305272415,20086000
2019-10-09,GOOGL,Alphabet,59.553306579589844,59.8534518859047,59.34132305272396,59.50031353192826,15948000
2019-10-10,GOOGL,Alphabet,59.90346908569336,60.20806949701142,59.32844318297883,59.365093177264505,12842000
2019-10-11,GOOGL,Alphabet,60.2125358581543,60.858390533710576,60.11001108570673,60.62461500768076,22330000
2019-10-14,GOOGL,Alphabet,60.3145637512207,60.71624001723558,60.0228412570052,60.12239215803119,13296000
2019-10-15,GOOGL,Alphabet,61.52653503417969,61.76872960391588,60.47058499923212,60.49931098168188,27584000
2019-10-16,GOOGL,Alphabet,61.56417465209961,62.11839865013848,61.342778283098,61.50523386760247,22986000
2019-10-17,GOOGL,Alphabet,62.04955291748047,62.591892771014635,61.90443419353795,61.98021304183353,20958000
2019-10-18,GOOGL,Alphabet,61.63400650024414,62.31254722777106,61.42251799762549,62.143161442708454,31624000
2019-10-21,GOOGL,Alphabet,61.62757110595703,62.084719280696554,61.41509256120461,61.84648862350437,18094000
2019-10-22,GOOGL,Alphabet,61.47502136230469,61.847971642306,61.4081565619093,61.6374731641582,22862000
2019-10-23,GOOGL,Alphabet,62.28877639770508,62.309083345163565,61.425988085022944,61.425988085022944,21282000
2019-10-24,GOOGL,Alphabet,62.36207580566406,62.54978846873552,62.02726059285613,62.36207580566406,20224000
2019-10-25,GOOGL,Alphabet,62.61913299560547,62.80239053844367,61.86877352364735,62.009928347919384,27104000
2019-10-28,GOOGL,Alphabet,63.84149169921875,64.34965656889797,63.015852263128416,63.149083055626555,65428000
2019-10-29,GOOGL,Alphabet,62.43885040283203,63.43635836701717,62.188728055352335,63.19861894999268,52654000
2019-10-30,GOOGL,Alphabet,62.440834045410156,62.803385260148524,61.94307195396358,62.16594959998681,29204000
2019-10-31,GOOGL,Alphabet,62.34672927856445,62.72909243340276,61.88512216475755,62.406165081845984,31904000
2019-11-01,GOOGL,Alphabet,63.01289367675781,63.05004247245502,62.3918048093002,62.6934351947074,28812000
2019-11-04,GOOGL,Alphabet,63.87270736694336,64.01584603834215,63.20407065923479,63.20407065923479,30632000
2019-11-05,GOOGL,Alphabet,63.96335220336914,64.25061961188125,63.861326210500934,63.95146428582976,25148000
2019-11-06,GOOGL,Alphabet,63.942039489746094,64.0401053384667,63.50916220221379,63.89647544828982,24626000
2019-11-07,GOOGL,Alphabet,64.73104095458984,65.50913642827285,64.07775726396068,64.10400439218024,45140000
2019-11-08,GOOGL,Alphabet,64.83306884765625,65.23474892425246,64.46259360711396,64.46259360711396,30392000
2019-11-11,GOOGL,Alphabet,64.3021240234375,64.63000529696797,64.18276118295945,64.58542372194074,17234000
2019-11-12,GOOGL,Alphabet,64.24911499023438,64.85039558450602,64.10201621713067,64.31647480140748,28852000
2019-11-13,GOOGL,Alphabet,64.19810485839844,64.51211812874304,63.99850426915484,64.04951725531191,20538000
2019-11-14,GOOGL,Alphabet,64.84049987792969,65.16590987376797,64.0871702206033,64.13967203771251,28948000
2019-11-15,GOOGL,Alphabet,66.04849243164062,66.04849243164062,64.97619204091342,65.13270742010488,39286000
2019-11-18,GOOGL,Alphabet,65.36995697021484,66.0673234323265,65.18769322633246,65.98906572747507,27984000
2019-11-19,GOOGL,Alphabet,65.01087951660156,65.70625837315804,64.9702656186846,65.70625837315804,21864000
2019-11-20,GOOGL,Alphabet,64.47943115234375,65.04157913718234,63.852893443632446,64.94995225781228,28892000
2019-11-21,GOOGL,Alphabet,64.3942642211914,64.93808549580481,63.92918434934346,64.35018142991288,25546000
2019-11-22,GOOGL,Alphabet,64.07379913330078,64.72906290404325,63.86033054513424,64.53590126540597,27776000
2019-11-25,GOOGL,Alphabet,64.66665649414062,64.90291089728889,64.16988817490127,64.20208304254504,23590000
2019-11-26,GOOGL,Alphabet,65.03118133544922,65.08120429211198,64.58740614051993,64.87813481854676,21910000
2019-11-27,GOOGL,Alphabet,64.98809051513672,65.26099866465015,64.85634852897411,65.15104489246795,18808000
2019-11-29,GOOGL,Alphabet,64.58988189697266,64.88011935887761,64.54728793969487,64.71420244296621,12802000
2019-12-02,GOOGL,Alphabet,63.8355598449707,64.65674803317151,63.415552909887005,64.51410060357718,26538000
2019-12-03,GOOGL,Alphabet,64.12678527832031,64.25011578582901,63.25062401065645,63.33036297656885,25270000
2019-12-04,GOOGL,Alphabet,65.32540130615234,65.5893917123479,64.53838779580374,64.68945430490578,35506000
2019-12-05,GOOGL,Alphabet,65.72260284423828,65.7731245967192,65.09656388982363,65.72458290394658,24408000
2019-12-06,GOOGL,Alphabet,66.33822631835938,66.49077401049136,65.93407507079228,66.00935510850972,32968000
2019-12-09,GOOGL,Alphabet,66.51654052734375,67.23768274471344,66.17380129069844,66.31198979684073,30842000
2019-12-10,GOOGL,Alphabet,66.51160430908203,66.7646967811341,66.07129036699067,66.36549553419528,17606000
2019-12-11,GOOGL,Alphabet,66.57896423339844,66.85830383642757,66.4229476010481,66.7795548871401,20480000
2019-12-12,GOOGL,Alphabet,66.7889633178711,67.09058992873814,66.27931705166803,66.52745181438002,29114000
2019-12-13,GOOGL,Alphabet,66.7087173461914,66.93060495127669,66.45067475804319,66.75973033441775,33170000
2019-12-16,GOOGL,Alphabet,67.39372253417969,67.53388359060759,66.89397649636284,67.11140524614342,28128000
2019-12-17,GOOGL,Alphabet,67.1059341430664,67.57348515426513,66.90187464587285,67.47838939287901,32948000
2019-12-18,GOOGL,Alphabet,66.95834350585938,67.33079879423406,66.88653233060347,67.21044592473815,23330000
2019-12-19,GOOGL,Alphabet,67.18270111083984,67.23669174106031,66.80182683995224,66.9583346732719,28922000
2019-12-20,GOOGL,Alphabet,66.9241714477539,67.55714821487466,66.89990437833447,67.51257419574173,50090000
2019-12-23,GOOGL,Alphabet,66.89495086669922,67.45065992674316,66.7646901418496,67.29613213369372,19936000
2019-12-24,GOOGL,Alphabet,66.5878677368164,66.9633006692763,66.57499734842783,66.87414507807253,13468000
2019-12-26,GOOGL,Alphabet,67.48136138916016,67.51752392838698,66.64135510441135,66.69286688442598,23662000
2019-12-27,GOOGL,Alphabet,67.09356689453125,67.70821679086582,67.01233909315656,67.55715031136462,23212000
2019-12-30,GOOGL,Alphabet,66.35409545898438,67.21044867126749,66.26147853741799,67.20103960824423,19994000
2019-12-31,GOOGL,Alphabet,66.33822631835938,66.40112720721815,65.978649075657,66.15992274142255,19514000
2020-01-02,GOOGL,Alphabet,67.78894805908203,67.78894805908203,66.68990896520182,66.7850047466292,27278000
2020-01-03,GOOGL,Alphabet,67.4343032836914,68.04004277301541,66.73099674208892,66.76468042543556,23408000
2020-01-06,GOOGL,Alphabet,69.2317123413086,69.25696943800752,66.91327410590613,66.94447138154142,46768000
2020-01-07,GOOGL,Alphabet,69.09796905517578,69.5135169866353,68.92214432797007,69.36294935112619,34330000
2020-01-08,GOOGL,Alphabet,69.58980560302734,69.92709593901122,68.97515574809637,69.08362070220888,35314000
2020-01-09,GOOGL,Alphabet,70.32035064697266,70.76065695432445,69.84586186029246,70.4263367380851,33200000
2020-01-10,GOOGL,Alphabet,70.77452087402344,71.07070603223812,70.310937556679,70.79978552621174,26258000
2020-01-13,GOOGL,Alphabet,71.32280731201172,71.39461847604957,70.596714973967,71.08605417206077,30730000
2020-01-14,GOOGL,Alphabet,70.85527038574219,71.45159337277671,70.71559303390933,71.32133264146023,26076000
2020-01-15,GOOGL,Alphabet,71.28170013427734,71.35995783382089,70.90825484550432,70.97561465970341,21550000
2020-01-16,GOOGL,Alphabet,71.82453155517578,71.85127747220866,71.32131683756202,71.59124730341786,26080000
2020-01-17,GOOGL,Alphabet,73.27869415283203,73.3297071376885,72.14102145826104,72.43769786322783,52424000
2020-01-21,GOOGL,Alphabet,73.41392517089844,73.79182942757238,72.8175946118009,73.25295083550218,48930000
2020-01-22,GOOGL,Alphabet,73.494140625,74.32176770966639,73.43421737387162,73.78438560666041,28458000
2020-01-23,GOOGL,Alphabet,73.53475952148438,73.97111327468183,73.31832086517792,73.6764169178253,26650000
2020-01-24,GOOGL,Alphabet,72.61750030517578,74.00578676014383,72.4694039216118,73.93743690849286,29786000
2020-01-27,GOOGL,Alphabet,70.91172790527344,71.15194240324553,70.30598833544614,70.90231884282338,34132000
2020-01-28,GOOGL,Alphabet,71.84139251708984,72.05436233405187,70.84388058874285,71.40751752802703,29724000
2020-01-29,GOOGL,Alphabet,72.1484603881836,72.51695556905503,71.58829239250339,72.2356283657092,21566000
2020-01-30,GOOGL,Alphabet,72.0271224975586,72.07664666926648,71.07369339178243,71.22723117179423,27110000
2020-01-31,GOOGL,Alphabet,70.96372985839844,72.79084128159816,70.68042261440853,72.70119445661328,43822000
2020-02-03,GOOGL,Alphabet,73.43124389648438,73.61450521558089,72.1439935373326,72.39361708344823,71636000
2020-02-04,GOOGL,Alphabet,71.58927917480469,72.67544019107511,70.43129942671113,72.03900213330179,95880000
2020-02-05,GOOGL,Alphabet,71.6209716796875,72.5387368823494,70.81019015766002,72.49069398479408,36376000
2020-02-06,GOOGL,Alphabet,73.10287475585938,73.37974302803424,71.84039019914903,71.91468022550302,37822000
2020-02-07,GOOGL,Alphabet,73.2583999633789,73.56250542339373,72.57985912931318,72.67792499698265,28360000
2020-02-10,GOOGL,Alphabet,74.72196960449219,74.73286749079695,73.06474269563836,73.16528741089394,38302000
2020-02-11,GOOGL,Alphabet,74.79130554199219,75.77296925292642,74.56297896523482,74.95029224248354,34852000
2020-02-12,GOOGL,Alphabet,75.21576690673828,75.29847595966785,74.72246000606891,75.07856842840461,31042000
2020-02-13,GOOGL,Alphabet,74.95623779296875,75.57831660153852,74.49115806314995,74.78833327132581,22914000
2020-02-14,GOOGL,Alphabet,75.22071838378906,75.2860981379491,74.56792598694696,75.01269876371568,23198000
2020-02-18,GOOGL,Alphabet,75.25588989257812,75.80664880823156,74.83836179261236,75.00329623708271,25642000
2020-02-19,GOOGL,Alphabet,75.52481842041016,75.81555463165635,75.33215561216218,75.64022112240468,22746000
2020-02-20,GOOGL,Alphabet,75.13452911376953,75.6337761266439,74.50402381873347,75.23457501077878,25962000
2020-02-21,GOOGL,Alphabet,73.47383880615234,74.83538676344855,73.22768413990144,74.51988466489536,42520000
2020-02-24,GOOGL,Alphabet,70.32381439208984,71.14203248501451,69.67647847176895,70.48181106187245,49560000
2020-02-25,GOOGL,Alphabet,68.66263580322266,71.1653181693282,68.37041825916344,70.87557947889884,51580000
2020-02-26,GOOGL,Alphabet,68.86817169189453,70.0172411870808,68.17873301777479,69.0915481294338,49776000
2020-02-27,GOOGL,Alphabet,65.12776184082031,67.82460319145274,65.09259688693432,67.31643824425866,62290000
2020-02-28,GOOGL,Alphabet,66.33131408691406,66.4898019996538,62.81279324582793,63.1149186231393,80198000
2020-03-02,GOOGL,Alphabet,68.66263580322266,68.71958897686436,65.63544161250786,66.93260002156951,55430000
2020-03-03,GOOGL,Alphabet,66.25553131103516,69.74581720018458,65.83552438581239,69.22527312469211,56602000
2020-03-04,GOOGL,Alphabet,68.4288558959961,68.48729788958772,66.21987248090595,67.30752234405442,47598000
2020-03-05,GOOGL,Alphabet,65.11834716796875,67.04353186949021,64.46853243135237,66.64333311435507,54380000
2020-03-06,GOOGL,Alphabet,64.17632293701172,64.52351357609537,62.26797984013897,62.898976532107014,64640000
2020-03-09,GOOGL,Alphabet,60.216487884521484,62.0460778350196,59.3373528711933,59.68009207498132,69252000
2020-03-10,GOOGL,Alphabet,63.15751266479492,63.19119257438766,60.15310073180695,62.12830858804805,54872000
2020-03-11,GOOGL,Alphabet,59.974300384521484,62.254108628293366,58.99561431064682,61.82519142092742,54732000
2020-03-12,GOOGL,Alphabet,55.05363082885742,58.877247417138825,54.901083084204004,55.60191470564654,94326000
2020-03-13,GOOGL,Alphabet,60.141212463378906,60.1476514358914,55.09027308239977,58.19572453085053,79400000
2020-03-16,GOOGL,Alphabet,53.1442985534668,56.73364061109453,52.851087217946215,53.966968053514314,96520000
2020-03-17,GOOGL,Alphabet,55.37605285644531,55.76931006166168,51.960555968807775,54.017977635706046,83194000
2020-03-18,GOOGL,Alphabet,54.04521942138672,54.7287140658497,51.361256241199044,52.497447671365784,93044000
2020-03-19,GOOGL,Alphabet,55.0595703125,57.08727618463089,52.28001988640102,53.89812168289887,74064000
2020-03-20,GOOGL,Alphabet,52.90705108642578,56.387432973532285,52.604430705586964,56.01200383327532,82878000
2020-03-23,GOOGL,Alphabet,52.209693908691406,52.84267068733481,49.96802427494903,52.320637722320264,83672000
2020-03-24,GOOGL,Alphabet,55.96792984008789,56.13236549808536,53.80946810012896,54.67869926293057,72468000
2020-03-25,GOOGL,Alphabet,54.561805725097656,56.76830635581519,53.64007662230573,55.69898345564313,90324000
2020-03-26,GOOGL,Alphabet,57.5979118347168,58.02187886874352,54.08682406987629,55.210628806623966,76562000
2020-03-27,GOOGL,Alphabet,54.98973846435547,57.01001544559556,54.67968905458534,55.84212777842716,62794000
2020-03-30,GOOGL,Alphabet,56.775245666503906,57.00753615927192,54.40678424766814,56.09818990150613,58736000
2020-03-31,GOOGL,Alphabet,57.54987716674805,58.11697916199635,56.30026667134477,56.895108398511475,65228000
2020-04-01,GOOGL,Alphabet,54.5855712890625,55.93869628018109,54.15912921845238,55.67025085880803,51970000
2020-04-02,GOOGL,Alphabet,55.325042724609375,55.60933621040078,54.14130715012959,54.48156755049608,56410000
2020-04-03,GOOGL,Alphabet,54.1200065612793,55.41221086454149,53.247314168651364,55.210135197808874,51374000
2020-04-06,GOOGL,Alphabet,58.601863861083984,58.97629920825369,55.71978862877884,56.11601974830172,63320000
2020-04-07,GOOGL,Alphabet,58.570655822753906,60.4636457550222,58.30765931147763,60.27691932785058,61620000
2020-04-08,GOOGL,Alphabet,59.7811393737793,60.17241655713172,58.6395026879109,59.58797774612607,40334000
2020-04-09,GOOGL,Alphabet,59.75984573364258,60.5235782394257,59.05901413621897,60.334875514347175,54028000
2020-04-13,GOOGL,Alphabet,59.95003128051758,60.15359577018456,58.55926611146684,59.50873115752453,38702000
2020-04-14,GOOGL,Alphabet,62.66519546508789,63.18623455329524,60.8479844033107,61.41410007802168,63358000
2020-04-15,GOOGL,Alphabet,62.272438049316406,63.15454334623227,61.11841839764076,61.73802218124415,42236000
2020-04-16,GOOGL,Alphabet,62.278873443603516,63.06786680965158,61.32643823394738,62.75979746917035,57896000
2020-04-17,GOOGL,Alphabet,63.34720993041992,63.89202489079497,62.70333529986939,63.480935761731786,51050000
2020-04-20,GOOGL,Alphabet,62.4631233215332,63.239238769946375,62.229842795666386,62.89600446191914,35292000
2020-04-21,GOOGL,Alphabet,60.03671646118164,61.91088095662494,59.68208924218644,61.54981854291117,49648000
2020-04-22,GOOGL,Alphabet,62.327415466308594,63.390794489581054,61.27691061047198,61.47056726058051,46296000
2020-04-23,GOOGL,Alphabet,62.95939254760742,63.80039263918321,62.43240950578446,62.69045208401483,34202000
2020-04-24,GOOGL,Alphabet,63.22834396362305,63.28332085409604,61.61370719032875,62.158522166719294,37402000
2020-04-27,GOOGL,Alphabet,62.94404220581055,64.09509171939635,62.65677484233892,63.99107812534568,44186000
2020-04-28,GOOGL,Alphabet,61.048583984375,63.632494003689644,60.93912522068392,63.55523388415956,80700000
2020-04-29,GOOGL,Alphabet,66.47644805908203,67.36647756587452,65.71123036283807,66.61611787868526,108358000
2020-04-30,GOOGL,Alphabet,66.7002944946289,66.86374009954754,65.45216923000982,65.94052598518793,55842000
2020-05-01,GOOGL,Alphabet,65.2451400756836,66.93456924056204,64.8657546120751,65.58045031969519,48872000
2020-05-04,GOOGL,Alphabet,65.5215072631836,65.5992737230438,64.18968295265657,64.78997351696128,30806000
2020-05-05,GOOGL,Alphabet,66.81520080566406,67.90433941720575,66.12230084826514,66.24463377015354,39666000
2020-05-06,GOOGL,Alphabet,66.63740539550781,67.78944507226947,66.62254738856387,67.25998309338922,31732000
2020-05-07,GOOGL,Alphabet,67.81864929199219,68.15148823318282,66.9895409220369,67.42390703872208,30652000
2020-05-08,GOOGL,Alphabet,68.56456756591797,69.17376849684152,67.95387781137184,68.43975577847236,33326000
2020-05-11,GOOGL,Alphabet,69.51799011230469,70.10936295617134,68.12673353943045,68.19062447900933,32718000
2020-05-12,GOOGL,Alphabet,68.11087799072266,70.049923203942,68.07769309780234,69.74730660582867,33918000
2020-05-13,GOOGL,Alphabet,66.78102111816406,68.61358886479172,65.7745991923848,68.15940704714981,40368000
2020-05-14,GOOGL,Alphabet,67.20350646972656,67.22876356451577,65.54132209784005,66.04750692572512,36660000
2020-05-15,GOOGL,Alphabet,68.00587463378906,68.08115468837015,66.31892426099792,66.77756502722245,41544000
2020-05-18,GOOGL,Alphabet,68.60616302490234,68.98158837081048,67.07176042797272,67.43728547588707,47094000
2020-05-19,GOOGL,Alphabet,68.07225036621094,68.96821988437291,68.04055429387958,68.62102923990405,31586000
2020-05-20,GOOGL,Alphabet,69.79386138916016,69.93601002438653,68.71710947231831,68.80328741306404,38262000
2020-05-21,GOOGL,Alphabet,69.67449951171875,70.15541973750524,69.06232097711698,69.88449920235958,30894000
2020-05-22,GOOGL,Alphabet,69.99593353271484,70.18215736997556,69.13958048504284,69.53333269254743,28544000
2020-05-26,GOOGL,Alphabet,70.39862060546875,71.57443625401972,70.30105351894392,71.41841960535832,44590000
2020-05-27,GOOGL,Alphabet,70.34461975097656,70.59573212629044,69.07272616094963,70.33075177587496,31684000
2020-05-28,GOOGL,Alphabet,70.24358367919922,71.54222318725598,69.29461363754203,69.3401776820852,35170000
2020-05-29,GOOGL,Alphabet,71.0003890991211,71.15937581319436,70.1316567331601,70.35205553253827,37044000
2020-06-01,GOOGL,Alphabet,71.06724548339844,71.39958565996686,70.44367782066597,70.6130711741078,25162000
2020-06-02,GOOGL,Alphabet,71.43572235107422,71.4698972662217,70.41047489664986,71.0736662564324,23442000
2020-06-03,GOOGL,Alphabet,71.28417205810547,71.76757106817956,70.90626789320162,71.45504665150752,27732000
2020-06-04,GOOGL,Alphabet,70.04843139648438,71.38670226943195,69.63784110482716,71.16183703101473,26982000
2020-06-05,GOOGL,Alphabet,71.32231903076172,71.63336223365884,69.71758640754899,70.1148075544808,42642000
2020-06-08,GOOGL,Alphabet,71.71954345703125,71.76708756566157,70.55264582472356,70.64180141994083,33878000
2020-06-09,GOOGL,Alphabet,71.91963195800781,72.69822621574482,71.43821292718843,71.58086036140007,33624000
2020-06-10,GOOGL,Alphabet,72.544677734375,72.94437011787116,72.03255273815222,72.38668108171233,31762000
2020-06-11,GOOGL,Alphabet,69.43427276611328,71.89584930079128,69.26141811908812,71.37232765385497,47144000
2020-06-12,GOOGL,Alphabet,69.98008728027344,71.0494101101992,68.63686629354608,70.62098417865776,36676000
2020-06-15,GOOGL,Alphabet,70.36740112304688,70.57839082578148,68.70620674742224,68.81962939441132,30468000
2020-06-16,GOOGL,Alphabet,71.64176940917969,72.17172248901672,70.77600732018051,71.76707240625194,30648000
2020-06-17,GOOGL,Alphabet,71.94241333007812,72.42086224181243,71.08012003490119,71.96222904130842,30610000
2020-06-18,GOOGL,Alphabet,71.03009796142578,71.96371120218673,70.63980704312232,71.80918341707451,34862000
2020-06-19,GOOGL,Alphabet,70.56058502197266,71.5442214731679,70.28123783213961,71.32134378533503,52784000
2020-06-22,GOOGL,Alphabet,71.84930419921875,71.8636709690492,70.29064192851833,70.57889933770979,29442000
2020-06-23,GOOGL,Alphabet,72.50902557373047,73.06474219667734,71.56897330290289,71.91567270014066,37752000
2020-06-24,GOOGL,Alphabet,70.95976257324219,73.0939492987786,70.8260329822864,72.47434938272832,31592000
2020-06-25,GOOGL,Alphabet,71.37581634521484,71.43623840216229,70.30797457430236,70.88646948000576,23958000
2020-06-26,GOOGL,Alphabet,67.4848403930664,71.17373736157167,67.11139504691282,70.95630864483473,97640000
2020-06-29,GOOGL,Alphabet,69.20001983642578,69.24113253185516,66.9454721708946,67.3758782586516,45074000
2020-06-30,GOOGL,Alphabet,70.23416900634766,70.52886537426323,68.69283611298857,69.18565181426072,40286000
2020-07-01,GOOGL,Alphabet,71.42039489746094,71.74134600155978,70.04250739980611,70.28965970171213,42182000
2020-07-02,GOOGL,Alphabet,72.80371856689453,73.7244614334021,71.86960651880207,71.90774911883543,57218000
2020-07-06,GOOGL,Alphabet,74.27571105957031,74.78833490399879,73.1528963084758,73.70613404852509,44712000
2020-07-07,GOOGL,Alphabet,73.79380798339844,75.34900896864144,73.78291009668904,74.1013823199443,42364000
2020-07-08,GOOGL,Alphabet,74.47134399414062,74.84627807892161,73.91166733810586,74.33266425666847,31766000
2020-07-09,GOOGL,Alphabet,75.21725463867188,75.7363174732516,74.07463169491743,74.78486854107993,41836000
2020-07-10,GOOGL,Alphabet,76.22517395019531,76.3405766810764,74.3287224060496,74.94931249439476,35918000
2020-07-13,GOOGL,Alphabet,74.89878845214844,78.07506115466981,74.61796006227452,76.76651376660473,42954000
2020-07-14,GOOGL,Alphabet,75.32622528076172,75.42231108902422,73.5961894957982,73.93595870830924,38108000
2020-07-15,GOOGL,Alphabet,75.12908935546875,76.09241855269676,74.18556831114255,75.44359385108443,31026000
2020-07-16,GOOGL,Alphabet,75.03202819824219,75.08106113267229,73.7120839735267,74.3673477754421,26484000
2020-07-17,GOOGL,Alphabet,75.12760162353516,75.45350280247234,74.19893856976338,75.13057171289171,34264000
2020-07-20,GOOGL,Alphabet,77.45496368408203,77.71102621712684,74.42677974635325,75.03598064140695,30166000
2020-07-21,GOOGL,Alphabet,77.06269836425781,78.60453017649657,76.89925273502017,78.50448425057768,27486000
2020-07-22,GOOGL,Alphabet,77.50497436523438,77.61046921006437,76.43416276919481,77.05228139257757,24482000
2020-07-23,GOOGL,Alphabet,75.12265014648438,77.77738851823163,74.71849127676111,77.55847101983466,33910000
2020-07-24,GOOGL,Alphabet,74.69969177246094,75.05728910230158,73.67841157363145,74.25294639640434,29902000
2020-07-27,GOOGL,Alphabet,75.75067901611328,76.15334911512461,74.90374244743394,74.94980528884972,27124000
2020-07-28,GOOGL,Alphabet,74.47383117675781,75.58128914093209,74.31880459512638,75.53126618262182,30910000
2020-07-29,GOOGL,Alphabet,75.45748901367188,75.94385831831372,74.44214887896297,74.54071355779848,22676000
2020-07-30,GOOGL,Alphabet,76.19346618652344,76.3182779617759,74.05382279794463,74.19250254822516,36042000
2020-07-31,GOOGL,Alphabet,73.69622802734375,74.54168329645547,72.01472655151453,74.14694100972764,91468000
2020-08-03,GOOGL,Alphabet,73.43917846679688,74.18062017124197,72.89237966344939,73.84729750950987,45482000
2020-08-04,GOOGL,Alphabet,72.97062683105469,73.95179166394234,72.51149486368587,73.63480832006313,37212000
2020-08-05,GOOGL,Alphabet,73.25741577148438,73.79777567416224,72.86762356588414,73.14499068180275,29134000
2020-08-06,GOOGL,Alphabet,74.53820037841797,74.60358012415792,72.90128078434934,73.11177923055146,33306000
2020-08-07,GOOGL,Alphabet,74.21232604980469,75.28808803596695,73.61302541373514,74.74079797982189,27718000
2020-08-10,GOOGL,Alphabet,74.13555145263672,74.64717771948666,73.17815479783029,73.83738620246639,20546000
2020-08-11,GOOGL,Alphabet,73.3292236328125,74.81013451807152,73.21283088279655,73.99587650416217,31098000
2020-08-12,GOOGL,Alphabet,74.6516342163086,74.87105051996117,73.55011645755229,73.65512007836134,22512000
2020-08-13,GOOGL,Alphabet,75.1176986694336,76.12412825065051,74.69967934829317,74.69967934829317,22388000
2020-08-14,GOOGL,Alphabet,74.52237701416016,75.27323541534633,74.2435286408995,74.96714232339298,21942000
2020-08-17,GOOGL,Alphabet,75.09740447998047,75.4708574063542,74.54070531044609,75.08403529599272,19990000
2020-08-18,GOOGL,Alphabet,77.05574798583984,77.13449691129782,75.36632658049903,75.5867253245615,28378000
2020-08-19,GOOGL,Alphabet,76.50253295898438,77.70360557700526,76.27420635249926,76.89281637657025,30472000
2020-08-20,GOOGL,Alphabet,78.06961059570312,78.26376224635354,75.99980587316979,76.27270646114124,26382000
2020-08-21,GOOGL,Alphabet,78.03594207763672,78.84375359225007,77.37918947978834,77.84921185373092,34838000
2020-08-24,GOOGL,Alphabet,78.51041412353516,79.68078050408558,78.00967820848737,78.87296152708002,25638000
2020-08-25,GOOGL,Alphabet,79.53567504882812,79.68574394303413,78.15035104961208,78.2603048362769,25150000
2020-08-26,GOOGL,Alphabet,81.43161010742188,81.86053483126304,79.29445327752374,79.55794478482217,52188000
2020-08-27,GOOGL,Alphabet,80.65848541259766,81.62280478029065,80.17755759803542,81.55445492871448,31350000
2020-08-28,GOOGL,Alphabet,81.19882202148438,81.29391777738621,80.51434116540638,80.70552270693453,22418000
2020-08-31,GOOGL,Alphabet,80.70849609375,81.44993769793462,80.50047648092746,81.40387486268835,26422000
2020-09-01,GOOGL,Alphabet,81.97395324707031,82.17900277714993,80.7084986725955,80.83875938689788,22652000
2020-09-02,GOOGL,Alphabet,85.06009674072266,85.49149282341432,82.2270543817602,82.6143676826583,49522000
2020-09-03,GOOGL,Alphabet,80.70750427246094,84.19877992242272,79.62777481180198,84.17500409363387,63726000
2020-09-04,GOOGL,Alphabet,78.31527709960938,80.9789260003323,76.17365356452073,79.6916755663375,55850000
2020-09-08,GOOGL,Alphabet,75.46192169189453,77.0443596026443,75.11026462423943,75.53126156414605,54032000
2020-09-09,GOOGL,Alphabet,76.63229370117188,77.20137193178421,75.53968617083565,76.71500276034612,39242000
2020-09-10,GOOGL,Alphabet,75.58328247070312,77.94134503655563,75.2836359044151,76.77841496701375,33024000
2020-09-11,GOOGL,Alphabet,75.07362365722656,76.20980761182184,73.94734000116009,75.68728345893592,30706000
2020-09-14,GOOGL,Alphabet,74.73037719726562,77.11617505248893,74.54613341810307,75.86062084569654,42660000
2020-09-15,GOOGL,Alphabet,76.03248596191406,76.81850912194776,75.38762895197046,75.67439749231889,23042000
2020-09-16,GOOGL,Alphabet,74.89186096191406,76.98593308209176,74.8670950973889,76.39703906453589,22128000
2020-09-17,GOOGL,Alphabet,73.6511459350586,74.22667062437742,72.43373433435603,73.5902250977889,40008000
2020-09-18,GOOGL,Alphabet,71.87059020996094,74.05530624823568,70.90627100056638,73.71355704645491,63056000
2020-09-21,GOOGL,Alphabet,70.83297729492188,71.32429660778882,69.47291813290063,70.90627729054565,56908000
2020-09-22,GOOGL,Alphabet,72.30299377441406,72.50854213889622,70.80128453974875,71.83247257343257,33950000
2020-09-23,GOOGL,Alphabet,69.80525970458984,71.96917047278085,69.47292704954707,71.920137538185,37726000
2020-09-24,GOOGL,Alphabet,70.47239685058594,71.22176624905023,69.44665799860961,69.4729126810319,34552000
2020-09-25,GOOGL,Alphabet,71.2747802734375,71.61553195564812,69.7205692871445,70.58088264094437,30326000
2020-09-28,GOOGL,Alphabet,72.24553680419922,72.95528245525625,71.63237575187196,72.90575828659614,30784000
2020-09-29,GOOGL,Alphabet,72.61006164550781,72.90623925828599,72.01472121563792,72.50555682209631,31816000
2020-09-30,GOOGL,Alphabet,72.58926391601562,73.6095539606257,72.10190469623866,72.3584584734925,40924000
2020-10-01,GOOGL,Alphabet,73.6937484741211,74.04887444818279,73.14397960876425,73.4837487839476,32884000
2020-10-02,GOOGL,Alphabet,72.0939712524414,73.25442978973021,71.68536100740494,72.29357184396041,31222000
2020-10-05,GOOGL,Alphabet,73.44264221191406,73.53525912459374,72.31635858239636,72.44315041789427,21602000
2020-10-06,GOOGL,Alphabet,71.86712646484375,73.52633314283509,71.56946004827292,73.0795878999186,26096000
2020-10-07,GOOGL,Alphabet,72.2693099975586,72.75617797816042,70.98601965298509,72.27772903034848,36108000
2020-10-08,GOOGL,Alphabet,73.47235870361328,73.70018648557594,72.58183064483968,72.58183064483968,26076000
2020-10-09,GOOGL,Alphabet,74.81061553955078,74.87995540940231,73.64916705142821,73.9394044750553,32966000
2020-10-12,GOOGL,Alphabet,77.49211883544922,78.67238573652595,75.74424733428177,76.17515222055262,55344000
2020-10-13,GOOGL,Alphabet,77.61493682861328,78.51091381347847,77.19691752122968,78.10725371718881,39072000
2020-10-14,GOOGL,Alphabet,77.43516540527344,78.44604658314339,76.56643289833072,77.98791205012148,33174000
2020-10-15,GOOGL,Alphabet,77.04041290283203,77.82940631799474,76.33017599280261,76.49708295143122,31210000
2020-10-16,GOOGL,Alphabet,77.64614868164062,78.14192694066163,77.14888159901895,77.35541241809985,34194000
2020-10-19,GOOGL,Alphabet,75.77642822265625,78.44999238883686,75.4282475861299,78.05376129785903,29734000
2020-10-20,GOOGL,Alphabet,76.8229751586914,77.95024882966341,75.30838821094517,75.43765890108982,41670000
2020-10-21,GOOGL,Alphabet,78.55201721191406,79.99578295320819,77.61840399961719,77.75262483298744,60322000
2020-10-22,GOOGL,Alphabet,79.57577514648438,79.91058659318215,78.13052815542754,78.50298340637796,30512000
2020-10-23,GOOGL,Alphabet,80.87937927246094,80.9358412049653,79.83580465730036,79.99133003663475,30548000
2020-10-26,GOOGL,Alphabet,78.46782684326172,80.71097762065797,77.65010749864534,79.98885284156889,35826000
2020-10-27,GOOGL,Alphabet,79.19044494628906,79.34497273080397,78.1062640439102,78.69763681929496,25902000
2020-10-28,GOOGL,Alphabet,74.82797241210938,76.958199588469,74.71306847061375,76.76999563851732,45174000
2020-10-29,GOOGL,Alphabet,77.11024475097656,78.6882238840547,75.11274990801195,75.13602694613932,55406000
2020-10-30,GOOGL,Alphabet,80.04383087158203,83.27360331441317,79.32368610800994,82.58614465419454,99878000
2020-11-02,GOOGL,Alphabet,80.4504623413086,82.13047501915948,79.9512076583537,80.4118285038059,44228000
2020-11-03,GOOGL,Alphabet,81.50740814208984,82.16812090416315,79.84572215827124,80.76943525343177,31432000
2020-11-04,GOOGL,Alphabet,86.46968841552734,87.66729207687226,84.34738170376455,84.47516357940994,71342000
2020-11-05,GOOGL,Alphabet,87.29431915283203,88.74650377975182,86.23093656969276,87.68807134509206,39758000
2020-11-06,GOOGL,Alphabet,87.15713500976562,87.59150112571243,86.0154946471551,86.74158701698033,28622000
2020-11-09,GOOGL,Alphabet,87.2408447265625,89.98820035330125,87.0491719162003,88.95256106744117,53440000
2020-11-10,GOOGL,Alphabet,86.0670166015625,87.13980845567484,84.9971948371196,85.67326433218005,43022000
2020-11-11,GOOGL,Alphabet,86.53803253173828,87.31414035453767,86.331494168355,86.59597572878391,31838000
2020-11-12,GOOGL,Alphabet,86.31961822509766,87.41717604271611,86.07940369874598,86.27900432342662,26474000
2020-11-13,GOOGL,Alphabet,87.7777328491211,88.0189373763228,85.98083620776305,86.57616912622984,29744000
2020-11-16,GOOGL,Alphabet,87.86539459228516,88.8713253340202,87.23637802204422,87.37555656318342,25468000
2020-11-17,GOOGL,Alphabet,87.25273132324219,88.0194376680563,87.14525640032842,87.55980685012722,21314000
2020-11-18,GOOGL,Alphabet,86.21163940429688,87.41816090841624,86.10911462619481,87.00410167631715,20108000
2020-11-19,GOOGL,Alphabet,87.09968566894531,87.34336905613068,85.68564336156041,85.84463006966791,20106000
2020-11-20,GOOGL,Alphabet,86.00065612792969,87.58458320353344,85.93230627072799,87.26957984240741,27694000
2020-11-23,GOOGL,Alphabet,85.56379699707031,86.47661206181675,84.70299250728546,86.19083352627514,22530000
2020-11-24,GOOGL,Alphabet,87.36366271972656,87.49144457321789,85.22550834263211,85.56081856712366,27984000
2020-11-25,GOOGL,Alphabet,87.37506103515625,87.6846154040814,86.59399550711878,87.55733233080412,19600000
2020-11-27,GOOGL,Alphabet,88.50877380371094,89.00356955849365,87.39536810388411,87.39536810388411,14790000
2020-11-30,GOOGL,Alphabet,86.89315032958984,88.17792187358639,86.56823916359279,87.94563517843181,32418000
2020-12-01,GOOGL,Alphabet,88.92184448242188,90.22742179874707,87.32058076701112,87.50037321261483,37350000
2020-12-02,GOOGL,Alphabet,90.38838195800781,90.77322391875234,88.41714196062208,88.92183798553233,29424000
2020-12-03,GOOGL,Alphabet,90.2333755493164,91.32250671536013,89.99365227253425,90.16898581671288,24728000
2020-12-04,GOOGL,Alphabet,90.3284683227539,90.61275805172727,89.82475471651726,90.15313478440204,20544000
2020-12-07,GOOGL,Alphabet,89.9951400756836,90.60236094268264,89.30223249741923,89.92183251709534,22288000
2020-12-08,GOOGL,Alphabet,89.71282196044922,89.94263737562288,88.7197766206352,89.57365096270438,19936000
2020-12-09,GOOGL,Alphabet,88.05509185791016,90.55679149923866,87.26956740577334,89.66477459900621,31728000
2020-12-10,GOOGL,Alphabet,87.54940795898438,87.91294541969803,85.85948741239226,87.29928560071609,28688000
2020-12-11,GOOGL,Alphabet,87.9035415649414,88.02786211840036,86.81094150082778,87.17051886332163,18628000
2020-12-14,GOOGL,Alphabet,86.78715515136719,88.64646138219037,86.63212857361042,87.70145902583772,33050000
2020-12-15,GOOGL,Alphabet,87.2239990234375,87.36861895001778,86.26264985116309,87.1635694178284,21352000
2020-12-16,GOOGL,Alphabet,87.03131866455078,87.62170133330464,86.62865620610654,87.62170133330464,24676000
2020-12-17,GOOGL,Alphabet,86.20519256591797,87.50284960689325,85.74160920753897,87.36515988539692,34880000
2020-12-18,GOOGL,Alphabet,85.49742889404297,86.59399654062504,84.94171984684814,86.48553159053134,85256000
2020-12-21,GOOGL,Alphabet,85.91049194335938,86.03134359423083,83.90160815092943,84.65097756458779,33974000
2020-12-22,GOOGL,Alphabet,85.20024871826172,85.81390843044274,84.4850542798753,85.6514528685141,20370000
2020-12-23,GOOGL,Alphabet,85.59698486328125,86.38349935541012,85.2487966486839,85.38401507930502,22974000
2020-12-24,GOOGL,Alphabet,85.89069366455078,86.29930394276053,85.40481570948793,85.6351223589814,9312000
2020-12-28,GOOGL,Alphabet,87.86193084716797,88.50778551934158,86.27008374728062,86.42312271463942,27650000
2020-12-29,GOOGL,Alphabet,87.0595703125,88.58059630326431,86.92831955660789,88.51918422044176,19726000
2020-12-30,GOOGL,Alphabet,85.99421691894531,87.55486694912716,85.58560660058905,87.41816723509775,21026000
2020-12-31,GOOGL,Alphabet,86.80597686767578,87.0466825799562,85.98627000202208,86.0447195460967,21070000
2021-01-04,GOOGL,Alphabet,85.49298858642578,87.29384556579528,84.55243743129638,87.17052259447759,37324000
2021-01-05,GOOGL,Alphabet,86.18241882324219,86.51822033346573,85.03582818283809,85.44146836602938,20360000
2021-01-06,GOOGL,Alphabet,85.33200073242188,86.37656533006327,84.0056252787186,84.21166484451052,46588000
2021-01-07,GOOGL,Alphabet,87.8807601928711,88.05311608596125,85.52417916422668,85.52417916422668,41936000
2021-01-08,GOOGL,Alphabet,89.04418182373047,89.11996067150037,87.23093086255197,88.02042296709797,35484000
2021-01-11,GOOGL,Alphabet,86.98677062988281,88.37803483355034,86.78122982372093,88.01349974566499,34796000
2021-01-12,GOOGL,Alphabet,86.05264282226562,87.56178078053122,85.01006585841895,86.44540502976464,29528000
2021-01-13,GOOGL,Alphabet,86.53901672363281,86.99170972857497,85.55190413352405,85.55190413352405,23432000
2021-01-14,GOOGL,Alphabet,85.73020935058594,87.54445028738424,85.48999486924536,86.6192485496251,29212000
2021-01-15,GOOGL,Alphabet,85.5667724609375,86.55734649603514,84.7787766806219,85.63611234109513,31444000
2021-01-19,GOOGL,Alphabet,88.38248443603516,89.3418536240995,85.82482158279993,86.32852762712288,41660000
2021-01-20,GOOGL,Alphabet,93.11741638183594,94.09065343418634,90.11795870459963,90.45772029557415,64152000
2021-01-21,GOOGL,Alphabet,93.31950378417969,95.69341419060405,93.08473821223713,93.790032515481,58634000
2021-01-22,GOOGL,Alphabet,93.73603057861328,94.32195440792064,92.94059830219506,93.68154870879067,32744000
2021-01-25,GOOGL,Alphabet,93.82122039794922,95.18524723091947,92.08177576243477,94.7355242882723,50586000
2021-01-26,GOOGL,Alphabet,94.49828338623047,94.88460664624404,92.92228430514494,93.41063354446489,31462000
2021-01-27,GOOGL,Alphabet,90.08973693847656,93.13723794973245,89.01694505852133,92.86185848412948,82512000
2021-01-28,GOOGL,Alphabet,91.78659057617188,93.50968842844524,90.68705283027275,90.68705283027275,55278000
2021-01-29,GOOGL,Alphabet,90.50675964355469,91.50625144946868,89.22892586011437,90.83662096022837,44530000
2021-02-01,GOOGL,Alphabet,93.76131439208984,94.87422149538286,91.36015906744994,91.36015906744994,40252000
2021-02-02,GOOGL,Alphabet,95.05152893066406,96.54976922322557,94.42003341193407,94.75485247351087,66332000
2021-02-03,GOOGL,Alphabet,101.9736557006836,104.3381569964161,99.7285172483929,102.30698592563262,97882000
2021-02-04,GOOGL,Alphabet,101.71363067626953,102.48973853749719,100.79585785059689,102.05983128209827,48596000
2021-02-05,GOOGL,Alphabet,103.45703125,103.80917957809702,101.53383402404027,102.00732524757738,29866000
2021-02-08,GOOGL,Alphabet,103.24356842041016,104.7532053215295,102.19505117407518,104.01027478733427,28828000
2021-02-09,GOOGL,Alphabet,102.79136657714844,103.93646833616009,102.52440616600971,102.76214180334384,21892000
2021-02-10,GOOGL,Alphabet,103.34064483642578,103.95480346885013,101.64478405598078,103.17521915125829,25102000
2021-02-11,GOOGL,Alphabet,103.45307922363281,103.71310189348283,102.46795409901445,103.5645218292716,20480000
2021-02-12,GOOGL,Alphabet,103.76410675048828,103.98549554716894,102.7012153135399,103.00829836725484,18990000
2021-02-16,GOOGL,Alphabet,104.54022979736328,106.24599833126774,103.6016588245308,103.6016588245308,31004000
2021-02-17,GOOGL,Alphabet,104.93248748779297,105.1216889840316,103.43325740114106,103.71209816028708,20294000
2021-02-18,GOOGL,Alphabet,104.29803466796875,105.09941476379346,103.6799159118869,104.2579195625477,22546000
2021-02-19,GOOGL,Alphabet,103.45603942871094,104.93051126685963,103.18957781103883,104.39609920802339,37938000
2021-02-22,GOOGL,Alphabet,101.74483489990234,103.03605313530579,101.43478925769867,101.71214879624529,29466000
2021-02-23,GOOGL,Alphabet,102.0350570678711,102.6482256079866,98.5734971842508,99.7503025439711,34658000
2021-02-24,GOOGL,Alphabet,103.20841217041016,103.4317886317076,100.42094116594059,100.54525416833873,22608000
2021-02-25,GOOGL,Alphabet,99.8473892211914,103.16828965771158,99.37884811495125,101.82754730737786,41548000
2021-02-26,GOOGL,Alphabet,100.142578125,101.85676582886522,99.10743003489145,100.54078932464888,40042000
2021-03-01,GOOGL,Alphabet,102.50757598876953,102.83297841507579,100.76218348689981,101.43478411249855,26060000
2021-03-02,GOOGL,Alphabet,102.25102233886719,103.74976147113851,101.86420779911647,102.26885043607274,25564000
2021-03-03,GOOGL,Alphabet,99.6225357055664,102.82109578568205,98.7602347243502,101.63042982902466,33892000
2021-03-04,GOOGL,Alphabet,100.7379150390625,102.75174921117376,99.32634401579678,99.7938950813685,49216000
2021-03-05,GOOGL,Alphabet,103.86515808105469,104.3173523605475,100.43331380984755,102.08608941835445,53100000
2021-03-08,GOOGL,Alphabet,99.42886352539062,104.69078901545105,99.31445083979884,103.22078363369144,36868000
2021-03-09,GOOGL,Alphabet,101.05638122558594,102.22327884740525,100.82062562943396,101.52146100220388,33920000
2021-03-10,GOOGL,Alphabet,100.84984588623047,102.09846248595427,100.01478970178172,102.09846248595427,27100000
2021-03-11,GOOGL,Alphabet,104.03701782226562,104.56845981561914,101.85329909223847,101.94096586019782,27702000
2021-03-12,GOOGL,Alphabet,101.5338363647461,102.90132457610481,100.66312398359679,102.84189255369952,33818000
2021-03-15,GOOGL,Alphabet,101.75375366210938,101.78099082249379,100.43381698824165,101.28521253215582,26168000
2021-03-16,GOOGL,Alphabet,103.21235656738281,104.6878107771787,101.99394733806429,102.32578868958085,31900000
2021-03-17,GOOGL,Alphabet,103.129638671875,103.96072708495107,101.24259661422428,102.44861912019124,26382000
2021-03-18,GOOGL,Alphabet,100.11433410644531,102.46248821624792,100.0073504319158,101.443679570022,31700000
2021-03-19,GOOGL,Alphabet,100.39269256591797,100.8919396815701,99.2025179744217,100.52989105422479,46072000
2021-03-22,GOOGL,Alphabet,100.57743072509766,101.45161193261225,99.7507936209147,100.42587303185131,33536000
2021-03-23,GOOGL,Alphabet,101.10442352294922,102.23268729902472,100.44420961042817,101.03607367204845,28510000
2021-03-24,GOOGL,Alphabet,100.6685791015625,102.40554505722855,100.49373679196368,101.6210105719403,25218000
2021-03-25,GOOGL,Alphabet,100.66510772705078,101.31789263996187,98.8637445252711,100.49621315872466,35616000
2021-03-26,GOOGL,Alphabet,100.28225708007812,101.00834202091387,99.24809144589688,100.63192658871813,27978000
2021-03-29,GOOGL,Alphabet,101.32530975341797,101.49470309556291,99.32732382277005,100.15495094383878,26492000
2021-03-30,GOOGL,Alphabet,101.35900115966797,102.16136368838866,100.84786611987286,101.68143348320557,27312000
2021-03-31,GOOGL,Alphabet,102.15392303466797,103.32973829979751,101.38523672416582,101.7517517863062,42570000
2021-04-01,GOOGL,Alphabet,105.48523712158203,105.78092353227542,103.58581563660896,103.62642953491097,39880000
2021-04-05,GOOGL,Alphabet,109.90220642089844,110.39898226343156,106.24946465618592,106.34555045878076,48510000
2021-04-06,GOOGL,Alphabet,109.42176055908203,110.34993234047201,109.05178417543226,109.5039783729463,35240000
2021-04-07,GOOGL,Alphabet,110.89624786376953,111.167168408484,109.61196749203187,109.61196749203187,24134000
2021-04-08,GOOGL,Alphabet,111.46086883544922,112.51880262359724,111.09336371525733,112.13297061526548,28664000
2021-04-09,GOOGL,Alphabet,112.46333312988281,112.6267787456698,110.8085775812512,111.21372651622714,26146000
2021-04-12,GOOGL,Alphabet,111.17311096191406,111.78082301909598,110.34102489008666,111.64363209020448,25024000
2021-04-13,GOOGL,Alphabet,111.65897369384766,112.10671654771312,111.09533689679665,111.48859788327219,25682000
2021-04-14,GOOGL,Alphabet,111.03887939453125,112.30285272236088,110.74716068665896,112.30285272236088,21002000
2021-04-15,GOOGL,Alphabet,113.18546295166016,113.71790254287018,111.49752999108566,112.0314508484042,29174000
2021-04-16,GOOGL,Alphabet,113.0616455078125,113.63073134194633,112.47572160727253,113.38308782309667,26282000
2021-04-19,GOOGL,Alphabet,113.40882873535156,114.11857430156049,112.4390605316911,112.4390605316911,30290000
2021-04-20,GOOGL,Alphabet,112.87641143798828,113.86648671770999,111.79223041209393,113.79169789148733,22288000
2021-04-21,GOOGL,Alphabet,112.8437271118164,112.92544614886954,111.18302366604111,112.5316938553797,23204000
2021-04-22,GOOGL,Alphabet,111.56439208984375,113.36525649353501,110.96014131648565,112.69760601862724,24146000
2021-04-23,GOOGL,Alphabet,113.91253662109375,114.2191208944098,111.99676845495611,112.28155695722073,29066000
2021-04-26,GOOGL,Alphabet,114.40782165527344,115.13094395972442,113.78326399756901,114.13987122202711,32038000
2021-04-27,GOOGL,Alphabet,113.46927642822266,114.82982699539988,113.2305431722857,114.78921309444053,44386000
2021-04-28,GOOGL,Alphabet,116.84019470214844,120.4230978645423,116.55193728859348,118.4974216544994,81106000
2021-04-29,GOOGL,Alphabet,118.51029205322266,119.07491892786257,117.57370113692855,118.33545731512626,41234000
2021-04-30,GOOGL,Alphabet,116.5657958984375,117.96993028023607,116.22206660710967,117.28495055091922,44856000
2021-05-03,GOOGL,Alphabet,116.04969787597656,117.95506689646918,115.67427253194188,117.13090865873527,28242000
2021-05-04,GOOGL,Alphabet,114.25428771972656,115.1537260493612,111.77042377433652,114.58711912501094,44818000
2021-05-05,GOOGL,Alphabet,114.64755249023438,115.64951562210264,114.32611019629827,115.33402106487281,26636000
2021-05-06,GOOGL,Alphabet,115.76590728759766,115.76590728759766,113.57129071075337,114.22952453420945,25190000
2021-05-07,GOOGL,Alphabet,116.48802185058594,117.44491963692083,116.20224333213277,117.08039218520796,28898000
2021-05-10,GOOGL,Alphabet,113.50740051269531,115.45140351248499,113.15029447198425,115.30974610905047,30914000
2021-05-11,GOOGL,Alphabet,112.43312072753906,112.9393056208691,110.64315426944027,111.0963461132312,34186000
2021-05-12,GOOGL,Alphabet,108.97551727294922,111.3395271618132,108.64714477876392,110.26029638420344,46376000
2021-05-13,GOOGL,Alphabet,110.40145874023438,110.91655390355615,109.2959732405026,110.2568312457659,33204000
2021-05-14,GOOGL,Alphabet,112.8451919555664,113.1592052262054,111.4395687974577,111.86254580663034,31996000
2021-05-17,GOOGL,Alphabet,113.36724090576172,113.40983486590622,111.71248520359744,112.11168643900419,21598000
2021-05-18,GOOGL,Alphabet,112.05719757080078,114.29639577340654,112.04332959493337,114.03240543824316,22204000
2021-05-19,GOOGL,Alphabet,112.50444030761719,112.67729498890604,110.22315452655346,110.37124334606443,23684000
2021-05-20,GOOGL,Alphabet,114.26023864746094,114.51035344458924,113.09978005208858,113.47025527402623,32352000
2021-05-21,GOOGL,Alphabet,113.6252670288086,114.85160409793224,113.3860425755212,114.77829654764197,40632000
2021-05-24,GOOGL,Alphabet,116.93924713134766,117.1626160124388,114.50837610780434,114.65349484020088,31832000
2021-05-25,GOOGL,Alphabet,117.02987670898438,118.0764138121948,116.64008458341634,117.48207094364784,22440000
2021-05-26,GOOGL,Alphabet,117.8936538696289,118.32356107881209,117.20767658979875,117.21064667915815,21572000
2021-05-27,GOOGL,Alphabet,117.02047729492188,118.32654591291701,116.70250387182054,118.32654591291701,35224000
2021-05-28,GOOGL,Alphabet,116.7317123413086,117.68365247944479,116.53360056946752,117.60193345186725,21482000
2021-06-01,GOOGL,Alphabet,117.93675231933594,118.16111878960501,116.60442903125066,117.60293086426131,23354000
2021-06-02,GOOGL,Alphabet,117.41224670410156,118.5538796399955,116.509331890451,118.33149323213362,21158000
2021-06-03,GOOGL,Alphabet,116.27259063720703,116.74014171535157,115.37810238021562,116.18096374567656,18696000
2021-06-04,GOOGL,Alphabet,118.55042266845703,118.82085200414986,117.00710951299689,117.34687873508777,24458000
2021-06-07,GOOGL,Alphabet,118.98279571533203,119.09225825527676,117.92783952826873,118.34585886059564,24120000
2021-06-08,GOOGL,Alphabet,118.79161071777344,119.83567654607704,118.6103370083439,119.46372006492163,24240000
2021-06-09,GOOGL,Alphabet,119.26214599609375,119.50681185923406,118.71534719057304,119.43500068262446,17942000
2021-06-10,GOOGL,Alphabet,120.60882568359375,120.65191843453623,119.05610363082518,119.21162145420193,25904000
2021-06-11,GOOGL,Alphabet,120.3646469116211,120.93521395927317,119.8079402818054,120.8500260476855,21958000
2021-06-14,GOOGL,Alphabet,121.29132843017578,121.29181966635244,119.76039466436602,120.46667136672363,22098000
2021-06-15,GOOGL,Alphabet,120.27500915527344,121.61822280252001,119.91493300608863,121.29579046273996,21562000
2021-06-16,GOOGL,Alphabet,119.63409423828125,120.73710083598742,118.34387375463972,120.4260576459567,26472000
2021-06-17,GOOGL,Alphabet,120.595947265625,121.36760375769067,119.36416872070753,119.55980920462216,25842000
2021-06-18,GOOGL,Alphabet,118.97882843017578,120.45676156741861,118.88373266538906,120.22298605345948,46116000
2021-06-21,GOOGL,Alphabet,120.6642837524414,120.85001635955138,118.76832384802688,119.36465429629425,27414000
2021-06-22,GOOGL,Alphabet,121.17741394042969,121.24626258391147,119.92285713304612,120.60238795397534,22390000
2021-06-23,GOOGL,Alphabet,120.97582244873047,121.93519155602058,120.68608380354885,120.94263755669144,19148000
2021-06-24,GOOGL,Alphabet,121.3453140258789,121.8955741299516,121.14720225046123,121.54342580129659,21362000
2021-06-25,GOOGL,Alphabet,121.35372924804688,121.47705975699363,120.41912598072602,120.85002323534383,34594000
2021-06-28,GOOGL,Alphabet,121.38097381591797,121.62762727603534,120.26112916843773,121.52212486149851,28526000
2021-06-29,GOOGL,Alphabet,121.11994934082031,121.86139851864952,120.54393338457018,121.51420036275346,23108000
2021-06-30,GOOGL,Alphabet,120.93870544433594,121.10462994295571,120.2106328254322,120.8445996890723,24474000
2021-07-01,GOOGL,Alphabet,121.29035186767578,121.4315029306008,120.38595573611427,120.57762855604811,18110000
2021-07-02,GOOGL,Alphabet,124.07682800292969,124.22194673760366,121.89954818912742,121.98919501918171,25982000
2021-07-06,GOOGL,Alphabet,125.00054168701172,125.23629728290413,123.40818815923684,124.46414196993973,26404000
2021-07-07,GOOGL,Alphabet,125.2818603515625,126.084222906747,124.96388693069338,125.96337879875401,24060000
2021-07-08,GOOGL,Alphabet,123.86534118652344,124.41164120732356,122.85297891324397,122.85693903291997,23790000
2021-07-09,GOOGL,Alphabet,124.33535766601562,124.54931746757865,123.37746981434283,123.84650966332048,18632000
2021-07-12,GOOGL,Alphabet,125.77863311767578,125.87174882862907,124.42699293647514,124.98864973435082,17668000
2021-07-13,GOOGL,Alphabet,126.14118194580078,126.85042877825639,125.48046925037704,125.84103662468263,19240000
2021-07-14,GOOGL,Alphabet,127.02822875976562,128.10746703874537,126.70876655078862,126.75185929795776,23742000
2021-07-15,GOOGL,Alphabet,125.80785369873047,127.48687640049349,125.3373325394716,127.43636220289176,24218000
2021-07-16,GOOGL,Alphabet,125.773193359375,126.60676079067314,124.96439179181172,126.4596619894112,20424000
2021-07-19,GOOGL,Alphabet,123.40373229980469,125.01539513075979,122.34084076103703,124.9009824416762,27968000
2021-07-20,GOOGL,Alphabet,125.01985168457031,125.84549123943627,123.17837348032579,124.34427344891768,26312000
2021-07-21,GOOGL,Alphabet,126.34672546386719,126.39327953934199,124.83559982340273,124.94456356694099,20746000
2021-07-22,GOOGL,Alphabet,127.21099090576172,127.27191930760111,126.29719335532684,126.63894259015407,14302000
2021-07-23,GOOGL,Alphabet,131.76119995117188,132.14158302724823,128.5770069637434,129.20105830531395,41506000
2021-07-26,GOOGL,Alphabet,132.77159118652344,132.97168302546814,131.05442593897925,132.07175342893328,30572000
2021-07-27,GOOGL,Alphabet,130.6566925048828,133.13214480421553,128.87763168036102,132.98504602981706,54710000
2021-07-28,GOOGL,Alphabet,134.8112030029297,136.9934409263995,134.00240132339243,135.0271504818224,95130000
2021-07-29,GOOGL,Alphabet,134.49765014648438,135.37282138017332,134.26536345852853,134.86663652248504,31716000
2021-07-30,GOOGL,Alphabet,133.45655822753906,134.02911285341315,132.98950601160692,133.76215245736805,25576000
2021-08-02,GOOGL,Alphabet,133.5833740234375,134.06082538942997,132.53286916754786,133.84339668549805,21634000
2021-08-03,GOOGL,Alphabet,134.35153198242188,134.45256035476496,132.06281008407353,133.86118766357365,20762000
2021-08-04,GOOGL,Alphabet,133.851806640625,134.37086945712394,133.21932116971857,134.07369424279747,19676000
2021-08-05,GOOGL,Alphabet,134.96719360351562,135.06477578694478,133.5749394991409,134.40157667568067,17870000
2021-08-06,GOOGL,Alphabet,134.45901489257812,135.1861048665177,133.93550829754662,134.7596665363423,20488000
2021-08-09,GOOGL,Alphabet,135.6224365234375,135.89089329134345,134.06376694609222,134.66109496877536,17760000
2021-08-10,GOOGL,Alphabet,135.51744079589844,136.47383970829256,135.0791070391315,136.0473863078297,19414000
2021-08-11,GOOGL,Alphabet,134.99444580078125,136.38470472961833,134.98700924033824,135.88843523972923,15352000
2021-08-12,GOOGL,Alphabet,135.90078735351562,136.00579096148115,134.14896380907842,134.69376732793685,16506000
2021-08-13,GOOGL,Alphabet,136.42929077148438,136.55708777166163,135.74134841003345,135.9562982786935,15948000
2021-08-16,GOOGL,Alphabet,137.00579833984375,137.0583077135838,134.02367703834207,136.2286928614047,22384000
2021-08-17,GOOGL,Alphabet,135.37332153320312,136.9622060258579,134.7992856193709,136.4515622501744,21716000
2021-08-18,GOOGL,Alphabet,134.17227172851562,135.8121693920602,134.04597111672172,135.21335999313266,19258000
2021-08-19,GOOGL,Alphabet,134.40109252929688,135.06725424537134,132.9845787593326,133.16833135122147,21782000
2021-08-20,GOOGL,Alphabet,136.1341094970703,136.25743246754152,133.97514886338655,134.71807944858094,31194000
2021-08-23,GOOGL,Alphabet,138.7214813232422,139.5466221404914,136.31041837397385,136.66900570061048,28454000
2021-08-24,GOOGL,Alphabet,139.9299774169922,140.74075898991882,139.01567348257018,139.28609523311977,19268000
2021-08-25,GOOGL,Alphabet,140.73976135253906,140.84922389330168,140.04340002756325,140.29004594584057,15848000
2021-08-26,GOOGL,Alphabet,140.1072998046875,141.07508052854902,140.024575623053,140.41387655895255,20610000
2021-08-27,GOOGL,Alphabet,142.64659118652344,143.1502971310439,140.1632188540773,140.31725538162743,28780000
2021-08-30,GOOGL,Alphabet,143.2275848388672,144.5945817480552,142.80410902722718,143.0388745733739,24434000
2021-08-31,GOOGL,Alphabet,143.3335723876953,143.80310348475496,142.92100957240294,143.77884397500796,22448000
2021-09-01,GOOGL,Alphabet,143.8466796875,144.87538859578518,143.5178084371662,143.63321113945034,21936000
2021-09-02,GOOGL,Alphabet,141.93637084960938,144.14782535950548,141.8353273499022,143.84718882858917,32342000
2021-09-03,GOOGL,Alphabet,142.38461303710938,142.79619338912647,141.05822998053367,141.73182815855947,19850000
2021-09-07,GOOGL,Alphabet,142.92050170898438,143.20232010806757,142.26523803308976,142.47870659035723,20124000
2021-09-08,GOOGL,Alphabet,142.33656311035156,143.03887971437993,141.65208215880904,142.74171960601453,18344000
2021-09-09,GOOGL,Alphabet,142.18800354003906,142.9502510692225,141.82793491738968,142.48468001243273,15314000
2021-09-10,GOOGL,Alphabet,139.548095703125,143.35437470340688,139.411396021292,142.85313246004708,36840000
2021-09-13,GOOGL,Alphabet,140.99085998535156,141.60253209663824,139.91855953583567,140.61145943021154,22094000
2021-09-14,GOOGL,Alphabet,141.2008819580078,142.01167869452308,140.41387617006407,141.64763485948765,19674000
2021-09-15,GOOGL,Alphabet,143.06813049316406,143.08892868043932,140.0151803025875,141.42575387169356,27408000
2021-09-16,GOOGL,Alphabet,142.25631713867188,142.9398155420837,141.05921246042737,142.59360742775047,26190000
2021-09-17,GOOGL,Alphabet,139.4728240966797,142.09783918596045,139.14593285849304,141.68229870784387,53384000
2021-09-20,GOOGL,Alphabet,137.41192626953125,137.68978457112166,135.03703359355418,136.85918731338376,46518000
2021-09-21,GOOGL,Alphabet,137.7224884033203,138.69176548662895,136.9746001490419,138.43222649685097,25332000
2021-09-22,GOOGL,Alphabet,138.96116638183594,139.55897809141058,137.24549771276565,137.9909069886217,25056000
2021-09-23,GOOGL,Alphabet,139.88490295410156,140.36087304097438,139.0780815102405,139.6585564297789,20952000
2021-09-24,GOOGL,Alphabet,140.87448120117188,140.9889014490048,138.91908904507557,139.21378542182566,22984000
2021-09-27,GOOGL,Alphabet,139.7422637939453,140.60059702550436,138.74723086445857,139.4772834307907,21882000
2021-09-28,GOOGL,Alphabet,134.5496826171875,137.785387734539,134.08411157822107,137.34805144334183,45772000
2021-09-29,GOOGL,Alphabet,133.08706665039062,135.85819765307792,132.6031763940865,135.68880432196028,30848000
2021-09-30,GOOGL,Alphabet,132.4159698486328,134.26487713453415,132.2971058010185,132.99596110436238,37996000
2021-10-01,GOOGL,Alphabet,135.2559356689453,135.6199794487268,132.8092168477559,133.1801832786123,35360000
2021-10-04,GOOGL,Alphabet,132.39962768554688,134.67893341555128,129.8147276953452,134.67893341555128,51202000
2021-10-05,GOOGL,Alphabet,134.7408447265625,135.9310269065087,132.7775323428591,132.7775323428591,32404000
2021-10-06,GOOGL,Alphabet,136.268310546875,136.45156431285815,133.28173063311934,133.47984240404816,24364000
2021-10-07,GOOGL,Alphabet,137.91265869140625,138.72195890614324,137.3440641883344,137.58278984045617,25110000
2021-10-08,GOOGL,Alphabet,138.46791076660156,139.00825554641344,137.90525630274254,138.26136480962015,26526000
2021-10-11,GOOGL,Alphabet,137.6046142578125,139.3856706303846,137.55012482163005,137.97905719887984,17954000
2021-10-12,GOOGL,Alphabet,135.16282653808594,138.19200026988304,134.48031058391572,138.16524679321643,36332000
2021-10-13,GOOGL,Alphabet,136.28514099121094,136.6992001618353,135.23215741372877,136.1073286205011,19654000
2021-10-14,GOOGL,Alphabet,139.8204803466797,140.0052153429909,137.51640174803015,138.15928618577402,31894000
2021-10-15,GOOGL,Alphabet,140.0354461669922,140.3821530750547,139.42823295670377,140.2796283145094,30274000
2021-10-18,GOOGL,Alphabet,141.4321746826172,141.4500103351122,139.7397828702763,139.74672063679765,20396000
2021-10-19,GOOGL,Alphabet,141.88687133789062,142.30836717520583,141.25588212378463,142.0359502105665,20164000
2021-10-20,GOOGL,Alphabet,140.43267822265625,142.19293614617558,140.04387612604899,141.98688902177523,23288000
2021-10-21,GOOGL,Alphabet,140.54856872558594,140.81602790844926,139.17563174016504,140.4326672271855,26292000
2021-10-22,GOOGL,Alphabet,136.26980590820312,139.25786739704128,134.77354570706362,137.8383760818884,50588000
2021-10-25,GOOGL,Alphabet,136.1514129638672,136.69919414742475,134.147471866324,136.25343892863123,34412000
2021-10-26,GOOGL,Alphabet,137.99537658691406,138.7625665768636,137.0008424939082,137.95080257189426,49236000
2021-10-27,GOOGL,Alphabet,144.8392333984375,147.24879949661485,138.0909489197362,138.0909489197362,85782000
2021-10-28,GOOGL,Alphabet,144.47421264648438,145.77087957264158,143.26373121245243,145.74760253688694,36206000
2021-10-29,GOOGL,Alphabet,146.65052795410156,146.84467961742357,143.28604362604932,143.71050193740845,43320000
2021-11-01,GOOGL,Alphabet,142.14439392089844,146.650526252916,141.87545343779883,146.650526252916,46924000
2021-11-02,GOOGL,Alphabet,144.0616455078125,145.22705422331256,142.97498573084604,143.21668904679433,33482000
2021-11-03,GOOGL,Alphabet,145.21620178222656,145.286531703057,143.22811564065137,144.525266613303,27494000
2021-11-04,GOOGL,Alphabet,146.86993408203125,148.32211896882083,144.92890116234534,145.73770266628088,38412000
2021-11-05,GOOGL,Alphabet,147.4489288330078,148.91051523572824,146.80010405976353,147.7634258058656,38354000
2021-11-08,GOOGL,Alphabet,147.626220703125,149.19528935553726,147.03137153960657,148.4127275313217,23052000
2021-11-09,GOOGL,Alphabet,147.51480102539062,148.422167196909,145.85706777321636,147.8263354686144,19530000
2021-11-10,GOOGL,Alphabet,144.518310546875,146.67430853463378,143.17510445335165,146.10967406442404,29970000
2021-11-11,GOOGL,Alphabet,144.3925018310547,146.144839595857,144.22806618195017,145.10869397753137,16518000
2021-11-12,GOOGL,Alphabet,147.2765655517578,147.44695650484718,144.04036175488466,145.23350653045176,22360000
2021-11-15,GOOGL,Alphabet,147.05270385742188,148.13986257214947,146.1839714501009,147.49697791828982,23508000
2021-11-16,GOOGL,Alphabet,146.4821014404297,147.36023509685174,145.92390607867836,146.75302192957213,18904000
2021-11-17,GOOGL,Alphabet,146.65151977539062,147.15918597482235,145.8521348261738,146.63220285506807,19594000
2021-11-18,GOOGL,Alphabet,148.42611694335938,149.16112717315613,146.49054062936167,146.8441702118311,35608000
2021-11-19,GOOGL,Alphabet,147.52268981933594,149.54346886811575,147.49545266698877,148.56179776184993,33682000
2021-11-22,GOOGL,Alphabet,144.92295837402344,148.4172045095236,144.76991940785044,147.92489515967466,30594000
2021-11-23,GOOGL,Alphabet,144.40785217285156,145.27758204342976,142.7565731039976,144.77535729221407,27218000
2021-11-24,GOOGL,Alphabet,144.74269104003906,144.87097172353685,143.01216391215584,144.10228521004993,18040000
2021-11-26,GOOGL,Alphabet,140.84280395507812,143.19491878287513,140.5055135757298,142.98788914693813,30470000
2021-11-29,GOOGL,Alphabet,144.1587371826172,144.91850577608645,142.5371588988237,142.64266132158292,32596000
2021-11-30,GOOGL,Alphabet,140.5600128173828,144.6238369270259,140.26679764707933,143.6416817359774,42068000
2021-12-01,GOOGL,Alphabet,139.72195434570312,144.5747786828492,139.58377337669666,142.6426635104405,34020000
2021-12-02,GOOGL,Alphabet,141.61839294433594,142.50842215106744,138.89281831208532,139.91856472972714,29194000
2021-12-03,GOOGL,Alphabet,140.66299438476562,143.03888475918794,138.97852275278916,142.32666783141497,41230000
2021-12-06,GOOGL,Alphabet,141.80560302734375,142.49652286942776,138.82892367181316,141.6921803830131,30618000
2021-12-07,GOOGL,Alphabet,145.88133239746094,146.14037256639585,143.8585729968473,144.22409805259204,32240000
2021-12-08,GOOGL,Alphabet,146.78970336914062,146.9942692567073,145.02599898340083,146.20526827170806,24270000
2021-12-09,GOOGL,Alphabet,146.24685668945312,147.69458257877415,145.72829267560041,146.1998038220425,23270000
2021-12-10,GOOGL,Alphabet,146.6064453125,147.57324356030594,145.32117483729272,147.29836288030972,24458000
2021-12-13,GOOGL,Alphabet,144.4519500732422,146.57523920094434,144.14585701731025,146.3885089845114,27070000
2021-12-14,GOOGL,Alphabet,142.550537109375,143.1181341036915,139.8839104442627,142.61096672120067,38446000
2021-12-15,GOOGL,Alphabet,145.06063842773438,145.33799793275747,140.3425340803802,142.057220419799,36370000
2021-12-16,GOOGL,Alphabet,143.0834503173828,146.28497975393273,142.253336836299,145.78325384550055,33650000
2021-12-17,GOOGL,Alphabet,140.3891143798828,142.47872745262327,139.9681173823491,141.1568032286509,50416000
2021-12-20,GOOGL,Alphabet,140.27220153808594,140.43813355928052,138.0077539378615,138.6803545036419,27192000
2021-12-21,GOOGL,Alphabet,142.12014770507812,142.51290997715657,139.17814138751456,140.71451675436788,28756000
2021-12-22,GOOGL,Alphabet,145.0348663330078,145.11907176242747,141.71893179495092,141.71893179495092,26322000
2021-12-23,GOOGL,Alphabet,145.5316619873047,146.84614951123285,145.07153240558975,145.1190840665869,26384000
2021-12-27,GOOGL,Alphabet,146.51234436035156,146.9457205351442,145.7822917221511,145.86797843863056,15976000
2021-12-28,GOOGL,Alphabet,145.3043212890625,146.90112605445645,144.67779110911528,146.83871638730724,18200000
2021-12-29,GOOGL,Alphabet,145.27259826660156,146.02742408145303,144.27460303087,145.26219917649928,17788000
2021-12-30,GOOGL,Alphabet,144.8224334716797,145.91157226613814,144.6183814888718,145.31128156264066,15688000
2021-12-31,GOOGL,Alphabet,143.4866485595703,145.31574030133416,143.4866485595703,144.67335443030515,18136000
2022-01-03,GOOGL,Alphabet,143.6248016357422,144.47619703135243,142.35834947327606,143.68769497903742,28646000
2022-01-04,GOOGL,Alphabet,143.0384063720703,145.1042436429634,142.36184561053787,144.02550400377285,28400000
2022-01-05,GOOGL,Alphabet,136.47633361816406,143.13745135306127,136.3901632285162,143.0587024090049,54618000
2022-01-06,GOOGL,Alphabet,136.44908142089844,138.62091962175828,135.27129360084805,135.7071485529665,37348000
2022-01-07,GOOGL,Alphabet,135.72547912597656,137.14348910378652,134.48676280437064,136.84333622696138,29760000
2022-01-10,GOOGL,Alphabet,137.3623809814453,137.51097613420416,131.90928198474367,133.80474307124737,44408000
2022-01-11,GOOGL,Alphabet,138.41883850097656,138.89432489527653,135.4040389194939,136.70614733101905,28730000
2022-01-12,GOOGL,Alphabet,140.09735107421875,141.26375722339816,139.36829621800032,139.81949281195844,26108000
2022-01-13,GOOGL,Alphabet,137.2806854248047,141.50350289892143,137.10435430356105,140.20583825361632,31436000
2022-01-14,GOOGL,Alphabet,138.165771484375,139.41538580331004,135.70717186275306,135.7869032841477,29662000
2022-01-18,GOOGL,Alphabet,134.71609497070312,135.8389098452004,134.1618746973883,134.89142851777413,34872000
2022-01-19,GOOGL,Alphabet,133.84288024902344,136.65908416614792,133.74283433997795,135.23661543971323,28648000
2022-01-20,GOOGL,Alphabet,132.05093383789062,136.3287393505402,131.71116467084525,134.96570256305773,29908000
2022-01-21,GOOGL,Alphabet,129.12281799316406,133.59426174993882,128.86031646787782,131.34368942250475,55652000
2022-01-24,GOOGL,Alphabet,129.57106018066406,129.966301316712,123.32647997852636,124.79054540817465,76622000
2022-01-25,GOOGL,Alphabet,125.7385025024414,128.17928120048109,125.30810404425327,127.5264963501833,46960000
2022-01-26,GOOGL,Alphabet,128.01483154296875,131.7463215282663,125.9435382450709,129.8830553886259,49130000
2022-01-27,GOOGL,Alphabet,127.78901672363281,131.40212729229407,127.71719042774222,130.06634259125644,31950000
2022-01-28,GOOGL,Alphabet,132.0940399169922,132.09949641780102,127.27390918310897,128.43683914357985,34362000
2022-01-31,GOOGL,Alphabet,134.0281219482422,134.19603402997248,130.96329190158724,132.8973869656009,39986000
2022-02-01,GOOGL,Alphabet,136.3465576171875,136.49415519096547,133.1019351922104,136.29752469047622,68644000
2022-02-02,GOOGL,Alphabet,146.60498046875,150.1180454331979,144.15083955777055,149.82434659390836,123200000
2022-02-03,GOOGL,Alphabet,141.74122619628906,148.26416246033293,141.32072802834824,144.33208137122566,71518000
2022-02-04,GOOGL,Alphabet,141.94232177734375,143.50941059648488,139.19050728126922,142.0923982148257,57998000
2022-02-07,GOOGL,Alphabet,137.8888702392578,142.8902734635897,137.59069748325538,142.8902734635897,54974000
2022-02-08,GOOGL,Alphabet,138.08502197265625,138.68035486899515,135.72250851145188,137.71603558970185,54284000
2022-02-09,GOOGL,Alphabet,140.2573699951172,141.1810906659547,138.8656145268964,139.63479982655852,40144000
2022-02-10,GOOGL,Alphabet,137.3133544921875,140.15085547320035,136.65660953339068,138.38665259987917,39330000
2022-02-11,GOOGL,Alphabet,133.0167694091797,137.8448206179195,132.14258050012307,137.29357797469913,39958000
2022-02-14,GOOGL,Alphabet,134.24853515625,135.01524150081954,132.00042669980434,132.00042669980434,34302000
2022-02-15,GOOGL,Alphabet,135.32081604003906,136.8066768485593,134.54123186318918,136.2737385525834,26680000
2022-02-16,GOOGL,Alphabet,136.43968200683594,136.7843937626377,133.6521963761595,135.35846364202985,25022000
2022-02-17,GOOGL,Alphabet,131.28968811035156,135.82106231860794,131.22975729540616,134.95876898649715,38950000
2022-02-18,GOOGL,Alphabet,129.17381286621094,132.80625486592996,128.96926212956205,132.20892681142413,45620000
2022-02-22,GOOGL,Alphabet,128.58987426757812,130.934551968721,127.01485025120279,128.61413377590594,44990000
2022-02-23,GOOGL,Alphabet,126.3853530883789,130.80628231511255,126.32542227304695,130.40757990733792,32786000
2022-02-24,GOOGL,Alphabet,131.44027709960938,131.74637021438616,123.77571366767862,123.77571366767862,54456000
2022-02-25,GOOGL,Alphabet,133.19207763671875,133.99642015608714,130.50959571249916,132.29313059177062,36406000
2022-02-28,GOOGL,Alphabet,133.78396606445312,134.47190837481307,131.34268834077528,131.79588020023658,38864000
2022-03-01,GOOGL,Alphabet,132.79783630371094,134.9711560163724,131.9627951950794,133.6071366345848,26496000
2022-03-02,GOOGL,Alphabet,133.30303955078125,133.98752054186207,131.81717846328633,133.35901024990838,23520000
2022-03-03,GOOGL,Alphabet,132.63735961914062,135.15341075297445,131.7715899019404,134.72795489655672,24604000
2022-03-04,GOOGL,Alphabet,130.66314697265625,132.58982070864644,129.1089360838298,131.67453429885822,30430000
2022-03-07,GOOGL,Alphabet,125.18724822998047,130.4932561715778,125.10453161947382,130.24859033799694,45112000
2022-03-08,GOOGL,Alphabet,125.90641784667969,130.0128427096033,124.48989666762061,125.05997251114222,40428000
2022-03-09,GOOGL,Alphabet,132.16238403320312,132.47491606181063,128.67605804169412,130.01284022199468,37026000
2022-03-10,GOOGL,Alphabet,131.1811981201172,132.01575534200063,129.67849935014567,130.02866755312633,27102000
2022-03-11,GOOGL,Alphabet,128.64634704589844,132.53435325187561,128.4096014176675,132.23024024414997,31526000
2022-03-14,GOOGL,Alphabet,124.7637710571289,129.179749732327,124.09414817213414,129.0222518662793,38812000
2022-03-15,GOOGL,Alphabet,127.98017120361328,128.63049231232975,124.53544938703808,125.7791157667184,30920000
2022-03-16,GOOGL,Alphabet,132.0242156982422,132.07621116573054,127.52106056963687,129.50072753440998,35576000
2022-03-17,GOOGL,Alphabet,132.57742309570312,132.81664753613904,130.93900699221336,131.89392469445764,28264000
2022-03-18,GOOGL,Alphabet,134.8423614501953,134.95974420725267,131.01180809511806,132.166817544067,44566000
2022-03-21,GOOGL,Alphabet,134.818603515625,135.75816449036662,132.82853776609664,134.8800155945873,26832000
2022-03-22,GOOGL,Alphabet,138.54962158203125,139.72048699983432,134.81862924241636,134.81862924241636,35496000
2022-03-23,GOOGL,Alphabet,136.97213745117188,138.27276485584034,136.53579871489407,137.3951145606356,25154000
2022-03-24,GOOGL,Alphabet,140.237548828125,140.28410290416335,136.45206761789734,137.88789810464644,26396000
2022-03-25,GOOGL,Alphabet,140.33758544921875,140.6961727306353,138.42032850640626,140.57829116733367,24126000
2022-03-28,GOOGL,Alphabet,140.1221466064453,140.66398768557863,138.49363060700367,139.5723701734137,35050000
2022-03-29,GOOGL,Alphabet,141.16221618652344,142.43808486861326,140.69962291058357,141.30289109647842,34318000
2022-03-30,GOOGL,Alphabet,140.60057067871094,141.3751971168259,140.26526046966993,141.11715456864937,19884000
2022-03-31,GOOGL,Alphabet,137.75665283203125,140.7684898968639,137.71405887609035,140.71400046777697,37524000
2022-04-01,GOOGL,Alphabet,138.8294219970703,139.14689657242798,137.00379203918484,138.18505622759434,25942000
2022-04-04,GOOGL,Alphabet,141.62387084960938,142.35739996687056,138.98795747049755,139.03550914168866,25942000
2022-04-05,GOOGL,Alphabet,139.2657928466797,141.64266561089818,139.05926203677285,141.52232030143693,21418000
2022-04-06,GOOGL,Alphabet,135.2609100341797,138.04689956099944,134.2396223803811,137.44214998977517,32468000
2022-04-07,GOOGL,Alphabet,134.60760498046875,135.87157824028196,132.96225109677235,134.72795027720932,26234000
2022-04-08,GOOGL,Alphabet,132.0311279296875,134.39116244363444,131.71215695928404,134.30547574358152,25142000
2022-04-11,GOOGL,Alphabet,127.60920715332031,130.84739067393326,127.45566939745935,130.58092905766304,36884000
2022-04-12,GOOGL,Alphabet,126.51067352294922,130.35955472624002,125.59389824146888,130.35955472624002,32710000
2022-04-13,GOOGL,Alphabet,128.6696319580078,129.1054869891877,126.53692599863578,126.7934873559408,27928000
2022-04-14,GOOGL,Alphabet,125.53545379638672,129.24961528064816,125.40766436187617,129.24961528064816,31598000
2022-04-18,GOOGL,Alphabet,126.47301483154297,127.00395800091283,124.99260283196493,125.80289311850134,20808000
2022-04-19,GOOGL,Alphabet,128.7835235595703,129.10445946368372,125.8023852699178,126.48786373209683,26490000
2022-04-20,GOOGL,Alphabet,126.83307647705078,130.16042293885656,126.29817321753465,129.65819821919953,31696000
2022-04-21,GOOGL,Alphabet,123.63799285888672,128.87218229541864,123.3527055622705,128.0316847615535,36446000
2022-04-22,GOOGL,Alphabet,118.50780487060547,124.21995176709888,117.80400705459354,123.82174062602672,56884000
2022-04-25,GOOGL,Alphabet,121.91389465332031,122.1154753014406,117.39390981440351,117.9783448116081,46128000
2022-04-26,GOOGL,Alphabet,117.5316162109375,121.35523276783128,117.39392647415147,121.14176417431584,73054000
2022-04-27,GOOGL,Alphabet,113.21715545654297,116.13686670418976,111.67384258767316,113.39050136160769,91820000
2022-04-28,GOOGL,Alphabet,117.40530395507812,118.52167974527936,113.03934791722725,115.31767110037897,48884000
2022-04-29,GOOGL,Alphabet,113.03388977050781,116.80847271243297,112.74167228320682,115.63414626331097,42676000
2022-05-02,GOOGL,Alphabet,115.48409271240234,115.64505948132707,111.53863464466028,112.336047043813,35534000
2022-05-03,GOOGL,Alphabet,116.2280044555664,117.32556209419245,114.94075408048792,115.33301749852883,24968000
2022-05-04,GOOGL,Alphabet,121.10857391357422,121.69647785121755,114.03091818678884,115.92836716829281,49916000
2022-05-05,GOOGL,Alphabet,115.4073257446289,119.8980938644429,113.92146466993306,119.07096543975983,45840000
2022-05-06,GOOGL,Alphabet,114.65547943115234,116.46328163885201,112.94080049661473,114.09878031188086,39710000
2022-05-09,GOOGL,Alphabet,111.45046997070312,113.99228466247091,110.9447838916454,112.18250256559926,40802000
2022-05-10,GOOGL,Alphabet,113.31671142578125,115.15422955384565,111.83629934235512,114.41872804342833,39900000
2022-05-11,GOOGL,Alphabet,112.53168487548828,115.26765131886637,112.16913744806907,112.16913744806907,37534000
2022-05-12,GOOGL,Alphabet,111.78032684326172,113.2176460554151,108.78928812184641,110.32765083304804,53836000
2022-05-13,GOOGL,Alphabet,114.95661163330078,116.76391499760273,112.53416717091297,113.45341371338583,35038000
2022-05-16,GOOGL,Alphabet,113.36624908447266,115.07498784290695,112.81598893736187,113.87193521225011,25990000
2022-05-17,GOOGL,Alphabet,115.3751220703125,115.798099091998,113.78723513362914,115.73915830811926,23054000
2022-05-18,GOOGL,Alphabet,110.84473419189453,114.31224201290831,110.50397497987214,113.91601089828785,35126000
2022-05-19,GOOGL,Alphabet,109.34352111816406,111.9447678514437,108.96313804874286,110.38114796918116,34144000
2022-05-20,GOOGL,Alphabet,107.88143920898438,111.1260696305812,104.79927194524407,110.89575541298444,48962000
2022-05-23,GOOGL,Alphabet,110.4371109008789,111.09039456188339,107.71600254425863,108.55452759041016,37184000
2022-05-24,GOOGL,Alphabet,104.97113800048828,105.45503592449192,100.92414493774601,104.77500626449768,76780000
2022-05-25,GOOGL,Alphabet,104.80768585205078,105.49613450260898,102.87755077701198,103.99590668358864,40258000
2022-05-26,GOOGL,Alphabet,106.77645874023438,107.62537539755519,104.23315497933007,104.68089790507406,37948000
2022-05-27,GOOGL,Alphabet,111.25780487060547,111.25929369416936,108.1097592407956,108.45101725108991,37914000
2022-05-31,GOOGL,Alphabet,112.6896743774414,114.64407635149765,111.02204096124585,111.68374363227105,50012000
2022-06-01,GOOGL,Alphabet,112.81846618652344,115.99771697433434,112.18251929320718,113.77239408397863,36606000
2022-06-02,GOOGL,Alphabet,116.51377868652344,116.78816808605261,111.8818601072899,112.92542707356598,37992000
2022-06-03,GOOGL,Alphabet,113.4613265991211,115.22504574352156,112.44846568294494,114.9684844405739,26136000
2022-06-06,GOOGL,Alphabet,115.7193374633789,118.2220192512077,115.06902396731854,115.60442599773029,33542000
2022-06-07,GOOGL,Alphabet,116.04524993896484,116.58164964382146,113.96752484797211,114.39198315815538,31590000
2022-06-08,GOOGL,Alphabet,116.08931732177734,117.45284525112088,115.50091467466366,115.66089139138923,26108000
2022-06-09,GOOGL,Alphabet,113.75305938720703,117.18391328926909,113.69411860375493,115.23099254159975,25798000
2022-06-10,GOOGL,Alphabet,110.11368560791016,112.21122625756998,109.3256823347158,111.38508794278529,41452000
2022-06-13,GOOGL,Alphabet,105.38964080810547,107.76602221273737,105.11872028376786,105.77992416332314,47252000
2022-06-14,GOOGL,Alphabet,105.70960235595703,106.90720599069174,104.8027349790205,105.53080749276522,33706000
2022-06-15,GOOGL,Alphabet,108.72986602783203,110.37322494977526,106.65461223598331,107.52185574417723,39698000
2022-06-16,GOOGL,Alphabet,105.0340347290039,107.62438376681095,104.14697548134566,106.21034141935115,51684000
2022-06-17,GOOGL,Alphabet,106.13356018066406,107.67489298903801,104.05582771449916,105.03402250297012,51376000
2022-06-21,GOOGL,Alphabet,110.49258422851562,111.42917514346335,107.57633415067775,107.90272658856365,47416000
2022-06-22,GOOGL,Alphabet,110.43661499023438,112.27808553314208,109.34202746291359,109.51439089534087,30774000
2022-06-23,GOOGL,Alphabet,111.18400573730469,111.6797915400438,109.45892779579324,111.17360664482932,28362000
2022-06-24,GOOGL,Alphabet,116.86296081542969,116.96598437616667,111.88780403394424,111.9299067523176,41164000
2022-06-27,GOOGL,Alphabet,114.74166107177734,117.46177198860401,114.09381876102695,117.15816533978835,36420000
2022-06-28,GOOGL,Alphabet,110.95172119140625,116.20374667239821,110.7937245115218,114.71094784953131,35792000
2022-06-29,GOOGL,Alphabet,110.64860534667969,112.0938524988512,109.82741711494367,110.50051652384064,24716000
2022-06-30,GOOGL,Alphabet,107.9359130859375,109.84277107418012,105.74377534571843,108.9631408714663,43170000
2022-07-01,GOOGL,Alphabet,107.7125473022461,108.22021347289117,105.72446146275112,106.91562613688178,35476000
2022-07-05,GOOGL,Alphabet,112.19537353515625,112.30829738922557,104.734864359828,106.09096331087137,39342000
2022-07-06,GOOGL,Alphabet,113.49205017089844,114.49996109393334,110.42523220637499,112.23402443600865,37432000
2022-07-07,GOOGL,Alphabet,117.66334533691406,118.06601541008106,113.75107996208602,113.99525457205867,40936000
2022-07-08,GOOGL,Alphabet,118.22847747802734,118.55684998677997,115.7995865179468,116.14480464976064,38238000
2022-07-11,GOOGL,Alphabet,114.58612823486328,116.88574836577106,114.24338897628644,116.88574836577106,31196000
2022-07-12,GOOGL,Alphabet,112.94575500488281,115.87141447744821,112.6183724999501,115.11956607095853,29960000
2022-07-13,GOOGL,Alphabet,110.30388641357422,113.11959190510474,110.15331873670166,110.64810696160987,43722000
2022-07-14,GOOGL,Alphabet,109.32718658447266,110.04585008459887,107.35148734064299,109.1716687492419,37004000
2022-07-15,GOOGL,Alphabet,110.72389221191406,112.07405123227751,109.85466858314359,110.94479736923233,46770000
2022-07-18,GOOGL,Alphabet,108.00228881835938,112.60845972018963,107.34851386704042,111.57826178835704,43164600
2022-07-19,GOOGL,Alphabet,112.73722076416016,112.94524039032943,108.52728140447425,109.80512272878235,36530900
2022-07-20,GOOGL,Alphabet,112.82638549804688,114.31224656898476,111.41977216468759,112.10326311823246,35600400
2022-07-21,GOOGL,Alphabet,113.2622299194336,113.47025711440008,110.06268006419117,113.20279789657461,32676200
2022-07-22,GOOGL,Alphabet,106.88294219970703,111.28108587114552,105.49613700921657,109.95372026312712,48901200
2022-07-25,GOOGL,Alphabet,106.4966049194336,108.83435998981076,105.29801137565637,107.38812296448917,34690900
2022-07-26,GOOGL,Alphabet,104.03009033203125,106.18954220710675,103.08904794486875,105.59519924903145,47991000
2022-07-27,GOOGL,Alphabet,111.99429321289062,112.83628715279444,106.99189908350105,108.23011657455983,59858500
2022-07-28,GOOGL,Alphabet,113.14336395263672,113.26222799633648,110.40937758534383,111.31080355662644,32816600
2022-07-29,GOOGL,Alphabet,115.22357177734375,115.60989504749655,111.99429829794433,112.01411401088968,37223400
2022-08-01,GOOGL,Alphabet,113.7773208618164,115.61978895447348,113.26221819210625,114.21317580426667,26034300
2022-08-02,GOOGL,Alphabet,114.04478454589844,115.25328606314042,112.64807910337518,112.92543862061498,20236000
2022-08-03,GOOGL,Alphabet,116.96698760986328,117.50189851277953,114.39149654793644,114.6193243510887,28499000
2022-08-04,GOOGL,Alphabet,117.07594299316406,117.66037802315151,115.7881937755093,116.37263636297655,21602900
2022-08-05,GOOGL,Alphabet,116.36273193359375,116.996698705037,114.90658690755124,115.13442225860744,19159500
2022-08-08,GOOGL,Alphabet,116.19432830810547,119.01746257719415,115.77828150201907,117.27405029484413,19138300
2022-08-09,GOOGL,Alphabet,115.53064727783203,116.21414578212966,114.61932097708862,116.0358421530729,19086500
2022-08-10,GOOGL,Alphabet,118.57169342041016,119.7801947938587,117.2938597333812,117.6603672414906,30930400
2022-08-11,GOOGL,Alphabet,117.71980285644531,120.34482529677571,117.44244336372742,120.13680567723729,24293700
2022-08-12,GOOGL,Alphabet,120.53305053710938,120.53305053710938,118.33397493999934,119.12643720187907,19096300
2022-08-15,GOOGL,Alphabet,120.92927551269531,121.14720300149365,119.47313052616087,119.98822567992796,19494800
2022-08-16,GOOGL,Alphabet,120.55284118652344,121.27596346229039,119.50283526586922,120.37453758136715,19041200
2022-08-17,GOOGL,Alphabet,118.42312622070312,120.1467228864073,118.25472289488862,118.98775310554484,22847000
2022-08-18,GOOGL,Alphabet,119.03726959228516,119.6811441703863,117.60094038977294,118.30424698639806,17987700
2022-08-19,GOOGL,Alphabet,116.10517120361328,118.02688707558907,115.65941595128955,117.93773149063666,21809500
2022-08-22,GOOGL,Alphabet,113.16316986083984,114.54006709454625,112.77684661152537,114.11411997895853,21456600
2022-08-23,GOOGL,Alphabet,112.78675079345703,113.92591234989574,112.36080369174447,112.41033541234246,15870400
2022-08-24,GOOGL,Alphabet,112.61836242675781,113.6980844778473,111.80609203500424,112.43015094510808,17734600
2022-08-25,GOOGL,Alphabet,115.55046844482422,115.61980832842583,113.03440936381037,113.1631812740761,16956800
2022-08-26,GOOGL,Alphabet,109.29993438720703,114.03488457916195,109.15135432931017,113.63865345731685,37245700
2022-08-29,GOOGL,Alphabet,108.38859558105469,109.90417245643232,107.77444459271976,108.9532224083028,21191200
2022-08-30,GOOGL,Alphabet,107.91313934326172,109.45843244169193,106.7838855317196,109.13154119164547,27513300
2022-08-31,GOOGL,Alphabet,107.19992065429688,109.80512758191875,107.11076506343836,109.60701580275753,28627000
2022-09-01,GOOGL,Alphabet,108.70559692382812,109.40890361050023,106.34803334494922,107.25935968056825,28360900
2022-09-02,GOOGL,Alphabet,106.8333969116211,109.69615496666863,106.24896192011391,109.54756736557177,24160700
2022-09-06,GOOGL,Alphabet,105.8031997680664,107.01170118012315,104.78290982238947,106.28858643846911,25068300
2022-09-07,GOOGL,Alphabet,108.41831970214844,108.94333026280533,105.89236057332785,106.05084848113617,23167000
2022-09-08,GOOGL,Alphabet,107.35841369628906,108.56691525636909,106.14991969368934,107.02162214412529,24238300
2022-09-09,GOOGL,Alphabet,109.60701751708984,109.94380905842759,107.99237701749992,108.0419087418049,23197700
2022-09-12,GOOGL,Alphabet,109.81503295898438,110.56787130626519,108.89379884747014,109.94380485678408,22966800
2022-09-13,GOOGL,Alphabet,103.3366928100586,107.27918116781935,103.10885743515198,106.7838941034388,38172900
2022-09-14,GOOGL,Alphabet,104.01026916503906,104.28762867361574,102.68290364328506,103.58432204615924,26395100
2022-09-15,GOOGL,Alphabet,101.9399642944336,104.27771175972158,101.3852377679857,103.04940223237112,34188300
2022-09-16,GOOGL,Alphabet,101.83101654052734,102.15790023712232,99.98854818162332,101.10789415037412,42797200
2022-09-19,GOOGL,Alphabet,102.09848022460938,102.35603162698526,100.5928107993345,100.79092261194289,23036800
2022-09-20,GOOGL,Alphabet,100.1866455078125,101.40505475280146,99.57248695767865,101.11778740955236,26517100
2022-09-21,GOOGL,Alphabet,98.34419250488281,101.91025764699961,98.33428464808382,100.71166392865516,31487300
2022-09-22,GOOGL,Alphabet,99.19607543945312,100.28570528054816,97.85880210913288,97.88851811864318,34298600
2022-09-23,GOOGL,Alphabet,97.80928039550781,98.72061427278281,96.55125466682168,98.69089070275186,31625400
2022-09-26,GOOGL,Alphabet,97.2446517944336,98.93853249770274,96.87814423603862,97.17531191386047,27072700
2022-09-27,GOOGL,Alphabet,96.5809555053711,99.05739026191908,95.95689666741349,98.49276343972531,30072800
2022-09-28,GOOGL,Alphabet,99.10693359375,99.75080065991985,96.19464356038361,96.72955443737825,32466300
2022-09-29,GOOGL,Alphabet,96.501708984375,97.71021036985752,95.05547197538944,97.71021036985752,31047200
2022-09-30,GOOGL,Alphabet,94.74840545654297,97.96777098525601,94.65924986585827,96.13521058040764,32941500
2022-10-03,GOOGL,Alphabet,97.71022033691406,98.35409495883162,95.61020070223094,95.84794390746448,27982000
2022-10-04,GOOGL,Alphabet,100.68193817138672,100.88004994331021,99.43381284732565,99.49325242488644,28850800
2022-10-05,GOOGL,Alphabet,100.47393035888672,100.96921740441856,97.86872322008227,98.88901332468096,22176900
2022-10-06,GOOGL,Alphabet,100.4640121459961,101.95978098541211,99.6418339213685,99.73098951026391,22324000
2022-10-07,GOOGL,Alphabet,97.74983978271484,99.58240011798391,97.37342439434227,98.90880951525219,27502800
2022-10-10,GOOGL,Alphabet,96.93756866455078,98.16587826309313,96.09558230714255,98.0668223782474,18225100
2022-10-11,GOOGL,Alphabet,96.26397705078125,98.31446483110562,95.40217499101496,96.51162053902081,26507100
2022-10-12,GOOGL,Alphabet,96.64038848876953,97.81917386308255,95.8281181827879,96.38284471289478,21876400
2022-10-13,GOOGL,Alphabet,98.12625885009766,98.83947334531618,93.49037218865715,94.25311840728581,34574500
2022-10-14,GOOGL,Alphabet,95.64981842041016,99.74089368039773,95.46161450854994,99.04748737926585,25410700
2022-10-17,GOOGL,Alphabet,99.02767944335938,99.9786295328087,97.89842573979583,97.92814174923495,28419200
2022-10-18,GOOGL,Alphabet,99.82013702392578,102.49469131471892,99.0276823713602,102.15789223033175,24060700
2022-10-19,GOOGL,Alphabet,98.69088745117188,100.06778474217612,97.98758079988396,99.06731041769221,23811100
2022-10-20,GOOGL,Alphabet,99.02767944335938,101.35552672500424,98.45314473593805,99.05739545279849,25323200
2022-10-21,GOOGL,Alphabet,100.17675018310547,100.35505381302936,96.79889662854987,96.92766853336371,32458700
2022-10-24,GOOGL,Alphabet,101.55364227294922,101.78147761626212,99.0375909853776,100.84043534742486,27176400
2022-10-25,GOOGL,Alphabet,103.49517059326172,103.83196211183454,101.75175830879428,101.930061923768,40611400
2022-10-26,GOOGL,Alphabet,94.03518676757812,97.38332404744001,93.79745113215374,95.52104771456979,88114100
2022-10-27,GOOGL,Alphabet,91.3507308959961,94.53047236921812,90.9346916507101,93.62904644695233,60710900
2022-10-28,GOOGL,Alphabet,95.38237762451172,95.63992899750288,91.26158588657455,91.40026565107432,43697300
2022-10-31,GOOGL,Alphabet,93.61915588378906,95.12482511935792,93.09415284479122,94.52057434230903,31675000
2022-11-01,GOOGL,Alphabet,89.61724090576172,95.1248305368086,89.51818500629669,94.55029573943848,47161400
2022-11-02,GOOGL,Alphabet,86.15020751953125,90.32052245219354,86.06105194461617,90.08278684821762,57038300
2022-11-03,GOOGL,Alphabet,82.64358520507812,85.70445509240571,82.55442961941449,85.50634332478795,61288000
2022-11-04,GOOGL,Alphabet,85.76390838623047,85.82334041452579,82.92095796557335,84.59503063237807,51124900
2022-11-07,GOOGL,Alphabet,87.65589141845703,88.06203038731945,86.03135065796711,86.45729778160043,34078900
2022-11-08,GOOGL,Alphabet,88.0620346069336,89.46864794494398,86.7643774616038,88.0620346069336,30429000
2022-11-09,GOOGL,Alphabet,86.4969253540039,88.59694505123552,86.4573014852848,87.616271304768,31769100
2022-11-10,GOOGL,Alphabet,93.05452728271484,93.50028257555145,90.74648796696232,91.38045474487578,51620100
2022-11-11,GOOGL,Alphabet,95.5012435913086,96.01633874938153,93.03470887381417,93.79745509098437,33090500
2022-11-14,GOOGL,Alphabet,94.79792022705078,95.877649719558,93.6191424124527,94.19366953695061,30179500
2022-11-15,GOOGL,Alphabet,97.51210021972656,99.1960728800167,95.79840399321353,97.33379660978578,41640800
2022-11-16,GOOGL,Alphabet,97.91822052001953,98.70077474411369,96.71962710564094,96.97717841473637,29105200
2022-11-17,GOOGL,Alphabet,97.43285369873047,98.34417991306272,95.87765290955153,96.0559565217017,26052600
2022-11-18,GOOGL,Alphabet,96.5116195678711,97.96776447326395,95.4616136066945,97.83898502388834,28342300
2022-11-21,GOOGL,Alphabet,94.69888305664062,97.47249357744444,94.46114738720851,96.37295571478498,21647400
2022-11-22,GOOGL,Alphabet,96.13520812988281,96.30360389329707,93.16348617912884,95.0455707019559,23438500
2022-11-23,GOOGL,Alphabet,97.53191375732422,97.82908897612423,96.17482467577447,96.17482467577447,18868100
2022-11-25,GOOGL,Alphabet,96.54134368896484,97.71022134220922,96.48191166578498,97.31399022022332,9701400
2022-11-28,GOOGL,Alphabet,95.14464569091797,96.66022286050219,94.70879066686162,96.1253119375641,26237500
2022-11-29,GOOGL,Alphabet,94.29275512695312,95.21398938259789,93.22293323830483,94.82766607127728,20061700
2022-11-30,GOOGL,Alphabet,100.0380630493164,100.08759477077614,93.52999237293703,93.92622347217593,43647500
2022-12-01,GOOGL,Alphabet,100.0380630493164,101.28618836680111,99.30504042808617,100.06777905920039,28687100
2022-12-02,GOOGL,Alphabet,99.49325561523438,99.82013929364201,97.96777073857241,98.11635835101946,21480700
2022-12-05,GOOGL,Alphabet,98.54230499267578,100.42438954950684,98.0668261466735,98.46305725876209,24405100
2022-12-06,GOOGL,Alphabet,96.06587219238281,98.83947492565986,95.51114559974337,98.3640036262318,24910700
2022-12-07,GOOGL,Alphabet,94.04509735107422,95.96680575916933,93.82716986333111,95.50124233055791,31045400
2022-12-08,GOOGL,Alphabet,92.82669067382812,94.67906681524398,92.5691393120717,94.48094747640057,32213300
2022-12-09,GOOGL,Alphabet,91.95499420166016,93.37151544670037,91.8757464609982,92.8861287032563,28225400
2022-12-12,GOOGL,Alphabet,92.43047332763672,92.67811686998489,90.74650026266163,91.83613033749734,29420000
2022-12-13,GOOGL,Alphabet,94.72858428955078,98.59182421305074,94.13424142996912,96.83851164366295,40593700
2022-12-14,GOOGL,Alphabet,94.17387390136719,95.95691020054102,92.71772884995525,94.30264580617633,28733600
2022-12-15,GOOGL,Alphabet,90.00355529785156,92.75734984088065,89.16156889949431,92.25215497887433,40107000
2022-12-16,GOOGL,Alphabet,89.4092025756836,90.4691163492958,88.67617244628515,89.90448952704405,58011800
2022-12-19,GOOGL,Alphabet,87.60636901855469,89.70638111067228,87.37853366795777,89.4092134382398,29493000
2022-12-20,GOOGL,Alphabet,88.1808853149414,88.33938076664323,86.61578429552098,87.27946699519438,23453800
2022-12-21,GOOGL,Alphabet,88.73562622070312,89.36959301530564,87.48750078743176,88.24033919007738,24745600
2022-12-22,GOOGL,Alphabet,86.93277740478516,87.705423924909,85.50634840918426,87.32900852106096,27658300
2022-12-23,GOOGL,Alphabet,88.388916015625,88.70589937421238,86.24927267705067,86.28889654155903,23003000
2022-12-27,GOOGL,Alphabet,86.56626892089844,88.10166177985037,86.18985348825937,87.96298201216858,20097300
2022-12-28,GOOGL,Alphabet,85.20917510986328,87.21013889144778,85.12993493079983,86.16013283342589,19523200
2022-12-29,GOOGL,Alphabet,87.61627197265625,88.01250310538757,85.79361934256455,85.8035271991899,23333500
2022-12-30,GOOGL,Alphabet,87.39834594726562,87.46768582385727,85.75398950597845,86.16012846707217,23986300
2023-01-03,GOOGL,Alphabet,88.27996826171875,90.19177661489522,87.68561774395883,88.7455317496589,28131200
2023-01-04,GOOGL,Alphabet,87.249755859375,89.7955306240279,86.4473858159188,89.49835541423235,34854800
2023-01-05,GOOGL,Alphabet,85.3874740600586,86.74456313346334,85.09030640052188,86.64550724695111,27194400
2023-01-06,GOOGL,Alphabet,86.5167236328125,86.86343055515435,84.06010451251869,85.97191250445123,41381500
2023-01-09,GOOGL,Alphabet,87.1903076171875,89.20117889631756,87.03181972986678,87.52710665864704,29003900
2023-01-10,GOOGL,Alphabet,87.58654022216797,87.8341836909419,85.02095751325994,85.16954510602008,30467800
2023-01-11,GOOGL,Alphabet,90.65734100341797,90.73658874757064,88.17100537984503,88.33940116805881,26862000
2023-01-12,GOOGL,Alphabet,90.27100372314453,91.00403390685888,88.9040143567913,90.61771066077036,30258100
2023-01-13,GOOGL,Alphabet,91.25167846679688,91.32101834363606,89.28043078990615,89.9936452702405,26329200
2023-01-17,GOOGL,Alphabet,90.42950439453125,91.38045455947204,89.20119470950107,91.19224307477705,32602400
2023-01-18,GOOGL,Alphabet,90.2611083984375,91.92527307231936,89.78562953840836,91.27149058446429,29116700
2023-01-19,GOOGL,Alphabet,92.17292022705078,92.72763928780023,89.77572523421122,89.8648808303919,37000400
2023-01-20,GOOGL,Alphabet,97.09605407714844,97.3734211280702,94.12433226315825,94.20357999199304,63191100
2023-01-23,GOOGL,Alphabet,98.84937286376953,99.09701634497223,96.58095766905522,97.02671291222839,40005100
2023-01-24,GOOGL,Alphabet,96.7790756225586,98.6710755675798,96.28378862846672,97.17530672932803,33078500
2023-01-25,GOOGL,Alphabet,94.32246398925781,95.25360603181933,92.87622675649058,94.669163401654,42330000
2023-01-26,GOOGL,Alphabet,96.60077667236328,96.6503083971589,94.48094883976952,95.59039448086202,30114000
2023-01-27,GOOGL,Alphabet,98.433349609375,99.37439196772775,96.39276185389814,96.39276185389814,33879800
2023-01-30,GOOGL,Alphabet,96.02623748779297,97.36351075805584,95.49132666819197,96.56114830739395,27226200
2023-01-31,GOOGL,Alphabet,97.9083251953125,97.94794906005014,95.90736914967809,95.95690086997,29870700
2023-02-01,GOOGL,Alphabet,99.48336029052734,100.23619874627202,96.66022552833587,97.77957157580664,35531100
2023-02-02,GOOGL,Alphabet,106.72443389892578,106.83339763663767,104.61451413296538,104.80272559946398,69883800
2023-02-03,GOOGL,Alphabet,103.79234313964844,106.79378116863643,101.61308334943693,101.9597827400415,65309300
2023-02-06,GOOGL,Alphabet,101.93006896972656,103.37630614338306,100.91967922920541,101.43478195583818,31999600
2023-02-07,GOOGL,Alphabet,106.6253890991211,107.16029998780995,102.14799776201166,102.24705365455104,49010200
2023-02-08,GOOGL,Alphabet,98.433349609375,102.16781058689459,97.11588426169673,101.08808846115261,94743500
2023-02-09,GOOGL,Alphabet,94.11443328857422,99.08711120195127,92.7474363981296,99.05739519259022,119455000
2023-02-10,GOOGL,Alphabet,93.67857360839844,95.83802501702435,93.36159026206248,94.55027592145254,54980700
2023-02-13,GOOGL,Alphabet,93.71820068359375,94.30263567820646,92.95545452073385,93.84697257457299,50076100
2023-02-14,GOOGL,Alphabet,93.78754425048828,93.95594001243452,91.39035704490637,93.53990075675098,54726100
2023-02-15,GOOGL,Alphabet,96.02623748779297,96.20454109432663,93.26253536526079,93.59932686789149,50169000
2023-02-16,GOOGL,Alphabet,94.60972595214844,96.75926974325574,93.8469797311233,94.47104619514022,42462600
2023-02-17,GOOGL,Alphabet,93.46063995361328,94.6592333887697,92.33138638470628,93.95592687181735,34284100
2023-02-21,GOOGL,Alphabet,90.92478942871094,92.22243896547124,90.85544955020039,92.12338307581045,33629300
2023-02-22,GOOGL,Alphabet,90.7861099243164,91.24177306400797,89.75591204252156,90.83563409054463,30884000
2023-02-23,GOOGL,Alphabet,90.03326416015625,91.07336981273312,88.91391833662863,91.05355410188592,41206400
2023-02-24,GOOGL,Alphabet,88.28985595703125,89.04269429656404,87.7450448035044,88.59693902936208,36585100
2023-02-27,GOOGL,Alphabet,89.02289581298828,89.31016320477262,88.49788519922211,89.02289581298828,27502300
2023-02-28,GOOGL,Alphabet,89.21109771728516,90.37007511496472,88.47807502657972,88.48798288330664,30142000
2023-03-01,GOOGL,Alphabet,89.50826263427734,90.17194536629773,88.82476419108889,89.13184725435819,31111200
2023-03-02,GOOGL,Alphabet,91.13280487060547,91.41016437188449,88.74551798499179,88.81486541779114,32204400
2023-03-03,GOOGL,Alphabet,92.76726531982422,92.8465130610586,91.57857187375025,91.60829544482357,35160100
2023-03-06,GOOGL,Alphabet,94.23330688476562,95.06539301867707,93.11396092623885,93.13376908199567,32639300
2023-03-07,GOOGL,Alphabet,92.97528076171875,94.76821737043342,92.64838951204187,94.08472641631292,27835500
2023-03-08,GOOGL,Alphabet,93.36161041259766,95.0554912436898,93.11396688365177,93.23283849823886,34103300
2023-03-09,GOOGL,Alphabet,91.44978332519531,94.62952467830927,91.03374409562433,93.1634795195889,28813500
2023-03-10,GOOGL,Alphabet,89.77571868896484,91.91536215154204,89.54789090168737,91.30120355228826,35941000
2023-03-13,GOOGL,Alphabet,90.25119018554688,91.6974271975187,88.57711784736642,89.24080055798404,37335600
2023-03-14,GOOGL,Alphabet,93.08423614501953,93.47055938446682,91.56865919680635,91.68752323511042,36050200
2023-03-15,GOOGL,Alphabet,95.20407104492188,96.01634145078066,91.76677793656864,92.3413126902805,50622100
2023-03-16,GOOGL,Alphabet,99.37437438964844,100.23617641239431,94.59980844378984,95.29320715808248,65492000
2023-03-17,GOOGL,Alphabet,100.66211700439453,101.87061074887092,99.15644052549099,99.3149359685245,61028500
2023-03-20,GOOGL,Alphabet,100.2658920288086,100.79089499007621,98.92861876648033,99.17626224311441,32960400
2023-03-21,GOOGL,Alphabet,103.9310302734375,104.10933390947386,100.2659092140549,100.29562522714755,42110300
2023-03-22,GOOGL,Alphabet,102.3956527709961,105.58529519084568,102.3560288980346,103.28716346144616,43427400
2023-03-23,GOOGL,Alphabet,104.6046142578125,105.29802060137733,103.47536048762859,104.06970338391277,40797800
2023-03-24,GOOGL,Alphabet,104.44612121582031,104.49564537954834,102.86119682693183,104.00035839739058,30393300
2023-03-27,GOOGL,Alphabet,101.49420928955078,103.77253247115901,100.96920628828376,103.6338527182764,31120900
2023-03-28,GOOGL,Alphabet,100.07769012451172,101.48430339231476,98.79984875616225,101.474403093689,32057900
2023-03-29,GOOGL,Alphabet,100.43429565429688,101.52392552543023,99.70127302207695,101.31590589564402,28779600
2023-03-30,GOOGL,Alphabet,99.93901824951172,100.20647748309447,98.83948041696144,99.9588339632855,33086200
2023-03-31,GOOGL,Alphabet,102.75225830078125,102.91074623241707,100.0876114604837,100.34516285155789,36863400
2023-04-03,GOOGL,Alphabet,103.37630462646484,103.54470039492068,100.96920947198919,101.42487261118261,25035400
2023-04-04,GOOGL,Alphabet,103.73291778564453,104.58481209016414,103.05932711596579,103.34659450306941,24420100
2023-04-05,GOOGL,Alphabet,103.48526763916016,105.09990054860849,102.68290511251428,104.7829171689168,28290500
2023-04-06,GOOGL,Alphabet,107.39803314208984,108.14096365506636,103.34658903891498,104.26782317730506,48711500
2023-04-10,GOOGL,Alphabet,105.43669891357422,106.57585296689001,104.12914153667725,105.97160978014296,27067400
2023-04-11,GOOGL,Alphabet,104.35697174072266,105.72396872832205,103.69328895955833,105.54566510200387,26311800
2023-04-12,GOOGL,Alphabet,103.6536636352539,105.74377539759396,103.35648840973943,105.57537962995973,24370300
2023-04-13,GOOGL,Alphabet,106.41736602783203,106.47679804994421,104.84234942454029,104.84234942454029,24843600
2023-04-14,GOOGL,Alphabet,107.84379577636719,107.9131356551454,105.83292417683923,105.8824559006008,26578000
2023-04-17,GOOGL,Alphabet,104.97113800048828,105.15934949683192,103.53480102901426,103.67348835512259,37571200
2023-04-18,GOOGL,Alphabet,103.51498413085938,105.53575601983307,103.08903700390688,105.48622429630001,26596400
2023-04-19,GOOGL,Alphabet,103.19800567626953,103.9904679457502,102.09846786716825,102.60366275289918,20905700
2023-04-20,GOOGL,Alphabet,104.29754638671875,105.2484966020609,102.89093299886771,102.93055686919203,27820800
2023-04-21,GOOGL,Alphabet,104.4164047241211,105.0008397327794,103.79233829269596,104.47583674331223,25800100
2023-04-24,GOOGL,Alphabet,104.97113800048828,105.62491297295048,103.71310466831859,104.49565910984984,23542800
2023-04-25,GOOGL,Alphabet,102.87110900878906,105.68434311564164,102.86120115263496,104.83244886590656,46664100
2023-04-26,GOOGL,Alphabet,102.73243713378906,105.34755210558068,101.66261531147053,103.93103086607017,53347600
2023-04-27,GOOGL,Alphabet,106.57584381103516,107.34849781246507,102.564023992642,103.4654423247581,50089200
2023-04-28,GOOGL,Alphabet,106.32820892333984,106.33811677937744,104.09941743610682,106.03104125953,36139800
2023-05-01,GOOGL,Alphabet,106.18953704833984,106.97209146882285,105.81312162325753,105.83292977932275,26681700
2023-05-02,GOOGL,Alphabet,104.32725524902344,106.18953168173442,102.7324304758186,106.13009965906194,30997200
2023-05-03,GOOGL,Alphabet,104.4164047241211,106.47679281670248,103.97064190774891,104.53526876250336,21795400
2023-05-04,GOOGL,Alphabet,103.70319366455078,104.6046120675871,102.98997918095117,104.49564832384382,23419500
2023-05-05,GOOGL,Alphabet,104.57489013671875,104.88196563853086,103.12865309684194,103.83195968460865,26639300
2023-05-08,GOOGL,Alphabet,106.75415802001953,106.94236950082018,104.16876679983567,104.18857495479786,26511400
2023-05-09,GOOGL,Alphabet,106.33811950683594,109.1117297850802,106.17963159356827,107.36831739425581,36360100
2023-05-10,GOOGL,Alphabet,110.69664001464844,111.87542544527842,106.91264779027239,106.95227165556445,63153400
2023-05-11,GOOGL,Alphabet,115.47122192382812,116.80849544025747,113.33158580903728,114.31225204675472,78900000
2023-05-12,GOOGL,Alphabet,116.40235137939453,116.91744652756881,115.01554628549181,115.58017315602966,41102300
2023-05-15,GOOGL,Alphabet,115.41178894042969,117.36322110013674,114.916501897153,115.01555779431223,36266800
2023-05-16,GOOGL,Alphabet,118.38349914550781,119.61180877166494,115.33252945579774,115.39196147654542,45035600
2023-05-17,GOOGL,Alphabet,119.7009506225586,120.52312880202415,117.76933447319193,118.48254891525943,33323600
2023-05-18,GOOGL,Alphabet,121.67220306396484,122.14767433938904,119.69105511557814,119.80991915569436,35234200
2023-05-19,GOOGL,Alphabet,121.60285949707031,124.78260095081902,120.99860878655475,122.38541381982782,41353400
2023-05-22,GOOGL,Alphabet,123.87128448486328,125.23827391464934,121.5830533547579,121.78117269366314,35253000
2023-05-23,GOOGL,Alphabet,121.40473937988281,123.45522712851732,121.0580400132015,122.98966372610492,34046300
2023-05-24,GOOGL,Alphabet,119.7603988647461,120.76088072713313,118.73020099136893,119.97832635531356,34182600
2023-05-25,GOOGL,Alphabet,122.31607818603516,124.1387306788188,120.81040150658113,123.34626847305567,42317000
2023-05-26,GOOGL,Alphabet,123.43543243408203,124.07930707525598,121.29578886786955,122.00900338994037,35635900
2023-05-30,GOOGL,Alphabet,122.50428009033203,124.47552771647686,120.85002338726862,124.45571200504449,35076700
2023-05-31,GOOGL,Alphabet,121.71182250976562,122.89060035716126,121.3453074319317,121.59295091648666,37325800
2023-06-01,GOOGL,Alphabet,122.5538101196289,123.2472088605985,121.46418028775692,121.66229205446838,30772700
2023-06-02,GOOGL,Alphabet,123.49486541748047,124.96091834173134,122.59344695882075,122.82127475890255,26980100
2023-06-05,GOOGL,Alphabet,124.82223510742188,126.2288484102657,122.67268372774639,122.8410870558176,32305500
2023-06-06,GOOGL,Alphabet,126.10997772216797,127.08073604231397,124.17836138082025,124.82223601376286,26638300
2023-06-07,GOOGL,Alphabet,121.3453140258789,127.82366128329055,120.9688986295934,125.7731809795302,52539000
2023-06-08,GOOGL,Alphabet,120.98870086669922,122.06843039511246,120.09718280596337,121.07785645151252,29389200
2023-06-09,GOOGL,Alphabet,121.07787322998047,122.59345036451406,120.76088982640142,121.09768138630645,23778300
2023-06-12,GOOGL,Alphabet,122.47457885742188,122.8807178585116,120.51324640783483,121.63259239946863,28306400
2023-06-13,GOOGL,Alphabet,122.66278076171875,123.9802460011841,122.01890614745163,123.80194237811752,22278300
2023-06-14,GOOGL,Alphabet,122.50428009033203,122.88070303275143,120.30520468507189,121.9396532341825,30592300
2023-06-15,GOOGL,Alphabet,123.91090393066406,124.27741904880322,121.2462648829115,121.97928756170958,35246300
2023-06-16,GOOGL,Alphabet,122.3656005859375,124.92128322731656,122.11795709489255,124.742979611465,45535600
2023-06-20,GOOGL,Alphabet,121.93965911865234,123.39580412253898,120.98870897595658,121.77126335074871,26097500
2023-06-21,GOOGL,Alphabet,119.41371154785156,121.50382351692494,118.96794866548936,121.24627213316994,30306300
2023-06-22,GOOGL,Alphabet,121.98919677734375,122.07834481499013,117.70991714827096,118.86888698255561,26952200
2023-06-23,GOOGL,Alphabet,121.18680572509766,121.63256850879797,119.91887235875531,120.23585570034089,34913600
2023-06-26,GOOGL,Alphabet,117.22452545166016,120.85002997860882,117.1551855728241,119.62172031459276,33969900
2023-06-27,GOOGL,Alphabet,117.21463012695312,117.95756067064339,115.0056466517561,115.97641255413603,39535900
2023-06-28,GOOGL,Alphabet,119.04718780517578,119.25520744558725,115.74857445547958,115.98631010773838,27091400
2023-06-29,GOOGL,Alphabet,117.97734832763672,118.9282983514325,117.18489375321306,118.11602806709783,24090900
2023-06-30,GOOGL,Alphabet,118.57169342041016,119.93869024626859,118.56179312274388,119.03726436501533,29532200
2023-07-03,GOOGL,Alphabet,118.76982116699219,119.05708852676793,117.6999994597197,118.11603871561022,14467900
2023-07-05,GOOGL,Alphabet,120.60238647460938,121.45428073315573,118.1061432790298,118.1160435778064,27584800
2023-07-06,GOOGL,Alphabet,118.97782897949219,119.16604043452877,117.28394855659973,118.67075349599371,24745200
2023-07-07,GOOGL,Alphabet,118.3537826538086,119.90898350271272,118.27453492148081,118.96793368564964,21709500
2023-07-10,GOOGL,Alphabet,115.35234069824219,117.19480896554128,115.04526517285233,117.1849086668048,35315200
2023-07-11,GOOGL,Alphabet,116.03584289550781,116.60046979822023,114.26271445006495,115.19385646970584,23078800
2023-07-12,GOOGL,Alphabet,117.80897521972656,119.1957804383142,117.2938800252411,117.6802033104753,30404400
2023-07-13,GOOGL,Alphabet,123.36608123779297,123.65334859158274,119.31462983276822,119.7901086563636,44297900
2023-07-14,GOOGL,Alphabet,124.23779296875,125.5849742534972,122.32598478947493,123.62364190723412,33283100
2023-07-17,GOOGL,Alphabet,123.47505187988281,125.90195518182102,123.02928904081584,124.75289325990691,25716200
2023-07-18,GOOGL,Alphabet,122.59344482421875,123.5047711236384,121.8009825723442,123.42552338695492,26193600
2023-07-19,GOOGL,Alphabet,120.87974548339844,124.00005513290701,120.6519176928117,123.42552039211267,37224000
2023-07-20,GOOGL,Alphabet,118.076416015625,122.92032219876853,117.10565774229482,120.27549147201748,37906800
2023-07-21,GOOGL,Alphabet,118.88868713378906,119.84954511473477,117.61085333534434,119.48303757466915,72937900
2023-07-24,GOOGL,Alphabet,120.38445281982422,121.84059775832779,119.83964167327879,120.51323227212808,29686100
2023-07-25,GOOGL,Alphabet,121.05805969238281,121.9892017635327,119.87927409656373,120.21607322000374,52509600
2023-07-26,GOOGL,Alphabet,128.05149841308594,129.74537139876955,127.11045618604405,128.8439605940008,61682100
2023-07-27,GOOGL,Alphabet,128.18028259277344,131.98409862707467,127.57603178670944,130.42889003369507,44952100
2023-07-28,GOOGL,Alphabet,131.33029174804688,132.47936111951782,129.3392436159831,129.5472556742055,36591200
2023-07-31,GOOGL,Alphabet,131.46896362304688,132.27132602951215,130.5378217782747,131.47886392024066,28055500
2023-08-01,GOOGL,Alphabet,130.3100128173828,131.3798345519529,129.44820315858595,129.54726660464158,23166800
2023-08-02,GOOGL,Alphabet,127.16987609863281,128.8637489230692,126.35759828390569,128.22978226167916,26273300
2023-08-03,GOOGL,Alphabet,127.23921203613281,128.170353902993,126.21892214754122,126.76374080527408,20089500
2023-08-04,GOOGL,Alphabet,126.90242767333984,130.27037301314763,126.70431590893212,128.0613973658318,26147200
2023-08-07,GOOGL,Alphabet,130.29019165039062,130.36943938092537,127.80385645406918,127.94253620376521,22746300
2023-08-08,GOOGL,Alphabet,130.16143798828125,130.27040174998604,128.3189694544306,129.38879135617893,23535200
2023-08-09,GOOGL,Alphabet,128.43780517578125,130.79536059007307,127.78402282675239,130.4189528165061,24912900
2023-08-10,GOOGL,Alphabet,128.46754455566406,130.80529980166855,128.22980135413556,130.08218501342233,20857800
2023-08-11,GOOGL,Alphabet,128.33877563476562,128.70528320828737,126.96187826549951,127.44726500702475,19591100
2023-08-14,GOOGL,Alphabet,130.0921173095703,130.1317336287559,127.74446118751459,128.17040085735448,24695600
2023-08-15,GOOGL,Alphabet,128.5567169189453,130.1812579827869,128.06142982490869,129.86428210238398,19770700
2023-08-16,GOOGL,Alphabet,127.48686218261719,129.05197081090222,126.66469156172764,127.48686218261719,25216100
2023-08-17,GOOGL,Alphabet,128.69537353515625,130.74586899055504,128.07130707221577,128.57650949077134,33446300
2023-08-18,GOOGL,Alphabet,126.25855255126953,128.03168079764703,125.18873089019047,127.29865064608583,30504800
2023-08-21,GOOGL,Alphabet,127.15998077392578,127.51658802197558,125.36704423496647,125.98120284160333,25248700
2023-08-22,GOOGL,Alphabet,127.8633041381836,129.05199001191642,127.11047327831035,127.29866965705796,22054900
2023-08-23,GOOGL,Alphabet,131.12225341796875,132.1524586685119,128.6458188358362,128.95289430562747,27819700
2023-08-24,GOOGL,Alphabet,128.5567169189453,132.9845847488296,128.34870480382898,132.68740946941512,28500700
2023-08-25,GOOGL,Alphabet,128.65576171875,129.52745659961704,126.05054714528603,128.31895505629643,26762900
2023-08-28,GOOGL,Alphabet,129.77508544921875,131.2906623566744,128.91329096477185,130.07226065194624,20543300
2023-08-29,GOOGL,Alphabet,133.30157470703125,135.28272306776321,130.99353505298305,130.99353505298305,43075600
2023-08-30,GOOGL,Alphabet,134.59922790527344,134.99545154156232,132.80629101137754,133.50959023303474,28315800
2023-08-31,GOOGL,Alphabet,134.886474609375,136.69922704264897,134.51005161116558,134.7279791243435,30053800
2023-09-01,GOOGL,Alphabet,134.3812713623047,136.16430757063117,133.57890884729767,136.16430757063117,21543700
2023-09-05,GOOGL,Alphabet,134.490234375,135.13410142022065,133.31144891270912,134.1633431456703,19403100
2023-09-06,GOOGL,Alphabet,133.1925811767578,135.24306141209425,132.41001928477638,134.73787413439317,18684500
2023-09-07,GOOGL,Alphabet,133.9850311279297,134.30202205679186,131.69680765193374,132.33077439469866,18844300
2023-09-08,GOOGL,Alphabet,135.094482421875,135.3718419233677,133.57890546194733,133.63833748155875,23558300
2023-09-11,GOOGL,Alphabet,135.62940979003906,136.18412889149724,134.51005617212115,135.2529867790659,20763400
2023-09-12,GOOGL,Alphabet,134.06427001953125,135.57984690018307,133.91568997827457,134.9755962074752,18405500
2023-09-13,GOOGL,Alphabet,135.42140197753906,135.60959837402987,132.88551939554162,133.81666153749157,20749500
2023-09-14,GOOGL,Alphabet,136.79827880859375,137.39261415422715,134.95581051870604,136.3029917964192,24751000
2023-09-15,GOOGL,Alphabet,136.1048583984375,137.21431153088753,135.19353215336167,136.67939311891212,38919600
2023-09-18,GOOGL,Alphabet,136.9072265625,137.84826875270798,135.32230226270676,135.32230226270676,21861300
2023-09-19,GOOGL,Alphabet,136.7388153076172,137.10533793093902,135.33220217516006,136.12466432280078,20353700
2023-09-20,GOOGL,Alphabet,132.47938537597656,136.77847333591484,132.36050620598186,136.77847333591484,29927500
2023-09-21,GOOGL,Alphabet,129.21047973632812,130.98360061103773,128.84397217961927,130.20105377280416,31503900
2023-09-22,GOOGL,Alphabet,129.02224731445312,130.78546760406437,128.37838034120864,129.52743454969303,26397300
2023-09-25,GOOGL,Alphabet,129.87417602539062,129.93360805536258,127.74444767159882,128.60624233611597,20094600
2023-09-26,GOOGL,Alphabet,127.35809326171875,129.13121388773126,126.02081245405837,128.54677891577344,25718700
2023-09-27,GOOGL,Alphabet,129.30950927734375,129.66611648324476,127.35809261486546,127.35809261486546,22746500
2023-09-28,GOOGL,Alphabet,131.06285095214844,132.04352470913275,128.56660009843606,128.61613182423616,22513100
2023-09-29,GOOGL,Alphabet,129.62649536132812,132.78642837940012,129.13120843347878,132.02368227832403,30859800
2023-10-02,GOOGL,Alphabet,132.9053192138672,133.15296272774447,129.93359704733973,129.973228473938,22288000
2023-10-03,GOOGL,Alphabet,131.1816864013672,132.99443834271233,130.59725146324402,132.67746257362884,22989400
2023-10-04,GOOGL,Alphabet,133.96524047851562,134.29213173006787,131.2807781421106,131.53832195471514,26752300
2023-10-05,GOOGL,Alphabet,133.79684448242188,134.21288377054,132.19210423972567,133.79684448242188,19832600
2023-10-06,GOOGL,Alphabet,136.28317260742188,136.85770734068427,132.74681617552042,132.74681617552042,27597600
2023-10-09,GOOGL,Alphabet,137.11524963378906,137.63035233984527,134.3317391453215,135.6492043634317,19278100
2023-10-10,GOOGL,Alphabet,136.7586669921875,138.40302373597115,136.03555208291868,137.19452204378916,27786600
2023-10-11,GOOGL,Alphabet,139.22515869140625,139.77987763320024,137.27372698297964,137.27372698297964,25884300
2023-10-12,GOOGL,Alphabet,137.66006469726562,139.88885611158636,136.95675053372017,139.72046035185502,24765500
2023-10-13,GOOGL,Alphabet,136.0652618408203,138.68037691519407,135.33223155002526,138.06622579707164,23420500
2023-10-16,GOOGL,Alphabet,137.78883361816406,138.31383656866015,136.6892959998697,136.86759204420815,28501900
2023-10-17,GOOGL,Alphabet,138.40298461914062,138.58128066351554,135.88691848326934,137.32326271053788,23515800
2023-10-18,GOOGL,Alphabet,136.6595916748047,139.39357039308052,136.08505695789236,138.13553721785942,23375000
2023-10-19,GOOGL,Alphabet,136.4515838623047,138.34358404290452,136.0850762778288,137.194514445947,26066000
2023-10-20,GOOGL,Alphabet,134.3218536376953,136.57044595575792,133.8067508749185,136.0355425938075,26335700
2023-10-23,GOOGL,Alphabet,135.21331787109375,136.36238705714817,132.6873517669942,133.7670735348589,26317900
2023-10-24,GOOGL,Alphabet,137.50157165527344,138.04639036690818,136.12467442857437,136.5308133876984,44814300
2023-10-25,GOOGL,Alphabet,124.42601013183594,127.10055711062341,123.89109922458236,126.95197704539778,84366200
2023-10-26,GOOGL,Alphabet,121.12738800048828,123.15806773168971,120.12690614034925,122.10805414835848,57061100
2023-10-27,GOOGL,Alphabet,121.0184326171875,122.14768645517988,119.0769083420869,121.721739301728,44566500
2023-10-30,GOOGL,Alphabet,123.28683471679688,124.21797666183564,121.59295414437162,122.04861726115155,28940100
2023-10-31,GOOGL,Alphabet,122.91041564941406,124.18825693226216,121.53351848457729,123.88117387337412,26292300
2023-11-01,GOOGL,Alphabet,125.2580795288086,125.29770339578583,122.55381673556106,122.90051612476204,30082400
2023-11-02,GOOGL,Alphabet,126.28828430175781,127.76423752931852,125.73356524871063,127.20951847627134,27124600
2023-11-03,GOOGL,Alphabet,127.88308715820312,128.30902664878866,126.65477017089175,126.8132656108591,26393100
2023-11-06,GOOGL,Alphabet,129.02224731445312,129.11139533567936,127.45713877699725,127.83356168656297,19052700
2023-11-07,GOOGL,Alphabet,129.73550415039062,130.66664631654922,128.6557819002547,129.47796029984235,29757300
2023-11-08,GOOGL,Alphabet,130.59727478027344,130.9637974447547,129.5472687405941,129.73548022222718,26425800
2023-11-09,GOOGL,Alphabet,129.0123748779297,131.30059860663678,128.84397909648382,130.71616352133154,23747800
2023-11-10,GOOGL,Alphabet,131.34022521972656,131.54825244545088,128.19020662277427,128.87370521663132,26913300
2023-11-13,GOOGL,Alphabet,130.84490966796875,131.34019664387745,130.0128311760323,130.5378341612988,18324800
2023-11-14,GOOGL,Alphabet,132.36050415039062,134.4209000570862,132.06334401742188,132.9251386329532,32395200
2023-11-15,GOOGL,Alphabet,133.35104370117188,133.7571825976708,132.3109532751992,133.59868715782386,23861500
2023-11-16,GOOGL,Alphabet,135.63926696777344,135.92654184217392,133.05388378791164,133.9156781811989,28013200
2023-11-17,GOOGL,Alphabet,134.03457641601562,134.77750697640147,132.39021981477103,134.71807494996435,37240600
2023-11-20,GOOGL,Alphabet,134.96571350097656,135.37185248662504,132.36049892835388,132.42984636661794,27815500
2023-11-21,GOOGL,Alphabet,135.67892456054688,135.88693664011163,134.67845024297165,135.005326368002,22635300
2023-11-22,GOOGL,Alphabet,137.1846160888672,138.1058427704475,136.1742262486165,136.1742262486165,17813900
2023-11-24,GOOGL,Alphabet,135.40155029296875,136.82797914299124,134.70815157836293,136.72891570592253,12514300
2023-11-27,GOOGL,Alphabet,135.12420654296875,137.1152548942663,134.718067564632,134.7477835762215,23436500
2023-11-28,GOOGL,Alphabet,135.90676879882812,135.95630052875265,134.1435480412405,134.79733060033575,18730000
2023-11-29,GOOGL,Alphabet,133.71759033203125,136.98647245548034,133.5689951623546,136.27327307787965,23967200
2023-11-30,GOOGL,Alphabet,131.28076171875,134.2722992191977,130.04254430639105,133.7770122542541,38988300
2023-12-01,GOOGL,Alphabet,130.61708068847656,130.86472417415052,129.43829527827506,130.61708068847656,31442300
2023-12-04,GOOGL,Alphabet,128.05149841308594,128.80432917172766,126.69440938445004,128.65574912560064,36669900
2023-12-05,GOOGL,Alphabet,129.75531005859375,130.89446425621387,127.04113151505359,127.73453037947287,27384800
2023-12-06,GOOGL,Alphabet,128.79441833496094,130.5972549119392,128.6557385982703,130.20103141138242,23576200
2023-12-07,GOOGL,Alphabet,135.63926696777344,137.25390714366299,133.4302915642557,133.76708303807405,56767100
2023-12-08,GOOGL,Alphabet,133.71759033203125,135.11428819124905,132.76663263696403,132.93502840396306,32260100
2023-12-11,GOOGL,Alphabet,132.03358459472656,132.0831163112605,130.12178427916996,131.13217385962292,31138000
2023-12-12,GOOGL,Alphabet,131.27085876464844,131.746330009185,130.0227259646723,130.5675446380779,29032800
2023-12-13,GOOGL,Alphabet,131.32040405273438,132.24163062890102,130.32983004053287,132.122766584224,30104800
2023-12-14,GOOGL,Alphabet,130.6963348388672,132.45955533429708,128.46754335829976,132.12276380482388,38722400
2023-12-15,GOOGL,Alphabet,131.35011291503906,132.2515237297127,129.9434845931054,130.3793395531458,50847100
2023-12-18,GOOGL,Alphabet,134.5199432373047,135.85720897900194,131.18169880212074,131.379825680854,32258000
2023-12-19,GOOGL,Alphabet,135.36192321777344,136.17420110593048,134.79730393023888,135.55013468527125,25476800
2023-12-20,GOOGL,Alphabet,137.0360107421875,140.3643401618969,136.76856663088765,137.66007723180817,49107200
2023-12-21,GOOGL,Alphabet,139.09640502929688,139.36386425256705,137.8680877770193,138.17517842630895,27488300
2023-12-22,GOOGL,Alphabet,140.1563262939453,140.6516133137084,139.3836797523117,139.44311177628964,26532200
2023-12-26,GOOGL,Alphabet,140.18603515625,141.33508949612715,139.85914392608302,140.25536747570143,16780300
2023-12-27,GOOGL,Alphabet,139.046875,140.7407632814219,138.57140368669022,140.25537655400615,19628600
2023-12-28,GOOGL,Alphabet,138.90818786621094,139.80961383431003,138.4327165781313,139.45300658951038,16045700
2023-12-29,GOOGL,Alphabet,138.373291015625,139.03697381318452,137.4718650054482,138.3138589912108,18733000
2024-01-02,GOOGL,Alphabet,136.8675994873047,138.13553292141268,135.19352711017308,137.24402242132257,23711200
2024-01-03,GOOGL,Alphabet,137.6105194091797,138.31383350338552,135.78786712653144,135.9562628696607,24212100
2024-01-04,GOOGL,Alphabet,135.10438537597656,137.84827954999523,135.06476906710992,137.11524935880684,27137700
2024-01-05,GOOGL,Alphabet,134.45059204101562,135.86712058649852,133.8760573616901,135.4609816574128,22513900
2024-01-08,GOOGL,Alphabet,137.53128051757812,137.69967627152062,134.97559796988412,135.00531397852347,21404000
2024-01-09,GOOGL,Alphabet,139.6213836669922,140.15630202007083,136.84777381369236,137.19448071346397,24759600
2024-01-10,GOOGL,Alphabet,140.93885803222656,141.65207247345745,139.58177658028163,139.67092460669582,21320200
2024-01-11,GOOGL,Alphabet,140.7407684326172,143.85117046866557,139.31433932551914,142.1374815262308,24008700
2024-01-12,GOOGL,Alphabet,141.30538940429688,141.85020818261793,140.48322620196657,141.325205118498,18785500
2024-01-16,GOOGL,Alphabet,141.1468963623047,142.98936462858398,140.1166909258045,140.66150965520748,22670500
2024-01-17,GOOGL,Alphabet,140.1365203857422,140.50302796922261,137.590737670861,140.01765632946993,20968600
2024-01-18,GOOGL,Alphabet,142.12754821777344,142.85067809474862,140.65160268399825,140.71103470348461,25746400
2024-01-19,GOOGL,Alphabet,145.00022888183594,145.06956120297735,143.01908085553387,143.37568810486664,34271900
2024-01-22,GOOGL,Alphabet,144.61387634277344,146.9912474470293,144.46528120190942,145.71341387935706,32200400
2024-01-23,GOOGL,Alphabet,145.6540069580078,145.79268672545237,144.12852951611768,144.5148528050676,21636100
2024-01-24,GOOGL,Alphabet,147.29835510253906,148.43752430496747,146.70401975406176,147.13985963029438,25233500
2024-01-25,GOOGL,Alphabet,150.4384765625,151.60736180458775,148.13043720567228,148.6554553594219,29149100
2024-01-26,GOOGL,Alphabet,150.7554931640625,151.10218507255348,149.586607723101,149.67577089039352,26115500
2024-01-29,GOOGL,Alphabet,152.06298828125,152.3304474564719,150.0025928322321,150.62665920276396,27784300
2024-01-30,GOOGL,Alphabet,150.03233337402344,152.1719615652673,149.7648741820085,151.3596988063133,36331800
2024-01-31,GOOGL,Alphabet,138.77940368652344,142.6426356904912,138.5515608161928,142.26621278729934,71910000
2024-02-01,GOOGL,Alphabet,139.82945251464844,141.7115373788747,139.46292979606457,140.78039524700787,40466500
2024-02-02,GOOGL,Alphabet,141.03790283203125,141.27563087105102,135.2133240367394,137.9473022901638,62499600
2024-02-05,GOOGL,Alphabet,142.32566833496094,144.0988043000788,141.43415776046106,141.4737891857491,38505400
2024-02-06,GOOGL,Alphabet,142.74171447753906,143.98983223271003,141.8402885413249,143.28651806660818,29128200
2024-02-07,GOOGL,Alphabet,144.16815185546875,144.24739959945848,142.5733269057092,143.39550524527087,25208900
2024-02-08,GOOGL,Alphabet,144.53465270996094,144.95069196678878,143.73229020643873,144.45540497795193,22563800
2024-02-09,GOOGL,Alphabet,147.59552001953125,148.03137498026427,144.80209419753828,145.2973811774696,26829500
2024-02-12,GOOGL,Alphabet,146.13937377929688,147.93231021218233,145.98087831954948,147.02098399107322,21564100
2024-02-13,GOOGL,Alphabet,143.7719268798828,145.2875040712044,142.3355974317955,143.55399936472898,27837700
2024-02-14,GOOGL,Alphabet,144.56436157226562,145.13889626470424,142.73179375819484,144.7030413176847,22704200
2024-02-15,GOOGL,Alphabet,141.4242706298828,142.16720121612832,139.1360468426405,141.79077821564292,37590700
2024-02-16,GOOGL,Alphabet,139.19544982910156,141.8402803505169,138.81902690715387,141.6421685918449,31468900
2024-02-20,GOOGL,Alphabet,139.78981018066406,140.7407679538146,138.1751846986445,138.34358047947055,25144700
2024-02-21,GOOGL,Alphabet,141.20631408691406,141.3449938299057,139.35393059450502,140.11667673843814,23223300
2024-02-22,GOOGL,Alphabet,142.7318115234375,143.6332375383376,141.4539776469549,143.56389009951735,27191900
2024-02-23,GOOGL,Alphabet,142.60305786132812,143.31625732644238,142.0780396686664,142.31578290034557,19493800
2024-02-26,GOOGL,Alphabet,136.2732696533203,141.097360098055,136.09495847718128,140.80018488112955,53641800
2024-02-27,GOOGL,Alphabet,137.57090759277344,137.93741509771866,135.79777185353214,136.71901343712278,33099200
2024-02-28,GOOGL,Alphabet,135.094482421875,136.70910770950192,134.13362446493272,136.60014396856127,37328600
2024-02-29,GOOGL,Alphabet,137.15489196777344,137.55111554859022,135.1142966931809,135.9860067089307,42133000
2024-03-01,GOOGL,Alphabet,135.8472900390625,137.56097847723728,135.6293625943285,137.12512358776934,31151100
2024-03-04,GOOGL,Alphabet,132.0930633544922,134.38128712569457,130.66663422050593,134.38128712569457,55999400
2024-03-05,GOOGL,Alphabet,131.41943359375,131.98406795515044,129.43828585262474,130.63688688658692,40194800
2024-03-06,GOOGL,Alphabet,130.16143798828125,132.32089750707752,129.61663429471935,131.8652267449587,35318600
2024-03-07,GOOGL,Alphabet,133.1133270263672,133.66804599825636,130.3694330601028,131.53830302016095,37738200
2024-03-08,GOOGL,Alphabet,134.13363647460938,136.78836768800528,132.7369234288496,132.94495063107448,39370400
2024-03-11,GOOGL,Alphabet,136.37234497070312,137.7888739018995,134.84686739053095,134.84686739053095,32437800
2024-03-12,GOOGL,Alphabet,137.1945037841797,138.06621377136466,135.73835874420493,135.73835874420493,27563400
2024-03-13,GOOGL,Alphabet,138.47232055664062,139.7600696656856,137.67987351872839,137.68977381646687,23347200
2024-03-14,GOOGL,Alphabet,141.7511444091797,142.23651599205533,139.1360296729057,139.85914445542792,42753400
2024-03-15,GOOGL,Alphabet,139.8492431640625,141.83039134963047,138.71008900334536,141.1568082217187,49475400
2024-03-18,GOOGL,Alphabet,146.2879638671875,150.7158309412068,145.78277655889536,147.20920556461434,69273700
2024-03-19,GOOGL,Alphabet,145.6440887451172,147.3874934806998,144.70304650213203,146.76344216143465,24070400
2024-03-20,GOOGL,Alphabet,147.33798217773438,147.45684622092818,145.3568341780524,146.60495197646654,21311500
2024-03-21,GOOGL,Alphabet,146.208740234375,148.95261955283513,145.51532628649926,148.06110892693906,24755600
2024-03-22,GOOGL,Alphabet,149.348876953125,150.1512396398842,147.57574066377748,147.714420447724,29211800
2024-03-25,GOOGL,Alphabet,148.6554412841797,148.9625167930801,146.42664987640165,148.52666183272117,19229300
2024-03-26,GOOGL,Alphabet,149.249755859375,150.82476460784122,148.56625750420292,148.80400066272796,22149100
2024-03-27,GOOGL,Alphabet,149.44789123535156,150.21063743065775,147.49645928934754,149.75496675016123,22879200
2024-03-28,GOOGL,Alphabet,149.50733947753906,150.00262652031626,148.7545086139037,149.4281068518604,24485400
2024-04-01,GOOGL,Alphabet,154.02438354492188,154.27202708808144,149.19037674565882,149.26962449326535,31730800
2024-04-02,GOOGL,Alphabet,153.1031036376953,153.24178338278546,150.7158168476106,152.05309769416158,24586000
2024-04-03,GOOGL,Alphabet,153.459716796875,153.61821225881653,151.29035739579777,152.15216702325534,24705000
2024-04-04,GOOGL,Alphabet,149.11111450195312,153.3111540270119,149.03186676205078,152.05312071787367,34724700
2024-04-05,GOOGL,Alphabet,151.06251525878906,151.9738414058996,148.1898570801788,148.61579658933533,23459200
2024-04-08,GOOGL,Alphabet,153.39041137695312,153.80645070128497,151.1715198655548,151.3399156552871,20702000
2024-04-09,GOOGL,Alphabet,155.1239013671875,157.06541802943522,153.72718833727967,154.61869893107254,31079500
2024-04-10,GOOGL,Alphabet,154.66822814941406,155.13379915183737,153.22198341774504,154.73757558656484,22838600
2024-04-11,GOOGL,Alphabet,157.9073944091797,158.17483848852615,154.98520432756263,155.43095957476544,27166400
2024-04-12,GOOGL,Alphabet,156.2432403564453,158.7097751773131,155.65880529572482,156.47108327025333,25353700
2024-04-15,GOOGL,Alphabet,153.40029907226562,157.73901827873132,153.13283984468552,157.36259530028232,27136500
2024-04-16,GOOGL,Alphabet,152.94459533691406,154.18281264085593,151.98373749985862,152.73658329422793,20779500
2024-04-17,GOOGL,Alphabet,154.00454711914062,155.59937192721887,153.1229368286477,154.15312717907076,21763100
2024-04-18,GOOGL,Alphabet,154.53945922851562,155.4607009972949,153.16256184009333,153.87577639819307,19883000
2024-04-19,GOOGL,Alphabet,152.63755798339844,154.88616540110863,150.86443701191843,154.7276699190319,32615600
2024-04-22,GOOGL,Alphabet,154.80690002441406,156.15408123867272,152.60782458474242,152.85546807916526,26446200
2024-04-23,GOOGL,Alphabet,156.76821899414062,157.47153310933248,154.80688691657065,155.48048502414463,21151600
2024-04-24,GOOGL,Alphabet,157.63006591796875,158.0659209529385,155.6885339753658,156.00552495169347,22779100
2024-04-25,GOOGL,Alphabet,154.529541015625,155.01492770763642,149.44789165697802,149.90356233876008,57109700
2024-04-26,GOOGL,Alphabet,170.32919311523438,173.06318697805824,168.05086993453432,172.72638033694088,64665300
2024-04-29,GOOGL,Alphabet,164.58384704589844,167.95180736682877,163.65272027868735,167.4664207156032,45610000
2024-04-30,GOOGL,Alphabet,161.24563598632812,166.51549696973217,161.06733991987724,164.04896224577593,33562900
2024-05-01,GOOGL,Alphabet,162.31546020507812,165.54472608248636,161.55271397427848,162.7513151941065,33493200
2024-05-02,GOOGL,Alphabet,165.04942321777344,165.1583869545648,162.3451606237168,163.23667111385808,24294500
2024-05-03,GOOGL,Alphabet,165.66360473632812,166.37681924074352,161.51309716937072,165.9805805633127,34662400
2024-05-06,GOOGL,Alphabet,166.51551818847656,166.55513450330503,164.46502247324162,165.88155134648852,21871300
2024-05-07,GOOGL,Alphabet,169.63580322265625,170.14099053831322,166.8027608824853,166.91172463075958,28039700
2024-05-08,GOOGL,Alphabet,167.783447265625,168.54617844608464,167.14948044104378,167.40702426776193,19569100
2024-05-09,GOOGL,Alphabet,168.3579559326172,169.0810706871072,166.59472038810446,167.79332152345498,15346700
2024-05-10,GOOGL,Alphabet,167.060302734375,168.24900365253,164.62349910506936,166.4461516776323,29799900
2024-05-13,GOOGL,Alphabet,167.54571533203125,167.68439511191383,162.45416467782474,162.71170852190315,31327600
2024-05-14,GOOGL,Alphabet,168.73439025878906,169.63581632642092,167.2089127800717,168.16977087590587,25127100
2024-05-15,GOOGL,Alphabet,170.88392639160156,171.02260615600562,168.90277826299467,169.02165742888434,26948400
2024-05-16,GOOGL,Alphabet,172.5381622314453,173.4693041567708,171.0622167291373,171.65655202628884,27867900
2024-05-17,GOOGL,Alphabet,174.4004364013672,174.60846356854617,172.05278112226807,172.53815265408903,24479300
2024-05-20,GOOGL,Alphabet,175.25234985351562,177.0849177951841,174.42027132306535,174.52923506740714,22554400
2024-05-21,GOOGL,Alphabet,176.17359924316406,176.47075936350478,174.15281973508513,175.23254181221733,16989400
2024-05-22,GOOGL,Alphabet,174.7174530029297,175.48018412655318,173.5584831966184,174.97499681045656,17880000
2024-05-23,GOOGL,Alphabet,171.91412353515625,176.56981838832198,171.31977307945,175.4009483043823,21024900
2024-05-24,GOOGL,Alphabet,173.34056091308594,174.1132074738641,172.0131801798613,173.33064549887038,16579400
2024-05-28,GOOGL,Alphabet,174.73724365234375,175.5990532912732,172.7263796864407,172.80562741846637,20572200
2024-05-29,GOOGL,Alphabet,174.24195861816406,175.1731005862125,173.07308856633102,173.77638763413984,23388700
2024-05-30,GOOGL,Alphabet,170.48768615722656,173.56837180086202,170.17069523243458,173.54855608932272,22931500
2024-05-31,GOOGL,Alphabet,170.87400817871094,171.428727178173,167.84285427810815,170.2400414486173,37638900
2024-06-03,GOOGL,Alphabet,171.5376739501953,172.8848550077533,169.54662592801466,170.91360758005257,27459100
2024-06-04,GOOGL,Alphabet,172.15184020996094,172.21128734355756,170.2697557499601,171.64665293658192,26879600
2024-06-05,GOOGL,Alphabet,173.75656127929688,174.98486316999143,172.29050111014413,173.54853412186395,22068500
2024-06-06,GOOGL,Alphabet,175.06414794921875,175.48018723719562,174.093389610606,174.24196967239757,23251000
2024-06-07,GOOGL,Alphabet,172.81553649902344,176.19338215245025,172.65704104078017,175.3811193801314,19661400
2024-06-10,GOOGL,Alphabet,173.55931091308594,175.59232118793005,171.32796149412926,173.51964913718612,23726700
2024-06-11,GOOGL,Alphabet,175.15597534179688,175.37415295165962,172.32960833962332,174.75929703239595,21540600
2024-06-12,GOOGL,Alphabet,176.3162841796875,178.91457717394482,174.6502170373927,176.77247787758725,27864700
2024-06-13,GOOGL,Alphabet,173.7080841064453,175.2749891373828,173.43040626625967,174.6502064308114,20913300
2024-06-14,GOOGL,Alphabet,175.32456970214844,175.59233589189165,172.70645343662588,172.77588046564773,18063600
2024-06-17,GOOGL,Alphabet,175.77084350585938,176.88155485978157,173.36097817553005,174.00559933310134,19618500
2024-06-18,GOOGL,Alphabet,173.63864135742188,175.9195792372448,172.65685734434638,175.67165153579245,21869900
2024-06-20,GOOGL,Alphabet,174.83863830566406,175.82042243225433,173.53949942101505,173.91633928082513,20160100
2024-06-21,GOOGL,Alphabet,178.1410369873047,179.35092551747323,175.1460657788295,175.53283243143696,57759000
2024-06-24,GOOGL,Alphabet,177.7344207763672,179.39057608957674,177.18897677924866,178.6666314019322,18298000
2024-06-25,GOOGL,Alphabet,182.50454711914062,182.76238649336386,177.93275948021235,178.13109862440768,23130200
2024-06-26,GOOGL,Alphabet,182.35580444335938,182.98057201802297,180.96740010923583,181.1161658230566,19839000
2024-06-27,GOOGL,Alphabet,183.87307739257812,184.50777161068777,182.4946001782945,182.65326238359404,18848900
2024-06-28,GOOGL,Alphabet,180.64013671875,183.5954461342398,180.45172435645102,182.7921627160181,29156600
2024-07-01,GOOGL,Alphabet,181.47317504882812,182.3557971056762,179.79718128044868,181.51283682486664,16006100
2024-07-02,GOOGL,Alphabet,183.7045135498047,184.0317799288088,180.05500994673656,180.54095368507097,17372500
2024-07-03,GOOGL,Alphabet,184.27972412109375,184.54747516508317,182.47480304485995,183.31776335097922,10242100
2024-07-05,GOOGL,Alphabet,189.02011108398438,189.27795048057212,184.25989554887065,184.3193957840595,20967500
2024-07-08,GOOGL,Alphabet,187.46310424804688,188.59365403276064,186.22346566251395,188.32588786123958,21035900
2024-07-09,GOOGL,Alphabet,187.4135284423828,189.77380531232768,187.15568904666173,188.73250580309858,15121400
2024-07-10,GOOGL,Alphabet,189.59527587890625,190.16055833537922,187.4631035723971,187.58210403384115,15952500
2024-07-11,GOOGL,Alphabet,184.03179931640625,189.27794332888038,183.54585552687806,188.2763207656611,25625800
2024-07-12,GOOGL,Alphabet,183.53594970703125,185.55903335294278,182.96075554978484,183.54586136873434,22898400
2024-07-15,GOOGL,Alphabet,184.9838409423828,186.67967331271745,183.38718571924736,183.38718571924736,16474000
2024-07-16,GOOGL,Alphabet,182.39549255371094,187.11603165370477,181.85004845556963,185.80698095047518,18290700
2024-07-17,GOOGL,Alphabet,179.51950073242188,182.02852795037177,178.40877430017733,181.45333384653057,20734100
2024-07-18,GOOGL,Alphabet,176.21710205078125,180.98722878273526,175.00721361216966,180.42194633892038,25315700
2024-07-19,GOOGL,Alphabet,176.18736267089844,178.79555205599942,175.66175710285674,177.39725118322656,18881900
2024-07-22,GOOGL,Alphabet,180.16412353515625,181.18558458642863,178.73605736925484,179.0930739107302,24100300
2024-07-23,GOOGL,Alphabet,180.28311157226562,182.0880326108952,180.0351838559027,180.5409660819595,36352700
2024-07-24,GOOGL,Alphabet,171.19906616210938,174.72955472337873,170.3957827136789,172.16102699431354,49585200
2024-07-25,GOOGL,Alphabet,165.8933868408203,171.98249074674055,165.8041364976538,171.08995705046257,44852000
2024-07-26,GOOGL,Alphabet,165.61570739746094,166.69666856249324,162.70007515743842,165.7644579679493,41336900
2024-07-29,GOOGL,Alphabet,168.12474060058594,169.01727432015218,166.5975125369865,167.43054602622254,20293800
2024-07-30,GOOGL,Alphabet,168.87843322753906,169.8106438435088,167.04377724268764,168.8288597911077,18959700
2024-07-31,GOOGL,Alphabet,170.11807250976562,172.80561557083252,168.600756120216,171.80399306020445,25729100
2024-08-01,GOOGL,Alphabet,169.34454345703125,172.60728070774732,167.48013730321483,168.83877635874134,24531400
2024-08-02,GOOGL,Alphabet,165.27853393554688,167.1131899291379,163.3050238959055,165.06035633790583,29130100
2024-08-05,GOOGL,Alphabet,157.9299774169922,163.06703315517944,153.64577861539027,154.21106115128595,53630700
2024-08-06,GOOGL,Alphabet,156.97792053222656,159.23903543312898,155.11351422532948,158.00930840033058,49004600
2024-08-07,GOOGL,Alphabet,157.62255859375,161.62906462546206,157.15645318408937,159.91340872548506,25138600
2024-08-08,GOOGL,Alphabet,160.6869354248047,162.33317935042268,158.88202923647776,159.1795304367503,25578800
2024-08-09,GOOGL,Alphabet,162.31332397460938,162.43232444231467,157.74153604180353,158.68365838652156,28602300
2024-08-12,GOOGL,Alphabet,160.9447479248047,163.53311386044192,160.4984810667238,162.98768499629125,15895300
2024-08-13,GOOGL,Alphabet,162.7992401123047,163.3645073701746,161.61910190037165,162.05545705089867,18551700
2024-08-14,GOOGL,Alphabet,159.04067993164062,161.86706218713195,156.40274030979796,161.05385194604304,40591100
2024-08-15,GOOGL,Alphabet,159.9629669189453,160.30014498417518,158.28697312159332,159.1695951936991,31524300
2024-08-16,GOOGL,Alphabet,161.6092071533203,163.69179086382167,159.79437447768626,160.1315525357236,24208600
2024-08-19,GOOGL,Alphabet,165.28846740722656,165.30830586389538,162.8984403109757,163.9099897487635,22416200
2024-08-20,GOOGL,Alphabet,165.79421997070312,167.24212453394256,165.43721857593138,165.5165421310091,18341500
2024-08-21,GOOGL,Alphabet,164.4752655029297,165.46697644323723,163.3050387245666,163.78105573886796,22902000
2024-08-22,GOOGL,Alphabet,162.44223022460938,166.20080745577815,161.95628649048913,165.87354107961212,22493300
2024-08-23,GOOGL,Alphabet,164.24717712402344,164.8025328836362,162.4720210258105,163.35464324354714,13955700
2024-08-26,GOOGL,Alphabet,164.78268432617188,166.1611618513878,163.09677884769525,165.00086193151313,14190400
2024-08-27,GOOGL,Alphabet,163.31492614746094,165.0603468280275,163.0967636946959,164.46531429923328,11821900
2024-08-28,GOOGL,Alphabet,161.5001220703125,164.2273269769617,160.1910564516135,163.67195617574248,16407400
2024-08-29,GOOGL,Alphabet,160.43898010253906,164.59425098521132,158.92166371262243,162.94800734245646,19699800
2024-08-30,GOOGL,Alphabet,162.02572631835938,162.30340415057861,160.34973253169585,161.27201637464404,22123800
2024-09-03,GOOGL,Alphabet,156.05560302734375,160.50838970829213,155.18289273170538,160.37946246944418,38945300
2024-09-04,GOOGL,Alphabet,155.15316772460938,157.68203355334143,154.66723906688907,155.3614336724234,19353800
2024-09-05,GOOGL,Alphabet,155.93661499023438,158.12828743123546,154.68704967070923,155.00440439703507,18688700
2024-09-06,GOOGL,Alphabet,149.66900634765625,156.52173225882967,149.30207815911396,155.9961266954501,37912100
2024-09-09,GOOGL,Alphabet,147.67300415039062,152.33028654845083,146.19338894332867,151.44649340994144,39260500
2024-09-10,GOOGL,Alphabet,147.6233673095703,150.21516785637962,147.30559146131813,149.4008786095233,31118800
2024-09-11,GOOGL,Alphabet,150.10592651367188,150.44355197063078,146.49130976548943,148.87456789416893,29607700
2024-09-12,GOOGL,Alphabet,153.611328125,153.74042646617514,151.58554483567272,152.72753482151148,29621500
2024-09-13,GOOGL,Alphabet,156.3620147705078,157.27559765598852,154.12770435368589,154.3461563209122,29591200
2024-09-16,GOOGL,Alphabet,156.9578094482422,157.14648695965292,155.50799884377685,156.2130393678647,18379800
2024-09-17,GOOGL,Alphabet,158.20904541015625,159.4304641960374,157.2755977444437,157.911134323935,20715600
2024-09-18,GOOGL,Alphabet,158.69561767578125,159.38080862321627,157.49406367866266,158.74527204850892,23677300
2024-09-19,GOOGL,Alphabet,161.00936889648438,162.64785709776754,160.214944405528,162.5684282858201,26587700
2024-09-20,GOOGL,Alphabet,162.44924926757812,162.5882724123634,160.9299194880009,162.3598804928704,40896400
2024-09-23,GOOGL,Alphabet,160.72140502929688,164.33602223132473,160.5426523133899,163.20397220520576,24150900
2024-09-24,GOOGL,Alphabet,161.1583251953125,162.0818480701299,159.56949128360392,161.89317053912484,23332100
2024-09-25,GOOGL,Alphabet,160.36392211914062,161.67470976901416,160.17524458071915,160.34405733815197,18869200
2024-09-26,GOOGL,Alphabet,161.59524536132812,162.93583758934093,161.1483863361193,162.49890337717716,20319300
2024-09-27,GOOGL,Alphabet,162.80674743652344,164.54454440704646,161.4959598865702,161.6746974446782,21101300
2024-09-30,GOOGL,Alphabet,164.69351196289062,164.99140790109868,162.12156086139018,162.1811552014193,20413900
2024-10-01,GOOGL,Alphabet,165.82554626464844,167.98041254359694,163.43234810534034,166.52066197521472,28338100
2024-10-02,GOOGL,Alphabet,164.70343017578125,166.35185834560912,163.58130501221132,165.2595227746661,17760200
2024-10-03,GOOGL,Alphabet,164.70343017578125,165.47798988885472,162.77695570651093,163.26354430672865,15073100
2024-10-04,GOOGL,Alphabet,165.8950653076172,167.05690491903522,164.32608104579808,166.8880921706125,19047400
2024-10-07,GOOGL,Alphabet,161.84349060058594,167.30513756118168,161.6150986976289,166.55044270875806,22463100
2024-10-08,GOOGL,Alphabet,163.23374938964844,163.58129967642142,161.73426923186602,162.7968151755234,23072700
2024-10-09,GOOGL,Alphabet,160.7313232421875,163.69053895167258,158.62611121223813,162.31023226464953,31181800
2024-10-10,GOOGL,Alphabet,160.94979858398438,161.9329006503817,159.2815055457696,159.74822939172097,14144100
2024-10-11,GOOGL,Alphabet,162.10171508789062,162.7571013199183,160.1156613065499,160.999454633151,15344300
2024-10-14,GOOGL,Alphabet,163.8097381591797,165.0708715207676,162.26060333413267,162.49893526546052,19016100
2024-10-15,GOOGL,Alphabet,164.30621337890625,166.51071883252447,163.48199935482498,164.63389887361683,20247200
2024-10-16,GOOGL,Alphabet,164.00831604003906,164.64385260964121,162.59821974974642,163.38270428394787,16406000
2024-10-17,GOOGL,Alphabet,161.79383850097656,165.20985289039217,161.62502577447916,164.57431638671383,21453400
2024-10-18,GOOGL,Alphabet,162.28045654296875,163.56146974796116,161.9428310286251,162.05206459531138,19757700
2024-10-21,GOOGL,Alphabet,162.9259033203125,163.35289754226278,161.48600243587356,161.81370307597712,20946500
2024-10-22,GOOGL,Alphabet,163.98846435546875,164.61407616151644,161.84352257963812,161.84352257963812,16568100
2024-10-23,GOOGL,Alphabet,161.64491271972656,164.66372289048581,160.80083381909756,163.6111016800633,18280500
2024-10-24,GOOGL,Alphabet,161.5853271484375,162.1910741214277,159.88724460042005,161.69456070594023,22412500
2024-10-25,GOOGL,Alphabet,164.11752319335938,164.43528385084247,162.2804177794753,162.5286744487902,19828900
2024-10-28,GOOGL,Alphabet,165.55743408203125,167.57327733196706,162.80674552404707,167.57327733196706,32138600
2024-10-29,GOOGL,Alphabet,168.4967803955078,169.1919112784263,165.92484461634618,166.5603811631735,42169000
2024-10-30,GOOGL,Alphabet,173.2434539794922,180.75073380709983,172.84623418689728,179.42006644238907,68890800
2024-10-31,GOOGL,Alphabet,169.91680908203125,175.5869985344097,169.80757553261074,171.92272737485058,44769000
2024-11-01,GOOGL,Alphabet,170.0955352783203,171.11836671050878,167.702352468204,168.8840566551811,31796500
2024-11-04,GOOGL,Alphabet,168.0598602294922,169.53946045641658,166.83842636200512,168.7450359899921,21492700
2024-11-05,GOOGL,Alphabet,168.556396484375,169.3408810917044,167.6626631563061,168.24854540819413,18242100
2024-11-06,GOOGL,Alphabet,175.27915954589844,175.70616896018197,172.29015425546123,172.5880653336426,33695500
2024-11-07,GOOGL,Alphabet,179.48960876464844,179.8173094537086,175.95443549219976,176.17290261823987,25352900
2024-11-08,GOOGL,Alphabet,177.1063232421875,179.63852928014543,176.83820178259256,179.3902725978056,22006200
2024-11-11,GOOGL,Alphabet,179.09239196777344,179.29099430009822,177.22549670866968,177.33473026430633,17450400
2024-11-12,GOOGL,Alphabet,180.353515625,181.21745921136755,178.13907018890748,178.56607957571185,25134900
2024-11-13,GOOGL,Alphabet,177.63265991210938,179.69815771950462,177.29501924422846,179.2016442605843,23184000
2024-11-14,GOOGL,Alphabet,174.35562133789062,177.57303314451747,173.10441321150563,177.03679026722088,31007500
2024-11-15,GOOGL,Alphabet,171.2871856689453,172.92567370824764,170.02603748244363,172.51852911342962,32504600
2024-11-18,GOOGL,Alphabet,174.0775909423828,174.21661408019878,171.69431766961333,172.2106958182379,20135300
2024-11-19,GOOGL,Alphabet,176.87794494628906,177.6227151144133,172.34974474847573,172.50863268758198,23434900
2024-11-20,GOOGL,Alphabet,174.75283813476562,176.44098053014173,172.56818237884448,176.10335508154355,18997100
2024-11-21,GOOGL,Alphabet,166.46109008789062,172.91576439472308,162.55848682005697,172.6873573172244,59734400
2024-11-22,GOOGL,Alphabet,163.61109924316406,165.29925701927786,162.75709554141247,164.6935100313798,38604600
2024-11-25,GOOGL,Alphabet,166.48092651367188,167.4541036263309,164.45515863582298,164.9318072272488,33135300
2024-11-26,GOOGL,Alphabet,167.94070434570312,168.63583529706082,166.41144958796977,166.4611039634079,20486700
2024-11-27,GOOGL,Alphabet,168.0499267578125,168.29818346613916,166.8483727748482,167.82153482882035,19266500
2024-11-29,GOOGL,Alphabet,167.77186584472656,168.2485144405321,165.99435463496883,167.3250068391348,14257200
2024-12-02,GOOGL,Alphabet,170.29417419433594,170.88005637942206,167.3945377088188,167.59314004161567,23789100
2024-12-03,GOOGL,Alphabet,170.1451873779297,171.47583948992414,169.65861400321873,170.29415047106568,22248700
2024-12-04,GOOGL,Alphabet,173.15408325195312,173.69032622472676,169.86716687371202,169.956535651712,31615100
2024-12-05,GOOGL,Alphabet,171.4361572265625,174.83230728378396,171.12832132304757,174.13719150933292,21356200
2024-12-06,GOOGL,Alphabet,173.49172973632812,173.85914482652376,170.66159711852214,170.83040986678466,21462400
2024-12-09,GOOGL,Alphabet,174.34671020507812,175.2315164432607,172.63674520121344,172.94494909205568,25389600
2024-12-10,GOOGL,Alphabet,184.08950805664062,185.27256668487914,179.99355362655623,181.78305343524673,54813000
2024-12-11,GOOGL,Alphabet,194.2598114013672,194.46859270076922,183.77138405763577,184.22869140717978,67894100
2024-12-12,GOOGL,Alphabet,190.8398895263672,194.04108635776814,190.59134831615194,193.86214396789393,34817500
2024-12-13,GOOGL,Alphabet,188.71240234375,191.6054108844412,188.5334447604449,189.89544591832112,25143500
2024-12-16,GOOGL,Alphabet,195.512451171875,197.83879313889875,191.496016926658,191.74455812406867,44934900
2024-12-17,GOOGL,Alphabet,194.2797088623047,200.2446984442106,193.84227386580446,196.09903250515634,43504000
2024-12-18,GOOGL,Alphabet,187.3006591796875,195.8504833002915,186.64452188139882,194.08087100994013,34166100
2024-12-19,GOOGL,Alphabet,187.41000366210938,191.90363286978481,187.28077255169532,190.51180819781734,32265200
2024-12-20,GOOGL,Alphabet,190.2931365966797,191.7644966288348,184.1392524862356,184.69598248922645,63462900
2024-12-23,GOOGL,Alphabet,193.4943389892578,193.96159775328474,189.04046886277803,191.49605762870533,25675000
2024-12-24,GOOGL,Alphabet,194.9656982421875,194.9656982421875,192.64929197793106,193.70310444798892,10403300
2024-12-26,GOOGL,Alphabet,194.4586639404297,195.6019475277096,193.24578152744004,194.01127759173056,12046600
2024-12-27,GOOGL,Alphabet,191.63522338867188,194.18029831146464,189.53753481304466,193.81244697780068,18891400
2024-12-30,GOOGL,Alphabet,190.1240997314453,191.42645331502607,188.01645984137915,188.69249985736334,14264700
2024-12-31,GOOGL,Alphabet,188.1954345703125,190.83991706940904,187.41003573761844,189.96504702886492,17466900
2025-01-02,GOOGL,Alphabet,188.3246612548828,190.87967248578354,186.405930161898,189.5375437207165,20370800
2025-01-03,GOOGL,Alphabet,190.67086791992188,192.08259534159248,188.87143198733318,190.25332050764314,18596200
2025-01-06,GOOGL,Alphabet,195.7212677001953,197.06339657984404,192.71890018428877,192.84813132480156,29563600
2025-01-07,GOOGL,Alphabet,194.34930419921875,199.82714740579908,193.46449803391354,195.9598465030939,26487200
2025-01-08,GOOGL,Alphabet,192.8182830810547,195.14462535167834,191.2574520458894,191.44634580773328,24864800
2025-01-10,GOOGL,Alphabet,190.91944885253906,195.37331918302115,189.19954756964907,193.16627156624116,26665200
2025-01-13,GOOGL,Alphabet,189.89544677734375,190.064453003047,186.2667506795452,188.96094444164697,21823700
2025-01-14,GOOGL,Alphabet,188.55331420898438,190.8597688353095,187.21118555715896,190.12409653498483,17174900
2025-01-15,GOOGL,Alphabet,194.40895080566406,195.21422195403466,190.7404798677513,191.963298457138,21776000
2025-01-16,GOOGL,Alphabet,191.78436279296875,194.33935880818177,191.6849402307685,193.00718142531574,17815400
2025-01-17,GOOGL,Alphabet,194.85630798339844,196.0791264849475,192.61943710093595,195.3832141332428,27735100
2025-01-21,GOOGL,Alphabet,196.89437866210938,201.10962849733662,196.71542107622028,197.9084311961374,29971300
2025-01-22,GOOGL,Alphabet,197.21249389648438,199.31018252245178,196.3773989893062,197.89847013086398,26200600
2025-01-23,GOOGL,Alphabet,196.82476806640625,199.13123797930666,194.060990781993,196.98383809552067,26951400
2025-01-24,GOOGL,Alphabet,199.04176330566406,199.72772435097139,196.8446521798743,196.9440747387753,23877500
2025-01-27,GOOGL,Alphabet,190.69076538085938,195.73118866143682,189.61706547784135,191.28727038356462,41728900
2025-01-28,GOOGL,Alphabet,194.16043090820312,194.33937332983098,189.5673782129492,191.6253070801952,24157900
2025-01-29,GOOGL,Alphabet,194.26976013183594,195.64169733166847,192.30130277467072,194.41887879385513,18218300
2025-01-30,GOOGL,Alphabet,199.69790649414062,200.22481269836635,196.5165817224703,196.84465797279535,24354700
2025-01-31,GOOGL,Alphabet,202.8295135498047,204.28098571145065,200.62246640616354,200.82129633888542,32001100
2025-02-03,GOOGL,Alphabet,200.05577087402344,202.56107032259868,198.93237500803266,199.51892857706108,27838300
2025-02-04,GOOGL,Alphabet,205.17578125,205.84186999162728,201.62660485458937,202.20322238534604,43856400
2025-02-05,GOOGL,Alphabet,190.21356201171875,191.62527427419866,186.93281498241248,189.9550846125892,70373900
2025-02-06,GOOGL,Alphabet,190.48199462890625,190.97907706252056,187.61879495696715,188.39424233982533,29297400
2025-02-07,GOOGL,Alphabet,184.25851440429688,190.06443363710238,182.17077726737304,189.9352025187049,49315000
2025-02-10,GOOGL,Alphabet,185.38194274902344,187.10184389569162,184.77550151190874,186.25681277496034,23105600
2025-02-11,GOOGL,Alphabet,184.2386474609375,185.8491897525843,183.20470746476104,183.95033114344977,21239500
2025-02-12,GOOGL,Alphabet,182.5386199951172,184.02986736226762,180.76900766634557,182.1508962864482,22072600
2025-02-13,GOOGL,Alphabet,185.05384826660156,185.1930307415901,182.0713536570594,183.24447609175039,21402500
2025-02-14,GOOGL,Alphabet,184.14918518066406,185.31235645121285,183.24450652785137,183.98017894508905,20448400
2025-02-18,GOOGL,Alphabet,182.69769287109375,184.87491648825042,180.679539282988,184.51701650776232,29916700
2025-02-19,GOOGL,Alphabet,184.18894958496094,184.37784335780142,182.51874453488796,182.99595464619662,19549400
2025-02-20,GOOGL,Alphabet,183.4830780029297,184.22870170428735,181.65381816300632,183.72168304847523,20441500
2025-02-21,GOOGL,Alphabet,178.6116943359375,184.25854446928727,178.03507679362988,184.06965068494026,35199200
2025-02-24,GOOGL,Alphabet,178.20407104492188,182.0514846282233,177.84617104858543,180.9280885264688,29854200
2025-02-25,GOOGL,Alphabet,174.3964080810547,177.6970428900285,173.67067193850428,177.0011153116827,41913400
2025-02-26,GOOGL,Alphabet,171.72210693359375,175.05256557173047,170.57882331320525,174.0484644370393,35431300
2025-02-27,GOOGL,Alphabet,167.51678466796875,173.5414214994902,166.96005475439284,172.97475539808346,39991000
2025-02-28,GOOGL,Alphabet,169.28639221191406,169.61446843814767,165.79687899247813,167.6957223580091,48130600
2025-03-03,GOOGL,Alphabet,166.03549194335938,172.35838197888094,164.96179191810995,170.92678194521508,40770500
2025-03-04,GOOGL,Alphabet,169.9226531982422,172.2788190225673,164.8325340548135,165.26996901303033,45388000
2025-03-05,GOOGL,Alphabet,172.01043701171875,172.76599697021635,168.0735368348526,169.52502444721483,30954900
2025-03-06,GOOGL,Alphabet,171.34434509277344,173.78998251590772,169.50513376118735,169.5349574978289,28302000
2025-03-07,GOOGL,Alphabet,172.84548950195312,173.94901301610327,169.27644157744749,170.2606550023985,27385800
2025-03-10,GOOGL,Alphabet,165.09205627441406,167.66992058295483,162.922287876859,167.47084644350338,43604000
2025-03-11,GOOGL,Alphabet,163.2706298828125,165.96792640359425,160.6131542630149,164.13655982614347,39587400
2025-03-12,GOOGL,Alphabet,166.3262481689453,166.85376123322993,162.76303668655365,165.7987351046607,28372400
2025-03-13,GOOGL,Alphabet,161.99664306640625,165.35084794741115,161.34969766951576,165.26125850902773,31756200
2025-03-14,GOOGL,Alphabet,164.71383666992188,165.70914654485404,161.68808614528302,162.50424753259463,31995900
2025-03-17,GOOGL,Alphabet,163.5194549560547,165.52003755245735,162.90236768488202,164.2559897412009,31184300
2025-03-18,GOOGL,Alphabet,159.91644287109375,163.47965420375513,155.98497172829607,162.9123202600298,42074800
2025-03-19,GOOGL,Alphabet,163.121337890625,165.0920472279654,160.24489290497496,161.0013229568774,34275600
2025-03-20,GOOGL,Alphabet,162.0364532470703,164.11664727374668,160.20508669307458,160.81222633390425,28138500
2025-03-21,GOOGL,Alphabet,163.2208709716797,163.46969843906228,160.13540430124633,160.45391074936325,36625800
2025-03-24,GOOGL,Alphabet,166.8935546875,167.53056759539257,164.36547425500177,166.2864302357092,30879100
2025-03-25,GOOGL,Alphabet,169.76007080078125,169.82974979049783,167.53058612545505,168.18747918173491,24174400
2025-03-26,GOOGL,Alphabet,164.2858428955078,168.81450579137277,164.0668735115514,168.20736616989782,28901600
2025-03-27,GOOGL,Alphabet,161.4790802001953,164.6441583248392,161.24020036188836,163.85787020298363,24508300
2025-03-28,GOOGL,Alphabet,153.60617065429688,161.06104688273138,152.90945679818688,159.73728296251087,48669300
2025-03-31,GOOGL,Alphabet,153.9147186279297,154.81049144150305,149.95338957359485,152.39189573252094,54603500
2025-04-01,GOOGL,Alphabet,156.33334350585938,157.35851155491952,152.89951197653428,152.89951197653428,30672900
2025-04-02,GOOGL,Alphabet,156.303466796875,157.66705174636402,153.97444517473392,154.42233161172652,25041700
2025-04-03,GOOGL,Alphabet,150.01309204101562,152.0634277685816,149.68463798943145,150.40126224975654,46883400
2025-04-04,GOOGL,Alphabet,144.9171142578125,150.3614601277394,144.698144884866,147.3157993550897,62259500
2025-04-07,GOOGL,Alphabet,146.0617218017578,152.13311801627722,139.87089326407514,140.8861135726325,76794100
2025-04-08,GOOGL,Alphabet,144.02133178710938,151.52597653644034,142.3591661655056,150.5107562403341,52200200
2025-04-09,GOOGL,Alphabet,157.96566772460938,158.80172453758868,143.235075666781,143.74267833454135,70406200
2025-04-10,GOOGL,Alphabet,152.10325622558594,156.98026834062628,149.2267962236283,155.80579483834862,48022000
2025-04-11,GOOGL,Alphabet,156.4029998779297,156.9305129193936,152.10326893032627,152.18288035899425,33636200
2025-04-14,GOOGL,Alphabet,158.32394409179688,160.96150910212248,156.8210165083235,159.24957495636372,30333000
2025-04-15,GOOGL,Alphabet,155.57688903808594,158.90122048049952,154.48205725338974,158.38367026397722,27551500
2025-04-16,GOOGL,Alphabet,152.61087036132812,155.1588613016161,150.7993990348029,152.381953334393,28187400
2025-04-17,GOOGL,Alphabet,150.4510498046875,153.9545297569088,147.8035217962651,153.56635949907425,33046600
2025-04-21,GOOGL,Alphabet,146.9774169921875,148.25141250019158,145.41478828401154,148.1817487017602,26049100
2025-04-22,GOOGL,Alphabet,150.75961303710938,151.4762374811885,147.8433467213268,148.19171131036353,26971800
2025-04-23,GOOGL,Alphabet,154.6213836669922,156.79115174340026,153.08859806854076,154.88015874786348,31128800
2025-04-24,GOOGL,Alphabet,158.532958984375,158.84150262211006,155.0593219807129,155.41763415068155,45894000
2025-04-25,GOOGL,Alphabet,161.2003936767578,165.32097594255075,160.2846952290497,164.29580798857202,56034000
2025-04-28,GOOGL,Alphabet,159.85670471191406,162.38478487609163,157.85613751727615,161.66816061799582,29745800
2025-04-29,GOOGL,Alphabet,159.40884399414062,159.98612558310694,156.7812263541152,159.56809722983294,26809000
2025-04-30,GOOGL,Alphabet,158.0552215576172,158.5230184445377,154.67115864825115,157.23906011670073,34981100
2025-05-01,GOOGL,Alphabet,160.5435028076172,161.19044821971175,158.1647125629629,159.69748324974734,30203200
2025-05-02,GOOGL,Alphabet,163.26068115234375,164.19627488526416,161.11080813038504,162.64359387625743,25715000
2025-05-05,GOOGL,Alphabet,163.43983459472656,164.61429290949133,161.95681747402023,162.2355030126838,21341800
2025-05-06,GOOGL,Alphabet,162.46441650390625,164.02706019999394,160.43399116800987,161.40939053220953,21277200
2025-05-07,GOOGL,Alphabet,150.67002868652344,164.22614566911673,147.1466228745946,163.31046231573168,127490100
2025-05-08,GOOGL,Alphabet,153.55641174316406,155.19866702023802,152.1828792070647,154.27303609354425,57498700
2025-05-09,GOOGL,Alphabet,152.03359985351562,154.32281585111178,151.4861763255997,153.44693820644628,32435300
2025-05-12,GOOGL,Alphabet,157.71681213378906,158.35380985703912,155.5171705905775,156.75136032378487,44138800
2025-05-13,GOOGL,Alphabet,158.78179931640625,159.81693019668407,155.42760955592857,158.04526446648646,42382100
2025-05-14,GOOGL,Alphabet,164.59439086914062,166.21675084206151,158.86141139731794,159.209775932056,48755900
2025-05-15,GOOGL,Alphabet,163.19100952148438,165.43045668169412,161.60845531931332,165.06218171025907,33146700
2025-05-16,GOOGL,Alphabet,165.41053771972656,168.5557203255822,164.84320384513654,166.9433081258995,42846900
2025-05-19,GOOGL,Alphabet,165.75889587402344,165.85843293399518,163.44978491746534,163.73841809182645,30426100
2025-05-20,GOOGL,Alphabet,163.2108917236328,167.70969613346296,162.13595535028108,165.6493976210667,46607700
2025-05-21,GOOGL,Alphabet,167.76943969726562,172.32796100800184,162.79289003758296,162.9222851886465,73416000
2025-05-22,GOOGL,Alphabet,170.06858825683594,175.94092545127197,169.90935022401754,171.0440028391721,74864400
2025-05-23,GOOGL,Alphabet,167.67987060546875,169.16288791706646,167.10258900472385,168.26709983843824,35211400
2025-05-27,GOOGL,Alphabet,172.08908081054688,172.35781874405163,169.20268808863054,169.36194132235366,37995700
2025-05-28,GOOGL,Alphabet,171.55160522460938,174.4479605139837,171.10371883250124,172.34785613681433,34784000
2025-05-29,GOOGL,Alphabet,171.053955078125,173.60194591853366,169.82972818892713,173.1839175950813,29317300
2025-05-30,GOOGL,Alphabet,170.93450927734375,171.40230609492238,166.65467413099773,170.54633906565317,52639900
2025-06-02,GOOGL,Alphabet,168.2372283935547,169.07328505076367,166.6049207920985,167.0528072022302,38612300
2025-06-03,GOOGL,Alphabet,165.40057373046875,167.68978928654823,164.50480099371782,166.70444231356663,45084900
2025-06-04,GOOGL,Alphabet,167.2618408203125,167.43104169003885,165.57976456796413,165.9579872104258,26900800
2025-06-05,GOOGL,Alphabet,167.4210968017578,170.12832594897296,166.8039942928028,169.54109671137655,36379100
2025-06-06,GOOGL,Alphabet,172.86541748046875,173.68157889465496,170.0287933558417,170.0287933558417,35731800
2025-06-09,GOOGL,Alphabet,175.47630310058594,175.8549836240846,173.76229627558533,173.93170198198985,28935900
2025-06-10,GOOGL,Alphabet,177.97755432128906,180.47880106496282,174.30041217393423,175.58590961128442,61766100
2025-06-11,GOOGL,Alphabet,176.73191833496094,179.74138229531295,176.1340033305199,179.1434824964821,31646800
2025-06-12,GOOGL,Alphabet,175.08766174316406,176.104111180473,174.14097564629483,175.5659846289993,20941900
2025-06-13,GOOGL,Alphabet,174.0612335205078,176.51266655178486,171.7891810552309,171.83900983498697,27663100
2025-06-16,GOOGL,Alphabet,176.1539306640625,176.32333636040028,174.04130888575864,174.12103189678987,27389200
2025-06-17,GOOGL,Alphabet,175.3367919921875,176.74188163753837,173.97157145760983,175.08766326949169,24973000
2025-06-18,GOOGL,Alphabet,172.7159423828125,175.94464041531594,172.59635027395842,175.39655426609215,28707500
2025-06-20,GOOGL,Alphabet,166.05921936035156,173.73237998796506,164.88333923967906,173.34373983894176,75659900
2025-06-23,GOOGL,Alphabet,164.61427307128906,166.75677368964836,161.43538860354417,165.6905108199857,57671000
2025-06-24,GOOGL,Alphabet,166.1887969970703,167.6337405858712,165.5510280582942,166.3382681524042,40524300
2025-06-25,GOOGL,Alphabet,170.08514404296875,171.75929686583365,166.96606296199934,167.04578597314622,35479000
2025-06-26,GOOGL,Alphabet,172.9351806640625,173.08466701517526,169.34773632150527,171.8290485705118,31796700
2025-06-27,GOOGL,Alphabet,177.9077911376953,178.057262279745,171.13148726193396,172.93517666884486,108140200
2025-06-30,GOOGL,Alphabet,175.61581420898438,180.59838864201382,173.97157072832883,180.14995998416325,63378900
2025-07-01,GOOGL,Alphabet,175.22715759277344,175.47628629108172,172.92521085330227,175.12751523681553,35904500
2025-07-02,GOOGL,Alphabet,178.01739501953125,178.23662948182692,174.4598452552033,174.92819320035304,29128900
2025-07-03,GOOGL,Alphabet,178.904296875,179.0438083356934,176.43294448317042,177.8778878701253,21689700
2025-07-07,GOOGL,Alphabet,176.17385864257812,178.67512071867887,175.06772651945082,178.43595167386934,34175600
2025-07-08,GOOGL,Alphabet,173.7523193359375,177.3298037815242,172.20771837081963,177.2301614259221,40442500
2025-07-09,GOOGL,Alphabet,176.00442504882812,178.8146038590092,172.16785249870574,174.63920474769347,43025600
2025-07-10,GOOGL,Alphabet,177.0009307861328,177.80810523578302,173.77223298753196,175.01787632479642,29252400
2025-07-11,GOOGL,Alphabet,179.56201171875,180.797680390592,175.86493496639972,176.17385213436023,34282900
2025-07-14,GOOGL,Alphabet,180.92723083496094,183.02987774300456,179.05377808117527,180.37914463511837,32536600
2025-07-15,GOOGL,Alphabet,181.36570739746094,183.57797163820845,180.96710752938097,182.17288201396957,33448300
2025-07-16,GOOGL,Alphabet,182.3323211669922,183.68758195520638,181.39559478616047,182.60138443088442,33104200
2025-07-17,GOOGL,Alphabet,182.94020080566406,183.41852368346133,179.85099864083438,181.50521696666215,31992600
2025-07-18,GOOGL,Alphabet,184.41500854492188,185.77026914952484,183.06972281894,184.7538198946707,34014500
2025-07-21,GOOGL,Alphabet,189.43746948242188,189.62679452163042,185.50122385959315,185.6008814217948,45803100
2025-07-22,GOOGL,Alphabet,190.6731414794922,190.98205863993607,186.80667432845317,190.8325874995953,44660200
2025-07-23,GOOGL,Alphabet,189.5670166015625,191.85900380909362,188.520672962732,190.8325947249331,58681900
2025-07-24,GOOGL,Alphabet,191.500244140625,197.26009837341095,190.33432366848066,196.34330659716778,74881700
2025-07-25,GOOGL,Alphabet,192.50672912597656,193.65273031316045,190.59342246149265,191.31091436137532,39785900
2025-07-28,GOOGL,Alphabet,191.90882873535156,193.37370675914636,190.17488744855515,192.97509170180885,38139500
2025-07-29,GOOGL,Alphabet,195.06776428222656,195.23716996676416,191.41055693747035,191.7593279801271,41389200
2025-07-30,GOOGL,Alphabet,195.84506225585938,196.91134044406198,194.0114785811888,194.91831074404357,32445400
2025-07-31,GOOGL,Alphabet,191.23118591308594,195.30694304131825,190.42401135006776,195.0279201110307,51329200
2025-08-01,GOOGL,Alphabet,188.47084045410156,190.16491249625656,187.165408558121,188.37118289637132,34832200
2025-08-04,GOOGL,Alphabet,194.36024475097656,194.5894541087341,189.45739363731957,189.62679933287328,31547400
2025-08-05,GOOGL,Alphabet,193.9915313720703,197.17041596913074,193.21425105621586,194.03140047861146,31602300
2025-08-06,GOOGL,Alphabet,195.4065704345703,195.94469690577856,192.99500660427324,193.82211565771695,21562900
2025-08-07,GOOGL,Alphabet,195.8350830078125,196.85151710519096,193.65271327152095,196.37319428256532,26321800
2025-08-08,GOOGL,Alphabet,200.71800231933594,201.90385732363322,196.48281456433622,196.53264334375206,39161800
2025-08-11,GOOGL,Alphabet,200.29946899414062,200.77779182670545,198.3762027845806,200.2396805407711,25832400
2025-08-12,GOOGL,Alphabet,202.63131713867188,203.7872779637538,199.8909014203329,200.66818175308578,30397900
2025-08-13,GOOGL,Alphabet,201.2561492919922,203.81718459405647,196.82164596798347,203.41858472937733,28342900
2025-08-14,GOOGL,Alphabet,202.2327117919922,203.72748396129663,200.52866482851726,200.79772807656252,25230400
2025-08-15,GOOGL,Alphabet,203.18934631347656,205.72050222972115,200.57848260017946,203.13953274172073,34931400
2025-08-18,GOOGL,Alphabet,202.790771484375,204.55460702217843,201.7842969623296,203.4883288365654,18526600
2025-08-19,GOOGL,Alphabet,200.8675079345703,202.73098585981091,199.26311839930437,202.32241111724275,24240200
2025-08-20,GOOGL,Alphabet,198.62533569335938,200.57849617106174,195.9148142419443,200.03040999419306,28955500
2025-08-21,GOOGL,Alphabet,199.0538330078125,201.77431417758274,198.73494097038414,199.0538330078125,19774600
2025-08-22,GOOGL,Alphabet,205.3717498779297,207.8132083154908,200.59845024885027,202.02345924179684,42827000
2025-08-25,GOOGL,Alphabet,207.76336669921875,209.78629043498435,204.56454764589003,205.71053353164982,29928900
2025-08-26,GOOGL,Alphabet,206.41807556152344,207.12560776169755,204.98309181316571,206.7867811726176,28464100
2025-08-27,GOOGL,Alphabet,206.7568817138672,208.18190575216585,204.93325784693593,204.9830866269172,23022900
2025-08-28,GOOGL,Alphabet,210.90237426757812,211.48035462857675,206.1788890311736,206.5276752646478,32339300
2025-08-29,GOOGL,Alphabet,212.16796875,213.90189476250458,209.46740696384475,209.77632411753885,39728400
2025-09-02,GOOGL,Alphabet,210.61343383789062,210.9422703796375,205.48137289081185,207.7135717794173,47523000
2025-09-03,GOOGL,Alphabet,229.85609436035156,230.50382286131364,224.00654247682164,225.42160679337482,103336100
2025-09-04,GOOGL,Alphabet,231.49038696289062,231.56013509073304,225.32195802772998,228.8496136665047,51684200
2025-09-05,GOOGL,Alphabet,234.1809844970703,234.9383302920627,231.09178244912047,231.3907399385365,46588900
2025-09-08,GOOGL,Alphabet,233.43289184570312,237.51229392263,233.06385649853374,234.85919032931716,32474700
2025-09-09,GOOGL,Alphabet,239.0084228515625,239.8462403027557,232.62501483391662,233.56257898038902,38061000
2025-09-10,GOOGL,Alphabet,238.54962158203125,241.03316831731985,237.23305340830441,238.280317666347,35141100
2025-09-11,GOOGL,Alphabet,239.74649047851562,241.62161874698785,235.63718236935347,239.25777124796906,30599300
2025-09-12,GOOGL,Alphabet,240.17538452148438,241.4520630725996,237.38264448371655,239.7464919977143,26771600
2025-09-15,GOOGL,Alphabet,250.95733642578125,251.75526430827645,244.02536743382055,244.02536743382055,58383800
2025-09-16,GOOGL,Alphabet,250.50851440429688,252.38362748338088,248.82289569604956,251.42612617048883,34109700
2025-09-17,GOOGL,Alphabet,248.8827362060547,250.94737408261642,245.6411664684413,250.56835490468708,34108000
2025-09-18,GOOGL,Alphabet,251.37625122070312,253.33117381914667,249.15203994052993,251.02715300766394,31239500
2025-09-19,GOOGL,Alphabet,254.0592803955078,255.33595897283527,251.1568250217611,252.59309222605677,55571400
2025-09-22,GOOGL,Alphabet,251.8749542236328,255.11652395864965,249.65074294375358,253.7700196733437,32290500
2025-09-23,GOOGL,Alphabet,251.00721740722656,253.7002107757565,249.8302703204236,252.38362744671002,26628000
2025-09-24,GOOGL,Alphabet,246.49893188476562,251.69542412904988,245.80075068993506,251.00721151585665,28201000
2025-09-25,GOOGL,Alphabet,245.15243530273438,245.85063173864694,240.1155467413105,243.76604145127706,31020400
2025-09-26,GOOGL,Alphabet,245.90048217773438,248.77301648715127,245.33196864020064,246.42912138871642,18503200
2025-09-29,GOOGL,Alphabet,243.41696166992188,250.49853584610034,242.14028307987255,247.2071078925349,32505800
2025-09-30,GOOGL,Alphabet,242.46942138671875,242.65891575563484,238.6294019345709,242.18016510404112,34724300
2025-10-01,GOOGL,Alphabet,244.2647247314453,245.66110227108265,237.99104765144796,240.12549589508035,31658200
2025-10-02,GOOGL,Alphabet,245.05270385742188,246.16979380429245,241.67149783253905,244.51409604788847,25483300
2025-10-03,GOOGL,Alphabet,244.71359252929688,245.66112527970623,241.0331615881319,243.85582267520638,30249600
2025-10-06,GOOGL,Alphabet,249.7803955078125,250.66810152305118,243.94557911341744,244.14505728413704,28894700
2025-10-07,GOOGL,Alphabet,245.1225128173828,249.7903811872092,244.88314509840285,247.62601181924765,23181300
2025-10-08,GOOGL,Alphabet,243.98545837402344,245.37185214800957,243.18754572478312,244.32458799107962,21307100
2025-10-09,GOOGL,Alphabet,240.90350341796875,244.12512098399313,238.5296719381561,243.83587990027615,27892100
2025-10-10,GOOGL,Alphabet,235.9563751220703,243.45685825048318,235.2282576904417,240.80375429608978,33180300
2025-10-13,GOOGL,Alphabet,243.51669311523438,243.8657913377574,239.08822281740842,239.5869258671789,24995000
2025-10-14,GOOGL,Alphabet,244.81332397460938,246.47899033376285,239.88613541009548,240.60426901896764,22111600
2025-10-15,GOOGL,Alphabet,250.37884521484375,251.45604559967558,245.3519253048375,246.60865147753682,27007700
2025-10-16,GOOGL,Alphabet,250.80772399902344,256.2934418791717,249.45125120568702,251.11691742955023,27997200
2025-10-17,GOOGL,Alphabet,252.64297485351562,253.5605866634714,247.1672097408255,250.10955476977685,29671600
2025-10-20,GOOGL,Alphabet,255.884521484375,256.6624970209002,253.57054725807689,254.0293607582065,22350200
2025-10-21,GOOGL,Alphabet,249.81031799316406,254.21885076692087,243.516673234733,254.0792145331533,47312100
2025-10-22,GOOGL,Alphabet,251.03713989257812,255.69500926260113,248.64335615777878,253.710180894347,35029400
2025-10-23,GOOGL,Alphabet,252.4235382080078,254.3784456458486,251.19673296350098,252.3237915100895,19901400
2025-10-24,GOOGL,Alphabet,259.24578857421875,261.00120248797276,254.65771475094738,255.91442564996356,28655100
2025-10-27,GOOGL,Alphabet,268.5715026855469,269.43927147389144,263.5944564854066,264.13306424820985,35235200
2025-10-28,GOOGL,Alphabet,266.7762145996094,270.0277682724026,265.80872945123696,268.99045739081123,29738600
2025-10-29,GOOGL,Alphabet,273.8578186035156,274.6258103943446,266.97572213826885,267.0555012387311,43580300
2025-10-30,GOOGL,Alphabet,280.7498779296875,290.8336389163956,279.3335478851562,290.8336389163956,74876000
2025-10-31,GOOGL,Alphabet,280.46063232421875,285.25815337777135,276.3114191679317,282.47538175038454,39267900
2025-11-03,GOOGL,Alphabet,282.98406982421875,284.7893724933962,279.0742243823285,281.4480558536455,29786000
2025-11-04,GOOGL,Alphabet,276.8200988769531,280.5404041676455,275.5434202802167,276.03213953132416,30078400
2025-11-05,GOOGL,Alphabet,283.5725402832031,285.6770830892533,276.6206181949745,278.1466483880774,31010300
2025-11-06,GOOGL,Alphabet,284.0113830566406,287.60205105478576,280.41076169575746,284.58986519375543,37173600
2025-11-07,GOOGL,Alphabet,278.1067199707031,283.04389217242976,274.47617771869056,282.47536340962876,34479600
2025-11-10,GOOGL,Alphabet,289.3475341796875,290.04570023123154,282.1262928563078,283.68227447504086,29557300
2025-11-11,GOOGL,Alphabet,290.5543518066406,291.1627853205446,286.5747114373448,287.0035887304013,19842100
2025-11-12,GOOGL,Alphabet,285.96630859375,291.2525794490294,282.95415298016115,290.9234183741868,24829900
2025-11-13,GOOGL,Alphabet,277.847412109375,282.1063250073575,276.5208450104115,281.60762197974475,29494000
2025-11-14,GOOGL,Alphabet,275.6930236816406,277.8374407083971,269.99784337488455,270.7059931829425,31647200
2025-11-17,GOOGL,Alphabet,284.28070068359375,293.18756107368085,282.8344799743636,285.0387391266023,52670200
2025-11-18,GOOGL,Alphabet,283.5426025390625,288.05086711584505,277.4783868942568,287.1731753233953,49158700
2025-11-19,GOOGL,Alphabet,292.05047607421875,303.0219431129204,285.88651371587775,286.41513772838755,68198900
2025-11-20,GOOGL,Alphabet,288.69921875,305.625202125324,287.921243180084,303.75007371618807,62025200
2025-11-21,GOOGL,Alphabet,298.8827209472656,303.1316807498811,293.0877938372482,295.65113486551246,74137700
2025-11-24,GOOGL,Alphabet,317.75360107421875,318.651290855991,308.79691436510495,310.3229443803346,85165100
2025-11-25,GOOGL,Alphabet,322.60101318359375,327.9770159307299,316.82602366827604,325.3638169665917,88632100
2025-11-26,GOOGL,Alphabet,319.12005615234375,323.65824119559085,315.96824959625764,319.84814303870047,51373400
2025-11-28,GOOGL,Alphabet,319.3494873046875,326.0021995827445,315.9682963529555,322.5312152935296,26018600
2025-12-01,GOOGL,Alphabet,314.0732116699219,319.02033724928003,313.07580560094704,316.8759202886677,41183000
2025-12-02,GOOGL,Alphabet,314.9908447265625,317.5541859262309,313.095779063488,315.9184251730286,35854700
2025-12-03,GOOGL,Alphabet,318.8009033203125,320.74582687116515,313.2852490348319,315.07061440214585,41838300
2025-12-04,GOOGL,Alphabet,316.7961120605469,321.52380710663783,313.8837033726762,321.39416988540876,31240900
2025-12-05,GOOGL,Alphabet,320.4366455078125,322.32175763971526,318.3421170569229,318.6612638744486,28851700
2025-12-08,GOOGL,Alphabet,313.1109313964844,319.81788611091974,310.61578500656543,319.42862865409404,33909400
2025-12-09,GOOGL,Alphabet,316.4643859863281,317.3726229056239,311.2944500995635,311.7635388280278,30194000
2025-12-10,GOOGL,Alphabet,319.58831787109375,320.6861883612462,314.069055340672,315.2168165746965,33428900
2025-12-11,GOOGL,Alphabet,311.82342529296875,320.49655652430846,308.0008744502611,319.45856710455377,42353700
2025-12-12,GOOGL,Alphabet,308.68951416015625,314.25866704717134,304.96674508462553,313.0909556884665,35940200
2025-12-15,GOOGL,Alphabet,307.62158203125,310.81538131016634,304.288070405232,310.7155693717638,29151900
2025-12-16,GOOGL,Alphabet,305.97479248046875,310.16661977978157,302.00250880457793,304.3579426322819,30585000
2025-12-17,GOOGL,Alphabet,296.1439208984375,307.4918412298865,295.54507970361715,307.4120099511304,43930400
2025-12-18,GOOGL,Alphabet,301.872802734375,303.36989066961956,298.64909287381425,301.13424909965397,33518000
2025-12-19,GOOGL,Alphabet,306.56365966796875,306.65348128006514,300.3856749721532,301.1442091965169,59943200
2025-12-22,GOOGL,Alphabet,309.1785583496094,309.52788491338026,304.70724534166345,309.2783702904479,26429900
2025-12-23,GOOGL,Alphabet,313.73968505859375,314.328535898872,308.7194521900694,309.02884787804055,25478700
2025-12-24,GOOGL,Alphabet,313.4801940917969,314.4682622711062,311.3144241794057,314.15886656933606,10097400
2025-12-26,GOOGL,Alphabet,312.9013366699219,314.4782557314601,311.67371372407564,313.8694546536391,10899000
2025-12-29,GOOGL,Alphabet,312.95123291015625,313.41033130955566,310.0169383701615,310.76548227407176,19621800
2025-12-30,GOOGL,Alphabet,313.24066162109375,316.3346490163796,311.85334570689247,311.8932765746258,17380900
2025-12-31,GOOGL,Alphabet,312.392333984375,313.9692531312569,310.8353650439947,312.24263128978663,16377700
2026-01-02,GOOGL,Alphabet,314.5381164550781,321.87385220157,309.7274673850438,316.28471875384633,32009400
2026-01-05,GOOGL,Alphabet,315.9254455566406,318.4006111389099,314.01915017003046,317.0432662013207,30195600
2026-01-06,GOOGL,Alphabet,313.729736328125,320.3169291726341,311.1747087515676,315.7857346052246,31212100
2026-01-07,GOOGL,Alphabet,321.3548889160156,325.51677583182123,313.58000462136766,313.74965751082357,35104400
2026-01-08,GOOGL,Alphabet,324.80816650390625,329.67869694461876,320.8758135066914,328.3313118537803,31896100
2026-01-09,GOOGL,Alphabet,327.9320983886719,330.1876899539591,325.16745676828174,326.45496079982934,26214200
2026-01-12,GOOGL,Alphabet,331.2156677246094,333.3914583276215,324.3690012716118,325.16743586064183,33923900
2026-01-13,GOOGL,Alphabet,335.3177185058594,339.828932001794,332.9722749179122,334.29970979162056,33517600
2026-01-14,GOOGL,Alphabet,335.18798828125,335.8666608024698,329.838408937521,334.40950381083184,28525600
2026-01-15,GOOGL,Alphabet,332.1338806152344,337.03435112462023,330.0978329050398,336.9944202593897,28442400
2026-01-16,GOOGL,Alphabet,329.35931396484375,334.00028002450074,327.0637915356931,333.7607557246461,40341600
2026-01-20,GOOGL,Alphabet,321.37481689453125,327.0937027067513,319.8078578375627,320.2470059867555,35361000
2026-01-21,GOOGL,Alphabet,327.742431640625,331.8344772893458,318.7299652491503,320.2969242919723,35386600
2026-01-22,GOOGL,Alphabet,329.8982849121094,334.49932025317224,328.1117515615861,333.8006975362521,26253600
2026-01-23,GOOGL,Alphabet,327.2933044433594,333.0421309365838,326.8142558744754,331.8444485977197,27280000
2026-01-26,GOOGL,Alphabet,332.61297607421875,335.1879535299186,326.3651202937951,327.1735452193246,26042100
2026-01-27,GOOGL,Alphabet,333.90045166015625,337.2539439848537,332.8325522369338,334.71886692218493,21636200
2026-01-28,GOOGL,Alphabet,335.3576354980469,336.8846637353836,331.2955302242731,335.40752623810386,27434400
2026-01-29,GOOGL,Alphabet,337.5932922363281,341.62545715973704,325.9060355700189,339.6393000059441,39785600
2026-01-30,GOOGL,Alphabet,337.34375,339.33986686390534,331.6448448818816,339.33986686390534,31024000
2026-02-02,GOOGL,Alphabet,343.0227355957031,344.160506471566,334.9783863513143,335.56723722383623,32006100
2026-02-03,GOOGL,Alphabet,339.0504455566406,348.322417578686,336.81480425638233,346.66563680855586,36506700
2026-02-04,GOOGL,Alphabet,332.3934020996094,342.6434516437907,327.8821583120744,342.2941250868659,70618400
2026-02-05,GOOGL,Alphabet,330.60687255859375,332.04407921106184,305.8649942318392,311.61382084171163,88205800
2026-02-06,GOOGL,Alphabet,322.233154296875,329.7385737476322,319.2988903139048,326.54477434837446,56380500
2026-02-09,GOOGL,Alphabet,323.6903381347656,327.0637807183464,316.6440476026885,320.30690521957837,39640100
2026-02-10,GOOGL,Alphabet,317.9614562988281,321.0454837970353,313.9991629255859,320.3468306795893,39170000
2026-02-11,GOOGL,Alphabet,310.3562927246094,320.43669064369624,309.0588287321352,318.35075183143766,45406400
2026-02-12,GOOGL,Alphabet,308.40008544921875,315.62601945223736,306.60359228041904,311.4840826487114,47761300
2026-02-13,GOOGL,Alphabet,305.1264343261719,308.03078810659247,303.1203270701956,307.1325415821482,38499700
2026-02-17,GOOGL,Alphabet,301.4336242675781,303.8489392958333,295.67483755264817,299.4574878846074,39247600
2026-02-18,GOOGL,Alphabet,302.7410583496094,304.7870964613843,300.66511016078545,301.50347560963706,28482100
2026-02-19,GOOGL,Alphabet,302.26202392578125,304.87693233204385,299.4574819671566,301.23402488534225,25834400
2026-02-20,GOOGL,Alphabet,314.36846923828125,315.885507154404,303.30996428502766,303.72916224594877,53210800
2026-02-23,GOOGL,Alphabet,310.88525390625,318.8996629968606,309.2684038978283,318.43057425110476,31423000
2026-02-24,GOOGL,Alphabet,310.29638671875,311.6637220131571,305.33603467292323,309.91711960911005,25615600
2026-02-25,GOOGL,Alphabet,312.2925109863281,313.031095017384,308.8392369672335,311.4541454679639,29963600
2026-02-26,GOOGL,Alphabet,306.7832336425781,312.5320604811519,301.7630004907203,312.0330312197015,36431200
2026-02-27,GOOGL,Alphabet,311.15472412109375,311.7635251790807,303.21015662264614,303.5495233120643,44640600
2026-03-02,GOOGL,Alphabet,305.92486572265625,307.8910420913047,300.71499938521333,302.6412753457796,34790200
2026-03-03,GOOGL,Alphabet,302.9906005859375,303.34991750153205,296.13394323483243,298.01029817831704,35497000
2026-03-04,GOOGL,Alphabet,302.5414733886719,304.87692658824284,300.1660893213747,302.30194909897057,29536200
2026-03-05,GOOGL,Alphabet,300.2958679199219,302.7111526067185,297.41146402777275,302.4516780897468,35752300
2026-03-06,GOOGL,Alphabet,297.9404296875,299.94653713519574,294.60691775969326,295.5151547022239,25576900
2026-03-09,GOOGL,Alphabet,305.98040771484375,306.4198649966507,293.71562375842984,293.99527562141907,29312100
2026-03-10,GOOGL,Alphabet,306.65960693359375,309.1265479913924,305.1914269440574,305.79068968096857,23239700
2026-03-11,GOOGL,Alphabet,308.31756591796875,311.0341973481569,305.54101125974313,306.3699695674413,24125700
2026-03-12,GOOGL,Alphabet,303.1739196777344,308.5572566363961,300.65705267874506,306.43988798140623,24928300
2026-03-13,GOOGL,Alphabet,301.9054870605469,307.3087879643589,300.0677703977713,306.6296377698095,23693100
2026-03-16,GOOGL,Alphabet,305.1814270019531,306.11026747244654,302.64456537566065,303.97293465389924,23519700
2026-03-17,GOOGL,Alphabet,310.5347900390625,311.03417054952814,305.1214918945171,305.48103123176395,21955200
2026-03-18,GOOGL,Alphabet,307.30877685546875,312.08285325242963,306.5497087361953,308.88680583632095,20009800
2026-03-19,GOOGL,Alphabet,306.7494812011719,307.67832164750223,301.9754046785898,303.63335165234247,25075800
2026-03-20,GOOGL,Alphabet,300.6270751953125,305.62088043111504,297.9004465638477,305.0815409313132,44364100
2026-03-23,GOOGL,Alphabet,301.6857604980469,305.60091722739566,300.55715563413514,301.7356863586682,29326900
2026-03-24,GOOGL,Alphabet,290.0801696777344,299.5484356615691,289.97029010977093,298.82932646685043,36864300
2026-03-25,GOOGL,Alphabet,290.5695495605469,295.6332754793409,288.8816409209488,293.07644958925243,29460700
2026-03-26,GOOGL,Alphabet,280.5719909667969,287.59328051443134,278.1549756132059,287.553321534765,39080600
2026-03-27,GOOGL,Alphabet,274.0000915527344,279.02385820883654,273.6105906087015,276.9364513575891,35890600
2026-03-30,GOOGL,Alphabet,273.1611633300781,276.74671205405957,271.772870758184,276.07755917965534,35141200
2026-03-31,GOOGL,Alphabet,287.2037353515625,287.72308014338427,276.74670556560056,277.6955407888773,43875400
2026-04-01,GOOGL,Alphabet,297.0215759277344,300.14767254424095,290.05021252939383,290.47967248402244,37684500
2026-04-02,GOOGL,Alphabet,295.4035339355469,297.7106694379238,289.0913874960174,290.3298413990028,21666500
2026-04-06,GOOGL,Alphabet,299.61834716796875,300.24757156825143,294.81430848233833,295.5034561131459,16945500
2026-04-07,GOOGL,Alphabet,305.08154296875,305.2513457589993,297.3511421656273,302.3549447988444,23205400
2026-04-08,GOOGL,Alphabet,316.9268798828125,321.68096199730417,314.6297110626625,320.0530070056894,33547100
2026-04-09,GOOGL,Alphabet,318.09539794921875,319.1441153425082,310.6746106421415,315.51860784412145,23739200
2026-04-10,GOOGL,Alphabet,316.8469543457031,321.4312640320202,315.9281112234418,319.62350892085055,19152600
2026-04-13,GOOGL,Alphabet,320.91192626953125,321.2315371363443,315.0791651091577,316.74710955552524,18866400
2026-04-14,GOOGL,Alphabet,332.49755859375,332.8770926852431,323.3489033390031,324.38762340838895,27721400
2026-04-15,GOOGL,Alphabet,336.70233154296875,337.0619013824557,330.49003638532656,332.4775916674409,24918800
2026-04-16,GOOGL,Alphabet,335.6036682128906,339.458901613874,334.105526677332,338.33029678032364,20541500
2026-04-17,GOOGL,Alphabet,341.2566833496094,341.89590508018404,335.8234205588037,337.2316773591919,25581900
2026-04-20,GOOGL,Alphabet,337.0019836425781,340.97703331198585,336.1929591105031,340.3378420577138,18784200
2026-04-21,GOOGL,Alphabet,331.8783264160156,338.9195798085849,330.9394885663705,337.2716301294484,23123800
2026-04-22,GOOGL,Alphabet,338.8996276855469,339.3990082413208,334.7547751685775,336.60245884112476,20293000
2026-04-23,GOOGL,Alphabet,338.47015380859375,341.53632713037314,335.7634893621326,340.7572947145818,18650300
2026-04-24,GOOGL,Alphabet,343.97332763671875,344.84224494447176,334.9745105669949,338.31036908905986,26426100
2026-04-27,GOOGL,Alphabet,349.9059753417969,352.7424533316474,342.30541767036533,345.55139138660655,28576900
2026-04-28,GOOGL,Alphabet,349.3466796875,351.9834237980171,345.6912101596132,348.1181924796765,27824100
2026-04-29,GOOGL,Alphabet,349.5064392089844,355.34919736274225,343.7835275027263,347.13938043155986,35376300
2026-04-30,GOOGL,Alphabet,384.3232421875,385.3619622201579,365.3667768501622,373.6065555628184,72040000
2026-05-01,GOOGL,Alphabet,385.2121887207031,386.2808704617397,378.5804000830116,381.1572209075714,30105200
2026-05-04,GOOGL,Alphabet,382.7751770019531,386.90006506467324,379.31947226185457,385.15223320621686,26298600
2026-05-05,GOOGL,Alphabet,387.9487609863281,392.33333678038815,383.5442209432822,385.7515048868787,23878600
2026-05-06,GOOGL,Alphabet,397.546875,399.3546301445318,392.2734176347804,393.7615619135972,31308500
2026-05-07,GOOGL,Alphabet,397.4969177246094,399.6043194807176,392.1934987581594,399.42454979908837,24433500
2026-05-08,GOOGL,Alphabet,400.3034362792969,401.5019617899809,395.86893456144384,396.5081562950806,21461800
2026-05-11,GOOGL,Alphabet,388.1585388183594,396.94762453931395,387.9887360157618,393.16231133568834,30753700
2026-05-12,GOOGL,Alphabet,386.8701171875,388.0386506028281,382.2957742925754,386.8601198229993,26017500
2026-05-13,GOOGL,Alphabet,402.1211853027344,403.1998643489371,384.5230197682841,385.1222825184223,28144600
2026-05-14,GOOGL,Alphabet,400.5731201171875,402.43080112559403,395.349588612008,396.7878070287349,21136700
2026-05-15,GOOGL,Alphabet,396.2884216308594,399.0450119758119,392.69287563304505,395.82900006662373,20309700
2026-05-18,GOOGL,Alphabet,396.4482421875,408.10376741205215,394.04122422601415,395.1997907850553,26837200
2026-05-19,GOOGL,Alphabet,387.1797180175781,396.65795076850566,385.63162007935824,396.4681837278221,39545700
2026-05-20,GOOGL,Alphabet,388.4281921386719,393.37204141137994,382.42562803382646,387.2196997137571,31744400
2026-05-21,GOOGL,Alphabet,387.1797180175781,392.01371791338363,382.5454520468608,385.22215486500835,24852800
2026-05-22,GOOGL,Alphabet,382.49554443359375,388.258385079403,381.29701890681014,386.87012298265273,20442100
2026-05-26,GOOGL,Alphabet,388.3982238769531,388.777757974093,382.1260053488666,384.03364271938483,27747400
2026-05-27,GOOGL,Alphabet,388.3482666015625,393.3920284639016,385.42190388240675,386.1909694394293,23087300
2026-05-28,GOOGL,Alphabet,389.64666748046875,391.38450201712897,384.68282366229704,387.5193014898567,24357500
2026-05-29,GOOGL,Alphabet,379.8687744140625,384.7626974671623,377.9910987617443,384.7626974671623,44415800
2026-06-01,GOOGL,Alphabet,375.9037170410156,378.09100632744554,373.05724175924524,376.05352511273605,28672100
2026-06-02,GOOGL,Alphabet,361.4017028808594,373.07722234401785,357.99592394061045,366.13582064636165,50412300
2026-06-03,GOOGL,Alphabet,358.54522705078125,365.9960065843375,357.6363508187865,361.5814692403301,55441600
2026-06-04,GOOGL,Alphabet,371.7288818359375,372.7875661225121,357.7661912265356,358.4553387971999,44055500
2026-06-05,GOOGL,Alphabet,368.07342529296875,371.6190149899659,363.6688852043904,365.88613605551615,37471200
2026-06-08,GOOGL,Alphabet,363.0766296386719,365.9647879200631,360.2984165590168,364.9454235864071,27942500
2026-06-09,GOOGL,Alphabet,364.0260314941406,371.84098522768176,357.0704802123837,366.85420025674074,29535100
2026-06-10,GOOGL,Alphabet,356.1510925292969,368.3232616719084,354.97185779418805,362.95671584537644,32357100
2026-06-11,GOOGL,Alphabet,357.5401611328125,358.5694982511428,346.13748714351743,355.70134679025995,35538200
2026-06-12,GOOGL,Alphabet,359.4489440917969,366.33453278338226,354.7119986974298,362.3870579560934,24704600
2026-06-15,GOOGL,Alphabet,369.1127624511719,372.7504085202595,366.3145426692825,367.69366113705985,27727500
2026-06-16,GOOGL,Alphabet,373.01025390625,375.7584875251172,366.8242274297617,369.3626044753487,24876100
2026-06-17,GOOGL,Alphabet,363.55633544921875,372.0908279957741,361.78745285393074,368.8929017493238,24543600
2026-06-18,GOOGL,Alphabet,367.7935791015625,369.2426598317581,358.4396065335441,365.51504497617543,44470100
2026-06-22,GOOGL,Alphabet,349.45538330078125,358.68946892539066,341.50050477393233,357.72009076397745,52814800
2026-06-23,GOOGL,Alphabet,345.90765380859375,349.0656275102868,339.98147051143604,340.47114598010614,34007700
2026-06-24,GOOGL,Alphabet,345.0682067871094,353.25294826847323,341.7103492701006,348.8157979233392,44997300
2026-06-25,GOOGL,Alphabet,343.48919677734375,345.34801779729577,335.6242572392167,336.51370015420923,44491400
2026-06-26,GOOGL,Alphabet,337.17327880859375,346.1374872957393,329.98789515004995,342.32993723999033,114706300
2026-06-29,GOOGL,Alphabet,353.4228210449219,354.122383587675,340.4511784786947,341.6104064955248,34213900
2026-06-30,GOOGL,Alphabet,357.14044189453125,358.3896389689017,350.1749177879227,353.64269008629407,35237200
2026-07-01,GOOGL,Alphabet,360.97796630859375,362.7368455226467,356.20103798676814,358.1397942573561,26736400
2026-07-02,GOOGL,Alphabet,359.6788024902344,363.97602803095486,353.19298133516355,359.2490860357571,25974800
2026-07-06,GOOGL,Alphabet,366.2245788574219,367.693635754559,357.15042523629825,361.31772936423556,26915800
2026-07-07,GOOGL,Alphabet,366.7942199707031,372.9202869594668,365.26520405735874,368.8329180211536,24045600
2026-07-08,GOOGL,Alphabet,361.6875305175781,367.6037106679975,357.79001132287857,364.525702555654,22094800
2026-07-09,GOOGL,Alphabet,358.65948486328125,359.41897594546776,350.8544734886641,354.08240970637695,24729100
2026-07-10,GOOGL,Alphabet,356.9505615234375,357.5901650645865,352.52341441108456,357.30034280387986,18146100
2026-07-13,GOOGL,Alphabet,352.2835693359375,357.8999543595846,351.52404777471276,355.96119810970276,15901700
2026-07-14,GOOGL,Alphabet,359.2790832519531,359.92865963343,350.86447830880365,350.97442351070157,18259400
2026-07-15,GOOGL,Alphabet,370.6817626953125,373.40998963278184,357.5302120160503,357.74006858863044,28284600
2026-07-16,GOOGL,Alphabet,354.2322998046875,375.02892981037553,352.07368364698067,372.8203579699616,41158500
2026-07-17,GOOGL,Alphabet,346.5472412109375,348.2961170979314,341.1407126662452,345.77774679993126,29959300
2026-07-20,GOOGL,Alphabet,351.7638854980469,359.4489481797366,350.2948285491913,350.6546131580819,24736600
2026-07-21,GOOGL,Alphabet,346.927001953125,351.09433677099497,346.77710440528256,351.09433677099497,23369800
2026-07-22,GOOGL,Alphabet,341.8702392578125,349.7152025525983,341.51048515922605,347.93634723653764,39334100
2026-07-23,GOOGL,Alphabet,317.4859313964844,324.2815511558238,314.69771503877246,320.92372412122546,69419700
2026-07-24,GOOGL,Alphabet,319.53460693359375,323.97175736278774,317.11617848672984,318.2154780071113,31806600
2026-07-27,GOOGL,Alphabet,326.3502197265625,330.2077559724587,324.2415898017393,324.83120713377,28471600
2026-07-28,GOOGL,Alphabet,333.4956359863281,335.66425552638333,324.2316014627561,327.68937042492354,29511900
2026-07-29,GOOGL,Alphabet,336.49371337890625,342.2800028423013,331.40698648547414,334.455045685483,27501600
2026-07-30,GOOGL,Alphabet,333.4456787109375,336.29385412629074,330.12780397797883,333.98534038388266,30168000
2026-07-31,GOOGL,Alphabet,355.9012451171875,358.3496530632621,339.78160132747564,340.611054758666,46498000
2026-08-03,GOOGL,Alphabet,373.27008056640625,376.4480305309448,363.1166033198653,365.2152604560987,38669700
2026-08-04,GOOGL,Alphabet,377.40740966796875,380.2755612380555,367.263935640354,367.9834743668337,35705700
2026-08-05,GOOGL,Alphabet,362.1971740722656,384.2330278418686,356.54080629618977,383.0937455186354,46926300
2026-08-06,GOOGL,Alphabet,357.52020263671875,363.8961093831237,356.65076635274994,360.5382517887205,25235900
2026-08-07,GOOGL,Alphabet,354.0723876953125,358.6694387836589,353.5527327193329,356.49084652154687,19859900
2026-08-10,GOOGL,Alphabet,357.29034423828125,357.38028276908574,352.4834362714388,354.951850943437,18991400
2026-08-11,GOOGL,Alphabet,343.5791320800781,356.5807842683805,343.1694223006263,355.6613923515014,29081800
2026-08-12,GOOGL,Alphabet,343.3193359375,346.25744987105145,340.66104092628797,346.0875456512855,25012000
2026-08-13,GOOGL,Alphabet,346.13751220703125,347.7065110877775,343.5392066313974,345.5478948342235,17866100
2026-08-14,GOOGL,Alphabet,345.67779541015625,350.22489088982945,344.27870083870846,346.5772111705174,17808600
2026-08-17,GOOGL,Alphabet,343.7790222167969,347.0269344906474,341.7103446182459,346.04755304110785,18291300
2026-08-18,GOOGL,Alphabet,343.9789123535156,344.6484648943574,339.97147845233087,342.19005363605754,19248800
2026-08-19,GOOGL,Alphabet,344.4985656738281,346.5072842825429,340.44117610948047,342.2400076559886,19733800
2026-08-20,GOOGL,Alphabet,340.451171875,343.6790774504127,338.3525147854226,342.83962071417653,18570400
2026-08-21,GOOGL,Alphabet,344.5985107421875,345.97762917305914,340.1813365286692,342.359928876986,20849800
2026-08-24,GOOGL,Alphabet,347.83642578125,351.3741604480826,342.2699962782288,343.39927531721605,26338200
2026-08-25,GOOGL,Alphabet,346.73712158203125,349.9350782600912,345.37800981753963,349.41542326154587,20649700
2026-08-26,GOOGL,Alphabet,341.7803039550781,346.65717399060424,339.96146577825954,346.3973312516375,20420300
2026-08-27,GOOGL,Alphabet,340.4311828613281,341.4705233735174,338.3025461528343,339.45183186724313,23391400
2026-08-28,GOOGL,Alphabet,346.36737060546875,348.91575095848634,340.0514228221321,340.49114263603377,25347200
2026-08-31,GOOGL,Alphabet,339.13201904296875,344.3686432833908,336.94342338566804,343.60912172254496,33493600
2026-09-01,GOOGL,Alphabet,334.8047790527344,336.9834018439635,332.8360433203593,335.7841605001305,23342700
2026-09-02,GOOGL,Alphabet,336.9034423828125,339.78159726283246,332.6062167342666,333.84541044728496,22582300
2026-09-03,GOOGL,Alphabet,342.260009765625,344.4585782378343,339.841550898423,340.34122971001256,20726900
2026-09-04,GOOGL,Alphabet,338.4599914550781,343.5299987792969,337.0899963378906,342.4700012207031,23189300
2026-09-08,GOOGL,Alphabet,338.3599853515625,339.67999267578125,333.2200012207031,335.4200134277344,22915800
2026-09-09,GOOGL,Alphabet,330.6499938964844,331.8500061035156,327.8999938964844,331.6499938964844,33151600
2026-09-10,GOOGL,Alphabet,332.6000061035156,333.2300109863281,327.739990234375,328.2300109863281,23557600
2026-09-11,GOOGL,Alphabet,338.5,342.9800109863281,335.0299987792969,335.0299987792969,24677500
