Date,ticker,name,Close,High,Low,Open,Volume
2015-01-02,MU,Micron,33.88602066040039,34.63687681638017,33.48621452226607,34.36383956687972,15138200
2015-01-05,MU,Micron,32.94013214111328,33.87626664369621,32.91087921660706,33.84700999933692,23706600
2015-01-06,MU,Micron,32.05276107788086,33.37894836251401,31.81873021580059,33.25217947563933,40092000
2015-01-07,MU,Micron,31.301897048950195,32.160018673451724,30.66806021391533,30.746071101603988,52552300
2015-01-08,MU,Micron,32.83286666870117,33.02789484631735,31.74071408184488,31.75046753664489,31947100
2015-01-09,MU,Micron,32.69634246826172,33.027889197548774,32.14051467502348,32.92062353221289,19328500
2015-01-12,MU,Micron,30.872844696044922,32.169779003483434,30.61930879187905,31.58469443086064,41982700
2015-01-13,MU,Micron,30.073230743408203,31.399417901771315,29.887954158654164,31.12637882212992,40260500
2015-01-14,MU,Micron,29.302873611450195,30.424282936620642,29.05908929900909,29.517404996751456,35766100
2015-01-15,MU,Micron,28.571516036987305,29.66367039783522,28.54226311459519,29.49789701788312,28512400
2015-01-16,MU,Micron,28.269227981567383,28.532515479184166,27.801162559088652,28.425249789060295,58433300
2015-01-20,MU,Micron,28.93231773376465,29.273616089598214,28.620274160405867,28.776295947085256,29884200
2015-01-21,MU,Micron,29.731935501098633,29.975719821566738,28.766549815236157,28.766549815236157,27258700
2015-01-22,MU,Micron,30.121984481811523,30.18049404707118,29.478394143366657,29.69292549613256,22299200
2015-01-23,MU,Micron,30.18049430847168,30.35601742599164,29.702675487678082,30.12198474270526,21161800
2015-01-26,MU,Micron,30.248756408691406,30.248756408691406,29.45889393706616,29.78069099879048,19175500
2015-01-27,MU,Micron,28.912813186645508,29.692923943306347,28.65927733022521,29.673420755906402,27587900
2015-01-28,MU,Micron,28.37649154663086,29.43939119303198,28.30823224345535,29.254114613036656,21685200
2015-01-29,MU,Micron,28.97132110595703,29.088338371307003,28.142456094439552,28.561765327047972,30282700
2015-01-30,MU,Micron,28.542264938354492,29.05908643951998,28.347236763622206,28.669031949981918,23451600
2015-02-02,MU,Micron,27.732900619506836,28.65927978111041,27.39160225052595,28.522761177488647,34019600
2015-02-03,MU,Micron,28.230224609375,28.366743231509552,27.77190890376317,27.85967140654302,24009200
2015-02-04,MU,Micron,28.308237075805664,28.51301502028876,27.986441834527348,28.09370567500223,20932800
2015-02-05,MU,Micron,28.756797790527344,28.786052578121026,28.395998043172245,28.571521188954147,19785900
2015-02-06,MU,Micron,28.191213607788086,29.156599120294473,28.142457496420395,28.805551026608967,18744100
2015-02-09,MU,Micron,27.645139694213867,28.0546973881995,27.537874008192734,28.0546973881995,22390300
2015-02-10,MU,Micron,30.3170108795166,30.365766987798764,28.278974306560063,28.376488383050706,43831000
2015-02-11,MU,Micron,30.248756408691406,30.794832720242486,29.692928501943232,30.317015715144464,29782200
2015-02-12,MU,Micron,31.145885467529297,31.25314930434899,30.170748180530243,30.287763613411137,23793200
2015-02-13,MU,Micron,31.058120727539062,31.594447312743227,30.560800523772283,31.409168860842303,18739200
2015-02-17,MU,Micron,31.526185989379883,32.023504301421646,31.418920307212257,31.50668279990822,19877400
2015-02-18,MU,Micron,31.370162963867188,31.691960035915315,31.23364434658132,31.45792546353001,12348400
2015-02-19,MU,Micron,31.019113540649414,31.39941831008221,30.931351044620815,31.321405549233155,13431000
2015-02-20,MU,Micron,31.233640670776367,31.253143859500973,30.492538098505765,30.950851873975353,16531500
2015-02-23,MU,Micron,30.619308471679688,31.11662867927436,30.492541450885742,31.067872562028995,13867900
2015-02-24,MU,Micron,30.00497055053711,30.180495535117483,28.074199440006037,29.39063310450581,54985000
2015-02-25,MU,Micron,29.722183227539062,30.151244142561506,29.595416202153217,29.83920051706399,16774700
2015-02-26,MU,Micron,29.858705520629883,30.200002094275344,29.605169594545515,29.780694609521372,14932000
2015-02-27,MU,Micron,29.907455444335938,30.434028520205388,29.858699332470295,30.199995835382694,15651200
2015-03-02,MU,Micron,30.46328353881836,30.71681941431819,30.219499257752343,30.307261747730227,18443200
2015-03-03,MU,Micron,28.92256736755371,29.92695928938073,28.649528299309328,29.6246654374195,28945700
2015-03-04,MU,Micron,28.542264938354492,29.02008192052943,28.1034524751701,28.981075541612366,26709000
2015-03-05,MU,Micron,28.552019119262695,29.09809545407837,28.249725235053884,28.717792524822574,24007700
2015-03-06,MU,Micron,27.791410446166992,28.54226654320021,27.684144758040357,28.493508566812366,28302000
2015-03-09,MU,Micron,27.947429656982422,28.064446929526376,27.216076818380454,27.83041424436492,17563000
2015-03-10,MU,Micron,26.923532485961914,27.61587884573113,26.77726045171102,27.40134938071662,29749000
2015-03-11,MU,Micron,27.18682861328125,27.4793709354603,26.923542941225072,27.235586596941207,17471600
2015-03-12,MU,Micron,27.323345184326172,27.67439331663744,26.426218872994475,26.435970468326268,19567700
2015-03-13,MU,Micron,28.005935668945312,28.054693637858147,27.264831280807275,27.274582874589843,23678700
2015-03-16,MU,Micron,27.80116081237793,28.532513686523494,27.518370141610237,28.249723015755805,18183900
2015-03-17,MU,Micron,26.972293853759766,27.284337449187326,26.77726567665427,27.040553157768727,24932400
2015-03-18,MU,Micron,27.459861755371094,27.64513833303231,26.913785476919955,27.31359155613392,24544800
2015-03-19,MU,Micron,27.352596282958984,27.52812126735105,27.22582927196833,27.401354256360396,21656600
2015-03-20,MU,Micron,27.966934204101562,28.044945102944425,27.41110631735534,27.615884229345404,23608200
2015-03-23,MU,Micron,27.323345184326172,27.80116219602407,27.128316997543642,27.76215581469691,18699400
2015-03-24,MU,Micron,27.264829635620117,27.645134330486904,27.186818749993176,27.41110167360608,15670800
2015-03-25,MU,Micron,25.909395217895508,27.177074699306083,25.743621818785147,27.167323104072928,35874000
2015-03-26,MU,Micron,25.99715805053711,26.494478254285653,24.97326471688969,25.11953492742123,44702400
2015-03-27,MU,Micron,26.01666259765625,26.46522484799604,25.402325077497473,26.260446914560937,30909000
2015-03-30,MU,Micron,26.01666259765625,26.289699842236388,25.802131208427017,26.065418717066496,26142900
2015-03-31,MU,Micron,26.45547103881836,26.630996029893286,25.948401115623273,26.04591334628572,25292100
2015-04-01,MU,Micron,26.45547103881836,26.670002410099528,26.10442291659508,26.45547103881836,39424700
2015-04-02,MU,Micron,26.065418243408203,27.069810280377414,26.045915052027823,27.060058684687224,41390500
2015-04-06,MU,Micron,26.748014450073242,26.767517641007217,25.74362243609354,25.841136530836746,22460900
2015-04-07,MU,Micron,26.201934814453125,26.76751426062658,26.192183220217636,26.6700001781981,17820600
2015-04-08,MU,Micron,26.45547103881836,26.670002410099528,25.83138383493113,25.919146330468593,22105800
2015-04-09,MU,Micron,27.12831687927246,27.167323260429566,26.338456260107375,26.396963971916403,18660000
2015-04-10,MU,Micron,27.323345184326172,27.46961539444975,27.10881380688006,27.10881380688006,19698700
2015-04-13,MU,Micron,27.18682861328125,27.450116145264325,27.089316365815133,27.323349107602233,13636800
2015-04-14,MU,Micron,27.03080177307129,27.206326761845542,26.728509770141493,27.04055336799503,16671900
2015-04-15,MU,Micron,27.469615936279297,27.74265503117512,27.186825245859335,27.30384253222231,20138900
2015-04-16,MU,Micron,27.313589096069336,27.47936246958775,27.07955642638328,27.206323424990856,16393500
2015-04-17,MU,Micron,27.323345184326172,27.381852896390278,26.913787480024165,27.060057690147747,18157100
2015-04-20,MU,Micron,27.557374954223633,27.68414196016719,27.313590676702113,27.42085635398804,19901000
2015-04-21,MU,Micron,27.840166091918945,27.87917247236972,27.45986318215686,27.625636579219464,22172000
2015-04-22,MU,Micron,28.76654815673828,29.010332463151318,27.8499186438458,27.869421834741242,29662800
2015-04-23,MU,Micron,28.786046981811523,29.039582845219883,28.14245665928506,28.210715957139932,22039700
2015-04-24,MU,Micron,28.47400665283203,29.000579767546412,28.171712785200405,29.000579767546412,18764300
2015-04-27,MU,Micron,28.542264938354492,28.92256783316329,28.41549606680055,28.52276174889596,14871400
2015-04-28,MU,Micron,28.269227981567383,28.717792073054493,28.044946865787157,28.493509097347612,12372000
2015-04-29,MU,Micron,28.152210235595703,28.269225651607606,27.80116026770699,27.986436846306756,10964300
2015-04-30,MU,Micron,27.430606842041016,28.132706770946907,27.157569634067823,28.07419906351358,18988900
2015-05-01,MU,Micron,28.269227981567383,28.522763883725027,27.606134369759186,27.606134369759186,16701100
2015-05-04,MU,Micron,27.957181930541992,28.425247312236007,27.781656947425112,28.347236415287004,13909600
2015-05-05,MU,Micron,27.34284782409668,27.654891428720486,27.138068046108184,27.567128932429217,19347300
2015-05-06,MU,Micron,27.294086456298828,27.596378428218333,26.75776180999715,27.518367536757612,19770700
2015-05-07,MU,Micron,26.591991424560547,27.206327031431293,26.221438253492764,27.108812941154163,29689300
2015-05-08,MU,Micron,26.504226684570312,26.74801095965293,26.09466902803446,26.689503254412497,34955400
2015-05-11,MU,Micron,27.060056686401367,27.391603475677528,26.192185193257245,26.45547081774291,24591200
2015-05-12,MU,Micron,26.201934814453125,26.8942812658351,26.192183220217636,26.86502648312863,19518800
2015-05-13,MU,Micron,26.51397705078125,26.972290797136456,26.40671137953641,26.660247237071097,17530500
2015-05-14,MU,Micron,26.026412963867188,26.835776783354078,25.811881584773808,26.6505001904807,32201100
2015-05-15,MU,Micron,25.67535972595215,25.967900111495627,25.36331615205873,25.870387889598742,25864900
2015-05-18,MU,Micron,26.094669342041016,26.16292864229731,25.39257129092799,25.50958670281694,20150000
2015-05-19,MU,Micron,25.655858993530273,26.26044487076806,25.412074695598786,26.16293077961015,19527000
2015-05-20,MU,Micron,25.928895950317383,26.31895042303346,25.60710077783581,25.81187867853934,22866300
2015-05-21,MU,Micron,26.231185913085938,26.465218578683523,25.68510969335824,25.958148733185237,17258100
2015-05-22,MU,Micron,26.650495529174805,26.96253908790357,26.533478264688355,26.552981452090485,20360300
2015-05-26,MU,Micron,26.6407470703125,26.796768868036096,26.357958259410932,26.543232981753615,14966600
2015-05-27,MU,Micron,27.430606842041016,27.713397504500666,26.70900558394167,26.748011962181547,23441800
2015-05-28,MU,Micron,27.57687759399414,27.908424353619335,27.411104214181545,27.48911510703886,18667000
2015-05-29,MU,Micron,27.235580444335938,27.71339741670174,27.235580444335938,27.71339741670174,18451300
2015-06-01,MU,Micron,27.713403701782227,27.820669406002196,27.118569320092426,27.264839551347993,20206400
2015-06-02,MU,Micron,27.09906578063965,27.70364984992926,27.079562588745983,27.65489373012185,18228000
2015-06-03,MU,Micron,26.406715393066406,27.313593289795765,26.338456086418237,27.303841694570796,29623400
2015-06-04,MU,Micron,26.318954467773438,26.562738783176965,26.04591536494787,26.231191965434032,22186200
2015-06-05,MU,Micron,25.928895950317383,26.328702017342167,25.84113346146546,26.328702017342167,16585400
2015-06-08,MU,Micron,25.27556037902832,25.96790701003996,25.158543077768673,25.850891568707212,23252600
2015-06-09,MU,Micron,24.56370735168457,25.304811869893154,24.319923044113064,25.265805487916914,39816700
2015-06-10,MU,Micron,24.56370735168457,24.95376187181365,24.40768554363294,24.885502563281893,23802900
2015-06-11,MU,Micron,24.397933959960938,24.758733693782663,24.34917598246701,24.573458959085738,25793500
2015-06-12,MU,Micron,24.50519371032715,24.748977977425188,24.095636067205394,24.271161037104196,21123900
2015-06-15,MU,Micron,23.6373233795166,23.647074973831003,23.11075030602397,23.617820190887798,44190200
2015-06-16,MU,Micron,23.6373233795166,23.715334274105377,23.28627342390389,23.452046807395842,19173100
2015-06-17,MU,Micron,23.87135887145996,24.066387060837833,23.62757456470095,23.69583387300521,17951700
2015-06-18,MU,Micron,23.86160659790039,24.202904989649337,23.82260207708924,24.027379996182646,21570800
2015-06-19,MU,Micron,23.86160659790039,24.34917519756271,23.851855002715954,24.18340179928046,25589300
2015-06-22,MU,Micron,24.017623901367188,24.095634788300984,23.403288399254315,23.539806986406894,26231200
2015-06-23,MU,Micron,23.8811092376709,24.24191081147015,23.77384355304177,24.01762784725229,16168900
2015-06-24,MU,Micron,23.461803436279297,23.8811127821442,23.4032957177644,23.83235666003626,21243700
2015-06-25,MU,Micron,23.42279815673828,23.63732769100637,23.071748137093433,23.530061993908937,38347800
2015-06-26,MU,Micron,19.17119789123535,20.087827412911448,18.946916773568578,19.7660321997597,149010300
2015-06-29,MU,Micron,18.26431655883789,19.112686613433002,18.137549560297913,18.85915075642672,49126100
2015-06-30,MU,Micron,18.37158203125,18.62511788551539,18.088791396133345,18.42033813940914,34683900
2015-07-01,MU,Micron,18.313072204589844,18.62511572442474,18.16680017723191,18.576357761996732,25027100
2015-07-02,MU,Micron,18.595861434936523,18.89815337021817,18.342325603436187,18.36182878891917,26178100
2015-07-06,MU,Micron,17.86451530456543,18.50810578335979,17.77675279746376,18.37158715450245,37875800
2015-07-07,MU,Micron,17.74749755859375,17.903519359818286,16.93813376726899,17.679236393122256,46293200
2015-07-08,MU,Micron,17.19167137145996,17.5329698300273,17.055152732003812,17.513466635840146,30898900
2015-07-09,MU,Micron,16.72359848022461,17.56221686040975,16.713846887440347,17.425698281282365,47087100
2015-07-10,MU,Micron,17.133159637451172,17.21117053600819,16.86987215734879,16.89912694178012,24282900
2015-07-13,MU,Micron,17.17216682434082,17.406199531018988,16.957635448274203,17.386696340480817,35788100
2015-07-14,MU,Micron,19.122440338134766,19.346721438967105,18.5276060742584,19.26871054041992,103878600
2015-07-15,MU,Micron,18.420337677001953,19.16144203395994,18.303322276386947,19.00542025985576,41983200
2015-07-16,MU,Micron,19.122440338134766,19.24920735080149,18.6153685676148,18.77139036470917,34717200
2015-07-17,MU,Micron,19.61975860595703,19.736774012435585,18.888405805723824,19.044427587646133,34081300
2015-07-20,MU,Micron,18.420337677001953,19.580751249337272,18.303322276386947,19.580751249337272,41989300
2015-07-21,MU,Micron,18.41058921813965,18.634872184035366,18.049789501567826,18.371584697935987,29340300
2015-07-22,MU,Micron,17.552467346191406,18.166802884940505,17.40619715695842,18.069290665402757,43635100
2015-07-23,MU,Micron,18.23506736755371,18.459348489268848,17.84501097857314,17.874265765724694,32805200
2015-07-24,MU,Micron,17.884016036987305,18.235066017101076,17.620728551901976,18.137551927077634,21567400
2015-07-27,MU,Micron,17.66948699951172,18.20581171909677,17.133160420000053,17.649983809000034,27584100
2015-07-28,MU,Micron,19.258962631225586,19.58075788180595,17.747500485150788,17.893770715427884,51809500
2015-07-29,MU,Micron,19.375972747802734,20.05856752266758,19.18094460645495,19.483236551610435,41557900
2015-07-30,MU,Micron,19.405235290527344,19.6002635285938,18.976174282737418,19.258965041941064,31248700
2015-07-31,MU,Micron,18.049787521362305,19.53199632502287,18.010781145511377,19.522244731060137,55074900
2015-08-03,MU,Micron,18.527606964111328,18.90790988030341,18.127800857364107,18.147304047919246,32958300
2015-08-04,MU,Micron,18.537363052368164,18.71288809005391,18.13755684871822,18.6933848947717,19934500
2015-08-05,MU,Micron,18.43984603881836,18.98592240143722,18.410591250491233,18.703133553982138,23370800
2015-08-06,MU,Micron,18.254568099975586,18.488600809727327,17.99128246395903,18.459347883462513,29928600
2015-08-07,MU,Micron,17.98152732849121,18.069289809860912,17.55246651512003,17.99127892196854,23718300
2015-08-10,MU,Micron,18.352081298828125,18.488599907875766,17.864512712313346,18.118048600492216,25232400
2015-08-11,MU,Micron,17.435453414916992,18.166806360944037,17.240427078599147,18.166806360944037,22959200
2015-08-12,MU,Micron,17.737743377685547,17.87426196887344,17.084401482830707,17.21116848037285,20428400
2015-08-13,MU,Micron,17.25992774963379,17.923019428191107,17.230672966491348,17.77674923233179,15468600
2015-08-14,MU,Micron,16.528575897216797,17.542717594324955,16.401807022624176,17.318436489955317,37248200
2015-08-17,MU,Micron,16.79185676574707,16.8308631345518,15.719207662581482,16.060504089992698,33001000
2015-08-18,MU,Micron,15.972745895385742,16.57733175420074,15.865482072314485,16.57733175420074,32424300
2015-08-19,MU,Micron,15.504682540893555,15.94349506541744,15.485180278672154,15.836229368327874,36874000
2015-08-20,MU,Micron,14.373520851135254,14.987857345147777,14.29550995633651,14.968355086429701,54864200
2015-08-21,MU,Micron,14.168740272521973,14.870839169091711,13.885950581259081,14.032221688441126,43715800
2015-08-24,MU,Micron,14.080979347229004,14.080979347229004,13.164350880302841,13.466643791182497,54532000
2015-08-25,MU,Micron,13.91520881652832,14.95860536239178,13.905457220968412,14.802583553286588,38655100
2015-08-26,MU,Micron,14.061478614807129,14.383273819074095,13.759185671120699,14.246754275157109,43819700
2015-08-27,MU,Micron,15.280399322509766,15.53393520648648,14.266256716566163,14.266256716566163,42971800
2015-08-28,MU,Micron,15.563189506530762,16.12876992927823,15.221891119867108,15.845979252922852,34099400
2015-08-31,MU,Micron,16.00200080871582,16.265288290962157,15.075620683335261,15.514432223782551,32916900
2015-09-01,MU,Micron,15.42667007446289,15.806972984033534,15.290151462807088,15.407167814210617,27914200
2015-09-02,MU,Micron,15.88498592376709,15.904487254275661,15.348659346359234,15.689957739268486,23478500
2015-09-03,MU,Micron,16.177528381347656,16.78211248169237,15.855733138279831,15.982500172246677,26377200
2015-09-04,MU,Micron,16.401805877685547,16.86987124367725,15.855729617361897,15.894734134564656,32420800
2015-09-08,MU,Micron,17.094154357910156,17.30868385441958,16.626087127457808,17.113655686737232,26817000
2015-09-09,MU,Micron,16.53832244873047,17.523211031291307,16.421307051552148,17.454951739616252,32951100
2015-09-10,MU,Micron,16.772361755371094,16.986891284780498,16.294542857264275,16.39205695606009,20814300
2015-09-11,MU,Micron,16.38230323791504,16.74310479874089,16.29454074636082,16.596834599459356,22107600
2015-09-14,MU,Micron,16.2847900390625,16.49931952786746,15.953243281865321,16.47981633981436,15178700
2015-09-15,MU,Micron,16.10926628112793,16.440813063324804,16.050756712556815,16.440813063324804,21319400
2015-09-16,MU,Micron,16.26528549194336,16.284788678366848,15.904483982813744,16.050754161137448,22363200
2015-09-17,MU,Micron,16.00200080871582,16.39205530467713,15.904486719743858,16.265288290962157,22827600
2015-09-18,MU,Micron,15.114624977111816,15.78747009364651,14.978105448983408,15.680204417987332,36698200
2015-09-21,MU,Micron,15.358409881591797,15.582690976337448,15.075620149541969,15.231641942402117,19024500
2015-09-22,MU,Micron,15.026864051818848,15.426670153657511,14.792831347810356,14.968356340798374,22763900
2015-09-23,MU,Micron,14.441783905029297,15.046368922901895,14.43203230878214,15.046368922901895,22567900
2015-09-24,MU,Micron,14.95860481262207,15.134129806396054,14.237003507049725,14.432030761263427,32800800
2015-09-25,MU,Micron,14.539297103881836,15.202390770472116,14.285761180778094,14.958606443633148,28917300
2015-09-28,MU,Micron,13.710429191589355,14.363770248129228,13.573909651287867,14.305262537973794,30448600
2015-09-29,MU,Micron,14.022472381591797,14.324764378454848,13.798190352663257,13.905456034745137,25529200
2015-09-30,MU,Micron,14.607553482055664,14.948851843023148,14.334515351259608,14.363769204211238,28066300
2015-10-01,MU,Micron,14.402777671813965,14.666064246517822,14.139490167146754,14.617307197879818,37460500
2015-10-02,MU,Micron,15.514433860778809,15.553439314490577,14.773329310291846,14.841589551759968,49688200
2015-10-05,MU,Micron,17.133159637451172,17.396447117553553,15.797222767171442,15.9142381850437,63718700
2015-10-06,MU,Micron,17.767000198364258,17.84501110472652,16.908880228379363,17.191669066470048,51249900
2015-10-07,MU,Micron,18.157054901123047,18.449595307787586,17.76699854566827,17.932771938758584,41913500
2015-10-08,MU,Micron,18.254568099975586,18.625121285360827,17.99128246395903,18.127801079665883,33619600
2015-10-09,MU,Micron,17.708492279052734,18.381337501110533,17.454956371321874,18.16680611614697,23392500
2015-10-12,MU,Micron,17.58172607421875,18.166806962471835,17.279432174037634,18.0790463171753,22494700
2015-10-13,MU,Micron,17.72799301147461,18.098544296037495,17.298932160986183,17.36719146130621,21778500
2015-10-14,MU,Micron,18.352081298828125,18.820146695499943,18.059540890889878,18.30332518414727,34627900
2015-10-15,MU,Micron,18.196062088012695,18.67387914756721,18.040040266930685,18.4008418906371,20397700
2015-10-16,MU,Micron,18.0400333404541,18.361828455373267,17.77674592099494,18.27406598222021,15587100
2015-10-19,MU,Micron,18.68362808227539,18.742135791864648,17.864512708319555,17.913270682916064,27543300
2015-10-20,MU,Micron,16.66509437561035,18.57636233507263,16.197028980631003,18.430092131632403,67592500
2015-10-21,MU,Micron,16.02150535583496,16.50907398207497,15.533936729594952,16.080013070204284,48737400
2015-10-22,MU,Micron,16.304292678833008,16.587083348573696,15.67045389552739,15.99224908458572,33986100
2015-10-23,MU,Micron,16.811370849609375,16.88938177787029,16.392061412734225,16.479823939518663,22439400
2015-10-26,MU,Micron,16.16777992248535,16.821122131858992,16.08976899569121,16.733359606724683,14901400
2015-10-27,MU,Micron,16.26528549194336,16.382300890631832,16.10926372040791,16.10926372040791,14697600
2015-10-28,MU,Micron,16.499319076538086,16.684595638121642,16.167772328410177,16.382301811346803,15151700
2015-10-29,MU,Micron,15.806974411010742,16.323797838820095,15.787473078961277,16.275041718806296,17073800
2015-10-30,MU,Micron,16.148269653320312,16.206779217735793,15.797221566459395,15.97274467992666,19248400
2015-11-02,MU,Micron,16.66509437561035,16.860122553481688,16.38230370368957,16.53832550201602,18767100
2015-11-03,MU,Micron,17.39644432067871,17.542714499466037,16.66509156681585,16.6748431600585,22131500
2015-11-04,MU,Micron,17.00638771057129,17.601219942712273,16.674841022526678,17.601219942712273,19246900
2015-11-05,MU,Micron,16.099512100219727,17.279426977970257,15.953241922141114,17.08440069384085,26767000
2015-11-06,MU,Micron,16.04100227355957,16.353045774723302,15.699703996689498,16.031250681657458,18047800
2015-11-09,MU,Micron,15.446172714233398,16.041006975124404,15.407167265155566,15.953244482208467,23643000
2015-11-10,MU,Micron,15.163383483886719,15.45592482675193,15.03661553764635,15.348659140722154,24591700
2015-11-11,MU,Micron,15.114624977111816,15.397414697549575,15.085371124642588,15.251144505240225,16199800
2015-11-12,MU,Micron,14.968355178833008,15.35840965523463,14.900094947990304,14.900094947990304,14296800
2015-11-13,MU,Micron,14.627057075500488,14.997609299675423,14.490537541342382,14.919598403003148,21071200
2015-11-16,MU,Micron,14.519793510437012,14.822085527229854,14.285759871350848,14.578301222736062,23731800
2015-11-17,MU,Micron,14.900093078613281,15.338904542002291,14.568546350286395,14.656308828956819,25249600
2015-11-18,MU,Micron,15.221888542175293,15.299899429351397,14.919596586858667,15.007359067422568,20071300
2015-11-19,MU,Micron,15.475424766540527,15.875231735487509,15.319402988396902,15.319402988396902,18278900
2015-11-20,MU,Micron,15.046366691589355,15.699708663846478,14.958604198306567,15.602194575762654,24068900
2015-11-23,MU,Micron,14.93910026550293,15.280398626853875,14.6953159873846,15.15363069063676,14049000
2015-11-24,MU,Micron,15.241393089294434,15.27064694210569,14.773326794498242,14.841587024342129,12222500
2015-11-25,MU,Micron,15.192639350891113,15.387666628637689,14.968358213973406,15.017114335937489,10003300
2015-11-27,MU,Micron,15.173135757446289,15.251146661703528,15.085373257666062,15.1633841619233,5019000
2015-11-30,MU,Micron,15.533936500549316,15.61194740520039,15.114627190577291,15.202389690800583,13495300
2015-12-01,MU,Micron,16.138519287109375,16.216530185672216,15.719211869788182,15.777719578728682,20138300
2015-12-02,MU,Micron,15.42667007446289,16.17752615842298,15.32915691327493,16.080012067271728,16121100
2015-12-03,MU,Micron,15.221888542175293,15.797220462534547,15.11462380479893,15.553435277655305,15210100
2015-12-04,MU,Micron,15.114624977111816,15.533934225677982,15.017110895596781,15.15363042372519,19068500
2015-12-07,MU,Micron,14.480788230895996,15.085373201625286,14.34426868397132,14.968356845674133,23579100
2015-12-08,MU,Micron,14.237003326416016,14.334516487304004,14.061478334869028,14.246753991530511,18188000
2015-12-09,MU,Micron,13.96396541595459,14.305263832614518,13.885954508711755,14.237004521267881,20917100
2015-12-10,MU,Micron,14.295509338378906,14.432028863356935,13.905454881246223,13.93470873304038,14817000
2015-12-11,MU,Micron,13.690925598144531,14.080980087565013,13.642168554476156,13.963963740738869,23718100
2015-12-14,MU,Micron,13.32037353515625,14.11998571347132,13.174103332281195,14.071229599155147,35155800
2015-12-15,MU,Micron,13.827445983886719,14.012721645252698,13.398385089202373,13.427639875178567,26455800
2015-12-16,MU,Micron,13.720181465148926,14.09073374944106,13.437391686342217,14.002971243955635,21968200
2015-12-17,MU,Micron,13.96396541595459,14.402777931649746,13.895706104607951,14.285760640822126,29024400
2015-12-18,MU,Micron,14.002967834472656,14.363768434759109,13.905454686536494,14.02247102203779,38534200
2015-12-21,MU,Micron,14.402777671813965,14.422279933291154,13.97371675975555,14.080981522788477,22217300
2015-12-22,MU,Micron,14.246753692626953,14.57830047860935,14.15899212865803,14.43203027536454,27101100
2015-12-23,MU,Micron,13.944461822509766,13.944461822509766,13.213108939475653,13.378882334027114,59121400
2015-12-24,MU,Micron,14.119987487792969,14.227253184679432,13.837197711392687,13.846949307466618,14284200
2015-12-28,MU,Micron,13.837197303771973,14.149241859201734,13.7006786826121,14.090733214445104,17658500
2015-12-29,MU,Micron,13.983467102050781,14.149240494582685,13.87620141866939,13.993218696896957,16104200
2015-12-30,MU,Micron,13.807940483093262,14.080978596780445,13.749432780856159,13.915206153799883,10943700
2015-12-31,MU,Micron,13.807940483093262,13.93470841122453,13.681172554961993,13.749432780856159,13249400
2016-01-04,MU,Micron,13.973714828491211,14.002968681645587,13.46664401064139,13.486146269423232,22622300
2016-01-05,MU,Micron,14.451531410217285,14.70506727740504,14.002968310563256,14.061476945284738,29806700
2016-01-06,MU,Micron,13.866450309753418,14.32476409328825,13.759184629806901,14.139488446960183,26835100
2016-01-07,MU,Micron,13.32037353515625,13.915207801431551,13.291119680573892,13.515400782310746,26029200
2016-01-08,MU,Micron,12.998579025268555,13.603163988076007,12.959573573795922,13.437390586826492,29064200
2016-01-11,MU,Micron,12.218467712402344,13.125345521139543,11.906424135186626,13.03758303255682,43159100
2016-01-12,MU,Micron,12.4037446975708,12.91081552745958,12.09170017998369,12.4037446975708,25671300
2016-01-13,MU,Micron,11.760154724121094,12.647529403402666,11.613883590086694,12.462252819618415,35319800
2016-01-14,MU,Micron,11.721148490905762,11.955181173761646,11.24333060095431,11.779656196638125,35810400
2016-01-15,MU,Micron,10.804518699645996,11.370098127861304,10.638745322759112,11.067806155865114,37164600
2016-01-19,MU,Micron,10.531484603881836,11.087312650570984,10.443722084938594,10.999550131627743,38131300
2016-01-20,MU,Micron,9.800128936767578,10.131675729866528,9.078527640001212,10.121924134784019,65210400
2016-01-21,MU,Micron,10.580239295959473,10.628995413389612,9.878140231398184,10.190183846775055,52299100
2016-01-22,MU,Micron,10.794768333435059,11.2823369256222,10.609492677587792,10.902034018892733,35091300
2016-01-25,MU,Micron,10.219436645507812,10.892281783978465,10.209685981008981,10.785017034785465,23874800
2016-01-26,MU,Micron,10.287696838378906,10.453470223762285,10.1024202641442,10.287696838378906,26179500
2016-01-27,MU,Micron,10.131675720214844,10.560735673840268,10.063415484665603,10.238940476130377,23013500
2016-01-28,MU,Micron,9.644107818603516,10.287698260235974,9.46858281453526,10.219438019785342,37390400
2016-01-29,MU,Micron,10.75576114654541,10.77526433346613,9.692861638407768,9.74161867574643,38448100
2016-02-01,MU,Micron,10.687501907348633,10.824021426608084,10.248690428964661,10.726507351428028,25824800
2016-02-02,MU,Micron,10.326703071594238,10.79476848006965,10.21943738467948,10.531481920293055,22090300
2016-02-03,MU,Micron,10.492475509643555,10.589988662506261,9.926896061164925,10.404713021092867,18098100
2016-02-04,MU,Micron,10.950789451599121,11.262833963524791,10.433967036483022,10.443718630910155,26164100
2016-02-05,MU,Micron,10.726509094238281,11.097061338180291,10.492476391737,10.872779300810759,22658100
2016-02-08,MU,Micron,9.917143821716309,10.492474827041224,9.692861817792947,10.443717788800221,27424400
2016-02-09,MU,Micron,9.731866836547852,10.082916752551384,9.507585772401695,9.761121616190222,30178600
2016-02-10,MU,Micron,9.653858184814453,10.024410443034691,9.575847280974754,9.829383183435443,22090500
2016-02-11,MU,Micron,9.449076652526855,9.70261248315295,9.215044007316491,9.478331430650451,27105700
2016-02-12,MU,Micron,9.770873069763184,9.985402537629252,9.244298203283469,9.634353556605875,23857000
2016-02-16,MU,Micron,10.54123306274414,10.599740771309175,10.053664484873636,10.10242059869008,27494100
2016-02-17,MU,Micron,11.145817756652832,11.360347256895064,10.648497594343286,10.697254637112245,34404700
2016-02-18,MU,Micron,11.204327583312988,11.457863509697514,11.03855416452029,11.282338494513855,21616100
2016-02-19,MU,Micron,10.882530212402344,11.106812235685304,10.677751378084526,11.106812235685304,17907100
2016-02-22,MU,Micron,10.775267601013184,11.155570561660848,10.628996444641189,11.087311246665303,20001700
2016-02-23,MU,Micron,10.2291898727417,10.804521018351895,10.13167670244582,10.726510110129839,22686800
2016-02-24,MU,Micron,10.375459671020508,10.404713525300627,9.80988019513415,9.995155845525918,18551800
2016-02-25,MU,Micron,10.453472137451172,10.472974399909498,9.956151890257967,10.404715086360259,16153900
2016-02-26,MU,Micron,10.433966636657715,10.726507948519055,10.307198703852361,10.521729123212436,16418800
2016-02-29,MU,Micron,10.36570930480957,10.619245218521534,10.25844453976068,10.385211566653291,20720000
2016-03-01,MU,Micron,10.794768333435059,10.824023118539854,10.326702931317781,10.502227922093404,15638700
2016-03-02,MU,Micron,11.38960075378418,11.39935141726579,10.69725342858059,10.736258872396435,18197500
2016-03-03,MU,Micron,11.496867179870605,11.555375819166755,11.311591527032126,11.438358540574454,16323300
2016-03-04,MU,Micron,11.584630966186523,11.984437101094596,11.311592788925978,11.506620058397797,35279500
2016-03-07,MU,Micron,11.292088508605957,11.487115759280018,10.775266061828873,11.17507215820152,27748800
2016-03-08,MU,Micron,10.394964218139648,11.165322703443708,10.385212621245852,11.155571106549912,29648400
2016-03-09,MU,Micron,10.54123306274414,10.638746220340286,10.26819398956311,10.492476018964439,15133800
2016-03-10,MU,Micron,10.609491348266602,10.785016317049742,10.394960934194227,10.677750645031969,17739000
2016-03-11,MU,Micron,11.1068115234375,11.116562187331553,10.580237544668387,10.7167561388169,17261200
2016-03-14,MU,Micron,10.87277889251709,11.058055472512251,10.73626028616619,11.058055472512251,13531300
2016-03-15,MU,Micron,10.580239295959473,10.872779720393623,10.453471344721786,10.872779720393623,15156500
2016-03-16,MU,Micron,10.453472137451172,10.61924555318224,10.287698721720103,10.44372054124031,20471800
2016-03-17,MU,Micron,10.599740982055664,10.726508926418015,10.336454428351763,10.453470777771638,19976800
2016-03-18,MU,Micron,10.86302661895752,10.892280468848377,10.482722850523883,10.570485330159578,44827100
2016-03-21,MU,Micron,11.243331909179688,11.311592147094197,10.804520345275888,10.863028987779279,18083000
2016-03-22,MU,Micron,11.155569076538086,11.311591808556512,11.048304320116008,11.165320671657357,13463400
2016-03-23,MU,Micron,10.385212898254395,11.175074598414314,10.365710633910076,11.145820736916091,29424300
2016-03-24,MU,Micron,10.23893928527832,10.336453364742436,10.073165908167237,10.23893928527832,22822800
2016-03-28,MU,Micron,10.121922492980957,10.3267013066815,9.995154567360322,10.238938825100819,22898800
2016-03-29,MU,Micron,10.190183639526367,10.268194541783993,9.848886174640079,9.926897076897706,30891600
2016-03-30,MU,Micron,10.219436645507812,10.677751355629233,10.14142574973777,10.248691428894002,35166700
2016-03-31,MU,Micron,10.209687232971191,10.229189494323549,9.761124062306806,10.053665422298943,48134200
2016-04-01,MU,Micron,10.75576114654541,10.794766590423713,9.9854029324766,10.0244083763549,28458300
2016-04-04,MU,Micron,10.531484603881836,10.941042405641273,10.51198140857732,10.785020563059303,22475200
2016-04-05,MU,Micron,10.141426086425781,10.453470609828834,10.121923826817426,10.365708116683077,20760300
2016-04-06,MU,Micron,10.209687232971191,10.219437898665696,9.995156778315177,10.160930184645277,18413000
2016-04-07,MU,Micron,10.248690605163574,10.385209196806956,10.131674270913607,10.16092812198531,19470200
2016-04-08,MU,Micron,10.453472137451172,10.61924555318224,10.30720098417843,10.37546122769107,18950000
2016-04-11,MU,Micron,10.190183639526367,10.648498387762404,10.180432044253337,10.482724987974121,18258000
2016-04-12,MU,Micron,9.917143821716309,10.277944416758697,9.80012748791579,10.248690565799356,25679600
2016-04-13,MU,Micron,10.609491348266602,10.628993605929633,9.946397848386448,10.043911926591118,26108900
2016-04-14,MU,Micron,10.141426086425781,10.521729913402972,10.131675421603235,10.521729913402972,17778100
2016-04-15,MU,Micron,10.424216270446777,10.511978767338825,10.199935160578924,10.463221721291765,25325200
2016-04-18,MU,Micron,10.619244575500488,10.824023427258238,10.297449369875926,10.365708677140738,26372800
2016-04-19,MU,Micron,10.453472137451172,10.804521231371634,10.336455772811018,10.804521231371634,21005700
2016-04-20,MU,Micron,10.482725143432617,10.502228334267912,10.238940837771395,10.36570878831083,19268600
2016-04-21,MU,Micron,10.385212898254395,10.619246580130643,10.336456772411854,10.531484065672485,15629500
2016-04-22,MU,Micron,10.394964218139648,10.541235381656195,10.23894238769277,10.394964218139648,18715200
2016-04-25,MU,Micron,10.287696838378906,10.609492014719997,10.219436607362486,10.404713181597192,22500000
2016-04-26,MU,Micron,11.223830223083496,11.360348845976871,10.443720219548352,10.550984984673628,47098100
2016-04-27,MU,Micron,11.27258586883545,11.321341982389288,10.921535899482963,11.058055435338181,24353400
2016-04-28,MU,Micron,11.331092834472656,12.101451095672916,11.233579683792499,11.243330347886278,41186400
2016-04-29,MU,Micron,10.482725143432617,11.399353723534956,10.385211049182798,11.340846010955724,40162100
2016-05-02,MU,Micron,10.355955123901367,10.589987787388111,10.17067949779848,10.531480086497995,23794800
2016-05-03,MU,Micron,10.102420806884766,10.355956695793578,9.995156052329474,10.229188751339173,27847600
2016-05-04,MU,Micron,9.751370429992676,10.22918735787116,9.556343207385453,9.995154690742494,40867200
2016-05-05,MU,Micron,9.809879302978516,10.141425124581835,9.761122263637,9.809879302978516,26456300
2016-05-06,MU,Micron,9.741619110107422,9.95614952598517,9.60510051542782,9.731867516212256,20963300
2016-05-09,MU,Micron,9.624604225158691,9.81963148266662,9.51733946602016,9.751372175029676,20476700
2016-05-10,MU,Micron,9.83913516998291,9.858637431736328,9.595350853303307,9.69286402199713,19608200
2016-05-11,MU,Micron,9.848884582519531,10.073165657763242,9.761122099176111,9.77087369287275,17808400
2016-05-12,MU,Micron,9.390570640563965,10.004907141905148,9.117532505511184,9.897641462804845,41066600
2016-05-13,MU,Micron,9.322311401367188,9.546592495591755,9.176040273428208,9.419824556696602,21517300
2016-05-16,MU,Micron,9.43932819366455,9.449078858685924,9.273554798778544,9.371067958735248,16247600
2016-05-17,MU,Micron,9.429576873779297,9.673361175728166,9.254051878787852,9.410073683240999,22112100
2016-05-18,MU,Micron,9.800128936767578,10.024410043885519,9.439328288384395,9.439328288384395,26916900
2016-05-19,MU,Micron,9.819631576538086,10.004908170414273,9.66360976904024,9.75137226824861,18852900
2016-05-20,MU,Micron,10.531484603881836,10.541236201534092,10.024412685526897,10.05366747848367,31189700
2016-05-23,MU,Micron,10.86302661895752,10.892280468848377,10.550982143590257,10.570485330159578,28369200
2016-05-24,MU,Micron,11.204327583312988,11.214079179703951,10.882532342118557,11.028803498092746,25437300
2016-05-25,MU,Micron,11.311589241027832,11.487113263517388,11.136064288575191,11.301837648122,29175600
2016-05-26,MU,Micron,11.652887344360352,11.730898232509597,11.399351492893736,11.418854679912618,23644100
2016-05-27,MU,Micron,12.003939628601074,12.120955983807267,11.535873277812975,11.67239282386853,29838400
2016-05-31,MU,Micron,12.4037446975708,12.589020345231658,11.955181575379873,12.345236059909704,49604300
2016-06-01,MU,Micron,12.764548301696777,12.764548301696777,12.003941414701975,12.296481881263732,35762100
2016-06-02,MU,Micron,12.784049034118652,12.881563131267269,12.432999958317666,12.628027222651546,31941900
2016-06-03,MU,Micron,12.540264129638672,12.715789124240661,12.315983018725737,12.696286863708945,28326000
2016-06-06,MU,Micron,12.45250129699707,12.715787832184091,12.442749702740421,12.569517638187214,24861200
2016-06-07,MU,Micron,12.676783561706543,12.823053769279374,12.491507903450069,12.511010163810239,21409500
2016-06-08,MU,Micron,12.267224311828613,12.764544442569466,12.198965014262953,12.754792848642035,25869800
2016-06-09,MU,Micron,12.198966979980469,12.384242644640723,11.935679481293265,12.15996152794866,21881700
2016-06-10,MU,Micron,11.838165283203125,12.062446380324534,11.750402791298834,12.013689337048456,21439300
2016-06-13,MU,Micron,11.750402450561523,12.052694436173518,11.643136772471983,11.7016454086993,15538900
2016-06-14,MU,Micron,11.623634338378906,12.013688807466838,11.448109362307733,11.76990453179608,21913200
2016-06-15,MU,Micron,11.721148490905762,11.94542957948518,11.652888260933716,11.85766709092342,17491700
2016-06-16,MU,Micron,11.652887344360352,11.691892788434973,11.292086754179309,11.574876456211108,22453100
2016-06-17,MU,Micron,11.896673202514648,12.042944334941469,11.652888911766548,11.672392101408764,20604200
2016-06-20,MU,Micron,12.013689994812012,12.345236791286018,11.984436139229983,12.198966583412568,21481700
2016-06-21,MU,Micron,12.432998657226562,12.511009554796415,12.111203472260112,12.228219818614889,25060500
2016-06-22,MU,Micron,12.4037446975708,12.715788285194664,12.35498765451376,12.462252405268652,26968200
2016-06-23,MU,Micron,13.700676918029785,13.807941667977829,13.076588817513214,13.076588817513214,71203000
2016-06-24,MU,Micron,12.881561279296875,13.505649365404068,12.803550384778879,13.164351004415419,77486100
2016-06-27,MU,Micron,11.92592716217041,12.91081592866808,11.799160148231318,12.803551174579896,45700500
2016-06-28,MU,Micron,12.66702938079834,12.725538009861967,12.306228803134783,12.325731989477028,34838100
2016-06-29,MU,Micron,12.862059593200684,13.086341638612428,12.618275286862842,12.969325283165864,36879800
2016-06-30,MU,Micron,13.417887687683105,13.437389947509894,12.89131365287396,13.008330001724516,48486100
2016-07-01,MU,Micron,12.189213752746582,12.57926822084919,12.003938112888646,12.267224646367103,68847100
2016-07-05,MU,Micron,11.613883018493652,12.140457029182226,11.506618269451561,12.072197727970279,37298900
2016-07-06,MU,Micron,11.438358306884766,11.555375583086365,11.214077209085419,11.467613090916792,35747800
2016-07-07,MU,Micron,11.896673202514648,12.237971581547296,11.594381202766433,11.604131867624275,33457100
2016-07-08,MU,Micron,12.306228637695312,12.403742708169386,12.072195984513254,12.081947577553281,27955700
2016-07-11,MU,Micron,12.325733184814453,12.657279015117629,12.296478402463984,12.472003376713994,22797100
2016-07-12,MU,Micron,12.9010648727417,13.125346915158492,12.657280569659234,12.67678376028822,35226800
2016-07-13,MU,Micron,12.959573745727539,13.057087840684476,12.74504329480028,12.910816698249072,23067400
2016-07-14,MU,Micron,12.959573745727539,13.213109648644908,12.940071484714151,13.16435260116644,18698900
2016-07-15,MU,Micron,12.803552627563477,13.164353310401086,12.715790123366663,12.979077635957106,18046200
2016-07-18,MU,Micron,13.008331298828125,13.02783356059955,12.764546981923441,12.9205687959483,17180500
2016-07-19,MU,Micron,12.891313552856445,12.930319002170673,12.72554016078016,12.891313552856445,30569900
2016-07-20,MU,Micron,13.252113342285156,13.281367194905371,12.91081498518421,12.998577473008066,35666000
2016-07-21,MU,Micron,12.85230827331543,13.164351871951208,12.754794183760108,13.144848682054832,16734700
2016-07-22,MU,Micron,12.803552627563477,12.901065797810642,12.696287861302581,12.881563535746562,18755900
2016-07-25,MU,Micron,13.5739107131958,13.973716840400764,13.53490526005296,13.651921619481485,51357000
2016-07-26,MU,Micron,14.305262565612793,14.324764825714523,13.583661272546339,13.651920577847322,38959800
2016-07-27,MU,Micron,13.837197303771973,14.519794129424767,13.710430278398766,14.480788676241467,35035800
2016-07-28,MU,Micron,13.466644287109375,13.837195581240758,13.359378606735808,13.778687873730853,25504200
2016-07-29,MU,Micron,13.398383140563965,13.593410368890908,13.281366803567797,13.56415651713266,21792900
2016-08-01,MU,Micron,13.222861289978027,13.573910359106117,13.213109694455857,13.466645598252256,16363900
2016-08-02,MU,Micron,13.066838264465332,13.24236326015517,12.696286942396387,13.213109404194634,23707600
2016-08-03,MU,Micron,13.174100875854492,13.242360167140204,12.940068222906538,12.940068222906538,17316600
2016-08-04,MU,Micron,13.68117618560791,13.8469496025438,13.261867775090725,13.271618441409055,23400100
2016-08-05,MU,Micron,14.158992767333984,14.41252773573042,13.84694822705917,13.866451417685298,29098400
2016-08-08,MU,Micron,14.061478614807129,14.354019963221637,14.022473163682749,14.168743372908347,16163500
2016-08-09,MU,Micron,14.119987487792969,14.334517951602509,14.041976579128297,14.197999326421026,12573700
2016-08-10,MU,Micron,13.846948623657227,14.13948998168475,13.681175218440407,14.119986790500024,15003200
2016-08-11,MU,Micron,14.071228981018066,14.129736687612587,13.856698553590626,13.895704001308047,14451300
2016-08-12,MU,Micron,14.558798789978027,14.617306501585942,14.071230186749972,14.100484042553928,24909900
2016-08-15,MU,Micron,15.143880844116211,15.309654246766078,14.70506927885146,14.714820874292823,29105200
2016-08-16,MU,Micron,15.104875564575195,15.202389660174259,14.851339659988303,15.192638064621685,21872700
2016-08-17,MU,Micron,15.134127616882324,15.368160288080338,15.075618984101236,15.143878280709865,22552100
2016-08-18,MU,Micron,15.377914428710938,15.407168284964825,15.124378527941717,15.163383979601342,16590700
2016-08-19,MU,Micron,15.84598159790039,16.04100980769144,15.631452055071714,15.7582190894871,35059400
2016-08-22,MU,Micron,15.787469863891602,16.021502540165965,15.514430811608321,15.748463487882686,22145800
2016-08-23,MU,Micron,15.777721405029297,16.128771419160042,15.738715021269547,15.865483908561982,23741400
2016-08-24,MU,Micron,15.124378204345703,15.836227914394188,14.997610256673378,15.797223393532414,26686900
2016-08-25,MU,Micron,15.797222137451172,16.13851864257903,15.485177625698782,15.504679884578989,34837800
2016-08-26,MU,Micron,16.099512100219727,16.392052456376952,15.88498262969951,15.933738735750305,24243700
2016-08-29,MU,Micron,16.489572525024414,16.82111937453402,16.19703206248154,16.499324121766097,34467800
2016-08-30,MU,Micron,16.32379722595215,16.587084727965898,16.09951610642637,16.577333132343906,23620900
2016-08-31,MU,Micron,16.08001136779785,16.323795655108174,15.738712993578094,16.284791136300306,21963700
2016-09-01,MU,Micron,16.226282119750977,16.382303920138845,15.894735328945112,16.197029194632357,15719500
2016-09-02,MU,Micron,16.2847900390625,16.54807563807383,16.15802117664373,16.53832404404728,16099500
2016-09-06,MU,Micron,16.58708381652832,16.65534312220483,16.333547924068014,16.38230403957221,22998600
2016-09-07,MU,Micron,16.733354568481445,16.91863116130533,16.596835952677868,16.78211068557511,23023500
2016-09-08,MU,Micron,17.016143798828125,17.415949876537823,16.46031406793579,16.75285632523594,39212100
2016-09-09,MU,Micron,16.392051696777344,17.29892936273719,16.27503630370738,16.89912335988356,31389600
2016-09-12,MU,Micron,16.72359848022461,16.772356444145924,15.962992842313573,16.19702548935744,28239200
2016-09-13,MU,Micron,16.333547592163086,16.723602088050328,16.050756920190743,16.499320985405983,24345800
2016-09-14,MU,Micron,16.509075164794922,16.65534539116047,16.23603604496622,16.460317182721848,18591300
2016-09-15,MU,Micron,17.016143798828125,17.02589353347096,16.431061144154317,16.47981725707443,24303700
2016-09-16,MU,Micron,17.045398712158203,17.630481435123198,16.908880092106163,17.630481435123198,37447400
2016-09-19,MU,Micron,16.528575897216797,17.32818808491833,16.431061807513217,17.191667615362697,23999900
2016-09-20,MU,Micron,16.499319076538086,16.840617418425797,16.304290921194728,16.626086075562835,17775800
2016-09-21,MU,Micron,17.22092628479004,17.259932673440797,16.801616906429288,16.821120100754666,31384900
2016-09-22,MU,Micron,17.15266227722168,17.601224464563664,16.977137296113437,17.445202672451106,25278000
2016-09-23,MU,Micron,17.045398712158203,17.298934620773924,16.996642593547246,17.016145784962312,17947600
2016-09-26,MU,Micron,16.928382873535156,17.16241558506781,16.752857874904002,16.918631278063796,19567200
2016-09-27,MU,Micron,17.552467346191406,17.630478237777425,16.918628619564213,17.094153590614347,28621000
2016-09-28,MU,Micron,17.00638771057129,17.70848559470494,16.72359712256371,17.70848559470494,42715600
2016-09-29,MU,Micron,17.103906631469727,17.32818773126194,16.91863005080695,17.016144138520335,31870200
2016-09-30,MU,Micron,17.33793830871582,17.552467801156446,17.142910144732404,17.30868352614038,21363100
2016-10-03,MU,Micron,17.289182662963867,17.57197335277945,17.16241564127435,17.542718566269563,26856100
2016-10-04,MU,Micron,17.357439041137695,17.59147357385187,17.220920446993052,17.532964010710153,54502800
2016-10-05,MU,Micron,17.25992774963379,17.874263316213487,16.85037008527184,17.113655693848024,67739500
2016-10-06,MU,Micron,17.289182662963867,17.44520447116327,17.10390792818124,17.20142016336087,21606800
2016-10-07,MU,Micron,17.17216682434082,17.357441554673564,16.869872950779065,17.27943065244751,23849000
2016-10-10,MU,Micron,17.064903259277344,17.39645009996602,17.055151662795105,17.27943280210602,18857600
2016-10-11,MU,Micron,16.44081687927246,17.03564941839511,16.11902161714809,16.96739009914554,38070200
2016-10-12,MU,Micron,16.36280059814453,16.616336457892814,16.255534925963165,16.460312816571577,17901800
2016-10-13,MU,Micron,16.431058883666992,16.57732906223084,15.767965423589562,16.148268259840815,28593700
2016-10-14,MU,Micron,16.704099655151367,16.977138744607345,16.567581040386695,16.606587421706106,23539800
2016-10-17,MU,Micron,16.56757926940918,16.743104246730667,16.509071563610828,16.59683405227157,12657800
2016-10-18,MU,Micron,16.977136611938477,17.220920884780703,16.77235871551568,16.782108449694135,20185700
2016-10-19,MU,Micron,16.79185676574707,16.821111542350618,16.43105715393349,16.57732731709916,18629500
2016-10-20,MU,Micron,16.772361755371094,17.064902191831802,16.626089677214004,16.626089677214004,17129700
2016-10-21,MU,Micron,16.51882553100586,16.64559255510148,16.382305051295155,16.577333245209477,18710300
2016-10-24,MU,Micron,16.63583755493164,16.733351631932795,16.54807507162323,16.64558914862439,13838700
2016-10-25,MU,Micron,17.103906631469727,17.17216593489114,16.674845761486754,16.674845761486754,27444000
2016-10-26,MU,Micron,17.2014217376709,17.48421245336808,16.77236265581749,16.86987489992164,23610500
2016-10-27,MU,Micron,17.094154357910156,17.45495405021812,16.967385490938693,17.37694315513047,21198300
2016-10-28,MU,Micron,16.772361755371094,17.230675601806666,16.674847656575277,17.162416290627615,20832400
2016-10-31,MU,Micron,16.733354568481445,17.318437273238647,16.733354568481445,17.10390775412922,23267600
2016-11-01,MU,Micron,16.55782699584961,16.977136233376562,16.167772539984895,16.77235834151997,27146100
2016-11-02,MU,Micron,16.26528549194336,16.596832221437744,16.089760533984425,16.52857292888176,24949700
2016-11-03,MU,Micron,16.206783294677734,16.392058048821546,16.148273715543716,16.24578782084022,17255100
2016-11-04,MU,Micron,16.26528549194336,16.596832221437744,16.04100442785193,16.050754161137448,18026600
2016-11-07,MU,Micron,16.9478816986084,16.99663966875576,16.596833613179317,16.596833613179317,21673200
2016-11-08,MU,Micron,16.977136611938477,17.113655209553674,16.635838257974083,16.86987093671145,18062700
2016-11-09,MU,Micron,16.772361755371094,16.918631973601446,16.333549240753296,16.528577438344925,33873300
2016-11-10,MU,Micron,16.56757926940918,17.31843529020602,16.33354658628934,16.918629224052154,30282200
2016-11-11,MU,Micron,17.230674743652344,17.24042633903893,16.47981863822487,16.655343635330162,31043300
2016-11-14,MU,Micron,17.269676208496094,17.532963657551498,17.094153102385473,17.32818577045928,26313300
2016-11-15,MU,Micron,17.649980545043945,17.71823983928525,17.22091973276482,17.22091973276482,25153900
2016-11-16,MU,Micron,17.786500930786133,17.87426342080053,17.4842089429179,17.493960537355775,21629000
2016-11-17,MU,Micron,18.7031307220459,18.85915251631295,17.796252880414613,17.893766966813143,45958100
2016-11-18,MU,Micron,18.73238754272461,18.849404842730063,18.381339362562024,18.430095485940278,29121600
2016-11-21,MU,Micron,19.00542449951172,19.18094949951592,18.868905881698083,18.907910403961978,22744000
2016-11-22,MU,Micron,19.249208450317383,19.3077161625881,18.966419624403375,19.151694356581757,22219100
2016-11-23,MU,Micron,19.41498374938965,19.43448694202842,18.985922810970717,19.14194463222727,20041300
2016-11-25,MU,Micron,19.62950897216797,19.931802811815036,19.297964069848597,19.453985856796447,16308000
2016-11-28,MU,Micron,19.49299430847168,19.775785016853458,19.45398978382438,19.678270915345024,22205900
2016-11-29,MU,Micron,18.937166213989258,19.697773968469278,18.898159829690748,19.424734858160015,37924400
2016-11-30,MU,Micron,19.044435501098633,19.26871667331575,18.87866205643226,19.0931916307364,26031700
2016-12-01,MU,Micron,18.020532608032227,19.336968024577,17.727992230989546,19.21020102383887,40713100
2016-12-02,MU,Micron,18.322824478149414,18.722630485289745,17.845005728224475,18.00102749394138,25887600
2016-12-05,MU,Micron,18.14730453491211,18.52760746130983,17.942524748441027,18.52760746130983,26635500
2016-12-06,MU,Micron,18.586111068725586,18.615365848880632,18.118045745802412,18.157052119342474,22267800
2016-12-07,MU,Micron,19.93180274963379,20.029316831153583,18.82014519619039,19.015173359229976,44735700
2016-12-08,MU,Micron,20.146333694458008,20.46812888474019,19.785533984709836,20.234096188164653,36257400
2016-12-09,MU,Micron,19.990310668945312,20.33160902796137,19.629509121430868,20.21459175689748,23978000
2016-12-12,MU,Micron,19.522245407104492,20.000062368266658,19.00542206874063,19.795282607810623,28676100
2016-12-13,MU,Micron,19.62950897216797,19.96105573441375,19.30771380409723,19.63926056634301,26252400
2016-12-14,MU,Micron,19.522245407104492,19.824537390711896,19.28821272367362,19.43448291832711,19489100
2016-12-15,MU,Micron,19.78553581237793,19.99031374332522,19.48324192394139,19.600259213001777,19453100
2016-12-16,MU,Micron,19.766029357910156,20.477878990729362,19.68801846472348,20.01956522574845,36643400
2016-12-19,MU,Micron,19.844043731689453,20.185342146716394,19.68802191795029,19.922054638559032,23555900
2016-12-20,MU,Micron,20.136581420898438,20.28285161883724,19.961056439401286,20.21459231712756,23018500
2016-12-21,MU,Micron,20.06831932067871,20.31210356989003,19.83428666462699,20.234092684539455,32034500
2016-12-22,MU,Micron,22.613431930541992,22.90597234323064,22.20387423682193,22.340392848086424,85870000
2016-12-23,MU,Micron,22.681692123413086,22.905973239242684,22.486663934040685,22.496415529501974,27780100
2016-12-27,MU,Micron,22.720699310302734,23.05224615516783,22.632936800783924,22.769457293328117,24214100
2016-12-28,MU,Micron,22.213623046875,22.82795858046965,22.19411985916054,22.81820698661242,24026900
2016-12-29,MU,Micron,21.716304779052734,22.23312627825142,21.599287502673373,22.018596774803523,19890500
2016-12-30,MU,Micron,21.375003814697266,21.84306914365,21.209230444869053,21.794313036023112,20268900
2017-01-03,MU,Micron,21.989341735839844,22.174618312990166,21.501773166442714,21.521276355600957,24962900
2017-01-04,MU,Micron,21.8040714263916,22.272136901251695,21.69680572426359,22.106363479747888,20426800
2017-01-05,MU,Micron,21.560279846191406,22.00884197719284,21.41400780702236,21.843068611403996,19759400
2017-01-06,MU,Micron,21.492027282714844,21.726060014768088,21.433517704756415,21.716308418441685,17782200
2017-01-09,MU,Micron,21.784564971923828,21.989342889045247,21.394510467935472,21.394510467935472,21537200
2017-01-10,MU,Micron,21.92108726501465,22.1258670764557,21.745562243758574,21.80407182412853,20644300
2017-01-11,MU,Micron,22.223379135131836,22.31113977774269,21.99909615090984,22.047854130056677,20907700
2017-01-12,MU,Micron,21.75531005859375,21.92108345430383,21.16047764098534,21.901580264237566,27592300
2017-01-13,MU,Micron,21.628543853759766,21.75531087408917,21.443267261038347,21.71630635242114,14025700
2017-01-17,MU,Micron,21.199481964111328,21.521277157506805,21.043460164884827,21.33600057345288,20053800
2017-01-18,MU,Micron,21.765060424804688,21.78456361376983,20.99470305994627,21.140973257331897,19493400
2017-01-19,MU,Micron,21.170228958129883,21.74556008859274,20.95569943114906,20.965451026910923,31259000
2017-01-20,MU,Micron,21.41400909423828,21.774810627323138,21.34574979715026,21.355501391009454,19978700
2017-01-23,MU,Micron,21.345752716064453,21.755310414523702,21.199482508027565,21.41401202248656,16070300
2017-01-24,MU,Micron,22.28188133239746,22.515913994567313,21.706550340424226,21.716301933838754,29461400
2017-01-25,MU,Micron,22.974233627319336,23.383791356309,22.613433877927694,22.818211812459154,31611800
2017-01-26,MU,Micron,22.935226440429688,23.39354023587324,22.710945340101556,23.208263654767748,19379100
2017-01-27,MU,Micron,23.374034881591797,23.500803742159796,22.866965019098867,22.94497591024596,18626100
2017-01-30,MU,Micron,23.57881736755371,23.637325077717115,22.84746448076818,23.227767386720156,30508100
2017-01-31,MU,Micron,23.510557174682617,23.549561693343325,23.091247904502602,23.354535380186775,22712500
2017-02-01,MU,Micron,24.134645462036133,24.23215955305998,23.70558457748716,23.82260185870109,28728200
2017-02-02,MU,Micron,24.173654556274414,24.680724538656833,23.851857461791155,23.920118635119806,45499700
2017-02-03,MU,Micron,23.98837661743164,24.612463859535005,23.89086252087132,24.28091704718592,25054400
2017-02-06,MU,Micron,23.734838485717773,24.115141380738503,23.608069614093182,23.920115065824046,18900000
2017-02-07,MU,Micron,23.98837661743164,24.076139118343264,23.608071826839048,23.97862502178294,19879300
2017-02-08,MU,Micron,23.608070373535156,23.77384376950475,23.315529961789558,23.647076753728747,21559200
2017-02-09,MU,Micron,23.84210205078125,24.27116102145009,23.812847269174867,24.134642427139674,27887400
2017-02-10,MU,Micron,23.452051162719727,24.144399608208065,23.30578094069246,24.09564162758112,28578400
2017-02-13,MU,Micron,23.305774688720703,23.598316914225084,23.22776380057146,23.471548058528633,16876400
2017-02-14,MU,Micron,22.5451717376709,22.78895602529312,22.116110870676362,22.77920443059705,60685200
2017-02-15,MU,Micron,22.447660446166992,22.681693168238525,22.22337932000595,22.4964165657927,28215800
2017-02-16,MU,Micron,22.408655166625977,22.759705196993295,22.28188813339713,22.46716474497175,23819800
2017-02-17,MU,Micron,22.769451141357422,22.79870406334207,22.437904386071384,22.437904386071384,22108700
2017-02-21,MU,Micron,23.179012298583984,23.38379022319245,22.993735704943003,23.032742086731275,20256300
2017-02-22,MU,Micron,23.15951156616211,23.461803617404076,23.061997461266582,23.266777267539872,16013300
2017-02-23,MU,Micron,22.896221160888672,23.374038168854327,22.652436859278033,23.325282052502846,20172900
2017-02-24,MU,Micron,22.662185668945312,22.68168885705926,22.077103045011587,22.389146615129203,22019600
2017-02-27,MU,Micron,23.169261932373047,23.17901352833748,22.574427598029782,22.77920739342941,17999800
2017-02-28,MU,Micron,22.857215881347656,23.354536063322538,22.74019860208969,23.198514264262954,21447500
2017-03-01,MU,Micron,23.939619064331055,23.968873851796694,23.471553624441174,23.55931612691137,27989300
2017-03-02,MU,Micron,24.085886001586914,24.622210637846706,23.773840581660245,24.261409109142356,45941900
2017-03-03,MU,Micron,24.93425750732422,25.04152319278388,24.358926419738605,24.57345779065793,37862400
2017-03-06,MU,Micron,25.070777893066406,25.275557683449787,24.54420474337303,24.865999962609735,25527800
2017-03-07,MU,Micron,25.002519607543945,25.10978530499428,24.65147144667094,24.92450869846919,20313000
2017-03-08,MU,Micron,24.748981475830078,25.18779396260565,24.41743653684329,25.002517372641897,24921100
2017-03-09,MU,Micron,24.52469825744629,24.85624502787089,24.232157864684087,24.60270915284464,21786600
2017-03-10,MU,Micron,24.553953170776367,25.109781035925117,24.19315161519349,24.651467255522537,28919000
2017-03-13,MU,Micron,25.061023712158203,25.17803912025634,24.66121765795788,24.7587298780642,23768200
2017-03-14,MU,Micron,24.944005966186523,25.061023231968893,24.622210810192936,24.953757559995584,14587500
2017-03-15,MU,Micron,25.470584869384766,25.49983779547623,24.31992265831258,24.524700580659342,29779900
2017-03-16,MU,Micron,25.392574310302734,25.57784904447859,25.1877945252575,25.54859611799117,19147300
2017-03-17,MU,Micron,25.158540725708008,25.26580642017389,24.76848619118671,25.217050300831254,19126500
2017-03-20,MU,Micron,25.558345794677734,25.948402172927224,25.1682912763549,25.34381627458184,26918800
2017-03-21,MU,Micron,24.885501861572266,25.782628162535737,24.797739364527075,25.6461076893951,28397500
2017-03-22,MU,Micron,25.412071228027344,25.49983371210129,24.992761995213232,25.090276073064988,25092500
2017-03-23,MU,Micron,25.811880111694336,25.831383301394624,25.392572692697335,25.70461628819582,47118300
2017-03-24,MU,Micron,27.723148345947266,29.127346305686814,27.459860879759894,28.971322656892255,107481800
2017-03-27,MU,Micron,28.044944763183594,28.454502442128526,27.372099606361235,27.401354390545343,48190000
2017-03-28,MU,Micron,27.976688385009766,28.337488128036558,27.908429074703438,28.015692908073362,24776400
2017-03-29,MU,Micron,27.791410446166992,27.966935441309992,27.6451402368567,27.88892453901606,23060600
2017-03-30,MU,Micron,28.249725341796875,28.278980128745047,27.62563809964939,27.693897409268434,25092700
2017-03-31,MU,Micron,28.18146514892578,28.630029235105592,28.18146514892578,28.37649333594772,32337800
2017-04-03,MU,Micron,27.92793083190918,28.317987228050093,27.596384011145446,28.23022472491106,21629100
2017-04-04,MU,Micron,27.87917137145996,27.96693386408199,27.45986209780504,27.76215409465508,13957900
2017-04-05,MU,Micron,27.557374954223633,28.191213703794293,27.528120171347535,27.92792623768871,22389900
2017-04-06,MU,Micron,27.90842628479004,28.064448081300863,27.323343617911185,27.54762471790468,19423700
2017-04-07,MU,Micron,27.810909271240234,28.142456018928158,27.645135897396273,27.742649974938544,20325500
2017-04-10,MU,Micron,26.952791213989258,27.78165819370941,26.894283503634476,27.742653673448416,27422100
2017-04-11,MU,Micron,26.504226684570312,26.855276635865735,26.01665813440508,26.816270259087837,38619300
2017-04-12,MU,Micron,26.026412963867188,26.748014284620723,25.997158177647187,26.738262689214057,24621900
2017-04-13,MU,Micron,26.075166702270508,26.552983674048523,25.704615410253886,25.88989012629896,26077500
2017-04-17,MU,Micron,26.45547103881836,26.54323353435582,26.162930626977865,26.240941527463768,14108600
2017-04-18,MU,Micron,26.465221405029297,26.660249577151742,26.23118871443826,26.32870280049948,14407100
2017-04-19,MU,Micron,26.582242965698242,26.86503181494596,26.377463165963807,26.767519573090965,21231900
2017-04-20,MU,Micron,27.264829635620117,27.381846894023642,26.81626750824676,26.81626750824676,23633000
2017-04-21,MU,Micron,26.6407470703125,27.333095425146684,26.484725272588904,27.303840640601056,28361700
2017-04-24,MU,Micron,25.909395217895508,27.06980901166802,25.86063910165636,27.050305821201718,44041000
2017-04-25,MU,Micron,26.318954467773438,26.34820925519548,25.71437040713166,26.04591536494787,22881400
2017-04-26,MU,Micron,26.123929977416992,26.39696723960963,25.73387355726719,25.91915017084566,24670700
2017-04-27,MU,Micron,26.943038940429688,26.962542130032322,26.426217435445622,26.494476739128306,24626900
2017-04-28,MU,Micron,26.982040405273438,27.498863676052665,26.826018636722385,27.323338721451183,28105100
2017-05-01,MU,Micron,27.586631774902344,27.674392410160582,27.030802018756376,27.157570893990684,23938000
2017-05-02,MU,Micron,27.079559326171875,27.576879499982166,26.76751573317558,27.576879499982166,25335300
2017-05-03,MU,Micron,27.3038387298584,27.401352811593174,26.86502629201511,26.86502629201511,15061300
2017-05-04,MU,Micron,27.09906578063965,27.469617126985533,27.03080460901182,27.245335999988637,15544600
2017-05-05,MU,Micron,27.498872756958008,27.518374089522137,26.933293194208535,27.10881634684653,15639600
2017-05-08,MU,Micron,27.36235237121582,27.37210396749756,26.601746460508526,26.87478371668989,32326800
2017-05-09,MU,Micron,28.093700408935547,28.18146290009948,27.362347555853763,27.411105528681773,31073400
2017-05-10,MU,Micron,28.591018676757812,28.68853275602257,28.083946952522144,28.20096421962513,29267500
2017-05-11,MU,Micron,28.308237075805664,28.581274335116458,27.976690238133845,28.44475570546106,22494600
2017-05-12,MU,Micron,28.210718154907227,28.39599473489476,27.966933866475504,28.376491545437858,15902700
2017-05-15,MU,Micron,28.113204956054688,28.464254937667633,28.015690865614804,28.356989252191106,21899900
2017-05-16,MU,Micron,28.298479080200195,28.35698678540388,27.859666641356505,28.200964998243105,14940800
2017-05-17,MU,Micron,26.328704833984375,27.80116225344655,26.289698452576648,27.63538885231699,38027900
2017-05-18,MU,Micron,26.79676628112793,27.19657233168896,26.416463418381184,26.474971121897678,26863000
2017-05-19,MU,Micron,27.12831687927246,27.459863679401337,27.040554381595605,27.089312358041983,19173200
2017-05-22,MU,Micron,27.36235237121582,27.547628980715185,26.962546223298702,27.498872859233316,18032700
2017-05-23,MU,Micron,27.586631774902344,27.606133105000524,26.874780218411512,27.381851999495606,21800800
2017-05-24,MU,Micron,28.269227981567383,28.395996862609532,27.732903250801336,27.7621561772521,22216800
2017-05-25,MU,Micron,28.69828987121582,28.92257099472584,28.464257151910573,28.4740087477058,20714000
2017-05-26,MU,Micron,29.02008056640625,29.029832160680492,28.161958869537326,28.542263606527012,17784800
2017-05-30,MU,Micron,29.936710357666016,30.102483742627513,29.137096356134627,29.19560592253971,34690000
2017-05-31,MU,Micron,30.00497055053711,30.326765735625624,29.56615808908618,30.239003243335436,26402900
2017-06-01,MU,Micron,29.995220184326172,30.063479490030485,29.5271547795595,29.985468589236042,20534800
2017-06-02,MU,Micron,30.43402862548828,30.599802010301968,29.77093694615998,30.03422255504229,20206300
2017-06-05,MU,Micron,30.43402862548828,30.970355157497952,30.29751002385105,30.5217911150912,24360800
2017-06-06,MU,Micron,30.785083770751953,30.980111971601595,30.10248878763173,30.2682622003759,33125800
2017-06-07,MU,Micron,31.69196319580078,31.74071931828512,30.911854076490272,30.911854076490272,32635800
2017-06-08,MU,Micron,31.64320182800293,32.043007917866845,31.087372080213218,32.0235047281353,29156500
2017-06-09,MU,Micron,29.83919906616211,32.11126869625628,28.81530387736673,31.85773093795918,53064200
2017-06-12,MU,Micron,30.424283981323242,30.902101026923784,28.483759150923216,29.312626213669777,46550900
2017-06-13,MU,Micron,30.755828857421875,31.43842565641029,30.00497275051995,30.96060678116241,33767900
2017-06-14,MU,Micron,30.287761688232422,30.99961327603871,30.082983763743755,30.989861680597343,28935000
2017-06-15,MU,Micron,29.800186157226562,30.199992177869063,29.33212084426845,29.71242367855614,33670600
2017-06-16,MU,Micron,29.117597579956055,30.229253400139505,29.078591198933033,29.868451815383033,42881700
2017-06-19,MU,Micron,30.424283981323242,30.47304010151496,29.57591372652929,29.751438735102298,24915000
2017-06-20,MU,Micron,30.06348419189453,30.794837198696953,29.965970085668832,30.619312179476072,25793300
2017-06-21,MU,Micron,31.214139938354492,31.350662270169956,30.287760720154388,30.40477800178391,30579000
2017-06-22,MU,Micron,31.097122192382812,31.59444420719236,30.970355185025063,31.243394248468658,23050800
2017-06-23,MU,Micron,30.941104888916016,31.282405162660876,30.85334238650773,31.09712670210258,45323800
2017-06-26,MU,Micron,31.69196319580078,32.14052547442261,31.15563840876566,31.643207073316443,34750700
2017-06-27,MU,Micron,30.872844696044922,31.857731666172604,30.824088578289693,31.701709857443863,33221500
2017-06-28,MU,Micron,31.43842315673828,31.477425815406832,30.65831232564583,31.272647907948205,28415900
2017-06-29,MU,Micron,30.68756675720215,31.58469304807947,29.87820296238333,31.487180816838105,53948400
2017-06-30,MU,Micron,29.117597579956055,31.35066267550533,28.971325511046345,31.32140602981145,73308000
2017-07-03,MU,Micron,28.41549301147461,29.52715051203721,27.849913597475727,29.341873951955723,36830400
2017-07-05,MU,Micron,29.751432418823242,29.800188528663956,28.8152998584853,28.8152998584853,40444600
2017-07-06,MU,Micron,29.35163116455078,29.722182495723736,29.1761061645485,29.19560935564357,27143800
2017-07-07,MU,Micron,29.449142456054688,29.74168285491936,29.234611094289196,29.468643785366236,22023100
2017-07-10,MU,Micron,29.741682052612305,29.82944454188954,29.010329215252987,29.410135284215297,24907900
2017-07-11,MU,Micron,30.590051651000977,30.609552979460492,29.75143314967009,29.790437666515537,28530500
2017-07-12,MU,Micron,30.668066024780273,30.98986122995927,30.385275340872894,30.980109634659712,22258600
2017-07-13,MU,Micron,30.356016159057617,31.05811603954046,30.073227376028083,30.76557380269716,23773000
2017-07-14,MU,Micron,30.999608993530273,31.155630779184808,30.482785666095626,30.570548153017103,28887600
2017-07-17,MU,Micron,30.93134880065918,31.067869262314357,30.658311597201735,30.882592688592194,22320500
2017-07-18,MU,Micron,31.106876373291016,31.116627968502673,30.619307772267877,30.85334047756779,14045000
2017-07-19,MU,Micron,31.028867721557617,31.545689285766013,30.86309431079176,31.25314884790944,19984100
2017-07-20,MU,Micron,31.20438575744629,31.223888944927012,30.638806339989628,31.136126461190088,23179300
2017-07-21,MU,Micron,31.214139938354492,31.301902434594982,30.833838887856686,31.106876111781244,21146600
2017-07-24,MU,Micron,30.88259506225586,31.214139997661817,30.71682166458958,31.20439026244021,17415500
2017-07-25,MU,Micron,29.156599044799805,30.063476849331515,28.91281476873973,30.034222066630793,51216400
2017-07-26,MU,Micron,29.06884002685547,29.302872736620742,28.94207300653844,29.10784640844634,26387400
2017-07-27,MU,Micron,29.48814582824707,30.52179063863581,28.932317976056204,29.517400610966853,38967000
2017-07-28,MU,Micron,28.552019119262695,29.234614072800618,28.239973639441338,29.21511088157553,31854900
2017-07-31,MU,Micron,27.42085838317871,28.815302991454892,27.177074087616738,28.698287571144025,41112700
2017-08-01,MU,Micron,27.635385513305664,28.220468144243203,27.138065370005076,27.51836824314759,28221600
2017-08-02,MU,Micron,27.91817855834961,28.698289471768913,27.51837243594381,28.239973775406146,27226000
2017-08-03,MU,Micron,27.13806915283203,27.693897078726355,26.923539630886033,27.684145483193355,30288400
2017-08-04,MU,Micron,27.225831985473633,27.596383320623406,26.591993147494797,27.167324271487185,23947500
2017-08-07,MU,Micron,27.87917137145996,27.898674560915193,27.108812127316916,27.235580998849414,16589300
2017-08-08,MU,Micron,28.122957229614258,28.61052583365067,27.8986761181399,27.8986761181399,21903300
2017-08-09,MU,Micron,27.869422912597656,28.171714943461573,27.6548933842308,27.801163601750325,14181800
2017-08-10,MU,Micron,26.806520462036133,27.67439194433699,26.748012752873272,27.59638104547766,26147600
2017-08-11,MU,Micron,27.313589096069336,27.342843877252466,26.182430262623576,26.757761273074166,23375900
2017-08-14,MU,Micron,28.513011932373047,28.630029216495473,28.00594013438691,28.103454227834497,25254600
2017-08-15,MU,Micron,28.94207191467285,29.068838930207484,28.415496942621516,28.766546923989072,23973600
2017-08-16,MU,Micron,29.926958084106445,30.0927314653059,29.215106588410897,29.27361615348817,37879500
2017-08-17,MU,Micron,28.883567810058594,29.770942609354883,28.873816213811438,29.566162808018227,26152500
2017-08-18,MU,Micron,29.624662399291992,29.839193738028136,29.020078477225013,29.21510476889043,31178100
2017-08-21,MU,Micron,28.825056076049805,29.839199690759884,28.55201884126376,29.770940382063372,26247700
2017-08-22,MU,Micron,29.692930221557617,29.78069272348748,29.029836589166088,29.107847495334106,18821200
2017-08-23,MU,Micron,29.692930221557617,29.975719058944172,29.127350686857792,29.22486292462278,21200400
2017-08-24,MU,Micron,29.468645095825195,29.868451193351834,29.361381270098967,29.790440292857042,18056800
2017-08-25,MU,Micron,29.536907196044922,29.634419429804765,29.302872627226705,29.546656931479596,13929800
2017-08-28,MU,Micron,30.30726432800293,30.43403134658219,29.663673919989336,29.673425515253374,22531000
2017-08-29,MU,Micron,30.69731330871582,30.746071276252113,29.936707614412462,29.985463722022473,23151900
2017-08-30,MU,Micron,30.82408905029297,30.8923483601662,30.599806069375163,30.863093573109087,17467900
2017-08-31,MU,Micron,31.175134658813477,31.22389263327486,30.697317668651216,30.824086542324263,25694000
2017-09-01,MU,Micron,31.789470672607422,32.062511613302455,31.33115872617327,31.33115872617327,26034000
2017-09-05,MU,Micron,31.27264976501465,31.925993624562643,30.8630920658501,31.64320294326794,28866600
2017-09-06,MU,Micron,31.44817543029785,31.886987924458715,31.26290069714251,31.272650432633508,29290200
2017-09-07,MU,Micron,31.974754333496094,32.08202003628112,31.643207488457705,31.66271068167805,25353300
2017-09-08,MU,Micron,31.64320182800293,32.1990297158661,31.506683219735216,31.984498348672215,19649300
2017-09-11,MU,Micron,32.608585357666016,32.608585357666016,31.99425162390902,32.08201411728189,31012100
2017-09-12,MU,Micron,33.43745040893555,33.68123467195808,32.72560080729206,32.852365945769876,38685800
2017-09-13,MU,Micron,33.72998809814453,33.93476597003344,33.174160320244724,33.70073517926107,41588100
2017-09-14,MU,Micron,33.720245361328125,33.98352912560942,33.447204422307365,33.573973296857964,23007000
2017-09-15,MU,Micron,33.78850555419922,34.12980208712922,33.52521806314469,33.778752099056526,37417300
2017-09-18,MU,Micron,34.549102783203125,34.90990241676945,34.14929677848036,34.25656243923442,41330100
2017-09-19,MU,Micron,35.05617904663086,35.20244737787354,34.61736661319724,34.61736661319724,26392200
2017-09-20,MU,Micron,35.07568359375,35.69001730450622,34.46134616314086,35.13418944057273,42243000
2017-09-21,MU,Micron,35.017173767089844,35.34872053608448,34.519855473524345,35.03667695583693,22464900
2017-09-22,MU,Micron,35.17320251464844,35.31947459925846,34.71488678806707,34.71488678806707,21559800
2017-09-25,MU,Micron,34.00303268432617,35.2512108137441,33.68123934679601,35.14394512794966,35607200
2017-09-26,MU,Micron,33.3301887512207,34.490600643782855,33.24242625717125,34.35408203522884,55112600
2017-09-27,MU,Micron,36.16783905029297,36.226348621688444,35.026926587127186,35.35847338532842,84593900
2017-09-28,MU,Micron,37.01620864868164,37.50377726750997,35.90455279292959,36.2263498668859,52569900
2017-09-29,MU,Micron,38.352149963378906,38.381402890629055,36.86994089176561,37.035712439321,48711400
2017-10-02,MU,Micron,39.01523208618164,39.36628202252903,38.3813952298679,38.61542604086438,54244800
2017-10-03,MU,Micron,39.36628341674805,39.53205865694002,38.85921168182671,38.93722443482359,27322300
2017-10-04,MU,Micron,38.57643127441406,39.424799647508344,37.94259056862832,39.142008949859104,37908400
2017-10-05,MU,Micron,38.39113998413086,38.868958717705745,38.274124593810306,38.81044916261938,22501000
2017-10-06,MU,Micron,38.68368911743164,38.68368911743164,37.84507428958622,38.030349009717234,25150300
2017-10-09,MU,Micron,39.94161605834961,39.97087270182749,38.634932151877436,38.73244809704877,27279300
2017-10-10,MU,Micron,40.93626403808594,40.95576723076874,39.45405487287568,40.419442451479405,48214100
2017-10-11,MU,Micron,40.57546615600586,41.02402844896508,39.78560355503989,39.8246099422156,53023600
2017-10-12,MU,Micron,39.57107162475586,40.711980428479414,39.28828092781717,40.18540541759773,66789800
2017-10-13,MU,Micron,39.395538330078125,40.14639058552972,39.31752558050503,39.766087730992446,35371200
2017-10-16,MU,Micron,40.45844268798828,40.53645172701007,39.50280499103654,39.863608421053186,33696800
2017-10-17,MU,Micron,39.38579559326172,40.370686365419694,39.24927696421495,40.11714858017256,41233700
2017-10-18,MU,Micron,40.614463806152344,40.90700420733092,39.795348450940516,40.01962954917253,43528000
2017-10-19,MU,Micron,40.28291702270508,40.46819174213645,38.81045784246386,40.15614815159255,47676000
2017-10-20,MU,Micron,40.46818923950195,41.121529304345295,40.40967967494844,40.9557577845562,36293700
2017-10-23,MU,Micron,40.526702880859375,41.14103663113292,40.370681079541036,40.80948983834981,26844200
2017-10-24,MU,Micron,40.565704345703125,40.96551043228867,40.39993281412395,40.702226672704455,26299400
2017-10-25,MU,Micron,40.03913879394531,40.5559603715182,39.30778582046508,40.282923118438724,31061100
2017-10-26,MU,Micron,39.590572357177734,40.15615376906628,39.30778537108701,40.14640031308004,27453500
2017-10-27,MU,Micron,39.8343505859375,39.92211307712205,39.04449188512953,39.580816566878234,31094700
2017-10-30,MU,Micron,40.614463806152344,40.819241714992046,39.66857957981703,39.71733569337129,29119500
2017-10-31,MU,Micron,43.20832443237305,43.4618584310303,41.15078464228109,41.19954075127064,61972200
2017-11-01,MU,Micron,43.27659225463867,44.20297338735261,42.69150767194141,43.676398378881096,38842900
2017-11-02,MU,Micron,43.23758316040039,43.63738925957105,42.63299914406131,42.9840491276947,25813000
2017-11-03,MU,Micron,42.62324142456055,43.8811691667727,42.27219147604992,43.6568880818582,27694600
2017-11-06,MU,Micron,42.174678802490234,42.91578134818028,41.394569880749984,42.759759563832226,28841000
2017-11-07,MU,Micron,42.857276916503906,43.140067572409315,42.252692947210136,42.49647722577972,32422900
2017-11-08,MU,Micron,42.99380111694336,43.04255723503682,42.36971387769904,42.759766542300056,19519600
2017-11-09,MU,Micron,42.4184684753418,42.60374320539727,41.52134403104803,42.60374320539727,32501100
2017-11-10,MU,Micron,43.6666374206543,43.73489671892964,42.62324103861372,42.67199714883143,33840800
2017-11-13,MU,Micron,44.46625518798828,44.72954268047815,43.0913118737767,43.22783420754618,30522300
2017-11-14,MU,Micron,44.661285400390625,44.85631359477337,43.68614814833033,44.44675773443768,29899200
2017-11-15,MU,Micron,44.23222732543945,44.60278053096448,43.51062410624372,44.06645205460451,22434500
2017-11-16,MU,Micron,45.031829833984375,45.13909550601233,44.16395844372571,44.59301741198485,24192600
2017-11-17,MU,Micron,45.012325286865234,45.39262813449444,44.59301606515802,45.38287840090122,22613300
2017-11-20,MU,Micron,46.45553207397461,46.670063431985255,45.24636412120334,45.35362608035574,26975000
2017-11-21,MU,Micron,48.17177200317383,48.39605307943328,46.952850684468544,47.15762857324639,35756600
2017-11-22,MU,Micron,47.91823196411133,48.64958471990021,47.4111602737154,48.61057834682688,28711800
2017-11-24,MU,Micron,48.4448127746582,48.63984094405983,47.81097215406616,48.093762813705865,14203300
2017-11-27,MU,Micron,46.85533905029297,47.18688582822444,45.91920828431694,46.7675765584919,44469700
2017-11-28,MU,Micron,46.73833084106445,47.64520882288876,46.63106514345136,47.24540268078315,30633200
2017-11-29,MU,Micron,42.65249252319336,46.41651808671424,42.194176958889194,46.31900587806976,81370100
2017-11-30,MU,Micron,41.33606719970703,43.4326137633502,40.8192456504685,43.06206056887651,63895700
2017-12-01,MU,Micron,40.94601058959961,41.49208501321861,39.01523575798008,40.692472847331054,73138600
2017-12-04,MU,Micron,38.907981872558594,41.23855955104702,38.0986160840405,40.90701270223357,73640500
2017-12-05,MU,Micron,40.18539810180664,41.004513396328484,38.43990183897932,38.781202048277514,56540700
2017-12-06,MU,Micron,40.54621124267578,40.7022330638947,39.29803295307076,39.80510480199567,39735300
2017-12-07,MU,Micron,42.125938415527344,42.15519134855704,40.86801021729226,41.13129777412198,43189000
2017-12-08,MU,Micron,42.13567352294922,43.47161403853853,41.80412675760007,42.945039107715864,44717800
2017-12-11,MU,Micron,41.940650939941406,42.66225413228583,41.277561040836105,42.34045705844412,32824000
2017-12-12,MU,Micron,40.81924057006836,41.78462423886528,40.67296851365529,41.62860244795603,28492300
2017-12-13,MU,Micron,41.004520416259766,42.028413779738365,40.92651137096834,41.17029568226579,28565600
2017-12-14,MU,Micron,41.18980026245117,41.667615445587955,40.83875024716908,41.23855638238402,24582800
2017-12-15,MU,Micron,41.34580612182617,41.5018278773109,40.848484218820296,41.24829019974067,58721700
2017-12-18,MU,Micron,42.62324142456055,42.64274461279478,41.92114524739209,42.29169466428415,35075500
2017-12-19,MU,Micron,42.886531829833984,43.23758180244199,42.223438263763995,42.99379751255899,51048300
2017-12-20,MU,Micron,44.61252975463867,45.63642313618428,43.744658186282365,45.49015477873688,84338200
2017-12-21,MU,Micron,43.31559371948242,44.44675647077153,43.247334411367156,44.4174998245412,50486100
2017-12-22,MU,Micron,43.02304458618164,43.82265665066839,42.847519623747715,43.0815541469438,30372500
2017-12-26,MU,Micron,41.19954299926758,42.125924000026416,40.487693353591574,42.11617054578472,41966200
2017-12-27,MU,Micron,41.42382049560547,41.99915149081607,40.985008089113904,41.170286505106205,24175100
2017-12-28,MU,Micron,40.77047348022461,41.9796411042335,40.711963929442796,41.76511352440401,28999700
2017-12-29,MU,Micron,40.09764862060547,40.799748735004414,39.756352020469286,40.780245540731784,44642100
2018-01-02,MU,Micron,42.58423614501953,42.63299597678753,40.16589653947238,40.507196762583845,37097000
2018-01-03,MU,Micron,43.861663818359375,43.929923113891036,42.954786069321415,43.39359848334827,43376700
2018-01-04,MU,Micron,45.71443176269531,45.81194399216263,43.89092256886086,44.846560272935555,52229500
2018-01-05,MU,Micron,44.661285400390625,45.499904032339025,44.25172954005494,44.983082479100155,47381100
2018-01-08,MU,Micron,44.41749572753906,44.94407067287491,43.7934085567053,44.18346489840288,32217400
2018-01-09,MU,Micron,41.90164566040039,44.41749764119714,41.70661748114912,44.14446042215723,62982900
2018-01-10,MU,Micron,42.233192443847656,42.291698293718476,40.36092713106582,40.90700528892992,53348000
2018-01-11,MU,Micron,41.75537109375,42.90603319053905,41.56034292618606,42.43796782029734,39402200
2018-01-12,MU,Micron,41.74562072753906,42.27219193618395,41.618851862563055,41.75537046183591,28458500
2018-01-16,MU,Micron,41.852882385253906,42.76951363642886,41.365313837132014,42.06741373678044,38174800
2018-01-17,MU,Micron,43.15956115722656,43.27658027328068,41.91138701146837,42.13566807079352,38077100
2018-01-18,MU,Micron,42.89628982543945,43.53988027006529,42.818277058889194,43.11081749374576,25152100
2018-01-19,MU,Micron,41.68709945678711,43.10104860338534,41.589587261787976,42.8572643960357,41469200
2018-01-22,MU,Micron,41.81388854980469,41.81388854980469,40.64372304347635,41.41408240479331,37879400
2018-01-23,MU,Micron,42.857276916503906,43.54962337487684,41.6676084467314,42.17468019253849,41334100
2018-01-24,MU,Micron,42.00890350341797,42.857271646969856,41.67735677653468,42.67199323733211,31305700
2018-01-25,MU,Micron,41.940650939941406,43.60813844282901,41.79438258625701,43.13031955981194,40519200
2018-01-26,MU,Micron,42.58423614501953,42.72075846617586,41.96014898485935,42.14542741793077,27177500
2018-01-29,MU,Micron,42.21367645263672,42.340441568817376,41.32630204011216,42.17467008464944,29455000
2018-01-30,MU,Micron,40.63396453857422,41.73587059444165,40.43894007829593,40.946011858696394,38861900
2018-01-31,MU,Micron,42.632999420166016,42.867030264201816,41.706618339545734,41.91139625804036,45114600
2018-02-01,MU,Micron,41.43357849121094,42.993796418830144,41.053271883991606,41.96990317133923,35713500
2018-02-02,MU,Micron,39.80510330200195,41.16054352023623,39.60032536684142,40.955765585075696,40657400
2018-02-05,MU,Micron,38.420406341552734,40.49744585458316,38.040099717056094,39.142005770913975,45796800
2018-02-06,MU,Micron,42.789024353027344,42.83778047244711,39.54181546569299,39.54181546569299,66972800
2018-02-07,MU,Micron,40.96551513671875,42.476980883343124,40.702231346899346,42.18443672602648,51354800
2018-02-08,MU,Micron,39.0054817199707,41.96014576990565,39.0054817199707,41.46282751471117,53794100
2018-02-09,MU,Micron,39.405296325683594,40.165902194229105,36.58715025391531,40.0293835737059,65189300
2018-02-12,MU,Micron,41.14103317260742,41.61885199139434,39.86360594415472,39.99037108967029,47941100
2018-02-13,MU,Micron,41.57009506225586,41.85288199041058,40.93625446773597,41.00451376624085,30296800
2018-02-14,MU,Micron,42.36970901489258,42.545233995766566,40.88750013187498,40.88750013187498,36765900
2018-02-15,MU,Micron,42.4184684753418,42.82802431647072,41.20929670275755,42.64274958641524,35072300
2018-02-16,MU,Micron,43.110809326171875,43.988434184324305,42.05766321624171,42.21368499992961,49404600
2018-02-20,MU,Micron,43.78365707397461,44.14445675773503,42.808519978517296,42.92553538841339,36215900
2018-02-21,MU,Micron,43.43260955810547,44.41749644296857,43.41310636872115,44.241971458362784,31618700
2018-02-22,MU,Micron,43.14982604980469,43.71540747621323,42.94504810707896,43.66664763473732,24359600
2018-02-23,MU,Micron,45.373130798339844,45.63641827753861,43.90067532562051,44.05669712219907,48476700
2018-02-26,MU,Micron,46.78708267211914,47.0308669734869,45.538908239469215,45.80219573132879,41966100
2018-02-27,MU,Micron,47.37216567993164,47.77197177232123,46.24100298747483,46.47503754587871,44731100
2018-02-28,MU,Micron,47.59644317626953,48.230280059173026,47.14787728331217,47.58668972215479,45031400
2018-03-01,MU,Micron,46.436038970947266,47.59645478329756,45.60717372200026,47.557448397032026,61278800
2018-03-02,MU,Micron,47.88898468017578,48.02550328214653,44.80755152193268,45.20735759335542,52492900
2018-03-05,MU,Micron,50.73638153076172,51.058178555537026,47.508680148121556,47.586689180888044,70984100
2018-03-06,MU,Micron,52.40386962890625,53.28149079098327,51.8870444340574,52.07232286460529,73096300
2018-03-07,MU,Micron,52.628150939941406,53.63254097141684,51.809035619947466,52.01381351998274,61670000
2018-03-08,MU,Micron,53.84706497192383,54.09084921577375,52.94993702023289,53.23272763586336,51685900
2018-03-09,MU,Micron,53.232730865478516,54.44190242506928,52.28684675160153,54.373639410385636,65504600
2018-03-12,MU,Micron,57.89389419555664,59.6491404016754,54.948979421802036,55.09525148891743,138651600
2018-03-13,MU,Micron,57.95240020751953,61.84319529149974,57.06502556381765,60.62427387323599,142315800
2018-03-14,MU,Micron,58.293701171875,58.56674211993365,56.12889909709039,57.84513894843662,80306900
2018-03-15,MU,Micron,57.3770751953125,58.654506315407005,56.78224088534371,58.28395312364962,50963700
2018-03-16,MU,Micron,59.073814392089844,59.18107636128436,57.737873726489646,58.50823302069357,69323100
2018-03-19,MU,Micron,58.644752502441406,59.473621381060674,57.2893123459437,58.859283883706944,71373300
2018-03-20,MU,Micron,59.629638671875,59.727150899688375,58.313201277276164,58.60574168056933,53890500
2018-03-21,MU,Micron,59.55162048339844,60.18546106594639,59.09330487079138,59.824657672260834,51220200
2018-03-22,MU,Micron,57.455081939697266,58.80077231494273,56.66522318976119,58.57649120571069,74274700
2018-03-23,MU,Micron,52.8621826171875,57.338062166658254,52.34536113164531,56.25565936347502,118369500
2018-03-26,MU,Micron,54.178619384765625,55.30002483378372,51.40922983263175,54.86121238857974,70260700
2018-03-27,MU,Micron,51.09718704223633,54.0908577303673,50.39508711907628,53.69105165631292,67785100
2018-03-28,MU,Micron,50.209800720214844,52.023552233241034,49.43944167487802,50.63885961794382,62987500
2018-03-29,MU,Micron,50.84366226196289,51.37023733851868,49.86852488457241,50.86316545589317,61458800
2018-04-02,MU,Micron,48.815372467041016,50.43410016627532,48.327803838116786,50.258575162274326,59875500
2018-04-03,MU,Micron,50.26831817626953,50.48284953466229,49.068899955883786,49.53696533067923,52436400
2018-04-04,MU,Micron,52.06257629394531,52.16984198479151,48.03525847860715,48.38630847779349,60272800
2018-04-05,MU,Micron,48.60083770751953,50.90216207152814,47.96699704595925,50.76564346007901,89203500
2018-04-06,MU,Micron,47.25514602661133,49.224923542270204,46.08498068703091,46.533546609103,79392200
2018-04-09,MU,Micron,46.767578125,48.591087324629115,46.728571745147875,47.908490556629395,50532900
2018-04-10,MU,Micron,49.22491455078125,49.48820198308339,47.430662349792605,48.02549650575087,50346500
2018-04-11,MU,Micron,49.22491455078125,50.512095073245675,48.86411490793123,49.029886409833104,38942200
2018-04-12,MU,Micron,51.28246307373047,51.604256400202274,49.8295070776463,49.849010267107175,46656300
2018-04-13,MU,Micron,50.93141555786133,52.160090514142965,50.29757860917287,52.072328017265704,43598900
2018-04-16,MU,Micron,50.365840911865234,51.17520290245639,50.044043830887475,50.95092177928406,30879500
2018-04-17,MU,Micron,50.960662841796875,51.389725543408794,50.453594826923734,50.56085678247391,33325300
2018-04-18,MU,Micron,52.66716003417969,52.9206977965132,49.41995500008743,50.170811111839285,55393600
2018-04-19,MU,Micron,50.14155578613281,52.7549239229287,49.71249673376834,51.584762194688615,52635000
2018-04-20,MU,Micron,49.361446380615234,50.77539613213535,48.903134404220204,50.2195681991697,38510800
2018-04-23,MU,Micron,47.80122756958008,49.61498341667721,47.59644964357965,49.5467241080104,43693000
2018-04-24,MU,Micron,45.93870544433594,49.010384814522766,45.285361708931404,48.42530409254028,61915400
2018-04-25,MU,Micron,46.41652297973633,47.13812604727155,44.93431790886071,46.37752032407844,43781200
2018-04-26,MU,Micron,48.89337921142578,48.932385592668105,47.61595184449227,48.05476061398205,39041400
2018-04-27,MU,Micron,46.338523864746094,50.11230408642506,46.0167267777,49.839266839127895,50049800
2018-04-30,MU,Micron,44.836814880371094,46.50429885513008,44.193224378541984,45.889965003284416,54743800
2018-05-01,MU,Micron,45.626670837402344,45.70467987968843,44.28098044932495,44.456505444285185,34154900
2018-05-02,MU,Micron,44.74905014038086,45.5779190780072,44.54427219996928,44.768553332780094,31640800
2018-05-03,MU,Micron,45.460899353027344,45.704683675177634,44.20297507782054,44.60278121735287,30489600
2018-05-04,MU,Micron,46.397029876708984,46.51404529944057,44.99282992451704,45.16835491854103,28632200
2018-05-07,MU,Micron,47.2746467590332,47.888984181355454,46.91384706903253,47.06011540396924,33996900
2018-05-08,MU,Micron,47.3624153137207,47.64520600527653,46.68957195919274,47.32340893146748,25205500
2018-05-09,MU,Micron,49.74174880981445,49.76125200093183,47.77197486505308,47.84023417403722,36489100
2018-05-10,MU,Micron,51.3507194519043,51.37022264025424,50.31707278847433,50.51210095212092,37146300
2018-05-11,MU,Micron,50.531612396240234,51.487246462400314,50.395093775339284,51.07769059969746,27646400
2018-05-14,MU,Micron,51.682273864746094,52.37462041432034,51.545755245940285,51.67252412905427,33376300
2018-05-15,MU,Micron,52.66716003417969,52.82318184182596,51.37997919113459,52.46238210911645,43307300
2018-05-16,MU,Micron,55.095252990722656,55.49505910256917,54.10061257884403,54.20787826833878,59011900
2018-05-17,MU,Micron,53.34000015258789,55.03673662469872,52.58914413866194,54.61742737380692,54832200
2018-05-18,MU,Micron,52.06257629394531,53.291251291097524,51.536001295165796,52.267354220186235,46088800
2018-05-21,MU,Micron,54.10061264038086,55.06600012707838,53.17423153533549,54.78320943988026,70858100
2018-05-22,MU,Micron,57.56235122680664,58.99580418834769,56.85050147389163,57.58185441837528,111262700
2018-05-23,MU,Micron,58.47897720336914,58.50823012808019,56.704227853738956,57.5818490737483,64066800
2018-05-24,MU,Micron,59.961185455322266,60.44875403410408,58.07917044363624,58.68375443976683,74725000
2018-05-25,MU,Micron,59.824668884277344,60.55602182281302,59.10306940137338,59.33710025858689,54715900
2018-05-29,MU,Micron,61.063087463378906,62.38927458628959,59.82466283300946,59.83441628765462,75591900
2018-05-30,MU,Micron,61.01433563232422,63.05237629326056,59.40535772941798,62.11624173382882,84737600
2018-05-31,MU,Micron,56.15814971923828,58.75201444034139,55.74859017387827,57.75737408144204,101882200
2018-06-01,MU,Micron,57.27955627441406,57.86463706060648,55.465800629423455,57.34781557547475,74761500
2018-06-04,MU,Micron,57.630615234375,57.689124813849574,55.21227508056549,56.00213766413037,64350500
2018-06-05,MU,Micron,57.93290328979492,58.64475302873772,57.367325624819195,58.313206218285266,41711300
2018-06-06,MU,Micron,57.94264221191406,58.10841744612916,56.85048974830391,57.786620431398326,36749000
2018-06-07,MU,Micron,58.14743423461914,58.771521468447446,57.10403769308994,58.36196189633929,42264700
2018-06-08,MU,Micron,59.863670349121094,60.06844826232316,56.77248730172302,57.17229339314981,57144900
2018-06-11,MU,Micron,59.863670349121094,60.99482931900078,59.55162675190277,60.175713946339414,42251500
2018-06-12,MU,Micron,59.044551849365234,60.312229360908056,58.449717611217096,60.30247962644708,43633300
2018-06-13,MU,Micron,58.556983947753906,59.74665243742248,58.52773102418925,58.80076823040056,33281400
2018-06-14,MU,Micron,57.70861053466797,59.06405043002114,57.21128855934181,59.04454724276789,43421900
2018-06-15,MU,Micron,56.78223419189453,57.630602446837536,55.87535637045953,57.074774584648715,45854100
2018-06-18,MU,Micron,56.996768951416016,57.14303729659766,55.456050420501334,56.167900115974135,36975600
2018-06-19,MU,Micron,57.776878356933594,57.98165627353518,55.69008537094828,56.20690688994843,43486600
2018-06-20,MU,Micron,57.484336853027344,59.60038272409927,57.338064789745,58.63499900996567,57497600
2018-06-21,MU,Micron,57.96215057373047,60.29273147552303,57.620854060838774,59.931928053491234,70419900
2018-06-22,MU,Micron,55.68033218383789,58.90803762900236,55.60232314278953,58.70325971141557,63497500
2018-06-25,MU,Micron,51.838294982910156,54.25663486622352,51.10694206062313,54.15912263119325,72196300
2018-06-26,MU,Micron,53.232730865478516,53.408255829287704,52.27709701799105,53.057205901669334,42277100
2018-06-27,MU,Micron,50.960662841796875,53.97383660786355,50.86315062044115,53.632540113265705,53007500
2018-06-28,MU,Micron,51.818790435791016,51.984565694827985,50.502356698067906,50.70713461818426,36878900
2018-06-29,MU,Micron,51.13619613647461,52.511139512482664,51.09719347349789,52.35511770101556,32582200
2018-07-02,MU,Micron,53.12546920776367,53.17422531920256,50.04403609468001,50.239064260288416,38934200
2018-07-03,MU,Micron,50.20006561279297,53.427771277034815,48.85437515472931,53.19373669829849,52190200
2018-07-05,MU,Micron,51.5262451171875,51.98456074991636,50.64862022895199,51.321467216550175,51136400
2018-07-06,MU,Micron,51.906558990478516,52.082084005305866,50.68763734298507,51.233715580209456,31841000
2018-07-09,MU,Micron,52.95970153808594,53.14497626297487,51.78953617915073,52.46237949360824,32579700
2018-07-10,MU,Micron,54.354148864746094,54.510170667090854,52.99870503955031,53.300998909029055,34852800
2018-07-11,MU,Micron,52.83293151855469,53.63254369053441,52.43312543256483,53.03770942897199,38699200
2018-07-12,MU,Micron,54.07136154174805,54.27613947256363,52.99870832917675,53.29125248160292,29647700
2018-07-13,MU,Micron,54.948974609375,55.183009152292264,53.944584577363486,54.12985928894388,28799000
2018-07-16,MU,Micron,54.753944396972656,55.758334323205844,54.66618191760308,55.19275307396805,25735200
2018-07-17,MU,Micron,55.54380416870117,55.709579397625085,54.120105001954904,54.441902006414665,24729100
2018-07-18,MU,Micron,56.02163314819336,56.70422993538343,55.50480790025561,55.826604963302884,33729700
2018-07-19,MU,Micron,54.82221221923828,56.128896159898396,54.285883806395915,55.82660230173752,39392100
2018-07-20,MU,Micron,53.65204620361328,54.74419876525507,53.46677148507454,54.6856929172181,32588100
2018-07-23,MU,Micron,52.9401969909668,53.22298765843181,50.92166337948747,52.17958748123837,42781500
2018-07-24,MU,Micron,51.84803771972656,54.0225967219298,51.62375663354902,53.632540394754095,39011500
2018-07-25,MU,Micron,52.06257629394531,52.871941983164206,50.99967656078814,51.32147363332673,39749200
2018-07-26,MU,Micron,52.42337417602539,53.37901190441633,52.12108402507304,52.26735237299582,28862500
2018-07-27,MU,Micron,52.61839294433594,53.27173668501318,51.78952796152945,53.105961456540356,30109700
2018-07-30,MU,Micron,51.6920166015625,52.90118825556789,51.116685557454375,52.84267868977875,25747800
2018-07-31,MU,Micron,51.47749328613281,52.871939769031094,51.45799009589994,52.44287702361428,29301700
2018-08-01,MU,Micron,50.98991775512695,52.247845455167315,50.87289862964459,51.350717425732554,28200000
2018-08-02,MU,Micron,52.07232666015625,52.21859500457083,50.102549119244394,50.41459271781923,28708000
2018-08-03,MU,Micron,51.49699401855469,52.072325083479285,50.96066561238116,51.9748091369691,22958900
2018-08-06,MU,Micron,51.36046600341797,51.49698831340747,50.219557454543036,50.92165731222151,28776900
2018-08-07,MU,Micron,51.721275329589844,52.11132795768425,51.38972854979043,51.623759382676475,21918600
2018-08-08,MU,Micron,52.06257629394531,52.19909491143926,51.155698369331695,51.526251559567655,18074700
2018-08-09,MU,Micron,50.960662841796875,51.53599387544238,50.63886953544073,51.34096943273093,34538400
2018-08-10,MU,Micron,50.09279251098633,50.65837382270758,49.75149600898412,49.975777098850266,31340800
2018-08-13,MU,Micron,50.063541412353516,50.76564135046189,50.005031844226814,50.32682888914416,24609500
2018-08-14,MU,Micron,49.361446380615234,50.48285570213028,48.76661206502134,50.443849319502036,32050200
2018-08-15,MU,Micron,46.30926513671875,48.62033915296071,45.96796490049035,48.59108622865798,57746200
2018-08-16,MU,Micron,45.928958892822266,47.10887768722958,45.79244028516846,47.001612004114996,33663000
2018-08-17,MU,Micron,45.93870544433594,46.182489698470725,44.485749652957495,45.0610806415097,34464200
2018-08-20,MU,Micron,46.87484359741211,47.40141856347205,45.31462560892313,46.221503477186445,33022900
2018-08-21,MU,Micron,48.6983528137207,49.11766212784348,47.654956256211484,47.68421290314443,38572900
2018-08-22,MU,Micron,48.99089431762695,49.390700418816216,48.63009087715252,49.127412929761846,26740400
2018-08-23,MU,Micron,48.46432113647461,48.99089613410766,48.17178071107402,48.8056176794664,26832000
2018-08-24,MU,Micron,49.439449310302734,49.55646471505484,48.67883987978244,48.67883987978244,24785500
2018-08-27,MU,Micron,50.775390625,51.1459437800711,49.897765710319234,50.07329069325539,29134100
2018-08-28,MU,Micron,51.03867721557617,51.253208573194904,50.19030895931114,51.116686251167486,26198800
2018-08-29,MU,Micron,50.541358947753906,50.8631522645115,50.02453374227516,50.79489296338556,31450800
2018-08-30,MU,Micron,51.448238372802734,52.34536655444971,50.12205487100165,50.27807667826374,32416600
2018-08-31,MU,Micron,51.214210510253906,51.90655708788793,50.92167006954903,51.389735518647534,29937300
2018-09-04,MU,Micron,50.63887405395508,50.99967376898884,49.449205504026345,50.84365196898615,28975100
2018-09-05,MU,Micron,48.30829620361328,50.31707638932531,47.84998054422318,50.11229847677559,39125100
2018-09-06,MU,Micron,43.539878845214844,47.245399578458944,42.964547730221575,47.00161527074745,94413400
2018-09-07,MU,Micron,43.74465560913086,45.30487364910591,43.53987768885661,44.017692836163185,47114300
2018-09-10,MU,Micron,43.78365707397461,44.251722433411786,43.286335072173806,44.12495356944355,33078300
2018-09-11,MU,Micron,42.51597213745117,42.66224417685567,41.297050875255294,42.564731963820996,48980700
2018-09-12,MU,Micron,40.70222473144531,41.131283721998145,39.66857805256678,40.21465617496819,66916000
2018-09-13,MU,Micron,42.53548049926758,43.38385247927006,41.24829978736726,41.24829978736726,59922100
2018-09-14,MU,Micron,43.198577880859375,43.452115639879146,42.379462471458986,43.013303149155135,40610300
2018-09-17,MU,Micron,42.496482849121094,43.21808232605501,42.1746857732981,42.50623258481874,28205300
2018-09-18,MU,Micron,44.20297622680664,44.72954754924996,42.78902637761086,42.83778249933755,36507400
2018-09-19,MU,Micron,43.9396858215332,44.91482307147519,43.72515443619288,44.64178211199113,29264700
2018-09-20,MU,Micron,44.914817810058594,46.04597673869082,44.768545751760556,45.24636458499492,75144100
2018-09-21,MU,Micron,43.62763977050781,44.46625463409765,42.71100842588255,43.29609297518971,97053400
2018-09-24,MU,Micron,44.03718185424805,44.51500056763243,42.76950463976064,43.101051331536,36918900
2018-09-25,MU,Micron,43.530120849609375,44.3297329979155,42.92553687110173,43.978683036248825,32547500
2018-09-26,MU,Micron,43.2473258972168,43.64713193169022,42.867023049772875,43.18882005598085,30299800
2018-09-27,MU,Micron,43.87142562866211,44.38824717037664,42.954794251458736,43.130319250503916,26952400
2018-09-28,MU,Micron,44.10545349121094,44.476006655172746,43.383854072807125,43.53987587028793,28080400
2018-10-01,MU,Micron,44.02744674682617,44.93432465439811,43.890924412044356,44.31023371209819,26693400
2018-10-02,MU,Micron,44.622276306152344,45.52915419305191,43.76415825477572,43.78366144501426,32397000
2018-10-03,MU,Micron,44.02744674682617,45.265867736451284,43.59838399150415,45.129349121522736,29505100
2018-10-04,MU,Micron,43.06206512451172,43.63739630843383,42.42822436058179,43.3936119715152,34579600
2018-10-05,MU,Micron,42.496482849121094,43.52037621062934,41.74562672538749,42.98405147077772,35367100
2018-10-08,MU,Micron,41.99916076660156,42.75976662593662,41.550598527499005,42.20393869490663,27426600
2018-10-09,MU,Micron,41.219051361083984,41.96990747825702,40.9362606702292,41.745626360637026,31576400
2018-10-10,MU,Micron,40.57546615600586,41.6871221515369,40.29267542876268,40.468200451199564,48452000
2018-10-11,MU,Micron,40.926513671875,41.85289113100394,40.399938637103425,40.91676021575687,48197000
2018-10-12,MU,Micron,41.4140739440918,42.662248245257274,40.87774556169772,42.49647672331935,32851100
2018-10-15,MU,Micron,41.28731155395508,41.49208948488142,40.59496499519264,40.985017665549464,27697300
2018-10-16,MU,Micron,42.13567352294922,42.272192122824826,41.248298903904875,41.638355234851936,28827400
2018-10-17,MU,Micron,41.29705810546875,42.31120166593472,41.06302726527084,42.252695815811805,27759000
2018-10-18,MU,Micron,40.273162841796875,41.1605374838756,40.11714104933863,40.994765956824374,33560800
2018-10-19,MU,Micron,39.444297790527344,40.946009868748106,39.268772808924766,40.63396256379122,28641400
2018-10-22,MU,Micron,38.77144241333008,39.68807350145651,37.67929010136572,39.55155492744248,34441200
2018-10-23,MU,Micron,37.71830749511719,38.1376167920575,36.479882794834545,37.20148596533863,46364200
2018-10-24,MU,Micron,34.549102783203125,37.347744816262455,34.519849864761945,37.05520447229375,53096500
2018-10-25,MU,Micron,35.865543365478516,36.236096525884996,34.18830998861561,34.705131490339596,39625700
2018-10-26,MU,Micron,34.51985549926758,35.01717379320395,33.44720243649541,34.402836366697805,41257400
2018-10-29,MU,Micron,33.79825973510742,35.299972117232045,32.97914422848069,35.241462538239524,34176400
2018-10-30,MU,Micron,35.11468505859375,35.1536914350522,33.632479951700425,33.77874828364043,35319500
2018-10-31,MU,Micron,36.78217697143555,37.09422058291267,34.90991158271952,35.67052114056663,44055400
2018-11-01,MU,Micron,39.12250900268555,39.20052177534245,36.58715340899604,37.035715692212015,43981400
2018-11-02,MU,Micron,39.31752395629883,39.922107861104465,38.654430491730395,39.19075510340568,33645700
2018-11-05,MU,Micron,38.927467346191406,39.2395146091909,37.806062025460626,39.10299230419317,22904000
2018-11-06,MU,Micron,38.81047058105469,39.55157714173637,38.576439671258335,38.75196471353272,19316600
2018-11-07,MU,Micron,39.9123649597168,40.02938037941997,38.96648070749562,39.31753068645825,22957200
2018-11-08,MU,Micron,39.434539794921875,40.3999270825652,39.33702758075094,39.65882086339703,15609300
2018-11-09,MU,Micron,38.13761901855469,38.99574085307128,37.4550221892768,38.89822489468675,26102800
2018-11-12,MU,Micron,36.50913619995117,37.572035919194484,35.92405535553514,37.28924895231026,24822400
2018-11-13,MU,Micron,36.908935546875,37.77681063881635,36.509129508502006,36.72366084806646,25870500
2018-11-14,MU,Micron,37.084468841552734,38.001100247501945,36.67491297750573,37.65979997427599,23706400
2018-11-15,MU,Micron,38.917724609375,39.171258638816624,36.68465957989746,37.00645663403623,30046100
2018-11-16,MU,Micron,38.459407806396484,38.72269528293343,37.37700869599306,37.4940241122807,25445700
2018-11-19,MU,Micron,35.914310455322266,38.34240037838886,35.7582849079616,38.225384937722154,31039100
2018-11-20,MU,Micron,35.221954345703125,36.070326381331796,33.20342065515095,33.25217677079723,38728600
2018-11-21,MU,Micron,35.475486755371094,36.29460202235108,35.465733301799034,36.08007068199718,22728400
2018-11-23,MU,Micron,35.4949951171875,36.56764453562455,35.026925993660726,35.03667944865466,11257800
2018-11-26,MU,Micron,35.6607551574707,36.850423333198556,34.64661191651752,36.811416965503746,26569700
2018-11-27,MU,Micron,36.0800666809082,36.518879046673476,35.124432928715066,35.19269221673942,21397300
2018-11-28,MU,Micron,37.74755859375,38.0303492630864,35.09518804643995,36.36286561123889,42293700
2018-11-29,MU,Micron,36.96745681762695,37.7475659542454,36.79193179690608,37.347759789237585,23631300
2018-11-30,MU,Micron,37.601295471191406,37.669554784320006,36.021570373448924,36.811432922320165,28176000
2018-12-03,MU,Micron,39.03473663330078,39.239518249870976,38.176618669955644,39.200511873395435,35830000
2018-12-04,MU,Micron,35.96305465698242,38.87871228943215,35.80703288119768,38.576422191266275,36616300
2018-12-06,MU,Micron,36.73341369628906,36.743167150652205,34.25656822701894,34.77338971267778,37494400
2018-12-07,MU,Micron,34.43209457397461,36.68465904040689,34.334578625736434,36.68465904040689,30619800
2018-12-10,MU,Micron,33.93477249145508,34.83190061476119,33.67148501134958,33.96402913581329,33979700
2018-12-11,MU,Micron,34.33457946777344,35.35847277033973,34.22731378200735,34.70513264045997,26238800
2018-12-12,MU,Micron,35.13418960571289,35.69977092667717,34.51985589206914,35.04642711521336,26642500
2018-12-13,MU,Micron,34.1493034362793,35.46573710071847,33.89576569418465,35.38772806304913,23825400
2018-12-14,MU,Micron,33.34968948364258,34.568610855706616,33.21317088514785,33.58372030396129,28922100
2018-12-17,MU,Micron,33.03765106201172,34.34433512542825,32.76461010259031,33.31068830157973,30891000
2018-12-18,MU,Micron,33.261924743652344,34.0712865455716,33.12540615440229,33.53496192215245,46135400
2018-12-19,MU,Micron,30.629060745239258,32.74511050318774,30.4925421259884,30.872845056716763,106669600
2018-12-20,MU,Micron,30.50229263305664,32.082015733420604,30.092734929993885,30.814336243023195,60427600
2018-12-21,MU,Micron,29.566162109375,31.253149161806775,29.36138417280402,30.892349408821683,54630500
2018-12-24,MU,Micron,28.298479080200195,29.595411348428147,28.278975891823492,29.11759439275747,23771800
2018-12-26,MU,Micron,30.121984481811523,30.14148767023141,27.684141727118423,28.610522717872367,45711000
2018-12-27,MU,Micron,31.13612937927246,31.214138416653714,29.478395486574545,29.65392047049862,39858300
2018-12-28,MU,Micron,30.785083770751953,31.477430349907333,30.619310358007784,31.20439310062995,29873400
2018-12-31,MU,Micron,30.941104888916016,31.594448789034008,30.677817381691163,31.194640800325868,21392100
2019-01-02,MU,Micron,31.935745239257812,32.25754232032807,29.985470720829852,30.229255035633347,26004300
2019-01-03,MU,Micron,30.229249954223633,31.350659101756925,30.09273135605843,31.02886207477939,29145500
2019-01-04,MU,Micron,31.886985778808594,32.218532560992465,30.765576560284387,30.87284224273403,28557300
2019-01-07,MU,Micron,33.1546630859375,33.593475547221985,32.481819791869974,32.86212268503218,44841500
2019-01-08,MU,Micron,32.901126861572266,33.729991895300145,31.994249075569744,33.69098551916282,33434100
2019-01-09,MU,Micron,34.558860778808594,35.38772962472339,34.051788992095034,34.100548827624806,54147900
2019-01-10,MU,Micron,35.017173767089844,35.05618014458401,34.2078118932768,34.38333315229475,24437400
2019-01-11,MU,Micron,35.11468505859375,35.816784955434755,34.139547966249154,34.53935402531633,30469800
2019-01-14,MU,Micron,33.80800247192383,34.05178675413794,33.408196397886805,33.856762304249,34612000
2019-01-15,MU,Micron,33.14491653442383,34.3540846329221,32.813369722928485,34.14930670460676,30633600
2019-01-16,MU,Micron,32.74510955810547,33.47646247142983,32.696349721334556,33.193671785512954,24890900
2019-01-17,MU,Micron,33.03765106201172,33.34969468433327,31.84798242700242,32.40381036175353,29398500
2019-01-18,MU,Micron,34.870906829833984,35.2902161498111,33.21317646138877,33.378948010291914,44872400
2019-01-22,MU,Micron,33.02790069580078,34.373591267845704,32.71585704429091,34.373591267845704,37021900
2019-01-23,MU,Micron,33.388702392578125,33.82751119648878,32.6085895859513,33.26193350352323,31011600
2019-01-24,MU,Micron,35.680274963378906,36.50914020384401,34.227318708612906,34.43210037448452,65094800
2019-01-25,MU,Micron,37.9913444519043,38.33264470410971,36.56764503144481,37.14297612873367,61032300
2019-01-28,MU,Micron,37.13322448730469,37.9913425016986,35.73877806409831,36.03131846536228,44213000
2019-01-29,MU,Micron,36.460384368896484,38.01085288069883,36.323865737141546,37.32825600207038,30331000
2019-01-30,MU,Micron,37.28924560546875,37.79631364119641,36.65540498102975,37.347751452747275,32848100
2019-01-31,MU,Micron,37.26973342895508,37.85481407976783,36.3531023642025,36.69440251038665,34130500
2019-02-01,MU,Micron,38.61543273925781,38.86897050164516,37.27949577851213,37.35750854227848,36839900
2019-02-04,MU,Micron,38.48866653442383,38.625185147460385,37.552531993874325,38.56667557622191,30851500
2019-02-05,MU,Micron,38.39113998413086,39.32727426625184,38.19611185369514,38.264374861222,25094000
2019-02-06,MU,Micron,40.48768997192383,40.916748926400174,39.36628089837652,39.39553753880513,47472600
2019-02-07,MU,Micron,38.400901794433594,40.029379040323676,37.942586146136215,39.79534820874633,40396400
2019-02-08,MU,Micron,37.62079620361328,37.815820674169615,36.51889008967398,36.8601866330009,35573200
2019-02-11,MU,Micron,37.62079620361328,37.9035831738613,36.431127589982296,37.640295674786245,30356500
2019-02-12,MU,Micron,39.395538330078125,39.756337997222126,38.264379500236615,38.41064782590722,43587900
2019-02-13,MU,Micron,40.64372253417969,41.22880342008555,39.78560067764467,39.83435679816124,50101700
2019-02-14,MU,Micron,41.1800422668457,42.086920133065306,40.28291785544955,40.360926894771644,41759200
2019-02-15,MU,Micron,40.94601058959961,41.345816672543386,40.390178991504094,41.21904780140911,28968400
2019-02-19,MU,Micron,40.9167594909668,41.4335847803189,40.46819723367167,40.66322543419019,25575900
2019-02-20,MU,Micron,41.16054153442383,42.184434880681735,41.08253249044442,41.25805748921473,28048700
2019-02-21,MU,Micron,40.49745559692383,41.80413987995713,40.39018988624994,41.41408714642502,24048800
2019-02-22,MU,Micron,41.51158905029297,41.51158905029297,40.78998962724598,41.0337739198692,22834300
2019-02-25,MU,Micron,41.68709945678711,42.896270761976076,41.63834335928754,42.720745835096196,25233700
2019-02-26,MU,Micron,41.89189147949219,42.07716992050375,41.23855136815452,41.297057217018754,18051500
2019-02-27,MU,Micron,40.292667388916016,41.696863568369245,39.99037352840355,41.56034496034849,29522200
2019-02-28,MU,Micron,39.86360549926758,40.1268929613931,38.81045565076549,39.200511976844666,25777900
2019-03-01,MU,Micron,40.54621124267578,41.501845362623385,40.08789551540923,40.60471710072435,26755800
2019-03-04,MU,Micron,40.03913879394531,41.102038597530736,39.62957919447252,40.83875108069542,27047800
2019-03-05,MU,Micron,38.995731353759766,39.658821109979456,38.52766230724196,39.24926534409207,28798800
2019-03-06,MU,Micron,36.98695373535156,38.46916270336327,36.587147638179886,38.40090339798174,44890400
2019-03-07,MU,Micron,36.88944625854492,37.357511721415655,36.21659913328717,36.606655545606266,31567800
2019-03-08,MU,Micron,37.689048767089844,37.854820281365356,35.660761901596025,35.97280546246389,34080900
2019-03-11,MU,Micron,38.05959701538086,38.56666871636172,37.86457258564808,37.94258161357068,25164700
2019-03-12,MU,Micron,38.274139404296875,38.42041148868787,37.8645835197679,38.19612663399405,18623500
2019-03-13,MU,Micron,37.86457443237305,38.73244583451031,37.679296007296955,38.420402267895845,22786300
2019-03-14,MU,Micron,37.45500946044922,38.644677709465725,37.386750172704225,37.7768064339775,19757300
2019-03-15,MU,Micron,38.556922912597656,38.84946330686556,37.47452010593878,37.620792162999194,30702000
2019-03-18,MU,Micron,38.62519073486328,39.40529986495841,38.176628450040305,38.615437278319355,22296600
2019-03-19,MU,Micron,39.36628341674805,40.029376937810355,38.89821805832515,38.93722443482359,32407300
2019-03-20,MU,Micron,39.13225555419922,39.73683955619473,38.63493351589967,39.49305526443894,41714400
2019-03-21,MU,Micron,42.89628982543945,43.11081749374576,40.614468481792684,40.66322460095987,84985400
2019-03-22,MU,Micron,40.585205078125,42.39896068009174,40.516945778683485,42.38921094582274,46605600
2019-03-25,MU,Micron,39.54180145263672,40.93624754902016,39.06398644385904,40.312160513966454,34516000
2019-03-26,MU,Micron,39.31752395629883,40.61445796548055,39.10299262368772,40.14638892708313,24689600
2019-03-27,MU,Micron,38.2546272277832,39.83434825688842,38.04009587968583,39.3760363584796,26856700
2019-03-28,MU,Micron,38.361900329589844,38.94698120332811,38.04985670094898,38.420409904905064,24584500
2019-03-29,MU,Micron,40.30241394042969,40.487688631029506,39.2200112767331,39.24926419634033,35716900
2019-04-01,MU,Micron,41.19954299926758,41.69686128986075,40.682721520043884,41.219046187898094,28073000
2019-04-02,MU,Micron,41.38481903076172,41.72611926289661,40.71197574089756,41.0337727837802,21438100
2019-04-03,MU,Micron,42.80852508544922,43.73490246076553,42.46722482941135,42.46722482941135,39097200
2019-04-04,MU,Micron,41.82362747192383,42.252690154553605,41.199540355210665,41.30680602586811,37038400
2019-04-05,MU,Micron,42.24293899536133,42.45747034832848,41.65785822162726,42.22343580692314,21119400
2019-04-08,MU,Micron,41.8333854675293,42.06741630177992,41.07277595658217,41.13128552507135,24546800
2019-04-09,MU,Micron,40.6827278137207,41.5408459270984,40.243915301281284,41.48234007200878,29055900
2019-04-10,MU,Micron,41.12153625488281,41.38482376009642,40.47794581542293,40.65347081889866,23252200
2019-04-11,MU,Micron,41.22879409790039,41.6676065230373,41.08252576942323,41.15078506668311,18163900
2019-04-12,MU,Micron,40.96551513671875,42.12593087044594,40.7704906583123,41.78463059352769,21740400
2019-04-15,MU,Micron,40.780242919921875,41.18004907718175,40.17565881574069,41.121539498124065,16932300
2019-04-16,MU,Micron,41.69686508178711,41.86264034029574,41.03377520731223,41.209296481243115,19337500
2019-04-17,MU,Micron,42.07718276977539,42.954804249419084,41.69687603675685,42.281960743040166,22092000
2019-04-18,MU,Micron,42.32095718383789,42.44772234518559,41.72612287957157,42.125928994264015,16193600
2019-04-22,MU,Micron,42.32095718383789,42.486728727071025,41.47258511716954,42.06741942143586,19447900
2019-04-23,MU,Micron,41.70661163330078,42.38920830504411,41.65785552528753,42.291692369165006,21489400
2019-04-24,MU,Micron,41.960147857666016,42.32095125982168,41.326310980091,41.755369961211905,19637000
2019-04-25,MU,Micron,41.68709945678711,43.539860920585035,41.62858990787655,42.53546745680533,28346200
2019-04-26,MU,Micron,41.05327606201172,41.2288010617138,39.75634547516117,40.45844547396949,26092400
2019-04-29,MU,Micron,41.063018798828125,41.550587288541394,40.69246570508737,41.08252198479894,13452800
2019-04-30,MU,Micron,41.014278411865234,41.306818873833976,40.54621292874449,40.81925019726814,16342700
2019-05-01,MU,Micron,40.85824966430664,41.86263977757311,40.84849620930907,41.37507118358307,17673300
2019-05-02,MU,Micron,41.50183868408203,42.125925868528626,40.594960831729,40.95576053776474,17046800
2019-05-03,MU,Micron,42.252689361572266,42.30144546917808,41.35556135824456,41.43357410629591,16577000
2019-05-06,MU,Micron,41.08252716064453,41.23854894821533,39.980621193508554,40.370677522361966,25776000
2019-05-07,MU,Micron,39.25901794433594,40.88749883296613,38.74219647254359,40.64371455836932,35094100
2019-05-08,MU,Micron,38.76170349121094,39.483306652059454,38.595931953633404,38.86896917780967,26190100
2019-05-09,MU,Micron,38.29364013671875,38.64469014082122,37.25024357999941,38.12786487040219,27844400
2019-05-10,MU,Micron,37.97184371948242,38.31314399378074,36.71391947606175,38.0401030303714,30368100
2019-05-13,MU,Micron,36.45063018798828,37.035711029845196,36.138586576350825,36.431126997279286,33092100
2019-05-14,MU,Micron,37.55252456665039,37.65004049942759,36.47012561171708,37.0747095155258,24004000
2019-05-15,MU,Micron,37.45500946044922,37.73780006387973,36.8211689658432,36.95769126118538,17532300
2019-05-16,MU,Micron,36.38236999511719,37.04546358367461,36.17758835758241,36.74316971482093,29479200
2019-05-17,MU,Micron,35.1634521484375,36.35311711719925,34.90991436896854,35.699776915978426,31096300
2019-05-20,MU,Micron,33.75924301147461,34.32482427565085,33.47645609923906,33.88601186721283,34489500
2019-05-21,MU,Micron,34.75387954711914,34.98791404676518,34.27606453512624,34.412583109981355,32501300
2019-05-22,MU,Micron,33.86650848388672,34.56860833331796,33.76899626917796,34.32482407669351,20902400
2019-05-23,MU,Micron,32.97914505004883,33.05715782398229,32.14052632953313,33.0474043673137,32186700
2019-05-24,MU,Micron,33.1546630859375,33.505713054965085,32.7548570034012,33.3106848810772,19706000
2019-05-28,MU,Micron,32.12101364135742,33.45695410117204,32.062507798054945,33.3009323192776,26758400
2019-05-29,MU,Micron,32.462310791015625,32.589075919473885,31.370154700705072,31.51642673489827,28796100
2019-05-30,MU,Micron,32.491573333740234,33.466710597585624,32.20878263446024,32.59883902793978,20957600
2019-05-31,MU,Micron,31.799224853515625,32.66709637087887,31.71146235626242,31.78947139834681,18607300
2019-06-03,MU,Micron,31.87724494934082,32.394070376758656,31.662717219329274,32.130782793701535,21174500
2019-06-04,MU,Micron,33.632476806640625,33.70073609913342,32.27703325035631,32.53057095377451,25076000
2019-06-05,MU,Micron,32.511077880859375,34.51986206727885,32.21853743347978,34.32483386240792,27070300
2019-06-06,MU,Micron,32.637847900390625,32.97914448082418,32.121022581636424,32.43306623227675,21088100
2019-06-07,MU,Micron,33.14491653442383,33.18391919706482,32.394060410747514,32.715853766692575,21430400
2019-06-10,MU,Micron,34.071285247802734,34.65636967639907,33.66172949565248,33.7397385208872,21728000
2019-06-11,MU,Micron,33.97378158569336,35.09519089947954,33.88601908531137,34.909912443199026,19208600
2019-06-12,MU,Micron,32.14052200317383,33.25217784311168,31.916240888085778,33.16441534417694,28746500
2019-06-13,MU,Micron,32.550079345703125,32.803613369814926,32.189275919280306,32.25753894254242,16586700
2019-06-14,MU,Micron,31.847970962524414,32.02349590187735,31.43841525060228,31.643193106563345,19715000
2019-06-17,MU,Micron,31.623695373535156,32.03325115605698,31.340904731401878,31.730961046058308,20050000
2019-06-18,MU,Micron,33.43745040893555,34.022531152248575,32.08201050170668,32.08201050170668,33727300
2019-06-19,MU,Micron,33.096160888671875,33.82751391374154,32.87187974069964,33.82751391374154,20436400
2019-06-20,MU,Micron,33.30093765258789,34.38333684541501,33.17416877204202,33.97378099729447,21691500
2019-06-21,MU,Micron,32.423309326171875,33.04739648945405,31.916237576041873,32.862121775308694,38858200
2019-06-24,MU,Micron,32.36479949951172,33.232674656318494,32.19902797553306,32.37455295377687,27306000
2019-06-25,MU,Micron,31.867477416992188,33.037642559472,31.799218124667338,32.52081742063072,39590500
2019-06-26,MU,Micron,36.11907958984375,36.67490744715117,34.81239570848792,34.97816723231338,100271600
2019-06-27,MU,Micron,37.12347412109375,37.37701188450732,35.60225870017234,35.933805507814704,51612400
2019-06-28,MU,Micron,37.63054275512695,38.42040518551865,37.10396780153249,38.38139880676654,61402700
2019-07-01,MU,Micron,39.112754821777344,40.67297289909559,38.75195508887,40.13664816750828,60928000
2019-07-02,MU,Micron,38.61543273925781,39.03474204486869,38.05960481690912,38.634935930199404,29774500
2019-07-03,MU,Micron,38.60567855834961,38.781203536759264,38.1961190354428,38.63493148146692,13479700
2019-07-05,MU,Micron,38.439910888671875,38.57643323644349,37.83532679938347,37.98159888349769,18408000
2019-07-08,MU,Micron,39.405296325683594,39.60032452065392,37.97184337048313,38.0596058722271,28148500
2019-07-09,MU,Micron,40.321922302246094,40.380431874220626,39.083501314204554,39.13225743092337,28254700
2019-07-10,MU,Micron,41.8333854675293,42.90603485085957,40.99476691844964,41.18004163888581,51625500
2019-07-11,MU,Micron,42.398963928222656,42.45747349787751,41.38482037332384,42.14542989942451,30392400
2019-07-12,MU,Micron,43.403350830078125,43.58862926040638,42.281945393222465,42.66224826832364,33257800
2019-07-15,MU,Micron,43.29609298706055,44.14446130595737,42.623245941165486,43.57887994679069,26623300
2019-07-16,MU,Micron,41.98940658569336,43.00354638416032,41.86263771594012,42.95479027113307,31238900
2019-07-17,MU,Micron,42.29169464111328,42.66224777765513,41.54083863384422,41.93089495860961,19539300
2019-07-18,MU,Micron,43.559383392333984,43.812921185016556,42.418474484823705,42.525740187892964,26456600
2019-07-19,MU,Micron,44.38824462890625,44.856310026276326,43.52037313879175,44.007941726033884,39328400
2019-07-22,MU,Micron,46.01671600341797,46.25075053191442,45.15859807858711,45.34387277875119,46042800
2019-07-23,MU,Micron,45.78269577026367,45.96797051322495,45.08059574244663,45.61692049931643,29354400
2019-07-24,MU,Micron,46.796836853027344,47.03086770285199,45.655924370609,45.7826932508451,33169900
2019-07-25,MU,Micron,46.58230209350586,47.48917994043102,46.40677710894918,47.19663953945423,28127800
2019-07-26,MU,Micron,46.30926513671875,46.933352320864,45.91920878670145,46.74807388067192,19676200
2019-07-29,MU,Micron,45.65592575073242,45.80219782618442,44.71004142781054,45.704681869265286,21939500
2019-07-30,MU,Micron,46.28001403808594,46.494545428287076,45.05134271205552,45.714436354628596,21301600
2019-07-31,MU,Micron,43.77390670776367,45.62666880776964,43.335094239882984,45.5486560491006,34493900
2019-08-01,MU,Micron,42.51597213745117,44.81729607565338,41.77486964677117,43.88116543905155,37906500
2019-08-02,MU,Micron,42.98405456542969,43.30584794456693,41.1702985671085,41.579854453256566,31954100
2019-08-05,MU,Micron,40.897247314453125,41.45307514591956,40.33166974903671,41.34581319305897,35172900
2019-08-06,MU,Micron,41.56034469604492,42.11617257936785,40.65346684012792,41.60910081004897,26857000
2019-08-07,MU,Micron,40.71198654174805,41.88215216835591,39.688093013411404,40.96552062958366,35604600
2019-08-08,MU,Micron,41.57009506225586,41.69686020527761,40.63396063160525,41.04352014248729,18567500
2019-08-09,MU,Micron,40.48768997192383,41.189789824569274,39.85384941385751,40.99476167440637,22900300
2019-08-12,MU,Micron,41.08252716064453,41.345814624642664,39.95136827079304,40.029377304652016,23969200
2019-08-13,MU,Micron,43.071815490722656,43.9591940611346,41.45308761872036,41.56035332370879,33040200
2019-08-14,MU,Micron,40.9947624206543,42.07716513990202,40.62420930058467,41.81387769036723,24657200
2019-08-15,MU,Micron,41.18980026245117,41.50184389384558,40.46819703994315,41.28731250231686,16104000
2019-08-16,MU,Micron,42.46722412109375,42.78902118114616,41.492086925569886,41.57984942196116,17914100
2019-08-19,MU,Micron,43.89092254638672,44.241972524054304,43.237582425613354,43.55937575857323,22613400
2019-08-20,MU,Micron,43.13032150268555,43.85192472753573,42.94504675839798,43.734905575492874,13191000
2019-08-21,MU,Micron,43.071815490722656,43.88118128665072,42.808531676474125,43.695906527032236,14973800
2019-08-22,MU,Micron,43.6666374206543,44.31998120110045,42.95478779588801,43.393600227552916,20599000
2019-08-23,MU,Micron,41.89189147949219,43.85191925321131,41.59935107561184,42.79876933541839,27519900
2019-08-26,MU,Micron,42.35020446777344,42.68175122991922,42.08691700490595,42.65249830732933,12282800
2019-08-27,MU,Micron,41.38481903076172,42.71100614109079,41.29705653905309,42.62324364938216,19122100
2019-08-28,MU,Micron,42.07718276977539,42.184444765399185,40.721738579472174,41.05328546374313,11545700
2019-08-29,MU,Micron,43.559383392333984,44.09571190768028,42.81828064726582,42.89629342035392,18674100
2019-08-30,MU,Micron,44.14446258544922,44.788053004620274,43.92993120577443,43.99819051387944,16391500
2019-09-03,MU,Micron,43.87142562866211,44.202972435763755,43.33509717610553,43.491118984161986,17108100
2019-09-04,MU,Micron,45.64616394042969,46.31900712584776,45.246357922453306,45.29511402808898,26978100
2019-09-05,MU,Micron,47.81097412109375,48.40580838830741,46.69931834557782,46.70907180036829,33075500
2019-09-06,MU,Micron,47.75246810913086,48.26928961567296,47.489180628481186,47.64520242591954,19565700
2019-09-09,MU,Micron,47.908485412597656,48.7568536240982,47.6451979566452,48.30829146352115,19474400
2019-09-10,MU,Micron,48.16202926635742,48.69835402195837,47.294157689499855,48.142526074536036,23111300
2019-09-11,MU,Micron,49.22491455078125,50.11228905823555,48.600827475629096,48.776352430497184,31012900
2019-09-12,MU,Micron,49.1859130859375,49.84900659940711,48.85436632920269,49.53696303069821,19671300
2019-09-13,MU,Micron,49.24443054199219,49.683243043267744,48.81537149621907,49.25418027764127,14733000
2019-09-16,MU,Micron,48.90312576293945,48.99088824841851,47.801219827447525,48.29853809859366,17495300
2019-09-17,MU,Micron,49.57597732543945,49.644236634506676,48.688602587712204,48.932386897196096,13776500
2019-09-18,MU,Micron,49.22491455078125,49.89775773120735,48.45455543995489,49.73198622930548,15247100
2019-09-19,MU,Micron,48.58132553100586,50.024527859138196,48.51306623790755,49.89775900630457,16633600
2019-09-20,MU,Micron,47.937740325927734,49.195668094453026,47.55743744703703,49.088402416847366,23195000
2019-09-23,MU,Micron,48.36680221557617,48.942133295521,48.24978679656201,48.308296365995645,16198500
2019-09-24,MU,Micron,47.303897857666016,48.65934151619549,46.85533569606199,48.503319733035276,24959000
2019-09-25,MU,Micron,48.24003219604492,48.464313276472964,46.67006091319587,47.26489512295634,23571800
2019-09-26,MU,Micron,47.391658782958984,48.503318136211846,46.93334690243154,48.15226820569543,33341000
2019-09-27,MU,Micron,42.13567352294922,44.7782941915496,41.84313313466535,44.75879472286982,75941400
2019-09-30,MU,Micron,41.78462600708008,42.38921372730926,41.521342246159755,41.930898069682996,31423100
2019-10-01,MU,Micron,41.24830627441406,42.26244994020775,40.71198151341759,42.028415355850164,28087300
2019-10-02,MU,Micron,40.93626403808594,41.60910744630125,40.72173263842874,40.780242216477156,26408500
2019-10-03,MU,Micron,42.37945556640625,42.408712207589794,40.72172182702406,40.95575635722911,23627100
2019-10-04,MU,Micron,43.44235610961914,43.510615407536,42.213685027262926,42.62324081476408,21860000
2019-10-07,MU,Micron,43.06206512451172,43.617893115097885,42.96455287768578,43.19858375800955,14911600
2019-10-08,MU,Micron,41.579856872558594,42.75002246083711,41.560353678771,42.515987855239864,20664600
2019-10-09,MU,Micron,41.81388854980469,42.301457200787034,41.76513242867718,42.106428996423375,12784000
2019-10-10,MU,Micron,42.203941345214844,42.70126345359025,41.550601136778994,41.80413519919423,15572600
2019-10-11,MU,Micron,43.97868347167969,44.680783401964504,43.17907131545663,43.28633699590048,27483700
2019-10-14,MU,Micron,43.74465560913086,44.20297128580932,43.68614603768683,43.842167841684336,12443300
2019-10-15,MU,Micron,45.30487823486328,45.39264074098602,43.920185049208506,44.08595660529946,17767700
2019-10-16,MU,Micron,44.03718185424805,45.392621537730456,43.95917283728139,44.84654725940778,16646900
2019-10-17,MU,Micron,44.368743896484375,44.97332793659182,44.154212515862596,44.632031394560194,11718700
2019-10-18,MU,Micron,42.389217376708984,43.86167298500219,42.155182800366276,43.715404629659716,26215300
2019-10-21,MU,Micron,44.095699310302734,44.17370834125125,42.82801814875196,42.86702452415256,15473700
2019-10-22,MU,Micron,43.54962158203125,44.56376503189529,43.51061520630124,44.17370871430059,13802400
2019-10-23,MU,Micron,43.54962158203125,43.70564336509859,42.85727515216075,42.95478737163306,13959200
2019-10-24,MU,Micron,45.928958892822266,45.987468461753785,44.446753678421196,44.758797273016484,25760200
2019-10-25,MU,Micron,46.835838317871094,47.069872881568266,45.7534354354964,46.10448542111556,19855300
2019-10-28,MU,Micron,47.479434967041016,47.53794454562912,47.03087269075996,47.29416021462589,15240000
2019-10-29,MU,Micron,46.913848876953125,47.94749187514312,46.865092763428635,47.58669217123829,12183600
2019-10-30,MU,Micron,46.6895637512207,47.13812590871597,46.084976092141666,47.021110502380836,12932800
2019-10-31,MU,Micron,46.36777114868164,46.68956819655759,45.3048714969855,46.10448366947033,15445800
2019-11-01,MU,Micron,47.1771354675293,47.33315725978841,46.075229467282036,46.2995105611637,18311700
2019-11-04,MU,Micron,48.3570442199707,48.65933803062525,48.02549748952304,48.16201607502752,16021500
2019-11-05,MU,Micron,47.46967697143555,48.48382050472618,47.40141766821916,48.38630455737918,13682600
2019-11-06,MU,Micron,46.494537353515625,47.099121315620316,45.93870950257452,46.95285298212956,21803600
2019-11-07,MU,Micron,47.196632385253906,47.85972584420931,46.806576096508685,47.31364778393649,19253600
2019-11-08,MU,Micron,46.01671600341797,46.81632808601419,45.782685194774146,46.37751938984386,18518800
2019-11-11,MU,Micron,45.109840393066406,45.57790947229358,44.71003433277667,45.55840628400471,14635900
2019-11-12,MU,Micron,45.73393630981445,46.494542137820936,45.51940493479592,45.63642035760002,15170700
2019-11-13,MU,Micron,45.14884567260742,45.39262994051551,44.671030590625094,45.34387383090444,15423600
2019-11-14,MU,Micron,45.63641357421875,45.66567021546099,44.63202359474821,44.973320077135476,11797400
2019-11-15,MU,Micron,46.523799896240234,47.313662451884994,46.163000135201635,46.41653419758869,17859200
2019-11-18,MU,Micron,46.631046295166016,47.20637721538889,46.28974986785247,46.75781513381907,12631200
2019-11-19,MU,Micron,45.421905517578125,46.98212399467027,45.129361298250856,46.91386466878838,18384000
2019-11-20,MU,Micron,44.4370002746582,45.343878134945356,44.10545349003868,45.00258161541926,24660700
2019-11-21,MU,Micron,44.41749572753906,45.03183316376422,43.92017742573496,44.173711443941315,14192900
2019-11-22,MU,Micron,44.72953796386719,45.22685997052451,44.6125225528284,44.788047529313005,11253700
2019-11-25,MU,Micron,46.338523864746094,46.36777679271265,44.79780518104691,44.95382699662437,18803600
2019-11-26,MU,Micron,45.55840301513672,46.484780213345964,45.38287805298385,46.46528074630902,12849300
2019-11-27,MU,Micron,46.96261215209961,47.06987785012291,45.938718732533395,46.17274960108097,15409400
2019-11-29,MU,Micron,46.328758239746094,46.757820909772946,46.260498945851374,46.74806745644368,7343600
2019-12-02,MU,Micron,45.23661804199219,46.7578335452693,45.197611657839396,46.387280335524835,16053800
2019-12-03,MU,Micron,44.10545349121094,44.271228743451644,43.44235992195426,43.99818780797043,20321400
2019-12-04,MU,Micron,45.14884567260742,45.44138605012659,44.5930178393652,45.031830265570306,16921700
2019-12-05,MU,Micron,45.460899353027344,46.221508967636666,45.100099597803904,45.548661857795594,13003800
2019-12-06,MU,Micron,46.73833084106445,47.12838724695686,46.14349649601264,46.26051192983893,20468100
2019-12-09,MU,Micron,45.29511642456055,46.58229702467694,45.27561323730392,46.3872688719633,16540500
2019-12-10,MU,Micron,46.28001403808594,46.72857629045787,45.5584145398969,45.87045816936029,19263100
2019-12-11,MU,Micron,48.035247802734375,48.11326054959443,46.504282984204686,46.562792544349726,22081300
2019-12-12,MU,Micron,49.702735900878906,50.053785828913654,48.093758304003835,48.132764678197155,36590800
2019-12-13,MU,Micron,49.92702102661133,51.019173553735286,49.43945246916366,49.75149604834194,30039700
2019-12-16,MU,Micron,51.62376022338867,52.949947364183764,51.379975931914664,51.44823523593914,38629600
2019-12-17,MU,Micron,51.682273864746094,52.65741110747715,51.34097731773157,52.647661371785325,28344800
2019-12-18,MU,Micron,51.721275329589844,52.384368889188664,51.067931504755855,51.6822689508245,39099100
2019-12-19,MU,Micron,53.17422866821289,53.91533500023049,52.559894929655904,53.64229406324096,55792900
2019-12-20,MU,Micron,53.69105529785156,54.53942361597434,53.271746006397656,53.53503349543987,44285000
2019-12-23,MU,Micron,54.02260208129883,54.71494859686049,53.769064327526294,53.85682682385476,23693800
2019-12-24,MU,Micron,54.04209899902344,54.25663036210469,53.671549560786936,54.07135564298644,8621900
2019-12-26,MU,Micron,53.739810943603516,54.26638591708231,53.54478276233139,54.07135773581018,13537400
2019-12-27,MU,Micron,52.68665313720703,54.149358698771714,52.55013454663741,53.86657178395719,17176700
2019-12-30,MU,Micron,51.887046813964844,52.54039063822468,51.350722125898216,52.433124956640754,15271500
2019-12-31,MU,Micron,52.442874908447266,52.559894045124786,51.46773775525276,51.5945066267269,13296400
2020-01-02,MU,Micron,54.012847900390625,54.110363850474684,53.154726138916615,53.48627292949614,20173200
2020-01-03,MU,Micron,53.17422866821289,53.93483819000497,52.65740715867518,52.81342895701787,16815800
2020-01-06,MU,Micron,52.238094329833984,52.7939221811655,51.83828826624723,52.413619306028444,18768700
2020-01-07,MU,Micron,56.821250915527344,56.94801980608221,53.98360152141413,54.00310471379592,49908200
2020-01-08,MU,Micron,56.08988952636719,56.93825780851464,55.641327328436624,56.645717406379624,29730800
2020-01-09,MU,Micron,55.88511276245117,57.02602147012122,55.07574712277158,56.869999671127374,22376100
2020-01-10,MU,Micron,55.26102828979492,56.0703940238427,54.87097560675858,56.0411410955747,19122800
2020-01-13,MU,Micron,56.02163314819336,56.34342649138741,55.446302048685716,55.59257039746366,16163000
2020-01-14,MU,Micron,56.08988952636719,56.850495315888836,55.056242804313555,56.36292673904613,26454300
2020-01-15,MU,Micron,54.7734489440918,55.699829930062364,54.45165563645737,55.612067442552465,21638600
2020-01-16,MU,Micron,56.245914459228516,56.401936263726036,55.348786293477836,55.38779267456553,22732700
2020-01-17,MU,Micron,56.226409912109375,56.67497212423562,55.59256925421342,56.57745989372232,20549200
2020-01-21,MU,Micron,57.503841400146484,57.70861931769301,55.84610742984638,55.94361966110095,24821700
2020-01-22,MU,Micron,57.698875427246094,58.752025554668734,57.38683177168097,58.040175732919934,22604400
2020-01-23,MU,Micron,57.72811508178711,59.0543020874269,57.56233984615579,58.83002100851027,26146100
2020-01-24,MU,Micron,56.323917388916016,58.52772932310653,55.81684936921929,58.50822613467929,28555300
2020-01-27,MU,Micron,54.032352447509766,54.59793381264329,53.26199316183612,53.77881841062961,27310100
2020-01-28,MU,Micron,55.06599807739258,55.368288224311534,53.866579785133936,54.85146670614443,18544900
2020-01-29,MU,Micron,53.92509078979492,55.76809965210149,53.91534105373955,54.59793789307437,19278300
2020-01-30,MU,Micron,53.66179656982422,53.70080294887656,51.896800696015895,52.83293147415376,30783800
2020-01-31,MU,Micron,51.77002716064453,53.82756697215181,51.389724298774034,53.778810862654794,28550800
2020-02-03,MU,Micron,52.442874908447266,52.764671954530904,51.68226911930852,51.92605340760715,20471900
2020-02-04,MU,Micron,54.120113372802734,54.627185151687044,53.57403521403814,53.91533545821093,19998600
2020-02-05,MU,Micron,55.35853958129883,55.83635472869201,54.432158492459926,55.602323882579945,19795300
2020-02-06,MU,Micron,57.22105026245117,57.698865399558066,55.98262559222122,56.63596943991326,23358700
2020-02-07,MU,Micron,55.46580123901367,56.55795378784073,55.35853555906716,56.52870086416549,20891100
2020-02-10,MU,Micron,55.90461730957031,55.914367044808394,54.8027112350066,54.900223466800256,15929000
2020-02-11,MU,Micron,55.826602935791016,57.377071183587894,54.92947852567111,56.440940393935875,26776900
2020-02-12,MU,Micron,57.796382904052734,59.66864456240249,57.435583177780735,57.57210179205374,47180800
2020-02-13,MU,Micron,57.854896545410156,59.12257426406957,57.3965808339523,57.542849193882134,23679700
2020-02-14,MU,Micron,57.04552459716797,59.05430851187348,56.81149003900832,58.66425215489177,20920200
2020-02-18,MU,Micron,56.314170837402344,56.596961505800785,55.21226480802938,55.651077272810916,21513200
2020-02-19,MU,Micron,58.498477935791016,58.75201195229384,57.104031545393156,57.12353473433228,23335500
2020-02-20,MU,Micron,57.53309631347656,58.49848380360764,56.25566520872506,58.391218113609376,20797100
2020-02-21,MU,Micron,55.57307052612305,57.26980716677319,54.500417376886574,57.17229493495769,27038900
2020-02-24,MU,Micron,53.64229202270508,54.081104476305704,51.30196513659,51.98456187331842,33321100
2020-02-25,MU,Micron,50.80464553833008,54.07135731991583,50.268320833846786,53.47652304554499,41894200
2020-02-26,MU,Micron,51.06793212890625,52.920694224521405,50.59011700267648,51.340973063747754,28075600
2020-02-27,MU,Micron,49.32243728637695,51.535995274016,48.747106237118224,49.37119339837795,36349200
2020-02-28,MU,Micron,51.253204345703125,51.60425055668827,47.1868809399692,47.44041865439763,40121300
2020-03-02,MU,Micron,53.232730865478516,53.33024308099358,50.80463801268652,51.87729098261515,33272700
2020-03-03,MU,Micron,50.51210021972656,54.02259595490675,49.82950351678713,53.24248331163153,36893200
2020-03-04,MU,Micron,53.91532897949219,54.00309146375031,50.91190504697211,51.70176740529522,28222000
2020-03-05,MU,Micron,52.38437271118164,54.2273814640015,52.01381952558111,52.12108521508547,26223000
2020-03-06,MU,Micron,50.190311431884766,51.86754483818094,48.75685859872914,50.90216112104384,30313700
2020-03-09,MU,Micron,44.827056884765625,47.391664962971404,43.803159880622694,44.34923803484205,31260800
2020-03-10,MU,Micron,46.670066833496094,47.060119480299754,44.163964535336724,46.952857513329654,31652900
2020-03-11,MU,Micron,42.632999420166016,45.16835464305534,41.78462738093994,45.05133922103743,38483800
2020-03-12,MU,Micron,37.845069885253906,41.48233060035005,37.055207543212184,38.42040088800841,40117200
2020-03-13,MU,Micron,41.921146392822266,41.95039931604651,37.39650703487661,40.5364497491793,35264800
2020-03-16,MU,Micron,33.612979888916016,38.16686874807143,33.59347669887332,36.421372297707954,36879100
2020-03-17,MU,Micron,36.45063018798828,38.157120316566434,33.174168545941704,34.6076214443004,34869000
2020-03-18,MU,Micron,33.827510833740234,35.65102022184449,30.356022644935422,33.40820150662351,36519000
2020-03-19,MU,Micron,35.387725830078125,36.37261265260679,32.813364511931134,33.7982513344598,31015200
2020-03-20,MU,Micron,35.21220016479492,37.63053965008399,34.94891270972257,36.83092755090989,37667400
2020-03-23,MU,Micron,37.29900360107422,38.488672357265614,34.80265064836477,36.07033217800979,45286000
2020-03-24,MU,Micron,42.19418716430664,43.31559271435942,40.11714388310876,40.78023747785876,45588000
2020-03-25,MU,Micron,41.44334030151367,43.76416839995757,39.03474968657829,42.8182839133109,54091000
2020-03-26,MU,Micron,43.6764030456543,44.612534014170336,42.25270339938776,43.78366874993601,62450700
2020-03-27,MU,Micron,42.398963928222656,44.15421009948407,41.258055218851325,42.17468282432538,39791500
2020-03-30,MU,Micron,43.413108825683594,44.437002147262504,42.077171896001644,43.0718085719218,33763900
2020-03-31,MU,Micron,41.014278411865234,44.04695245542753,40.86800632095397,43.296099966987484,36723700
2020-04-01,MU,Micron,38.89822006225586,41.24830042949112,38.35214564255661,39.54181042822497,37452800
2020-04-02,MU,Micron,40.06839370727539,40.5559623804134,38.53742837121036,38.80071590108734,31457700
2020-04-03,MU,Micron,40.19515609741211,40.81924330283041,39.54181224684078,39.95137180030476,28522400
2020-04-06,MU,Micron,45.21711349487305,45.529157119037166,42.26244880113322,42.27219853695247,37899100
2020-04-07,MU,Micron,45.38288497924805,47.16738407367958,44.89531639215648,46.89434685526129,34646400
2020-04-08,MU,Micron,47.08937454223633,47.47942717592375,45.636418531143704,45.90945946656328,27694400
2020-04-09,MU,Micron,44.98308181762695,48.571587150028364,44.22247224270432,48.0742650756728,39799400
2020-04-13,MU,Micron,45.0220832824707,45.236614659415906,43.28634023585081,43.78366229697773,30449900
2020-04-14,MU,Micron,46.436038970947266,47.17714543057743,45.460901633431384,45.831454863246464,25738000
2020-04-15,MU,Micron,45.275611877441406,45.49989294437735,44.50525274327935,45.246358957361394,22389400
2020-04-16,MU,Micron,44.397987365722656,46.02646812474718,43.54961919920349,45.85094316341873,26589000
2020-04-17,MU,Micron,44.56376266479492,45.72417438222965,43.73489396389651,45.61690871459612,23388300
2020-04-20,MU,Micron,42.32095718383789,43.959188024493116,42.2234412291243,43.41310983765694,30463300
2020-04-21,MU,Micron,40.380428314208984,41.99915579759514,40.16589695573577,41.930896496236016,32482200
2020-04-22,MU,Micron,42.81827163696289,43.10106230011862,41.68711270419294,42.038162669509994,21346600
2020-04-23,MU,Micron,42.681758880615234,43.60814003382791,42.34045860319294,42.730515000288854,22273100
2020-04-24,MU,Micron,43.06206512451172,43.21808695134549,41.911402756667506,42.711015084172296,16581800
2020-04-27,MU,Micron,44.15421676635742,44.26148246699422,43.4716236165845,43.881179506448255,16667200
2020-04-28,MU,Micron,44.1834716796875,46.50429573744429,44.154215031665444,45.06109300342504,25234900
2020-04-29,MU,Micron,48.59109115600586,48.89338132406242,45.17811076674905,45.42189508026739,35743000
2020-04-30,MU,Micron,46.69931411743164,48.34729816162263,46.19224238997693,48.249782221812445,28585400
2020-05-01,MU,Micron,43.9396858215332,45.75343798174845,43.41311081379971,45.20736350248711,28194000
2020-05-04,MU,Micron,43.3546028137207,43.57888394296787,42.525737609117975,43.091315300294845,21377100
2020-05-05,MU,Micron,44.28097915649414,45.78269130515283,43.98843874671919,44.319985536424966,21007500
2020-05-06,MU,Micron,44.934326171875,45.94846608267269,44.77830064114093,44.924572716277424,22011900
2020-05-07,MU,Micron,45.43163299560547,46.31900751713973,45.18784874551526,45.94845441544393,16372100
2020-05-08,MU,Micron,47.050376892089844,47.255154841756834,46.11424593373752,46.11424593373752,17437100
2020-05-11,MU,Micron,47.001609802246094,47.518431284110726,46.260503509910855,46.55304762101065,17353500
2020-05-12,MU,Micron,44.55402374267578,47.352670587852344,44.50526761962768,47.31366420147236,26738900
2020-05-13,MU,Micron,42.44771957397461,44.73929414211825,41.882141952972916,44.72954068735699,35117500
2020-05-14,MU,Micron,44.5930290222168,44.64178514405473,41.45308567378601,41.98941417356418,27543500
2020-05-15,MU,Micron,43.305843353271484,43.666643079462276,42.16493460294387,42.20393726426078,28803900
2020-05-18,MU,Micron,44.778297424316406,45.00258224870755,43.83241689123921,44.69053864936308,20307800
2020-05-19,MU,Micron,43.99818801879883,45.08059087144423,43.90067578985097,44.6417784014727,17389500
2020-05-20,MU,Micron,45.48039245605469,45.87044877290857,44.94406781027015,45.353623595099265,17876500
2020-05-21,MU,Micron,44.095699310302734,45.41213286132522,43.64713343290117,45.34387356430051,17445300
2020-05-22,MU,Micron,43.82266616821289,44.18346962482781,43.14007307700275,44.0274478154293,13385400
2020-05-26,MU,Micron,44.661285400390625,45.52915695954774,44.31998885011089,45.07084498057972,24303900
2020-05-27,MU,Micron,48.22052764892578,48.34729650641261,42.80851778981235,44.80754798932329,56071500
2020-05-28,MU,Micron,45.31462097167969,47.57693868340238,44.924564654547055,47.48917619804018,38289300
2020-05-29,MU,Micron,46.71882247924805,46.826088164991965,45.06108851741743,45.46089461528366,26337000
2020-06-01,MU,Micron,45.1878547668457,46.48478521581972,45.16835157785737,46.30926395463063,21809100
2020-06-02,MU,Micron,45.65592575073242,45.68517867788146,44.43700418814377,45.33413239253279,23035600
2020-06-03,MU,Micron,47.70370864868164,48.19127723447693,46.2702595359436,46.845590615976164,34662100
2020-06-04,MU,Micron,49.946529388427734,50.68763203577149,47.39166720449192,47.6452049637421,34830800
2020-06-05,MU,Micron,52.38437271118164,53.45702216651864,51.28246660970953,51.35072591760262,34110700
2020-06-08,MU,Micron,52.36486053466797,53.28148802612168,50.9314078751843,53.14496943376183,22850600
2020-06-09,MU,Micron,51.82854080200195,52.16983731518815,51.14594405577655,51.34097222896281,17840800
2020-06-10,MU,Micron,51.16545104980469,51.97481300691122,50.28782606513178,51.60425982228786,18766700
2020-06-11,MU,Micron,47.31365966796875,49.81976209501933,47.001616046535844,49.16641820524497,29897600
2020-06-12,MU,Micron,47.479434967041016,49.224931669789,46.18250426042777,49.039656917373875,24293600
2020-06-15,MU,Micron,48.0157585144043,48.4935736707271,45.92896173176222,46.18249949295062,18092300
2020-06-16,MU,Micron,49.75149917602539,50.853405226688466,48.620340200429354,49.888017785516666,20987200
2020-06-17,MU,Micron,49.692989349365234,50.229314049530636,49.28343352300904,50.02453613635253,13905100
2020-06-18,MU,Micron,49.22491455078125,49.770992601465586,48.776352430497184,49.2444177368613,13220200
2020-06-19,MU,Micron,49.566219329833984,51.438480729137744,49.48820657826996,49.88801263040374,28081500
2020-06-22,MU,Micron,49.878273010253906,50.12205732854478,48.99089824046927,49.82951317071294,15952200
2020-06-23,MU,Micron,48.60083770751953,49.624731013241146,48.337550219787715,49.42970283123389,23194200
2020-06-24,MU,Micron,47.08937454223633,48.85437042836705,46.826087061574455,48.41556168045033,19346500
2020-06-25,MU,Micron,47.96698760986328,48.08400672795946,46.104476091802134,47.04061043730938,14971900
2020-06-26,MU,Micron,47.28440475463867,48.12301962710357,46.94310450063421,47.927995161790435,16929700
2020-06-29,MU,Micron,47.92799758911133,47.92799758911133,46.39703239577719,47.47943162455501,24666200
2020-06-30,MU,Micron,50.23907470703125,51.16545589641378,49.70274992997409,50.4926087711452,47852100
2020-07-01,MU,Micron,48.46432113647461,50.278076981752896,48.3765586368691,50.2390705997386,25218400
2020-07-02,MU,Micron,48.59109115600586,49.48821564422372,48.249790885168125,49.244431330705375,18562400
2020-07-06,MU,Micron,49.65398406982422,50.151306121249746,49.22492504415684,49.4882125325845,16321000
2020-07-07,MU,Micron,47.869483947753906,49.33218970653247,47.79147118842289,49.26393040204439,19797900
2020-07-08,MU,Micron,48.47407150268555,48.51307788520731,47.74271856974272,48.32780314800901,15311900
2020-07-09,MU,Micron,48.73735809326172,49.137164206997674,47.51843656115777,48.610589212363976,18510800
2020-07-10,MU,Micron,49.439449310302734,49.44919904409347,48.17177188590577,48.76660236330967,18128700
2020-07-13,MU,Micron,48.23027420043945,50.98016019000928,48.15226517626175,50.034279847685035,23296400
2020-07-14,MU,Micron,48.47407150268555,48.55208426772907,46.75783159011521,47.85973771730801,17455200
2020-07-15,MU,Micron,49.25417709350586,49.39069942274066,48.181527688489965,48.961636684851804,15911400
2020-07-16,MU,Micron,48.8543701171875,49.03964855787298,48.006001831471664,48.581332903360114,14014000
2020-07-17,MU,Micron,48.24003219604492,49.1761628934453,48.05475377145235,49.059147486233435,15003800
2020-07-20,MU,Micron,49.93678283691406,50.044048540668385,48.30830524676406,48.42532068728977,17604200
2020-07-21,MU,Micron,50.23907470703125,51.350730646348836,49.95628399408803,50.336586950185776,16650200
2020-07-22,MU,Micron,50.365840911865234,50.48285634137831,49.75150339717806,50.297581601328154,11412600
2020-07-23,MU,Micron,51.33121109008789,52.85242614939078,50.287814797569084,50.453590021909356,33399900
2020-07-24,MU,Micron,48.776363372802734,50.00503461266247,48.41556364901227,50.00503461266247,25348000
2020-07-27,MU,Micron,50.307315826416016,50.42433121985087,49.23466666024985,49.34192860098464,15991700
2020-07-28,MU,Micron,48.84461212158203,49.995274070755165,48.79585601590909,49.98552061770913,15614400
2020-07-29,MU,Micron,49.13716506958008,49.37119964458787,48.54233075629475,49.13716506958008,14714800
2020-07-30,MU,Micron,49.47846984863281,49.488219585214466,47.88899495635654,48.50333251690445,17644300
2020-07-31,MU,Micron,48.815372467041016,49.439459716887484,48.035259684879506,49.361446950729956,17433200
2020-08-03,MU,Micron,49.13716506958008,49.36144618904197,48.77636533130255,49.13716506958008,15143500
2020-08-04,MU,Micron,50.02452850341797,50.2000534650321,49.039641747563174,49.09814758819953,15753100
2020-08-05,MU,Micron,49.78075408935547,50.00503520245721,49.37119824452271,49.81976047072619,13198600
2020-08-06,MU,Micron,47.48918151855469,48.78611203659649,47.11862834774854,48.75685911148261,32204700
2020-08-07,MU,Micron,47.537933349609375,47.95724259776851,46.85533663959314,47.479423784801305,13637300
2020-08-10,MU,Micron,47.92799758911133,48.43506568842991,47.06987576283153,47.635453436619215,15881500
2020-08-11,MU,Micron,46.57255935668945,48.50333463114457,46.4457941763338,47.7914810744822,21532800
2020-08-12,MU,Micron,47.2746467590332,47.518431037113935,46.47503462451663,47.17713453574206,17176600
2020-08-13,MU,Micron,44.99283218383789,46.05573193664429,44.78805425381136,45.987472626635444,41051700
2020-08-14,MU,Micron,44.46625518798828,44.93432432120576,44.17371476961729,44.46625518798828,18167300
2020-08-17,MU,Micron,44.095699310302734,44.797795468250136,43.62763396505357,44.758792812702225,17303800
2020-08-18,MU,Micron,43.29609298706055,44.03719561922899,42.9547927365745,43.93968338757765,20118100
2020-08-19,MU,Micron,42.95478439331055,43.58862493549064,42.759756248035714,43.19856864494097,19455500
2020-08-20,MU,Micron,41.921146392822266,42.57448647718304,41.19954328785009,41.61885254671111,22445400
2020-08-21,MU,Micron,41.59934616088867,41.98940246654826,41.34581216610677,41.784620860158036,15476700
2020-08-24,MU,Micron,42.6719970703125,42.73050663437775,41.82362885055657,42.04790993302755,14972200
2020-08-25,MU,Micron,43.97868347167969,44.40774619345506,43.49111490228256,43.764155830644974,21524900
2020-08-26,MU,Micron,43.8421745300293,44.68079324939636,43.57888699814519,44.46626184122698,15328900
2020-08-27,MU,Micron,43.5106201171875,43.71540175295668,42.584239048232355,43.44236081188215,13777000
2020-08-28,MU,Micron,44.55402374267578,44.65153970862573,43.30584913734648,43.51062708606074,13459100
2020-08-31,MU,Micron,44.37847900390625,44.68077278424393,44.01767938984987,44.22245724756954,13241800
2020-09-01,MU,Micron,44.622276306152344,44.65153295143675,43.93968324706939,44.39799519818892,14079800
2020-09-02,MU,Micron,46.64082336425781,46.99186970159893,45.12935742690636,45.27562952402229,24636200
2020-09-03,MU,Micron,45.1781120300293,46.64081795203986,44.710042861514815,46.5725549200808,20632800
2020-09-04,MU,Micron,45.324371337890625,45.78268695893646,43.77390322143313,45.04158069001754,20608500
2020-09-08,MU,Micron,43.91041946411133,45.080584649240116,43.42285094696205,43.871416809827345,20893600
2020-09-09,MU,Micron,44.02744674682617,44.73929646742021,43.34484995233017,44.73929646742021,17529100
2020-09-10,MU,Micron,43.75440216064453,44.80755205088489,43.5788771789378,44.33948667295127,13744700
2020-09-11,MU,Micron,44.944068908691406,45.32437178099944,43.84216294852372,44.10545041085686,18365500
2020-09-14,MU,Micron,47.81097412109375,48.35705227391433,47.09912443536606,47.147880549759144,26715400
2020-09-15,MU,Micron,47.83047866821289,48.425312952307486,47.489182137922484,48.14252227300789,14456000
2020-09-16,MU,Micron,48.961639404296875,49.94653008928751,47.74271786732561,47.88898993970349,23542200
2020-09-17,MU,Micron,49.71249008178711,50.01478392904974,47.59644431050741,47.937740815599966,20556900
2020-09-18,MU,Micron,49.47846984863281,50.87291281073896,48.72761365681953,50.219572584010734,25549000
2020-09-21,MU,Micron,47.92799758911133,48.54233138169656,46.69932256423402,48.37655983381423,21257500
2020-09-22,MU,Micron,48.46432113647461,48.54233018064988,47.56719294941237,48.04501182945421,10845300
2020-09-23,MU,Micron,48.6105842590332,50.326827684471304,48.40580635527103,49.74174317676848,19160000
2020-09-24,MU,Micron,48.24003219604492,49.10790359591732,47.86947906671249,48.2887883057288,13842300
2020-09-25,MU,Micron,47.91823196411133,48.366794094897244,46.59204503843775,48.33754117501849,17773000
2020-09-28,MU,Micron,48.48381805419922,48.53257416548192,46.933349908351296,48.40580530026463,18904000
2020-09-29,MU,Micron,49.4492073059082,50.10255117462573,48.35705466609237,48.47407009039503,35676600
2020-09-30,MU,Micron,45.792442321777344,48.045010607806795,45.66567716323414,47.73296699933344,55392600
2020-10-01,MU,Micron,46.72856903076172,46.982106765219825,45.88020077745047,45.92895688950691,24460000
2020-10-02,MU,Micron,45.39262771606445,46.33851181954796,45.343871608842655,45.69492153260365,20277500
2020-10-05,MU,Micron,46.41652297973633,46.54329184021942,45.8119390387329,45.821692492536904,16933700
2020-10-06,MU,Micron,46.14348602294922,47.615945087132076,46.045973803534984,46.36776710348413,17926200
2020-10-07,MU,Micron,47.20638656616211,47.781717600348166,47.11862407891838,47.216136300365726,13889300
2020-10-08,MU,Micron,48.65934753417969,48.75685976576995,47.02111674846156,47.7719728352368,14569700
2020-10-09,MU,Micron,48.649593353271484,49.34193985885105,48.08401572275046,48.99089359845169,13933700
2020-10-12,MU,Micron,49.41994857788086,49.57597036525184,48.834867805202904,49.322436355718814,13108800
2020-10-13,MU,Micron,50.56085205078125,51.438476840262254,50.3560741731865,50.599858423614286,22179400
2020-10-14,MU,Micron,50.34633255004883,50.95091654694172,50.07329161608667,50.71688199209603,15899400
2020-10-15,MU,Micron,50.648624420166016,50.67788106543012,49.06890321047178,49.497962235862516,14000600
2020-10-16,MU,Micron,50.32682418823242,51.24345168414597,50.29757126682803,50.85339909262757,14225400
2020-10-19,MU,Micron,51.32147216796875,52.65740909796944,50.024537899100324,50.67788176112103,24176200
2020-10-20,MU,Micron,52.1990852355957,52.852428995164466,51.43847952491661,51.81878238025616,17343400
2020-10-21,MU,Micron,51.98457336425781,52.618410408584936,51.857804467450876,51.97481990765909,12922200
2020-10-22,MU,Micron,53.0279541015625,53.48626598799137,51.7602766738154,51.96505456263592,14842600
2020-10-23,MU,Micron,51.5359992980957,52.774423982855886,51.07768734567653,52.745171057341715,16175700
2020-10-26,MU,Micron,50.84366226196289,51.57501529500575,50.12206268581211,51.09720006320259,11678900
2020-10-27,MU,Micron,50.66811752319336,51.0191674376489,50.258561769563514,50.736376815465,8964800
2020-10-28,MU,Micron,48.75685501098633,49.58572005823196,48.33754576030362,49.48820783615112,15463700
2020-10-29,MU,Micron,49.22491455078125,49.64422375187143,48.15226535534503,48.47405862603494,12420700
2020-10-30,MU,Micron,49.08840560913086,49.17616810380163,48.07426205290266,48.766608555387,15955700
2020-11-02,MU,Micron,48.47407150268555,49.52722151165283,48.210784000443724,49.52722151165283,13103200
2020-11-03,MU,Micron,49.81000518798828,50.307323475592376,48.76660506171756,48.88362419279735,11429500
2020-11-04,MU,Micron,50.66811752319336,51.194692394876675,49.66372760560856,50.443836460036195,13554400
2020-11-05,MU,Micron,53.22298812866211,53.41801258533052,51.467738259821814,51.565254208009094,16373600
2020-11-06,MU,Micron,53.78856658935547,54.03235088385397,52.97920466594407,53.105969820789035,13922600
2020-11-09,MU,Micron,54.56867218017578,56.39218126744768,54.48090969084262,55.065994193014625,20968500
2020-11-10,MU,Micron,54.032352447509766,54.549173976450014,53.00845912495598,53.75931522012295,14502100
2020-11-11,MU,Micron,54.958740234375,55.5243179485737,54.46141811548704,54.578437272786374,14765500
2020-11-12,MU,Micron,54.85145950317383,55.5535593751673,54.50040956717709,55.192755985474726,13785600
2020-11-13,MU,Micron,56.48969650268555,56.7432305299123,55.339034345576934,55.37804072510508,14318800
2020-11-16,MU,Micron,60.32199478149414,60.37075090317676,58.12793582709365,58.23520152670759,31397200
2020-11-17,MU,Micron,60.448753356933594,60.65353126496322,58.800769198406485,59.483365945024914,17703600
2020-11-18,MU,Micron,59.229820251464844,60.49749754831014,59.12255459129638,59.970922700129826,18734500
2020-11-19,MU,Micron,60.29273223876953,60.4292508456544,58.16693293765447,58.547235833934614,12723600
2020-11-20,MU,Micron,59.87342071533203,61.08258866221383,59.82466088340134,59.951429750685904,14115700
2020-11-23,MU,Micron,62.58429718017578,62.89634074364129,60.751038454926395,61.05333228446916,20612600
2020-11-24,MU,Micron,62.36002731323242,62.691574124005434,61.326380498504015,62.691574124005434,22625600
2020-11-25,MU,Micron,61.85295486450195,62.408782788624876,61.05334263261096,62.07723598126617,12468500
2020-11-27,MU,Micron,62.633060455322266,63.18888831581679,61.93095681911716,62.24300411960373,7500200
2020-11-30,MU,Micron,62.49654006958008,63.627702801555735,61.99922545024854,62.95485574754585,20373500
2020-12-01,MU,Micron,65.41219329833984,66.92365122039719,63.52042509272586,63.627690760448615,36160400
2020-12-02,MU,Micron,67.3917236328125,67.66476082258608,65.10015300183528,65.9290180249923,23298900
2020-12-03,MU,Micron,68.16210174560547,69.35177049410387,67.82080516358728,68.81544197971279,20462300
2020-12-04,MU,Micron,71.51654052734375,72.53068385073739,68.78616152408813,69.3419892894409,31860800
2020-12-07,MU,Micron,70.80471801757812,71.57507735633797,69.70281557691776,71.46781166108616,17460600
2020-12-08,MU,Micron,71.37029266357422,71.72134264393766,70.1903775672384,70.20987703738913,15431100
2020-12-09,MU,Micron,69.63455963134766,72.75499608121633,69.02021835799012,71.33129648598204,18367300
2020-12-10,MU,Micron,69.50775909423828,70.16109905100268,67.9377880437001,68.396103590587,15610600
2020-12-11,MU,Micron,68.77642059326172,69.54677981877924,67.67451831458031,68.63014853581052,15322000
2020-12-14,MU,Micron,69.76130676269531,70.40489335916108,69.26398477471807,69.62478816830242,13573700
2020-12-15,MU,Micron,71.33128356933594,71.54581493136226,70.53167140886889,70.99973307173907,11538300
2020-12-16,MU,Micron,71.17525482177734,72.50144187250466,70.82420487071978,72.34542380520443,13889300
2020-12-17,MU,Micron,70.46342468261719,71.90662374703787,69.97585602361151,71.7603516613947,11988100
2020-12-18,MU,Micron,69.68330383300781,71.62382478941264,69.29324746275041,70.89247188506994,23912500
2020-12-21,MU,Micron,69.69303894042969,69.9173162724814,67.91828999070934,68.25958643494316,13180400
2020-12-22,MU,Micron,68.68866729736328,69.99534758474144,68.02557369847851,69.73206381210926,11154200
2020-12-23,MU,Micron,68.2108383178711,69.29324111227653,68.15233247159159,68.71791378464603,8524000
2020-12-24,MU,Micron,68.82518005371094,68.88368590049289,68.02556790896553,68.56188886378044,4848500
2020-12-28,MU,Micron,68.90319061279297,70.31713642279404,68.71791218428177,70.00509285039422,8345200
2020-12-29,MU,Micron,68.46439361572266,69.62480946267466,67.42099693105655,69.23475302809597,9403400
2020-12-30,MU,Micron,70.1318588256836,70.84371218600317,68.62040077633432,68.66915316777454,11620300
2020-12-31,MU,Micron,73.31080627441406,73.79837481642541,70.57067344901607,70.59017291722608,23214500
2021-01-04,MU,Micron,72.20890045166016,76.65552295264996,71.91635636514023,74.57848374541501,31155900
2021-01-05,MU,Micron,75.339111328125,76.73355799149584,74.13968915261704,74.53949902435546,33418200
2021-01-06,MU,Micron,75.19281768798828,76.49949774945952,74.20792719527752,74.46146490858732,22390900
2021-01-07,MU,Micron,77.14310455322266,78.08898882838551,76.10946150104375,76.11920751646348,27945300
2021-01-08,MU,Micron,75.4951171875,82.06754700647821,75.15382066923404,80.48782212802503,51272100
2021-01-11,MU,Micron,76.71401977539062,77.80617580500272,74.51996170354533,74.68573319455572,19920800
2021-01-12,MU,Micron,77.48440551757812,77.64043104969524,75.88518101191195,77.22112173176406,18231000
2021-01-13,MU,Micron,77.92322540283203,78.3912871417299,76.5970380764427,76.98708704562188,15067700
2021-01-14,MU,Micron,79.27867126464844,80.16604240390664,77.57218086482877,78.02074316287359,17639300
2021-01-15,MU,Micron,78.71308135986328,79.84423672060903,77.55266563176215,78.9081058373242,14322600
2021-01-19,MU,Micron,83.37419891357422,83.54972384045409,78.94707681534047,79.25912030315985,26602500
2021-01-20,MU,Micron,81.4239730834961,85.08073834173693,81.16068925837425,83.79355726842448,21191700
2021-01-21,MU,Micron,82.89641571044922,82.98417448766045,80.45857270294036,81.91152505229783,14696200
2021-01-22,MU,Micron,80.23429107666016,82.8379057271165,80.18553867838709,81.98954108803902,14229500
2021-01-25,MU,Micron,79.25914764404297,81.42395334242202,76.92857041301122,81.12166320173696,19283400
2021-01-26,MU,Micron,77.53316497802734,79.94175518045975,77.04559635210035,79.75647672190131,13678000
2021-01-27,MU,Micron,73.22303771972656,75.66088035159449,72.48193891622653,75.40735007446804,23513400
2021-01-28,MU,Micron,76.44099426269531,78.18649050940294,74.81251714259065,75.28057876959173,18351400
2021-01-29,MU,Micron,76.3239974975586,77.39665453975694,75.03681648662818,76.411763728151,17934400
2021-02-01,MU,Micron,78.4302978515625,79.07388463796394,76.52878298298141,77.61117860376076,14900200
2021-02-02,MU,Micron,79.5906982421875,79.70770994080577,77.93296059460224,79.23964826692031,11386200
2021-02-03,MU,Micron,77.14310455322266,80.47807199454836,77.00658594028229,79.81497840039239,17456000
2021-02-04,MU,Micron,79.22988891601562,79.31764768344851,76.99682407718724,77.18210250581973,11519700
2021-02-05,MU,Micron,79.08360290527344,79.9807270882001,78.71305355311789,79.73694285764148,10958000
2021-02-08,MU,Micron,81.9212646484375,81.97001703651614,79.61018719000069,79.71745285936096,12394800
2021-02-09,MU,Micron,81.24842071533203,81.91151422329933,80.3512963927014,81.27767363720176,10362500
2021-02-10,MU,Micron,80.30254364013672,82.34058417323664,79.2786540859339,81.91152144211958,9869200
2021-02-11,MU,Micron,84.32986450195312,84.48588257822452,81.91152108224475,82.30157743248236,18750400
2021-02-12,MU,Micron,85.82181549072266,86.12410560128335,83.33521298990703,83.96905357243901,14273900
2021-02-16,MU,Micron,85.55854034423828,87.00174674960451,84.88570069985533,87.00174674960451,10312800
2021-02-17,MU,Micron,83.91058349609375,85.14900482762681,82.78917390125788,84.53467089084077,10033500
2021-02-18,MU,Micron,86.33863830566406,86.52391673232026,83.82278284354472,84.36885722985073,19168100
2021-02-19,MU,Micron,88.698486328125,89.2153078975242,86.60193968269773,88.00613975027824,21886500
2021-02-22,MU,Micron,84.13482666015625,88.26940582513976,83.78377671372594,87.30402219230919,16077000
2021-02-23,MU,Micron,86.0363540649414,86.98223085160473,80.39030907059427,83.12068862826128,23203200
2021-02-24,MU,Micron,90.21968078613281,90.29769353928828,85.54878064646006,86.1046084932079,21281700
2021-02-25,MU,Micron,85.92909240722656,90.78527147805502,85.4025174285151,89.24455292253329,22546200
2021-02-26,MU,Micron,89.25431060791016,90.62925769077482,86.03636217176404,87.50881405122213,22787600
2021-03-01,MU,Micron,92.40399169921875,93.36937532441632,90.26843911527047,92.18946035146251,19908900
2021-03-02,MU,Micron,88.82524108886719,92.5405187590686,88.63997008589148,91.24358453970773,18679600
2021-03-03,MU,Micron,86.89447021484375,91.00955009215659,86.19237029117063,88.31816953131161,26424100
2021-03-04,MU,Micron,82.23332214355469,87.51856400015126,79.81497860578997,86.60193264830156,31971100
2021-03-05,MU,Micron,86.71895599365234,87.09925892621071,81.22893595105575,85.35376235486774,30329100
2021-03-08,MU,Micron,82.9354248046875,87.48931390617163,82.75989980481604,86.36790459808773,22708300
2021-03-09,MU,Micron,87.07975769042969,87.93787577527976,84.15434599789171,85.81207631444724,22301400
2021-03-10,MU,Micron,83.2864761352539,87.77210599955814,83.18895645843965,87.77210599955814,23407800
2021-03-11,MU,Micron,87.0895004272461,87.97687884496551,84.6906638224455,85.41226326298559,20716500
2021-03-12,MU,Micron,85.5877914428711,86.32889782112876,84.28111112513118,85.39276697266433,21916400
2021-03-15,MU,Micron,86.64093780517578,86.69945109555017,83.99831691421124,85.58778785491282,16144400
2021-03-16,MU,Micron,89.15679168701172,92.32598748724826,87.86961092111929,88.49369811429706,28539000
2021-03-17,MU,Micron,92.40399169921875,93.11583760073118,87.85984933952534,89.05927122029635,24616700
2021-03-18,MU,Micron,87.5868148803711,91.15582027230862,87.18701253411089,90.65849826333086,27081000
2021-03-19,MU,Micron,88.25965881347656,90.37570448242609,86.67993407239194,88.11338676416597,24963400
2021-03-22,MU,Micron,89.01051330566406,90.12216900458773,87.42104251081494,89.54684168659463,19365800
2021-03-23,MU,Micron,83.27669525146484,89.00074426513468,82.8573860742711,88.75696003280586,32043800
2021-03-24,MU,Micron,80.9363784790039,84.98319889089522,80.85836572626589,84.89543268413856,24232800
2021-03-25,MU,Micron,81.99928283691406,82.33083335056922,78.48879043653683,79.12263109875782,23630200
2021-03-26,MU,Micron,85.80230712890625,85.94857917465846,81.94076529545639,82.06753787363745,23949100
2021-03-29,MU,Micron,84.43711853027344,86.05584969907108,83.63750640006293,85.57803459972358,21772800
2021-03-30,MU,Micron,84.38837432861328,85.05146792336328,83.13044644564462,84.11533710248796,13897000
2021-03-31,MU,Micron,86.016845703125,86.86521768805584,84.55414000202722,85.26599338336541,25372300
2021-04-01,MU,Micron,90.11241912841797,92.03343288391342,88.9812565697332,90.68774642175549,39700600
2021-04-05,MU,Micron,91.41911315917969,92.31623760411888,90.17093872453272,91.59463815403356,19795100
2021-04-06,MU,Micron,91.16556549072266,93.7106739195468,90.35620735105697,91.50686198813658,22847000
2021-04-07,MU,Micron,91.62389373779297,92.70629666417341,90.23920064916983,91.90668442880023,17621500
2021-04-08,MU,Micron,92.92081451416016,93.99346382885871,91.4483554201463,92.63802386433593,17815600
2021-04-09,MU,Micron,92.93057250976562,93.00857782686622,90.99004424265867,91.99443430749879,14080200
2021-04-12,MU,Micron,93.2133560180664,94.54929658355694,92.39424438821655,92.82330711225562,18818300
2021-04-13,MU,Micron,89.85888671875,94.41277526450523,89.12753388181993,93.89595378342757,27102100
2021-04-14,MU,Micron,88.41567993164062,90.22943555046257,87.2845247532829,89.3810710266207,19117400
2021-04-15,MU,Micron,88.02564239501953,89.67362684263347,87.22603009209644,89.46884889868203,16017000
2021-04-16,MU,Micron,88.40595245361328,89.0592926684289,87.8403710259935,88.19142105419148,12358700
2021-04-19,MU,Micron,86.2118911743164,88.42544954386523,84.36887485608206,88.41569608787051,21361600
2021-04-20,MU,Micron,85.30498504638672,86.73843013684035,84.37860046500255,86.1826023638917,17396900
2021-04-21,MU,Micron,87.2650375366211,87.33329685209998,84.18360744395063,84.8954535282722,14781300
2021-04-22,MU,Micron,82.6038818359375,86.16313455702456,81.81402298408278,86.00710901410112,34044100
2021-04-23,MU,Micron,83.89105224609375,84.31036154028403,82.46735282481444,83.12069296422294,18118600
2021-04-26,MU,Micron,85.65603637695312,86.10460597462345,83.96905341761824,84.3201033568439,14757700
2021-04-27,MU,Micron,87.23577117919922,87.94762459365515,85.84132471502357,87.10900602416734,17681000
2021-04-28,MU,Micron,83.89105224609375,85.57804287798668,83.22795865155345,85.48053064578795,19433500
2021-04-29,MU,Micron,85.87056732177734,85.89982024329224,83.42297865209639,85.53902429166804,16463300
2021-04-30,MU,Micron,83.9300537109375,86.28013779972088,83.43273168423498,84.76867225019824,14548100
2021-05-03,MU,Micron,82.90615844726562,84.84668676109077,81.7847566599239,84.80768038174841,16300400
2021-05-04,MU,Micron,82.31134033203125,83.31573052734099,79.99050887365028,82.04804910353423,17850500
2021-05-05,MU,Micron,83.03292846679688,83.81303371034954,81.94077219817605,83.36447152137292,13172100
2021-05-06,MU,Micron,82.69161224365234,83.0036557546218,81.2093999867693,82.75987152918616,13716900
2021-05-07,MU,Micron,83.84229278564453,84.17383583512702,82.87690168100968,83.77403348488603,12746100
2021-05-10,MU,Micron,78.83982849121094,82.88664871030203,78.79107610285155,82.83788888223741,24862900
2021-05-11,MU,Micron,78.67406463623047,78.75207739284433,74.9100346862305,75.34884342269801,23227800
2021-05-12,MU,Micron,74.89053344726562,77.98171631791183,74.5102305673921,77.1723507265068,23472600
2021-05-13,MU,Micron,75.2708511352539,76.89932865300302,74.62725694134171,76.03145704463579,20153800
2021-05-14,MU,Micron,77.71842956542969,78.15724575627462,75.16357493840705,76.8310586083229,18241100
2021-05-17,MU,Micron,78.39127349853516,78.4205264221617,75.7876591398898,77.1333457046523,15011500
2021-05-18,MU,Micron,76.91881561279297,78.90809628894787,76.84081029507189,78.54730030533308,20893800
2021-05-19,MU,Micron,77.94271087646484,78.2742539286616,74.26644718030744,75.29033670006731,27300000
2021-05-20,MU,Micron,79.11288452148438,79.46393453601162,77.54291291198952,78.49855071591521,17123000
2021-05-21,MU,Micron,78.71308135986328,79.95150241512462,78.37178480445323,79.73697102609346,13076900
2021-05-24,MU,Micron,80.83885955810547,81.54095939514727,79.33714767103383,79.39565351088567,15730400
2021-05-25,MU,Micron,79.21039581298828,81.62873183508228,77.72818314422828,81.49221322607889,26272100
2021-05-26,MU,Micron,80.19529724121094,80.39032918393725,79.00562842955804,79.55171042948383,12609800
2021-05-27,MU,Micron,81.84326171875,82.64287388828141,80.28304375865287,80.4098089105118,22286500
2021-05-28,MU,Micron,82.04804229736328,82.62337710618883,81.15091787108942,82.12605505783222,11330300
2021-06-01,MU,Micron,82.05778503417969,83.62775629494666,81.54096358306485,82.80863729642655,11067200
2021-06-02,MU,Micron,82.24307250976562,82.71114166560321,81.37520094805417,82.29183234839488,10314200
2021-06-03,MU,Micron,79.9905014038086,81.97978213677924,79.85398279426508,81.59947923309285,14742100
2021-06-04,MU,Micron,81.67749786376953,82.27233217941166,80.79011939824522,80.90713854613945,12591100
2021-06-07,MU,Micron,81.9505386352539,82.1358171008135,80.59509839913514,81.1216734277989,9006400
2021-06-08,MU,Micron,78.52779388427734,82.86715868688287,78.02072583726114,82.85740523221735,29666500
2021-06-09,MU,Micron,76.70429992675781,78.55705475653096,76.56777386674574,78.17675182286537,21434900
2021-06-10,MU,Micron,77.30887603759766,78.83008768912676,76.5775231374846,77.42589517991006,22683300
2021-06-11,MU,Micron,77.36737823486328,78.75207864785524,77.24061308312507,78.07923163082353,12675700
2021-06-14,MU,Micron,78.4887924194336,78.92760863038322,77.39664349911068,77.52340865887487,14303000
2021-06-15,MU,Micron,80.13678741455078,80.84864095080358,77.93297492884889,78.63507500852083,22308600
2021-06-16,MU,Micron,78.4887924194336,81.04365460321539,78.12799641098687,80.67310513949248,18116400
2021-06-17,MU,Micron,78.63504791259766,79.4151604966917,77.38687372981119,77.71841674224292,16003900
2021-06-18,MU,Micron,75.03678894042969,77.30885992888291,74.23717690050813,76.93831054833068,39881500
2021-06-21,MU,Micron,75.15381622314453,75.3683475761361,73.82762916802002,74.93928487015296,19810100
2021-06-22,MU,Micron,75.7291488647461,76.33372909022728,75.1343146534333,75.68038903508223,16771800
2021-06-23,MU,Micron,77.0553207397461,77.88419312293526,76.12894358638786,76.15819650537952,16662200
2021-06-24,MU,Micron,78.57654571533203,78.88858927549434,77.93295168766304,78.43027366907042,15721000
2021-06-25,MU,Micron,79.9905014038086,80.78036013612552,79.07387007712538,79.54193919535045,19603800
2021-06-28,MU,Micron,81.30693817138672,81.52146954867823,80.11727702044503,80.5755852613692,18365500
2021-06-29,MU,Micron,80.86813354492188,81.75550458589774,79.83449042650625,81.46296787072514,18530800
2021-06-30,MU,Micron,82.86715698242188,83.27671279347706,81.35569144771539,82.7403843934958,40670800
2021-07-01,MU,Micron,78.11824035644531,80.20503333372064,77.92321589565009,80.19527987876899,53299000
2021-07-02,MU,Micron,78.33277893066406,78.878853422873,76.92857887674741,78.60581617676853,22685500
2021-07-06,MU,Micron,79.06411743164062,79.51267960248241,77.77693676409729,78.78132678138492,21126500
2021-07-07,MU,Micron,76.27523803710938,79.77597724641129,76.01194680939787,79.65896553605675,23026900
2021-07-08,MU,Micron,75.19281768798828,75.943669934703,74.07140860496575,74.35419923909875,23114500
2021-07-09,MU,Micron,76.78227996826172,76.98705783128572,74.82226009087285,75.48535350244296,15441100
2021-07-12,MU,Micron,77.5818862915039,77.74766521207243,75.77788458633775,76.79202781468665,12639300
2021-07-13,MU,Micron,76.49951171875,77.52340877276346,76.1582151806477,77.30887739461157,14263400
2021-07-14,MU,Micron,76.53851318359375,78.75207869083354,76.37274165283654,77.37713173174987,15952300
2021-07-15,MU,Micron,75.00755310058594,76.50926531062345,74.44197172803158,76.3922461660481,16616800
2021-07-16,MU,Micron,73.1450424194336,75.68039761559339,72.97926344360403,75.2415888576892,19132100
2021-07-19,MU,Micron,72.72571563720703,72.82322784442793,71.38002188256316,72.00410893642238,23436900
2021-07-20,MU,Micron,73.51559448242188,74.03241601910328,71.93586950639957,72.80374847745917,14855800
2021-07-21,MU,Micron,75.2708511352539,75.3196035367972,73.46684116488579,73.47659462107735,15945800
2021-07-22,MU,Micron,73.65210723876953,74.35420717225725,72.60871079308806,74.33470770286303,19042200
2021-07-23,MU,Micron,74.05189514160156,74.14940733915053,73.03775191974398,74.04214168993552,12345200
2021-07-26,MU,Micron,74.40298461914062,75.55364701815807,73.63262520084263,73.92516194924572,12023900
2021-07-27,MU,Micron,72.37468719482422,72.93051512443277,70.70720340599854,72.93051512443277,23940500
2021-07-28,MU,Micron,73.67160034179688,74.12016245086318,72.53068444383422,72.69646338129502,14348300
2021-07-29,MU,Micron,75.16360473632812,75.20261113140293,74.06169453466516,74.18846717858555,14529400
2021-07-30,MU,Micron,75.65115356445312,76.16797514340688,74.16894070133692,74.23720001478918,12528900
2021-08-02,MU,Micron,75.70965576171875,77.51365819263694,75.543884214164,77.07484940447276,14904200
2021-08-03,MU,Micron,78.84961700439453,79.05439498184884,76.00221735639853,76.90909550781537,25807600
2021-08-04,MU,Micron,79.94175720214844,81.02415273454935,77.56241986674627,78.44979091972702,29176900
2021-08-05,MU,Micron,79.46392059326172,81.00463900449583,79.14213100282883,80.09776119937253,14821000
2021-08-06,MU,Micron,79.96124267578125,80.81936065059314,79.03486540115144,79.1811300152572,14612600
2021-08-09,MU,Micron,78.21572875976562,80.0002310472785,78.08896364283618,79.6979409932215,13363300
2021-08-10,MU,Micron,74.0226821899414,77.83546548240291,73.88615611202012,77.83546548240291,40705000
2021-08-11,MU,Micron,73.16455078125,74.15919499827953,71.88712329279997,74.1494415421145,31624900
2021-08-12,MU,Micron,68.5033950805664,70.40490983289855,67.09919499287058,70.3854103604393,72492400
2021-08-13,MU,Micron,69.15673065185547,69.46877426825428,68.14258703863268,68.30836602211538,25301400
2021-08-16,MU,Micron,69.16648864746094,69.97585438802228,68.1815978961719,68.45463514848004,18135900
2021-08-17,MU,Micron,69.02020263671875,69.67354270713935,67.87929401708176,68.42536841149831,17545800
2021-08-18,MU,Micron,68.86418914794922,70.09285661707257,68.82518276865395,69.47852288251089,14004300
2021-08-19,MU,Micron,68.53263854980469,69.05921351000946,67.3234705521342,68.39611994231154,18022600
2021-08-20,MU,Micron,68.48389434814453,69.26399970718433,67.85005362912614,68.39612812442468,14603100
2021-08-23,MU,Micron,69.95632934570312,70.09284793647646,67.18694371606675,69.0787045195137,22265000
2021-08-24,MU,Micron,70.19037628173828,70.8827227748567,69.90758561164098,70.3463943592056,18092700
2021-08-25,MU,Micron,72.19915008544922,75.11480786303032,70.38539452676126,70.98022873900331,36552100
2021-08-26,MU,Micron,70.96073150634766,71.41904718545314,69.91733498911654,71.40930116994069,20315100
2021-08-27,MU,Micron,72.1601333618164,72.30640539035556,70.35613151571188,70.65842158557624,14994200
2021-08-30,MU,Micron,71.34103393554688,72.89149835628061,71.01923690643795,72.2771646604682,12810700
2021-08-31,MU,Micron,71.86760711669922,72.7647389755595,71.49705766697203,71.8481076465899,14807400
2021-09-01,MU,Micron,71.88712310791016,72.47220400128361,71.20452253255179,72.47220400128361,14007100
2021-09-02,MU,Micron,72.15039825439453,72.16990516433529,70.51216748556664,71.38979244024343,14803300
2021-09-03,MU,Micron,71.97489166259766,72.86227029908785,71.77011369410951,72.16017015586665,9222500
2021-09-07,MU,Micron,71.8091049194336,72.6379700758081,71.34104321593802,71.9261240651608,12028400
2021-09-08,MU,Micron,70.4731674194336,71.41905176423693,69.34201205183147,71.38004538056693,17375500
2021-09-09,MU,Micron,71.0582504272461,71.44829935539836,69.64429702372168,69.84907494291355,14638100
2021-09-10,MU,Micron,71.67257690429688,73.74961625057634,71.63357052750264,71.93586064802584,18240600
2021-09-13,MU,Micron,72.50143432617188,73.34980619287556,71.69206883215966,72.70621220302348,15796700
2021-09-14,MU,Micron,71.6628189086914,72.27716000463586,71.0972450802813,71.95536299625593,13945100
2021-09-15,MU,Micron,71.98462677001953,72.0918924556517,69.97584654764682,71.13625473993957,15258800
2021-09-16,MU,Micron,72.77448272705078,73.09627977164178,70.97048048994994,71.47755597349443,12867700
2021-09-17,MU,Micron,72.45269775390625,72.64772222022559,71.49706001364584,72.55996344229384,20449600
2021-09-20,MU,Micron,70.57068634033203,70.95098927739528,69.42002407340281,70.79496374439144,23228300
2021-09-21,MU,Micron,70.34640502929688,71.31178888419143,69.8783432861935,71.1070109416203,16026800
2021-09-22,MU,Micron,72.13091278076172,72.72574717437215,70.83397828717125,71.22403472490547,16996100
2021-09-23,MU,Micron,72.19915008544922,72.93050289331677,71.42879090173075,71.7798408446836,17304500
2021-09-24,MU,Micron,72.20890045166016,72.64770914173488,71.25326288343955,71.47754767506551,14804300
2021-09-27,MU,Micron,73.31080627441406,73.99339925734773,71.6823291296255,71.81884772621223,18435200
2021-09-28,MU,Micron,71.28252410888672,73.12553272544764,71.2435177301593,72.6477176055223,27311500
2021-09-29,MU,Micron,69.85883331298828,71.4970642214883,68.47414017739017,69.39077159039225,38169200
2021-09-30,MU,Micron,69.31200408935547,70.89393002450362,69.1948213552268,70.50332836084846,16923300
2021-10-01,MU,Micron,69.32174682617188,69.88811872786212,68.45266224776336,69.66352040474176,17813800
2021-10-04,MU,Micron,68.96044158935547,69.8881137291373,68.70654947053228,68.94090741477422,19525700
2021-10-05,MU,Micron,68.84326934814453,69.53658364898548,67.97418469989982,69.53658364898548,14512100
2021-10-06,MU,Micron,68.29642486572266,68.72607987817482,67.40780612727104,68.15971543674627,17899300
2021-10-07,MU,Micron,68.88233947753906,69.9857822533881,68.47221109537642,68.74563001681818,15236100
2021-10-08,MU,Micron,68.47220611572266,69.2729360917575,68.06207031328037,69.2631690023858,13666200
2021-10-11,MU,Micron,67.59333801269531,68.70654752901827,67.55427711474132,68.25735837770414,12700200
2021-10-12,MU,Micron,65.15209197998047,67.79840652414805,64.12676383016387,67.75934562366785,36911700
2021-10-13,MU,Micron,64.8200912475586,65.83565251648521,64.6736221535697,65.17163197334499,17532400
2021-10-14,MU,Micron,66.20671081542969,66.48012965577148,65.23997033694381,65.69892658327667,15541600
2021-10-15,MU,Micron,66.08952331542969,66.85119215818833,65.89422628655458,66.48988445965487,11786100
2021-10-18,MU,Micron,65.67941284179688,66.04071318790729,64.73220635044754,65.43528776464936,11849300
2021-10-19,MU,Micron,65.98212432861328,66.29460412355736,65.073978760478,65.78682725056298,16930300
2021-10-20,MU,Micron,66.66566467285156,67.57381014727784,65.43527979790386,65.62080976787554,19457800
2021-10-21,MU,Micron,67.0269775390625,67.085565170881,66.07977109076617,66.35318997272681,11140700
2021-10-22,MU,Micron,65.92353057861328,67.46639523231289,65.50363519466904,66.9000307784738,17892100
2021-10-25,MU,Micron,67.1441650390625,69.44870642287142,66.92933377360647,67.98395592215081,23341300
2021-10-26,MU,Micron,67.3199234008789,68.1792408594681,66.86096713375453,67.73981876759856,14267900
2021-10-27,MU,Micron,66.6363754272461,67.0758050127986,65.86493933048594,66.90979430708904,13541900
2021-10-28,MU,Micron,67.94489288330078,68.69679483870283,67.5542912720075,67.6617069013658,16966000
2021-10-29,MU,Micron,67.47615051269531,67.91557999579999,66.44106286600675,66.78283638612996,11440900
2021-11-01,MU,Micron,69.03855895996094,69.30221817761807,67.31992402680312,67.34921783985278,11988400
2021-11-02,MU,Micron,69.09716033935547,69.18504178652121,68.39407896160657,68.83350109764677,9761100
2021-11-03,MU,Micron,69.57565307617188,69.65377489572163,68.60891977209076,69.05810905934165,10266900
2021-11-04,MU,Micron,70.5423812866211,70.77674672834758,69.37058387841357,70.6693310967495,15936600
2021-11-05,MU,Micron,71.2063980102539,72.00712793488529,70.65956024224394,71.28451981999984,13019300
2021-11-08,MU,Micron,72.80784606933594,73.26680231463973,71.40169097214458,71.59698801477808,18742300
2021-11-09,MU,Micron,73.81364440917969,74.47766482399771,72.80785042425792,73.33516141103445,20127300
2021-11-10,MU,Micron,71.68490600585938,73.38401480700898,71.47983434269122,72.41728138826444,15228300
2021-11-11,MU,Micron,72.79810333251953,73.19846459789434,71.88995771824695,72.28055189419125,12192600
2021-11-12,MU,Micron,75.48345947265625,76.1865332750431,73.18867831519053,73.25703302306583,26553200
2021-11-15,MU,Micron,74.97567749023438,76.44042765985377,74.79990717187586,75.9326508790984,12650700
2021-11-16,MU,Micron,75.0049819946289,75.33699595446365,73.99918792678352,74.76085693155554,11807600
2021-11-17,MU,Micron,73.68670654296875,74.77062239547135,73.42305475862472,74.68274095072518,11600500
2021-11-18,MU,Micron,75.21003723144531,75.67876057498813,73.96988533619808,75.0928619831382,16848200
2021-11-19,MU,Micron,81.07881927490234,81.88931631750498,77.07516950737364,77.07516950737364,47216100
2021-11-22,MU,Micron,81.88929748535156,85.60976041432076,81.69400044896274,81.69400044896274,34775200
2021-11-23,MU,Micron,83.40290832519531,85.64885492553287,82.34828603454604,83.04160047096158,31823300
2021-11-24,MU,Micron,84.18407440185547,85.11175398537465,82.62167570079197,82.75838512150348,21666100
2021-11-26,MU,Micron,81.45964813232422,82.07484805083317,80.05349285452999,81.17646216906076,16487200
2021-11-29,MU,Micron,84.11573791503906,84.24268027602885,82.18227143174829,82.39709524647571,18889800
2021-11-30,MU,Micron,82.02601623535156,84.87739501169804,81.97718824564556,83.56888832875605,27301000
2021-12-01,MU,Micron,83.14899444580078,86.95734675822398,83.00251792414886,84.51609623104314,31633400
2021-12-02,MU,Micron,80.9323501586914,81.62566454601206,79.43830574445467,80.68822505963033,22994500
2021-12-03,MU,Micron,79.70195770263672,82.44592118000783,78.74498412417118,81.74283976727497,19167200
2021-12-06,MU,Micron,80.51244354248047,81.27412000417837,78.6375648293143,79.90701814870505,15094900
2021-12-07,MU,Micron,83.8130111694336,84.99457547816483,82.34826091809825,82.43614235712796,21716900
2021-12-08,MU,Micron,83.99856567382812,84.31104552072735,82.05533185873944,83.432201073272,12908500
2021-12-09,MU,Micron,82.93415832519531,84.5063241681574,82.64120529913713,83.29546606398642,11964300
2021-12-10,MU,Micron,83.52981567382812,83.66652508564273,82.15294701898995,82.35801113671185,11955900
2021-12-13,MU,Micron,82.36780548095703,85.32660043739361,82.22132893408155,84.57469842358928,13054400
2021-12-14,MU,Micron,81.33270263671875,82.77791876216494,80.96163524237019,81.26434792065177,12082500
2021-12-15,MU,Micron,83.64701080322266,83.77395314732918,80.13160411913866,81.51824006679637,13971500
2021-12-16,MU,Micron,80.74681854248047,84.29151222826358,80.19997326539416,83.86184967843292,16503200
2021-12-17,MU,Micron,81.04950714111328,81.33269306007668,79.03791934790942,79.7019397044191,23165900
2021-12-20,MU,Micron,80.1023178100586,81.293649359049,79.00864225041309,80.2097334382532,22346800
2021-12-21,MU,Micron,88.5490493774414,88.99823863094234,85.2973015215451,86.89876145145496,58363600
2021-12-22,MU,Micron,88.217041015625,88.35375792332991,86.8304122599249,87.88503446148836,18593900
2021-12-23,MU,Micron,92.20115661621094,92.76752857871698,88.22680068984278,88.56857430511157,36400100
2021-12-27,MU,Micron,92.21092224121094,92.69917238387326,90.55087473620141,91.51760793264316,17110100
2021-12-28,MU,Micron,90.75593566894531,91.68360792691323,89.8966106804051,91.54689848784649,13683800
2021-12-29,MU,Micron,93.91002655029297,94.4763984790714,91.70314136591732,91.79102281170762,32234600
2021-12-30,MU,Micron,91.68360900878906,93.26554211536406,91.23441978225424,92.18162622846918,19327800
2021-12-31,MU,Micron,91.0579833984375,92.29945770166962,90.9406757448998,91.88889210136126,13660600
2022-01-03,MU,Micron,93.5995864868164,93.68756163054371,91.38057085112474,91.80091393993578,18705500
2022-01-04,MU,Micron,94.17631530761719,94.42070060678545,91.43920443176117,93.45293691033243,19725000
2022-01-05,MU,Micron,92.27991485595703,96.2389532744071,92.23103479998072,93.23790130547754,28613100
2022-01-06,MU,Micron,93.50184631347656,94.53803792074463,92.00620900621612,92.96419550326212,22320300
2022-01-07,MU,Micron,92.32877349853516,95.00724205054283,91.83023280156769,93.93194064598951,14857900
2022-01-10,MU,Micron,91.78136444091797,93.52138699634519,88.99537285171995,92.14305745560479,20290000
2022-01-11,MU,Micron,92.08439636230469,92.15282396158557,89.59167028160236,90.38347642443088,14924900
2022-01-12,MU,Micron,92.97396087646484,94.06880990258206,91.67382905633481,93.02284092848883,13339200
2022-01-13,MU,Micron,93.4725112915039,95.90658728765145,93.15969834203132,94.33274503804125,23679800
2022-01-14,MU,Micron,95.17343139648438,95.24185899623131,92.27990974453645,92.31901229554171,18385000
2022-01-18,MU,Micron,90.7842788696289,93.7951009246616,90.46168839507376,93.38453529780026,19900500
2022-01-19,MU,Micron,87.97872161865234,92.65136808466632,87.75388382630773,91.61517663884443,19043800
2022-01-20,MU,Micron,83.15945434570312,88.30132467690488,83.02259913359944,88.25244461913226,24701300
2022-01-21,MU,Micron,80.0899658203125,83.22787276527816,79.68917027335499,82.32853648270616,29716300
2022-01-24,MU,Micron,81.08705139160156,81.1750339906275,75.89630924857735,78.4672402949129,29757100
2022-01-25,MU,Micron,78.90714263916016,80.568960028314,77.86117364428237,79.10264793504332,22128400
2022-01-26,MU,Micron,80.1290512084961,82.88571702024969,78.79959461550385,81.38030271765415,21018700
2022-01-27,MU,Micron,76.95205688476562,81.82020867044788,76.62946644673704,81.6344808839258,22694000
2022-01-28,MU,Micron,77.48970031738281,77.49947781923541,73.82392021777432,75.63237770002014,24434600
2022-01-31,MU,Micron,80.42233276367188,80.46143531710152,76.26778155190382,77.1866729123766,21898200
2022-02-01,MU,Micron,79.62073516845703,80.53962636856929,78.6138688320182,80.3538911367045,15237400
2022-02-02,MU,Micron,82.61204528808594,82.79777312642052,80.6862870825665,81.05775021728644,19862800
2022-02-03,MU,Micron,80.1290512084961,83.2669574813823,79.87488841505859,80.81332704692713,19598200
2022-02-04,MU,Micron,79.34703063964844,80.34412700635126,78.0468988370108,79.39591069101476,15657500
2022-02-07,MU,Micron,79.05377197265625,80.19749356675669,78.67253144128944,79.53276514780069,11799800
2022-02-08,MU,Micron,82.23078918457031,82.5044995963693,79.18085718584732,79.32748989446802,18315700
2022-02-09,MU,Micron,86.14094543457031,86.78611883980295,81.68335185948283,82.69999574650107,22386900
2022-02-10,MU,Micron,88.97582244873047,92.5145253000048,86.49287364645608,87.18692720401148,33820700
2022-02-11,MU,Micron,87.7441177368164,92.45586696418597,86.95230413509204,89.22997737623982,31000000
2022-02-14,MU,Micron,87.84188842773438,91.07754872445344,86.71771410053832,89.92404934266061,23499100
2022-02-15,MU,Micron,93.8439712524414,94.33274193604787,88.96604191830252,88.96604191830252,27069700
2022-02-16,MU,Micron,93.90263366699219,94.32297680836055,91.46855743155899,92.31902121750421,15573600
2022-02-17,MU,Micron,91.62495422363281,93.84396981159475,91.3903389293088,92.90553100844463,17943300
2022-02-18,MU,Micron,88.76075744628906,92.55361519439498,86.90342739212612,92.40698250047842,19530500
2022-02-22,MU,Micron,88.53592681884766,91.8595691650272,86.67859661439005,87.82231829500132,24825700
2022-02-23,MU,Micron,85.34915161132812,89.8067462169959,85.11454372409833,89.4157280995794,19135400
2022-02-24,MU,Micron,86.83499145507812,86.94252158975152,81.90818263584873,82.24054308262258,24472300
2022-02-25,MU,Micron,88.07647705078125,88.44794754919455,85.31981065110607,85.98453908937059,15008700
2022-02-28,MU,Micron,86.86433410644531,87.73434540293351,85.20251661963738,86.46353853086903,17269800
2022-03-01,MU,Micron,84.32271575927734,87.82230799218385,82.75865114987104,86.57105630465881,20794800
2022-03-02,MU,Micron,91.2046127319336,91.95731630469557,85.07542417038408,85.21227936543171,28398700
2022-03-03,MU,Micron,87.17713928222656,90.11954088092597,86.40488070843939,89.56234260085786,22099800
2022-03-04,MU,Micron,80.07042694091797,85.4566751753147,78.71163740985207,85.4566751753147,28211500
2022-03-07,MU,Micron,73.99987030029297,81.10659942754133,73.93144271050596,79.92377539948133,26715500
2022-03-08,MU,Micron,75.4271011352539,78.44770060679194,72.26963900062887,74.53753484445963,28343200
2022-03-09,MU,Micron,77.65589141845703,78.68230541648103,75.7985612616839,78.17398716860949,19647900
2022-03-10,MU,Micron,74.01944732666016,75.99407797524768,72.15233938711911,75.99407797524768,21692000
2022-03-11,MU,Micron,71.1845703125,74.9774285719854,71.008612547686,74.93833347584862,22786500
2022-03-14,MU,Micron,67.84137725830078,70.85220667591861,67.41125663919844,70.13859814495784,24893400
2022-03-15,MU,Micron,71.46807098388672,71.87863668899814,66.80519311366805,68.47679590657351,22851000
2022-03-16,MU,Micron,77.88072204589844,77.91982459711427,74.43977957744477,74.75259252912237,35742800
2022-03-17,MU,Micron,78.71162414550781,78.77028169643458,75.46618724738411,76.44372857161473,21612200
2022-03-18,MU,Micron,77.62654113769531,79.37633311671884,76.30685470654232,77.3234983298815,28601200
2022-03-21,MU,Micron,76.59037017822266,78.09578488775834,73.83370362129348,77.2159961019194,30878200
2022-03-22,MU,Micron,77.34306335449219,77.93936409027215,75.76922140701359,75.95494916576398,16768000
2022-03-23,MU,Micron,73.95100402832031,76.46328497942793,73.39380576159367,76.11136949959547,28059800
2022-03-24,MU,Micron,76.45352172851562,76.77611222150028,73.6284273196378,74.19540319372295,23348000
2022-03-25,MU,Micron,76.34597778320312,76.54149052762209,73.44267878650697,76.51215802242278,22491000
2022-03-28,MU,Micron,78.06646728515625,78.37928027684582,75.5346308409391,76.82498536391482,26605300
2022-03-29,MU,Micron,80.207275390625,80.69604609389987,77.47993397138536,80.25614798612305,41290700
2022-03-30,MU,Micron,77.3822021484375,84.30319150135831,76.8347737419653,82.40676573373462,70087000
2022-03-31,MU,Micron,76.14070129394531,78.16421175327541,75.1045097659746,75.9256409863176,34588600
2022-04-01,MU,Micron,74.46910095214844,77.13779214107954,72.39671058825232,76.66856900768938,33536100
2022-04-04,MU,Micron,75.92562866210938,76.42417679813597,74.79168466692796,75.17292516564005,24305700
2022-04-05,MU,Micron,72.93437194824219,76.267784586729,72.63133646966605,74.98720760766234,21171400
2022-04-06,MU,Micron,72.12300109863281,73.20807261617712,69.86488292009136,71.53647776813425,28080100
2022-04-07,MU,Micron,71.63422393798828,73.00278322413648,70.5100499722934,72.01546444125161,22658600
2022-04-08,MU,Micron,70.61619567871094,71.31119754598322,69.33386902610545,70.96859204355883,20562600
2022-04-11,MU,Micron,70.50853729248047,71.36995417640223,68.60951276373493,69.05980293573502,21127900
2022-04-12,MU,Micron,70.44001007080078,72.03557739163075,70.0582485187725,71.25248002747273,18658500
2022-04-13,MU,Micron,70.85113525390625,72.1921998239484,70.3421223513431,70.83156099421733,18892000
2022-04-14,MU,Micron,68.6486587524414,71.27205007729255,68.6095027663104,71.02733076515435,18543500
2022-04-18,MU,Micron,69.64710235595703,70.57703254953552,68.57033911385587,68.76611153306006,17476700
2022-04-19,MU,Micron,71.19373321533203,71.85936992753511,69.27512756915179,69.46111660392954,15139000
2022-04-20,MU,Micron,71.65380096435547,74.61980486026559,71.35035145221111,72.25091659474506,19042600
2022-04-21,MU,Micron,69.4219741821289,72.9165657365999,69.15768060530779,72.40755284232776,17645300
2022-04-22,MU,Micron,67.9438705444336,69.48070746118727,67.84597684910985,69.14788532721542,18682400
2022-04-25,MU,Micron,68.63887023925781,68.68780961709201,66.49512683493131,66.97477455985143,20072100
2022-04-26,MU,Micron,65.6630859375,67.69915235453269,65.62392995237546,67.23907886462004,18628700
2022-04-27,MU,Micron,65.06596374511719,67.03350885903009,64.46884810093586,64.73314163886933,17123600
2022-04-28,MU,Micron,68.69758605957031,69.31427586216044,65.64348722432698,66.22102852016351,21058400
2022-04-29,MU,Micron,66.74964904785156,69.82332333682962,66.58323422208535,67.6404235550214,16843500
2022-05-02,MU,Micron,69.10872650146484,69.24576870739537,66.15252074294034,66.72027129221831,15342800
2022-05-03,MU,Micron,69.75479125976562,70.44000231145435,68.71717635089941,68.98147737672245,13539100
2022-05-04,MU,Micron,72.06494140625,72.33902582449308,68.67802722551428,70.25401263041199,17201900
2022-05-05,MU,Micron,69.7841567993164,71.02732756290449,68.87380070047585,70.7826082617994,16603600
2022-05-06,MU,Micron,68.864013671875,70.39106727420506,67.4348537700303,69.0597936046049,15159800
2022-05-09,MU,Micron,66.49513244628906,69.89183772706113,66.0546406674084,67.73830327814035,21770900
2022-05-10,MU,Micron,67.45443725585938,69.09894392421559,66.1818937987845,68.10049238010774,17662700
2022-05-11,MU,Micron,65.54560852050781,69.38280488992022,65.40856632647447,67.20970404100322,17237300
2022-05-12,MU,Micron,66.27976989746094,67.4446360776454,64.47863955428349,64.6058908932341,27022900
2022-05-13,MU,Micron,70.4008560180664,71.0958580285156,66.58323292457479,67.64042223690934,22872000
2022-05-16,MU,Micron,68.98147583007812,70.51831269861404,68.83464275993975,69.99950898993328,13394700
2022-05-17,MU,Micron,72.90679168701172,73.1515110358335,70.62600556361467,70.723891809495,17671500
2022-05-18,MU,Micron,69.5492172241211,72.65225567285188,68.60948868630913,71.63422264708825,20635100
2022-05-19,MU,Micron,67.93407440185547,70.1854873227686,67.59146889956867,69.26534789780402,17558000
2022-05-20,MU,Micron,67.44464874267578,69.19684003909346,64.71358012769457,69.10873719693728,20313300
2022-05-23,MU,Micron,68.12006378173828,68.71717949765653,67.07266543005623,67.31738474090008,12356200
2022-05-24,MU,Micron,65.21279907226562,66.96499008443794,64.61568340734836,66.91604323915355,18764500
2022-05-25,MU,Micron,66.43639373779297,67.39568914638816,64.50800458992076,64.53736970900675,16241200
2022-05-26,MU,Micron,69.10872650146484,69.53943484481229,64.9484985414191,64.98765452429069,14902500
2022-05-27,MU,Micron,71.77127838134766,71.88874633780311,70.12676433217436,70.24423228862982,13078700
2022-05-31,MU,Micron,72.28028869628906,72.90677697362311,70.41063713209263,71.91810891279947,15453000
2022-06-01,MU,Micron,71.99641418457031,73.79754447613051,71.01753707787725,72.92634444863286,13595400
2022-06-02,MU,Micron,73.77796936035156,73.8171253403518,71.58527928977608,71.58527928977608,11373200
2022-06-03,MU,Micron,68.46268463134766,70.17572000341862,67.65021463393032,70.17572000341862,30306600
2022-06-06,MU,Micron,68.9618911743164,70.61619592232385,68.53119031331413,69.24576643965874,13198700
2022-06-07,MU,Micron,69.26535034179688,69.37302742749203,66.68111522159327,67.19991892453898,14328000
2022-06-08,MU,Micron,67.1509780883789,68.91296013176338,66.32872478029333,68.36478379146557,16363000
2022-06-09,MU,Micron,64.6254653930664,67.23907302853453,64.60589113632338,66.50491517471268,15073700
2022-06-10,MU,Micron,61.297279357910156,64.17517651867634,60.964461014083895,63.470383853133775,26626900
2022-06-13,MU,Micron,57.59713363647461,59.67235222030018,57.34262721173341,58.752209011934156,24278600
2022-06-14,MU,Micron,57.4600944519043,58.60537902468743,56.500795209522096,58.106153277758445,17036000
2022-06-15,MU,Micron,57.87122344970703,58.81094847159411,56.334386426759416,58.07679051537885,19726200
2022-06-16,MU,Micron,53.8480339050293,55.79600120411571,53.104088865320655,55.79600120411571,22706200
2022-06-17,MU,Micron,54.57240295410156,55.130362649700885,52.46781551693211,54.719236025204594,24139800
2022-06-21,MU,Micron,55.6002311706543,56.696572726290235,55.14994849849748,55.61980916519859,15502800
2022-06-22,MU,Micron,55.14993667602539,55.93303761932085,54.42556596965219,54.77796232766511,13513800
2022-06-23,MU,Micron,55.03247833251953,55.629594032325556,53.79909094804013,55.414239849675454,13366600
2022-06-24,MU,Micron,57.20558547973633,57.753758087220405,55.923258664585944,55.94283665779471,15647600
2022-06-27,MU,Micron,57.53840637207031,58.78158098842058,57.13706682932106,58.321511197638124,16159900
2022-06-28,MU,Micron,56.63783645629883,59.31017081454094,56.58889334220096,57.734177895396044,19393600
2022-06-29,MU,Micron,54.836700439453125,56.30501621930029,54.15148566203376,56.02114093900767,17351400
2022-06-30,MU,Micron,54.112327575683594,55.2184597990733,53.0747201880812,53.828456040541795,29572400
2022-07-01,MU,Micron,52.51675796508789,52.82020747657734,50.31428448772088,52.16436161125,43681700
2022-07-05,MU,Micron,55.53170394897461,55.68832415398194,50.98971426964202,51.077813368341154,33745900
2022-07-06,MU,Micron,56.15818405151367,56.892341953253265,55.267405946767774,55.64916745821313,23565000
2022-07-07,MU,Micron,57.60692596435547,58.0572123474133,56.61826156263468,57.85164528235889,22945500
2022-07-08,MU,Micron,58.004150390625,59.26937541396832,56.98412384119635,57.10182180250628,19283000
2022-07-11,MU,Micron,56.69968795776367,57.484322208416685,56.60160633803753,56.99392533407965,13941800
2022-07-12,MU,Micron,58.043373107910156,58.92608895946295,56.98411408604681,57.29796777961421,21523100
2022-07-13,MU,Micron,57.72952651977539,58.27876868040428,56.25833574706524,56.2779520730065,13987600
2022-07-14,MU,Micron,58.210113525390625,58.51416096593379,56.219103206312006,56.82719434596671,14803800
2022-07-15,MU,Micron,60.34824752807617,60.51498443678189,58.2591592128877,60.299208581315135,20317800
2022-07-18,MU,Micron,59.28899383544922,61.132887472030575,58.98494637013802,60.89749528252643,13233000
2022-07-19,MU,Micron,61.201534271240234,61.55461689444555,60.20112415191332,60.2893957430725,19103700
2022-07-20,MU,Micron,62.08424758911133,62.300023425140765,60.66209581255921,61.02499221705081,15176200
2022-07-21,MU,Micron,62.4177131652832,62.45694581292117,60.74055676378782,61.397686775283326,12924700
2022-07-22,MU,Micron,60.112857818603516,61.711549149583824,59.83823298795931,60.112857818603516,22201700
2022-07-25,MU,Micron,58.9947509765625,60.64248492718846,58.55339300024634,60.17170059149684,14479400
2022-07-26,MU,Micron,58.514156341552734,59.52437273038164,58.40626842790473,59.15167379051022,11044800
2022-07-27,MU,Micron,60.70133590698242,61.191732873419745,58.46512693728646,59.32822664581708,14589800
2022-07-28,MU,Micron,60.87786865234375,61.10345076916677,59.033975327811824,61.05441182923677,10120300
2022-07-29,MU,Micron,60.671913146972656,60.897495302044135,59.60284761293622,60.17170614715301,14199700
2022-08-01,MU,Micron,61.33885192871094,62.761003844164115,60.8092223202362,61.299619274431656,13347200
2022-08-02,MU,Micron,61.27018737792969,62.08424425309868,59.71072515003859,60.56401467354692,11535800
2022-08-03,MU,Micron,63.015995025634766,63.290616063508004,61.24075708733595,61.299606056064945,12290100
2022-08-04,MU,Micron,63.60447692871094,63.741787463151134,62.42752735269126,62.88850163953889,11338400
2022-08-05,MU,Micron,61.260379791259766,62.00578517374594,60.613056033538314,61.6526988074558,15047100
2022-08-08,MU,Micron,60.269779205322266,61.41730614490683,59.80880492629356,60.799408750406556,11454300
2022-08-09,MU,Micron,58.01395797729492,59.37726083611648,56.63103879241595,57.86683740258012,33107200
2022-08-10,MU,Micron,60.220741271972656,60.37766813150211,58.24934362386299,58.84762844501636,17418400
2022-08-11,MU,Micron,61.12307357788086,62.86888546633209,60.809219839315055,60.809219839315055,18298500
2022-08-12,MU,Micron,63.790836334228516,64.16353532345093,61.034804120524,61.45654579803046,16194000
2022-08-15,MU,Micron,63.457359313964844,63.869298419317836,62.662918687325615,63.457359313964844,9689100
2022-08-16,MU,Micron,62.63349533081055,63.32004802686865,62.005787870739375,62.8885038248592,9275400
2022-08-17,MU,Micron,60.4365119934082,61.603658992254054,59.59302873954926,61.603658992254054,14728400
2022-08-18,MU,Micron,61.77039337158203,62.20194129873854,60.07362053840775,60.5640174407621,11303900
2022-08-19,MU,Micron,59.34782791137695,61.05441067527708,59.12224579881756,60.65228538916143,14050300
2022-08-22,MU,Micron,57.19009017944336,58.46512142365038,56.85662012405707,58.41608247991772,13096800
2022-08-23,MU,Micron,56.74873352050781,58.15126904412733,56.65065188933377,57.22932041824974,12769100
2022-08-24,MU,Micron,57.19009017944336,57.445094931712134,56.25833528279653,56.76834852876566,9961300
2022-08-25,MU,Micron,60.024574279785156,60.09322953843154,57.454895872279174,57.47450845352301,12171600
2022-08-26,MU,Micron,56.52314376831055,60.04419341245588,56.503527444717704,59.89707285622514,15754000
2022-08-29,MU,Micron,55.91505432128906,56.88604185434306,55.434467442204024,56.20929546195675,11607600
2022-08-30,MU,Micron,55.218692779541016,56.68988354848846,54.512523754619735,56.3760298170942,12743700
2022-08-31,MU,Micron,55.44427490234375,56.062176072759904,54.73810587758546,54.914649069132935,14172200
2022-09-01,MU,Micron,56.209285736083984,56.297557314724386,53.73768527558366,54.198655749433854,17594500
2022-09-02,MU,Micron,55.24812316894531,57.67068160100905,54.924459380281355,57.18028464225654,12809700
2022-09-06,MU,Micron,54.16923141479492,55.60118920816241,54.07115354894867,55.248106646257455,12133300
2022-09-07,MU,Micron,53.94366455078125,54.649837356704204,52.972676942637186,54.24771200698292,17030600
2022-09-08,MU,Micron,54.326168060302734,54.8459875777808,52.707860532869894,53.443455883911575,18415300
2022-09-09,MU,Micron,56.3367919921875,56.57218413983412,55.09118347321818,55.09118347321818,13925600
2022-09-12,MU,Micron,56.82719039916992,57.02334990391489,55.934668206940096,56.35640983264081,10711500
2022-09-13,MU,Micron,52.590171813964844,55.1598547184879,52.119391155634354,54.63022507482906,22361800
2022-09-14,MU,Micron,52.089962005615234,53.18845007072055,51.45244450613276,52.85498001184891,19984900
2022-09-15,MU,Micron,51.67802810668945,52.423433549485445,50.98166535095952,51.68783814067535,15620800
2022-09-16,MU,Micron,51.8349494934082,51.99187634769413,50.50107310269352,50.89338836769266,24901700
2022-09-19,MU,Micron,51.09935760498047,51.75649142380782,50.88358550419537,50.97185709951751,19251400
2022-09-20,MU,Micron,49.82432174682617,50.59914970719366,49.61835595728987,50.54030073528419,19373800
2022-09-21,MU,Micron,49.13776397705078,51.501476697482,48.7650650565104,48.7846813799227,31117300
2022-09-22,MU,Micron,48.70621871948242,49.40258140182664,48.40217130230066,48.84352924936085,21317000
2022-09-23,MU,Micron,49.13776397705078,49.18680665629711,47.51945658056259,48.33351342430198,24591700
2022-09-26,MU,Micron,47.94120407104492,49.490856396716566,47.87254880138152,48.971036857427514,19266800
2022-09-27,MU,Micron,49.608551025390625,49.67720629045068,48.45121406947639,48.86314565983671,17297500
2022-09-28,MU,Micron,50.02048873901367,50.20683823249847,49.13777273528189,49.14758276945213,17784300
2022-09-29,MU,Micron,49.049495697021484,49.33392679351616,48.27467144790449,49.078922054838046,25582100
2022-09-30,MU,Micron,49.13776397705078,51.06012251571412,48.8533366411502,49.569315609259206,38917700
2022-10-03,MU,Micron,50.726661682128906,52.07034827691533,49.66740247472462,50.030295169958244,24632400
2022-10-04,MU,Micron,52.92362976074219,53.75730669166251,51.64859863622837,52.53131450627783,24275500
2022-10-05,MU,Micron,53.6788444519043,54.13981873711068,51.16801096637683,51.86437741080794,20418300
2022-10-06,MU,Micron,53.570953369140625,54.05154395100206,52.2763059234881,53.35518128915269,17149400
2022-10-07,MU,Micron,52.0032958984375,53.71347965217101,51.61014908743586,52.6421585289837,21977700
2022-10-10,MU,Micron,50.49951934814453,52.21953018936841,49.8999721121686,52.16055703934049,17227400
2022-10-11,MU,Micron,52.78958511352539,53.841248508129674,49.46750997418001,49.77219518705131,32813700
2022-10-12,MU,Micron,51.84603500366211,52.84855594085579,51.492203643555435,52.681467243327354,18131900
2022-10-13,MU,Micron,53.91987228393555,54.961704809359794,49.870477210191055,50.47002057419684,27605000
2022-10-14,MU,Micron,51.81655502319336,54.48994068305367,51.69860872620503,54.29337102005843,20403000
2022-10-17,MU,Micron,52.58317947387695,54.04764724350681,51.944316915118364,53.664327458656395,18261700
2022-10-18,MU,Micron,51.64945602416992,54.19507164597454,50.774708450343766,54.067298391013615,19774800
2022-10-19,MU,Micron,52.121238708496094,52.51438552150784,51.16786387333032,51.197348572042145,14786100
2022-10-20,MU,Micron,52.77976608276367,54.15577261279648,52.25884592379089,52.583192650094304,15711800
2022-10-21,MU,Micron,55.089481353759766,55.31553943878867,52.42592299399355,52.57335397303766,20199200
2022-10-24,MU,Micron,55.27623748779297,55.836469307827514,54.12628539713046,55.266406754486425,15293600
2022-10-25,MU,Micron,54.91257095336914,56.05269221960676,54.39165460953994,55.70869156789425,17313000
2022-10-26,MU,Micron,54.499755859375,56.45565119289867,54.018151324123615,55.118960619176804,23511300
2022-10-27,MU,Micron,51.3152961730957,55.26640741085616,51.226838318917245,54.42114430411234,27335800
2022-10-28,MU,Micron,53.11393356323242,53.50707663312904,50.578144452831374,50.941806572876324,19171100
2022-10-31,MU,Micron,53.17289733886719,53.98867559022618,52.258834267758566,52.986154681612675,15932500
2022-11-01,MU,Micron,53.91987228393555,54.48993095362187,53.18272493134655,54.145930355477134,11729700
2022-11-02,MU,Micron,52.534034729003906,55.30570843880852,52.504546285741974,53.80192905883429,17302700
2022-11-03,MU,Micron,52.56352233886719,53.438269967883485,51.020427448491716,51.806717241465606,12769200
2022-11-04,MU,Micron,55.19759750366211,55.934744908224545,53.880560657537536,54.31301911845695,18882700
2022-11-07,MU,Micron,55.59075164794922,55.84629446567025,54.50959972848067,55.462978364425666,11411300
2022-11-08,MU,Micron,56.504817962646484,56.878303351475935,55.51212383874002,56.39670238981248,14190100
2022-11-09,MU,Micron,55.0108528137207,55.67920006913354,54.55873290612347,55.25656860617173,19952500
2022-11-10,MU,Micron,59.2371711730957,59.34528673531653,57.06504419342139,57.59578752263811,24982500
2022-11-11,MU,Micron,61.448604583740234,62.097294112723105,58.853846467808744,59.610651543176324,17579400
2022-11-14,MU,Micron,60.72128677368164,61.67466526926157,59.94482770185085,60.87854473435534,13988200
2022-11-15,MU,Micron,62.01866912841797,63.33570977322732,61.35032182328743,62.4118159253156,16325000
2022-11-16,MU,Micron,57.86115264892578,60.328141257531,57.12400528568385,59.49270532959492,25901900
2022-11-17,MU,Micron,57.7333869934082,57.97910279756084,55.541598720960074,56.31806156192058,14212300
2022-11-18,MU,Micron,57.57612991333008,58.637620253929036,57.10435226270201,58.53933543048817,9703700
2022-11-21,MU,Micron,56.180458068847656,57.02572098623772,55.846284444514964,57.02572098623772,9968400
2022-11-22,MU,Micron,57.61543655395508,57.67440969245711,56.0035415948199,56.56377328795041,8955700
2022-11-23,MU,Micron,57.92013168334961,58.047904955795175,56.76035274718403,57.24195738989377,8996800
2022-11-25,MU,Micron,57.409034729003906,58.11669737567831,57.389377016671254,57.66457749067785,4360500
2022-11-28,MU,Micron,54.794620513916016,56.77017379215853,54.519420032195264,56.33771535669372,15512600
2022-11-29,MU,Micron,54.17542266845703,55.551432753194184,53.831422021935666,54.75531215068294,12874200
2022-11-30,MU,Micron,56.66205978393555,56.69154447744768,51.708428810335214,52.661807226696546,31461400
2022-12-01,MU,Micron,54.53908157348633,56.927435741962086,54.15576176933528,56.83898165176449,21764200
2022-12-02,MU,Micron,53.74296569824219,54.470282442707784,52.465244154439034,53.40879202530974,15946500
2022-12-05,MU,Micron,53.11393356323242,54.32285497075178,52.77975989169102,53.43827650216399,13806900
2022-12-06,MU,Micron,52.76009750366211,53.69381830463622,52.327639040274114,52.93701318171302,17988000
2022-12-07,MU,Micron,52.89769744873047,53.31050194491348,51.54134517459427,52.20969245464251,11367300
2022-12-08,MU,Micron,54.254051208496094,54.7454828249692,53.12375699087767,53.62501933930263,13609100
2022-12-09,MU,Micron,53.92970657348633,54.902742860460776,53.58570592872688,53.742963901949174,9932200
2022-12-12,MU,Micron,54.4014778137207,54.430966259909,52.425924388084574,52.60284006791177,13250600
2022-12-13,MU,Micron,54.293373107910156,56.89795873601628,53.713483581392175,56.20995364109774,14210500
2022-12-14,MU,Micron,53.654510498046875,55.13863250882316,53.13359412163635,54.293373176129556,11235300
2022-12-15,MU,Micron,51.14820098876953,52.79941143762804,50.96145458426468,52.64215347818082,17785000
2022-12-16,MU,Micron,51.17768478393555,51.63963167201283,50.735395609108934,50.85334188861299,22951400
2022-12-19,MU,Micron,50.83369827270508,51.39393013307537,50.22432024091603,51.27598382086212,16470000
2022-12-20,MU,Micron,49.81150436401367,51.07939871773193,49.585446291147875,50.46019388811889,16942000
2022-12-21,MU,Micron,50.31277084350586,50.86317563980016,49.880312342412715,50.057228035888535,20400800
2022-12-22,MU,Micron,48.582923889160156,49.113670869074596,47.60006077790759,48.65172400700182,40959600
2022-12-23,MU,Micron,49.33973693847656,49.68373758348754,48.1504732807805,48.16030026378403,17425700
2022-12-27,MU,Micron,49.16281509399414,49.44784630664274,47.68852037256046,48.75984135344195,15159100
2022-12-28,MU,Micron,48.27824401855469,50.214485910209525,47.99321651238632,48.98590679100233,12518700
2022-12-29,MU,Micron,49.782020568847656,50.057221053947096,48.49446847909952,48.55344161847457,13204300
2022-12-30,MU,Micron,49.23529052734375,49.27469542360999,48.39795714990374,48.71318880431817,11989800
2023-01-03,MU,Micron,49.61948013305664,50.200689215260994,48.81169852834656,49.80665151615194,12422800
2023-01-04,MU,Micron,53.392417907714844,53.707649590295894,51.94431978233069,52.259551464911745,25077300
2023-01-05,MU,Micron,53.894805908203125,54.56467403246286,53.087024421511785,53.087024421511785,18030900
2023-01-06,MU,Micron,55.92412567138672,56.43637810602938,53.22495010381929,54.60409156307707,21069800
2023-01-09,MU,Micron,55.52022933959961,56.662945039826056,54.82080933296484,55.97337437844542,15715900
2023-01-10,MU,Micron,56.3575553894043,56.42651207077869,55.027672239632665,55.323201410931105,10571300
2023-01-11,MU,Micron,57.19490432739258,57.598795155713645,56.07188723019581,56.49548050841768,12143000
2023-01-12,MU,Micron,56.416664123535156,57.372212100319025,55.58918016869882,57.2441480783715,14888100
2023-01-13,MU,Micron,56.081729888916016,56.12113478137849,55.28379772690919,55.88470918446104,12520600
2023-01-17,MU,Micron,56.0029296875,57.72685457023748,55.707400459173755,56.308312019556666,10962700
2023-01-18,MU,Micron,55.66798400878906,57.18503849269319,55.5202213042159,56.653083737372434,10035300
2023-01-19,MU,Micron,55.52022933959961,56.23935179460043,54.45631967497958,54.87991292020521,12034200
2023-01-20,MU,Micron,57.58893585205078,57.69729743591035,55.91426536935211,56.613689113029984,13826400
2023-01-23,MU,Micron,60.89887619018555,60.987535332479375,57.982981355856474,58.042084945480404,20175400
2023-01-24,MU,Micron,60.34721374511719,60.8003625214831,59.96302541386634,60.288110160529435,10183200
2023-01-25,MU,Micron,60.623046875,60.75110715238603,59.51973231542807,59.766007282819665,10787200
2023-01-26,MU,Micron,61.86426544189453,62.110540386932215,60.37676642732419,61.64754604560442,12219500
2023-01-27,MU,Micron,62.9183235168457,63.38131787002695,61.03678303890139,61.21410130449677,15895800
2023-01-30,MU,Micron,60.790504455566406,62.337110756966666,60.77080200969323,61.824858437835886,16169000
2023-01-31,MU,Micron,59.40151596069336,59.44092085376472,57.77610357900256,58.21939547355441,23856300
2023-02-01,MU,Micron,61.6672477722168,62.28786171648525,59.49017805272012,59.71675056237357,20902200
2023-02-02,MU,Micron,62.228755950927734,62.96758084116083,60.93827754768287,62.612948050449425,15877600
2023-02-03,MU,Micron,61.48008346557617,62.839522354500104,60.97768417937484,61.0761926644001,12187100
2023-02-06,MU,Micron,59.0862922668457,60.26841291273784,58.849870392382044,60.03198728041624,11484300
2023-02-07,MU,Micron,61.20425796508789,61.46038228615722,58.81046490253559,59.194653263068545,12713100
2023-02-08,MU,Micron,59.35226058959961,61.40126989588346,59.33255814344026,60.534381054158956,9510500
2023-02-09,MU,Micron,59.28330993652344,60.89887310733113,58.800609351168575,60.28811224570187,10094700
2023-02-10,MU,Micron,58.92866897583008,59.854661423066105,58.367162397696035,59.59853713182464,11429700
2023-02-13,MU,Micron,59.22420120239258,59.381817026142386,57.96327461239407,58.928672002593885,11466200
2023-02-14,MU,Micron,61.1451530456543,61.38157868498437,58.15044832271632,58.633148947330284,12496200
2023-02-15,MU,Micron,60.9185791015625,61.0170875902551,59.55914016202847,60.41617979665752,10457400
2023-02-16,MU,Micron,59.155242919921875,60.43587192310376,58.95822220608061,59.87436533126357,12683400
2023-02-17,MU,Micron,58.1307487487793,59.28331769101364,57.63819875384423,58.94838354414347,10874900
2023-02-21,MU,Micron,56.74175262451172,58.82031401065356,56.63339479232689,57.47072820252587,12667500
2023-02-22,MU,Micron,56.13098907470703,57.6972979885486,55.9832263517304,56.86981396316329,12260300
2023-02-23,MU,Micron,57.87461471557617,58.85971454052215,56.5841325920682,58.25880304604788,16094600
2023-02-24,MU,Micron,57.313106536865234,57.50027414561929,56.495471900916314,56.84025908486221,9867400
2023-02-27,MU,Micron,57.03728103637695,58.6725465859792,56.96832434965968,58.28835449988036,8514000
2023-02-28,MU,Micron,56.958473205566406,57.86476702450367,56.544733071036454,56.78115493137994,10493300
2023-03-01,MU,Micron,56.48562240600586,57.677592256289344,56.367411482784206,56.997874750442996,9141400
2023-03-02,MU,Micron,55.58918762207031,55.85516504584312,53.904667696033734,54.673044415027704,16625500
2023-03-03,MU,Micron,55.933963775634766,56.02262290530858,54.61392993263431,55.61873214965174,13769200
2023-03-06,MU,Micron,55.98322296142578,57.77610428154205,55.697543119970746,56.42651486136792,14472200
2023-03-07,MU,Micron,54.73215103149414,55.884716094605714,54.48587605993787,55.65814357171689,13278300
2023-03-08,MU,Micron,56.04233169555664,56.07188348950732,54.52527697512456,55.007977570846705,11515700
2023-03-09,MU,Micron,54.77156066894531,56.70235960148775,54.71245707163072,55.796065611460335,10200000
2023-03-10,MU,Micron,54.111534118652344,55.667989900457094,53.717492682372395,54.830656545684256,14180700
2023-03-13,MU,Micron,53.09688186645508,53.73719449552814,51.97386491367333,53.16583855331129,17365200
2023-03-14,MU,Micron,53.46137237548828,54.5942350132229,52.89986572942462,54.15094306159426,14657000
2023-03-15,MU,Micron,53.32345199584961,53.46136536341028,52.09207727426154,52.53537292560473,14643600
2023-03-16,MU,Micron,55.72709655761719,55.865009931261056,52.81120199016577,52.890008021737586,14791800
2023-03-17,MU,Micron,55.81575393676758,56.8599610667284,55.38231138210746,55.953667306075005,26655200
2023-03-20,MU,Micron,56.78115463256836,57.007727146645905,55.24440127484975,55.855162128356945,10610200
2023-03-21,MU,Micron,57.75640869140625,58.63314700877244,56.74175323024021,57.51013371426483,14613700
2023-03-22,MU,Micron,57.303253173828125,59.50987836432897,57.22444714444818,57.529829433207006,16949300
2023-03-23,MU,Micron,60.42603302001953,60.85947565908282,58.248962962628546,58.29821721013557,23903100
2023-03-24,MU,Micron,60.248714447021484,60.485140094974845,59.59854861247248,59.60839795878553,18735600
2023-03-27,MU,Micron,58.89911651611328,60.50482644553188,58.288351949261404,60.27825394796712,15901000
2023-03-28,MU,Micron,58.3967170715332,58.977926125047375,56.95847221295835,58.90896943716075,20496300
2023-03-29,MU,Micron,62.59324645996094,63.46013163738654,59.96302786061112,60.00243275718259,51939800
2023-03-30,MU,Micron,62.14995574951172,63.144905041611146,61.54904418113586,63.07594834601307,23038300
2023-03-31,MU,Micron,59.4409294128418,60.74126100857604,59.00748680021637,59.45077875859916,35416500
2023-04-03,MU,Micron,58.721805572509766,58.91882630385404,57.00773009502982,58.91882630385404,23610800
2023-04-04,MU,Micron,56.416664123535156,59.204494510874774,56.101432498631546,58.790754412385304,21303200
2023-04-05,MU,Micron,56.170387268066406,56.259046394416146,55.1754344326019,55.97336656974952,19456200
2023-04-06,MU,Micron,57.80402755737305,58.386411168699254,56.06674597270931,56.214811070595516,21496500
2023-04-10,MU,Micron,62.45322799682617,62.946773338575596,60.21253169342954,60.3902083176955,43280100
2023-04-11,MU,Micron,62.749351501464844,63.460057965146994,62.22619466872768,62.81844754482817,23090200
2023-04-12,MU,Micron,61.16013717651367,63.52915629716405,61.041687350116774,63.52915629716405,16694100
2023-04-13,MU,Micron,62.186710357666016,62.55193284036068,60.005240945653185,60.71594364637632,23286500
2023-04-14,MU,Micron,61.82149124145508,62.40387490173955,60.97259264184189,62.364390370257034,14953000
2023-04-17,MU,Micron,61.732643127441406,61.959673499243415,61.17987107080288,61.41677445663413,11546800
2023-04-18,MU,Micron,61.13051986694336,62.63089799907974,60.68632835324316,62.512448183910266,12175200
2023-04-19,MU,Micron,59.86704635620117,60.419814681942874,59.60053144252494,60.192784295948705,11652600
2023-04-20,MU,Micron,60.66659164428711,61.15026772914521,59.09711732915043,59.106990344498676,14382200
2023-04-21,MU,Micron,60.340858459472656,60.65672719749128,59.94602065422319,60.36060072628037,9606200
2023-04-24,MU,Micron,58.74176025390625,60.09407709404629,58.583825907705084,59.32414386154526,13402600
2023-04-25,MU,Micron,57.38945007324219,58.57395961220905,57.280869498731185,58.36667147838916,15987300
2023-04-26,MU,Micron,60.232269287109375,60.39020363360112,58.573956766220185,58.81086016868372,25385000
2023-04-27,MU,Micron,61.10090637207031,61.16012939500767,59.353755651837695,59.96575073671725,13524600
2023-04-28,MU,Micron,63.529151916503906,63.60812097229124,61.49574391540202,61.62406674833052,18094700
2023-05-01,MU,Micron,61.545108795166016,63.27251766489107,61.50562802560192,63.06522950423267,12823400
2023-05-02,MU,Micron,61.10090637207031,61.772128245338834,60.45929601027047,61.426644294580605,12237600
2023-05-03,MU,Micron,60.123695373535156,61.377301034972,60.034857058458456,60.69620979635216,10818100
2023-05-04,MU,Micron,59.728858947753906,60.17305053330263,59.12673676006824,59.76834348101431,13357900
2023-05-05,MU,Micron,60.43956756591797,60.94298596869292,59.33402695472277,59.82757234111647,12312700
2023-05-08,MU,Micron,60.08420944213867,60.5580125230313,59.53144106382335,60.4593049598899,11510400
2023-05-09,MU,Micron,60.14344024658203,60.597501092009495,58.78125394484723,59.106995702731545,11895200
2023-05-10,MU,Micron,59.215572357177734,61.50562246475767,59.01815346539625,61.12065393133032,14548700
2023-05-11,MU,Micron,60.814659118652344,61.01207801333077,59.294538524716295,59.807826144699334,15536600
2023-05-12,MU,Micron,60.13356399536133,61.38716964369505,59.37350746542449,61.189754514878956,12131400
2023-05-15,MU,Micron,63.805545806884766,64.03257999415479,61.00220791179615,61.4266572377233,22227200
2023-05-16,MU,Micron,62.907291412353516,64.37805824846633,62.4828420996375,63.716709270554404,15259000
2023-05-17,MU,Micron,64.08193969726562,64.47677756515158,62.62104561081236,63.74633240465143,15947700
2023-05-18,MU,Micron,66.69771575927734,67.70454492135993,64.23986211847543,65.12824522084483,30688000
2023-05-19,MU,Micron,67.28997039794922,67.50713155426813,65.57243470936996,66.6977174912913,16812100
2023-05-22,MU,Micron,65.37500762939453,65.88829137972922,63.923983378334675,64.90120087216773,37491000
2023-05-23,MU,Micron,65.15785217285156,66.68783807393535,64.86172198249801,64.99991406308871,15896200
2023-05-24,MU,Micron,65.67115020751953,65.86857288753106,64.04244886922416,64.1115449245019,15806600
2023-05-25,MU,Micron,68.71138763427734,68.97789882288565,66.63849856774186,68.84957973665273,29021500
2023-05-26,MU,Micron,72.97562408447266,73.62710010478683,68.89894173912937,68.97790328065773,33410000
2023-05-30,MU,Micron,70.76454162597656,73.80477555635319,70.65596103586614,73.42968376472952,24454700
2023-05-31,MU,Micron,67.31956481933594,68.94826554725101,67.04318070180415,68.01053264406781,30403600
2023-06-01,MU,Micron,68.19810485839844,68.8890729886261,67.22088700195577,68.05004725204782,18153000
2023-06-02,MU,Micron,68.27706909179688,69.63925922082753,67.40843189557405,69.08648324968102,13468200
2023-06-05,MU,Micron,66.89513397216797,68.6028042107235,66.6384958103215,68.6028042107235,12441100
2023-06-06,MU,Micron,66.6681137084961,67.95132723327877,65.9574071257093,66.16469529053792,12476600
2023-06-07,MU,Micron,66.19428253173828,67.78349874345622,66.07583649865279,67.52686065116937,14610800
2023-06-08,MU,Micron,64.47675323486328,65.66125886064226,63.183667048115865,65.64152036360396,25856800
2023-06-09,MU,Micron,64.5853500366211,65.54282929816567,63.637743791529914,65.07889542662097,14649300
2023-06-12,MU,Micron,66.57926177978516,66.66810385495525,64.9406952057891,64.99004522007998,14731100
2023-06-13,MU,Micron,66.99385070800781,67.99080692531521,66.7273319929974,67.67493819223576,11911900
2023-06-14,MU,Micron,68.22770690917969,68.31654145085373,66.64835587987203,66.66810190973548,11085800
2023-06-15,MU,Micron,67.93157958984375,68.62254004629574,67.4775187854747,67.70454542220715,11842600
2023-06-16,MU,Micron,66.78655242919922,69.58988606876693,65.2072014724193,69.24440587106014,32259700
2023-06-20,MU,Micron,66.0363540649414,66.74706040953168,64.92093701210841,66.45093025565153,13261600
2023-06-21,MU,Micron,64.9505615234375,66.33248227554628,64.496493240998,65.88829453821178,10427200
2023-06-22,MU,Micron,65.3947525024414,65.79946326483744,64.66430756427471,64.68404606275331,8639500
2023-06-23,MU,Micron,64.43727111816406,65.10849300609924,64.00294885805795,64.605074707422,12663600
2023-06-26,MU,Micron,64.6050796508789,65.8389429561356,64.56560265230618,64.78275626807202,13815900
2023-06-27,MU,Micron,65.92779541015625,65.97714543159404,62.966523011303984,64.42741317743089,18305200
2023-06-28,MU,Micron,66.20417785644531,66.8556613815834,64.54586505625421,64.80251076593633,27100100
2023-06-29,MU,Micron,63.499534606933594,67.07279744974315,62.72960144509558,66.96421689067294,51141900
2023-06-30,MU,Micron,62.29529571533203,64.25960413234175,62.088007568593724,63.66735120867452,31549600
2023-07-03,MU,Micron,63.07509231567383,63.48966856991556,62.44335115397631,62.621027767351876,12921300
2023-07-05,MU,Micron,61.258853912353516,62.927035940950745,61.21936937825061,62.680263250986236,16553000
2023-07-06,MU,Micron,60.43956756591797,60.9923397542418,59.71899175363746,60.20266788910237,15607300
2023-07-07,MU,Micron,59.97970199584961,60.81041852612359,59.959922581731476,60.7510802837692,15028100
2023-07-10,MU,Micron,61.78947448730469,62.13560857267421,59.910475432228935,60.157712447833966,16953100
2023-07-11,MU,Micron,62.89710235595703,62.96632842633243,61.6213620786548,61.908154181979484,13454500
2023-07-12,MU,Micron,63.084991455078125,63.984930177825454,62.43228595050412,63.757476371613414,13953600
2023-07-13,MU,Micron,63.816810607910156,63.93548707925563,62.84764206047793,63.47068033116189,11384700
2023-07-14,MU,Micron,63.371795654296875,64.81565896567123,62.97621490780694,63.5893654421201,13860200
2023-07-17,MU,Micron,64.43985748291016,64.94421554752896,62.639968591250074,63.094883781239915,11333600
2023-07-18,MU,Micron,64.22228240966797,64.40029334280976,63.04543193250418,63.658582378897954,10393100
2023-07-19,MU,Micron,64.24207305908203,65.0332346234731,64.08384527324934,64.90466653084094,9463900
2023-07-20,MU,Micron,63.97506332397461,64.82555940419553,63.53992368895659,63.688267432265114,12745100
2023-07-21,MU,Micron,64.92443084716797,65.42879638648255,63.62890397344125,64.56840900118988,24540200
2023-07-24,MU,Micron,64.75630950927734,65.90348510904863,64.49918095179949,64.63763304927062,10272700
2023-07-25,MU,Micron,64.95411682128906,65.27057993736416,64.36074942178274,64.67721253785784,8610900
2023-07-26,MU,Micron,66.63531494140625,67.12978895192593,64.2816213675594,64.2816213675594,14920600
2023-07-27,MU,Micron,70.28453063964844,71.54049121872738,69.18679780943478,69.70105496966369,25068300
2023-07-28,MU,Micron,70.4131088256836,71.33283095353515,69.8790834373223,70.78891397055204,11932900
2023-07-31,MU,Micron,70.60101318359375,70.97681079289,70.08676342639485,70.33400048266044,11193800
2023-08-01,MU,Micron,69.97798156738281,70.29444471138987,69.11759385785902,70.21532703911897,13141100
2023-08-02,MU,Micron,67.41657257080078,69.07800524697835,66.59574405121478,68.97911197180403,14004400
2023-08-03,MU,Micron,68.41542053222656,68.62309869950325,66.41774896241688,66.82321370469778,11075200
2023-08-04,MU,Micron,69.13736724853516,70.1460910192389,68.36598137084943,68.73189489442822,11255500
2023-08-07,MU,Micron,68.61321258544922,69.45382445901879,68.06929568822311,69.07801937340186,10537500
2023-08-08,MU,Micron,66.90232849121094,68.00006128920322,66.21995201000658,67.94071928318074,14767800
2023-08-09,MU,Micron,65.96282196044922,67.21879001961355,65.88371186264709,67.03088750405188,10043200
2023-08-10,MU,Micron,64.71675872802734,66.71443034330281,64.2123931416911,66.318849639217,12775300
2023-08-11,MU,Micron,63.65858459472656,64.58819057120338,63.361897180805094,64.18272582025669,11823100
2023-08-14,MU,Micron,67.52536010742188,67.72315421066587,63.49045094212699,63.65857781615278,21954000
2023-08-15,MU,Micron,64.60797119140625,66.8825469425702,64.59807959931504,66.84298811927943,13808500
2023-08-16,MU,Micron,63.510250091552734,64.50908981509232,63.38168200585355,64.28162842544602,9895400
2023-08-17,MU,Micron,62.85752868652344,63.994816486369395,62.69929717643458,63.77724674529592,9933300
2023-08-18,MU,Micron,62.88719940185547,63.15421579728294,61.06753504869333,61.62134725097293,9576500
2023-08-21,MU,Micron,63.253116607666016,63.48057797984429,62.165275257638115,62.9762123598489,11311900
2023-08-22,MU,Micron,62.70919418334961,64.36073934863627,62.59052147652948,63.58936109549944,8876000
2023-08-23,MU,Micron,64.46952819824219,64.89477617740432,62.47184883749908,62.867429581266784,10747400
2023-08-24,MU,Micron,62.98610305786133,65.50791995543005,62.66963996803124,65.40902665455975,12661600
2023-08-25,MU,Micron,63.015769958496094,63.678363330718966,61.9378164501103,62.758641356933964,9409000
2023-08-28,MU,Micron,64.58819580078125,65.37935727191434,63.94538559369495,64.99366812963258,9904900
2023-08-29,MU,Micron,65.94304656982422,66.28917682736328,64.15305327721244,64.18272050713382,9955000
2023-08-30,MU,Micron,67.33745574951172,67.94071454398849,65.7848079207125,66.44740871707235,16892200
2023-08-31,MU,Micron,69.16703796386719,69.7604053614815,67.21880884655494,67.21880884655494,18420900
2023-09-01,MU,Micron,69.612060546875,69.83952194405752,68.78134771210554,69.43404957584217,10772000
2023-09-05,MU,Micron,69.51315307617188,70.37354051837046,68.76155051327682,69.13735556726144,11144300
2023-09-06,MU,Micron,69.6318359375,69.87907295040962,68.87034171249647,69.35492414517836,9192800
2023-09-07,MU,Micron,69.09778594970703,69.51314221757939,68.33629191353471,68.68242213676167,12043200
2023-09-08,MU,Micron,69.40436553955078,69.82961344825358,68.84066552523068,68.99889326947593,9805000
2023-09-11,MU,Micron,69.25602722167969,70.0768558723659,68.54398345458199,70.04718863958257,9310400
2023-09-12,MU,Micron,69.53294372558594,70.89769703506613,69.01869399474647,69.18681337357131,11062100
2023-09-13,MU,Micron,70.06694793701172,71.0657872964985,69.58236564273648,70.26474201789027,14525500
2023-09-14,MU,Micron,70.99659729003906,71.43173694376202,70.49223155913985,70.87792078127556,11170300
2023-09-15,MU,Micron,69.10769653320312,70.83835585899739,68.87035108114401,70.50211709733664,16416100
2023-09-18,MU,Micron,69.72084045410156,70.26476492248278,69.1373647017246,69.86918417684873,12735700
2023-09-19,MU,Micron,69.92852020263672,70.27465053335884,69.19670071124206,69.83951849405474,10399000
2023-09-20,MU,Micron,68.90989685058594,71.51082737091623,68.88022961783712,70.16585748909064,15522100
2023-09-21,MU,Micron,67.14956665039062,68.52420368369947,67.08034059637774,68.23740787562491,14978600
2023-09-22,MU,Micron,68.11872863769531,68.97911602694612,67.04077904830028,67.83193284127837,15487200
2023-09-25,MU,Micron,67.82205200195312,68.42531085310341,66.86277128635106,67.53525619197397,14900000
2023-09-26,MU,Micron,67.18913269042969,68.28686562559832,66.84299483811134,67.2187999246113,12752500
2023-09-27,MU,Micron,67.45613861083984,68.08906469379599,66.01227551252899,67.3671369171776,20852300
2023-09-28,MU,Micron,64.47940826416016,66.34851942931705,63.12455429766131,65.24090246926832,46749800
2023-09-29,MU,Micron,67.27815246582031,67.97042081134536,65.62661059541041,65.62661059541041,24315500
2023-10-02,MU,Micron,67.20891571044922,68.51432697328617,66.31886086190683,67.4858199866456,14880500
2023-10-03,MU,Micron,67.0803451538086,68.88023022550175,66.36830138125754,66.42763584727862,12481500
2023-10-04,MU,Micron,67.35725402832031,67.7429431741731,66.3781975461613,67.55504062539737,12912800
2023-10-05,MU,Micron,68.286865234375,68.77144766173971,67.5847054857504,67.85172568200477,14045000
2023-10-06,MU,Micron,69.30221557617188,69.66873945328689,67.36064495211835,68.06396842631676,15113400
2023-10-09,MU,Micron,68.8267593383789,69.29233409711053,67.93521953652224,68.95553437066675,8588700
2023-10-10,MU,Micron,68.42058563232422,69.45080818933788,68.24227773673222,68.83663486948522,9007600
2023-10-11,MU,Micron,69.54988098144531,69.6093144398385,68.28191681797361,69.06449010335498,11165300
2023-10-12,MU,Micron,69.09420013427734,70.0550812593491,68.6484341242177,69.72818215455239,11408700
2023-10-13,MU,Micron,68.55928039550781,69.40128710687759,68.44040592563378,69.21307864332155,10287900
2023-10-16,MU,Micron,68.43050384521484,69.37156881476447,67.49933941301813,68.36116229543394,11294100
2023-10-17,MU,Micron,68.35125732421875,68.97533130076835,66.98423489849286,67.43000094493365,11843000
2023-10-18,MU,Micron,68.48992156982422,68.89607023787607,67.34083221484454,67.37054893540241,11201000
2023-10-19,MU,Micron,66.89507293701172,69.12391814401653,66.54836519412115,69.02485986857093,18111000
2023-10-20,MU,Micron,66.58797454833984,67.87574694532432,66.5087249233272,66.92477411815325,11506100
2023-10-23,MU,Micron,66.25118255615234,67.51915417304599,65.60729998939325,66.1917491026452,9762000
2023-10-24,MU,Micron,67.43000793457031,67.70737417512127,66.49884336329504,66.65734267656029,8450700
2023-10-25,MU,Micron,65.874755859375,68.5493669839842,65.28039867142425,67.84604342984862,11924300
2023-10-26,MU,Micron,63.92327117919922,66.80591424047819,63.2793849132188,65.82521703289159,16697900
2023-10-27,MU,Micron,65.03274536132812,65.64691114417928,64.26998084321387,64.30960566108512,9980300
2023-10-30,MU,Micron,65.44879913330078,66.91488726516052,64.55725956376864,65.73607341446457,10667700
2023-10-31,MU,Micron,66.24128723144531,66.43940379716656,64.6464239371029,65.45871394882008,8268400
2023-11-01,MU,Micron,68.74749755859375,69.00505513543426,66.37006102526088,66.37006102526088,16777500
2023-11-02,MU,Micron,69.77771759033203,70.36216671608139,69.09420262973653,69.65884312311391,11926000
2023-11-03,MU,Micron,71.89759063720703,72.50185590401689,70.48103547106182,70.62962665362615,14457900
2023-11-06,MU,Micron,72.23439025878906,72.30373180295935,71.34285072112723,71.89759063215098,10073900
2023-11-07,MU,Micron,72.11553192138672,72.44242349262437,71.0357762537763,71.79854088787641,8248400
2023-11-08,MU,Micron,71.60042572021484,72.0957247443532,71.04569323163216,71.93723298661386,9917600
2023-11-09,MU,Micron,72.87828826904297,75.38449978355649,72.80894671733296,72.85847963612396,22435900
2023-11-10,MU,Micron,74.65145111083984,75.09721709955606,72.87828013483679,73.74010294503782,12306000
2023-11-13,MU,Micron,74.076904296875,74.49295357039328,72.6999739219014,73.45283038659757,9116000
2023-11-14,MU,Micron,76.4444351196289,76.72180131148336,75.19628725628388,75.28543743609629,12972700
2023-11-15,MU,Micron,76.41471099853516,76.7713267985996,75.5925130396276,76.7713267985996,9954000
2023-11-16,MU,Micron,75.94912719726562,76.75151650888928,75.76091876516809,76.16705991011005,12989000
2023-11-17,MU,Micron,76.83077239990234,77.20720444710764,75.75102429276845,75.87979930184994,9376900
2023-11-20,MU,Micron,77.88080596923828,78.16808025369598,76.40480972588716,76.6128343682196,11424100
2023-11-21,MU,Micron,75.9887466430664,77.19727701421337,75.59250606205192,77.11802738647839,12016700
2023-11-22,MU,Micron,76.37509155273438,77.71239711820282,76.12744209403053,76.47414982468356,8579500
2023-11-24,MU,Micron,76.14725494384766,76.28593803002741,75.65195604815955,75.95903894503454,4349600
2023-11-27,MU,Micron,76.78123474121094,77.55389978727545,75.93922815402938,76.1472527773805,11005600
2023-11-28,MU,Micron,75.40430450439453,75.5231713991524,73.29432643050839,74.37408192307974,19225700
2023-11-29,MU,Micron,75.96894836425781,78.27703551460286,75.66185790436472,76.72179725731986,14062900
2023-11-30,MU,Micron,75.40430450439453,76.27602781581729,74.26511556444424,76.09771991601932,21701600
2023-12-01,MU,Micron,75.21610260009766,75.82036795384346,74.38399639261878,75.29535224988852,14354700
2023-12-04,MU,Micron,73.59150695800781,74.88918757801271,72.64053403521862,74.71087968263592,11659300
2023-12-05,MU,Micron,72.99716186523438,73.27452806875233,72.35327171697499,72.77922911742392,8800500
2023-12-06,MU,Micron,72.44242095947266,74.69108240158327,72.24430440457981,74.59202412413686,8883900
2023-12-07,MU,Micron,72.95753479003906,73.51226717995063,72.30373656679018,73.32405116580406,10641300
2023-12-08,MU,Micron,74.25520324707031,74.64153574838136,72.73958996382532,72.78912287226449,12007100
2023-12-11,MU,Micron,77.05860900878906,77.77184068251357,76.24631905986102,76.46425179990595,18547600
2023-12-12,MU,Micron,77.42511749267578,77.5241757481153,76.37507882356778,76.69206977557046,10262100
2023-12-13,MU,Micron,79.03980255126953,79.51528528212332,77.29634823692828,77.56381388598756,11629900
2023-12-14,MU,Micron,81.41725158691406,81.6252762588408,80.03041288307284,80.05022151759128,17342800
2023-12-15,MU,Micron,80.64456939697266,82.20970815524421,80.34738703806747,82.11064988816292,19547800
2023-12-18,MU,Micron,80.79315185546875,81.09033421009498,80.05020352656437,80.82286857939913,12416600
2023-12-19,MU,Micron,81.39742279052734,81.49648106310643,80.406824949413,80.90212386997017,14316400
2023-12-20,MU,Micron,77.95014190673828,80.8525937111502,77.89070090059128,80.69409443830662,29085000
2023-12-21,MU,Micron,84.67630004882812,85.21121618974128,82.32858063136219,84.2008097975417,53969700
2023-12-22,MU,Micron,85.67681884765625,86.66741684700649,84.81500342512584,85.3400191555554,22531800
2023-12-26,MU,Micron,86.24143981933594,87.04382915579585,85.61736594223267,85.88482401594514,11203900
2023-12-27,MU,Micron,85.84521484375,86.66740533012931,85.40934936350413,86.65750479296878,9186300
2023-12-28,MU,Micron,85.19141387939453,85.93436225624971,85.03291459798781,85.93436225624971,9606200
2023-12-29,MU,Micron,84.65081787109375,85.44436035453303,84.34332375345747,85.14678003129781,8549200
2024-01-02,MU,Micron,81.67505645751953,83.40101046785716,81.08982465827093,83.3216546947371,13597100
2024-01-03,MU,Micron,81.5956802368164,81.92300944492989,79.92924741236962,80.54423552344016,12915600
2024-01-04,MU,Micron,82.04206085205078,83.57954659864478,81.9428699320923,82.79592546574311,19134200
2024-01-05,MU,Micron,82.77606964111328,82.85542539163424,80.35577979247127,80.82198536705577,15483700
2024-01-08,MU,Micron,84.26395416259766,84.81943683695503,83.15300394944437,83.21251697721165,16219800
2024-01-09,MU,Micron,82.65705871582031,83.51011427064425,82.23053093840834,82.45866930319714,12138700
2024-01-10,MU,Micron,81.71472930908203,82.3495603193602,81.00055009835604,82.29004727707868,10748600
2024-01-11,MU,Micron,82.71656036376953,82.77607339546904,81.15923963612185,82.13132870464098,10579300
2024-01-12,MU,Micron,81.72464752197266,82.37932123296525,81.05013865357829,82.08174089746275,10187500
2024-01-16,MU,Micron,83.92671203613281,84.53178643865654,81.6651259397799,81.87342912573014,13713500
2024-01-17,MU,Micron,82.60745239257812,83.29188256386433,81.96270010041678,83.01414497777185,10245400
2024-01-18,MU,Micron,84.13501739501953,85.1269416781807,83.36131766499888,84.53178862184033,15077700
2024-01-19,MU,Micron,86.80330657958984,87.0810442014377,84.9285700643342,85.36501165533114,18156800
2024-01-22,MU,Micron,88.51931762695312,89.22358293374104,87.29925504187737,87.55714989713057,14371200
2024-01-23,MU,Micron,86.82312774658203,88.45980426047825,86.17837547531609,88.28125759409355,16850900
2024-01-24,MU,Micron,87.36869049072266,87.8547312583297,85.91056062012002,87.69602731224192,19752800
2024-01-25,MU,Micron,88.47964477539062,89.31286512492085,87.78530079060032,88.4300531009238,15892400
2024-01-26,MU,Micron,87.33893585205078,87.78529875078958,85.59314700085282,86.5354720394266,14934500
2024-01-29,MU,Micron,88.35070037841797,88.84666254683117,87.30917679763738,87.78530380913818,12108100
2024-01-30,MU,Micron,85.46420288085938,88.07296111308614,85.06743164005914,87.36869575536215,12980400
2024-01-31,MU,Micron,85.05750274658203,86.2180522797431,84.10525639364617,84.2738816965264,11396700
2024-02-01,MU,Micron,84.91863250732422,85.49395036731443,83.93662965512104,85.3749167373154,10459000
2024-02-02,MU,Micron,85.78162384033203,85.91057128552292,84.25405938471684,84.38300682990774,10450000
2024-02-05,MU,Micron,86.27758026123047,86.51563997788658,84.91864122507883,86.03951297679241,8409300
2024-02-06,MU,Micron,83.91680145263672,86.48588954488645,83.04391071828842,86.1287961608843,12990300
2024-02-07,MU,Micron,84.48218536376953,84.59129763515193,81.8039929536847,83.46050461153555,16374800
2024-02-08,MU,Micron,84.19453430175781,85.33524879340192,83.84736230024406,84.81945147226462,12524500
2024-02-09,MU,Micron,84.86904907226562,84.92856968223853,83.28197154900202,84.37308687325934,12161500
2024-02-12,MU,Micron,85.00790405273438,86.20813903871353,84.70040996106674,84.8392787487735,10366000
2024-02-13,MU,Micron,80.87158966064453,82.87528105131204,80.11772504856691,81.80400095537786,21207900
2024-02-14,MU,Micron,81.16915893554688,82.50825508924017,80.83190077299345,81.51633089127758,12870900
2024-02-15,MU,Micron,80.97077941894531,82.04205949951306,80.85175334407022,81.57585385883365,11527600
2024-02-16,MU,Micron,78.85797119140625,80.683108024182,78.60999014992385,80.30617956552983,15553100
2024-02-20,MU,Micron,80.05821228027344,80.11772531876535,78.5108127372268,78.68935942048465,12627200
2024-02-21,MU,Micron,80.83191680908203,80.84183817200864,79.29443853789128,80.13757275987105,9913300
2024-02-22,MU,Micron,85.21623229980469,85.61299602170347,83.20261932903215,84.31357742658429,17510900
2024-02-23,MU,Micron,85.30549621582031,86.11887390028312,84.36317108706083,85.85105764896468,10232800
2024-02-26,MU,Micron,88.73754119873047,91.60420163387175,88.18206604854653,88.9557657413831,28920100
2024-02-27,MU,Micron,91.1082534790039,92.00098694131712,89.75923570657116,91.1479313626381,21422700
2024-02-28,MU,Micron,88.98553466796875,90.05681480797068,88.57884960994615,89.72947794833969,14190700
2024-02-29,MU,Micron,89.87826538085938,90.096489947301,88.10271989764516,89.91794326273805,17027000
2024-03-01,MU,Micron,94.381591796875,95.28423890900467,91.17767321098061,91.17767321098061,23446200
2024-03-04,MU,Micron,94.99658203125,96.59358067813987,93.85587519871275,96.14721779304108,20913200
2024-03-05,MU,Micron,93.70707702636719,94.5998102879277,92.52668484898271,93.48885249934342,12887500
2024-03-06,MU,Micron,94.78828430175781,95.65126117276247,93.79635999531737,94.28240835427614,14232400
2024-03-07,MU,Micron,98.1806640625,98.88492936087462,96.68285634939775,98.13106482366153,24843300
2024-03-08,MU,Micron,96.83165740966797,101.02749315653556,96.53407707866675,99.0734009834903,22379000
2024-03-11,MU,Micron,93.74676513671875,95.68101444147143,92.77467601959842,95.12553927042075,15673300
2024-03-12,MU,Micron,96.63326263427734,96.71261839384248,92.88379002431499,94.5601444981651,14993700
2024-03-13,MU,Micron,93.39958953857422,94.57005287003267,92.34814470407593,94.55021771516952,16732600
2024-03-14,MU,Micron,90.69163513183594,92.69531880140869,89.57076344568374,92.54653621706484,16718900
2024-03-15,MU,Micron,92.49694061279297,93.93522781504808,91.27687039874661,91.73316223460783,29579500
2024-03-18,MU,Micron,93.02265167236328,96.29600460899364,92.93338212554777,96.0381021941135,23140300
2024-03-19,MU,Micron,93.24089813232422,93.39960967657463,90.26512478767557,91.8323672321251,21054700
2024-03-20,MU,Micron,95.47271728515625,95.89924505210251,92.83419492037652,94.22289050353521,39807400
2024-03-21,MU,Micron,108.96288299560547,112.58340820928419,107.90152429581512,112.45446077450322,89554100
2024-03-22,MU,Micron,109.3199691772461,110.44084083989208,106.18549252570534,108.42723585099732,37281400
2024-03-25,MU,Micron,116.18408203125,120.42952408146884,109.27037652319106,109.34972470986949,55766100
2024-03-26,MU,Micron,117.84060668945312,121.47104559430907,117.21568955392411,118.03898851699087,44295100
2024-03-27,MU,Micron,118.28697204589844,119.14002754406289,116.13449814443356,118.33657128770544,29320700
2024-03-28,MU,Micron,117.05083465576172,118.77844686466763,116.51467757539362,118.58980447395277,21047800
2024-04-01,MU,Micron,123.41520690917969,126.47327700044656,118.15293050376712,118.35150382752028,44309400
2024-04-02,MU,Micron,121.8762435913086,122.79962398832362,120.05926803991012,121.83652740943742,25026400
2024-04-03,MU,Micron,127.09878540039062,127.36686771079857,120.46634268491216,121.33014494601527,40130100
2024-04-04,MU,Micron,123.20669555664062,129.61077996147418,122.7698327276466,129.253341917242,36009900
2024-04-05,MU,Micron,122.70033264160156,124.79531381111195,120.33726914845678,123.51449540119184,23326500
2024-04-08,MU,Micron,122.07482147216797,128.77677401702255,121.73724527632096,128.14133023359148,27955800
2024-04-09,MU,Micron,121.75709533691406,125.24211265980138,120.4067754504132,124.00101037993568,19212900
2024-04-10,MU,Micron,121.33013916015625,123.59391577031234,119.07630106298356,119.14580247809234,22242300
2024-04-11,MU,Micron,126.60235595703125,126.65199550022172,121.21100767089298,122.02517041506641,21745300
2024-04-12,MU,Micron,121.64788055419922,125.09318177509921,120.96279723086917,124.35845132938717,24808200
2024-04-15,MU,Micron,120.50606536865234,123.89178832758795,119.75147308854726,122.7499727560668,17732600
2024-04-16,MU,Micron,120.90320587158203,121.67765999009202,117.51748308493305,118.67915290006827,17452400
2024-04-17,MU,Micron,115.50193786621094,123.53434773167243,115.37285838834141,121.15142997393475,25546500
2024-04-18,MU,Micron,111.13325500488281,116.782754607984,110.6864612457113,115.17428343981064,32146900
2024-04-19,MU,Micron,106.0099868774414,110.09073169778827,104.96746552831918,108.87942226001107,33787500
2024-04-22,MU,Micron,108.34326171875,109.44536109199309,105.87098065169835,106.83407718282851,19820900
2024-04-23,MU,Micron,111.65948486328125,112.0864243347187,108.13475906428539,108.92905994887788,17887500
2024-04-24,MU,Micron,110.98432159423828,113.13887318907817,108.4524776587397,111.91763286991994,20505900
2024-04-25,MU,Micron,110.78575134277344,112.25521214192067,107.30073415783191,108.591483507836,18342800
2024-04-26,MU,Micron,114.02253723144531,114.24097242979536,110.80560246279126,111.20275668023801,20630700
2024-04-29,MU,Micron,113.54595947265625,113.93318275575383,111.31197549705323,112.99987147080749,14419100
2024-04-30,MU,Micron,112.15592193603516,115.45228905376072,112.12613669545206,113.36723888699161,14845600
2024-05-01,MU,Micron,108.91913604736328,112.92045627080053,107.97590131875167,109.73329886234946,16686200
2024-05-02,MU,Micron,111.53040313720703,111.60983549119794,108.65104469326928,110.94459899538182,15439200
2024-05-03,MU,Micron,113.883544921875,114.65799912629527,112.6424426120242,114.21119774969657,15564400
2024-05-06,MU,Micron,119.27488708496094,120.50606596253864,117.17990589539198,118.92737997237326,22538700
2024-05-07,MU,Micron,118.36144256591797,120.54578714657842,118.3316573229009,119.29475391425116,12508300
2024-05-08,MU,Micron,118.47065734863281,119.61247294594473,117.37848887189024,117.45792123476642,10867900
2024-05-09,MU,Micron,116.97138977050781,118.77843414787152,116.60402839233446,118.47064324722116,11524800
2024-05-10,MU,Micron,120.37698364257812,120.98264212812809,118.33164962093596,119.18552854892161,13922400
2024-05-13,MU,Micron,122.12444305419922,123.22654229264641,120.78405434057274,122.05494164164335,16643200
2024-05-14,MU,Micron,123.92156982421875,124.14993596165634,120.80392170929392,122.1145253271917,13887700
2024-05-15,MU,Micron,126.90020751953125,127.03921035137819,124.54708274106085,125.33146019224638,14265100
2024-05-16,MU,Micron,126.97964477539062,129.20370532097164,126.14562775211262,127.0193609538924,15874700
2024-05-17,MU,Micron,124.39815521240234,128.11153083177786,123.97121575742779,127.44630187812275,13774700
2024-05-20,MU,Micron,128.08175659179688,130.0873821386165,125.73855485744384,126.22506483510143,19123200
2024-05-21,MU,Micron,126.59243774414062,127.9030490775757,122.40247506326173,123.31592456072788,15717800
2024-05-22,MU,Micron,125.3811264038086,126.95981258001895,124.34852830822491,126.88038020918457,11190100
2024-05-23,MU,Micron,125.37117767333984,131.01074642582637,123.77264499388659,130.83203497944012,20747400
2024-05-24,MU,Micron,128.56826782226562,129.47177873268424,125.69883249389846,126.91014948388137,14048900
2024-05-28,MU,Micron,131.72561645507812,132.35113678901607,128.34982465482813,130.8220904505395,14143000
2024-05-29,MU,Micron,130.64337158203125,132.15255595815216,128.97532250312457,129.07461672990866,11242500
2024-05-30,MU,Micron,125.39102935791016,130.73273011535997,124.8052252226119,129.37248705008074,12639700
2024-05-31,MU,Micron,124.11021423339844,126.41369950656686,120.14861831609252,125.45060303210188,24153800
2024-06-03,MU,Micron,127.25765228271484,127.92288123825647,124.25915272596421,127.21794367872764,16134300
2024-06-04,MU,Micron,125.73854064941406,126.94985756208813,124.52722373674,126.44348576291908,12995500
2024-06-05,MU,Micron,132.7582244873047,132.91707405201092,126.74135597526578,127.88317149442946,22301800
2024-06-06,MU,Micron,129.14414978027344,133.1752476759445,128.26047038769877,132.88730345472527,15505000
2024-06-07,MU,Micron,130.00794982910156,131.59655167414365,128.69733853552174,129.2831503319897,12139500
2024-06-10,MU,Micron,133.86032104492188,134.70426141859892,128.78669483900987,128.78669483900987,14652100
2024-06-11,MU,Micron,134.10853576660156,134.8829822648545,130.84194655586737,134.35675618655884,14125000
2024-06-12,MU,Micron,139.74810791015625,140.70128106712951,135.85601322368106,137.52404731066756,16973600
2024-06-13,MU,Micron,142.12107849121094,143.19339248909037,139.26157449686576,141.77356385433617,16312900
2024-06-14,MU,Micron,140.35377502441406,141.47573633181335,138.65594044198568,140.79064545031022,14028500
2024-06-17,MU,Micron,146.77772521972656,147.69117470069477,141.12822508781994,144.54374106459,23909000
2024-06-18,MU,Micron,152.35769653320312,156.4185791220795,150.43150357706287,150.65987728023148,42192600
2024-06-20,MU,Micron,143.1636199951172,156.2895177622999,141.8927325845428,155.89235597763732,41285000
2024-06-21,MU,Micron,138.54672241210938,141.58495350560023,134.73405986167967,136.6701763794624,49893500
2024-06-24,MU,Micron,138.02047729492188,141.81329259593133,136.908454658056,141.42606934558182,32410100
2024-06-25,MU,Micron,140.11546325683594,140.12540177013076,136.7694567137809,139.07294957262224,31160600
2024-06-26,MU,Micron,141.34664916992188,143.04448366013625,138.54671531066356,142.02180150041983,55490300
2024-06-27,MU,Micron,131.28875732421875,136.41203109322535,130.14694930426714,134.82341413921316,68172700
2024-06-28,MU,Micron,130.59368896484375,134.45599699403795,129.81924268702255,131.87451445135653,38140600
2024-07-01,MU,Micron,130.58383178710938,131.13984322732426,126.36407613517775,129.5710880066177,24749000
2024-07-02,MU,Micron,131.64617919921875,131.76533530373598,128.49874607050305,128.9852635510322,20776000
2024-07-03,MU,Micron,135.84608459472656,135.84608459472656,131.48731928717518,131.71569299155897,14507100
2024-07-05,MU,Micron,130.66323852539062,136.1538731456962,129.9781477244552,135.8460822409681,30104600
2024-07-08,MU,Micron,129.8732147216797,132.43709203078845,129.27695854247318,130.4694557374617,20500700
2024-07-09,MU,Micron,130.3203887939453,134.36495901931517,130.0620192242271,130.92657696746633,21850900
2024-07-10,MU,Micron,135.53759765625,135.6469107916301,131.87065676254795,132.2681659654872,22460200
2024-07-11,MU,Micron,129.41610717773438,135.57735647420242,129.257118641832,135.50780183288776,25401500
2024-07-12,MU,Micron,132.71533203125,133.58982182883588,129.90301736202525,130.926578776196,20726900
2024-07-15,MU,Micron,130.05210876464844,134.5041214321743,129.21736207577268,133.07311844357153,20416000
2024-07-16,MU,Micron,126.69320678710938,130.15146070747528,126.44476924512571,129.6048950824264,21312600
2024-07-17,MU,Micron,118.75313568115234,122.26107228359707,118.48482649297226,121.81388777605976,31414100
2024-07-18,MU,Micron,116.71595764160156,120.8797733944865,113.37695637209649,119.74689877608789,30404900
2024-07-19,MU,Micron,113.54589080810547,116.47745062875018,113.13844961977705,115.96070390242156,18038900
2024-07-22,MU,Micron,114.55952453613281,114.85765263582651,112.92977477635563,114.63902637361281,23837800
2024-07-23,MU,Micron,113.53596496582031,115.61289932903644,113.11859168446291,114.41046244795669,14707700
2024-07-24,MU,Micron,109.59076690673828,113.32726964741322,109.31251807380616,110.77333202841187,25261000
2024-07-25,MU,Micron,106.77845001220703,110.00813798238757,104.38351610604029,106.13251848354047,29068400
2024-07-26,MU,Micron,108.72620391845703,109.93857269231684,107.10638637577534,109.3125128481482,18547900
2024-07-29,MU,Micron,107.17595672607422,110.33608264094109,106.47039499932785,109.84914716958052,13517700
2024-07-30,MU,Micron,101.91901397705078,108.56720497318108,101.53145202121209,108.31876743319668,23915100
2024-07-31,MU,Micron,109.13365173339844,110.64414877165478,107.07658902705212,109.16346302771014,26503600
2024-08-01,MU,Micron,100.87557983398438,107.18589176917894,99.32532444465683,106.51014136401359,31643700
2024-08-02,MU,Micron,92.12063598632812,97.079454699798,90.50082596923967,96.55276833272006,36039400
2024-08-05,MU,Micron,89.85488891601562,91.67345355409807,84.37933091595319,87.08232502067159,36977600
2024-08-06,MU,Micron,88.44377136230469,90.29214741528986,86.60533493459931,88.64251837762481,26460000
2024-08-07,MU,Micron,86.25752258300781,92.99514789702123,86.03889632038229,92.79639330294688,29483800
2024-08-08,MU,Micron,91.49458312988281,92.26970709415059,87.47983130153781,87.9270234528779,24760700
2024-08-09,MU,Micron,92.49827575683594,93.93921059704485,90.87845798535544,91.2163370152833,21627200
2024-08-12,MU,Micron,94.04851531982422,95.92670253134328,92.05107535869476,92.518139150862,18886600
2024-08-13,MU,Micron,96.83101654052734,97.1688879505553,94.31682988712568,96.01614172501718,23565500
2024-08-14,MU,Micron,99.7824478149414,101.31281624542174,97.45706871687753,100.3687567149459,22459000
2024-08-15,MU,Micron,106.28158569335938,107.3747170284691,102.10783769612965,102.86309000537474,29128000
2024-08-16,MU,Micron,107.3150863647461,108.78584005685936,104.69158633597121,106.16234002808447,18383300
2024-08-19,MU,Micron,107.9510726928711,108.04051414606731,104.10526458480342,106.5797002581268,15744600
2024-08-20,MU,Micron,107.3150863647461,108.50759120255182,105.49652918646105,107.65296538905714,16075500
2024-08-21,MU,Micron,107.65296173095703,107.72252394217016,105.54620856295426,107.48402601539834,13658900
2024-08-22,MU,Micron,103.6083984375,110.30627269252714,103.3102703434839,108.26908174074596,17967000
2024-08-23,MU,Micron,102.20720672607422,103.7574621962538,99.68308030401072,102.39602169054069,25465100
2024-08-26,MU,Micron,98.29182434082031,101.55132339972347,96.99994620033998,100.04081902792694,26752300
2024-08-27,MU,Micron,97.24839782714844,97.87445774078307,96.0658326307927,96.48320590654912,17234600
2024-08-28,MU,Micron,94.26713562011719,97.06951061453263,92.12063175288239,96.75151088402137,25564300
2024-08-29,MU,Micron,94.97269439697266,97.36763571776345,94.39631753366474,95.95650484868004,18984300
2024-08-30,MU,Micron,95.63851928710938,97.79496303195897,94.39633150902868,96.31426974165377,18819400
2024-09-03,MU,Micron,88.02639770507812,93.29326940568903,87.75808089565824,93.04483184674382,28897200
2024-09-04,MU,Micron,88.7319564819336,90.16295919953484,87.26120284643093,87.80776849043485,16356500
2024-09-05,MU,Micron,88.8313217163086,90.1331319341135,87.21151176660813,87.54938316474829,13890700
2024-09-06,MU,Micron,85.84014129638672,89.08970876238624,84.72714590199483,88.81145991378827,23587100
2024-09-09,MU,Micron,85.73081970214844,87.41025983473403,84.47870000706867,87.30094671476031,20526400
2024-09-10,MU,Micron,86.30720520019531,86.64508421791463,84.33958400785707,86.42645795616316,17019000
2024-09-11,MU,Micron,90.08345794677734,90.26233328763523,85.54201979569297,87.64876538611652,20879600
2024-09-12,MU,Micron,86.66494750976562,87.47982230916942,83.59426326208813,86.55563438945558,30900000
2024-09-13,MU,Micron,90.64988708496094,90.89832461475672,87.32082570203973,87.53944435962217,21267200
2024-09-16,MU,Micron,86.63513946533203,87.68851221137719,85.38301213777038,86.69476204893094,26494300
2024-09-17,MU,Micron,88.17545318603516,89.01019966373072,86.99288809425457,87.50963483067869,17744800
2024-09-18,MU,Micron,86.8040771484375,88.64251347445159,86.16807763653763,87.44007666033738,20130600
2024-09-19,MU,Micron,88.69220733642578,89.82508198326161,87.03264628486781,88.79158084230896,25208900
2024-09-20,MU,Micron,90.33189392089844,90.40145613103279,87.77795623209092,87.84751844222528,28711000
2024-09-23,MU,Micron,92.98521423339844,94.20753042475562,92.00140357022165,92.10077708277363,23394100
2024-09-24,MU,Micron,93.41251373291016,94.40626387900494,92.18026567463195,94.1379546755126,23043200
2024-09-25,MU,Micron,95.17144775390625,95.57888895130738,93.34295113203011,93.57151700062057,54762900
2024-09-26,MU,Micron,109.19326782226562,114.0825245045915,106.85795639906992,112.39314463760037,107965900
2024-09-27,MU,Micron,106.82814025878906,110.27645446440249,106.36107647900232,109.80939068461574,42960200
2024-09-30,MU,Micron,103.06182098388672,106.08282216904475,101.62088638523535,105.41701142796924,39544700
2024-10-01,MU,Micron,99.68307495117188,103.54876242157414,98.32164210027813,102.75376685195057,34309800
2024-10-02,MU,Micron,99.2259521484375,101.48176926168799,98.70920540020767,99.9613251453572,26334900
2024-10-03,MU,Micron,101.18364715576172,101.88920890256504,98.77877344157922,98.84833565375104,22176700
2024-10-04,MU,Micron,101.6109619140625,103.58852276633196,100.76627572745194,103.0022137646807,21911200
2024-10-07,MU,Micron,102.3819808959961,104.05335366751004,100.2927497511062,101.63582908432078,21749300
2024-10-08,MU,Micron,102.01387023925781,102.41181936537623,100.74043910787748,101.65571678477606,18858300
2024-10-09,MU,Micron,101.17818450927734,101.76516122564405,99.80526788274413,101.72536555078455,18442700
2024-10-10,MU,Micron,105.14771270751953,106.03314555803443,100.33254254099887,100.84987869942803,27605600
2024-10-11,MU,Micron,106.37139892578125,107.09765668510934,104.4513013209876,104.50104781048559,19133900
2024-10-14,MU,Micron,107.78411102294922,108.15221531004939,106.25201933993444,107.25683163213589,15021900
2024-10-15,MU,Micron,103.78474426269531,108.9282156907269,102.1830044036373,107.30658178936798,23419100
2024-10-16,MU,Micron,108.67948913574219,109.06748744459514,105.06811734170763,105.4760096911628,20450900
2024-10-17,MU,Micron,111.47508239746094,113.55435511170737,110.44041765320124,110.76871867791212,26584800
2024-10-18,MU,Micron,110.57970428466797,112.32072524590578,109.29632220812564,111.17662423904255,16700400
2024-10-21,MU,Micron,108.52031707763672,110.5697448781972,107.13744971450632,110.52994920563069,14829400
2024-10-22,MU,Micron,107.26679229736328,107.96319767176885,105.82423505455918,107.68463552200663,13758100
2024-10-23,MU,Micron,104.51099395751953,106.55047090159913,103.00873960672556,106.01324071806522,15174700
2024-10-24,MU,Micron,106.3017578125,106.97826907862537,105.00843258536965,106.23211728173335,13206300
2024-10-25,MU,Micron,107.3563232421875,109.31620890242517,107.16729569308015,107.78410964869612,12265000
2024-10-28,MU,Micron,105.8441162109375,107.62493269752163,105.77447568197604,106.232114528044,12381000
2024-10-29,MU,Micron,107.62493133544922,108.19200637560105,105.05816743149951,106.043085640132,15164600
2024-10-30,MU,Micron,103.54598236083984,106.2520276477871,103.10823750846625,105.71479739903295,14321800
2024-10-31,MU,Micron,99.13871002197266,101.96413469928673,98.56168410666234,101.67562174163157,19830300
2024-11-01,MU,Micron,99.21829223632812,100.09377425495698,98.86013877637807,99.4869035361665,13623400
2024-11-04,MU,Micron,101.20803833007812,103.2574662765072,100.48178053698246,100.97921509409623,15765800
2024-11-05,MU,Micron,104.94873809814453,105.07807593750432,101.26772550407405,101.47664710198357,12071900
2024-11-06,MU,Micron,111.25621032714844,111.74369404796384,106.45099087979341,107.82390746893114,20304500
2024-11-07,MU,Micron,112.82810974121094,113.27579780593183,110.79857583999487,111.98246492301752,13569800
2024-11-08,MU,Micron,111.32585144042969,113.71353874769937,110.00267374391062,111.56461789408205,13045700
2024-11-11,MU,Micron,108.092529296875,110.93785553177499,106.22217053001134,110.38072367407679,14479700
2024-11-12,MU,Micron,103.56586456298828,104.5507827779707,101.54628164539625,104.46124820853973,21859700
2024-11-13,MU,Micron,99.40731811523438,102.80976859725938,99.30783272381967,102.27254596557023,18416200
2024-11-14,MU,Micron,98.6711196899414,101.76516326239113,98.0542981026471,100.77029414173845,18459700
2024-11-15,MU,Micron,95.84569549560547,97.69615282275903,95.14929008871958,97.04949391218628,18518300
2024-11-18,MU,Micron,97.00968933105469,97.56681360543868,95.03984514766292,96.05461589343257,14236400
2024-11-19,MU,Micron,97.22856140136719,97.67624946449759,96.01481987345942,96.50230361179568,14160300
2024-11-20,MU,Micron,97.86526489257812,98.02443998342098,96.0347020112732,97.47726659522914,10490600
2024-11-21,MU,Micron,102.23274993896484,102.76002934287126,97.55686065608485,99.58639451300208,18915200
2024-11-22,MU,Micron,102.11336517333984,103.17787482087174,101.12844687652505,101.83480303607901,12063700
2024-11-25,MU,Micron,103.94393157958984,105.85407851578388,103.27736348404102,103.31715916065956,22837900
2024-11-26,MU,Micron,101.27767181396484,104.1826876036153,99.79531147198185,103.46638067679773,19275700
2024-11-27,MU,Micron,97.69613647460938,100.52156848885436,96.14414320454074,100.4220831031253,17046400
2024-11-29,MU,Micron,97.44743347167969,97.69615076751373,95.60692700055763,96.74107726234094,13729400
2024-12-02,MU,Micron,98.04435729980469,99.5764491040597,97.02958652111718,97.09922705767424,16525600
2024-12-03,MU,Micron,99.32772064208984,103.14802167691934,99.1187990559251,100.60115938053193,23479700
2024-12-04,MU,Micron,102.67047882080078,102.87940799236985,99.28793025817897,100.25294682230454,16306200
2024-12-05,MU,Micron,100.3524398803711,103.71509440534025,100.09377181222017,103.34699013875041,13448900
2024-12-06,MU,Micron,100.65089416503906,101.66566478808397,99.51674412063454,100.36238124633994,12381000
2024-12-09,MU,Micron,102.29244995117188,103.96383049625271,99.85502346846003,100.13358562759858,14141900
2024-12-10,MU,Micron,97.5966567993164,104.46125507974972,96.77091362797866,104.42145940507996,23548500
2024-12-11,MU,Micron,101.53633880615234,102.13326634357801,97.79563642237868,98.98947631673217,15248400
2024-12-12,MU,Micron,97.73593139648438,101.45674703421724,97.25839851255233,100.87972117507171,19334900
2024-12-13,MU,Micron,101.97406768798828,102.67047291902666,99.15858672918729,100.25294105949664,23926000
2024-12-16,MU,Micron,107.70453643798828,110.55980604427367,104.0036219809536,105.06813166916525,42741200
2024-12-17,MU,Micron,108.04278564453125,109.92308768682585,107.12750786960194,109.18688665831742,35811500
2024-12-18,MU,Micron,103.36689758300781,111.46513118145452,102.2029025962363,109.68431464063167,63024300
2024-12-19,MU,Micron,86.64315032958984,90.53309233591413,84.17587909668912,89.61781454274933,91396800
2024-12-20,MU,Micron,89.65760803222656,89.78693828563311,83.11136738597438,84.97177537712479,49578400
2024-12-23,MU,Micron,89.2596664428711,90.63258321567808,87.94643939358842,89.53822860631746,26041500
2024-12-24,MU,Micron,88.82191467285156,89.2397578856078,87.77730664096097,89.12037844781979,13021300
2024-12-26,MU,Micron,89.35913848876953,90.16497999689543,87.64796249451577,88.04591163577804,14468200
2024-12-27,MU,Micron,88.17523956298828,89.03082753762449,87.13063163366384,88.5433438372731,19422600
2024-12-30,MU,Micron,84.98255157470703,86.71587839213575,84.25535779507652,86.65610352249679,22022900
2024-12-31,MU,Micron,83.83696746826172,86.06836741909574,83.76722885719141,85.11205315445258,18691500
2025-01-02,MU,Micron,86.99479675292969,87.31356816972283,84.41473418566737,84.65381844834478,18860000
2025-01-03,MU,Micron,89.52506256103516,89.85379017476083,87.17412013498922,87.61242615332722,17484600
2025-01-06,MU,Micron,98.8790054321289,101.13032524180727,95.11351569016253,95.20316658872835,42903300
2025-01-07,MU,Micron,101.51883697509766,106.33029194839695,100.77171574072142,103.01307944385016,53570000
2025-01-08,MU,Micron,99.0284423828125,103.08282036721437,97.92270224160191,102.42534996968982,33516900
2025-01-10,MU,Micron,98.95867919921875,100.39315418309651,96.4981666923021,97.74336856022126,20512600
2025-01-13,MU,Micron,94.69512176513672,95.63151612590475,92.52348911577323,95.47212661764208,22699100
2025-01-14,MU,Micron,96.98629760742188,97.03610872932677,95.01389422168444,96.67748993191996,18613400
2025-01-15,MU,Micron,102.79393005371094,103.53108759657866,98.9686651067194,99.05832361334575,27568100
2025-01-16,MU,Micron,102.2061767578125,104.39773679752001,101.47898305926557,103.91957589427717,16243800
2025-01-17,MU,Micron,105.3440933227539,105.47359159978241,102.10656799604989,104.2383532954708,18908900
2025-01-21,MU,Micron,108.96015930175781,109.8168589347484,104.82609450548054,105.02532379682752,23533600
2025-01-22,MU,Micron,108.81073760986328,110.24520518135427,107.34637880553892,108.75096274430655,20004300
2025-01-23,MU,Micron,104.43758392333984,105.77244448876675,102.9533051902359,104.38778040081759,22677600
2025-01-24,MU,Micron,102.79393005371094,105.31421798279293,102.32573283050078,105.09506118894045,19743800
2025-01-27,MU,Micron,90.76028442382812,95.7311287038858,88.02084001055293,94.49589044193067,50696200
2025-01-28,MU,Micron,87.91127014160156,93.09130794842788,87.70207709633738,92.25453576737112,34793600
2025-01-29,MU,Micron,88.66835021972656,90.10281782158805,87.42314816249008,89.53500598749262,25342800
2025-01-30,MU,Micron,92.14495086669922,92.80242119120635,89.95339831856231,90.31201711372799,22497100
2025-01-31,MU,Micron,90.88978576660156,93.90815431516894,90.7901711227759,91.29821568642997,20492100
2025-02-03,MU,Micron,89.5748519897461,91.04917454692158,87.68214337179072,88.30973006307066,18607900
2025-02-04,MU,Micron,90.31201934814453,91.09898036800107,88.45915806065004,88.70819847455941,12827500
2025-02-05,MU,Micron,93.24073028564453,93.2905414089182,89.87370659536852,90.04305225432242,15660000
2025-02-06,MU,Micron,94.17713165283203,96.239186147151,93.22081729605767,94.51582299580775,16141100
2025-02-07,MU,Micron,91.94572448730469,95.56178858608139,91.23844301884404,95.2230896687795,15602800
2025-02-10,MU,Micron,95.5617904663086,95.89052564542278,92.8123820957262,92.83230958542977,16217900
2025-02-11,MU,Micron,93.71888732910156,95.47212631374994,93.20087902900679,93.88823298100907,12124000
2025-02-12,MU,Micron,91.3281021118164,92.2844164019792,87.0147202613084,89.2560840164085,22874700
2025-02-13,MU,Micron,95.2928237915039,95.70124610182195,91.66678851880309,91.70663589543825,16579900
2025-02-14,MU,Micron,99.13801574707031,100.31348693660048,97.62385320467929,98.03228317736446,21284500
2025-02-18,MU,Micron,106.3801040649414,107.46591662099645,101.65829994758526,102.24603167606784,29641900
2025-02-19,MU,Micron,103.95942687988281,106.77856607789737,103.22226941188845,105.35405466265513,17875900
2025-02-20,MU,Micron,102.7839584350586,104.44754655170729,101.94717870445812,103.58089078800093,14488000
2025-02-21,MU,Micron,98.46060943603516,103.26211567047842,97.37479693413187,103.24218818230759,18650800
2025-02-24,MU,Micron,95.04379272460938,100.31348150045683,94.91428683779506,99.8353281340815,14883700
2025-02-25,MU,Micron,92.8621826171875,95.56177955539071,92.40394920776171,95.13342977699776,18608200
2025-02-26,MU,Micron,97.33495330810547,99.33724034026527,95.1334369872207,95.63151780914333,21335200
2025-02-27,MU,Micron,91.46755981445312,99.50658379879498,91.13882465521553,97.4644494339542,22386300
2025-02-28,MU,Micron,93.27061462402344,94.09743063590481,89.52505220895311,90.65071216240254,23359100
2025-03-03,MU,Micron,90.19247436523438,95.8307452060337,89.04688697740582,95.44224278061246,20281800
2025-03-04,MU,Micron,90.84992980957031,93.23075529268631,86.46682509428175,89.85376826516665,23611500
2025-03-05,MU,Micron,93.97789001464844,94.685171501352,90.08290176593039,91.79630108561403,14010300
2025-03-06,MU,Micron,88.92735290527344,92.93192725344115,88.68827622183545,90.58098499932048,18708100
2025-03-07,MU,Micron,92.60319519042969,92.98173391866392,89.14651270853976,89.94344514705612,19133900
2025-03-10,MU,Micron,86.74576568603516,91.01930044012491,85.43083250016991,89.2461261681772,21897900
2025-03-11,MU,Micron,88.70819854736328,90.75032538302989,85.7396334670788,87.56261112241795,21962100
2025-03-12,MU,Micron,95.27289581298828,96.61771246703934,91.88594481752307,92.11506533196908,23584700
2025-03-13,MU,Micron,94.51581573486328,97.74338499115146,93.63919620852532,93.88823662397353,18824700
2025-03-14,MU,Micron,100.40314483642578,102.38550461344062,98.37097393130003,98.37097393130003,24623600
2025-03-17,MU,Micron,102.7142333984375,104.04908642712938,100.57248422542904,100.67209887531325,17095100
2025-03-18,MU,Micron,101.32955169677734,102.91344487594085,99.90504040980515,101.50886107556089,18434100
2025-03-19,MU,Micron,101.66825866699219,103.20234856678226,100.10428513280854,100.43302031135866,16633100
2025-03-20,MU,Micron,102.60464477539062,104.288160311022,100.96097661576287,101.19009712775626,29204400
2025-03-21,MU,Micron,94.35643005371094,98.1219197689273,93.34034094318936,97.82306824227742,63239600
2025-03-24,MU,Micron,96.56790924072266,98.04222417257996,94.96408843504534,95.73112953336016,35406600
2025-03-25,MU,Micron,93.8185043334961,96.0100569195391,92.89207369664578,95.8108276299389,22191700
2025-03-26,MU,Micron,91.7763671875,96.26905821551087,90.620823661957,95.63151538760232,27107200
2025-03-27,MU,Micron,90.81010437011719,91.85606959677928,89.26605069252138,90.74036575489575,15658700
2025-03-28,MU,Micron,88.10053253173828,90.54112536171105,87.26375285281839,90.12273932230596,17118000
2025-03-31,MU,Micron,86.66918182373047,86.86867051049708,83.8862712663042,85.7814442306095,21089500
2025-04-01,MU,Micron,88.48455047607422,88.6640933264114,86.03080326146944,88.30500762573703,15337100
2025-04-02,MU,Micron,88.37483978271484,89.7014616873925,86.47966672031906,86.90857426807176,14520400
2025-04-03,MU,Micron,74.15107727050781,83.13818242954504,74.02141037707219,82.70927487740437,44839500
2025-04-04,MU,Micron,64.55552673339844,71.1586982986341,63.6977116631705,70.4704569869439,50737700
2025-04-07,MU,Micron,68.19625854492188,72.27586124349742,61.3836133493477,63.77751210382956,50181800
2025-04-08,MU,Micron,65.37344360351562,72.7845619913617,63.35857658856257,71.41804084337186,40822100
2025-04-09,MU,Micron,77.67211151123047,78.36035283767754,63.53811978954464,66.0317627282051,63132600
2025-04-10,MU,Micron,69.87198638916016,72.86436254955235,67.32846360882435,72.31575720947801,44882300
2025-04-11,MU,Micron,69.37325286865234,69.99167236764173,66.66016409500473,68.864546821092,30807800
2025-04-14,MU,Micron,70.83950805664062,74.58995460990005,69.79218106850001,74.48023355257027,32634700
2025-04-15,MU,Micron,70.85946655273438,72.61499598541637,70.37071392335343,70.93926507467582,19132700
2025-04-16,MU,Micron,69.15380096435547,70.27094963548592,66.99928691002462,67.75735751543783,28475000
2025-04-17,MU,Micron,68.62516021728516,70.30089110382369,66.82973154956323,70.26099184342922,20694100
2025-04-21,MU,Micron,66.57038879394531,67.82718883552275,65.48316250806096,67.5878008880813,19826100
2025-04-22,MU,Micron,70.03157806396484,70.22109766204483,67.2686206693574,67.36836502255505,20351200
2025-04-23,MU,Micron,72.74465942382812,75.20838349930625,72.31575190125494,73.50273012628422,26385500
2025-04-24,MU,Micron,77.22325134277344,77.3928174967228,73.41295938282018,74.3804955471287,23875600
2025-04-25,MU,Micron,79.5772476196289,80.09593036450289,76.7045695288069,77.3529191548967,19746200
2025-04-28,MU,Micron,78.3603515625,79.40768622179748,76.72451993407756,78.56981697235834,16882400
2025-04-29,MU,Micron,76.68461608886719,77.99129205796446,76.2756620112147,77.74192740256491,17098000
2025-04-30,MU,Micron,76.75444030761719,76.95393660422904,73.31321099862284,73.43290877658995,19779300
2025-05-01,MU,Micron,77.57235717773438,79.68697229120052,77.44269029063722,79.19821967521277,15349200
2025-05-02,MU,Micron,80.51486206054688,81.46244471774389,78.89897633574209,79.37775982790828,18899700
2025-05-05,MU,Micron,80.21562194824219,80.943770103353,78.84910848276829,79.2081942017263,12513600
2025-05-06,MU,Micron,80.3053970336914,81.01359175309604,78.34040230027023,78.83913161900634,13173800
2025-05-07,MU,Micron,82.4100341796875,82.65939883546118,79.9961785281942,80.78417175363967,14889700
2025-05-08,MU,Micron,84.93360900878906,85.99091278540156,83.14815703978859,84.03589466543605,17580500
2025-05-09,MU,Micron,85.64179992675781,86.05075401428313,84.46479842045694,85.35253600631037,13017600
2025-05-12,MU,Micron,92.05545806884766,93.96060009893799,91.716318176734,92.5741332091324,27765300
2025-05-13,MU,Micron,96.68366241455078,97.16244589101323,92.31479648560361,92.31479648560361,28009100
2025-05-14,MU,Micron,95.07776641845703,97.40184709991787,94.08030768238005,96.0552793282152,28044400
2025-05-15,MU,Micron,95.20742797851562,95.3670250201461,91.93576472514894,93.77109265387037,24196100
2025-05-16,MU,Micron,97.75094604492188,97.94046562041478,95.45678814476337,95.65628443738892,22609300
2025-05-19,MU,Micron,98.39929962158203,98.76835446021886,95.45679196998545,95.46676868751787,14380100
2025-05-20,MU,Micron,97.85070037841797,98.37935229035033,96.7235747475057,97.67115750172337,12331300
2025-05-21,MU,Micron,95.59642791748047,98.56885787355638,95.0179077170405,96.91308056608179,15764300
2025-05-22,MU,Micron,94.58900451660156,96.9729300538475,94.13017445608618,95.16753235334049,13245200
2025-05-23,MU,Micron,93.13272094726562,93.60152014078336,90.69891930003955,92.02554118873284,16545000
2025-05-27,MU,Micron,96.13506317138672,96.45424963905036,93.95063387487842,94.93811582014945,17612600
2025-05-28,MU,Micron,95.9355697631836,96.96295091762003,95.35704194087783,96.45424489386805,10500300
2025-05-29,MU,Micron,96.55400085449219,99.37680306472767,95.86575194729413,98.33944515025726,14628700
2025-05-30,MU,Micron,94.2199478149414,96.36448554026151,91.98564245949451,95.79593438610743,23758200
2025-06-02,MU,Micron,97.93048858642578,98.98779229890124,94.16009618306457,94.33963904084393,16850300
2025-06-03,MU,Micron,101.99015045166016,102.66842266126459,96.71359309944447,98.11003677921897,22757600
2025-06-04,MU,Micron,102.98760986328125,103.64593625225615,101.44154584796573,102.11981806236142,14595900
2025-06-05,MU,Micron,106.01988983154297,108.75292463400172,105.26181906231861,106.02986654969237,28833700
2025-06-06,MU,Micron,108.28410339355469,110.76778079163834,107.76542826893788,107.8053275262169,20710100
2025-06-09,MU,Micron,110.66802978515625,112.24401621606468,108.30405774879887,109.23169456091533,20159700
2025-06-10,MU,Micron,113.84993743896484,114.6279540212347,110.94733652741913,111.24656957675042,22949400
2025-06-11,MU,Micron,115.7351303100586,116.96200784426675,114.43843858212125,115.30622276997023,21614100
2025-06-12,MU,Micron,115.88475799560547,116.18399866490807,113.23151406514185,113.82001868543527,17076500
2025-06-13,MU,Micron,115.30621337890625,116.8024012885201,113.3711488572759,113.51079245337277,17453000
2025-06-16,MU,Micron,119.53543853759766,120.65259494253044,117.02184613900565,117.51059873678636,21374100
2025-06-17,MU,Micron,120.0341796875,123.19612963920142,119.04669767747657,119.29606235950313,20837700
2025-06-18,MU,Micron,121.51040649414062,122.66746212433851,119.87457499696824,120.15386218770422,20180000
2025-06-20,MU,Micron,123.285888671875,123.84447069545367,120.07407057381874,122.45799615889665,29290400
2025-06-23,MU,Micron,121.7697525024414,124.19357730014748,119.50551712980777,123.3557080859994,23399200
2025-06-24,MU,Micron,127.58494567871094,127.77446526648045,124.64243795442086,124.79205828108068,26420600
2025-06-25,MU,Micron,126.9266128540039,127.17597751579959,125.30075799869803,126.2882399286074,39407000
2025-06-26,MU,Micron,125.6797866821289,129.52000847430935,123.47540403526999,129.20081440887657,62678100
2025-06-27,MU,Micron,124.44293975830078,127.21587350867402,123.07641870714328,124.82197129489676,36888600
2025-06-30,MU,Micron,122.93677520751953,124.76212631286411,121.54033161419572,124.5825834564367,22799700
2025-07-01,MU,Micron,120.58277130126953,123.67489148429964,118.77737364417884,122.03905996527712,24825800
2025-07-02,MU,Micron,121.43061828613281,122.68741836112156,117.75997001775757,120.19377164646461,29303800
2025-07-03,MU,Micron,121.9792251586914,123.31581616194349,121.52039507055983,122.01912441983406,13247900
2025-07-07,MU,Micron,119.72782897949219,121.31528499999378,118.71945296689152,120.9858119896976,19148400
2025-07-08,MU,Micron,124.22061920166016,125.24896744168727,121.7545760769209,122.2537748433161,26238200
2025-07-09,MU,Micron,122.04412078857422,125.94785907032757,121.08566000429907,124.61998843097138,20464000
2025-07-10,MU,Micron,122.9127197265625,124.15073052288626,121.82446246502775,124.08084300092852,15378400
2025-07-11,MU,Micron,124.33045196533203,124.61000207471105,121.04572294579015,121.9342962008174,15820600
2025-07-14,MU,Micron,118.41993713378906,120.24700652653048,116.83248102655125,120.18709749227783,32117700
2025-07-15,MU,Micron,119.91752624511719,121.19547384673282,118.92911483717519,120.74619801144152,24958900
2025-07-16,MU,Micron,116.2434310913086,118.8991647056827,114.62602426191371,118.8392632880948,30614800
2025-07-17,MU,Micron,113.07849884033203,114.01698727627726,110.77219552014574,113.74742331270647,34702400
2025-07-18,MU,Micron,114.20669555664062,114.61604220989247,113.0984736626769,114.05693440015412,19349900
2025-07-21,MU,Micron,113.0485610961914,115.73424540104419,112.48945327289732,113.40797721643679,22189800
2025-07-22,MU,Micron,109.04498291015625,112.81892447472298,107.95672560695013,112.67914942545524,27917600
2025-07-23,MU,Micron,109.65400695800781,110.11326892621784,108.70552469606123,109.26463251502172,17810000
2025-07-24,MU,Micron,111.55094909667969,112.5493465346563,110.07331753692041,110.88201702418772,20293100
2025-07-25,MU,Micron,111.08171081542969,111.32132408873275,108.65560452387639,110.8121392179412,16372300
2025-07-28,MU,Micron,111.07173156738281,111.82052975772471,109.68395953065601,111.54097965207745,12932300
2025-07-29,MU,Micron,111.78059387207031,113.35806390099553,110.49266005988471,111.8704536165884,16653300
2025-07-30,MU,Micron,114.55613708496094,114.70589824655639,112.22987649456549,112.4195668565619,16378800
2025-07-31,MU,Micron,108.96510314941406,112.09008459969269,106.76863168400975,112.01021858829448,29224300
2025-08-01,MU,Micron,104.71192932128906,106.32933604843181,103.21433303891678,105.32095241882728,24003300
2025-08-04,MU,Micron,107.59729766845703,107.70712200532613,105.2910018285433,105.85010200375424,14780600
2025-08-05,MU,Micron,108.88522338867188,110.462693186766,106.65880134223437,109.12484426087698,17836000
2025-08-06,MU,Micron,108.60568237304688,108.78539423359429,106.57893660069861,107.72709528657548,13021900
2025-08-07,MU,Micron,111.69073486328125,115.09526649306555,110.61246369851297,113.95709391375526,18986500
2025-08-08,MU,Micron,118.69947814941406,119.13877548684796,111.49104698165168,111.9902457315835,28962200
2025-08-11,MU,Micron,123.52174377441406,127.07603654786557,121.45506118959038,124.76974068836964,35065800
2025-08-12,MU,Micron,127.5452880859375,128.34400917952718,122.84283649992132,124.50017248594189,25961200
2025-08-13,MU,Micron,124.07085418701172,128.39392481474198,123.15233031355108,127.37555509737471,18438200
2025-08-14,MU,Micron,125.08922576904297,125.53850160464616,121.20546003883722,123.0025709984185,12235900
2025-08-15,MU,Micron,120.67630767822266,123.18227990040123,119.24859895905308,122.9726173410059,18986700
2025-08-18,MU,Micron,123.35201263427734,123.48180156547888,120.4666445046171,121.15553359135552,12208800
2025-08-19,MU,Micron,121.85442352294922,124.04090896877727,121.11560385462784,122.74299672941933,11491200
2025-08-20,MU,Micron,117.02217864990234,118.71945909477704,113.2781877501083,118.50978890127986,25795000
2025-08-21,MU,Micron,115.60446166992188,117.5413554958466,115.42474979311268,116.81252187957338,13174900
2025-08-22,MU,Micron,117.49142456054688,120.50658182466812,116.32330124948184,117.4614738526481,17038300
2025-08-25,MU,Micron,116.23343658447266,117.89078011156825,115.91394968513922,117.4914195831093,8674800
2025-08-26,MU,Micron,116.31330871582031,118.17032867464809,115.62441200352886,115.90396208469977,12584300
2025-08-27,MU,Micron,117.56130981445312,118.53974275087499,116.25341148033833,116.66275050899809,15349300
2025-08-28,MU,Micron,121.80449676513672,122.37358304369694,118.53974024437943,118.68949377781485,17295500
2025-08-29,MU,Micron,118.81929779052734,122.57326719628436,117.87081552192467,122.40354143628785,16774000
2025-09-02,MU,Micron,118.2901382446289,118.37000425496856,114.06691350045408,115.67433407250353,13771900
2025-09-03,MU,Micron,118.5297622680664,119.24860974654652,117.1120395283801,119.16873611178893,14101300
2025-09-04,MU,Micron,124.01095581054688,124.21063988608049,118.33007144918999,118.65954446094398,18589100
2025-09-05,MU,Micron,131.1594696044922,131.199414034169,125.45862863219739,127.56524026756098,28416000
2025-09-08,MU,Micron,131.2493438720703,132.04804969566996,128.19423468288713,130.3407984782381,19492600
2025-09-09,MU,Micron,135.0232696533203,137.7788409887343,131.3491593050997,131.54883573792645,20705000
2025-09-10,MU,Micron,139.77565002441406,142.01206590916595,138.11830651788372,139.79562224003186,25791300
2025-09-11,MU,Micron,150.32872009277344,156.00958911647803,147.3734567659708,147.4832811012248,52446400
2025-09-12,MU,Micron,156.97804260253906,158.02636307745186,152.96449541817447,153.30394692911,32288300
2025-09-15,MU,Micron,157.51719665527344,160.08307061489938,156.2991503410368,156.70849702117212,20101400
2025-09-16,MU,Micron,158.5655059814453,159.3043104174347,156.9181408856495,157.72684046252309,16911600
2025-09-17,MU,Micron,159.73362731933594,160.33265670052228,155.0111960038449,157.15775984752375,18843600
2025-09-18,MU,Micron,168.61936950683594,170.17686732028199,162.33945532634624,162.72882977970775,28212800
2025-09-19,MU,Micron,162.46923828125,163.43768517854718,159.12461543923158,162.48921049899982,37309900
2025-09-22,MU,Micron,164.35621643066406,166.99198561989894,161.3310727669174,164.116610744404,25851200
2025-09-23,MU,Micron,166.14332580566406,168.7191930934654,164.96520887511787,165.4144846874973,43316500
2025-09-24,MU,Micron,161.4508819580078,165.7340009418912,158.0463424992856,164.81547698165915,57096400
2025-09-25,MU,Micron,156.57867431640625,158.6952720408905,154.40215994792476,157.13777445235786,32209200
2025-09-26,MU,Micron,157.0179901123047,158.6653400092037,154.9313276127379,158.26598707490635,24045000
2025-09-29,MU,Micron,163.63735961914062,165.53432418899598,159.71366438585363,159.74361509493687,26506500
2025-09-30,MU,Micron,167.05186462402344,168.6792420689891,163.6972486634261,163.84700218358574,20092500
2025-10-01,MU,Micron,181.85809326171875,182.09771413913674,165.234781462133,165.33462730297458,41674800
2025-10-02,MU,Micron,183.45555114746094,185.881649899133,180.9196280551162,184.6636188948603,25122200
2025-10-03,MU,Micron,187.64645385742188,191.66252977109554,184.7392938585731,185.0290190063793,29399300
2025-10-06,MU,Micron,190.7733917236328,200.80357346188558,189.2448728863467,194.8194216803748,36392300
2025-10-07,MU,Micron,185.508544921875,195.1091545749832,183.06094212713188,194.659597366786,27828200
2025-10-08,MU,Micron,196.34793090820312,196.75753390743984,188.61550432998132,188.80532109762163,26833900
2025-10-09,MU,Micron,192.1420440673828,196.42784488465193,189.31480790372422,192.78141800674848,19721500
2025-10-10,MU,Micron,181.42254638671875,193.25097266774603,179.43448552901378,192.77144599253631,26990300
2025-10-13,MU,Micron,192.5816192626953,193.21099322764917,187.80629175017626,190.60354324747644,20928400
2025-10-14,MU,Micron,186.877197265625,192.27192938001048,186.0679912594366,186.77730413476536,15912400
2025-10-15,MU,Micron,191.75242614746094,192.69150995714887,187.23683911809295,192.29189171692144,17793100
2025-10-16,MU,Micron,202.3320770263672,206.13835127779654,195.009238414688,199.7645964769483,42041300
2025-10-17,MU,Micron,202.18223571777344,203.19124324088818,195.3589082800716,199.08525899267423,23283100
2025-10-20,MU,Micron,206.5679473876953,214.54014501568494,205.2991841710047,209.4551226526565,23268400
2025-10-21,MU,Micron,202.09230041503906,205.66880360125717,200.64372051197603,204.10034584918608,13717300
2025-10-22,MU,Micron,198.27606201171875,205.3791149328187,192.21198612505606,202.05236708431582,21949800
2025-10-23,MU,Micron,206.5080108642578,208.79576638190142,195.00924861508634,196.50778282356887,19397900
2025-10-24,MU,Micron,218.8059844970703,219.60520580985403,209.77480957720812,212.18245825606303,25821800
2025-10-27,MU,Micron,219.88491821289062,224.7601389743725,215.52917831725236,224.59030693239927,23873100
2025-10-28,MU,Micron,221.6931610107422,222.6821838614765,217.34740558020835,218.7160619863478,14957500
2025-10-29,MU,Micron,226.40853881835938,232.17288931669233,225.87905796140856,228.83615687073262,23217300
2025-10-30,MU,Micron,223.79107666015625,227.17776311116435,220.52428330279926,225.87904575494093,14795100
2025-10-31,MU,Micron,223.55133056640625,231.0240166529935,218.60617088033933,227.52743694148873,16320000
2025-11-03,MU,Micron,234.47064208984375,237.3877867616639,231.57348214179623,233.65145134169782,21199300
2025-11-04,MU,Micron,217.8169403076172,228.44654231148695,217.18755106429575,221.92292463372553,23696200
2025-11-05,MU,Micron,237.2678985595703,239.6455775368606,224.51037401926067,225.44945782521154,28617400
2025-11-06,MU,Micron,238.0970916748047,246.16919725077392,234.6504662673761,237.6075650439538,32016800
2025-11-07,MU,Micron,237.6875,242.3129803885886,226.17875320871005,233.80130196266433,30613800
2025-11-10,MU,Micron,253.05245971679688,256.8187796646657,247.5678194595284,247.71768201485662,27870600
2025-11-11,MU,Micron,240.8743896484375,249.745717054219,238.55664941872303,248.09732027604838,22622500
2025-11-12,MU,Micron,244.66065979003906,248.94647582623355,240.60462995668857,244.66065979003906,17263100
2025-11-13,MU,Micron,236.71844482421875,249.25618377004466,229.93508685096947,243.3619554618112,32324600
2025-11-14,MU,Micron,246.58877563476562,254.9206213200665,231.00401536889746,231.223801583089,36171100
2025-11-17,MU,Micron,241.7135772705078,260.32536273582633,239.22602011195923,246.6787220907077,30304400
2025-11-18,MU,Micron,228.27670288085938,238.69650305197035,225.29961929538163,235.2498775452143,33843900
2025-11-19,MU,Micron,225.69921875,234.12098849287156,216.14856366096723,226.68825676423654,35256600
2025-11-20,MU,Micron,201.17320251464844,230.37464792480472,199.40494325591976,230.01499913179805,47420700
2025-11-21,MU,Micron,207.16734313964844,211.79282335800798,192.4017880891994,204.33012218338308,36679700
2025-11-24,MU,Micron,223.71116638183594,225.88904399410598,212.15248061108522,213.20145759092787,33052800
2025-11-25,MU,Micron,224.31057739257812,225.9689588202089,215.78891453351923,219.00576901598282,17441600
2025-11-26,MU,Micron,230.03497314453125,233.6014916824619,225.77914171330642,229.3955991936823,17817600
2025-11-28,MU,Micron,236.2489013671875,237.8673286271781,233.24184830473496,235.3897411716471,12914700
2025-12-01,MU,Micron,240.22503662109375,242.1231739022173,231.2737853490881,232.06300667817794,18238200
2025-12-02,MU,Micron,239.25596618652344,244.13118688757797,234.10100508841109,238.51668385661696,18166200
2025-12-03,MU,Micron,233.93118286132812,237.56762524908828,227.86710713906936,236.1589994404211,19188200
2025-12-04,MU,Micron,226.4285125732422,233.93118359214208,223.1117647886667,230.05497023211262,23513900
2025-12-05,MU,Micron,236.98818969726562,240.3349221728646,226.46848083891243,228.72626687779925,21161000
2025-12-08,MU,Micron,246.6787109375,248.98645119445882,241.3739022442043,243.25207000901648,20495400
2025-12-09,MU,Micron,252.17333984375,255.26031671675238,242.59271460344473,244.25109615270216,17067100
2025-12-10,MU,Micron,263.4522705078125,264.491262663534,250.33511268187462,254.88066906443308,21960700
2025-12-11,MU,Micron,258.2074279785156,262.59315276624574,251.304191918892,261.2744353346599,18867000
2025-12-12,MU,Micron,240.90435791015625,255.57002057311084,239.08614433698853,255.42015800645552,25936900
2025-12-15,MU,Micron,237.2678985595703,249.86557580442513,235.76936446340463,246.8685076120937,27483600
2025-12-16,MU,Micron,232.28277587890625,239.16604206892998,230.3546692738233,235.569569287941,22577300
2025-12-17,MU,Micron,225.29962158203125,237.21795602868477,221.4733625059069,236.3288263643656,41957100
2025-12-18,MU,Micron,248.30711364746094,263.3923483958844,244.76057974925737,256.2793111195796,65006100
2025-12-19,MU,Micron,265.66015625,268.11774380012747,251.50398976688,251.50398976688,62312100
2025-12-22,MU,Micron,276.3197021484375,279.71637344249024,268.0278254169774,276.8791524562695,30961900
2025-12-23,MU,Micron,276.0,281.584533429657,272.05387848972947,275.6503664329825,20767600
2025-12-24,MU,Micron,286.39984130859375,289.01727609637965,276.9790638742252,277.7283309541374,18592600
2025-12-26,MU,Micron,284.51171875,290.5857641088608,283.14306235836034,290.55579464363353,17878500
2025-12-29,MU,Micron,294.2011413574219,294.33107166805104,278.3402494382078,280.16918631071405,26642900
2025-12-30,MU,Micron,292.4621276855469,298.6585525437395,291.8424882497347,294.53094747936166,23056400
2025-12-31,MU,Micron,285.24627685546875,293.00183505456795,284.01697147079557,293.00183505456795,17573800
2026-01-02,MU,Micron,315.23907470703125,315.4189641311382,294.6908407625547,294.96070539878707,42604300
2026-01-05,MU,Micron,311.970947265625,325.3432774893249,309.3724325039071,324.9435130260007,34608600
2026-01-06,MU,Micron,343.23297119140625,344.3523237814261,317.8775305225872,318.09740553134617,48732400
2026-01-07,MU,Micron,339.355224609375,346.1013528628384,336.9865889026152,340.5145629025716,32781100
2026-01-08,MU,Micron,326.8323974609375,343.4628667412315,321.1756405999752,342.7032929471581,33897700
2026-01-09,MU,Micron,344.8920593261719,345.6016435437512,326.00290610415817,332.55914097380867,33387500
2026-01-12,MU,Micron,345.6716003417969,348.27011505365033,339.1253696927705,340.3546446314014,23152600
2026-01-13,MU,Micron,337.93603515625,351.0285263851163,335.027700830214,346.07134975032386,23881300
2026-01-14,MU,Micron,333.1587829589844,338.9054845247233,328.0117433088152,334.64791847425715,20277200
2026-01-15,MU,Micron,336.4368896484375,347.57048308145306,336.0770803103486,345.1318804013174,25370200
2026-01-16,MU,Micron,362.54193115234375,365.60017353473944,351.83808281395886,352.89747237125545,47901900
2026-01-20,MU,Micron,364.7906494140625,381.34114876665075,361.14274901993673,364.4708256342844,49744900
2026-01-21,MU,Micron,388.88677978515625,393.9738868432153,366.5196432679402,372.6361277659507,56712800
2026-01-22,MU,Micron,397.3518981933594,397.5517956550272,376.70377750604916,396.412465523718,39607600
2026-01-23,MU,Micron,399.4207458496094,412.19341373986845,390.5158531620237,396.93218392852526,35404200
2026-01-26,MU,Micron,388.8667907714844,397.77168311633346,384.07953006531557,395.2731172676128,29193900
2026-01-27,MU,Micron,410.0046691894531,416.2111289816921,399.3707883450681,404.37789377881177,36212100
2026-01-28,MU,Micron,435.03033447265625,438.6882388600938,416.7608205840813,422.1977027938172,42725700
2026-01-29,MU,Micron,435.5400390625,444.4549054636323,417.4604191603535,439.11797215172794,42675700
2026-01-30,MU,Micron,414.6419982910156,455.2386907026428,406.896444277963,446.213872214534,51022900
2026-02-02,MU,Micron,437.5488586425781,442.17620767974205,409.7648173720168,411.9435595687579,37771200
2026-02-03,MU,Micron,419.19940185546875,442.04627418529253,407.2962300497463,441.9063703526014,42763300
2026-02-04,MU,Micron,379.182373046875,412.7631064514113,363.6912637248487,410.3544851484294,58074900
2026-02-05,MU,Micron,382.6703796386719,390.70574573939183,365.7900535127613,369.4079721128486,38899500
2026-02-06,MU,Micron,394.4635925292969,396.42245965517907,372.65610203071327,377.7531825675145,37196000
2026-02-09,MU,Micron,383.2799987792969,391.5852291681203,370.46734586775284,380.47161322303185,31009600
2026-02-10,MU,Micron,373.035888671875,382.57042468123126,365.8500107072858,375.7743071367975,35433800
2026-02-11,MU,Micron,410.1046142578125,413.9224303228854,386.34826035041203,395.16320828074083,48475000
2026-02-12,MU,Micron,413.7325439453125,438.51830622069866,410.9241582290314,422.00779323564984,45639100
2026-02-13,MU,Micron,411.4238586425781,420.63857089338137,392.4847169378131,404.95756887926956,33807600
2026-02-17,MU,Micron,399.5506591796875,413.42270159621324,395.07321821669467,400.72000141223486,28549500
2026-02-18,MU,Micron,420.70855712890625,427.60459321919745,394.37366527315834,399.27084855466524,32306600
2026-02-19,MU,Micron,417.110595703125,420.0788931999249,407.5060925636198,415.57147057513606,21651300
2026-02-20,MU,Micron,427.92437744140625,430.3229944902613,414.91182733874604,414.94180890810406,29894900
2026-02-23,MU,Micron,420.7285461425781,431.4524027339767,415.06178485521286,422.0677739009512,25426600
2026-02-24,MU,Micron,417.7702331542969,436.0197382131025,411.0440825999938,428.9737943955014,33389200
2026-02-25,MU,Micron,428.75390625,436.63939483015685,422.7573481206294,426.25534036276224,27296300
2026-02-26,MU,Micron,415.3216247558594,433.7510496751504,401.7294198641812,424.5963003584035,35433500
2026-02-27,MU,Micron,412.1334533691406,417.72024319947496,400.94986968460194,401.57951318695996,28653900
2026-03-02,MU,Micron,412.43328857421875,417.37042672265255,396.77226412439063,401.2397011646354,30049200
2026-03-03,MU,Micron,379.46221923828125,389.86625202405895,374.3351567775591,386.3282739254194,39010900
2026-03-04,MU,Micron,400.5400695800781,407.6460064740802,387.3876157362462,393.41418564005653,32644900
2026-03-05,MU,Micron,396.8222351074219,404.2979554687848,380.08184311044465,398.3713643086784,29960100
2026-03-06,MU,Micron,370.08758544921875,390.9556136587371,367.23924459596833,379.9219681112347,34458800
2026-03-09,MU,Micron,389.0966796875,389.7762822955878,357.46484133968016,363.75121121460063,35547200
2026-03-10,MU,Micron,402.8787536621094,415.0717677060177,393.414215117463,393.7839979982904,33745400
2026-03-11,MU,Micron,418.4498291015625,422.507497721878,405.55723503454624,410.53435883479557,30191400
2026-03-12,MU,Micron,405.1174621582031,413.49265954288353,396.4424490795891,409.7647884145985,31720900
2026-03-13,MU,Micron,425.8855895996094,429.1037439249959,412.76311569050233,413.51268551318486,39261000
2026-03-16,MU,Micron,441.54656982421875,454.5990761239972,437.4989051179596,445.90408477349564,43067600
2026-03-17,MU,Micron,461.4251403808594,462.464552294265,444.88464697556566,452.2803956477197,43017900
2026-03-18,MU,Micron,461.46514892578125,471.0696217040618,458.03709329569284,464.4934096077029,58973700
2026-03-19,MU,Micron,444.01513671875,456.95772024409706,420.8684186267436,424.7262202254473,74591900
2026-03-20,MU,Micron,422.65740966796875,448.8423930033044,415.1217262287037,443.6653716790131,64224900
2026-03-23,MU,Micron,404.1180419921875,444.0151239422344,401.2896484027503,425.90552375147496,54807300
2026-03-24,MU,Micron,395.3031311035156,404.7477229826018,388.68693307608254,401.0498330246347,44975100
2026-03-25,MU,Micron,381.8708190917969,388.6969182975011,371.1669711800078,382.78030075097894,55328700
2026-03-26,MU,Micron,355.256103515625,374.0353343184194,349.79924385156124,369.80774961984406,54515900
2026-03-27,MU,Micron,357.0151062011719,368.48853245801337,353.8569150607854,359.6535760842338,45806700
2026-03-30,MU,Micron,321.75048828125,362.75418985689373,318.3510173743371,362.6042190325812,73833200
2026-03-31,MU,Micron,337.7880554199219,337.7880554199219,311.442100475299,321.6205585497994,73551800
2026-04-01,MU,Micron,367.7934265136719,377.831890789038,342.94724262880413,348.85633726392524,74429800
2026-04-02,MU,Micron,366.18365478515625,366.88355931551865,340.1476822566628,341.28749103387474,51498700
2026-04-06,MU,Micron,377.701904296875,385.0207551752209,370.55297966973916,373.742491438278,41414900
2026-04-07,MU,Micron,377.52191162109375,379.1916681868341,364.04400448577076,374.07246056759936,40224100
2026-04-08,MU,Micron,406.6674499511719,415.9360131047082,398.8186512936144,415.06615180551705,49216600
2026-04-09,MU,Micron,421.4451904296875,423.87480942392403,398.378730785287,407.5473035457694,43101000
2026-04-10,MU,Micron,420.52532958984375,423.7948158346493,409.98694159720065,420.2253879207372,36377600
2026-04-13,MU,Micron,426.4944152832031,426.8143734072892,408.43719439316766,416.4059702509256,37015800
2026-04-14,MU,Micron,465.5884094238281,465.7083860920208,424.79466402959326,434.2832257109763,52534900
2026-04-15,MU,Micron,456.15985107421875,463.87866509856457,439.25244786438594,457.5596296769996,40370100
2026-04-16,MU,Micron,457.1596984863281,462.2688980280435,444.31166844744615,452.89033559558965,33626400
2026-04-17,MU,Micron,455.0000305175781,470.8975794478363,452.1304767239016,466.77821786855947,33405000
2026-04-20,MU,Micron,448.3510437011719,464.4885454042651,435.83294982510625,458.17951836169027,32013600
2026-04-21,MU,Micron,449.3109130859375,457.7496178840842,441.232138291909,451.250617253604,27734000
2026-04-22,MU,Micron,487.4050598144531,491.90436792911254,458.4894929052389,462.85881612563526,45998100
2026-04-23,MU,Micron,481.64593505859375,493.54409928872667,471.7274468681773,482.2058465155727,38178000
2026-04-24,MU,Micron,496.64361572265625,506.9120254195625,489.28473167521884,495.8437509516432,35379600
2026-04-27,MU,Micron,524.4793090820312,531.2782508923513,509.9415370994553,510.4814625795857,41298800
2026-04-28,MU,Micron,504.21246337890625,518.7502360925458,488.15493538178663,503.4625787071371,44816600
2026-04-29,MU,Micron,518.3803100585938,530.938376549403,508.72176108467283,525.9191288334299,36248500
2026-04-30,MU,Micron,517.0804443359375,535.4176508639232,502.5026998725388,529.6585268720199,36554400
2026-05-01,MU,Micron,542.1266479492188,545.8260301905997,510.13153798121783,511.701303890077,40215300
2026-05-04,MU,Micron,576.3613891601562,592.7088511115685,557.6742601074695,560.5137893132991,46043700
2026-05-05,MU,Micron,640.1015625,651.6397659140443,605.3768617682681,609.6862575628963,64268500
2026-05-06,MU,Micron,666.487548828125,667.567338856077,627.4835362552068,660.2684733246462,55725800
2026-05-07,MU,Micron,646.5305786132812,682.9849944681508,635.3222803012311,649.7300987842582,47527500
2026-05-08,MU,Micron,746.6951293945312,747.0950922801325,676.1060129154682,676.3459662365216,65130900
2026-05-11,MU,Micron,795.2077026367188,818.5440789846186,767.8818886525323,792.858027429677,70972900
2026-05-12,MU,Micron,766.462158203125,782.6396632639393,706.491338412229,774.5809049006259,73743000
2026-05-13,MU,Micron,803.5064086914062,814.8246750281264,779.3500902617413,813.0349112689491,54875100
2026-05-14,MU,Micron,775.8906860351562,811.8751422431137,775.5107395840645,787.4988861690728,42142700
2026-05-15,MU,Micron,724.5485229492188,749.474742504196,718.8894202889641,732.4573405930316,48519000
2026-05-18,MU,Micron,681.4351806640625,756.8835994856332,663.1480150050809,750.3446270815475,60042500
2026-05-19,MU,Micron,698.632568359375,725.8384071571451,652.1097534544188,665.4776931146919,61792100
2026-05-20,MU,Micron,731.87744140625,735.566876482725,700.5522415362531,734.8470164803746,48827400
2026-05-21,MU,Micron,761.9827880859375,764.7824063528074,732.0874224003402,736.2467558691484,42461500
2026-05-22,MU,Micron,750.884521484375,780.0800437126234,747.0851180015923,756.703633887413,36002900
2026-05-26,MU,Micron,895.7422485351562,916.6590146524127,820.1738531212661,820.373834573117,76560800
2026-05-27,MU,Micron,928.2672119140625,956.0129448076547,888.0134539398174,955.5130216924548,72295700
2026-05-28,MU,Micron,923.3779907226562,949.3439674852925,904.6408825248693,929.6870178621832,49694300
2026-05-29,MU,Micron,970.8507080078125,980.849170500169,940.3654056327412,956.8528605185135,60498600
2026-06-01,MU,Micron,1035.3408203125,1046.8090278226243,1009.344817098473,1009.5647539871434,46552100
2026-06-02,MU,Micron,1063.936279296875,1076.3944455023225,1017.0435307945203,1049.8384727869006,47555400
2026-06-03,MU,Micron,1079.4039306640625,1089.1225286874078,1038.3403000869419,1078.844080247331,40324200
2026-06-04,MU,Micron,995.8468627929688,1036.2106509339512,971.5305947237666,1006.9451317330635,54917200
2026-06-05,MU,Micron,863.8771362304688,961.7420884378228,863.8771362304688,944.2547879371384,77250500
2026-06-08,MU,Micron,949.134033203125,962.8019137156274,916.3590453651269,938.1257167401803,54097800
2026-06-09,MU,Micron,935.74609375,988.9979132065755,854.218593891356,988.0280306394972,73448600
2026-06-10,MU,Micron,891.7428588867188,957.3327470461569,883.1141810553139,904.9908214103338,55712600
2026-06-11,MU,Micron,995.7168579101562,996.616743925406,895.3622969166971,904.2309280744469,59418900
2026-06-12,MU,Micron,981.4590454101562,1012.4642868369024,960.0423562021971,971.6605645390866,40785200
2026-06-15,MU,Micron,1087.8226318359375,1097.3011540611717,1051.338254618575,1055.7275939797146,44994600
2026-06-16,MU,Micron,1020.60302734375,1110.2292562771695,1019.8431344598333,1099.5308285965202,45499800
2026-06-17,MU,Micron,1043.029541015625,1093.5018817580628,1013.9840809607729,1061.136863835972,46149200
2026-06-18,MU,Micron,1133.8155517578125,1149.2532401330302,1092.6219382580323,1107.8994950196334,64642500
2026-06-22,MU,Micron,1211.1937255859375,1213.3734440603093,1168.390250085504,1196.036022632204,53140800
2026-06-23,MU,Micron,1051.6082763671875,1124.8269953923468,1038.3402975244019,1079.833915576653,60243300
2026-06-24,MU,Micron,1048.3487548828125,1083.1533378357715,990.9475500402298,1082.05353141983,68935700
2026-06-25,MU,Micron,1213.3734130859375,1254.8069810301963,1136.1352941340788,1232.810364629667,82143900
2026-06-26,MU,Micron,1132.1558837890625,1198.525684121708,1121.187599491604,1138.9048461164418,86405300
2026-06-29,MU,Micron,1145.1038818359375,1148.6133517516635,1023.492584008156,1128.526353776065,60694100
2026-06-30,MU,Micron,1154.112548828125,1168.500350785656,1124.4871000242297,1144.55396024363,42152600
2026-07-01,MU,Micron,1032.121337890625,1096.8313592555164,1032.0412720759573,1081.8436734177803,51328100
2026-07-02,MU,Micron,975.4099731445312,1064.47629125389,950.1338925088278,1041.3398351432643,61316900
2026-07-06,MU,Micron,984.75,1019.0,980.8499755859375,1007.0,37115800
2026-07-07,MU,Micron,938.3800048828125,942.02001953125,891.6599731445312,923.010009765625,52367500
2026-07-08,MU,Micron,948.7999877929688,959.0,900.4099731445312,902.6400146484375,42979000
2026-07-09,MU,Micron,991.6400146484375,1035.5,987.1300048828125,1016.510009765625,41110700
2026-07-10,MU,Micron,979.2999877929688,998.0,954.1300048828125,964.97998046875,31768100
2026-07-13,MU,Micron,937.0,943.5,902.5999755859375,929.0,35536200
2026-07-14,MU,Micron,983.1199951171875,994.7999877929688,950.0700073242188,988.3800048828125,30835200
2026-07-15,MU,Micron,904.280029296875,978.4000244140625,873.6300048828125,975.8099975585938,54779200
2026-07-16,MU,Micron,853.2000122070312,887.7100219726562,840.510009765625,866.77001953125,46718000
2026-07-17,MU,Micron,848.9500122070312,903.9600219726562,804.0,822.530029296875,63346300
2026-07-20,MU,Micron,865.4600219726562,901.0,858.9000244140625,885.5700073242188,37705200
2026-07-21,MU,Micron,970.8200073242188,982.8800048828125,916.5700073242188,925.3499755859375,49369000
2026-07-22,MU,Micron,959.47998046875,982.6199951171875,936.0599975585938,938.25,31588600
2026-07-23,MU,Micron,990.2100219726562,1011.77001953125,964.4000244140625,975.1300048828125,40196300
2026-07-24,MU,Micron,920.9500122070312,967.1400146484375,904.0,959.030029296875,40803100
2026-07-27,MU,Micron,900.2000122070312,935.0,854.7899780273438,932.4500122070312,47591200
2026-07-28,MU,Micron,820.530029296875,848.3599853515625,789.0900268554688,839.6099853515625,61039300
2026-07-29,MU,Micron,739.0,841.7999877929688,737.8800048828125,833.0,69846000
2026-07-30,MU,Micron,874.6599731445312,882.5,789.0,793.1400146484375,63075300
2026-07-31,MU,Micron,823.030029296875,930.8800048828125,818.0,919.6500244140625,54538600
2026-08-03,MU,Micron,829.5,836.6199951171875,770.0999755859375,786.3599853515625,42607100
2026-08-04,MU,Micron,892.6699829101562,902.4299926757812,858.5,866.8200073242188,37478600
2026-08-05,MU,Micron,893.1900024414062,928.97998046875,881.2000122070312,885.2999877929688,34720300
2026-08-06,MU,Micron,881.469970703125,913.3300170898438,827.0,843.1099853515625,35784100
2026-08-07,MU,Micron,877.5700073242188,904.7999877929688,847.02001953125,903.5999755859375,34568500
2026-08-10,MU,Micron,861.0,894.989990234375,854.4000244140625,863.6699829101562,27818600
2026-08-11,MU,Micron,868.52001953125,879.0,844.6199951171875,871.7999877929688,29438300
2026-08-12,MU,Micron,911.2899780273438,935.7999877929688,899.5399780273438,912.9400024414062,36804900
2026-08-13,MU,Micron,949.8300170898438,978.0,906.5,912.8900146484375,36704700
2026-08-14,MU,Micron,971.6599731445312,984.0,956.2000122070312,979.3200073242188,27881100
2026-08-17,MU,Micron,1011.75,1036.1300048828125,995.260009765625,999.5499877929688,33430500
2026-08-18,MU,Micron,940.760009765625,978.6699829101562,926.6400146484375,957.0999755859375,37306000
2026-08-19,MU,Micron,937.1099853515625,960.0,915.1799926757812,959.3599853515625,26901900
2026-08-20,MU,Micron,974.3300170898438,977.280029296875,929.0700073242188,935.010009765625,25212200
2026-08-21,MU,Micron,966.780029296875,989.9600219726562,958.260009765625,989.6799926757812,21823400
2026-08-24,MU,Micron,910.4299926757812,936.4500122070312,887.6099853515625,934.780029296875,30012600
2026-08-25,MU,Micron,932.969970703125,946.6699829101562,916.2999877929688,928.97998046875,19163200
2026-08-26,MU,Micron,938.4000244140625,945.75,924.5999755859375,925.739990234375,18721700
2026-08-27,MU,Micron,935.3900146484375,968.7100219726562,906.8900146484375,967.010009765625,28838500
2026-08-28,MU,Micron,932.8599853515625,946.7999877929688,909.0900268554688,919.2899780273438,22890100
2026-08-31,MU,Micron,958.72998046875,959.969970703125,930.7899780273438,931.3900146484375,22569500
2026-09-01,MU,Micron,933.4400024414062,969.4400024414062,922.3900146484375,941.1300048828125,27762200
2026-09-02,MU,Micron,956.0800170898438,958.0,927.1599731445312,930.8300170898438,21440500
2026-09-03,MU,Micron,958.1599731445312,959.760009765625,918.8800048828125,956.9099731445312,24175900
2026-09-04,MU,Micron,1016.5900268554688,1017.77001953125,969.0,971.3400268554688,35249500
2026-09-08,MU,Micron,1000.260009765625,1041.0699462890625,997.6199951171875,1036.4000244140625,26604900
2026-09-09,MU,Micron,1027.77001953125,1042.4000244140625,992.2899780273438,998.8099975585938,23812000
2026-09-10,MU,Micron,977.4099731445312,999.0,973.5,997.0,26230400
2026-09-11,MU,Micron,975.260009765625,993.989990234375,967.3800048828125,993.2000122070312,21694700
