Date,ticker,name,Close,High,Low,Open,Volume
2015-01-02,CRM,Salesforce,58.232547760009766,59.402308899455605,57.51495906751898,58.88132344446412,2796400
2015-01-05,CRM,Salesforce,57.18073654174805,58.2325431551675,56.856350600083935,57.603424094388444,3688200
2015-01-06,CRM,Salesforce,56.22724151611328,57.55428153776258,55.588294098386754,57.19057491142862,3174900
2015-01-07,CRM,Salesforce,55.961830139160156,56.96448413623113,55.637440426950455,56.8072052984449,4284300
2015-01-08,CRM,Salesforce,57.593597412109375,57.780364853430974,56.19774449595786,56.35502707790002,3756600
2015-01-09,CRM,Salesforce,57.17091369628906,58.48812541014063,56.78754675155569,58.153907400661176,6875300
2015-01-12,CRM,Salesforce,56.74821853637695,57.603421895193726,56.54179078594237,57.45597510909312,2724500
2015-01-13,CRM,Salesforce,56.98414993286133,58.52744984868846,56.32554215837041,57.39700551552016,3509100
2015-01-14,CRM,Salesforce,56.276390075683594,56.797375543689654,55.42118659522638,56.43366891978864,3098400
2015-01-15,CRM,Salesforce,54.17279052734375,56.56146583229271,54.09414922109206,56.1780988388754,4821000
2015-01-16,CRM,Salesforce,55.67676544189453,55.75540674186898,54.01550735308183,54.025335640666846,3236700
2015-01-20,CRM,Salesforce,56.31571578979492,56.58112456618773,54.86088541350463,55.73574929689738,6521500
2015-01-21,CRM,Salesforce,56.72856903076172,57.55428393975318,55.87336550889244,56.02081607292877,3544900
2015-01-22,CRM,Salesforce,57.01363754272461,57.465813768105804,56.19775092969789,56.92516795516537,5481500
2015-01-23,CRM,Salesforce,57.62309265136719,58.0457802644129,56.797377750280646,57.01363757551061,3887300
2015-01-26,CRM,Salesforce,58.76336669921875,58.95996620428272,57.40683798890704,57.53462447984851,4753200
2015-01-27,CRM,Salesforce,56.80720901489258,57.89833266396588,56.26656320899616,57.89833266396588,4150700
2015-01-28,CRM,Salesforce,55.391700744628906,57.50513897616095,55.391700744628906,57.4363297081412,4683400
2015-01-29,CRM,Salesforce,57.111934661865234,57.26921350990822,54.900198751985066,55.83404355278807,4424500
2015-01-30,CRM,Salesforce,55.4900016784668,57.151259878028334,55.41136037324967,56.522144435586654,3817400
2015-02-02,CRM,Salesforce,56.30588150024414,56.355034188214226,54.507004865282596,55.91268624524873,3495200
2015-02-03,CRM,Salesforce,57.61325454711914,57.66240347634509,56.2567223515099,56.67940989253435,3474200
2015-02-04,CRM,Salesforce,57.98679733276367,58.45863383697651,57.220059732322504,57.44614782289387,3013100
2015-02-05,CRM,Salesforce,58.25220489501953,58.46846470852844,57.7607080460072,57.947479248518846,2513000
2015-02-06,CRM,Salesforce,58.163734436035156,58.684723638020024,57.65258102060683,58.25220401751762,2714200
2015-02-09,CRM,Salesforce,56.99397659301758,57.97697033297957,56.8366977446166,57.84918009683392,2879000
2015-02-10,CRM,Salesforce,57.790199279785156,58.163734177876904,57.22989318282423,57.5051302129599,3093700
2015-02-11,CRM,Salesforce,57.80002975463867,58.09492711949339,57.61326229852282,57.81969007893878,3413700
2015-02-12,CRM,Salesforce,60.21820068359375,60.296841990311066,58.21289611001275,58.281705378478456,5284800
2015-02-13,CRM,Salesforce,61.78115463256836,62.14486501373045,60.060915599443916,60.208366159355414,5107000
2015-02-17,CRM,Salesforce,61.01441955566406,61.54523706142241,60.7785031640982,61.51574844993254,3447200
2015-02-18,CRM,Salesforce,61.92860412597656,61.92860412597656,61.230679487371596,61.338809396134735,2534300
2015-02-19,CRM,Salesforce,61.741844177246094,61.95810027124434,60.95544610873792,61.52558433342396,2320900
2015-02-20,CRM,Salesforce,62.65602493286133,62.66585322069902,61.44693928852301,61.71234805802481,3473800
2015-02-23,CRM,Salesforce,61.515750885009766,62.36112236304516,61.30931934693883,62.06622498700271,4671400
2015-02-24,CRM,Salesforce,60.876800537109375,61.525576233338,60.50326187872822,61.515747946196335,5481700
2015-02-25,CRM,Salesforce,61.80081558227539,61.97775475602938,60.837482163961205,60.8768028136451,7634000
2015-02-26,CRM,Salesforce,69.04547119140625,69.7925484578988,67.82656117739462,68.82921139060738,20370800
2015-02-27,CRM,Salesforce,68.20010375976562,69.21259362322576,67.83640087158842,68.66211202278254,8289500
2015-03-02,CRM,Salesforce,67.2957534790039,67.62997526501464,65.53619370761267,66.23411839353085,8124800
2015-03-03,CRM,Salesforce,65.8114242553711,67.21710552585701,65.57550787071271,66.90254784643028,4945600
2015-03-04,CRM,Salesforce,63.77663040161133,65.2707850686494,63.61935530487663,65.2511209942782,9121300
2015-03-05,CRM,Salesforce,64.47455596923828,64.93656422814603,63.658676862714124,64.01255520997762,3925200
2015-03-06,CRM,Salesforce,63.46207809448242,64.8186143546384,63.186841027102254,64.07153695771537,3861800
2015-03-09,CRM,Salesforce,64.3664321899414,64.55319589728471,63.22615587305969,63.64884347333178,4567800
2015-03-10,CRM,Salesforce,62.67567825317383,63.855271473083874,62.67567825317383,63.678332302606194,3941700
2015-03-11,CRM,Salesforce,62.59703826904297,63.403092792151114,62.56754965838543,62.91159594880111,3374100
2015-03-12,CRM,Salesforce,63.84543228149414,64.23863122734393,62.577373368265825,62.577373368265825,3809500
2015-03-13,CRM,Salesforce,63.50139236450195,64.30744690923487,62.813299765210516,63.707820144289386,3248000
2015-03-16,CRM,Salesforce,65.3002700805664,65.33959072749408,63.8061229955474,63.84543614282851,4538900
2015-03-17,CRM,Salesforce,66.40123748779297,66.41106202653471,64.75963206052764,64.83827336834891,5594700
2015-03-18,CRM,Salesforce,67.38420867919922,67.76757555136389,65.61481734640432,65.89988636666824,5576600
2015-03-19,CRM,Salesforce,67.7085952758789,67.77740452668144,66.94186148132331,67.13846469764903,3883100
2015-03-20,CRM,Salesforce,66.5388412475586,68.70142423477172,66.1456422954345,68.01333169328925,8649500
2015-03-23,CRM,Salesforce,66.50934600830078,67.09914062786744,66.23410151950056,66.54865914991248,3659000
2015-03-24,CRM,Salesforce,66.22428894042969,66.67646514705743,66.11615903236144,66.52901459063284,3216100
2015-03-25,CRM,Salesforce,64.66132354736328,66.19479129958638,64.41557512555077,66.15547815178545,4030100
2015-03-26,CRM,Salesforce,64.86775970458984,65.32976799724617,63.70782670375078,64.60235467457856,2971600
2015-03-27,CRM,Salesforce,65.4182357788086,65.54602226392836,64.44506658565689,64.66132640635728,2106400
2015-03-30,CRM,Salesforce,65.71314239501953,66.4110671819041,65.11351550071826,66.2537920537005,2741200
2015-03-31,CRM,Salesforce,65.67381286621094,66.80425722732906,65.32976653882214,65.37891922829803,4031700
2015-04-01,CRM,Salesforce,64.95622253417969,65.41823075205751,64.3074431219309,65.37891010589276,3713000
2015-04-02,CRM,Salesforce,65.54601287841797,65.76227266815218,64.63182853977074,65.12332533474998,2021600
2015-04-06,CRM,Salesforce,66.78459167480469,66.9025461142566,64.87758157410327,65.11349795265355,6375400
2015-04-07,CRM,Salesforce,67.04015350341797,68.56379642380506,66.83372576898114,67.07947414326001,3817100
2015-04-08,CRM,Salesforce,67.04998779296875,67.74791229943231,66.65678888097148,67.09914046933545,2566700
2015-04-09,CRM,Salesforce,66.5880126953125,67.18763964640756,65.68365999845244,67.15815102580439,2577500
2015-04-10,CRM,Salesforce,66.48968505859375,66.83373131118525,65.80159255341076,66.45036441549104,1953000
2015-04-13,CRM,Salesforce,65.93922424316406,67.15813442456317,65.86058294122932,66.60766031031467,2131000
2015-04-14,CRM,Salesforce,65.77212524414062,66.26362219261102,65.17249836703488,65.9785530625404,1938000
2015-04-15,CRM,Salesforce,66.06700897216797,66.36191009673502,65.84092460969408,66.12598619722252,2140200
2015-04-16,CRM,Salesforce,66.75511169433594,67.0500053307329,65.51653742245591,65.53619399835674,2269300
2015-04-17,CRM,Salesforce,64.69081115722656,66.0178586142011,64.32710829834464,66.0178586142011,3794200
2015-04-20,CRM,Salesforce,65.76227569580078,65.90972624101227,65.06435111475581,65.06435111475581,1945200
2015-04-21,CRM,Salesforce,66.2341079711914,66.78458950276733,65.96870299140993,66.24394000737479,2223700
2015-04-22,CRM,Salesforce,66.55851745605469,66.96154856328462,65.88024925103281,66.23412766237914,2051400
2015-04-23,CRM,Salesforce,67.30557250976562,67.90519920144158,66.11615116224417,66.21444902161076,3518400
2015-04-24,CRM,Salesforce,66.67646789550781,67.54149969606416,66.23411620799999,67.43336978353874,1910900
2015-04-27,CRM,Salesforce,66.68628692626953,67.76758596222953,66.54866841253762,67.29574570111548,2643200
2015-04-28,CRM,Salesforce,65.75245666503906,67.17779471816645,65.4378989395383,66.81409180097204,2832800
2015-04-29,CRM,Salesforce,73.38047790527344,77.12568133397816,64.76945138057921,65.18230691609936,28245800
2015-04-30,CRM,Salesforce,71.58159637451172,72.74152916661384,69.79254825445382,70.96231308283078,17492100
2015-05-01,CRM,Salesforce,72.11241912841797,73.23303135726886,70.775547083535,72.12225116541401,9210800
2015-05-04,CRM,Salesforce,70.38233947753906,71.13924874092528,69.80237685981734,71.04094338230148,5058500
2015-05-05,CRM,Salesforce,71.51280212402344,74.88447130765746,69.79256289767235,70.28405981948696,20008500
2015-05-06,CRM,Salesforce,72.53511047363281,74.24551751668042,71.56194875082176,72.39749194716043,11122100
2015-05-07,CRM,Salesforce,73.25269317626953,73.4984416212377,72.1517449425864,72.82018101288575,4377700
2015-05-08,CRM,Salesforce,71.16873931884766,72.25003079683017,70.53962400439796,70.77554037240508,6156400
2015-05-11,CRM,Salesforce,69.98915100097656,71.05078603573598,69.98915100097656,70.26439554675078,4048500
2015-05-12,CRM,Salesforce,70.54945373535156,70.9229961368166,68.84887885377026,69.49765078847021,3575500
2015-05-13,CRM,Salesforce,70.56910705566406,71.29652017452948,69.81219783093022,71.15890167905887,4209700
2015-05-14,CRM,Salesforce,71.64057922363281,71.83718246635043,70.5789517115452,71.26704431193966,3199500
2015-05-15,CRM,Salesforce,71.16873931884766,72.06325960984957,71.02128877647593,71.9747937842142,3649300
2015-05-18,CRM,Salesforce,71.56195068359375,71.95514219862162,70.45116290466252,71.31620223687763,2856700
2015-05-19,CRM,Salesforce,70.26439666748047,71.85684174537235,69.63527376675184,71.74871183271955,5104100
2015-05-20,CRM,Salesforce,68.96683502197266,70.01863788079088,68.11162788456781,70.01863788079088,9728300
2015-05-21,CRM,Salesforce,71.67007446289062,73.4099700168057,71.08027224155975,72.25986918457471,12316000
2015-05-22,CRM,Salesforce,73.73436737060547,74.59939921863555,71.26705082157115,71.75854772378888,11304800
2015-05-26,CRM,Salesforce,72.31884765625,72.72187868114585,71.97480135429434,72.40732099083684,6547800
2015-05-27,CRM,Salesforce,72.69239044189453,73.19371939311833,71.68974003909464,71.75854930693731,3927000
2015-05-28,CRM,Salesforce,71.44398498535156,72.24020751109943,71.29653442511939,71.67990138193481,5066300
2015-05-29,CRM,Salesforce,71.51280212402344,71.6897413158626,70.44134243429859,71.32603089384658,4838100
2015-06-01,CRM,Salesforce,71.85684967041016,72.24021667586146,71.0213063892893,71.5521239736791,3191400
2015-06-02,CRM,Salesforce,71.66024780273438,72.10259200227547,71.37517870760779,71.59143853836916,2623000
2015-06-03,CRM,Salesforce,72.22053527832031,72.34832173633811,71.46362606640032,71.9649548626393,2649500
2015-06-04,CRM,Salesforce,70.98197937011719,72.23038566025336,70.78538361559286,71.67007951024698,2767500
2015-06-05,CRM,Salesforce,72.29918670654297,72.41714114599156,70.62809298443881,70.775543533396,3187600
2015-06-08,CRM,Salesforce,70.61825561523438,72.03376877889741,70.02846096359008,72.03376877889741,3830600
2015-06-09,CRM,Salesforce,70.53962707519531,71.24738370967347,69.79254979439655,71.22771963668994,3236500
2015-06-10,CRM,Salesforce,71.78802490234375,72.05343738706448,70.25455721158882,70.80503125449647,2476600
2015-06-11,CRM,Salesforce,71.16873931884766,72.24019876076643,71.02128877647593,71.92564110354158,2371700
2015-06-12,CRM,Salesforce,70.54945373535156,71.11959187469012,70.25456012854129,70.97214132146163,2288100
2015-06-15,CRM,Salesforce,71.32601928710938,71.43414919228465,69.5271465457272,70.09727718252357,2844600
2015-06-16,CRM,Salesforce,72.15174102783203,72.29919158674215,70.77554831074919,70.77554831074919,3434200
2015-06-17,CRM,Salesforce,73.1543960571289,74.52075682535506,72.06327235017889,72.25004357017946,7291600
2015-06-18,CRM,Salesforce,74.42245483398438,74.91395170186142,73.33133118732557,73.36081979945467,4230300
2015-06-19,CRM,Salesforce,73.72452545166016,74.6583664408559,73.68520480479502,74.21602228800455,5372600
2015-06-22,CRM,Salesforce,73.50827026367188,74.42245473671422,73.08558265786418,74.2160269524333,3112700
2015-06-23,CRM,Salesforce,72.93814086914062,73.7048823739368,72.60392655905977,73.58692041174172,3142400
2015-06-24,CRM,Salesforce,72.25004577636719,73.28219228731722,71.74871682822166,72.83984056848963,2763300
2015-06-25,CRM,Salesforce,72.3581771850586,73.38049167893686,72.12226076328602,73.05610191171968,1958200
2015-06-26,CRM,Salesforce,71.1097640991211,72.65307148246154,70.8640156622295,72.49578888302031,4089800
2015-06-29,CRM,Salesforce,68.8095474243164,70.64774803395267,68.74073817687791,70.45114482723875,2698200
2015-06-30,CRM,Salesforce,68.44584655761719,69.57629077830067,67.93469314894674,69.47799291120788,3559900
2015-07-01,CRM,Salesforce,69.34037780761719,69.83187466690029,68.95701085734812,69.37969845631747,3060700
2015-07-02,CRM,Salesforce,69.222412109375,69.84170291827759,68.78989999640972,69.71390894201693,1562300
2015-07-06,CRM,Salesforce,67.9838638305664,68.64246796406015,67.38423693301286,68.58348322847145,3586700
2015-07-07,CRM,Salesforce,69.06513977050781,69.3108881966059,67.1679616210447,68.9864984742412,4937200
2015-07-08,CRM,Salesforce,68.20994567871094,69.29123746176948,67.89538793273665,68.83906117065948,2988500
2015-07-09,CRM,Salesforce,68.77023315429688,70.3823421004798,68.75057658162712,69.30105061213459,3297500
2015-07-10,CRM,Salesforce,69.93016815185547,70.2054051758439,69.27156420164798,69.7630610300977,2252200
2015-07-13,CRM,Salesforce,69.84170532226562,70.63792781866508,69.79255263745097,70.37251532010076,2446400
2015-07-14,CRM,Salesforce,70.56910705566406,70.78536683415945,69.99896900320269,69.99896900320269,2024100
2015-07-15,CRM,Salesforce,70.14643096923828,70.93282892839369,69.86136189653561,70.5297979119237,1722300
2015-07-16,CRM,Salesforce,71.18841552734375,71.19824756611949,70.41184945632087,70.68709404450412,2774900
2015-07-17,CRM,Salesforce,71.57176971435547,72.25003777498723,70.84435646795059,71.30636471216951,3005700
2015-07-20,CRM,Salesforce,71.5324478149414,71.94531086616679,71.17857698476449,71.65040975809819,2175900
2015-07-21,CRM,Salesforce,72.57442474365234,72.66289057447263,71.26704135745557,71.38500329819585,3620500
2015-07-22,CRM,Salesforce,72.61375427246094,73.15439635944547,71.93548615462213,72.12225737539455,3296400
2015-07-23,CRM,Salesforce,70.98197937011719,73.25269258335666,70.74606296475854,72.98728756478408,3231600
2015-07-24,CRM,Salesforce,72.66288757324219,72.92830005403371,71.03112204178875,71.47346617691294,3480300
2015-07-27,CRM,Salesforce,71.22772216796875,72.63340345038817,71.080271613938,72.1222500293478,3478400
2015-07-28,CRM,Salesforce,72.53511047363281,72.603919736869,70.52980230263168,71.55211671331739,3435200
2015-07-29,CRM,Salesforce,72.62356567382812,72.9282987946466,71.09993006832023,71.7880225998856,2158700
2015-07-30,CRM,Salesforce,72.11241912841797,72.58425190917264,71.10976134493232,72.43680885246607,2362800
2015-07-31,CRM,Salesforce,72.0534439086914,72.88898708505815,71.76837482505626,72.16157381971325,2144600
2015-08-03,CRM,Salesforce,71.20807647705078,72.38766609028656,70.83453401646275,72.31885682117527,2581400
2015-08-04,CRM,Salesforce,70.66742706298828,71.5226344097773,70.57896121658659,71.21790121743754,2089300
2015-08-05,CRM,Salesforce,71.29653930664062,72.38766302755974,71.1982414263046,71.33585995870453,2108900
2015-08-06,CRM,Salesforce,69.23225402832031,71.64058585217873,69.12412410973262,71.54228797154835,2195400
2015-08-07,CRM,Salesforce,69.21260070800781,69.52715844061126,68.29841612580908,69.25191386239132,2226200
2015-08-10,CRM,Salesforce,70.05796813964844,70.30371660127146,69.49766194713384,69.92034960111137,1814000
2015-08-11,CRM,Salesforce,70.4118423461914,70.65759079323198,69.20276418655436,69.4780012472962,2406200
2015-08-12,CRM,Salesforce,69.83186340332031,70.16607761389498,68.37702963465615,69.8908406170345,3135100
2015-08-13,CRM,Salesforce,70.18573760986328,70.70672296647838,69.54679033302307,70.22505824993833,2302900
2015-08-14,CRM,Salesforce,71.74869537353516,72.02393236091291,69.65492186271538,69.97931152625864,3246900
2015-08-17,CRM,Salesforce,72.78085327148438,72.87915113996608,70.38234628236832,71.35550792973646,3073000
2015-08-18,CRM,Salesforce,71.34567260742188,72.79067430456873,70.80502316303172,72.6530558095686,4126500
2015-08-19,CRM,Salesforce,70.81486511230469,71.69956091805177,70.51996401050681,71.30636194887012,4774900
2015-08-20,CRM,Salesforce,66.66664123535156,70.77555574379679,66.35208350980949,70.40202078835549,8168000
2015-08-21,CRM,Salesforce,67.9740219116211,70.33320850176113,67.1188146165467,67.82657134355345,13138700
2015-08-24,CRM,Salesforce,64.06169891357422,67.81673462287988,63.068880656413064,64.6416691080194,9650000
2015-08-25,CRM,Salesforce,64.071533203125,67.04017104116733,63.9142506026116,66.44054425109253,7104000
2015-08-26,CRM,Salesforce,67.35472869873047,67.47269064903878,64.17966307431517,65.5656803671138,8044100
2015-08-27,CRM,Salesforce,68.75057220458984,69.0454657737388,67.08931068302823,68.13128146005018,4918100
2015-08-28,CRM,Salesforce,69.05531311035156,69.61561926549592,68.28857916116954,68.56381621988642,4191100
2015-08-31,CRM,Salesforce,68.18043518066406,69.01597822216495,67.85604549995857,68.6031227192557,3891900
2015-09-01,CRM,Salesforce,65.49687957763672,67.45304280016958,65.13317664151661,66.70596535086233,4373900
2015-09-02,CRM,Salesforce,66.82390594482422,66.82390594482422,65.20196506030818,66.44053155424778,3465400
2015-09-03,CRM,Salesforce,67.08931732177734,68.07231098216968,66.79441622380106,67.13847000465555,2937100
2015-09-04,CRM,Salesforce,65.98836517333984,66.8140837910692,65.40840248320764,66.13581573003938,3146000
2015-09-08,CRM,Salesforce,69.55665588378906,69.61563312249714,67.14831614134111,67.17780476069515,4098400
2015-09-09,CRM,Salesforce,67.85604858398438,70.11693691635094,67.6791094318892,69.81220379351437,3652800
2015-09-10,CRM,Salesforce,68.55398559570312,68.80956608391612,67.74793097870601,67.82657228271732,2861200
2015-09-11,CRM,Salesforce,68.85872650146484,68.89803965823486,67.72828200329324,68.3573975066908,3442000
2015-09-14,CRM,Salesforce,68.70142364501953,69.20275249216535,68.35737737723169,69.00614926796788,3436000
2015-09-15,CRM,Salesforce,70.05796813964844,70.48065579362596,68.9570198313519,69.42885267786531,4276400
2015-09-16,CRM,Salesforce,70.6575927734375,70.77555473119598,69.77290433901567,70.28405782334045,3330300
2015-09-17,CRM,Salesforce,71.09009552001953,71.95512717193913,70.28404108310818,70.28404108310818,4205900
2015-09-18,CRM,Salesforce,70.18573760986328,71.18838768301843,69.41900387751312,70.08743975949831,6039500
2015-09-21,CRM,Salesforce,70.91315460205078,71.40465138055107,69.85151976057519,70.539619750263,2914000
2015-09-22,CRM,Salesforce,70.4315185546875,70.71658770231987,69.70410512604035,70.17593802583627,3460100
2015-09-23,CRM,Salesforce,70.76571655273438,71.12942693286115,69.7630662475549,70.28405172473178,2688800
2015-09-24,CRM,Salesforce,70.49048614501953,70.77555525363775,69.25191182817952,70.33321103316159,3056000
2015-09-25,CRM,Salesforce,71.20807647705078,72.3680095132467,70.7264040936239,71.36535159231322,4829900
2015-09-28,CRM,Salesforce,67.86587524414062,71.45380318318139,67.7970659959791,70.72638256016462,5638500
2015-09-29,CRM,Salesforce,67.21710205078125,68.48516473968796,66.55849811535066,67.91502663156315,4660200
2015-09-30,CRM,Salesforce,68.249267578125,68.43603882120485,66.66664678057566,67.90522120901609,4080100
2015-10-01,CRM,Salesforce,71.67007446289062,71.82734955550455,67.51200780067127,67.98384807780661,8106900
2015-10-02,CRM,Salesforce,72.6727294921875,72.76119533138424,69.9498400575213,70.46099351650166,4838600
2015-10-05,CRM,Salesforce,73.98994445800781,74.46178481011503,72.60392701680479,72.8300114045442,4169700
2015-10-06,CRM,Salesforce,73.1543960571289,73.99977131656131,72.63341054833515,73.81300009656073,2519400
2015-10-07,CRM,Salesforce,73.72452545166016,74.00959451669749,72.00428652445476,73.35099055591117,3044400
2015-10-08,CRM,Salesforce,73.81299591064453,74.60922593520787,72.85949828805263,73.70487349954402,3804700
2015-10-09,CRM,Salesforce,73.97028350830078,74.4126277187904,73.46895457000434,73.95062693213019,3113600
2015-10-12,CRM,Salesforce,74.58956146240234,74.95327184203332,73.71469764349659,74.02925533681498,2594500
2015-10-13,CRM,Salesforce,75.32682037353516,76.968425897522,74.55025428725355,75.218690443822,5578600
2015-10-14,CRM,Salesforce,74.29466247558594,75.26782409715774,73.93095212223349,74.99258707284623,3447200
2015-10-15,CRM,Salesforce,76.37860107421875,77.00771638940033,74.61904909871303,74.89428611164921,3295300
2015-10-16,CRM,Salesforce,77.430419921875,77.49922918930716,76.14270041722432,76.85045716775369,3613400
2015-10-19,CRM,Salesforce,76.60470581054688,77.98089860670098,76.16236160804792,77.10603473978712,4346900
2015-10-20,CRM,Salesforce,76.21150970458984,77.1748469485396,75.57256222132551,76.67351800017556,2006700
2015-10-21,CRM,Salesforce,74.54042053222656,76.21150696722094,74.02925956411593,76.10337705087629,3134700
2015-10-22,CRM,Salesforce,76.0542221069336,77.08636094923456,75.14986224080063,75.14986224080063,3280100
2015-10-23,CRM,Salesforce,77.2239761352539,78.0300306010371,75.95591346963533,76.87009783323728,3971400
2015-10-26,CRM,Salesforce,76.88976287841797,77.9513977979029,76.31962477354871,77.24364118491295,2740300
2015-10-27,CRM,Salesforce,76.42777252197266,77.28297987900498,76.00508486270124,76.71284164098343,1683800
2015-10-28,CRM,Salesforce,77.19448852539062,77.19448852539062,75.26782191151072,76.55554116628059,3266800
2015-10-29,CRM,Salesforce,76.81114196777344,77.38128022391236,76.25083575043642,77.24366167927857,1822100
2015-10-30,CRM,Salesforce,76.3884506225586,77.29280315800169,76.10338150819435,76.82097031326957,3371600
2015-11-02,CRM,Salesforce,77.85311126708984,78.46257016450744,76.18202469303728,76.38845250515097,3110000
2015-11-03,CRM,Salesforce,77.29279327392578,77.97106133859621,76.91925836130923,77.68599226068613,2398500
2015-11-04,CRM,Salesforce,77.05686950683594,78.12833645571969,76.75214388359335,77.538534282204,2585800
2015-11-05,CRM,Salesforce,77.37142944335938,78.12833875514654,76.47690911992028,77.07653584756856,2601900
2015-11-06,CRM,Salesforce,78.05953216552734,78.27578447663456,76.85044663251561,77.2239815331335,2835100
2015-11-09,CRM,Salesforce,76.88976287841797,77.6761532820153,76.09354043862739,77.58768745521466,3088300
2015-11-10,CRM,Salesforce,76.91925048828125,77.02738038606394,75.98540955249922,76.87009780759962,2610500
2015-11-11,CRM,Salesforce,77.37142944335938,77.6564985023763,76.76197067929081,77.20432232244661,2385700
2015-11-12,CRM,Salesforce,76.96841430664062,78.39375225690733,76.899605043517,77.13552144570554,3159800
2015-11-13,CRM,Salesforce,74.31431579589844,76.75214326100269,74.13737664520824,76.75214326100269,3922600
2015-11-16,CRM,Salesforce,74.96310424804688,75.03191350943484,72.68255908535642,74.25534755968656,4053200
2015-11-17,CRM,Salesforce,75.92643737792969,77.1551796014834,75.11055824122202,75.26783334602027,4567600
2015-11-18,CRM,Salesforce,76.0345687866211,76.72266894511142,74.5207574375194,76.44742438192678,6442500
2015-11-19,CRM,Salesforce,79.26861572265625,81.49018370659937,79.081844509509,79.67164676162724,11602800
2015-11-20,CRM,Salesforce,79.61265563964844,80.7430998658462,78.35442493557136,79.52418980872736,5336300
2015-11-23,CRM,Salesforce,79.40624237060547,80.34991557101573,79.0228753673028,79.07202805988948,3593700
2015-11-24,CRM,Salesforce,79.02286529541016,79.42589632423818,77.78429109663874,78.93439945960712,3420300
2015-11-25,CRM,Salesforce,79.04253387451172,79.74045856210562,78.39375437639357,79.00321322314268,2487300
2015-11-27,CRM,Salesforce,78.60999298095703,79.11132177597237,78.09883215084265,78.85574136091518,2221700
2015-11-30,CRM,Salesforce,78.33477020263672,78.81643501481177,77.94157122346154,78.37409085051891,4449700
2015-12-01,CRM,Salesforce,79.63233947753906,79.7208053304172,78.29546714773646,78.98355989117232,3767400
2015-12-02,CRM,Salesforce,79.50452423095703,80.5465026065163,79.0523480489638,79.39639432877969,3379800
2015-12-03,CRM,Salesforce,78.57068634033203,80.66446021078247,78.20697597331386,79.58316864622562,4769100
2015-12-04,CRM,Salesforce,80.74309539794922,80.74309539794922,78.79677222891878,78.96387934450951,4341700
2015-12-07,CRM,Salesforce,79.30791473388672,80.46784734711004,78.93437990915704,80.41869467296226,2962500
2015-12-08,CRM,Salesforce,79.70113372802734,80.07466864695908,78.5018801729741,78.84592647983847,2105700
2015-12-09,CRM,Salesforce,78.35441589355469,80.01567741251088,77.87275114828147,79.45537138239632,3181000
2015-12-10,CRM,Salesforce,78.03003692626953,78.61000710700576,77.8137846127484,78.44289997852032,2032800
2015-12-11,CRM,Salesforce,75.56273651123047,77.53854866008352,75.34647667412673,76.96841795275716,4490700
2015-12-14,CRM,Salesforce,75.6806869506836,76.34912300277232,74.56007467213001,75.45460258727475,3946700
2015-12-15,CRM,Salesforce,76.0542221069336,76.54571893649971,75.6610231433514,76.33929116803951,3393500
2015-12-16,CRM,Salesforce,77.5483627319336,77.75479048325889,75.80846739953701,76.31962076001216,3749400
2015-12-17,CRM,Salesforce,77.09620666503906,77.97107057692364,76.71283966992775,77.6270242351119,2654300
2015-12-18,CRM,Salesforce,75.72000122070312,78.13816474960171,75.72000122070312,76.78163618450637,6721400
2015-12-21,CRM,Salesforce,75.9755859375,76.99790031189215,75.13021073366893,76.96841170007313,3011600
2015-12-22,CRM,Salesforce,76.535888671875,76.76197301890744,75.54306295326572,76.20166692021638,2100400
2015-12-23,CRM,Salesforce,76.71282958984375,77.55820477558308,76.61453171933502,76.87010468272837,2652800
2015-12-24,CRM,Salesforce,76.50640106201172,77.01755448343519,76.26065263832517,76.70299680110227,1084700
2015-12-28,CRM,Salesforce,76.87010192871094,76.87010192871094,76.0640474199829,76.3392919470517,2327400
2015-12-29,CRM,Salesforce,78.08901977539062,78.40357745073408,77.1060261024865,77.16500332297385,2230200
2015-12-30,CRM,Salesforce,77.79412841796875,78.53137376499245,77.62702127255878,77.9514110251646,1814700
2015-12-31,CRM,Salesforce,77.06670379638672,78.06935402131765,77.02738315035953,77.64666645108336,2463000
2016-01-04,CRM,Salesforce,75.40545654296875,75.89695346281574,74.35365343448208,75.82814419402308,4919200
2016-01-05,CRM,Salesforce,75.73966979980469,76.64402223033653,75.36612738310681,75.75932637453495,2656800
2016-01-06,CRM,Salesforce,74.99260711669922,76.01492169427416,74.3438275291494,74.4323008818373,3484400
2016-01-07,CRM,Salesforce,73.03643798828125,74.31432535235504,72.22055138297712,73.85231709393831,6972200
2016-01-08,CRM,Salesforce,71.98462677001953,73.98010263745911,71.66023707245104,73.50826239557348,3673800
2016-01-11,CRM,Salesforce,71.93547821044922,72.57442560600305,70.63792684547455,72.48595227448494,3685100
2016-01-12,CRM,Salesforce,73.19371032714844,73.99976486474284,71.80769310380845,72.71204551191012,4108100
2016-01-13,CRM,Salesforce,71.11959075927734,74.42245010134906,70.57894873878105,73.71469345666989,4727500
2016-01-14,CRM,Salesforce,71.82735443115234,72.36800400418939,69.66477113829873,71.18840698110327,4738200
2016-01-15,CRM,Salesforce,69.65492248535156,69.84169365687546,67.02049951174426,68.68176098566825,9572100
2016-01-19,CRM,Salesforce,69.5959701538086,70.9623310558705,68.71127415615926,70.63794127345771,7353700
2016-01-20,CRM,Salesforce,69.13394165039062,69.62543845012385,65.80159394817103,67.95434483124329,8083600
2016-01-21,CRM,Salesforce,68.32789611816406,69.43867633068703,67.96418573901109,69.16343928685103,4635600
2016-01-22,CRM,Salesforce,70.33320617675781,70.42167201488553,69.10446398289166,69.25190704643785,3751800
2016-01-25,CRM,Salesforce,68.73091888427734,70.18575288510317,68.61296443802584,70.01864575314896,2765100
2016-01-26,CRM,Salesforce,68.6817855834961,68.90786997769959,68.04283805702639,68.77025143349358,2931200
2016-01-27,CRM,Salesforce,66.28325653076172,68.66209916327263,65.89005760398531,68.09196109442912,5487300
2016-01-28,CRM,Salesforce,64.57286834716797,66.35208481414894,64.16000523081419,65.74262592783462,8734000
2016-01-29,CRM,Salesforce,66.9025650024414,66.94188565990868,64.99556186299411,65.35926482018144,5612300
2016-02-01,CRM,Salesforce,67.27609252929688,67.91503244693932,65.92938843437297,66.44054186841632,4396400
2016-02-02,CRM,Salesforce,63.42275619506836,66.59782944482907,63.068885329428326,66.49953156550421,7636900
2016-02-03,CRM,Salesforce,64.22879791259766,65.36907408289629,62.16451661236363,64.30743920013121,7994500
2016-02-04,CRM,Salesforce,66.05717468261719,66.22428931398603,63.7274843766253,64.563027534882,7220400
2016-02-05,CRM,Salesforce,57.51496124267578,62.194013477062775,56.76788766104155,62.03673463093854,19063800
2016-02-08,CRM,Salesforce,53.130802154541016,56.02080567448774,51.70546071611143,55.902843745225034,18025400
2016-02-09,CRM,Salesforce,56.35503005981445,57.58377217258044,51.89223780629078,52.6982923322794,16477700
2016-02-10,CRM,Salesforce,57.760711669921875,60.542585809782054,57.3871767411097,57.505134942322826,9859700
2016-02-11,CRM,Salesforce,58.232547760009766,58.83217076017763,55.617784698442385,56.21740769861026,7779000
2016-02-12,CRM,Salesforce,58.66506576538086,59.50060893109467,58.09492760537965,58.98945174448707,5081600
2016-02-16,CRM,Salesforce,58.704383850097656,59.94295423867497,57.465809711697034,59.648056884234975,5726200
2016-02-17,CRM,Salesforce,62.4102668762207,63.32444749726797,58.87148757774164,59.35315610372123,9836700
2016-02-18,CRM,Salesforce,60.650718688964844,63.08854288223915,60.5327604819839,62.40044646684003,6724000
2016-02-19,CRM,Salesforce,61.083229064941406,61.29948888294543,59.62839881160397,60.69986211471496,4905600
2016-02-22,CRM,Salesforce,62.89193344116211,63.245808006234206,61.083224970448654,61.083224970448654,7453300
2016-02-23,CRM,Salesforce,61.8303108215332,62.695342655889235,61.37813082877468,62.636365428442616,5280400
2016-02-24,CRM,Salesforce,61.45676803588867,61.908944248687256,59.30401313161619,60.94561084975066,11909400
2016-02-25,CRM,Salesforce,68.23943328857422,69.63528279700864,65.998208444125,69.30106847793905,18246100
2016-02-26,CRM,Salesforce,68.53431701660156,68.81938606898066,67.1188037908974,68.49499637148243,8364200
2016-02-29,CRM,Salesforce,66.59783172607422,67.98385662086844,66.49953384338225,67.95436050637791,7688100
2016-03-01,CRM,Salesforce,68.82921600341797,68.8685366516208,66.35207516381352,66.96153396148732,5146600
2016-03-02,CRM,Salesforce,69.23225402832031,69.35021598486532,68.33772606539443,68.4950086741211,4927600
2016-03-03,CRM,Salesforce,69.5959701538086,69.73358869792648,68.33773167956944,68.85872473904219,3241800
2016-03-04,CRM,Salesforce,69.8515396118164,70.95249540841222,69.42885196219592,69.96950157205275,4353000
2016-03-07,CRM,Salesforce,69.29122161865234,69.65493197600651,67.82656315193904,69.30105365524206,4624900
2016-03-08,CRM,Salesforce,68.63262176513672,69.69425679092326,67.99367434222924,68.60313315325047,4083700
2016-03-09,CRM,Salesforce,69.83186340332031,69.91050468803635,68.73090791623268,68.89801502152002,4255600
2016-03-10,CRM,Salesforce,69.49765014648438,71.0901026072776,68.60312979788233,70.22507086911952,4977700
2016-03-11,CRM,Salesforce,70.4118423461914,70.67725486879779,69.66477246693422,69.94984156545898,3426800
2016-03-14,CRM,Salesforce,70.99181365966797,71.25721868665946,69.95966716655624,70.09728569901813,3864100
2016-03-15,CRM,Salesforce,70.48064422607422,71.1195916213572,69.88101747815523,70.55928552080218,3205300
2016-03-16,CRM,Salesforce,71.49312591552734,71.67988959477246,69.90067362625011,70.05794869822736,2985800
2016-03-17,CRM,Salesforce,71.48330688476562,71.93548311097709,70.38235118204611,71.29653567189564,3379700
2016-03-18,CRM,Salesforce,71.41448974609375,72.28935348939922,70.96231356975075,71.85683388609446,5995900
2016-03-21,CRM,Salesforce,71.02130889892578,71.43416453482402,70.47083471772812,71.26705737262448,2852100
2016-03-22,CRM,Salesforce,71.611083984375,72.03377154253862,70.48063981722613,70.93282348380262,3348100
2016-03-23,CRM,Salesforce,70.55929565429688,71.345693715223,70.27422654470234,70.47082980975775,2945900
2016-03-24,CRM,Salesforce,71.20807647705078,71.21790101574678,69.85154017221699,70.32338051730001,2698800
2016-03-28,CRM,Salesforce,70.72640228271484,71.44399107048586,70.19559222010334,71.15892196299588,2688100
2016-03-29,CRM,Salesforce,71.07044219970703,71.45380911409137,69.50747843367027,70.32336494362511,4606100
2016-03-30,CRM,Salesforce,73.03643798828125,73.39031633516866,71.71922247494544,71.75854312456039,5181100
2016-03-31,CRM,Salesforce,72.57442474365234,73.12489880114717,72.13207309061124,72.80050908884634,4226900
2016-04-01,CRM,Salesforce,74.44212341308594,74.65837574833402,71.86667696969387,72.13208199456277,4550600
2016-04-04,CRM,Salesforce,74.40278625488281,75.1400314377504,74.12754925322226,74.56006132741207,2978100
2016-04-05,CRM,Salesforce,73.31168365478516,74.2258682417787,73.09542380630205,73.60657731209562,2365400
2016-04-06,CRM,Salesforce,74.29466247558594,74.39296034146199,73.20353891517503,73.48860797596807,2033300
2016-04-07,CRM,Salesforce,74.03907775878906,74.17669626301584,73.40996245385347,73.63605428202376,3843700
2016-04-08,CRM,Salesforce,73.57707214355469,74.64853910644888,73.03643014362413,74.43227930661814,2375700
2016-04-11,CRM,Salesforce,72.89881896972656,74.2160269744761,72.86932285798022,74.18653836237678,2151800
2016-04-12,CRM,Salesforce,73.0069351196289,73.27234760505438,72.19105608948048,73.26251556864882,2259700
2016-04-13,CRM,Salesforce,74.65837097167969,74.89429486718812,73.18388037316345,73.4984380675277,3099900
2016-04-14,CRM,Salesforce,74.85497283935547,75.28748497386148,74.37330801927867,74.70752228229,2696200
2016-04-15,CRM,Salesforce,75.01223754882812,75.23832937164705,74.58955001023729,74.95326033402571,2132900
2016-04-18,CRM,Salesforce,75.9559326171875,75.97559669428223,74.56991516792958,74.9434501366013,1916100
2016-04-19,CRM,Salesforce,74.89430236816406,76.27048773155896,74.24552284000839,76.27048773155896,2365200
2016-04-20,CRM,Salesforce,74.84513854980469,75.33663539213315,74.5010922601041,74.90411577099718,2001600
2016-04-21,CRM,Salesforce,75.83795928955078,76.49656321509322,75.19901193656577,75.35629451560965,3542500
2016-04-22,CRM,Salesforce,75.17935943603516,75.56272636866169,74.06857178539975,74.93361101770294,3184500
2016-04-25,CRM,Salesforce,75.20885467529297,75.52341237849784,74.58956380673693,74.88446493458716,2456200
2016-04-26,CRM,Salesforce,74.91393280029297,75.49390285787183,74.51090937013727,75.49390285787183,1953700
2016-04-27,CRM,Salesforce,74.40278625488281,74.90410757948777,73.52792257118496,74.38312218353802,3359300
2016-04-28,CRM,Salesforce,74.09806060791016,75.33663473975345,73.68520506384459,74.09806060791016,3824800
2016-04-29,CRM,Salesforce,74.51094055175781,74.76651356577746,73.21338890492967,73.73437447150978,3228000
2016-05-02,CRM,Salesforce,75.93627166748047,76.11321085290515,74.42246030321311,75.00243054974588,3287400
2016-05-03,CRM,Salesforce,73.62622833251953,75.3759558877431,73.1150674177248,75.1007188565367,3273100
2016-05-04,CRM,Salesforce,72.73171997070312,73.3608354962237,72.2893756948257,73.04627773346341,2839900
2016-05-05,CRM,Salesforce,72.55475616455078,73.32148998263018,72.38764905028138,72.84965724826414,2088600
2016-05-06,CRM,Salesforce,72.98728942871094,73.05609869451642,71.92565432801429,72.25004408094618,3080100
2016-05-09,CRM,Salesforce,73.35099029541016,74.03908286398998,72.93812725461574,72.98727993793423,2136600
2016-05-10,CRM,Salesforce,74.6288833618164,74.6878680863091,73.67537822869478,73.85231740287867,2706300
2016-05-11,CRM,Salesforce,74.50109100341797,75.61187114847081,74.49125896683618,74.69768673717451,2517500
2016-05-12,CRM,Salesforce,74.5993881225586,75.48408391488843,73.91129556166119,75.14986217127651,2730400
2016-05-13,CRM,Salesforce,75.07124328613281,76.02474102425325,74.65838016796083,74.70753286049137,3583200
2016-05-16,CRM,Salesforce,75.99525451660156,76.36879699104026,74.70753493277921,75.36613903292896,4141800
2016-05-17,CRM,Salesforce,75.46441650390625,76.23115782310782,75.26782078081628,76.14268449796505,4587700
2016-05-18,CRM,Salesforce,76.54573059082031,77.15518195249939,75.33664490615625,75.46443140142661,8010200
2016-05-19,CRM,Salesforce,79.7109603881836,81.07732861408101,78.7869513536641,80.86106878696563,13765000
2016-05-20,CRM,Salesforce,79.64214324951172,80.42854117950465,79.34724965049922,80.21228137377427,5097900
2016-05-23,CRM,Salesforce,80.34008026123047,80.70378313887859,79.33742246421035,79.41606376194662,4875800
2016-05-24,CRM,Salesforce,81.34273529052734,81.9915147851224,80.43838281289243,80.57600134211307,5805600
2016-05-25,CRM,Salesforce,82.1487808227539,82.52231571803061,80.93969530703087,81.58847473001556,4932700
2016-05-26,CRM,Salesforce,81.93253326416016,83.04332107873276,81.83423538224915,82.39454155875433,4757200
2016-05-27,CRM,Salesforce,82.34539794921875,82.37489406672785,81.59832796458834,81.70645789650956,3139700
2016-05-31,CRM,Salesforce,82.28640747070312,82.6304537897885,81.74576539775391,82.1389569054816,4484500
2016-06-01,CRM,Salesforce,82.03081512451172,82.42401407500714,80.51701153952057,80.67428661993101,4172400
2016-06-02,CRM,Salesforce,81.82440185546875,81.9521958493109,81.04783585309944,81.79491324139673,3684300
2016-06-03,CRM,Salesforce,81.14612579345703,81.5983019557049,80.7234382396705,81.5884699196691,2826900
2016-06-06,CRM,Salesforce,81.4213638305664,81.98166989732536,81.09697413411486,81.45085243939906,2585500
2016-06-07,CRM,Salesforce,81.72611999511719,81.92271579389865,81.3525849775728,81.56884485602181,2605400
2016-06-08,CRM,Salesforce,81.93253326416016,82.13896106606758,81.52950969843073,81.71627342416734,2344600
2016-06-09,CRM,Salesforce,81.32307434082031,81.87354842809569,81.24443304273898,81.40170813925468,1852100
2016-06-10,CRM,Salesforce,80.43836975097656,81.1854395026771,80.1631327372294,80.60547686651645,2322100
2016-06-13,CRM,Salesforce,80.10416412353516,81.57865485043607,79.42590348892115,79.86824770713235,4618100
2016-06-14,CRM,Salesforce,79.7109603881836,80.33025125667713,79.39640268501047,79.74045650068341,3540300
2016-06-15,CRM,Salesforce,80.59566497802734,81.20512387485533,80.35974855007537,80.43838985927536,3574400
2016-06-16,CRM,Salesforce,80.2516098022461,80.448205553985,78.84592842833601,79.80926561100995,3045000
2016-06-17,CRM,Salesforce,79.1309814453125,80.14346361044586,78.80659177114967,80.14346361044586,5691300
2016-06-20,CRM,Salesforce,79.8387451171875,80.89054801827837,79.75027178924346,80.09432556501366,3448300
2016-06-21,CRM,Salesforce,80.24178314208984,80.47770705956339,79.84859161226268,80.18280591254532,3184200
2016-06-22,CRM,Salesforce,79.24896240234375,80.41871991788909,79.10151183325809,80.17297146929548,4222600
2016-06-23,CRM,Salesforce,80.88072967529297,80.92005032774229,79.41607099488192,79.77978140530243,2777100
2016-06-24,CRM,Salesforce,77.12569427490234,79.14083460726796,76.99790777807998,78.0595429043891,6815700
2016-06-27,CRM,Salesforce,74.7763442993164,76.36879708793523,74.22587012531648,76.14270519524347,6020700
2016-06-28,CRM,Salesforce,76.23117065429688,76.58504901514033,75.29732206331933,76.23117065429688,4781100
2016-06-29,CRM,Salesforce,77.65650177001953,78.29544917058827,76.57521020732834,76.91925650005099,5493600
2016-06-30,CRM,Salesforce,78.05953216552734,78.60017419276534,77.74496698650599,78.00054744463752,4644300
2016-07-01,CRM,Salesforce,78.47239685058594,79.47504722669849,77.9808999506068,78.23647293884973,2967300
2016-07-05,CRM,Salesforce,77.33212280273438,77.89242898582347,76.92909923226918,77.75481044960142,4163400
2016-07-06,CRM,Salesforce,77.1650161743164,77.39110805658301,76.40811421996752,77.14535959742913,4121200
2016-07-07,CRM,Salesforce,77.42060089111328,77.75481521394609,77.05689045187034,77.1650203797629,3085900
2016-07-08,CRM,Salesforce,79.51435089111328,79.72077864504534,77.95139468292224,78.07918114974326,3558900
2016-07-11,CRM,Salesforce,80.27127075195312,80.43837788438982,79.67164398295375,79.68146852040516,2928600
2016-07-12,CRM,Salesforce,80.53667449951172,81.04782792594266,79.83874986936237,80.55633107375465,3499400
2016-07-13,CRM,Salesforce,79.94688415527344,81.07732847714634,79.89773146750397,80.96919856377127,2474600
2016-07-14,CRM,Salesforce,80.17296600341797,80.62514221804494,80.05501155590909,80.60548564334245,1791700
2016-07-15,CRM,Salesforce,80.01568603515625,80.51701490548683,79.66180771488132,80.46786222225278,2253800
2016-07-18,CRM,Salesforce,80.24178314208984,80.67430282447698,79.76995030643816,80.12382868300078,2177300
2016-07-19,CRM,Salesforce,79.9862060546875,80.39906163966856,79.76994622456009,80.3105883002313,2164300
2016-07-20,CRM,Salesforce,80.74309539794922,81.32306553393241,80.03533879115773,80.65462957192337,4267800
2016-07-21,CRM,Salesforce,80.31058502197266,81.67694571147881,80.04518001378926,81.04783032205067,3195800
2016-07-22,CRM,Salesforce,81.14612579345703,81.26408022730233,79.84857452363609,80.5956442701433,2578700
2016-07-25,CRM,Salesforce,80.79225158691406,81.27391638203243,80.52683909801972,81.17561851563124,2633100
2016-07-26,CRM,Salesforce,80.36956024169922,80.79224779707857,80.04517054811006,80.60547660992492,3010000
2016-07-27,CRM,Salesforce,80.1139907836914,80.7234496097716,79.67164659517405,80.52684635959388,3570100
2016-07-28,CRM,Salesforce,80.92987823486328,81.31324520211645,80.31058736495645,80.52684719256537,2448200
2016-07-29,CRM,Salesforce,80.40888214111328,81.00850885693053,79.50452229945115,80.85122627589494,2996300
2016-08-01,CRM,Salesforce,79.64214324951172,80.40888460609574,79.18014252776082,80.38922053304036,4171900
2016-08-02,CRM,Salesforce,79.1309814453125,79.47502769079776,78.24628574288919,79.43570704850721,4267700
2016-08-03,CRM,Salesforce,79.04253387451172,79.36691612392339,78.48222021723836,79.16048832897145,2657500
2016-08-04,CRM,Salesforce,79.18997192382812,79.74045350845995,78.95405553021274,79.17031534921307,2467400
2016-08-05,CRM,Salesforce,79.94688415527344,79.94688415527344,79.28828013718693,79.49470792645371,3033500
2016-08-08,CRM,Salesforce,79.78958892822266,80.13363518922543,79.66180245974907,79.99601668482431,2682600
2016-08-09,CRM,Salesforce,79.79943084716797,80.24177502329135,79.62249167678922,79.73062158644551,2785300
2016-08-10,CRM,Salesforce,78.87541961669922,80.07467324054925,78.58052597946151,79.91739813395196,3376200
2016-08-11,CRM,Salesforce,80.09432983398438,80.2516049258895,78.83609160050965,79.05235141407009,3448600
2016-08-12,CRM,Salesforce,80.24178314208984,80.39906575373888,79.21946866531427,79.92722541843949,3275100
2016-08-15,CRM,Salesforce,77.5778579711914,78.39374451020969,76.87993337143426,78.00054554565237,10886100
2016-08-16,CRM,Salesforce,76.63419342041016,77.65650784131682,76.59487276964676,77.65650784131682,4797700
2016-08-17,CRM,Salesforce,75.0220718383789,76.13285191518808,74.57972771477999,76.10336330690097,8141600
2016-08-18,CRM,Salesforce,75.60205078125,75.84779921182282,74.87463002700869,75.0712332712551,6200200
2016-08-19,CRM,Salesforce,76.16236114501953,76.25082698512254,75.2088559813457,75.41528377456675,3289300
2016-08-22,CRM,Salesforce,75.93627166748047,76.3294706906073,75.6512025632047,76.16236354316385,4059000
2016-08-23,CRM,Salesforce,76.69316864013672,76.94874911358822,76.35895436686307,76.4965728911107,4328600
2016-08-24,CRM,Salesforce,76.49656677246094,77.35177396157846,76.2606503925703,76.67350593229054,3661700
2016-08-25,CRM,Salesforce,78.7967758178711,78.87540961137132,76.78163580395332,76.81112441397171,7495900
2016-08-26,CRM,Salesforce,78.66899108886719,79.32759512218315,78.10868493371599,79.0228694499782,4271500
2016-08-29,CRM,Salesforce,78.56087493896484,78.87543270399944,78.36427914818648,78.84594408534755,4582800
2016-08-30,CRM,Salesforce,78.47239685058594,78.85576383259787,78.00055652676105,78.63950399666345,3352700
2016-08-31,CRM,Salesforce,78.0693588256836,78.73779484998838,77.59752604361367,78.64932901571783,10307100
2016-09-01,CRM,Salesforce,74.61904907226562,75.24816438722422,72.80050488095334,74.16686540872088,27418500
2016-09-02,CRM,Salesforce,73.82283020019531,75.16953435718112,73.38048600611205,74.70752608800908,8153000
2016-09-06,CRM,Salesforce,74.13738250732422,74.33398574566233,73.28218279440522,73.65571769777758,5146000
2016-09-07,CRM,Salesforce,73.73436737060547,74.32416215333724,73.31167973471231,73.79334459898438,5566800
2016-09-08,CRM,Salesforce,73.6065673828125,73.74418590425603,73.10524598311693,73.72452932961278,5122200
2016-09-09,CRM,Salesforce,72.93814086914062,74.40280710938322,72.93814086914062,73.25269860201293,6915100
2016-09-12,CRM,Salesforce,73.09540557861328,73.43945184283851,72.25003047243352,72.5252674838137,5197800
2016-09-13,CRM,Salesforce,71.81751251220703,72.74152892820892,71.41448902201545,72.39748265618043,6780300
2016-09-14,CRM,Salesforce,72.56459045410156,73.2428584679185,71.75853596651831,71.81751318523409,5828700
2016-09-15,CRM,Salesforce,72.73171997070312,73.03645319374961,72.112436484545,72.26971161610082,4288800
2016-09-16,CRM,Salesforce,72.0436019897461,72.72186997500536,71.98462477351346,72.50561018262438,7317400
2016-09-19,CRM,Salesforce,71.75852966308594,72.52526343762491,71.36533074034537,72.46628622408981,3881800
2016-09-20,CRM,Salesforce,71.67007446289062,72.53510622138417,71.42432603721835,72.2893577957119,4833500
2016-09-21,CRM,Salesforce,72.91846466064453,72.99710594760259,70.88366823339172,71.97479171608556,6315800
2016-09-22,CRM,Salesforce,73.32149505615234,73.94078587487334,73.04625802545262,73.7245260651388,5155700
2016-09-23,CRM,Salesforce,69.19292449951172,71.95513433899899,68.90785543250128,71.84700443428308,23179200
2016-09-26,CRM,Salesforce,68.99633026123047,69.99898053623374,68.691597114213,69.30105590860119,11726700
2016-09-27,CRM,Salesforce,68.85872650146484,69.44852134844399,68.62280256295449,68.78008518862805,8179500
2016-09-28,CRM,Salesforce,70.40201568603516,70.51014559944561,68.95701366104751,69.1929300631943,7467300
2016-09-29,CRM,Salesforce,69.98915100097656,70.89351093779776,69.94000581396644,70.38234999529269,5323400
2016-09-30,CRM,Salesforce,70.116943359375,70.56911956746941,70.03830206240723,70.0874547479238,5817000
2016-10-03,CRM,Salesforce,69.3207015991211,70.28403857453216,68.83903686123836,69.93999233318735,4679900
2016-10-04,CRM,Salesforce,71.39482879638672,71.70938647628249,69.02581791021943,69.3895207746837,11238200
2016-10-05,CRM,Salesforce,67.25643920898438,68.41637228287416,65.63449781334174,67.05001139494232,48274000
2016-10-06,CRM,Salesforce,70.04814147949219,70.77555480396492,69.31089611695089,69.93017952161243,18527100
2016-10-07,CRM,Salesforce,69.70408630371094,70.2152397237369,69.01598621948185,70.03830055918047,6707400
2016-10-10,CRM,Salesforce,73.82283020019531,74.44212107148857,72.32868297827991,72.32868297827991,22522700
2016-10-11,CRM,Salesforce,71.18841552734375,72.66290635848003,70.33321564505955,72.64324978057675,16425400
2016-10-12,CRM,Salesforce,71.00164031982422,71.43415246066778,70.6182658659777,71.03112893174003,6301800
2016-10-13,CRM,Salesforce,69.42884826660156,70.16609360462868,69.30106177454992,70.16609360462868,6686800
2016-10-14,CRM,Salesforce,73.0069351196289,74.86480001866812,68.43602064471897,69.77289260931278,25005600
2016-10-17,CRM,Salesforce,71.5914306640625,73.46894467074804,71.50295733409702,72.83982932299143,8777200
2016-10-18,CRM,Salesforce,71.5324478149414,72.90864048651704,71.365340686871,72.74153335844663,5248400
2016-10-19,CRM,Salesforce,71.58159637451172,74.21601962269385,71.20806149217744,71.37516861061808,3668800
2016-10-20,CRM,Salesforce,71.35550689697266,71.72904929130195,71.02129264904279,71.72904929130195,5054500
2016-10-21,CRM,Salesforce,72.74153137207031,73.00693636236718,71.00163588098823,71.10975828470436,6789700
2016-10-24,CRM,Salesforce,73.78349304199219,74.05873003447797,73.01675927731164,73.16420980889919,6329300
2016-10-25,CRM,Salesforce,73.78349304199219,73.98009625065744,73.30182830514208,73.78349304199219,4447200
2016-10-26,CRM,Salesforce,73.67537689208984,74.86480590230964,73.065925580683,73.38048327356469,5748200
2016-10-27,CRM,Salesforce,73.46894073486328,74.86479736883791,73.35098630075706,74.20618594661165,4019400
2016-10-28,CRM,Salesforce,73.85231018066406,74.21602053082024,73.5475845492323,73.7146916697177,4827800
2016-10-31,CRM,Salesforce,73.88180541992188,74.70751647587768,73.59673636499058,74.03908050216029,4113500
2016-11-01,CRM,Salesforce,74.16687774658203,75.77898694679796,73.96044995261325,74.69769528806493,7141700
2016-11-02,CRM,Salesforce,73.72452545166016,74.3634728388372,73.64588415792988,73.87197600249279,4084800
2016-11-03,CRM,Salesforce,72.879150390625,74.11772451977006,72.4761268840999,73.76384619715718,3883200
2016-11-04,CRM,Salesforce,73.10523986816406,73.90146231843613,72.60391101075565,72.87914803062024,4280800
2016-11-07,CRM,Salesforce,75.00242614746094,75.69051877280944,74.12756230966907,74.3536466724348,5977500
2016-11-08,CRM,Salesforce,75.2481689453125,75.72983374695649,74.70751942331148,75.06139774686731,4031100
2016-11-09,CRM,Salesforce,74.60921478271484,75.24816211444653,73.6360532311011,73.95061087907958,6880900
2016-11-10,CRM,Salesforce,72.3778305053711,75.42511727293177,71.04095834273282,74.92378833703054,10200200
2016-11-11,CRM,Salesforce,73.32149505615234,73.79333532281375,72.54493664795524,72.54493664795524,8881800
2016-11-14,CRM,Salesforce,71.52262115478516,73.76384551071219,71.30636134857352,73.63605903415372,7241700
2016-11-15,CRM,Salesforce,72.76119995117188,73.45913216972465,72.06327523226683,73.22320825092608,6216400
2016-11-16,CRM,Salesforce,72.06327819824219,73.34117322889622,71.89617104028454,72.94797418102975,10638700
2016-11-17,CRM,Salesforce,73.91129302978516,74.12755282712949,72.07309225200443,72.45645916560716,12539100
2016-11-18,CRM,Salesforce,76.44741821289062,79.00320788154362,75.94609681603751,78.21680990662779,19903000
2016-11-21,CRM,Salesforce,74.85497283935547,76.97823536229892,74.51092653930061,76.73248693373876,8549800
2016-11-22,CRM,Salesforce,74.28482818603516,75.3562951406317,73.82281998081943,74.4519353029207,7873800
2016-11-23,CRM,Salesforce,72.69239044189453,73.92113272454756,72.28936687300114,73.81300280370228,8233800
2016-11-25,CRM,Salesforce,72.47611999511719,72.9086320708079,72.2500281717424,72.70220431884614,2346100
2016-11-28,CRM,Salesforce,71.68973541259766,72.67272917528258,71.55211688579354,72.29919424533531,6436900
2016-11-29,CRM,Salesforce,71.68973541259766,72.073102380073,71.17858195584628,71.52262827285655,7435000
2016-11-30,CRM,Salesforce,70.77555084228516,72.05344573235197,70.77555084228516,71.96497239398255,6261900
2016-12-01,CRM,Salesforce,67.2957534790039,70.99181220269857,67.05000503327297,70.9131709001493,10907300
2016-12-02,CRM,Salesforce,67.2466049194336,68.27874383998719,65.30027402694435,65.45754912451332,15967600
2016-12-05,CRM,Salesforce,69.5959701538086,70.25457425775103,67.85606677515688,67.91504400845078,10209600
2016-12-06,CRM,Salesforce,69.41902160644531,70.13660284705351,68.79973074165922,69.5861287447078,4234100
2016-12-07,CRM,Salesforce,70.55929565429688,70.77555549603395,69.07497287663146,69.52715663643501,4919700
2016-12-08,CRM,Salesforce,70.637939453125,71.04096303632771,69.7925641326729,70.22508383141061,5426600
2016-12-09,CRM,Salesforce,69.95965576171875,70.99180208656978,69.40918172160958,70.77554228519936,5126800
2016-12-12,CRM,Salesforce,69.18309783935547,69.64510610456526,68.3967073344353,69.61561749183224,6100900
2016-12-13,CRM,Salesforce,70.39217376708984,70.90332714992815,69.15359970530415,69.24207303096905,5895400
2016-12-14,CRM,Salesforce,70.116943359375,70.64776086443719,69.92034011695557,70.49047827050164,5071600
2016-12-15,CRM,Salesforce,69.03565216064453,70.72639505701939,68.95701086323727,69.98914976803178,4740200
2016-12-16,CRM,Salesforce,68.67194366455078,69.43867758614134,68.4360272655184,69.28140248666878,7224800
2016-12-19,CRM,Salesforce,68.32789611816406,68.87837020583605,67.9543537018321,68.80956094487705,4526000
2016-12-20,CRM,Salesforce,68.67194366455078,68.86853941380325,67.9543549304498,68.77024153917701,5262100
2016-12-21,CRM,Salesforce,68.91769409179688,69.15361049764428,68.13129607277577,68.7702435257745,3515800
2016-12-22,CRM,Salesforce,68.71126556396484,68.86854066629772,68.04282950484385,68.59330361247976,3468600
2016-12-23,CRM,Salesforce,68.6817855834961,68.8194041277021,68.13130390702388,68.50484638385291,2274000
2016-12-27,CRM,Salesforce,68.66210174560547,69.23223983589146,68.45567398870455,68.6522697096637,2939700
2016-12-28,CRM,Salesforce,67.91502380371094,68.8685287897512,67.67910744107236,68.66210103498669,4313700
2016-12-29,CRM,Salesforce,67.9740219116211,68.63262594938949,67.6004794725634,67.6791207754858,3229100
2016-12-30,CRM,Salesforce,67.2957534790039,68.2001059593784,67.06966910873398,68.18044938356478,4523300
2017-01-03,CRM,Salesforce,69.34037780761719,69.6549354975725,67.82656658106761,68.11163565940944,8112200
2017-01-04,CRM,Salesforce,71.56195068359375,71.8273557062023,69.5566424584325,69.87120017024324,9289500
2017-01-05,CRM,Salesforce,71.55211639404297,72.40732366157434,71.29653591760017,71.5717729693168,4695600
2017-01-06,CRM,Salesforce,72.5449447631836,72.86932701442575,71.3162025246449,71.65041681369665,4466100
2017-01-09,CRM,Salesforce,72.70221710205078,73.17405740353107,72.25987291287633,72.79069043967397,3933100
2017-01-10,CRM,Salesforce,72.72187805175781,73.03643573934441,72.19106054777163,72.85949657134903,3994800
2017-01-11,CRM,Salesforce,74.48143005371094,74.78616320335335,72.80051171076794,73.00693948976303,7591300
2017-01-12,CRM,Salesforce,73.93096923828125,74.46178683647928,72.74154753662663,73.89164858289827,4681700
2017-01-13,CRM,Salesforce,74.35364532470703,74.49126384728227,73.42962881629013,73.56724733886537,3690000
2017-01-17,CRM,Salesforce,73.74418640136719,74.01943094575661,73.10524647592099,74.01943094575661,3152500
2017-01-18,CRM,Salesforce,74.49126434326172,74.92378398831914,73.80317172580405,74.30449313296018,3969500
2017-01-19,CRM,Salesforce,74.28482818603516,74.87462286304931,74.05873635169586,74.43227873020025,3274300
2017-01-20,CRM,Salesforce,74.73701477050781,74.8254881091951,74.14722001129914,74.47160975374045,4593600
2017-01-23,CRM,Salesforce,74.86480712890625,75.6511976241713,74.41262340706115,74.41262340706115,3770900
2017-01-24,CRM,Salesforce,75.79863739013672,76.14268365154273,74.65836120988138,75.02207154316544,3730300
2017-01-25,CRM,Salesforce,77.1355209350586,77.25347538554838,75.93626735743135,76.21150440810374,5690400
2017-01-26,CRM,Salesforce,76.6243667602539,77.73515459824439,75.96576268795289,77.65651329119858,4121000
2017-01-27,CRM,Salesforce,76.87992858886719,77.23380688498996,76.59485954478795,76.86027201670304,2219300
2017-01-30,CRM,Salesforce,77.37142944335938,77.44023869900855,75.78880906378228,76.47690911992028,4964000
2017-01-31,CRM,Salesforce,77.75479888916016,78.63949470451529,76.8406144632343,77.11585149475664,7835200
2017-02-01,CRM,Salesforce,77.24365234375,77.9514090589845,76.13286458247747,77.56804208817368,6199700
2017-02-02,CRM,Salesforce,78.76728057861328,78.89507455630051,76.56537684369829,76.99789646113834,7676100
2017-02-03,CRM,Salesforce,78.84593200683594,79.33742890813748,78.4527329858652,79.02287119129039,4975400
2017-02-06,CRM,Salesforce,78.39374542236328,78.75745578124888,78.0005464532309,78.65915041423088,2664200
2017-02-07,CRM,Salesforce,78.84593200683594,79.16048972368303,78.18732795900728,78.91474127303225,3628200
2017-02-08,CRM,Salesforce,79.32758331298828,79.4553772852609,78.27578042394383,78.63949076862136,2568000
2017-02-09,CRM,Salesforce,79.65198516845703,80.585833763642,79.12116762480026,79.32759541961444,5147500
2017-02-10,CRM,Salesforce,79.26861572265625,80.60548782806917,79.1703178471856,80.02552511303932,3061900
2017-02-13,CRM,Salesforce,79.53401184082031,79.91737872588125,79.09166024291842,79.79941679984495,4327500
2017-02-14,CRM,Salesforce,79.5438461303711,79.91738852546753,79.18996780851475,79.5733347405847,4809500
2017-02-15,CRM,Salesforce,80.28109741210938,81.42137375696201,79.51436349040017,79.8485852637576,5271900
2017-02-16,CRM,Salesforce,79.44556427001953,80.33026025291134,79.1310065316189,80.1336569791309,5234700
2017-02-17,CRM,Salesforce,80.0844955444336,80.0844955444336,78.88524206634754,79.19979974095646,3674100
2017-02-21,CRM,Salesforce,80.78241729736328,81.01833367007573,79.90755356139356,80.29092047941866,4325000
2017-02-22,CRM,Salesforce,80.68412780761719,80.98885346648242,80.32041742471733,80.60548650866905,2741400
2017-02-23,CRM,Salesforce,80.6742935180664,81.71626445127477,80.43837712745537,80.92987398268902,5595200
2017-02-24,CRM,Salesforce,80.38922882080078,80.42854947131886,79.59300627183974,80.0255259278913,4434200
2017-02-27,CRM,Salesforce,80.15331268310547,80.52684761479482,79.52419727202482,80.24177852232903,3289300
2017-02-28,CRM,Salesforce,79.96653747558594,80.43837776016625,79.31776552139077,80.11398803324522,10533000
2017-03-01,CRM,Salesforce,82.38470458984375,82.9646748078078,80.71361819843021,81.46069555560616,14319200
2017-03-02,CRM,Salesforce,81.26408386230469,82.27656612954507,80.94952619190335,82.1389476174724,5884800
2017-03-03,CRM,Salesforce,80.8217544555664,81.18545737538048,80.26144826861842,80.60549461154301,6217200
2017-03-06,CRM,Salesforce,81.09697723388672,81.31323703978718,80.23194550993132,80.36956402284136,5328500
2017-03-07,CRM,Salesforce,81.55899047851562,82.95483976665113,81.40170788284838,81.94235743089584,5431800
2017-03-08,CRM,Salesforce,82.06031799316406,82.41418882815113,81.52950049121324,81.54915706551654,3732400
2017-03-09,CRM,Salesforce,81.86371612548828,82.1586172425136,81.4017078753172,81.77525029016886,3646900
2017-03-10,CRM,Salesforce,82.08980560302734,82.522317729245,81.8243931054663,82.13895078800947,3930000
2017-03-13,CRM,Salesforce,82.18810272216797,82.31588920153074,81.6671172683049,82.05048420603987,3463700
2017-03-14,CRM,Salesforce,82.08980560302734,82.19793550949343,81.32307172055627,82.00133227062476,2933500
2017-03-15,CRM,Salesforce,82.06031799316406,82.34537956861936,81.58847771376995,82.13895179002407,3074100
2017-03-16,CRM,Salesforce,82.09962463378906,82.57146487578072,81.85387622642067,82.52231219444855,3762100
2017-03-17,CRM,Salesforce,81.61796569824219,82.55181421288363,81.60813366134263,82.51249356493219,7828200
2017-03-20,CRM,Salesforce,81.49018096923828,82.20776218575199,81.40170763453361,81.61796745309289,3428700
2017-03-21,CRM,Salesforce,80.16313934326172,81.7654163765556,79.98620017703658,81.58847721033047,4206200
2017-03-22,CRM,Salesforce,80.48751831054688,80.57599163990551,79.76010510087643,80.3007546146057,3057000
2017-03-23,CRM,Salesforce,80.1336441040039,80.99868337035525,80.07466688116972,80.605484385618,3056700
2017-03-24,CRM,Salesforce,80.22212219238281,80.85123760538913,79.90756448587966,80.48752721051315,3701800
2017-03-27,CRM,Salesforce,80.22212219238281,80.3990613710188,79.13099850740214,79.62249539254128,3403000
2017-03-28,CRM,Salesforce,80.74309539794922,80.94952315832238,79.9173843564566,80.05500286337202,3216000
2017-03-29,CRM,Salesforce,80.97901916503906,81.0380038874245,80.27126999323553,80.64480490332464,2874000
2017-03-30,CRM,Salesforce,81.15595245361328,81.18544106284628,80.62513498848021,80.85122682534379,3483000
2017-03-31,CRM,Salesforce,81.08714294433594,81.51966254411927,80.79224935328516,80.87088314444428,3174000
2017-04-03,CRM,Salesforce,80.91021728515625,81.5688288309457,80.16314739683743,81.20511842504094,4224200
2017-04-04,CRM,Salesforce,81.55899047851562,81.71626557453592,81.12647084007766,81.33289862215571,4441500
2017-04-05,CRM,Salesforce,83.888671875,84.95030678380677,81.59830244165919,81.77524159312698,13289300
2017-04-06,CRM,Salesforce,83.5544662475586,83.99681042195161,82.93518290347899,83.96732181027832,5014400
2017-04-07,CRM,Salesforce,82.94500732421875,83.4070155721751,82.39453324136706,83.25956501436927,4876400
2017-04-10,CRM,Salesforce,82.80738830566406,83.1710986794455,82.43385339449569,82.699258397233,3401300
2017-04-11,CRM,Salesforce,82.43386840820312,82.83689200422882,81.88339422840286,82.64029622562822,2536200
2017-04-12,CRM,Salesforce,81.95219421386719,82.65011889835158,81.78507957138144,82.4043704531255,3098400
2017-04-13,CRM,Salesforce,81.71627044677734,82.63045496457131,81.71627044677734,81.7850797115727,2594700
2017-04-17,CRM,Salesforce,82.76807403564453,82.797570149019,81.58848448867923,81.8342329359343,2960800
2017-04-18,CRM,Salesforce,82.28640747070312,82.96467557093378,82.10946829236676,82.5714765635588,2498200
2017-04-19,CRM,Salesforce,82.07999420166016,82.77791900090207,81.93254361035021,82.65013248824604,2840600
2017-04-20,CRM,Salesforce,82.62062072753906,82.92534636448241,82.04065056407825,82.52231536110243,4012300
2017-04-21,CRM,Salesforce,82.36504364013672,82.9646704016016,82.22742512107726,82.58130345570068,2946100
2017-04-24,CRM,Salesforce,82.73857879638672,83.21041907717732,82.3257232379742,83.07280055770649,3193800
2017-04-25,CRM,Salesforce,83.30872344970703,83.6822583889005,82.91552443497066,83.13178426805804,3016500
2017-04-26,CRM,Salesforce,83.50532531738281,83.67243997313564,82.95485115626185,83.30872954545332,2165000
2017-04-27,CRM,Salesforce,84.3900146484375,84.85202292572217,83.83954053064167,83.92800637115283,2944500
2017-04-28,CRM,Salesforce,84.6554183959961,84.7537162640372,83.82969980522836,84.32119664508045,2919200
2017-05-01,CRM,Salesforce,85.18624114990234,85.4024934731046,84.78321011647459,84.78321011647459,3290000
2017-05-02,CRM,Salesforce,85.60893249511719,85.71706242073428,84.64560270280792,85.31403883405535,3503200
2017-05-03,CRM,Salesforce,85.0781021118164,85.57942346593705,84.72422380323344,85.49095763861445,2786700
2017-05-04,CRM,Salesforce,85.0486068725586,85.64823359602968,84.82252253399193,85.2746987107716,2140100
2017-05-05,CRM,Salesforce,85.490966796875,85.50079883417953,84.75372149162378,84.969981314441,2595800
2017-05-08,CRM,Salesforce,85.38284301757812,85.68756869908,85.14692660285563,85.45165228435751,2168400
2017-05-09,CRM,Salesforce,85.64823913574219,86.12991145273169,85.42215478255243,85.54994126480547,2887000
2017-05-10,CRM,Salesforce,85.82518768310547,86.12992086585439,85.42216411832452,85.893996950246,2920700
2017-05-11,CRM,Salesforce,86.21837615966797,86.45429254676164,85.0977639464146,85.89398644013497,2731600
2017-05-12,CRM,Salesforce,87.5257568359375,87.76167321564829,86.08075494837175,86.47395391432073,5586600
2017-05-15,CRM,Salesforce,88.27284240722656,88.41046093327964,87.5355970892363,87.75184941614313,4053900
2017-05-16,CRM,Salesforce,88.22367858886719,88.74466401457393,87.88946435337466,88.4792590334267,6422300
2017-05-17,CRM,Salesforce,86.34617614746094,88.22369799999375,86.08077110791885,88.22369799999375,5619200
2017-05-18,CRM,Salesforce,86.25770568847656,86.89665315646886,85.68756748628975,86.38549218221603,10180000
2017-05-19,CRM,Salesforce,85.91365051269531,89.45242631763962,84.96997746468661,89.40327363299102,15733500
2017-05-22,CRM,Salesforce,87.4274673461914,87.53559725967897,85.39267056456217,86.05127458333385,6058400
2017-05-23,CRM,Salesforce,86.98511505126953,87.73219240300585,86.66073281270454,87.22103895159499,4344600
2017-05-24,CRM,Salesforce,88.07624816894531,88.19421013176796,86.82784926924275,86.9261471551043,4577200
2017-05-25,CRM,Salesforce,89.71782684326172,90.24864431248933,88.38096238329328,88.43993960221422,7407100
2017-05-26,CRM,Salesforce,89.28532409667969,89.55072910928817,88.92161370937082,89.38362197173294,5284500
2017-05-30,CRM,Salesforce,89.3148193359375,89.52124713875936,88.93145234503295,88.96094095977212,4626500
2017-05-31,CRM,Salesforce,88.11555480957031,89.42293823258562,87.95827971713399,89.14770119608698,6030100
2017-06-01,CRM,Salesforce,88.51859283447266,89.09855556448558,87.8010040756687,88.4694401456439,4890600
2017-06-02,CRM,Salesforce,89.3148193359375,89.54090371536957,88.30233689843843,88.70536046595318,4969200
2017-06-05,CRM,Salesforce,89.82596588134766,90.3174627547402,89.20668252074601,89.45243095744229,5537300
2017-06-06,CRM,Salesforce,89.55071258544922,90.38625561869867,89.25581901470304,89.45241472853382,4296700
2017-06-07,CRM,Salesforce,89.8357925415039,90.42558725434277,89.07889070162926,89.8947697628938,3484000
2017-06-08,CRM,Salesforce,89.69817352294922,90.06188388532601,89.04939409270628,89.83579203851954,3804900
2017-06-09,CRM,Salesforce,85.78585052490234,89.66867985117969,83.78055012559382,89.5408858799014,11672200
2017-06-12,CRM,Salesforce,84.71439361572266,85.36316552918554,82.12912299904411,84.65541639622052,9281600
2017-06-13,CRM,Salesforce,85.78585052490234,86.80816479689766,85.32384981993424,86.33633205575902,5308000
2017-06-14,CRM,Salesforce,85.68755340576172,86.59190575049756,84.59642987039595,86.19871429601851,3554800
2017-06-15,CRM,Salesforce,84.8028564453125,84.91098634367259,83.45615998333962,84.52761943117632,6661600
2017-06-16,CRM,Salesforce,84.53746032714844,85.5007974772327,84.39984180565739,84.61610162504245,8005000
2017-06-19,CRM,Salesforce,86.05126953125,86.21837666059363,85.14691712576439,85.2157263848851,4835500
2017-06-20,CRM,Salesforce,85.44180297851562,86.29701012106233,85.31401650879323,86.13972754326916,3095500
2017-06-21,CRM,Salesforce,86.07093048095703,86.30685438106161,84.9601502416414,86.01195325575446,3794700
2017-06-22,CRM,Salesforce,86.96546173095703,87.48644723929237,85.75637607038935,86.3756669573632,4413000
2017-06-23,CRM,Salesforce,87.11289978027344,87.34881615587794,86.02177623108885,86.78851007653827,4890900
2017-06-26,CRM,Salesforce,86.61157989501953,88.27284173207187,86.20854885777011,87.28984798226995,4866500
2017-06-27,CRM,Salesforce,86.18888854980469,87.76167698144137,85.62858243667016,86.50344623613202,5370800
2017-06-28,CRM,Salesforce,86.59191131591797,86.9654537211861,85.21572613749882,86.77868251855203,4257800
2017-06-29,CRM,Salesforce,85.32386016845703,86.17905992786122,84.37035503471695,86.15940335278232,5215600
2017-06-30,CRM,Salesforce,85.12725830078125,85.7662057460971,84.83236467192971,85.32386155299618,3943500
2017-07-03,CRM,Salesforce,84.63574981689453,85.61874344426762,83.67242026187077,85.53027761763423,2741300
2017-07-05,CRM,Salesforce,86.01195526123047,86.02178729887586,84.63576247712132,84.81270165650174,4719800
2017-07-06,CRM,Salesforce,85.37300109863281,85.98245989074638,84.87167221317885,85.1469167480876,3275000
2017-07-07,CRM,Salesforce,86.42481994628906,86.94580550163982,85.70723861521475,85.71706315424724,2454300
2017-07-10,CRM,Salesforce,86.99494934082031,87.13256786974925,85.98246694956563,86.36583392296018,2332100
2017-07-11,CRM,Salesforce,86.84749603271484,87.14239715662342,86.17905998488291,86.75903019533054,2414700
2017-07-12,CRM,Salesforce,88.86263275146484,88.8724647884513,87.33898950337735,87.70269987540804,4273500
2017-07-13,CRM,Salesforce,88.04673767089844,89.2263270073698,87.97792841793171,89.01989924846963,3211100
2017-07-14,CRM,Salesforce,88.46943664550781,88.63654378147848,88.01726042483287,88.26300885995927,1978000
2017-07-17,CRM,Salesforce,87.77149963378906,88.72500462779465,87.75183556194477,88.44976761914273,2485700
2017-07-18,CRM,Salesforce,87.75184631347656,87.87964029718397,87.11290639352727,87.48644130822883,3813100
2017-07-19,CRM,Salesforce,88.03692626953125,88.59723246063028,87.28985634783109,87.83049846224716,4463000
2017-07-20,CRM,Salesforce,89.00025939941406,89.08872524143163,87.89930364542796,88.18437274689707,3481000
2017-07-21,CRM,Salesforce,88.16471862792969,89.08872772433782,88.01726805414346,88.80365861492382,2928700
2017-07-24,CRM,Salesforce,88.1450424194336,88.28266093611971,87.44711779919785,88.12538584546988,2393500
2017-07-25,CRM,Salesforce,89.0887222290039,89.27549344425555,87.72236149551945,88.20403384015293,3346000
2017-07-26,CRM,Salesforce,89.52124786376953,89.64903436189006,88.61689533942173,89.08872817836505,3638100
2017-07-27,CRM,Salesforce,88.97076416015625,90.56320919507023,87.57490737075975,89.69817741684099,3572100
2017-07-28,CRM,Salesforce,89.07889556884766,89.57039243967625,88.17453562679127,88.46943674914725,2108800
2017-07-31,CRM,Salesforce,89.2558364868164,89.50158492703379,88.3416519892218,89.26566102467909,3002900
2017-08-01,CRM,Salesforce,89.66868591308594,90.21915998151032,89.34429619434441,89.81613646702723,3157500
2017-08-02,CRM,Salesforce,88.3613052368164,89.79647517367835,87.4766093854229,89.79647517367835,3636900
2017-08-03,CRM,Salesforce,88.81349182128906,88.89213312829582,87.89930725136698,88.46944547769425,2351400
2017-08-04,CRM,Salesforce,88.91178894042969,89.32465204883994,88.71519317425167,89.06907155309031,1987600
2017-08-07,CRM,Salesforce,88.96092987060547,89.1575256107923,88.58739496439178,89.01008255547556,1903300
2017-08-08,CRM,Salesforce,88.72502136230469,89.34430474857513,88.01726463533993,88.64638005938696,2366700
2017-08-09,CRM,Salesforce,88.58739471435547,88.93144100853475,88.09589786562887,88.11555443973336,3055400
2017-08-10,CRM,Salesforce,86.13973236083984,88.39078875878934,86.06109856719156,88.145040341978,3961500
2017-08-11,CRM,Salesforce,86.78851318359375,87.15222354622502,85.77603088991228,86.06109995797787,2881500
2017-08-14,CRM,Salesforce,88.7151870727539,89.10838607771495,87.58474274585862,87.77151396063574,4906900
2017-08-15,CRM,Salesforce,89.15752410888672,89.56055511902125,88.55789736187711,88.81347781953203,2531700
2017-08-16,CRM,Salesforce,90.67134094238281,90.82862354141946,89.27549162434448,89.5015834855479,4273700
2017-08-17,CRM,Salesforce,89.33447265625,90.91709325317777,89.20668616382228,90.43542839748375,3630500
2017-08-18,CRM,Salesforce,89.21651458740234,89.79647729836532,88.74467428894589,89.27549181234174,3046800
2017-08-21,CRM,Salesforce,90.19951629638672,90.2388369496995,89.02975123418668,89.40328619118645,3512500
2017-08-22,CRM,Salesforce,91.36927032470703,91.85094268442134,90.48458190815704,90.8581168507082,11254400
2017-08-23,CRM,Salesforce,91.48722076416016,93.02068849277941,89.74732526435342,90.57303634910332,12034900
2017-08-24,CRM,Salesforce,92.54885864257812,92.70613373525063,91.76246068027524,92.1065069764152,5494400
2017-08-25,CRM,Salesforce,92.49971771240234,93.61050553778726,92.27363333177111,92.54887040366013,5311000
2017-08-28,CRM,Salesforce,92.06719207763672,92.58817753040773,91.2709620935398,92.48004762515563,5536100
2017-08-29,CRM,Salesforce,92.23429870605469,92.51936777293949,90.92691531299056,91.1726637327554,3242800
2017-08-30,CRM,Salesforce,93.24678039550781,93.5613380707968,91.99837423133371,92.23429811253537,3808100
2017-08-31,CRM,Salesforce,93.86607360839844,94.03318825011817,92.74546130327585,93.32543153116762,5098200
2017-09-01,CRM,Salesforce,94.37722778320312,94.5345028762972,93.57117324452315,94.1216473198226,3679600
2017-09-05,CRM,Salesforce,94.54434967041016,94.84907536685085,93.5122031184721,93.73829500591545,4069500
2017-09-06,CRM,Salesforce,94.19046020507812,94.68195707684322,93.6301540712518,94.52468197769488,4105200
2017-09-07,CRM,Salesforce,95.0849838256836,95.8615422483806,94.24943318162666,94.45586095850588,4917300
2017-09-08,CRM,Salesforce,94.79008483886719,95.53716216690843,94.74093215294657,94.97685604578923,3316400
2017-09-11,CRM,Salesforce,96.04830932617188,96.54963819114631,95.30123204694574,95.30123204694574,4471500
2017-09-12,CRM,Salesforce,95.20294189453125,95.95985127155336,94.51484927873572,95.93035515975038,4743200
2017-09-13,CRM,Salesforce,93.9840316772461,95.25209449635115,93.73828324330279,95.24226245909225,5610300
2017-09-14,CRM,Salesforce,93.6792984008789,94.11181050968649,92.90273251281215,93.75793219361438,5054600
2017-09-15,CRM,Salesforce,93.02069091796875,93.99386007848439,92.56851471696253,93.88573017176043,6081700
2017-09-18,CRM,Salesforce,94.11180877685547,94.54432837734572,93.12881513912039,93.32541836645518,5990700
2017-09-19,CRM,Salesforce,93.72846221923828,94.57383753130749,93.54169848725641,94.33792110690266,3521000
2017-09-20,CRM,Salesforce,93.59082794189453,93.73827849472038,92.45055916597768,93.46304146259034,3362600
2017-09-21,CRM,Salesforce,93.24678039550781,93.48269677706291,92.56851236143454,93.20745974864087,2896100
2017-09-22,CRM,Salesforce,93.32543182373047,93.7284553735007,92.95188938775371,93.17798125687898,2254400
2017-09-25,CRM,Salesforce,90.8974380493164,93.27628124967657,90.54355968070857,93.25662467348614,5821100
2017-09-26,CRM,Salesforce,90.76962280273438,92.07700605289206,90.5533705166824,91.36924948138878,4558200
2017-09-27,CRM,Salesforce,91.62484741210938,92.06719910361994,91.04488469390421,91.32995378408287,2945100
2017-09-28,CRM,Salesforce,91.02521514892578,91.66416255405768,90.85810801978803,91.6248419060876,3017600
2017-09-29,CRM,Salesforce,91.83126068115234,91.88041336120828,91.04487029777947,91.19231333865524,4629700
2017-10-02,CRM,Salesforce,92.3424301147461,93.22711844059155,91.86075780441624,92.12617030188726,2755900
2017-10-03,CRM,Salesforce,93.73827362060547,93.82673944791303,92.35224899561697,92.56850879523047,4996800
2017-10-04,CRM,Salesforce,93.89556884765625,94.10200415495709,93.1190103091918,93.58101111699726,3128300
2017-10-05,CRM,Salesforce,94.10198974609375,94.24943280066383,93.06984336622293,93.87589789634177,3956300
2017-10-06,CRM,Salesforce,94.68195343017578,94.92770185659336,93.84641028028541,93.92505157665425,4402900
2017-10-09,CRM,Salesforce,94.63279724121094,95.11446953890093,94.34773567681027,94.69178196112703,2031300
2017-10-10,CRM,Salesforce,93.76776885986328,94.81957182355309,93.60066173003564,94.63280061983586,2028900
2017-10-11,CRM,Salesforce,94.37722778320312,94.37722778320312,93.21729491050299,93.76776898580243,2640800
2017-10-12,CRM,Salesforce,95.09481048583984,95.57648280895769,94.21011463685974,94.50501575306875,3118600
2017-10-13,CRM,Salesforce,95.29141235351562,95.96967291156479,95.04566392677323,95.49784013202161,2496000
2017-10-16,CRM,Salesforce,95.49783325195312,95.92052081548371,95.27174141579415,95.30123002493526,2544300
2017-10-17,CRM,Salesforce,95.07514953613281,95.35038656545045,94.29858363218857,95.31106591845557,2528300
2017-10-18,CRM,Salesforce,94.79991912841797,95.41920248763849,94.41655216799853,95.32090461310862,2876700
2017-10-19,CRM,Salesforce,95.53715515136719,95.57647579728689,94.47552021047461,94.7605892686576,2534100
2017-10-20,CRM,Salesforce,97.21808624267578,97.4933233008512,95.67478630963728,95.88121410326885,4588800
2017-10-23,CRM,Salesforce,96.7658920288086,97.74888562520154,96.62827352528525,97.3851752946636,4024900
2017-10-24,CRM,Salesforce,96.9821548461914,97.0411320639286,96.14660426346808,96.57912385926404,3651400
2017-10-25,CRM,Salesforce,97.8963394165039,97.93566006463557,96.63810867487787,96.72658200808581,4687200
2017-10-26,CRM,Salesforce,98.34852600097656,99.0464506515516,97.6112807011181,98.12243414250861,3863300
2017-10-27,CRM,Salesforce,98.98745727539062,100.24569544353766,98.47630387867962,99.00712134813703,4030400
2017-10-30,CRM,Salesforce,98.98745727539062,99.26270179631571,98.21089889377409,98.98745727539062,2374600
2017-10-31,CRM,Salesforce,100.59957885742188,100.70770877213177,99.12508820190224,99.41015729526038,5111800
2017-11-01,CRM,Salesforce,100.21620178222656,102.15270051449671,99.5772618956431,101.90695209668877,3760800
2017-11-02,CRM,Salesforce,100.85515594482422,101.61206532233085,100.02944480534103,100.31451388910938,3212600
2017-11-03,CRM,Salesforce,100.96328735351562,101.31716570415676,99.97046156423649,101.11073791622395,3265500
2017-11-06,CRM,Salesforce,100.67821502685547,101.3859717053703,99.85250390168612,101.16971188697444,7046800
2017-11-07,CRM,Salesforce,100.97311401367188,103.21433844861255,100.01960892520312,103.15536122652888,5277100
2017-11-08,CRM,Salesforce,103.24385070800781,103.46011057137868,101.15007634833698,101.19922154478132,6674500
2017-11-09,CRM,Salesforce,101.83815002441406,102.66386866631981,100.66839257288093,102.55573875488398,5128600
2017-11-10,CRM,Salesforce,103.45026397705078,103.58788250716995,101.0812528517301,101.65139104773662,4675700
2017-11-13,CRM,Salesforce,103.98106384277344,104.15800299422165,103.21433001971323,103.21433001971323,4609500
2017-11-14,CRM,Salesforce,104.42343139648438,104.5708744621388,103.27332298684875,103.84346117287019,4366800
2017-11-15,CRM,Salesforce,103.63703155517578,105.18033144555932,103.214343941904,104.07937574363936,4148400
2017-11-16,CRM,Salesforce,105.2098159790039,105.5342057044452,104.37427282227529,104.42342550781979,3708500
2017-11-17,CRM,Salesforce,105.75045776367188,106.0355268196946,104.91491466823776,105.36709084341803,4407900
2017-11-20,CRM,Salesforce,105.5440444946289,107.14632165063229,105.19016613507705,106.85142051778996,5578500
2017-11-21,CRM,Salesforce,106.94971466064453,107.3330815932804,105.95688895065715,106.90056197711826,10682700
2017-11-22,CRM,Salesforce,105.01321411132812,105.66198602472487,104.2464802592927,105.03287068461137,9009600
2017-11-24,CRM,Salesforce,105.32778930664062,105.77013352575514,104.60037597978541,105.57353776162596,4000000
2017-11-27,CRM,Salesforce,104.76747131347656,105.45556390997261,104.05971464299671,104.97389909242537,5144200
2017-11-28,CRM,Salesforce,104.6495132446289,105.07220085517437,103.99090923506768,104.29563489628168,4794300
2017-11-29,CRM,Salesforce,101.76934814453125,104.07938210253195,101.04193482363753,103.95159560686001,6851000
2017-11-30,CRM,Salesforce,102.54590606689453,102.73267727630714,101.02226277880082,101.82831734097792,5201800
2017-12-01,CRM,Salesforce,102.06423950195312,103.0472332195881,101.08124578431817,102.09372811353867,4797600
2017-12-04,CRM,Salesforce,98.15190887451172,102.95874694986318,98.13225230247322,102.82112844665588,9116000
2017-12-05,CRM,Salesforce,98.97764587402344,99.93115103831215,97.00182628099462,97.85703356744526,5323800
2017-12-06,CRM,Salesforce,101.16972351074219,101.57275458217602,98.29938331777852,98.55496381430612,4571000
2017-12-07,CRM,Salesforce,102.30015563964844,102.36896489972574,100.89447432694345,101.88730007918466,3900100
2017-12-08,CRM,Salesforce,101.68086242675781,103.55837634066305,101.45477059437117,103.21433007368,4171500
2017-12-11,CRM,Salesforce,102.76216888427734,102.93910806160375,101.61206798147933,102.61471831989746,3357200
2017-12-12,CRM,Salesforce,101.90694427490234,103.27330477306896,101.52357737251867,103.16517487756116,4683600
2017-12-13,CRM,Salesforce,102.17237854003906,102.82115055182999,101.94628666493692,102.05441658351,4067500
2017-12-14,CRM,Salesforce,102.46726989746094,103.41094302971227,102.17237626218406,102.4279492461612,4464900
2017-12-15,CRM,Salesforce,103.6861801147461,103.85328724598874,101.55307805846978,102.97842344166334,7261100
2017-12-18,CRM,Salesforce,103.29296875,104.07935912611714,103.00789970752703,103.60752640037605,3931400
2017-12-19,CRM,Salesforce,102.48692321777344,103.3814435671157,101.72018934700962,102.81130543257201,3942100
2017-12-20,CRM,Salesforce,101.63172149658203,102.7228451406313,101.06158333129291,102.48692874451571,3673500
2017-12-21,CRM,Salesforce,101.8578109741211,102.27066653258439,101.5727418981402,101.9659408822396,2486800
2017-12-22,CRM,Salesforce,100.8846435546875,101.73985079749588,100.2850167809334,101.53342301467599,3538300
2017-12-26,CRM,Salesforce,100.7961654663086,100.85514268290304,99.59691206458105,100.42263059513364,2524600
2017-12-27,CRM,Salesforce,100.90430450439453,101.06157959610978,100.35382293427429,100.8453197828104,2038600
2017-12-28,CRM,Salesforce,101.04193115234375,101.1500610676941,100.6192435286053,100.89448058598897,2719400
2017-12-29,CRM,Salesforce,100.491455078125,101.41546410994648,100.47179100318255,100.86499000591265,2498800
2018-01-02,CRM,Salesforce,102.6343765258789,102.9194381011591,100.5307630936711,101.13038985478535,4669200
2018-01-03,CRM,Salesforce,103.4994125366211,104.33495572176304,102.84080852595075,103.11604557520718,3888700
2018-01-04,CRM,Salesforce,104.86576843261719,105.82910556045182,103.97124056393882,104.19733241525046,4540200
2018-01-05,CRM,Salesforce,106.26160430908203,106.45820752451986,105.37690858872631,105.92739009230644,3368400
2018-01-08,CRM,Salesforce,107.00869750976562,107.28393455283829,105.7406347044834,106.16332230624414,2933600
2018-01-09,CRM,Salesforce,107.29377746582031,107.48054119275267,106.40908152366171,107.14632689218593,3302300
2018-01-10,CRM,Salesforce,106.94971466064453,107.62797519549831,106.38940856681928,106.83175271996943,3113300
2018-01-11,CRM,Salesforce,107.24461364746094,107.53951476413197,106.82192604671083,107.14631577511958,3668100
2018-01-12,CRM,Salesforce,108.3652114868164,108.82721967501952,107.05783570913137,107.37239335859898,5749500
2018-01-16,CRM,Salesforce,107.03819274902344,109.5448299029823,106.38942075013188,108.96485966947195,5790800
2018-01-17,CRM,Salesforce,108.16864013671875,108.50285443347548,107.37241754767672,107.88357103084809,4254700
2018-01-18,CRM,Salesforce,109.86920928955078,110.2624082936026,108.3455734608649,108.35540549836918,3842800
2018-01-19,CRM,Salesforce,110.02647399902344,110.4884821911811,109.71191634686336,110.30171100720776,3120900
2018-01-22,CRM,Salesforce,110.97016143798828,111.03897069901451,109.12213592782163,109.73158723986913,2214700
2018-01-23,CRM,Salesforce,111.314208984375,111.82536992882433,110.76373489002685,111.25523175987972,2816800
2018-01-24,CRM,Salesforce,110.93083190917969,111.90399352283667,110.58678563158846,111.69756575628195,4975500
2018-01-25,CRM,Salesforce,110.05596923828125,111.54029176430534,109.99699201858706,111.35352056907848,4715100
2018-01-26,CRM,Salesforce,111.7663803100586,111.98264012326663,110.12478263655638,110.80305068713676,3927400
2018-01-29,CRM,Salesforce,111.3731918334961,112.46431546617161,110.93084015828748,111.76638332304115,3181500
2018-01-30,CRM,Salesforce,110.32138061523438,111.52062656826932,109.93800619214349,110.50814430893402,3737700
2018-01-31,CRM,Salesforce,111.97280883789062,112.57242805703983,110.72440271857035,111.13725824636998,4181800
2018-02-01,CRM,Salesforce,110.82270050048828,112.32667956468002,110.61627273674101,111.37318203679395,4302800
2018-02-02,CRM,Salesforce,108.89603424072266,110.43933395555757,108.82722498590758,110.12477629073919,4403800
2018-02-05,CRM,Salesforce,105.81927490234375,109.71192911314841,105.67182434518853,107.29376547460218,6124000
2018-02-06,CRM,Salesforce,107.70661926269531,107.75577194748723,101.92661901442024,103.22417039667165,6857900
2018-02-07,CRM,Salesforce,108.178466796875,110.38037072973448,106.95954912899359,107.21512960769739,4515400
2018-02-08,CRM,Salesforce,102.26083374023438,108.30624651462392,102.23134512908292,108.22760521845555,6803800
2018-02-09,CRM,Salesforce,105.1606674194336,106.27144758042392,100.62906594461323,103.52889430718483,6615800
2018-02-12,CRM,Salesforce,106.70397186279297,107.61815632715037,104.4529153322861,105.86842119671434,4624100
2018-02-13,CRM,Salesforce,105.85859680175781,106.24196375510326,104.12852574329698,106.17315449423732,7542800
2018-02-14,CRM,Salesforce,107.16596221923828,107.36256544498288,104.91491340672096,104.91491340672096,7428000
2018-02-15,CRM,Salesforce,111.19624328613281,111.50096891472673,108.17845311051914,110.40001333776237,8341900
2018-02-16,CRM,Salesforce,110.94066619873047,112.2087289330173,110.75389500153928,110.92100212552796,4667300
2018-02-20,CRM,Salesforce,112.40531921386719,113.29984701002051,110.3705227156234,110.53762983150496,4287800
2018-02-21,CRM,Salesforce,112.53312683105469,113.70288428372427,112.22839367141806,112.81818841641112,4976500
2018-02-22,CRM,Salesforce,111.07828521728516,113.04427256626364,110.56713180639522,112.57243230266432,4763400
2018-02-23,CRM,Salesforce,113.00495910644531,113.00495910644531,110.82271181034473,111.69757563630981,4173500
2018-02-26,CRM,Salesforce,114.66622161865234,114.81367218002889,113.4079908275803,114.135404097485,5418900
2018-02-27,CRM,Salesforce,114.48927307128906,115.60988524656706,113.79134847087182,115.305159611079,5908200
2018-02-28,CRM,Salesforce,114.27301025390625,116.14069966336172,114.24352164475188,115.01025548135081,9684400
2018-03-01,CRM,Salesforce,117.39894104003906,120.38724286815346,116.04241239752503,118.85377505490742,15555500
2018-03-02,CRM,Salesforce,119.84659576416016,120.24962680002481,115.63938372940682,116.63220951319676,10627500
2018-03-05,CRM,Salesforce,120.41673278808594,120.84925243227305,117.62503417470701,117.95924844547193,10121300
2018-03-06,CRM,Salesforce,122.3630599975586,122.56948777615592,120.66247758390419,120.78043952866558,8154800
2018-03-07,CRM,Salesforce,123.19859313964844,123.63110523600713,121.08515534050571,121.28175106615546,6750400
2018-03-08,CRM,Salesforce,124.21109008789062,125.12527456976764,123.5623106170405,123.62129534143865,6127900
2018-03-09,CRM,Salesforce,125.24323272705078,125.331698561499,124.1029564187392,125.02697290998155,5637800
2018-03-12,CRM,Salesforce,124.62393188476562,126.01978104699192,124.62393188476562,125.6953988470705,5609800
2018-03-13,CRM,Salesforce,124.57479095458984,125.93131951774518,123.59179728572892,125.71505971065233,4641800
2018-03-14,CRM,Salesforce,125.8133544921875,126.6783861996985,124.35852809775325,124.88934556587807,5402400
2018-03-15,CRM,Salesforce,125.05646514892578,126.27538278964589,124.51581559057033,125.82319906830473,4603500
2018-03-16,CRM,Salesforce,123.82772827148438,125.7740517655903,123.55249121168332,125.12527976743746,6662900
2018-03-19,CRM,Salesforce,122.85456848144531,123.62130244586119,121.37024574284808,122.90371367167984,6830400
2018-03-20,CRM,Salesforce,122.99217224121094,124.67309053814984,122.33356077427445,122.4711792898381,7113600
2018-03-21,CRM,Salesforce,119.63031768798828,121.9108625317642,118.15582729331474,119.4926991844571,14824000
2018-03-22,CRM,Salesforce,116.03258514404297,118.60803151317644,115.44279038383644,118.35245103388294,10950500
2018-03-23,CRM,Salesforce,112.48397064208984,116.07189918692596,112.36600869690498,116.0030899271465,10902100
2018-03-26,CRM,Salesforce,116.94677734375,117.23184645486772,113.08361128563045,116.22918854684708,13171700
2018-03-27,CRM,Salesforce,111.87451171875,118.11652777604891,110.80305217483816,118.04771101669809,8304700
2018-03-28,CRM,Salesforce,110.96034240722656,112.90667351812812,109.4465309875582,111.2257549449007,6489500
2018-03-29,CRM,Salesforce,114.32217407226562,115.26584715536482,110.60645146427584,111.9728196519188,7794700
2018-04-02,CRM,Salesforce,113.33917999267578,115.67870236863031,111.67791819020539,113.93880676754449,6461300
2018-04-03,CRM,Salesforce,114.5089340209961,115.45260707310356,112.6510765278397,114.77434651981659,5193300
2018-04-04,CRM,Salesforce,117.4480972290039,117.64469298028189,112.06128814800923,112.12026537346318,6389300
2018-04-05,CRM,Salesforce,117.01556396484375,118.98155124751993,116.65185361767598,118.35243591703525,5052400
2018-04-06,CRM,Salesforce,114.12556457519531,116.95659116908075,112.99512034497837,116.09155193221727,5385500
2018-04-09,CRM,Salesforce,115.19703674316406,117.20234483708266,115.1478840571788,115.1478840571788,4104200
2018-04-10,CRM,Salesforce,117.45792388916016,118.07721476620542,115.67870755911005,116.89761773828184,3693000
2018-04-11,CRM,Salesforce,117.13353729248047,118.65717308493467,116.84846820881295,117.30064442784338,3059400
2018-04-12,CRM,Salesforce,119.33543395996094,119.65982367348246,117.31046188435559,117.95924131139864,4419900
2018-04-13,CRM,Salesforce,116.98606872558594,119.86624023146419,116.48473989701439,119.86624023146419,4933100
2018-04-16,CRM,Salesforce,117.37928009033203,118.92257988322018,116.64203482303552,118.89308377282511,4464700
2018-04-17,CRM,Salesforce,121.25227355957031,121.75360245542073,117.96907814279176,118.35244509266357,5524600
2018-04-18,CRM,Salesforce,122.34339904785156,122.61863609300998,120.1513272241635,121.42921457663427,4321800
2018-04-19,CRM,Salesforce,121.9501953125,122.40237151191123,121.08516356140635,121.93053873845895,3657000
2018-04-20,CRM,Salesforce,120.73128509521484,122.26475285667388,119.97438325131812,121.90104998997468,2971000
2018-04-23,CRM,Salesforce,119.81710815429688,122.45153171674433,119.17816071384505,121.09500303520053,3932700
2018-04-24,CRM,Salesforce,115.87529754638672,121.42921358984654,114.92179993330706,121.24244238230098,5379300
2018-04-25,CRM,Salesforce,115.32482147216797,116.21934934588747,113.08359701885105,115.7671656407159,5080500
2018-04-26,CRM,Salesforce,118.77513885498047,119.99404902809322,116.1505472928415,116.6813573281741,4998800
2018-04-27,CRM,Salesforce,118.17549896240234,119.57134815918235,117.5168950103557,119.56151612268489,3801200
2018-04-30,CRM,Salesforce,118.9323959350586,119.63032050501445,117.74297455530457,118.81444150048057,2788300
2018-05-01,CRM,Salesforce,121.01637268066406,121.22280048785396,118.3721168415999,118.82429310967983,3873900
2018-05-02,CRM,Salesforce,120.73128509521484,121.86172934229026,119.6696501066755,120.21029963777795,3671000
2018-05-03,CRM,Salesforce,122.29423522949219,122.87419784348342,119.60082741301801,120.534675816416,4435600
2018-05-04,CRM,Salesforce,122.99217224121094,123.69992139283261,120.88856636085607,122.26475151649262,6341200
2018-05-07,CRM,Salesforce,124.81071472167969,125.51847140508899,123.32639209395447,123.65078182379156,4342000
2018-05-08,CRM,Salesforce,126.56043243408203,126.76686770026527,124.34869672164176,124.43716255030911,4467800
2018-05-09,CRM,Salesforce,127.52376556396484,127.53360510028605,125.1645867380208,126.68822993778569,4605300
2018-05-10,CRM,Salesforce,128.3986358642578,128.77217828041782,126.85534351198031,127.74003186686103,3772400
2018-05-11,CRM,Salesforce,128.40846252441406,128.6247223226842,126.69804821063009,127.78917173852302,3233200
2018-05-14,CRM,Salesforce,125.51846313476562,128.77216975698266,124.99747769370752,128.5657344882177,4169800
2018-05-15,CRM,Salesforce,125.95099639892578,126.4031651329789,123.94568071092412,124.77139937655112,2933100
2018-05-16,CRM,Salesforce,126.58010864257812,126.7767043915626,125.74455796027631,126.52113141781219,2439900
2018-05-17,CRM,Salesforce,123.90636444091797,127.2583767080553,123.41486756887886,126.9929641973518,5557000
2018-05-18,CRM,Salesforce,124.80088806152344,125.54796542615944,123.72942845272138,123.91619216914492,3612300
2018-05-21,CRM,Salesforce,124.22091674804688,126.1672475766988,123.85720637864942,125.82319378148513,2887200
2018-05-22,CRM,Salesforce,123.3067398071289,124.88936036266237,123.1298006301237,124.50599339575896,2789800
2018-05-23,CRM,Salesforce,125.91166687011719,125.91166687011719,122.46136417907141,122.7562578067012,4303900
2018-05-24,CRM,Salesforce,126.55061340332031,127.1797287667033,125.22356591840158,126.61941516217966,5972400
2018-05-25,CRM,Salesforce,125.78386688232422,127.05192959409129,125.44965264028222,126.54076869495525,4031800
2018-05-29,CRM,Salesforce,124.72225189208984,125.3710314064123,123.97518199636093,124.59446539668433,8141900
2018-05-30,CRM,Salesforce,127.10108184814453,130.2958112082136,125.66590452054777,130.05006279590057,14170900
2018-05-31,CRM,Salesforce,127.13056182861328,128.7623347754443,126.22620953260002,127.16987497222615,6408300
2018-06-01,CRM,Salesforce,128.3003387451172,128.6443775320174,126.16724426888055,127.67122339267547,6132800
2018-06-04,CRM,Salesforce,130.3941192626953,130.54157732966277,127.39600022518911,128.17255871375653,4860700
2018-06-05,CRM,Salesforce,131.83912658691406,132.34046303560723,130.70868969150328,130.87579684130256,5123200
2018-06-06,CRM,Salesforce,133.24481201171875,133.40209461886712,131.8391230841845,132.04555838097863,4766900
2018-06-07,CRM,Salesforce,130.64968872070312,133.44138706762843,128.5067547788431,133.2447913388422,6564100
2018-06-08,CRM,Salesforce,131.25912475585938,131.40656778552494,128.59522069129525,129.46024479748482,3486600
2018-06-11,CRM,Salesforce,131.7014923095703,132.37976036546166,130.99373564249183,131.60320193871104,3443100
2018-06-12,CRM,Salesforce,133.94271850585938,135.16163611493255,132.36009802119642,132.66483867293505,5319900
2018-06-13,CRM,Salesforce,134.1786346435547,135.15180376708855,133.29394634891875,134.05084066792995,5809300
2018-06-14,CRM,Salesforce,136.05618286132812,137.3733910251732,134.56202800422108,134.67015792807678,6494900
2018-06-15,CRM,Salesforce,136.05618286132812,136.58699294252233,134.473562157238,135.72196855097266,7711100
2018-06-18,CRM,Salesforce,137.4225311279297,137.80589809569716,134.58167975157727,134.67997012834397,4202400
2018-06-19,CRM,Salesforce,137.14727783203125,137.33404902485188,134.89621398075155,135.73176458043562,4833700
2018-06-20,CRM,Salesforce,136.57711791992188,139.70303001890736,136.459163500878,137.6190886195837,5341400
2018-06-21,CRM,Salesforce,135.53518676757812,137.67810600169832,134.78810189753685,136.7049517620525,3912800
2018-06-22,CRM,Salesforce,132.7139892578125,134.9650534885845,131.67201821619904,134.9257253364697,7466000
2018-06-25,CRM,Salesforce,130.9249267578125,132.59601296441443,129.43077220870467,131.9570730910731,6969800
2018-06-26,CRM,Salesforce,133.176025390625,134.83728768132926,131.54426671982228,132.46826849755217,7043100
2018-06-27,CRM,Salesforce,130.9544219970703,135.08299253983233,130.83646755276936,134.3555718016249,6851600
2018-06-28,CRM,Salesforce,132.82211303710938,133.5790224377289,130.92494226589164,131.71134027958647,6333700
2018-06-29,CRM,Salesforce,134.08030700683594,135.3680410874612,133.5888102582782,133.962352586955,5229500
2018-07-02,CRM,Salesforce,138.04180908203125,138.08113723276688,132.99906119905444,133.83459691100248,6399200
2018-07-03,CRM,Salesforce,135.495849609375,138.35636491000923,135.36807062638457,138.20892185298425,3164700
2018-07-05,CRM,Salesforce,137.39303588867188,137.51099033482092,135.86939262897377,136.8916994939509,5576700
2018-07-06,CRM,Salesforce,138.99530029296875,139.3196900071455,136.64594599874303,137.8058863402805,5045800
2018-07-09,CRM,Salesforce,139.34918212890625,140.44030574070646,137.50116416424794,140.22404592580597,5183100
2018-07-10,CRM,Salesforce,140.0274658203125,141.06943686338337,139.10344923516053,139.8800227479139,3643700
2018-07-11,CRM,Salesforce,142.77981567382812,143.16318256516658,138.6217570832663,138.80852826097066,6168000
2018-07-12,CRM,Salesforce,145.64035034179688,146.1711603406543,143.32048460743636,143.32048460743636,4681000
2018-07-13,CRM,Salesforce,145.09967041015625,145.48303727326962,142.9370877208171,145.2372888994972,3941800
2018-07-16,CRM,Salesforce,144.46075439453125,146.16132922089335,144.32313588255903,145.3257786129453,3592100
2018-07-17,CRM,Salesforce,144.5197296142578,144.9325851444615,140.64673226039903,142.93710924883055,5133900
2018-07-18,CRM,Salesforce,145.32577514648438,145.6698289178546,143.28114658931594,144.51972816681467,2908100
2018-07-19,CRM,Salesforce,144.65736389160156,145.48307504200938,144.1167143290866,144.5000812917255,3590600
2018-07-20,CRM,Salesforce,144.37228393554688,145.40443034911905,144.19535226428567,144.93259755979523,2462200
2018-07-23,CRM,Salesforce,145.05055236816406,145.12919366646267,142.33749507368503,144.3722842947208,2538100
2018-07-24,CRM,Salesforce,143.51705932617188,146.31859696341985,142.71099740974861,146.023695896453,4052300
2018-07-25,CRM,Salesforce,146.33824157714844,146.81008926963796,143.51705495419185,143.6448489124858,4056900
2018-07-26,CRM,Salesforce,145.06039428710938,146.22031970765002,143.2025217079721,145.46341032347863,3414300
2018-07-27,CRM,Salesforce,141.46263122558594,145.7583090241341,139.95865201925187,145.7288204121898,5924400
2018-07-30,CRM,Salesforce,135.68264770507812,141.28570997189,133.21533839967674,141.09893872978014,9522000
2018-07-31,CRM,Salesforce,134.8175811767578,137.41268396829824,133.08751764882874,136.3215603514407,7442900
2018-08-01,CRM,Salesforce,135.33856201171875,138.50380284603642,135.17145488683778,135.65312718746634,5098100
2018-08-02,CRM,Salesforce,138.73974609375,138.897028703578,134.42440385692544,134.71930500052912,3779200
2018-08-03,CRM,Salesforce,138.6414031982422,139.329510680223,136.06596490619333,139.12307543577052,3463500
2018-08-06,CRM,Salesforce,140.28305053710938,140.42066906790095,138.25807072789797,138.49399463752417,3247300
2018-08-07,CRM,Salesforce,141.98362731933594,142.15073446594715,140.30270131634884,141.0890993586861,3928300
2018-08-08,CRM,Salesforce,142.70118713378906,143.16319535170342,140.72537528646728,142.00327003816037,3026700
2018-08-09,CRM,Salesforce,143.34014892578125,144.35263123960752,142.62255272332686,142.82898800058072,3572600
2018-08-10,CRM,Salesforce,143.03541564941406,144.50008174164336,141.89515429499812,142.46527747255894,2748500
2018-08-13,CRM,Salesforce,141.9934539794922,144.67702290224838,141.76736960120382,143.15339448411456,2880400
2018-08-14,CRM,Salesforce,144.07737731933594,144.2739730369773,142.11139014433866,143.69399542089133,3474700
2018-08-15,CRM,Salesforce,142.5734100341797,145.36512374500728,141.15791160247318,143.5957319562559,4476900
2018-08-16,CRM,Salesforce,143.25169372558594,144.4116343019438,142.75037224725705,144.01842775093425,3704000
2018-08-17,CRM,Salesforce,142.5537567138672,143.52691091923495,141.5019462099028,143.02558951038776,2865600
2018-08-20,CRM,Salesforce,143.23204040527344,143.5760792530088,141.86567955448854,142.7405434805408,2882200
2018-08-21,CRM,Salesforce,143.05506896972656,146.25962296497258,142.88796184413604,143.92010820741223,4063700
2018-08-22,CRM,Salesforce,143.96925354003906,144.6966592261389,142.58322892296258,143.11403888307035,4245300
2018-08-23,CRM,Salesforce,145.3159637451172,145.8172851436671,143.58590019388174,144.33297002296877,6196300
2018-08-24,CRM,Salesforce,149.70994567871094,149.78858697576544,145.9745665647377,145.9745665647377,4882000
2018-08-27,CRM,Salesforce,149.10049438476562,152.24608658640494,147.64566774104935,152.07897943807833,5814800
2018-08-28,CRM,Salesforce,150.38819885253906,150.7912148360147,148.9825101807096,149.444518380606,5266900
2018-08-29,CRM,Salesforce,152.16741943359375,152.3345265535348,150.44718055272142,150.72241757371756,9018600
2018-08-30,CRM,Salesforce,149.5526885986328,151.125484809458,146.95758535027866,148.55003063924934,14441000
2018-08-31,CRM,Salesforce,150.08348083496094,151.25324581515457,149.316746898233,149.55267080157026,6210500
2018-09-04,CRM,Salesforce,150.60447692871094,150.7322559149019,148.93337557767111,149.52317781913152,5310900
2018-09-05,CRM,Salesforce,146.12203979492188,150.18180947281235,144.57874714452203,149.7984424450687,7287400
2018-09-06,CRM,Salesforce,146.29896545410156,146.6233552000351,144.57872634642956,146.2203241521212,4190300
2018-09-07,CRM,Salesforce,147.87176513671875,148.83510995794765,144.99160021017227,145.32581453624928,3866800
2018-09-10,CRM,Salesforce,148.7466278076172,149.00220079379534,145.48308121846043,147.44906880249368,3872300
2018-09-11,CRM,Salesforce,150.2407684326172,151.13529638830724,148.05852100189608,148.51070474850374,4151000
2018-09-12,CRM,Salesforce,152.7277374267578,153.12094393480217,149.2282820012832,150.24076438564373,5180800
2018-09-13,CRM,Salesforce,155.48992919921875,156.07973139212925,153.17007857197927,153.21921625531112,6213500
2018-09-14,CRM,Salesforce,154.81170654296875,156.08958654611126,153.66160554056302,155.2638753135065,4615300
2018-09-17,CRM,Salesforce,152.28538513183594,155.7356876854238,151.99048401630765,154.33001386706002,3899600
2018-09-18,CRM,Salesforce,153.3470001220703,155.34247591089493,152.1182581339127,152.1280826700729,3749600
2018-09-19,CRM,Salesforce,150.2997283935547,154.65439821648474,149.79840701409447,153.7107176794671,5546000
2018-09-20,CRM,Salesforce,152.8555450439453,153.41585874312537,149.07101268783344,150.68312201629936,4655600
2018-09-21,CRM,Salesforce,152.8751983642578,155.273705610861,152.32472424194788,154.39884173805524,17991600
2018-09-24,CRM,Salesforce,156.0797576904297,156.20755168692764,150.7224443661136,152.73758469891928,5082100
2018-09-25,CRM,Salesforce,156.16818237304688,156.4335948345509,154.49709631774186,156.29597633586204,5699600
2018-09-26,CRM,Salesforce,155.6374053955078,157.2101864278451,154.67407570076296,156.3549866477661,4079700
2018-09-27,CRM,Salesforce,157.70167541503906,158.3406303330817,156.2271848339629,156.3451542799688,3930300
2018-09-28,CRM,Salesforce,156.32550048828125,158.12438091543333,156.23703464742823,157.27900566003882,4607700
2018-10-01,CRM,Salesforce,157.14137268066406,158.44875609491257,156.31566157670503,157.38712110441094,4297600
2018-10-02,CRM,Salesforce,154.58558654785156,156.86613917113223,154.0351124661752,156.56141351872523,4137000
2018-10-03,CRM,Salesforce,156.39431762695312,157.04308212738832,154.34968874856727,155.86349258197586,3561600
2018-10-04,CRM,Salesforce,152.26573181152344,156.13872973740345,151.16478356837598,155.5096143128485,6206400
2018-10-05,CRM,Salesforce,152.43287658691406,153.9368561064034,149.87708635809318,152.22644126102662,4963600
2018-10-08,CRM,Salesforce,146.12203979492188,151.99051468066452,143.12392034684063,151.61698719164303,10238700
2018-10-09,CRM,Salesforce,145.97457885742188,148.30426935658411,144.7065234589563,145.79764717361994,5593300
2018-10-10,CRM,Salesforce,135.4663543701172,145.08003119942154,135.20094188116414,145.01122944260734,13660600
2018-10-11,CRM,Salesforce,136.8720245361328,139.74236384422028,134.12946418744542,135.10263318202658,10499300
2018-10-12,CRM,Salesforce,144.24452209472656,146.22033432178202,140.78437956341,143.29101686592827,9371700
2018-10-15,CRM,Salesforce,139.53594970703125,144.2051696813724,138.91667388890116,144.2051696813724,6040800
2018-10-16,CRM,Salesforce,144.93258666992188,145.3945948870039,141.56091063883127,142.99608797261024,5383100
2018-10-17,CRM,Salesforce,144.50990295410156,145.82712595273617,142.94694652207974,145.82712595273617,3377900
2018-10-18,CRM,Salesforce,140.4108123779297,145.0800323155827,139.0247877018697,143.60554180895545,5338200
2018-10-19,CRM,Salesforce,138.10079956054688,142.89779893825423,137.99266964633432,141.16773531014766,5141600
2018-10-22,CRM,Salesforce,140.51895141601562,141.3545020904691,136.83272490982793,139.29020924728638,4234900
2018-10-23,CRM,Salesforce,138.26788330078125,139.5556025161956,135.43685693454444,136.95067547732629,6462000
2018-10-24,CRM,Salesforce,130.99375915527344,139.0936341327881,130.73818614601285,138.82822158516996,7251500
2018-10-25,CRM,Salesforce,138.40554809570312,139.28041209186264,131.3967965875945,131.41646066596243,7792900
2018-10-26,CRM,Salesforce,133.21531677246094,136.84256609821216,130.35480136930656,133.44140113443328,7457000
2018-10-29,CRM,Salesforce,128.76235961914062,137.1767839092147,126.34418833985934,135.7514459393956,9212500
2018-10-30,CRM,Salesforce,129.9222869873047,130.72834909205451,125.85269331036727,128.2217119361283,10037900
2018-10-31,CRM,Salesforce,134.90606689453125,136.35106889888556,132.47807114567982,132.6255142076367,6666400
2018-11-01,CRM,Salesforce,137.21607971191406,137.42251497766395,134.09016711122106,136.04631487101443,4668800
2018-11-02,CRM,Salesforce,134.4636993408203,138.15976518962827,133.78544629874006,137.7567341796392,4481400
2018-11-05,CRM,Salesforce,133.13665771484375,135.0043395850207,131.19033455549308,135.0043395850207,4629900
2018-11-06,CRM,Salesforce,131.6719970703125,135.65312437240468,130.71849202514275,133.09733487001904,4667100
2018-11-07,CRM,Salesforce,139.378662109375,139.88982300378666,134.1098155803492,134.52268610998843,5804000
2018-11-08,CRM,Salesforce,139.45730590820312,141.18738435138235,138.2875410515425,140.78435335047874,3986700
2018-11-09,CRM,Salesforce,134.5915069580078,138.66110061934046,132.7533133837147,138.66110061934046,5252500
2018-11-12,CRM,Salesforce,128.2806854248047,134.33593057418935,127.86782984634134,133.43157811670375,7571200
2018-11-13,CRM,Salesforce,129.91244506835938,131.49506545317016,126.75702883554419,129.244001583205,6176300
2018-11-14,CRM,Salesforce,127.15023803710938,132.6451690881412,126.39332870650874,131.92758790419919,5729600
2018-11-15,CRM,Salesforce,130.23683166503906,130.689000336022,124.15209868486569,127.00277421710848,6468700
2018-11-16,CRM,Salesforce,130.2958221435547,131.20017457685103,127.86782642618432,129.60772953118726,5126900
2018-11-19,CRM,Salesforce,118.95207214355469,130.0107439926484,118.37210194900435,129.3619795369856,14284700
2018-11-20,CRM,Salesforce,118.61784362792969,122.81523077276277,111.66807872384773,112.38566739836962,13829500
2018-11-21,CRM,Salesforce,121.48819732666016,123.61146748528382,119.54187384756914,122.0878241307355,7311300
2018-11-23,CRM,Salesforce,119.95472717285156,121.60615698743464,118.65717571136823,119.26663454162828,3009600
2018-11-26,CRM,Salesforce,124.2602310180664,124.79104098989761,121.55699847791809,122.3630529717219,9321200
2018-11-27,CRM,Salesforce,125.37100982666016,125.43981908151882,121.61597441941687,123.02165562551207,10558800
2018-11-28,CRM,Salesforce,138.2482452392578,138.49399368535998,129.7256909283504,136.12497506510442,25705400
2018-11-29,CRM,Salesforce,137.34388732910156,140.4501511648908,136.90154314345997,137.47168131579807,7763000
2018-11-30,CRM,Salesforce,140.33216857910156,140.78435225941712,135.92836121106077,136.52798793968964,9401400
2018-12-03,CRM,Salesforce,141.69854736328125,144.56890239977443,140.13559085317672,143.8119929895001,7358900
2018-12-04,CRM,Salesforce,136.8720245361328,142.7306575761512,136.43950498298562,140.30266235676757,6978400
2018-12-06,CRM,Salesforce,139.6441192626953,139.6441192626953,130.49244791431707,132.5075885279193,9186600
2018-12-07,CRM,Salesforce,133.63800048828125,139.94881871332993,132.448586422122,139.48681043990769,6225300
2018-12-10,CRM,Salesforce,134.935546875,137.11779404812725,130.91509131773455,132.86142960682204,5897000
2018-12-11,CRM,Salesforce,134.4636993408203,138.30720824240805,133.28410992070226,138.1990783372718,4548700
2018-12-12,CRM,Salesforce,137.7075958251953,141.58059374035554,137.1767857806598,139.37868226086024,6794300
2018-12-13,CRM,Salesforce,138.73974609375,141.1874060865767,137.20627814616518,139.09362446621537,5122800
2018-12-14,CRM,Salesforce,134.70945739746094,138.3170576726539,134.0606929195303,136.51817730359974,5354400
2018-12-17,CRM,Salesforce,128.60508728027344,133.19566676288696,127.7597119687438,132.02590168072777,8392400
2018-12-18,CRM,Salesforce,130.0697479248047,131.40660510488124,127.91698908456029,129.8928012396624,6668400
2018-12-19,CRM,Salesforce,128.92947387695312,134.17865731036278,127.29770052521599,129.73552101500812,7350700
2018-12-20,CRM,Salesforce,125.55778503417969,130.07955442580243,120.55434334349394,127.05193211589153,12265100
2018-12-21,CRM,Salesforce,120.81977081298828,127.18956639791648,120.37741910592683,126.3835192865191,12568600
2018-12-24,CRM,Salesforce,119.26663208007812,122.71693470211888,118.11653120606455,119.07986086989493,4721500
2018-12-26,CRM,Salesforce,128.6149139404297,128.67389117255405,120.04321372109494,120.43640526812143,8110900
2018-12-27,CRM,Salesforce,132.90074157714844,132.90074157714844,125.66590754458224,126.6095880702618,7967700
2018-12-28,CRM,Salesforce,132.3896026611328,134.5522011002318,130.35481321981132,133.68716172459222,7276200
2018-12-31,CRM,Salesforce,134.64065551757812,135.62364927035344,132.20283521049777,133.68715037744252,5467700
2019-01-02,CRM,Salesforce,133.24481201171875,134.50304287031577,130.78732752238162,131.1313663513118,4783900
2019-01-03,CRM,Salesforce,128.182373046875,132.4878902716802,127.88748693500635,131.20999545617292,6365700
2019-01-04,CRM,Salesforce,135.6138458251953,136.9507181368712,129.97145540693302,131.22968640624015,6650600
2019-01-07,CRM,Salesforce,139.80136108398438,140.9514618790933,136.4296849929565,138.62177167869007,9064800
2019-01-08,CRM,Salesforce,143.24185180664062,143.96927258827625,140.45997766787715,142.26868258517743,9057300
2019-01-09,CRM,Salesforce,143.5072479248047,144.99156293202446,142.0720706005006,144.3919362073847,5445900
2019-01-10,CRM,Salesforce,144.5393829345703,144.70650505819214,141.3151648902784,141.3250044265462,5116900
2019-01-11,CRM,Salesforce,145.04071044921875,145.5125431831729,143.1337004420683,144.06754137360187,5185200
2019-01-14,CRM,Salesforce,143.56622314453125,144.23465161552048,142.2391757398481,143.27132205468027,5815500
2019-01-15,CRM,Salesforce,146.65283203125,147.3114360082167,143.3204839989386,143.86113353205857,5350400
2019-01-16,CRM,Salesforce,146.0138702392578,147.2426123023296,145.28646453746668,146.61349696600854,3936800
2019-01-17,CRM,Salesforce,147.2721405029297,148.15682893635096,145.17835887805867,146.01389462089094,3743200
2019-01-18,CRM,Salesforce,149.91636657714844,150.6634514025993,147.68498163611443,149.2479380483701,6151200
2019-01-22,CRM,Salesforce,146.41690063476562,148.8055829952044,144.8932574829523,147.78326120332113,5203300
2019-01-23,CRM,Salesforce,147.20330810546875,148.23545450105865,145.13901531428894,147.1836440314621,3335400
2019-01-24,CRM,Salesforce,144.37228393554688,147.94055596558727,144.0282451305521,147.39990641568812,6734700
2019-01-25,CRM,Salesforce,147.19346618652344,147.34090922592793,145.04070781546642,146.00403733792353,4600800
2019-01-28,CRM,Salesforce,144.824462890625,145.67966260553865,143.61538484552406,145.65017399463082,4054700
2019-01-29,CRM,Salesforce,142.7110137939453,145.4830631426759,142.18020381189746,144.5688862293454,3915100
2019-01-30,CRM,Salesforce,146.6233673095703,147.1443528538353,143.59574443010266,144.68686821134168,4653400
2019-01-31,CRM,Salesforce,149.3855438232422,150.77156844760916,146.18098997476775,146.48571560155216,8615900
2019-02-01,CRM,Salesforce,153.21923828125,153.29787958489595,148.50088005685257,149.8082486069935,5959200
2019-02-04,CRM,Salesforce,155.03778076171875,156.1977062267979,152.76706752130855,153.36669432932425,5264700
2019-02-05,CRM,Salesforce,156.28616333007812,157.16102706470605,155.13606257776672,155.64720846815456,4575600
2019-02-06,CRM,Salesforce,155.44081115722656,156.39431632331653,152.4426771297939,156.2960109456454,4205100
2019-02-07,CRM,Salesforce,152.29519653320312,154.3889777736338,150.7519043272805,153.30769377568686,4545500
2019-02-08,CRM,Salesforce,154.00564575195312,154.0351343677148,150.1129984784536,150.30959424996337,3018700
2019-02-11,CRM,Salesforce,157.19053649902344,158.7534929849267,154.89033468966076,155.5096105618464,7125500
2019-02-12,CRM,Salesforce,160.0215301513672,160.6113323428076,157.30847306918548,158.50772652563293,5631700
2019-02-13,CRM,Salesforce,157.67218017578125,160.7882833388521,157.54440119697884,160.6604893607565,5296000
2019-02-14,CRM,Salesforce,156.75799560546875,157.71150062790767,154.04493858244328,156.75799560546875,5061100
2019-02-15,CRM,Salesforce,156.3451385498047,158.47823290923185,155.40145807317202,158.25214857601586,5282000
2019-02-19,CRM,Salesforce,157.87860107421875,158.73380069766057,156.43359929711866,156.9447601636697,3883200
2019-02-20,CRM,Salesforce,155.84381103515625,158.74365438329014,154.53644264342574,157.60337811753055,7047200
2019-02-21,CRM,Salesforce,156.91529846191406,157.750834157024,154.62492120479905,155.0181127084632,4463000
2019-02-22,CRM,Salesforce,158.56671142578125,158.95991790555243,157.47558781826817,157.74100031720204,4175000
2019-02-25,CRM,Salesforce,158.61582946777344,160.28691539376604,158.19313446925085,159.74626597672102,5076700
2019-02-26,CRM,Salesforce,160.2279815673828,160.6015239928969,157.1512063240141,158.0752228507315,4496300
2019-02-27,CRM,Salesforce,160.34593200683594,160.7489630348832,157.77049324093247,159.53004541321366,4278300
2019-02-28,CRM,Salesforce,160.86691284179688,161.80076885528263,159.41208636707756,160.22797293716363,6908100
2019-03-01,CRM,Salesforce,161.73194885253906,163.32439381320418,158.9992276240749,162.34140013392087,6919900
2019-03-04,CRM,Salesforce,155.80447387695312,162.97049008207895,152.77685201684255,162.74440577089177,17886300
2019-03-05,CRM,Salesforce,154.300537109375,158.14404644537115,152.16744237540834,157.2003658030423,16042900
2019-03-06,CRM,Salesforce,154.12359619140625,157.52476144698755,153.6222747372496,154.45782549347288,7436300
2019-03-07,CRM,Salesforce,152.95384216308594,154.90999023683463,152.1772686569957,153.43549952831887,6916500
2019-03-08,CRM,Salesforce,152.4230194091797,152.7670732460781,147.69482153238945,149.43472479450384,4800700
2019-03-11,CRM,Salesforce,154.9689483642578,155.08691780591917,150.8207138156561,153.2487094163545,5699500
2019-03-12,CRM,Salesforce,155.5882568359375,156.65971647378115,154.4873085841565,155.31301977299225,4082100
2019-03-13,CRM,Salesforce,157.09222412109375,159.24498276953184,155.91263465599303,156.1485585487307,5230600
2019-03-14,CRM,Salesforce,157.93759155273438,158.84194393147382,157.02341463701595,158.2128285810771,3247200
2019-03-15,CRM,Salesforce,158.76329040527344,159.4218943151557,156.4827530605325,157.90809077590708,6743700
2019-03-18,CRM,Salesforce,159.19583129882812,160.55236744366047,158.14403580917667,158.6551817484026,3575500
2019-03-19,CRM,Salesforce,161.14215087890625,161.82041893531863,158.85178874537996,159.75614115416528,4379000
2019-03-20,CRM,Salesforce,160.7292938232422,162.1448071452813,158.76330643136416,161.05368354281728,4391000
2019-03-21,CRM,Salesforce,164.11080932617188,164.15013747715787,159.98223843103634,160.3950940206204,4277800
2019-03-22,CRM,Salesforce,158.7534942626953,163.6586385873383,158.6060511965345,163.13765308784392,5614300
2019-03-25,CRM,Salesforce,158.14405822753906,158.8518150121918,156.51228480740662,157.50510321398798,3795400
2019-03-26,CRM,Salesforce,156.68917846679688,159.3137846556698,154.7133666722028,158.68465433377332,6910300
2019-03-27,CRM,Salesforce,152.4819793701172,156.59090087417323,149.7787466698387,156.29599976155683,8218700
2019-03-28,CRM,Salesforce,152.5409698486328,153.8188647814908,150.8993720115418,153.04230628343504,4424800
2019-03-29,CRM,Salesforce,155.67672729492188,155.8045212919706,152.78672304898797,154.20223655714298,4913100
2019-04-01,CRM,Salesforce,158.43890380859375,158.93040061653596,155.81431265409736,157.37728390281572,4601100
2019-04-02,CRM,Salesforce,157.7803497314453,158.25219761562528,156.20756844873637,158.12440360541441,3158400
2019-04-03,CRM,Salesforce,159.8544464111328,160.3656073851924,157.91794743179253,159.02873522177924,3819100
2019-04-04,CRM,Salesforce,155.82415771484375,160.03136934006042,153.1799023944708,159.94290351132423,6295200
2019-04-05,CRM,Salesforce,155.86346435546875,157.51490141941068,155.33265440591478,156.9152747175169,4315300
2019-04-08,CRM,Salesforce,155.77500915527344,156.08955933220253,153.7893577284267,155.7061923982399,2848400
2019-04-09,CRM,Salesforce,154.300537109375,155.65707334544305,153.9859718955004,154.3693388753507,5642900
2019-04-10,CRM,Salesforce,157.5149383544922,157.6525568921493,154.96897290889174,155.50962252086464,3414700
2019-04-11,CRM,Salesforce,157.99658203125,158.09488740646145,156.31567110991227,157.4362833905689,2578400
2019-04-12,CRM,Salesforce,157.97691345214844,159.73646545656592,156.7874845558293,159.2449686397765,2844200
2019-04-15,CRM,Salesforce,157.36746215820312,159.2744723885017,156.7776749215697,158.26199004961848,2608400
2019-04-16,CRM,Salesforce,155.9912567138672,157.5345488655426,155.06724033039524,157.31828907369632,3004800
2019-04-17,CRM,Salesforce,152.69822692871094,156.3451398967586,152.43282944802442,156.3451398967586,4765500
2019-04-18,CRM,Salesforce,153.33717346191406,153.55343324877757,150.56512437536827,152.26569906362067,4391500
2019-04-22,CRM,Salesforce,156.06007385253906,156.43361625697327,152.63925998861012,152.80636711709556,2943300
2019-04-23,CRM,Salesforce,158.4880828857422,158.6551900283595,155.7160482268923,157.0430808297808,3418400
2019-04-24,CRM,Salesforce,156.84649658203125,159.7266763672318,156.68921396592359,159.1270495177051,3384900
2019-04-25,CRM,Salesforce,160.31643676757812,161.102834716814,158.2619835621606,159.2449772488821,5498400
2019-04-26,CRM,Salesforce,163.1376190185547,163.2359093757036,158.53720132424792,159.6578133909279,3342900
2019-04-29,CRM,Salesforce,162.54783630371094,164.7104194102155,162.51834769311307,163.87488377778752,4509700
2019-04-30,CRM,Salesforce,162.53802490234375,163.60948450543935,160.83743489086777,162.38074230024864,3581800
2019-05-01,CRM,Salesforce,159.39244079589844,163.3932328149136,159.38261625751363,163.1867975144708,2707700
2019-05-02,CRM,Salesforce,159.07786560058594,159.93306528395243,156.9152825511244,158.9402470883282,3181100
2019-05-03,CRM,Salesforce,160.56219482421875,160.71947742336275,158.1243745346637,159.8151249772261,3131000
2019-05-06,CRM,Salesforce,159.73648071289062,160.07069498039783,155.1753904174297,155.92246025055647,2520600
2019-05-07,CRM,Salesforce,154.23170471191406,158.92058883583658,152.11827426784555,158.5863745794404,6541900
2019-05-08,CRM,Salesforce,154.19241333007812,155.2442089323392,152.4033573533616,154.43816178846475,4061300
2019-05-09,CRM,Salesforce,153.65176391601562,154.42833744510463,149.79842988355736,152.01999055043458,5809300
2019-05-10,CRM,Salesforce,157.21998596191406,157.878589820287,151.75454439153128,153.62222607949693,4462200
2019-05-13,CRM,Salesforce,150.54547119140625,154.23169737140438,150.1817683414201,152.2853741481673,5694600
2019-05-14,CRM,Salesforce,155.38182067871094,155.89296660098282,150.31939414628798,152.41317551789953,4954000
2019-05-15,CRM,Salesforce,152.4230194091797,153.72057845192134,149.12015957227723,151.20411667129002,7783800
2019-05-16,CRM,Salesforce,155.7848358154297,156.73834089482025,153.24871029492326,154.0940854684254,5048100
2019-05-17,CRM,Salesforce,151.94134521484375,154.48729532827795,150.56514501890823,153.523950691335,5314000
2019-05-20,CRM,Salesforce,153.3273468017578,153.4354767042694,149.12013513924018,149.8770444568214,5437600
2019-05-21,CRM,Salesforce,153.13075256347656,155.15571712181696,152.54095036233392,154.6838843604787,3803100
2019-05-22,CRM,Salesforce,154.9591064453125,155.4997559110101,153.1897150117983,153.21920361908258,3170100
2019-05-23,CRM,Salesforce,151.0959930419922,153.68125669806426,149.56251001873352,153.3765310009045,4508200
2019-05-24,CRM,Salesforce,151.8823699951172,154.26121324377834,151.53833115709037,152.25591244714755,3151700
2019-05-28,CRM,Salesforce,152.5508270263672,155.12626626629438,151.76442889988124,152.70810965152373,4934100
2019-05-29,CRM,Salesforce,150.28990173339844,151.44000252835568,148.62864002980695,151.14510142724774,4359500
2019-05-30,CRM,Salesforce,153.01280212402344,153.2192224003158,151.28272362172234,151.69559417289395,4418100
2019-05-31,CRM,Salesforce,148.8350830078125,151.85286593390788,148.68762494997586,150.06382515998195,5326900
2019-06-03,CRM,Salesforce,142.6324005126953,148.13715656668637,140.95147458414849,148.13715656668637,8835200
2019-06-04,CRM,Salesforce,148.2452850341797,148.35341494664897,140.0864339095098,143.566240184034,12375100
2019-06-05,CRM,Salesforce,155.74554443359375,155.80452166335823,151.92169904447746,154.4774739964758,12072400
2019-06-06,CRM,Salesforce,156.60073852539062,157.27900664141893,154.65441501800564,155.80451595415562,5601200
2019-06-07,CRM,Salesforce,158.5274200439453,160.21817064087492,156.78751675538376,157.12173105960818,7175300
2019-06-10,CRM,Salesforce,150.1916046142578,154.77235897170988,148.2649453132319,150.86987268426475,29856300
2019-06-11,CRM,Salesforce,147.59649658203125,153.06195409888372,146.25962456340366,152.66874762323243,15214300
2019-06-12,CRM,Salesforce,148.70729064941406,149.72961253079643,147.5965029319392,148.54018351480798,7161300
2019-06-13,CRM,Salesforce,148.7662811279297,149.65098456556018,147.69482146389603,149.57234326004001,5173800
2019-06-14,CRM,Salesforce,147.45889282226562,149.39539178567406,146.93790731427197,148.47137522453968,6248200
2019-06-17,CRM,Salesforce,147.73411560058594,148.70728475692397,147.32126004921952,147.64564976799886,4491800
2019-06-18,CRM,Salesforce,148.02902221679688,150.34888801981825,147.9405563809179,149.29709252823795,7317800
2019-06-19,CRM,Salesforce,151.51866149902344,151.84305124815816,147.9503892578364,149.11032972437522,8095300
2019-06-20,CRM,Salesforce,154.52659606933594,155.59805552920946,152.77686860297422,153.63206826369807,10153600
2019-06-21,CRM,Salesforce,154.17271423339844,155.1065551632873,153.288025983881,154.00560711956922,9706900
2019-06-24,CRM,Salesforce,149.96551513671875,155.0475907205493,149.91636245229773,154.71337646535582,6378200
2019-06-25,CRM,Salesforce,146.80026245117188,150.36853406335422,146.06301724199648,150.23091555761317,7362500
2019-06-26,CRM,Salesforce,146.50538635253906,148.8056031969052,146.38743189872866,148.70729781920002,5844900
2019-06-27,CRM,Salesforce,148.12730407714844,148.196105827702,145.94505714276008,147.34090621803065,6832800
2019-06-28,CRM,Salesforce,149.14962768554688,149.18895583256702,147.05586133516982,147.86190835756318,6936600
2019-07-01,CRM,Salesforce,151.44000244140625,152.10844593682003,149.26759482972088,151.94133881278984,6476400
2019-07-02,CRM,Salesforce,151.4989776611328,151.73490153862687,149.98517402860134,151.66608478295626,4736300
2019-07-03,CRM,Salesforce,152.94400024414062,153.10128285043092,151.5383263235703,151.9118537643911,3885400
2019-07-05,CRM,Salesforce,151.951171875,152.17725623204382,149.975359886656,151.33188102821273,3940900
2019-07-08,CRM,Salesforce,150.21128845214844,151.0763278435715,149.45437898465326,150.9092206882822,4717400
2019-07-09,CRM,Salesforce,151.33187866210938,151.56780255226676,149.10047874049704,149.49368522409264,4979100
2019-07-10,CRM,Salesforce,153.61244201660156,153.74022100832826,151.94135559246,151.94135559246,4966300
2019-07-11,CRM,Salesforce,156.1976776123047,156.59088405331988,153.95645339604033,154.15306411619395,7083200
2019-07-12,CRM,Salesforce,155.39163208007812,156.905435643797,154.72318862387667,156.68917584908115,4348000
2019-07-15,CRM,Salesforce,156.9349365234375,157.12170772432287,154.80184201721275,156.06007273978503,3603700
2019-07-16,CRM,Salesforce,154.4578094482422,158.86161715466488,154.13341971773443,157.23968350142013,6913100
2019-07-17,CRM,Salesforce,155.5489501953125,157.20037264211516,154.97881196983187,154.99846104708266,4160500
2019-07-18,CRM,Salesforce,155.2933807373047,155.88318310974338,153.55349223727558,154.3300508616657,3724000
2019-07-19,CRM,Salesforce,154.08425903320312,158.0064092083393,153.63207534161447,157.01357599396846,5218800
2019-07-22,CRM,Salesforce,155.01809692382812,156.34514436233397,154.47744741187046,154.96894424105145,2909500
2019-07-23,CRM,Salesforce,153.59278869628906,155.75537216127364,152.63928346411885,155.29336385293155,4865800
2019-07-24,CRM,Salesforce,157.0332489013672,157.52474576803814,153.05212128147372,153.32735832686595,4110500
2019-07-25,CRM,Salesforce,156.64004516601562,158.38977267467598,155.97160167995045,157.3969394820444,6934500
2019-07-26,CRM,Salesforce,157.24949645996094,158.08504706786096,156.0305789259252,156.8464654608895,4979100
2019-07-29,CRM,Salesforce,153.55345153808594,158.45858047155522,152.87518348934492,157.67218251650343,8880500
2019-07-30,CRM,Salesforce,154.29071044921875,155.52927721340234,151.99049360245672,152.69825032464584,4241600
2019-07-31,CRM,Salesforce,151.87254333496094,155.20489174408632,149.70995995723476,154.71339484008968,7454200
2019-08-01,CRM,Salesforce,148.2452850341797,155.09675267146457,147.8520935339065,152.09861873417515,26124700
2019-08-02,CRM,Salesforce,143.22216796875,147.35073818830233,142.83880105549068,147.2524478255108,13138900
2019-08-05,CRM,Salesforce,140.3911590576172,141.3053359444145,137.42251406093087,138.93631766892486,13070100
2019-08-06,CRM,Salesforce,140.37147521972656,142.49474478590724,139.54576427708648,141.3446291880915,6694000
2019-08-07,CRM,Salesforce,139.23123168945312,140.6664091387793,136.6951060593577,138.5332995395979,7635500
2019-08-08,CRM,Salesforce,141.37417602539062,142.49478836145923,139.8996853200743,141.07927488446833,8670300
2019-08-09,CRM,Salesforce,140.93182373046875,142.01312296714926,139.28040125913395,141.16774765464336,5286700
2019-08-12,CRM,Salesforce,138.32687377929688,139.55561589643867,137.66826980442409,139.14276034499423,4389500
2019-08-13,CRM,Salesforce,141.43312072753906,142.5340687345429,138.0417808858011,138.5332776745409,5205800
2019-08-14,CRM,Salesforce,137.34388732910156,139.93899021739904,135.5253429001043,138.88717970999232,8607800
2019-08-15,CRM,Salesforce,139.71292114257812,140.86302215080363,137.37339097239698,138.70043867381648,6647700
2019-08-16,CRM,Salesforce,141.4429473876953,142.8682850965875,140.0962509660975,140.6270609062196,5341100
2019-08-19,CRM,Salesforce,141.22671508789062,143.6547109332917,140.45015659854735,143.12390088984498,4632100
2019-08-20,CRM,Salesforce,143.0648956298828,144.00857617584367,140.62707546848299,141.70837453163674,6259200
2019-08-21,CRM,Salesforce,144.87364196777344,145.86646038088935,143.67438824140174,144.40179410870198,6142400
2019-08-22,CRM,Salesforce,145.718994140625,147.35075231286882,142.99609734225126,146.94773628799481,11744500
2019-08-23,CRM,Salesforce,148.99237060546875,155.72586882585506,148.08800315172974,155.01811212249936,26531900
2019-08-26,CRM,Salesforce,152.50164794921875,152.5704647105561,148.94321541659588,150.89936335612776,8975400
2019-08-27,CRM,Salesforce,150.95835876464844,153.2487210236689,149.936036855715,151.63661185893028,6516500
2019-08-28,CRM,Salesforce,149.24794006347656,150.1817811086048,148.3042594814845,149.90654406371004,5326800
2019-08-29,CRM,Salesforce,153.2781982421875,153.34701499986105,150.06381968879697,150.7912254168127,5979900
2019-08-30,CRM,Salesforce,153.4158477783203,155.52927842398017,151.08614229994146,153.75988660473513,7591000
2019-09-03,CRM,Salesforce,150.1326446533203,152.67861009278752,149.179139430673,151.58748633281462,4953800
2019-09-04,CRM,Salesforce,149.86721801757812,152.285373989534,149.72959950697324,151.4694874626292,3604500
2019-09-05,CRM,Salesforce,151.15496826171875,152.10847349456907,149.36591225804634,152.01016811001503,5065400
2019-09-06,CRM,Salesforce,148.5008544921875,151.43017130206147,148.20595340410662,151.35153001195374,4722300
2019-09-09,CRM,Salesforce,146.9968719482422,149.56248611655752,145.5715340767989,149.08082880097578,6265500
2019-09-10,CRM,Salesforce,147.10499572753906,149.08082259051312,145.22748922991477,146.23997150326954,6249700
2019-09-11,CRM,Salesforce,151.46949768066406,152.01997176021817,146.50537642870268,147.53752282751344,6242400
2019-09-12,CRM,Salesforce,152.11827087402344,154.13341090323098,151.7840566250837,152.40333243946188,4993500
2019-09-13,CRM,Salesforce,150.3783721923828,152.27555783511204,150.14246330366996,151.69559515130155,3763500
2019-09-16,CRM,Salesforce,150.40785217285156,151.479326645016,148.78591865884545,149.07098021611407,2592300
2019-09-17,CRM,Salesforce,150.2211151123047,150.84039098780704,149.1496405036746,150.3980467912212,3028500
2019-09-18,CRM,Salesforce,150.17193603515625,150.30955453878443,148.00935312130264,149.75908052427172,2951200
2019-09-19,CRM,Salesforce,150.9878387451172,151.62677865219996,150.17195217190326,150.9091974489804,2947000
2019-09-20,CRM,Salesforce,152.56063842773438,154.21207585106873,151.0075063864813,152.0593169774287,11733000
2019-09-23,CRM,Salesforce,152.0199737548828,152.56062330414366,150.35872695703605,151.52847689179,3642200
2019-09-24,CRM,Salesforce,149.46421813964844,153.61245339345538,148.52053744239694,151.6562902289724,4120800
2019-09-25,CRM,Salesforce,150.38819885253906,150.60445864820514,146.36774355986873,149.46418245274626,3445000
2019-09-26,CRM,Salesforce,149.74925231933594,150.7912232112589,149.25775548357657,149.82789361297262,3837300
2019-09-27,CRM,Salesforce,145.73863220214844,150.5454705194387,144.25431720003988,150.51598191007378,5858200
2019-09-30,CRM,Salesforce,145.9156036376953,146.43658915734235,144.90312121277407,145.4339312707803,3671200
2019-10-01,CRM,Salesforce,145.17832946777344,147.60632489791305,144.7458098770825,146.94772097546718,3172900
2019-10-02,CRM,Salesforce,141.76734924316406,144.00857362593135,140.76469149320192,143.57605400832836,4432400
2019-10-03,CRM,Salesforce,144.50009155273438,144.55906878205232,139.6637637578236,141.5511100924745,3660900
2019-10-04,CRM,Salesforce,145.51255798339844,146.38742178708253,143.72351722724056,145.75830641139166,3259000
2019-10-07,CRM,Salesforce,146.26947021484375,146.7904556924805,144.50007849867464,144.7753155434905,2704700
2019-10-08,CRM,Salesforce,143.42861938476562,145.81728695967368,143.33031401160895,145.0308889723024,2613200
2019-10-09,CRM,Salesforce,144.5492401123047,145.3356381457574,144.11672044394095,144.76549994648656,2273000
2019-10-10,CRM,Salesforce,143.92010498046875,145.05054168676713,143.0354016892287,144.34278505349224,2687400
2019-10-11,CRM,Salesforce,146.82977294921875,148.14699598544794,145.5715421379237,145.62069482572159,4663900
2019-10-14,CRM,Salesforce,146.82977294921875,147.72430086953938,146.26947430634715,146.8592615620386,1556900
2019-10-15,CRM,Salesforce,150.14248657226562,150.36857095875112,147.07553555005057,147.11486370379336,3942600
2019-10-16,CRM,Salesforce,144.4705810546875,148.28460129867716,143.34014433253662,144.75564261964354,8988600
2019-10-17,CRM,Salesforce,143.68421936035156,145.5224131893629,143.03543977388983,145.07024438616608,5024400
2019-10-18,CRM,Salesforce,141.6395721435547,143.94961355861693,139.97831023220715,143.81199502746185,6080000
2019-10-21,CRM,Salesforce,142.0917510986328,142.72086650546294,140.56810776980055,141.64940690620912,3358000
2019-10-22,CRM,Salesforce,139.9095001220703,143.47777218039442,139.72272891250708,142.5832442815885,4460500
2019-10-23,CRM,Salesforce,142.661865234375,143.09438481603823,139.08376914874103,139.6932203778345,4761400
2019-10-24,CRM,Salesforce,145.60101318359375,146.25961712259883,143.91026292254185,144.09703411406275,5280100
2019-10-25,CRM,Salesforce,147.9307403564453,148.09784750026466,143.81199399039048,144.54923933039663,4991400
2019-10-28,CRM,Salesforce,152.15756225585938,152.2853562148238,146.88871632307726,148.62861907494488,7576700
2019-10-29,CRM,Salesforce,152.45249938964844,153.47482130468993,151.79389536711906,152.14777372243427,5477300
2019-10-30,CRM,Salesforce,155.5882568359375,155.7258753674101,152.37386292311157,153.09145919370704,4724500
2019-10-31,CRM,Salesforce,153.82870483398438,155.5882571325455,152.57047397260888,153.89750660020437,4578300
2019-11-01,CRM,Salesforce,157.02340698242188,157.3674457514325,154.08425064532716,155.224526849614,4771100
2019-11-04,CRM,Salesforce,154.91981506347656,158.50773611377636,154.0252871854226,158.20301046283996,5748100
2019-11-05,CRM,Salesforce,155.46043395996094,156.41393896490519,152.82601827570127,154.90995993634203,4015000
2019-11-06,CRM,Salesforce,156.22715759277344,157.2789678901989,155.06723240424301,156.23699712781294,4207400
2019-11-07,CRM,Salesforce,156.78749084472656,158.38977533150288,155.3916416289708,156.22717725145148,3802300
2019-11-08,CRM,Salesforce,158.37014770507812,158.46845309471985,156.20756412662925,156.54177845253662,3265300
2019-11-11,CRM,Salesforce,159.02870178222656,159.47104589784587,157.52472278954585,158.47822777174105,3541200
2019-11-12,CRM,Salesforce,160.09036254882812,161.57467770994901,158.8419562878993,159.2449873247865,3710600
2019-11-13,CRM,Salesforce,159.83477783203125,161.62381852400281,159.26463969962688,160.2771219866901,5389700
2019-11-14,CRM,Salesforce,160.2771453857422,160.79813091051196,159.6283658645701,160.2574813095352,3820700
2019-11-15,CRM,Salesforce,160.4344024658203,161.14214410439502,158.25215533227714,160.93572383460452,3693000
2019-11-18,CRM,Salesforce,160.0019073486328,161.210985540383,159.13686799230018,161.210985540383,5556700
2019-11-19,CRM,Salesforce,161.17166137695312,161.65331871349204,159.08770443354553,160.85709617821453,4952900
2019-11-20,CRM,Salesforce,161.4075469970703,163.51115271252755,159.49071246651454,160.6604772567566,8450300
2019-11-21,CRM,Salesforce,160.1100311279297,163.08850107100128,159.45142709754137,162.50853834265413,5724200
2019-11-22,CRM,Salesforce,160.0412139892578,160.70965755539567,158.635540091711,160.2083211309686,3761900
2019-11-25,CRM,Salesforce,158.95994567871094,161.84993506367124,158.70435767238047,160.9947351946021,5509300
2019-11-26,CRM,Salesforce,159.77581787109375,159.84463464201812,158.56673960443266,158.81248807322615,5881400
2019-11-27,CRM,Salesforce,158.76329040527344,160.06084915259393,158.37009896630525,159.16632137975557,4012800
2019-11-29,CRM,Salesforce,160.11985778808594,160.63101875848085,158.57656533804618,158.86162693734062,2432500
2019-12-02,CRM,Salesforce,158.261962890625,160.43438525421556,155.41128757119364,160.32625536282794,5117400
2019-12-03,CRM,Salesforce,158.82232666015625,159.09756374361257,153.5338148436243,154.2907243227772,6216400
2019-12-04,CRM,Salesforce,153.7696990966797,157.95726190739182,151.87252843306675,157.65253625670113,17803300
2019-12-05,CRM,Salesforce,155.5292510986328,156.2173436298645,152.60975885963552,153.09143113114382,7126600
2019-12-06,CRM,Salesforce,155.3228302001953,156.7874962229643,154.90997464328518,155.4113110332639,4751200
2019-12-09,CRM,Salesforce,154.8018341064453,156.19768327423955,154.388978577883,154.70354374209768,3709000
2019-12-10,CRM,Salesforce,153.74020385742188,154.98861001706132,153.51411951331636,154.3398305955832,4074700
2019-12-11,CRM,Salesforce,153.73036193847656,154.21203418165032,152.83583420085017,154.17270603972642,4867500
2019-12-12,CRM,Salesforce,155.89297485351562,156.2861813521863,152.6687565608873,153.120940284535,5353900
2019-12-13,CRM,Salesforce,158.38978576660156,158.7436641121704,155.8536601232405,156.15838578206206,5742300
2019-12-16,CRM,Salesforce,159.20567321777344,159.97240713737858,158.0850609507125,158.1145495630593,5370000
2019-12-17,CRM,Salesforce,158.8813018798828,159.60870773439072,157.02344409043806,159.24500480713678,4789600
2019-12-18,CRM,Salesforce,158.73382568359375,160.50321742379265,158.73382568359375,159.04839088153764,4144800
2019-12-19,CRM,Salesforce,160.5523681640625,160.5621927016438,158.09488383227796,158.84195366939463,4185400
2019-12-20,CRM,Salesforce,161.7516326904297,162.36108404628064,160.847280194901,161.92856437465932,8586700
2019-12-23,CRM,Salesforce,160.95541381835938,162.0661866377284,160.57204682774088,161.250299965531,4368600
2019-12-24,CRM,Salesforce,160.47373962402344,161.05370237260405,160.11003671377713,160.5327168527882,1238000
2019-12-26,CRM,Salesforce,161.71231079101562,161.7319748675664,160.49340803218817,160.62118703152922,2155500
2019-12-27,CRM,Salesforce,162.17428588867188,162.64613363350418,161.11265096173804,162.05633145211007,3409900
2019-12-30,CRM,Salesforce,159.677490234375,162.13497434904025,158.45857271375567,162.05633305745582,3197100
2019-12-31,CRM,Salesforce,159.87408447265625,160.48353572763565,159.0483734176598,159.2842822909202,3273500
2020-01-02,CRM,Salesforce,164.15011596679688,164.22875725916884,160.7981040009947,161.1323182441059,5189300
2020-01-03,CRM,Salesforce,163.3440704345703,163.93387268716577,162.1939695413741,162.25294676677476,3205400
2020-01-06,CRM,Salesforce,170.50025939941406,170.71651921986978,161.65331583300613,162.1939653841454,8836200
2020-01-07,CRM,Salesforce,173.00689697265625,173.86209672041744,169.16338787758087,170.28400013300018,8272700
2020-01-08,CRM,Salesforce,174.31427001953125,175.80842460389215,171.7781445405623,172.2499773043051,7225100
2020-01-09,CRM,Salesforce,176.54568481445312,176.84057094221373,174.27495663563582,175.79859995934126,5952900
2020-01-10,CRM,Salesforce,177.13543701171875,177.60726972204787,175.65112213167743,176.78155872914905,5111800
2020-01-13,CRM,Salesforce,180.72340393066406,181.31319117127566,178.04965977520152,178.17743876105564,6202600
2020-01-14,CRM,Salesforce,179.02284240722656,180.7234326360419,178.94420109612847,180.37937877489983,4342300
2020-01-15,CRM,Salesforce,177.9808349609375,179.97631095000582,177.5483153378165,178.59028624844802,3886600
2020-01-16,CRM,Salesforce,179.58311462402344,179.9959701624089,177.88253978749202,179.13093093952912,3485300
2020-01-17,CRM,Salesforce,179.13092041015625,180.22204391150012,178.2757207737191,180.11391401499606,4577000
2020-01-21,CRM,Salesforce,182.1192626953125,182.83684395835726,178.41337192710668,178.42319646520778,6302400
2020-01-22,CRM,Salesforce,179.64208984375,183.26933881832048,179.58311262453628,182.23719248420235,4781800
2020-01-23,CRM,Salesforce,180.85118103027344,181.16574622142065,178.21676505123787,180.09428666275144,4369000
2020-01-24,CRM,Salesforce,179.01300048828125,182.96463974135386,178.04967076962498,181.85385195396876,4653600
2020-01-27,CRM,Salesforce,177.6367950439453,178.6394378010539,174.28478298528634,175.72978489915297,4239400
2020-01-28,CRM,Salesforce,179.74041748046875,180.73323579193712,177.28293304676967,178.05949152812894,3445300
2020-01-29,CRM,Salesforce,178.67877197265625,180.9691491310506,178.53131391566717,180.87084375972458,2785500
2020-01-30,CRM,Salesforce,182.51243591308594,182.77784840815661,177.46967350320978,177.8235518302062,3715700
2020-01-31,CRM,Salesforce,179.20957946777344,182.86631724030042,177.715424840464,181.71621640851598,4193300
2020-02-03,CRM,Salesforce,182.2666778564453,182.7090219919841,178.75739838192573,180.1434080067082,4755200
2020-02-04,CRM,Salesforce,185.13702392578125,186.46407137797578,183.47576222612648,184.802809678321,3983200
2020-02-05,CRM,Salesforce,182.3354949951172,187.30944039485613,179.75021693190172,187.16198234983716,6162700
2020-02-06,CRM,Salesforce,183.55441284179688,184.37029942800532,181.10676808246535,183.65271821335696,4102700
2020-02-07,CRM,Salesforce,182.5615997314453,185.44176420794875,182.4927829695549,183.67238746434782,3713100
2020-02-10,CRM,Salesforce,185.90377807617188,186.05123614211604,182.40432263427408,183.00394943747307,3873500
2020-02-11,CRM,Salesforce,185.8939208984375,189.32457397330106,185.44173724128353,188.2236109382144,4299200
2020-02-12,CRM,Salesforce,186.23802185058594,187.2799929341038,183.59376598809484,186.4837703136532,4535400
2020-02-13,CRM,Salesforce,185.4319305419922,187.80094895337973,185.21567072854558,185.29431202428012,3132100
2020-02-14,CRM,Salesforce,186.7196807861328,187.01458194411674,184.90115114394104,186.12989346946088,3599400
2020-02-18,CRM,Salesforce,187.8402557373047,188.2432867395539,185.70716128539306,187.7026372242553,4957000
2020-02-19,CRM,Salesforce,189.59002685546875,190.62217344032314,188.53823119229835,188.73482697053336,3903200
2020-02-20,CRM,Salesforce,190.07168579101562,192.39155180808956,186.54274157415307,190.70080123635964,5451200
2020-02-21,CRM,Salesforce,186.2772979736328,188.77409526235044,183.54457680752506,188.57749953083842,5242100
2020-02-24,CRM,Salesforce,182.77783203125,183.96724588535173,175.74941880523485,175.74941880523485,8463300
2020-02-25,CRM,Salesforce,178.187255859375,186.74912180166405,176.37853621776802,185.26480685051854,11361100
2020-02-26,CRM,Salesforce,175.8280792236328,179.5634583027052,171.286653106047,173.5377020909366,13923100
2020-02-27,CRM,Salesforce,169.2223663330078,175.2972754455437,167.15808847868524,169.281358556812,9927300
2020-02-28,CRM,Salesforce,167.50210571289062,168.84881716268086,160.3459134077414,162.18412166420006,12640800
2020-03-02,CRM,Salesforce,173.75393676757812,173.78342537451996,165.72288115910303,169.27148852092145,7761000
2020-03-03,CRM,Salesforce,166.4896240234375,175.3857192524396,164.24839977780655,175.37589471601999,8323500
2020-03-04,CRM,Salesforce,172.70217895507812,172.8201334084578,166.74523907068922,169.32067796477685,5846300
2020-03-05,CRM,Salesforce,166.7157440185547,170.7951620328593,165.24125341107677,169.6352366213045,5797500
2020-03-06,CRM,Salesforce,161.2895965576172,164.72024972494157,155.8438034495927,162.85255282897634,9757700
2020-03-09,CRM,Salesforce,148.63848876953125,155.0279480255591,148.07817514280308,149.12014609851443,9657100
2020-03-10,CRM,Salesforce,158.59622192382812,158.7240159223016,148.4320692579182,154.55611665729973,11443900
2020-03-11,CRM,Salesforce,151.94134521484375,156.90545145941908,147.59649980981666,154.99844125886278,10341300
2020-03-12,CRM,Salesforce,138.19906616210938,148.65811743116845,137.71740889926664,141.8852921497847,13213000
2020-03-13,CRM,Salesforce,145.26678466796875,146.9575347628424,133.0186935147623,146.92804615647876,13765400
2020-03-16,CRM,Salesforce,122.1861343383789,139.1427776657278,121.29160636591688,131.73099589289282,13845300
2020-03-17,CRM,Salesforce,133.11703491210938,135.66298556633325,120.82961090605183,124.84022790154464,12191500
2020-03-18,CRM,Salesforce,129.99110412597656,131.15102959794956,113.32935489381057,123.40504123639876,12988200
2020-03-19,CRM,Salesforce,137.0883026123047,141.55108723516904,126.6685638022209,129.35213229791896,10444000
2020-03-20,CRM,Salesforce,136.98019409179688,143.7136927235849,132.31097347150714,138.03198967399703,12450100
2020-03-23,CRM,Salesforce,138.13027954101562,141.27585639521246,131.80962222214015,136.4002010217372,11898300
2020-03-24,CRM,Salesforce,151.0271759033203,151.51867283284156,140.74505353804537,142.1704066330938,11834400
2020-03-25,CRM,Salesforce,144.55905151367188,155.3326690945429,144.46076114298174,150.07364678558068,10639300
2020-03-26,CRM,Salesforce,152.09860229492188,152.4426560699453,145.21764678879464,145.77796036538263,8573100
2020-03-27,CRM,Salesforce,143.51705932617188,148.87437121211934,142.44559994884065,148.0683242949874,8273500
2020-03-30,CRM,Salesforce,147.30162048339844,150.39804481817245,144.06756262332436,145.2078389812536,7650400
2020-03-31,CRM,Salesforce,141.53143310546875,149.36589433682641,140.35184362882856,146.4955544439275,10429700
2020-04-01,CRM,Salesforce,131.78013610839844,136.6951047235068,130.8364705339022,135.96769896801882,8737600
2020-04-02,CRM,Salesforce,132.03570556640625,133.0875009029599,127.82847922231636,131.73096495558298,8150500
2020-04-03,CRM,Salesforce,132.02587890625,133.8739118264582,129.42095165109973,132.16349742162976,6004400
2020-04-06,CRM,Salesforce,145.04071044921875,147.30159875665785,135.94801953829645,136.63611206683214,12296800
2020-04-07,CRM,Salesforce,142.6029052734375,148.23545505421524,142.0524161942533,147.77344680874424,7859500
2020-04-08,CRM,Salesforce,148.54998779296875,149.5723095349257,142.53407177043155,143.81196644823174,7665500
2020-04-09,CRM,Salesforce,151.92169189453125,153.44533525535263,149.10048954277718,149.7984217271658,7094600
2020-04-13,CRM,Salesforce,149.90652465820312,152.6687342864446,147.44904064741291,151.49896949742174,5138600
2020-04-14,CRM,Salesforce,155.02793884277344,156.089558810744,152.5114624392819,153.06195149583178,7334300
2020-04-15,CRM,Salesforce,152.98330688476562,154.59541587432926,151.38102243197815,152.44265737622143,4042600
2020-04-16,CRM,Salesforce,154.38897705078125,155.3129934624064,151.62676735174804,154.3299998328975,4391500
2020-04-17,CRM,Salesforce,159.8544464111328,160.48356184101576,154.9493169654078,157.27900746368928,7312900
2020-04-20,CRM,Salesforce,159.99205017089844,161.51569341488653,157.79015386925292,158.0162382218054,4686000
2020-04-21,CRM,Salesforce,147.99951171875,157.3674393813904,145.48305054169919,157.27897355859372,13737900
2020-04-22,CRM,Salesforce,151.51866149902344,153.05212940453677,148.10767186334925,151.38104296902338,6660900
2020-04-23,CRM,Salesforce,149.13978576660156,153.80900522805442,148.92352598107516,150.88951312273952,6281400
2020-04-24,CRM,Salesforce,151.3613739013672,151.87253485277765,148.7269578427408,150.97800693763293,6710500
2020-04-27,CRM,Salesforce,154.9492645263672,155.74548683230165,151.5775891452975,152.89479678719624,5036400
2020-04-28,CRM,Salesforce,151.8332061767578,158.07520687104713,151.55795415468685,156.7874875860579,4731800
2020-04-29,CRM,Salesforce,157.70167541503906,159.1368528469758,153.85818136649715,155.19505342664465,5256700
2020-04-30,CRM,Salesforce,159.19583129882812,162.4888662883611,157.28882106603308,158.88128110540399,6830700
2020-05-01,CRM,Salesforce,153.71070861816406,157.44608739974643,152.61958509247827,155.79466530643413,4276900
2020-05-04,CRM,Salesforce,158.72401428222656,159.26466388637905,152.44268433413504,152.93418124712903,5974200
2020-05-05,CRM,Salesforce,160.47373962402344,161.34860351572317,157.5247581914227,159.76598288025565,5264800
2020-05-06,CRM,Salesforce,160.88656616210938,162.89188157364285,160.14932093713523,161.6434754595514,4112600
2020-05-07,CRM,Salesforce,167.01065063476562,168.3573624210393,163.19664466158645,163.66847751407641,6460900
2020-05-08,CRM,Salesforce,172.90859985351562,173.08554653349898,168.23937939983253,170.00877120319245,5403400
2020-05-11,CRM,Salesforce,179.56346130371094,180.18275214802037,171.19819013362115,172.57437534398233,8696000
2020-05-12,CRM,Salesforce,174.52072143554688,179.90753853014576,173.99973589527045,179.88787445335348,5904600
2020-05-13,CRM,Salesforce,166.75506591796875,172.23034852735046,163.44238164579392,172.19102037614948,12534900
2020-05-14,CRM,Salesforce,164.1599884033203,165.70329609276268,161.7713203226233,165.57550208045805,7442300
2020-05-15,CRM,Salesforce,168.4163055419922,168.79967246936192,163.35387919418966,164.4253536828886,5673800
2020-05-18,CRM,Salesforce,169.56640625,173.9898777173913,169.2027033957882,171.04089673913043,6398300
2020-05-19,CRM,Salesforce,173.04620361328125,175.1694735960929,169.8121609537073,169.8121609537073,5264000
2020-05-20,CRM,Salesforce,173.92108154296875,176.0935043870557,171.92560537814919,175.53320573451407,4951200
2020-05-21,CRM,Salesforce,172.2794647216797,175.25793433348974,171.95507501157354,173.9210623460643,4429700
2020-05-22,CRM,Salesforce,174.825439453125,175.60199789379664,172.4662455208066,173.59669730065517,4965100
2020-05-26,CRM,Salesforce,173.51805114746094,178.90485239334862,173.22315003926158,178.90485239334862,8353600
2020-05-27,CRM,Salesforce,173.59669494628906,173.6065194836298,168.4556270505883,173.2919542972027,6340200
2020-05-28,CRM,Salesforce,178.02015686035156,181.6572303827699,174.08818224167382,176.93885784049806,10275200
2020-05-29,CRM,Salesforce,171.8174591064453,172.0238943793896,167.7871940091327,171.3358018017307,19588900
2020-06-01,CRM,Salesforce,173.3607940673828,174.50107052059434,169.74336893978315,170.1562395515942,5711600
2020-06-02,CRM,Salesforce,171.26698303222656,171.92558699162643,168.3081774834075,171.87644930752992,8571800
2020-06-03,CRM,Salesforce,172.01406860351562,172.93807005869274,169.90062320249905,171.85678601567108,6004000
2020-06-04,CRM,Salesforce,168.52444458007812,172.4465798959464,167.10893123327398,172.0238997989585,7301600
2020-06-05,CRM,Salesforce,170.92295837402344,171.22768403721443,164.15995656141953,167.21706772969077,8232200
2020-06-08,CRM,Salesforce,173.54754638671875,173.56721046116132,169.72370136916072,170.67720648915665,4592600
2020-06-09,CRM,Salesforce,171.5913848876953,173.0068982734561,170.57890253524306,173.0068982734561,4025600
2020-06-10,CRM,Salesforce,179.00318908691406,179.39638063379024,173.05607319481138,173.25266896824948,8127200
2020-06-11,CRM,Salesforce,169.12405395507812,175.39554300051324,169.0749012746166,173.63599103461132,6521200
2020-06-12,CRM,Salesforce,172.1320343017578,174.6681599492581,168.9373046487922,172.90859275617387,5443800
2020-06-15,CRM,Salesforce,175.57249450683594,175.85755606253036,168.35732479455382,169.07490595140612,6000000
2020-06-16,CRM,Salesforce,177.41070556640625,179.39635711620716,174.98270983453378,176.9486973097799,5824100
2020-06-17,CRM,Salesforce,178.31504821777344,179.6420956904434,177.60729156558855,177.8923681334567,5038600
2020-06-18,CRM,Salesforce,184.46859741210938,185.78580534221854,178.53130719098667,178.81638375751808,8677800
2020-06-19,CRM,Salesforce,183.77069091796875,187.99756732701027,182.33552834608426,186.27732814885462,11841000
2020-06-22,CRM,Salesforce,188.3907470703125,189.2262977614444,183.81983211111742,183.849320723812,6252200
2020-06-23,CRM,Salesforce,185.84478759765625,190.78924473732792,185.38277935603898,188.73479149226858,6950800
2020-06-24,CRM,Salesforce,182.39447021484375,186.08069631053868,180.91014024076347,184.32112932125656,4903100
2020-06-25,CRM,Salesforce,185.13702392578125,185.55971900286937,181.3033546183418,182.9744408549361,4022400
2020-06-26,CRM,Salesforce,180.05494689941406,185.0190678821935,179.90750385013357,184.8028080770535,7595700
2020-06-29,CRM,Salesforce,180.21224975585938,180.58579218844474,176.93887869999412,180.20242521789987,3972100
2020-06-30,CRM,Salesforce,184.14418029785156,184.69465427632855,180.0156104599831,180.33016059084525,4478900
2020-07-01,CRM,Salesforce,188.6266632080078,189.5408551617988,184.2720082539904,184.90112363107377,4754600
2020-07-02,CRM,Salesforce,189.25575256347656,192.0671147993667,189.01982870477337,189.87504331801514,4200300
2020-07-06,CRM,Salesforce,194.35751342773438,196.05808831024095,190.54349311388083,191.13329532711566,5794200
2020-07-07,CRM,Salesforce,193.0403289794922,196.81502160560143,192.87322183190506,194.29855985486194,5431500
2020-07-08,CRM,Salesforce,196.87399291992188,197.77834539697014,193.99382834621005,194.63276830304255,4233700
2020-07-09,CRM,Salesforce,197.32615661621094,199.37078526942017,192.31288285120536,198.58438732598688,6062800
2020-07-10,CRM,Salesforce,195.497802734375,197.31633218099213,193.72841097605735,196.6577281652589,3783200
2020-07-13,CRM,Salesforce,185.13702392578125,196.85430665440643,184.8322982884326,196.59873370034148,5555400
2020-07-14,CRM,Salesforce,186.33628845214844,186.72949494244443,180.18275312213194,182.82700864710853,5854700
2020-07-15,CRM,Salesforce,184.8912811279297,188.83309545796993,183.57407317193474,187.7812850010455,7681800
2020-07-16,CRM,Salesforce,182.3551483154297,183.6821957550449,178.83602921563676,183.24967614511718,7350000
2020-07-17,CRM,Salesforce,184.58656311035156,185.19601442876035,180.24173258386628,183.95744771736037,4324300
2020-07-20,CRM,Salesforce,191.77223205566406,191.98849186365615,184.08522933284036,184.7045051472785,5729000
2020-07-21,CRM,Salesforce,187.55519104003906,193.1582518338337,186.25763222500623,192.66675500982905,5376800
2020-07-22,CRM,Salesforce,188.05653381347656,188.60700791915363,185.6580266393455,187.53554832065402,2833000
2020-07-23,CRM,Salesforce,185.33363342285156,191.26109948345137,184.32115106904936,188.22363742275067,3639500
2020-07-24,CRM,Salesforce,185.28448486328125,185.72682902114232,181.24438022280268,182.89580241196222,3908400
2020-07-27,CRM,Salesforce,187.7124786376953,188.30226584267956,185.44175065073256,186.67049274356617,3015700
2020-07-28,CRM,Salesforce,186.2772979736328,189.68828716285594,185.83495382790755,187.75178845891222,3114200
2020-07-29,CRM,Salesforce,190.31741333007812,191.25125435735436,186.5230569988001,186.91624848419207,3747800
2020-07-30,CRM,Salesforce,188.43991088867188,188.65617072740255,184.1835458799023,186.85729025030395,3587400
2020-07-31,CRM,Salesforce,191.53631591796875,191.67393442699657,187.42739472106544,189.71777169218674,3734000
2020-08-03,CRM,Salesforce,199.73448181152344,201.30726264933458,193.22706865910934,194.43614664679845,6557500
2020-08-04,CRM,Salesforce,197.9847412109375,199.93106430605658,195.51741771732455,199.54769740854385,4480300
2020-08-05,CRM,Salesforce,199.19384765625,200.4324143488988,198.15187670856696,199.35113025194016,3559100
2020-08-06,CRM,Salesforce,204.2562713623047,206.37954153125764,198.9579354772909,199.518249132693,5113300
2020-08-07,CRM,Salesforce,197.63088989257812,203.4207222883692,195.20289421054053,203.10615709912514,5423400
2020-08-10,CRM,Salesforce,193.8070526123047,198.05357784033384,192.39153920319683,196.99194278350296,5528200
2020-08-11,CRM,Salesforce,188.7249755859375,192.50949252634132,188.45956307346114,190.32724519996754,5015400
2020-08-12,CRM,Salesforce,189.34422302246094,192.09660811089924,188.85272622092882,189.7177653913988,3980300
2020-08-13,CRM,Salesforce,191.82139587402344,194.70157530258325,189.9438742498753,190.03235508503957,4711600
2020-08-14,CRM,Salesforce,190.1699676513672,192.15560412430628,189.24595117421063,191.90003116225398,2833000
2020-08-17,CRM,Salesforce,193.3942108154297,193.7186005780735,191.11365793840494,192.01801045882306,3574500
2020-08-18,CRM,Salesforce,200.54055786132812,201.31713135566514,195.61576436916712,195.94015412004646,7284800
2020-08-19,CRM,Salesforce,201.62181091308594,203.57797350908214,196.6282017981175,200.53068745490378,7080700
2020-08-20,CRM,Salesforce,205.947021484375,206.5368237521969,200.04905880333482,200.38328808805778,5175100
2020-08-21,CRM,Salesforce,204.00070190429688,206.42869778774394,202.74247104153423,206.36972055969179,5727800
2020-08-24,CRM,Salesforce,204.91485595703125,205.73072745959493,201.66113448603022,205.3277114761706,5699000
2020-08-25,CRM,Salesforce,212.37579345703125,214.63668198362683,207.21507649382758,209.59391946552242,27096500
2020-08-26,CRM,Salesforce,267.6888732910156,273.2427821466743,245.2274594248632,247.67511933609387,63253400
2020-08-27,CRM,Salesforce,271.6208190917969,273.5474782924699,256.40406622481066,262.4593108540835,22817100
2020-08-28,CRM,Salesforce,266.4896240234375,271.0605391738866,262.85253497978255,266.6665557070082,28068000
2020-08-31,CRM,Salesforce,268.01324462890625,270.0382093894628,261.3878762374886,265.40831714552905,16010100
2020-09-01,CRM,Salesforce,276.4669494628906,277.1353779099319,265.9783945718904,266.3912650824653,13293600
2020-09-02,CRM,Salesforce,271.98455810546875,279.66173731698996,264.0026532145087,278.6492548985276,12963800
2020-09-03,CRM,Salesforce,260.503173828125,267.1285418630082,253.03241559967205,265.9784260178902,14000600
2020-09-04,CRM,Salesforce,250.36849975585938,261.1519571613404,239.06407187328867,258.50770163066073,14374300
2020-09-08,CRM,Salesforce,237.1669158935547,249.36585742698512,236.0561281111719,236.47882324047038,15229600
2020-09-09,CRM,Salesforce,246.1710968017578,249.13974187559364,238.8281479093748,242.20963352409987,9988600
2020-09-10,CRM,Salesforce,243.5858612060547,252.14774361274988,242.7699745703397,250.47664219059203,5945000
2020-09-11,CRM,Salesforce,238.96575927734375,247.02630410503167,235.37782350087252,246.45616599536328,5455200
2020-09-14,CRM,Salesforce,242.44558715820312,244.63765910460853,239.88979731088847,242.1211974084005,4255200
2020-09-15,CRM,Salesforce,247.3998565673828,247.65544453859118,244.28376822051834,247.09513090875197,4133600
2020-09-16,CRM,Salesforce,246.33822631835938,251.08607267260857,245.97450845117064,250.33900286308779,5441200
2020-09-17,CRM,Salesforce,240.37144470214844,244.58849601231572,237.20620383506912,241.93440106217707,5279500
2020-09-18,CRM,Salesforce,238.6511993408203,243.89055734339743,234.65042294817604,240.9612404392721,6595600
2020-09-21,CRM,Salesforce,240.88259887695312,240.9612401695031,232.77290119898524,234.90599563679012,5561600
2020-09-22,CRM,Salesforce,243.56619262695312,244.3427660968754,237.15706911263229,242.54388571635138,3600800
2020-09-23,CRM,Salesforce,231.9766845703125,244.539342634744,231.34756921338283,244.2641056035431,7507900
2020-09-24,CRM,Salesforce,233.5101776123047,235.87919624398558,229.65684375875432,231.8292516331694,4166800
2020-09-25,CRM,Salesforce,238.61187744140625,239.80129132560583,231.05265408081925,233.35285555875743,5117800
2020-09-28,CRM,Salesforce,242.47508239746094,244.3526041827906,238.0909383848544,243.3499462923027,4088300
2020-09-29,CRM,Salesforce,243.24179077148438,243.68413494154726,240.34196232407916,241.0890321446455,3983700
2020-09-30,CRM,Salesforce,247.0459747314453,251.06641521567119,242.0327010474527,242.45538112313295,8188500
2020-10-01,CRM,Salesforce,249.1397247314453,250.33897812248037,246.5446222293825,248.87431225984457,4318000
2020-10-02,CRM,Salesforce,243.635009765625,250.6142564720719,243.00589435829323,245.50269191258957,4494500
2020-10-05,CRM,Salesforce,247.25244140625,248.97268064038047,244.76546817056504,245.7484620186396,3403500
2020-10-06,CRM,Salesforce,245.88604736328125,252.9144614277702,244.76543512772847,248.43199748626526,4448100
2020-10-07,CRM,Salesforce,255.55870056152344,256.3057553383416,247.91099614617048,247.91099614617048,4963200
2020-10-08,CRM,Salesforce,255.79466247558594,260.1198294434059,252.7080473676095,259.70698882298865,4150400
2020-10-09,CRM,Salesforce,261.4566955566406,261.5254823220897,257.05287263701905,258.4290579248416,4225000
2020-10-12,CRM,Salesforce,262.5281982421875,265.4083632810938,260.7784702323522,265.4083632810938,4317000
2020-10-13,CRM,Salesforce,262.2922058105469,264.2188951352713,259.73644609159777,261.88920477687907,3713200
2020-10-14,CRM,Salesforce,257.377197265625,265.56555063120487,254.34959022197305,265.408268057711,5129500
2020-10-15,CRM,Salesforce,253.33714294433594,256.08951336335616,249.7000691769502,253.72049489621233,5256800
2020-10-16,CRM,Salesforce,254.15301513671875,258.0555014178091,254.0940379132131,254.83128320562122,3092300
2020-10-19,CRM,Salesforce,250.67324829101562,257.0332344968395,250.17192684325678,255.3424839288393,3242300
2020-10-20,CRM,Salesforce,251.6168975830078,254.7722989477885,249.7295514864684,251.76434063770094,2989300
2020-10-21,CRM,Salesforce,249.906494140625,253.91711039685524,247.56697924062797,252.08875644109284,2794000
2020-10-22,CRM,Salesforce,245.42405700683594,250.87967552468854,241.94426560045406,249.57229198802875,3685700
2020-10-23,CRM,Salesforce,246.2595977783203,246.30875046554513,242.61268437607495,245.84674220436136,3159600
2020-10-26,CRM,Salesforce,237.8647918701172,243.8905475580162,233.34303021954946,241.1283378868373,5864100
2020-10-27,CRM,Salesforce,246.0433349609375,247.4686728773534,241.5903745396917,243.78244636974637,4285600
2020-10-28,CRM,Salesforce,234.3751983642578,241.2758188583971,233.9623427790419,240.44028314997013,4425400
2020-10-29,CRM,Salesforce,233.10711669921875,238.39562740718867,233.09729216233185,238.39562740718867,4589000
2020-10-30,CRM,Salesforce,228.31996154785156,233.70676307529467,224.77135352536953,231.8095923454698,5741200
2020-11-02,CRM,Salesforce,228.4969024658203,234.44401786863628,225.09575236720536,231.1214940734909,3953400
2020-11-03,CRM,Salesforce,233.09732055664062,236.84252446988828,229.31278849246888,231.10184437714491,4151400
2020-11-04,CRM,Salesforce,246.47586059570312,248.57946664054012,239.1034074012799,241.83612885206924,6505400
2020-11-05,CRM,Salesforce,255.79466247558594,256.48277017440375,251.09595304261296,253.7205298396123,8961700
2020-11-06,CRM,Salesforce,255.725830078125,257.2986261517409,250.1620965911752,255.57838700841506,3798600
2020-11-09,CRM,Salesforce,254.87060546875,266.31266654202886,252.87512945665458,256.512218147983,8777500
2020-11-10,CRM,Salesforce,243.4482421875,254.59538800858576,238.76918221373958,253.67137145916936,6863200
2020-11-11,CRM,Salesforce,249.85733032226562,252.37379178285602,246.93785284598366,249.1987263461965,4163400
2020-11-12,CRM,Salesforce,245.17828369140625,250.63390165589018,242.17032540809439,243.192632243218,5607000
2020-11-13,CRM,Salesforce,245.2667694091797,249.47398153207772,243.34993456335144,248.54014045326852,5160000
2020-11-16,CRM,Salesforce,245.64028930664062,249.17907254299723,243.95936351954794,245.27658644598205,5712600
2020-11-17,CRM,Salesforce,251.8135223388672,253.87778521665214,246.2006214221754,249.42483972481813,5090700
2020-11-18,CRM,Salesforce,252.78665161132812,258.1931167072343,251.4989323247355,252.03956683489187,5880500
2020-11-19,CRM,Salesforce,260.1492919921875,262.54779916101563,251.312187709449,252.47211314394772,8084600
2020-11-20,CRM,Salesforce,253.65171813964844,260.51299538290743,253.43545831258191,259.1073215062695,7286100
2020-11-23,CRM,Salesforce,253.25851440429688,257.28876462534777,250.28002965705397,256.78745823117754,5383600
2020-11-24,CRM,Salesforce,256.4040832519531,257.8490852480634,253.43545296000036,255.57837211111703,5797300
2020-11-25,CRM,Salesforce,242.62255859375,261.5746795511599,240.88265521248874,259.2449888367787,26394900
2020-11-27,CRM,Salesforce,243.4187469482422,247.55714223334866,242.8289446989219,246.73143108373569,7395000
2020-11-30,CRM,Salesforce,241.61984252929688,243.41872271138803,232.05531850037048,241.30527736116838,18966400
2020-12-01,CRM,Salesforce,237.24554443359375,242.50455192716515,234.6406020308693,240.8334655740611,18872000
2020-12-02,CRM,Salesforce,217.02537536621094,222.15660432988014,211.96296316991635,221.6454433413538,52225500
2020-12-03,CRM,Salesforce,217.2121124267578,222.2646992898165,216.38640134391392,222.2646992898165,21395300
2020-12-04,CRM,Salesforce,222.01895141601562,224.71235947774625,218.0476635797849,220.0136509242996,20504800
2020-12-07,CRM,Salesforce,223.8276824951172,225.96077721485088,222.4023445025839,224.2307135479692,12864100
2020-12-08,CRM,Salesforce,223.98495483398438,225.59706397220177,221.82237159968705,224.7615132911056,12116800
2020-12-09,CRM,Salesforce,216.8189239501953,224.94827091253453,216.32742710848854,224.17171250232684,15651800
2020-12-10,CRM,Salesforce,219.1289825439453,220.49534336617862,216.41592497585992,216.8189560455499,9258600
2020-12-11,CRM,Salesforce,218.63743591308594,218.95200106647403,216.23892911602394,218.14593911038608,8214400
2020-12-14,CRM,Salesforce,217.50704956054688,219.66963299261997,216.70098741807394,219.29609053642073,8508500
2020-12-15,CRM,Salesforce,216.4060516357422,218.3622144494989,214.48921696860492,218.29341269185457,10766800
2020-12-16,CRM,Salesforce,219.8170623779297,220.19060481086524,216.50437816782622,217.71345630694051,8821400
2020-12-17,CRM,Salesforce,222.07794189453125,222.87416441670734,220.68209259650868,221.07528408916795,9946900
2020-12-18,CRM,Salesforce,223.56222534179688,223.9456072418477,220.5837559591407,223.1592093686957,11845400
2020-12-21,CRM,Salesforce,222.61859130859375,223.57209642696085,220.88852774295245,221.0752839523089,9219000
2020-12-22,CRM,Salesforce,227.2386474609375,227.92674003785177,222.74637413792388,223.13956561064828,10339600
2020-12-23,CRM,Salesforce,223.56222534179688,229.21443849359468,223.24767519211122,228.54601005095523,7090500
2020-12-24,CRM,Salesforce,221.94032287597656,225.29233509082565,221.0064818335281,224.41747127221484,6146300
2020-12-28,CRM,Salesforce,220.81971740722656,223.96529443596026,218.27376717141513,223.35584310519465,6422500
2020-12-29,CRM,Salesforce,218.6768035888672,221.46850233305003,217.10400753618387,221.14411258471054,6122400
2020-12-30,CRM,Salesforce,218.61781311035156,219.83673081089128,217.81176600139563,219.33540937724655,4724000
2020-12-31,CRM,Salesforce,218.74562072753906,219.00119372936155,216.42575463640264,218.4900477257166,6011100
2021-01-04,CRM,Salesforce,216.56333923339844,219.94483995482548,212.0514017588483,218.8537163499382,10319900
2021-01-05,CRM,Salesforce,217.75279235839844,219.2076189931693,214.28282541912282,215.7573161298392,8657200
2021-01-06,CRM,Salesforce,212.47410583496094,216.7108217515443,212.1104029253723,214.29265038149444,9789800
2021-01-07,CRM,Salesforce,214.27294921875,216.907379970771,212.81812283290435,213.33910826160502,8443100
2021-01-08,CRM,Salesforce,218.26393127441406,218.53918333085736,215.49189662761884,216.25863057243208,7301700
2021-01-11,CRM,Salesforce,214.53839111328125,216.82876840595236,212.55273949057462,215.89492732078213,7199000
2021-01-12,CRM,Salesforce,211.85479736328125,214.58751853246585,210.44910863276655,214.29261743521937,10736000
2021-01-13,CRM,Salesforce,214.4695587158203,215.1773153812471,211.86463140507834,213.30963334705024,6839200
2021-01-14,CRM,Salesforce,211.93345642089844,215.76712600857692,211.8843037340217,214.51871975851992,6548000
2021-01-15,CRM,Salesforce,209.51527404785156,214.1648299920121,209.3678309943777,212.49374372237043,8525600
2021-01-19,CRM,Salesforce,213.0736846923828,213.58484555784196,210.06572671359302,211.68767513304266,7753800
2021-01-20,CRM,Salesforce,219.64012145996094,220.81971093625722,216.229132016469,218.21478355113237,9857700
2021-01-21,CRM,Salesforce,218.3917236328125,220.91802481618956,217.06469104561253,219.88587835994878,6785900
2021-01-22,CRM,Salesforce,221.9304962158203,223.91613272940117,219.94484470294563,221.0752814804723,10186100
2021-01-25,CRM,Salesforce,222.07794189453125,226.38345923583185,217.55617973177382,225.7838324599854,8213500
2021-01-26,CRM,Salesforce,222.41217041015625,224.03411916968346,220.72141988468877,223.92598925238164,5021000
2021-01-27,CRM,Salesforce,220.95733642578125,223.93580632204709,217.81175939003947,219.8957013638507,7641100
2021-01-28,CRM,Salesforce,222.64808654785156,225.69537320230813,221.1735959084618,221.1735959084618,7246000
2021-01-29,CRM,Salesforce,221.7240447998047,224.89911008242427,219.2272475340598,220.8393565164941,6473000
2021-02-01,CRM,Salesforce,224.5747528076172,225.99025117091458,220.92783949151618,223.34601065249194,5696700
2021-02-02,CRM,Salesforce,230.21713256835938,231.93737162576494,227.4450980012017,227.53356383860907,7134900
2021-02-03,CRM,Salesforce,230.8265838623047,231.98650920868738,228.31010743419395,231.0035155255997,5357600
2021-02-04,CRM,Salesforce,233.93283081054688,234.17857922954252,231.46552208357596,231.51467476723374,4770700
2021-02-05,CRM,Salesforce,234.82737731933594,235.28938558371112,232.38955700894587,235.08295029565855,5020000
2021-02-08,CRM,Salesforce,234.86666870117188,237.00960268614642,233.0972921072044,235.4368068256276,4336400
2021-02-09,CRM,Salesforce,232.67459106445312,235.99711435994865,232.2224223906747,235.4859534684972,5157200
2021-02-10,CRM,Salesforce,232.69427490234375,234.1687654842701,229.9812176313451,233.41185611907895,5535600
2021-02-11,CRM,Salesforce,237.13742065429688,238.7593543626292,234.52265364633695,234.86669246361936,6091600
2021-02-12,CRM,Salesforce,236.28221130371094,237.45197630776315,234.8470487771976,236.85234949893365,4314400
2021-02-16,CRM,Salesforce,244.36241149902344,246.95751438616287,239.65387805959824,240.83346755388087,10837600
2021-02-17,CRM,Salesforce,243.4482421875,245.25694713568396,241.32497203130424,244.36241919960685,5879200
2021-02-18,CRM,Salesforce,242.80926513671875,243.7922588233568,238.4447857674522,241.78695830230424,4152800
2021-02-19,CRM,Salesforce,242.366943359375,245.14881754937275,241.79680516855936,243.7824567987387,4647700
2021-02-22,CRM,Salesforce,236.852294921875,240.36158912539702,236.29199639315877,240.1060012006393,5055000
2021-02-23,CRM,Salesforce,231.6326141357422,234.89616012729925,225.1153616882952,231.25907176340218,8641600
2021-02-24,CRM,Salesforce,236.3804931640625,237.39297546194848,227.57286312694464,231.52450194934318,6128300
2021-02-25,CRM,Salesforce,227.15016174316406,236.262516569043,225.8624425335404,234.473461026399,8828900
2021-02-26,CRM,Salesforce,212.81813049316406,226.58004193383056,212.6608479054404,225.48891835534886,20372900
2021-03-01,CRM,Salesforce,213.84046936035156,216.45523652575068,211.373160267776,216.16033537939893,14027700
2021-03-02,CRM,Salesforce,209.83966064453125,214.8824229884599,209.71186666722528,214.6858122543605,10211500
2021-03-03,CRM,Salesforce,202.49671936035156,209.69224105378868,201.90691709065203,209.21056870022423,11459000
2021-03-04,CRM,Salesforce,201.83810424804688,205.5341552706698,198.08306100225582,203.32241937962468,12800500
2021-03-05,CRM,Salesforce,207.17575073242188,208.73872214445942,199.76398469386604,206.43850544347177,11406000
2021-03-08,CRM,Salesforce,204.18746948242188,211.24535763356047,204.04002641492252,209.98712679325,9576400
2021-03-09,CRM,Salesforce,207.93264770507812,212.12019529703784,207.57876938749752,208.571587584377,9732200
2021-03-10,CRM,Salesforce,208.35536193847656,212.4740931533245,208.1685907260099,211.06841928988675,7186400
2021-03-11,CRM,Salesforce,212.27749633789062,214.4597436528136,210.7047153446892,211.34365527953756,6431000
2021-03-12,CRM,Salesforce,208.60110473632812,210.21321384345825,205.74058940011562,209.82000735434488,6114600
2021-03-15,CRM,Salesforce,209.18106079101562,209.31867930801175,205.93717860548583,208.2472197828781,5733700
2021-03-16,CRM,Salesforce,210.83248901367188,213.00491173608486,209.84949529298243,211.18636735309184,5311000
2021-03-17,CRM,Salesforce,209.49562072753906,211.1568825453182,207.2740602785062,209.88882722247462,5805100
2021-03-18,CRM,Salesforce,205.9175262451172,207.78522336692663,204.85589119677476,207.11677981828396,5580100
2021-03-19,CRM,Salesforce,208.5912628173828,209.13191235918066,205.5145026964126,206.2419084442009,7088400
2021-03-22,CRM,Salesforce,211.5107421875,213.28995829677905,207.7753633120446,207.88349321367832,5002500
2021-03-23,CRM,Salesforce,211.34365844726562,213.7323260849385,210.68505442783365,211.10773454506685,4578000
2021-03-24,CRM,Salesforce,205.96670532226562,211.6189201005919,205.84875085710144,211.47147701913664,4617700
2021-03-25,CRM,Salesforce,201.94622802734375,204.6297966272055,200.89441756920652,202.6638092281843,7977200
2021-03-26,CRM,Salesforce,205.53414916992188,205.848714353639,201.28762418479516,202.14282390417415,7333200
2021-03-29,CRM,Salesforce,207.1855926513672,208.05061693416155,202.48688382237643,205.45551408719052,5686900
2021-03-30,CRM,Salesforce,206.42869567871094,207.69675106676183,203.83359267586465,205.09182352577224,4717900
2021-03-31,CRM,Salesforce,208.26687622070312,210.03626792984997,206.53681266025617,206.8612023902076,6838000
2021-04-01,CRM,Salesforce,215.00038146972656,215.2068017453996,209.74135921889666,209.96745856750115,7763500
2021-04-05,CRM,Salesforce,216.54368591308594,218.0673292206973,215.2068138172797,215.87525736482993,5553200
2021-04-06,CRM,Salesforce,217.330078125,217.78226183624304,214.5383795578464,216.08168689911486,5448500
2021-04-07,CRM,Salesforce,217.0352020263672,218.89305977280256,215.65901665837637,218.18531801161842,4403400
2021-04-08,CRM,Salesforce,220.6329345703125,221.87151624087141,218.66694715600934,219.20759669480145,6169100
2021-04-09,CRM,Salesforce,227.3468017578125,227.37629037146598,219.82690529027502,220.51499794101457,7319300
2021-04-12,CRM,Salesforce,224.86962890625,225.94110341724254,223.2870084809913,225.61671370282755,6205700
2021-04-13,CRM,Salesforce,228.05455017089844,229.51921625924197,224.61407204332022,225.10556891868853,5397100
2021-04-14,CRM,Salesforce,224.14219665527344,229.17511890300486,223.78831837227412,228.89005736914302,4617600
2021-04-15,CRM,Salesforce,229.0375213623047,229.11616265453307,225.59704357360053,225.96074642577557,5073900
2021-04-16,CRM,Salesforce,227.96609497070312,230.02054840577864,225.98044330175662,230.02054840577864,5088700
2021-04-19,CRM,Salesforce,226.5800323486328,228.25111852444752,224.97774792747842,226.90442204735504,4257700
2021-04-20,CRM,Salesforce,224.08326721191406,227.51390588195954,223.03145667458338,226.08856791021063,4081200
2021-04-21,CRM,Salesforce,226.63902282714844,226.8651071761068,222.81517797199714,223.2476975955998,4024000
2021-04-22,CRM,Salesforce,227.4156036376953,229.91240109247096,225.1153869282131,226.08855611296687,4975400
2021-04-23,CRM,Salesforce,229.5388641357422,231.4852025515257,227.80880054322884,228.97856550038213,5447100
2021-04-26,CRM,Salesforce,231.45571899414062,231.78993327511392,228.46740954264095,230.0598546455211,3459600
2021-04-27,CRM,Salesforce,230.22695922851562,231.8882059687732,227.96607073680647,231.45570134365175,3445200
2021-04-28,CRM,Salesforce,232.85154724121094,234.2768850744327,229.55851242023894,231.00351432682254,4274500
2021-04-29,CRM,Salesforce,230.3743896484375,233.62809619099147,228.2216311808935,233.28405741719715,4140800
2021-04-30,CRM,Salesforce,226.40310668945312,230.51201298348536,225.616708762572,228.84092676342104,5024800
2021-05-03,CRM,Salesforce,219.95468139648438,227.52374545317326,219.27642829206007,226.84547734945434,5835700
2021-05-04,CRM,Salesforce,213.486572265625,218.2246092701608,210.71453773128562,217.90021953754663,6727500
2021-05-05,CRM,Salesforce,211.7368621826172,215.83595959889743,211.18638804498306,215.09871423614555,4205800
2021-05-06,CRM,Salesforce,214.34176635742188,214.56785069498403,209.86914229231726,212.13985520247846,5200000
2021-05-07,CRM,Salesforce,212.81813049316406,217.48735044624735,211.43210581252373,216.75992972749515,5774700
2021-05-10,CRM,Salesforce,210.25250244140625,212.2873064118162,209.603723059598,211.83512275196105,5263700
2021-05-11,CRM,Salesforce,211.89410400390625,212.88693716750902,205.35720237890052,205.44566820557037,6097900
2021-05-12,CRM,Salesforce,206.95948791503906,209.7413618982766,205.44568421002282,209.71187328708947,5482500
2021-05-13,CRM,Salesforce,208.25706481933594,211.97278014327225,206.8907040520609,209.34818852552644,5337000
2021-05-14,CRM,Salesforce,213.95840454101562,214.5580312761253,210.5080871802646,210.54741532643507,4429000
2021-05-17,CRM,Salesforce,211.4026641845703,214.01743153923573,209.20076746425963,212.9066436406027,3816100
2021-05-18,CRM,Salesforce,210.68504333496094,213.65368853432383,210.15421833278603,211.7761669513275,3540600
2021-05-19,CRM,Salesforce,217.57583618164062,217.8314241598969,210.86198697182448,212.17921001539767,8092100
2021-05-20,CRM,Salesforce,219.97434997558594,222.97248404652083,218.5785005883119,219.18795194069065,6705500
2021-05-21,CRM,Salesforce,218.79476928710938,221.94034655483503,218.65715075037434,221.38004786930517,4913600
2021-05-24,CRM,Salesforce,223.12974548339844,223.72937224069443,220.39702419586428,221.17358261959504,5288300
2021-05-25,CRM,Salesforce,223.83750915527344,225.81332115545175,222.43182031987365,224.1225707376627,6256300
2021-05-26,CRM,Salesforce,225.77398681640625,226.3244758902512,224.40762616732567,224.59439737103995,5807100
2021-05-27,CRM,Salesforce,221.9894561767578,225.61670511895767,221.55693657399357,225.61670511895767,15344100
2021-05-28,CRM,Salesforce,234.05078125,239.35894066965128,233.78536877922986,235.15172927794737,17810800
2021-06-01,CRM,Salesforce,232.18313598632812,234.34571937838106,228.50674871962673,233.95252785229698,8103900
2021-06-02,CRM,Salesforce,230.62998962402344,234.23757489910318,229.92223292162856,230.41372979833088,5543900
2021-06-03,CRM,Salesforce,226.91427612304688,229.2144779232835,225.52825132061156,228.92941633236643,5109000
2021-06-04,CRM,Salesforce,233.44134521484375,233.84437624123652,227.58271102344574,227.69084093298298,6177600
2021-06-07,CRM,Salesforce,234.09011840820312,235.39750182515402,231.82922990520007,232.57631471448255,3510800
2021-06-08,CRM,Salesforce,232.3993682861328,237.67803964472992,231.6621230126173,234.73889808719593,5827300
2021-06-09,CRM,Salesforce,232.07498168945312,234.80770300678782,231.50484353701222,234.80770300678782,3350900
2021-06-10,CRM,Salesforce,236.10525512695312,236.2035454956802,231.1509585648758,231.98650919516894,4659500
2021-06-11,CRM,Salesforce,236.22323608398438,236.28221331169917,234.35555387630626,234.96500522841902,4624200
2021-06-14,CRM,Salesforce,242.072021484375,242.44556388755979,236.3903191377002,236.60657895014472,6764700
2021-06-15,CRM,Salesforce,238.45462036132812,241.18734172549017,237.8943067366526,241.03989866599343,5135300
2021-06-16,CRM,Salesforce,238.26783752441406,240.8432761665557,235.4073223154333,237.88447058913886,5099300
2021-06-17,CRM,Salesforce,240.27317810058594,242.97641117171338,237.09811218411903,237.88451025921526,5170200
2021-06-18,CRM,Salesforce,238.6511993408203,241.82626465970463,236.96044904733495,237.73702243757742,7822200
2021-06-21,CRM,Salesforce,240.3223114013672,240.5582353046484,234.82737985635765,239.30982902363894,5895100
2021-06-22,CRM,Salesforce,238.97560119628906,240.5582216677596,236.79335396235345,239.6538692553898,4457200
2021-06-23,CRM,Salesforce,237.72718811035156,240.34195490051061,236.7540339661303,239.6047096400796,4482400
2021-06-24,CRM,Salesforce,239.62440490722656,243.47773883678195,238.5725943324287,239.21154930755583,4987300
2021-06-25,CRM,Salesforce,237.75668334960938,240.04706048912053,236.8916590861057,240.0372359517864,15409300
2021-06-28,CRM,Salesforce,240.41078186035156,243.37941210217858,239.45727674978588,240.0569035203551,4274900
2021-06-29,CRM,Salesforce,241.6296844482422,242.5831895586966,238.30716086751264,240.28298784863483,3871900
2021-06-30,CRM,Salesforce,240.11587524414062,242.43574097558425,239.35896589551075,241.3052892212655,4168800
2021-07-01,CRM,Salesforce,240.81381225585938,242.39643284315102,238.49394633285974,240.34197944080879,3899600
2021-07-02,CRM,Salesforce,243.97903442382812,244.72611923869434,241.6591686815522,242.72080368218292,4056200
2021-07-06,CRM,Salesforce,245.99415588378906,248.618747075721,244.1559625956398,244.76541384640748,5590200
2021-07-07,CRM,Salesforce,244.21493530273438,249.18888057829605,243.64479720800506,248.6973837724217,5101400
2021-07-08,CRM,Salesforce,241.61984252929688,242.38657637749404,237.6288907042467,240.67616202420422,5159600
2021-07-09,CRM,Salesforce,240.8924102783203,243.7824138749504,239.9389052821725,241.41339568867423,4213500
2021-07-12,CRM,Salesforce,238.7790069580078,243.05502061953268,237.7370360197874,243.0157074706141,5604500
2021-07-13,CRM,Salesforce,239.8701171875,242.9567166808869,237.569900622923,238.16952735568094,6699800
2021-07-14,CRM,Salesforce,238.30714416503906,241.96388175518453,235.7906828125288,240.34194822698944,6375700
2021-07-15,CRM,Salesforce,233.53964233398438,237.9139612483298,231.80957884182004,237.11773876046271,7912600
2021-07-16,CRM,Salesforce,234.3751983642578,236.78354511029255,233.7264338728012,234.24741937314232,7288100
2021-07-19,CRM,Salesforce,233.5101776123047,234.44401871213765,230.3252723357144,232.48785567198414,8843000
2021-07-20,CRM,Salesforce,236.026611328125,239.04439410337673,232.25191922516868,234.64058664992768,8487000
2021-07-21,CRM,Salesforce,237.9926300048828,238.84782981285807,234.21793740499095,237.3340259574508,15323100
2021-07-22,CRM,Salesforce,244.05767822265625,244.47053378280822,239.20168687340706,239.3589694675489,7868700
2021-07-23,CRM,Salesforce,244.02821350097656,246.29892680375704,242.48490601854937,245.74845266966423,5877300
2021-07-26,CRM,Salesforce,243.38925170898438,244.25427598532949,241.63952408274656,243.97903894295234,3960700
2021-07-27,CRM,Salesforce,239.36878967285156,243.91023075091982,237.08825209624325,243.00587834991194,6352500
2021-07-28,CRM,Salesforce,239.81117248535156,241.89511452800053,238.8674918438097,239.67355395421993,4100200
2021-07-29,CRM,Salesforce,239.88980102539062,241.9737580867584,239.34916643330976,239.34916643330976,3271100
2021-07-30,CRM,Salesforce,237.815673828125,240.08640201953907,237.52078769872853,238.86748435395396,3748400
2021-08-02,CRM,Salesforce,236.7638702392578,238.34649074340317,234.81754685504538,238.18920814688454,3525700
2021-08-03,CRM,Salesforce,237.02928161621094,238.91662776755666,234.97481333230206,237.2750300473647,3077900
2021-08-04,CRM,Salesforce,240.01756286621094,240.48939562852436,235.59409134637815,237.51092600511373,4121600
2021-08-05,CRM,Salesforce,246.29891967773438,246.63313396386462,239.39829912661915,240.518911438399,5235200
2021-08-06,CRM,Salesforce,246.328369140625,247.79303504311687,244.98167267277248,244.99149720928725,4045400
2021-08-09,CRM,Salesforce,245.07998657226562,248.12725791945337,243.63498469176014,247.1442642592071,3312200
2021-08-10,CRM,Salesforce,239.25083923339844,246.97717041839954,238.90678543409314,246.6036280076445,4430600
2021-08-11,CRM,Salesforce,238.15969848632812,241.96387908273192,236.0167795455062,240.50905269174766,3999200
2021-08-12,CRM,Salesforce,244.1658172607422,244.20513041110073,237.8156710282969,238.3759846661425,4467400
2021-08-13,CRM,Salesforce,247.2819061279297,249.45432892195245,244.6376505322252,247.4293641904701,5986400
2021-08-16,CRM,Salesforce,244.96206665039062,246.73145859635915,240.3125098973617,245.91557189351545,4047500
2021-08-17,CRM,Salesforce,242.78961181640625,244.9620194262795,241.7574654636285,244.03800297711265,3472600
2021-08-18,CRM,Salesforce,246.94769287109375,252.43278483661007,243.50721472106974,243.78245177312812,8306700
2021-08-19,CRM,Salesforce,248.76620483398438,251.09589493440976,244.15596231513848,244.9325206821828,6600800
2021-08-20,CRM,Salesforce,251.77418518066406,253.484584646289,248.31404310189123,248.69741005100997,5510700
2021-08-23,CRM,Salesforce,256.08953857421875,257.40674669003647,252.20673099366272,252.6294111355897,7603900
2021-08-24,CRM,Salesforce,255.244140625,258.03583905533014,254.65433842172772,257.46571592460486,6685200
2021-08-25,CRM,Salesforce,256.41387939453125,257.44601064625596,254.34958689249868,256.42368893122,9701000
2021-08-26,CRM,Salesforce,263.2359313964844,270.53956849969705,262.8132212422067,265.21172863523185,18987000
2021-08-27,CRM,Salesforce,261.99725341796875,266.3027696994752,260.9159545803743,263.3046215589371,7992500
2021-08-30,CRM,Salesforce,260.4638366699219,263.02943577619214,260.24757686031165,261.2895477615463,5730000
2021-08-31,CRM,Salesforce,260.75872802734375,262.23321857750113,258.23245701700023,260.2672311772913,5901500
2021-09-01,CRM,Salesforce,263.75689697265625,268.61288862224,261.0733131667528,261.7417417342561,7189000
2021-09-02,CRM,Salesforce,259.6578063964844,264.6809203161926,259.43173702147214,264.4253323285196,4498300
2021-09-03,CRM,Salesforce,262.53790283203125,262.8623075011279,257.347698113726,259.11710449409645,7356700
2021-09-07,CRM,Salesforce,260.69976806640625,263.3440236946542,259.57917077335605,262.00716657331867,4672500
2021-09-08,CRM,Salesforce,258.1538391113281,259.84458972688026,257.13151711158713,259.1368329576121,3851500
2021-09-09,CRM,Salesforce,256.3057556152344,259.2252479660864,256.0207090546997,257.36740556022727,4126500
2021-09-10,CRM,Salesforce,252.82598876953125,257.14131546428143,252.13788118790737,256.5613527876952,5280900
2021-09-13,CRM,Salesforce,249.78855895996094,253.3076786180038,247.90121263484713,252.62941048568416,5258200
2021-09-14,CRM,Salesforce,250.04412841796875,250.77154923062187,248.69743171006417,249.78855542939633,4097500
2021-09-15,CRM,Salesforce,251.80369567871094,252.38365842150404,248.64827897762666,250.21123552147722,4764600
2021-09-16,CRM,Salesforce,255.93222045898438,256.77761062415095,250.66338872664005,251.18437417777548,5122600
2021-09-17,CRM,Salesforce,256.099365234375,257.2494811425714,254.28082076345044,254.86078348686945,7049400
2021-09-20,CRM,Salesforce,253.8286590576172,254.80181331555076,250.60444060852828,252.2263743712809,5985500
2021-09-21,CRM,Salesforce,253.58287048339844,258.08496815473546,253.38625975598558,255.05736094323944,6040600
2021-09-22,CRM,Salesforce,254.7624969482422,255.93223188247788,251.85281392279512,254.4970694433537,4355600
2021-09-23,CRM,Salesforce,273.13458251953125,274.6385914998666,261.8694844601623,265.4082673579855,15617200
2021-09-24,CRM,Salesforce,280.7725524902344,281.49011883822027,273.4787245519842,273.76380118262426,13368300
2021-09-27,CRM,Salesforce,274.9236755371094,278.93430670118545,274.2945751575722,277.63674779524393,5941100
2021-09-28,CRM,Salesforce,267.6495361328125,271.99438169230154,265.44763973990683,270.4313952364,7127100
2021-09-29,CRM,Salesforce,265.8997497558594,270.0086555099132,264.66116830902155,268.8388908098068,4361900
2021-09-30,CRM,Salesforce,266.6075744628906,269.5958839565129,265.8408405137113,266.0472608081009,5224200
2021-10-01,CRM,Salesforce,270.5788269042969,271.6404467888738,264.19917806557436,266.8827613828367,4756000
2021-10-04,CRM,Salesforce,266.253662109375,270.6181565852371,261.6139605930183,270.5395302877511,6393800
2021-10-05,CRM,Salesforce,267.1482238769531,268.89795170421655,266.4208180382252,267.48243818119545,4050400
2021-10-06,CRM,Salesforce,270.5886535644531,270.80491336925746,262.9508036377194,265.08391307595264,4745500
2021-10-07,CRM,Salesforce,269.9104309082031,274.74677372011604,269.41893399636035,272.19098377881545,5374200
2021-10-08,CRM,Salesforce,267.8461608886719,272.2106557518443,267.6397105920992,270.85411951077856,2683300
2021-10-11,CRM,Salesforce,269.09454345703125,271.57167694799296,266.89264702062087,267.1580445379631,2693000
2021-10-12,CRM,Salesforce,274.2552490234375,275.9754880406096,271.32591692613283,271.7191384146424,5970100
2021-10-13,CRM,Salesforce,279.57318115234375,280.2514490580536,273.8619913944998,275.2381762761645,6573500
2021-10-14,CRM,Salesforce,285.08782958984375,285.6973108987237,279.8189976182714,281.1362056111645,5433900
2021-10-15,CRM,Salesforce,286.6999206542969,287.889334525954,284.3997192006145,287.51579215338785,5119300
2021-10-18,CRM,Salesforce,286.7392578125,288.26288596051273,283.8000864193548,285.8348904610895,5163300
2021-10-19,CRM,Salesforce,287.3684387207031,290.5041917226379,286.405093880455,287.1325297796602,3631200
2021-10-20,CRM,Salesforce,285.1566162109375,290.38614947972565,283.0530254590862,288.12524614993686,4487900
2021-10-21,CRM,Salesforce,284.8813781738281,286.6114565419123,283.36755960175446,284.5471639433727,2828500
2021-10-22,CRM,Salesforce,287.5846862792969,288.0172059851005,283.27916829790183,284.08523047677147,2927000
2021-10-25,CRM,Salesforce,288.9215087890625,290.1109227141166,286.75891074479523,288.3120275230703,2993500
2021-10-26,CRM,Salesforce,290.0912780761719,293.2860078398036,288.626626953317,290.749897103746,3601400
2021-10-27,CRM,Salesforce,290.13055419921875,294.1018567313098,290.07157698327643,291.4870901630597,3742700
2021-10-28,CRM,Salesforce,293.3056640625,293.7283441524798,288.538138633115,290.05195732585094,3450400
2021-10-29,CRM,Salesforce,294.5934143066406,295.66487394875435,291.23156231143497,292.9321523848394,4251900
2021-11-01,CRM,Salesforce,297.61114501953125,299.67540753269384,294.62283614537137,296.3725635127671,3825100
2021-11-02,CRM,Salesforce,297.7979431152344,298.2796004120286,294.31813713797743,296.58885010655894,4177500
2021-11-03,CRM,Salesforce,297.7389831542969,298.7809541007741,293.11890065683156,298.7809541007741,3260200
2021-11-04,CRM,Salesforce,302.8013916015625,303.1650944754177,297.2572926636772,298.33859174715707,3833800
2021-11-05,CRM,Salesforce,302.02484130859375,306.10425952834095,298.18133199837536,303.25358354337243,4681800
2021-11-08,CRM,Salesforce,304.6887512207031,306.0944551599628,300.6977987746152,301.9757087195249,3893000
2021-11-09,CRM,Salesforce,304.4429931640625,306.44830886142955,301.9953482678133,304.7280697579572,3126500
2021-11-10,CRM,Salesforce,294.5736999511719,303.34198590441287,292.8239725749541,301.35634966803474,4350900
2021-11-11,CRM,Salesforce,297.82745361328125,300.5503354687311,296.3726120811853,296.3726120811853,2681900
2021-11-12,CRM,Salesforce,301.4349670410156,301.99528056591015,296.5003502042279,299.321536901689,3803700
2021-11-15,CRM,Salesforce,300.29473876953125,302.52615368959283,298.0731933847017,301.68076350000564,3595300
2021-11-16,CRM,Salesforce,301.86761474609375,302.3492721920006,297.5719358955655,298.9087932958766,2989400
2021-11-17,CRM,Salesforce,302.7817077636719,304.6297407138865,302.0248134164401,302.5457988759294,3864700
2021-11-18,CRM,Salesforce,297.8372802734375,301.76925545245973,294.48526783349024,300.95338380219215,4443100
2021-11-19,CRM,Salesforce,296.0482177734375,300.7960640158788,295.979401016649,300.51098745103087,4758900
2021-11-22,CRM,Salesforce,291.7918701171875,300.29476031627104,291.67391566333686,296.7068390182288,4474700
2021-11-23,CRM,Salesforce,286.4640808105469,291.4281877509098,283.4069543394423,288.65613789575576,6431100
2021-11-24,CRM,Salesforce,284.2522888183594,284.5275258422058,278.3838154897535,281.1755138740775,5091400
2021-11-26,CRM,Salesforce,279.37664794921875,282.6795225799478,278.2265620499727,279.6617245390392,4195300
2021-11-29,CRM,Salesforce,291.6935729980469,293.31553678018406,279.8583491482382,284.5963565040592,8215600
2021-11-30,CRM,Salesforce,280.1138916015625,294.18052981445163,278.58042374596874,291.1529222530095,13597600
2021-12-01,CRM,Salesforce,247.2229461669922,272.23031139188254,247.18363301381265,266.64691368407506,30723100
2021-12-02,CRM,Salesforce,256.7579345703125,258.11444050912814,247.85200015432187,248.52044358698646,12200800
2021-12-03,CRM,Salesforce,253.9269561767578,257.2986175857657,247.41952726312957,257.10200683363803,8944000
2021-12-06,CRM,Salesforce,254.34967041015625,254.82151827939612,246.44640609159492,251.74474258731675,7123000
2021-12-07,CRM,Salesforce,262.4494934082031,265.63441357781585,259.1171601734445,260.95535369804384,7401200
2021-12-08,CRM,Salesforce,261.7810363769531,263.93379486906815,260.070637026511,263.74702367579164,4586500
2021-12-09,CRM,Salesforce,259.82489013671875,262.14474076362137,258.1734679956777,261.515640423571,3967000
2021-12-10,CRM,Salesforce,261.5058288574219,265.9686289288699,259.94287237834715,261.5746456203055,3480100
2021-12-13,CRM,Salesforce,261.24041748046875,265.9587752802076,260.1099507172135,261.27971562981236,3625700
2021-12-14,CRM,Salesforce,251.24334716796875,257.6917832086968,248.9922982754308,257.54434015870476,7227300
2021-12-15,CRM,Salesforce,255.6177215576172,255.7651646310174,247.61613745706993,250.5159812278342,6484900
2021-12-16,CRM,Salesforce,248.81533813476562,256.9053863566298,247.93064988416214,255.57833898143238,6556700
2021-12-17,CRM,Salesforce,248.62860107421875,249.5821062081585,242.5930200713691,246.96735424223044,12119400
2021-12-20,CRM,Salesforce,243.00588989257812,247.2622396018931,242.3079577351121,245.64030592508772,5580100
2021-12-21,CRM,Salesforce,248.2550506591797,248.70721934103796,241.0791939752465,243.7824265274664,5428200
2021-12-22,CRM,Salesforce,248.50082397460938,249.93598645563404,245.2667661248189,249.1102753022258,4982400
2021-12-23,CRM,Salesforce,248.83502197265625,249.98512278951426,245.09964295250845,246.95750042578578,3769500
2021-12-27,CRM,Salesforce,253.90728759765625,254.0350815919627,248.93335634813053,249.08079941902636,3531800
2021-12-28,CRM,Salesforce,251.1057586669922,256.3451173261141,250.60443723780858,255.31298585422405,3293700
2021-12-29,CRM,Salesforce,250.211181640625,252.06903892457802,248.81533254362307,251.6463588808055,2592700
2021-12-30,CRM,Salesforce,250.98779296875,253.51407907623297,250.1325932163098,250.9583043565482,2950600
2021-12-31,CRM,Salesforce,249.8081817626953,252.12803238376733,249.31668493634086,250.1423960047861,3169300
2022-01-03,CRM,Salesforce,251.11557006835938,252.33448762147978,244.421370562112,250.67321091649046,4316800
2022-01-04,CRM,Salesforce,244.00852966308594,252.50159489953748,239.26066814211458,252.4819458244078,7240700
2022-01-05,CRM,Salesforce,223.7981719970703,234.1490943710815,223.4442936680745,232.15361837680578,18882500
2022-01-06,CRM,Salesforce,225.2530059814453,230.4923643332244,222.20573443490946,224.16188234722048,9376100
2022-01-07,CRM,Salesforce,224.4272918701172,228.32977810467116,222.20573148189825,224.61406307518703,6286700
2022-01-10,CRM,Salesforce,225.72486877441406,225.921464532535,215.16751007114647,221.66509962235446,7803800
2022-01-11,CRM,Salesforce,230.8462371826172,232.33056727092972,222.70705053688417,224.90896182724765,7635300
2022-01-12,CRM,Salesforce,233.785400390625,235.21073829795424,231.75059617173685,232.96951379556072,6718900
2022-01-13,CRM,Salesforce,224.74188232421875,234.72908815630024,224.04395011090696,233.4610327256069,6680300
2022-01-14,CRM,Salesforce,227.297607421875,229.32257185129527,223.73917536626436,224.1520308810624,5805100
2022-01-18,CRM,Salesforce,222.21556091308594,226.80613984692093,221.4684910756476,224.56491533531184,6032000
2022-01-19,CRM,Salesforce,222.4219970703125,228.26098226796694,222.32369169689508,223.60158655485114,5332600
2022-01-20,CRM,Salesforce,219.1486358642578,227.4647548491893,218.70629166281162,225.17439253958875,5663700
2022-01-21,CRM,Salesforce,214.9119415283203,220.94752292310346,214.538399080662,219.26659690793622,9128400
2022-01-24,CRM,Salesforce,219.23709106445312,219.58114487071038,203.9810241289496,208.77803834561942,11664300
2022-01-25,CRM,Salesforce,211.72703552246094,220.09230742157675,211.019278781368,217.2416313805545,9092700
2022-01-26,CRM,Salesforce,207.4116668701172,217.69378738194567,205.51449626380958,215.8752430708079,10029600
2022-01-27,CRM,Salesforce,209.12210083007812,219.3550546154866,208.4536572642861,210.43930888708977,9462100
2022-01-28,CRM,Salesforce,218.35240173339844,218.50966933051083,207.29372228666332,210.65555903855554,8254900
2022-01-31,CRM,Salesforce,228.67384338378906,228.94908043688045,218.4801878843667,219.15845597923283,7084200
2022-02-01,CRM,Salesforce,228.17250061035156,228.821280074264,222.471148955734,228.4182490437159,6387100
2022-02-02,CRM,Salesforce,221.18344116210938,230.5022336753324,219.22729299685673,229.76498828658794,9378900
2022-02-03,CRM,Salesforce,209.15158081054688,217.03517975123552,206.82187546336766,214.3614505963104,12826600
2022-02-04,CRM,Salesforce,215.501708984375,217.9002160604897,209.56443351668102,211.33382521211757,6176500
2022-02-07,CRM,Salesforce,213.2801513671875,217.67413455195648,212.97542570996137,215.27562744446897,3922300
2022-02-08,CRM,Salesforce,213.73233032226562,214.23366674946539,208.54212436535056,211.9334649047792,5628700
2022-02-09,CRM,Salesforce,218.26393127441406,218.41138934029024,211.903975347385,217.3792428763356,6107700
2022-02-10,CRM,Salesforce,213.96823120117188,218.21477107214554,212.13986236771817,213.99771981144588,5312600
2022-02-11,CRM,Salesforce,204.36439514160156,216.1898087840345,202.6048429243456,213.9190956156847,8165600
2022-02-14,CRM,Salesforce,202.889892578125,206.3303705094353,201.15000453806792,202.300105360905,7005900
2022-02-15,CRM,Salesforce,210.60641479492188,210.92098000034466,204.9738647040597,206.1829428389025,6353000
2022-02-16,CRM,Salesforce,208.1390838623047,208.80751235431563,204.66911742754127,207.41166315103428,7072700
2022-02-17,CRM,Salesforce,196.6282501220703,206.1829511312924,196.1072646040183,204.78710172450255,8820100
2022-02-18,CRM,Salesforce,193.49246215820312,199.15451505568907,192.46031584882454,196.99191707440352,6691800
2022-02-22,CRM,Salesforce,191.8115692138672,198.03392125588366,190.23877326353954,192.20476070180217,8434800
2022-02-23,CRM,Salesforce,187.2996063232422,195.6157393285572,186.89659032006813,193.01081211611017,7784300
2022-02-24,CRM,Salesforce,200.81578063964844,201.4154074093593,181.30336427968265,181.59826539580655,11792600
2022-02-25,CRM,Salesforce,204.55116271972656,204.92470513880687,198.1813675166228,201.23847863249546,5853600
2022-02-28,CRM,Salesforce,206.9496612548828,208.07027346637975,203.43054202947823,204.25625313283524,7904700
2022-03-01,CRM,Salesforce,205.33755493164062,210.74402032215175,204.91487483713433,209.77085115211403,12587300
2022-03-02,CRM,Salesforce,206.8120574951172,213.61437254494763,197.7291897121846,212.42495848961147,16670100
2022-03-03,CRM,Salesforce,201.26797485351562,208.0309768058769,200.7469893542047,206.8120591286297,6559900
2022-03-04,CRM,Salesforce,199.55755615234375,202.87025529541611,195.87132958310903,201.21881799276593,6813600
2022-03-07,CRM,Salesforce,192.8928680419922,201.44491105193606,192.70609682120124,199.99008443627793,7043500
2022-03-08,CRM,Salesforce,188.8134307861328,193.84635370610815,185.98240414399996,190.97601391585388,8229000
2022-03-09,CRM,Salesforce,199.70501708984375,201.7398063857231,193.86603172022498,194.97681947552059,6881300
2022-03-10,CRM,Salesforce,196.74618530273438,197.7783316993834,194.17074657908879,195.71405390537905,5604200
2022-03-11,CRM,Salesforce,194.534423828125,201.2875999342491,194.2690263605432,201.2875999342491,5196900
2022-03-14,CRM,Salesforce,189.83572387695312,196.7560073898758,188.5578441651207,194.868661431613,5665500
2022-03-15,CRM,Salesforce,192.80438232421875,196.5594254307339,189.46220976809718,195.1537366502632,5276300
2022-03-16,CRM,Salesforce,202.07400512695312,202.39837982131533,193.97413231989705,195.2815156309436,6043400
2022-03-17,CRM,Salesforce,206.8317413330078,207.09713887526635,199.11523354532576,201.14019849361742,5842600
2022-03-18,CRM,Salesforce,215.07904052734375,215.84577447032265,204.76743044906334,205.6717829202873,12220600
2022-03-21,CRM,Salesforce,210.08543395996094,215.37394534895904,207.0283226736535,214.4794174003934,6448700
2022-03-22,CRM,Salesforce,214.49905395507812,218.0771502909646,209.00410797554753,210.08540700533175,7018800
2022-03-23,CRM,Salesforce,207.5198211669922,210.29185587599883,204.76743553444095,210.23287864804263,8404700
2022-03-24,CRM,Salesforce,210.3409881591797,210.46878214021666,206.30088344389148,208.73871862440103,4150300
2022-03-25,CRM,Salesforce,207.441162109375,212.18902354433743,204.93452514070253,210.62606714008407,3656500
2022-03-28,CRM,Salesforce,211.618896484375,211.71720186057198,205.74059797072417,206.80223303661435,4290900
2022-03-29,CRM,Salesforce,217.5266876220703,218.38190241272878,213.08356652277655,214.9020960215966,5370400
2022-03-30,CRM,Salesforce,211.28466796875,216.11117062851864,209.77084927336054,215.97355211069174,4951200
2022-03-31,CRM,Salesforce,208.70921325683594,213.10318095275628,208.18821283724253,210.8521321555396,7141300
2022-04-01,CRM,Salesforce,208.6404266357422,210.39015433762017,206.4680038152517,208.86651100190542,6007900
2022-04-04,CRM,Salesforce,215.128173828125,217.24160424984282,210.45895382727997,210.97993928006238,7843600
2022-04-05,CRM,Salesforce,206.56629943847656,214.5580431709268,205.12129747210818,214.29263066708734,7304600
2022-04-06,CRM,Salesforce,197.40478515625,201.97569947073558,194.7113772487812,201.72012653033184,7171300
2022-04-07,CRM,Salesforce,196.75599670410156,199.27245784511686,194.81949816994853,195.73367499100686,5246000
2022-04-08,CRM,Salesforce,193.81686401367188,196.7363564722569,193.27621448443512,195.26186593758942,3897700
2022-04-11,CRM,Salesforce,192.12611389160156,193.74806248120527,188.89207124814456,190.90721131440125,5173800
2022-04-12,CRM,Salesforce,191.4969940185547,197.69968166230194,191.27090967476943,196.35298513722964,4832200
2022-04-13,CRM,Salesforce,192.39154052734375,193.74807672029095,186.10038644278114,188.72497799052653,8733000
2022-04-14,CRM,Salesforce,186.1888427734375,193.10911191305556,186.00207156808625,192.98133292988922,5126700
2022-04-18,CRM,Salesforce,183.8296661376953,186.12988304166532,182.37483950558834,185.09773654619477,4899500
2022-04-19,CRM,Salesforce,188.13519287109375,188.9314154919053,182.36502375543316,184.0557743820461,6120400
2022-04-20,CRM,Salesforce,183.0629425048828,190.01271630070084,182.91549942547482,189.6096852179244,6015400
2022-04-21,CRM,Salesforce,174.21597290039062,186.93591404471422,173.7343155768495,185.56955337306567,9119500
2022-04-22,CRM,Salesforce,168.5146026611328,176.00502484886476,168.19022793976174,174.67797735517274,8843900
2022-04-25,CRM,Salesforce,171.6012420654297,171.78799829585748,166.35204355372804,166.80422732038986,7988900
2022-04-26,CRM,Salesforce,167.1875762939453,170.76567289034153,164.70060334366602,169.6843737818314,8073300
2022-04-27,CRM,Salesforce,171.70932006835938,174.21595682442035,167.72820786676584,168.0919107100491,9644600
2022-04-28,CRM,Salesforce,182.58123779296875,183.7509875847981,175.93619141632377,178.32487367872906,10614800
2022-04-29,CRM,Salesforce,172.94790649414062,182.20770494753836,172.31879115333524,179.46515924290208,7110800
2022-05-02,CRM,Salesforce,174.55020141601562,174.75662169684946,170.17586737872074,172.11236619991905,6278400
2022-05-03,CRM,Salesforce,175.32676696777344,177.32224309305212,173.1346950911002,173.94074217160616,5047700
2022-05-04,CRM,Salesforce,182.32566833496094,182.81716518781505,171.76832553520242,176.65380545251583,7563100
2022-05-05,CRM,Salesforce,169.3698272705078,179.14078761148747,166.93200695382035,177.42054853735146,8379400
2022-05-06,CRM,Salesforce,166.8140106201172,169.49757894348886,162.76408179517463,166.60759036409195,7232700
2022-05-09,CRM,Salesforce,160.81776428222656,167.39397908447117,159.37276244245868,163.88469961595806,9997800
2022-05-10,CRM,Salesforce,164.30740356445312,168.34750858146793,160.50322245328908,164.57281608362342,8598700
2022-05-11,CRM,Salesforce,158.5274200439453,167.08928795116984,158.09490035645698,162.68547976812545,7220100
2022-05-12,CRM,Salesforce,157.69186401367188,164.01252196404317,152.01016103456965,154.26121024284086,10187500
2022-05-13,CRM,Salesforce,164.07147216796875,165.8113601125054,159.25479432899544,160.76861293526716,6499700
2022-05-16,CRM,Salesforce,161.3289031982422,163.28506584217473,159.12700715609049,161.9383694235879,5065800
2022-05-17,CRM,Salesforce,160.945556640625,166.22424308587304,155.57841936021524,164.48434001178046,7317700
2022-05-18,CRM,Salesforce,154.65438842773438,161.7221149733913,153.53377629805684,160.05102881500093,7454400
2022-05-19,CRM,Salesforce,152.95384216308594,156.54176355408956,152.09862735262612,152.5901242554647,8382200
2022-05-20,CRM,Salesforce,156.9349365234375,157.99657150797537,151.92167770673987,156.0404236654869,9068700
2022-05-23,CRM,Salesforce,157.5935516357422,157.99656763909135,153.25854597152116,157.12170387686177,6148800
2022-05-24,CRM,Salesforce,154.26121520996094,155.69639280766316,151.92170008395524,155.0869414301997,6928400
2022-05-25,CRM,Salesforce,156.9349365234375,159.13684778758565,152.67858704743037,152.67858704743037,7436800
2022-05-26,CRM,Salesforce,159.69715881347656,160.90623683220804,154.89032034952226,156.97426213779002,6697700
2022-05-27,CRM,Salesforce,162.29225158691406,162.42003055714906,157.52472656177073,157.93758207952146,7883600
2022-05-31,CRM,Salesforce,157.5149383544922,164.43520838985833,156.64007443667992,164.12065816062588,18114600
2022-06-01,CRM,Salesforce,173.07571411132812,181.28370279853775,171.40461276248735,174.98270935771333,37037400
2022-06-02,CRM,Salesforce,185.19602966308594,186.8966197709472,171.7290173307772,172.02391847659615,19231200
2022-06-03,CRM,Salesforce,181.765380859375,186.41493717245797,180.67425717921236,181.85384669847872,9224000
2022-06-06,CRM,Salesforce,179.7600555419922,187.18166107687765,178.6099546974066,185.71699504439152,5811700
2022-06-07,CRM,Salesforce,183.96725463867188,185.392607423175,178.61978180995678,178.61978180995678,6331100
2022-06-08,CRM,Salesforce,185.97259521484375,187.31929189060457,182.23721585948593,183.81983644165592,6226200
2022-06-09,CRM,Salesforce,183.927978515625,189.40324642007005,183.43648159425348,185.32382797240464,8467700
2022-06-10,CRM,Salesforce,175.41522216796875,180.82168749956332,174.1864800471518,180.50713731626678,7855800
2022-06-13,CRM,Salesforce,163.20643615722656,169.74333799600353,162.2529311071569,167.64957169988475,10726200
2022-06-14,CRM,Salesforce,161.6533203125,166.74523577256494,159.39243167190884,165.86053239183218,8576200
2022-06-15,CRM,Salesforce,165.68359375,168.58342221091203,161.87939787143517,163.89453798810075,7740700
2022-06-16,CRM,Salesforce,157.13157653808594,164.06167134062267,155.92248327526963,160.9455825643316,8090900
2022-06-17,CRM,Salesforce,160.4835662841797,163.40305914099739,155.4801313205463,155.86349831188116,13074600
2022-06-21,CRM,Salesforce,163.9928436279297,166.46999199488772,162.0956579542451,162.24311601139016,6736800
2022-06-22,CRM,Salesforce,164.602294921875,167.55127607305567,161.41740487814792,161.89906219995942,5864500
2022-06-23,CRM,Salesforce,170.1070556640625,170.44126990824162,164.27789546744245,166.21439417532278,7258000
2022-06-24,CRM,Salesforce,182.75819396972656,183.23986630109422,173.5475474444063,174.6976483179553,12107100
2022-06-27,CRM,Salesforce,178.22657775878906,183.40695853702704,177.40086668577567,182.9449503177544,6170600
2022-06-28,CRM,Salesforce,168.54409790039062,179.2292340806626,168.52443382758028,177.22391863420555,6668600
2022-06-29,CRM,Salesforce,167.70852661132812,170.82461429887584,165.2018901120915,169.56638378148406,5430400
2022-06-30,CRM,Salesforce,162.23329162597656,164.65146299563213,158.3701331565467,162.24313116361478,9539400
2022-07-01,CRM,Salesforce,165.33953857421875,166.27337959633013,161.2601206884878,161.9580378210926,4561600
2022-07-05,CRM,Salesforce,169.27149963378906,169.41895767747047,161.81058160185742,163.2752475063886,4614200
2022-07-06,CRM,Salesforce,169.79249572753906,172.08287282318,167.92481371786633,170.56906914157395,4085100
2022-07-07,CRM,Salesforce,173.63600158691406,173.9309026883129,170.225012345822,171.20800601762275,4000100
2022-07-08,CRM,Salesforce,172.51541137695312,173.60653509161676,169.90064427705,171.0900733711336,2869200
2022-07-11,CRM,Salesforce,171.39476013183594,173.32143413621827,168.34747405326647,171.0408818452878,3689300
2022-07-12,CRM,Salesforce,163.50137329101562,170.43148312074473,161.55504961519551,169.28138208506485,7073000
2022-07-13,CRM,Salesforce,160.7096405029297,163.0196666277803,158.42908798894163,159.64800553944832,6225900
2022-07-14,CRM,Salesforce,158.30130004882812,158.9599190322012,154.96895198052817,158.29147551149927,6096100
2022-07-15,CRM,Salesforce,164.53347778320312,164.75956211719375,159.46122707741947,160.92589297869003,6037700
2022-07-18,CRM,Salesforce,165.03480529785156,169.70402519191708,164.26807144150635,166.07677617958774,3818200
2022-07-19,CRM,Salesforce,170.85414123535156,171.13921782236915,164.95617873715565,168.0132898986923,4373400
2022-07-20,CRM,Salesforce,179.3472137451172,180.37936022309194,172.62353983036513,173.1052121865653,5654000
2022-07-21,CRM,Salesforce,182.1979217529297,182.37485345175995,176.85043264304784,177.5876780534331,3886000
2022-07-22,CRM,Salesforce,179.36688232421875,184.37031723440356,177.853063452035,181.92267223867964,3804700
2022-07-25,CRM,Salesforce,174.2749481201172,178.89503055320935,172.10254042219344,178.73774795989266,4407900
2022-07-26,CRM,Salesforce,167.56112670898438,174.11769343616623,166.8730190620271,174.09802936072023,3886500
2022-07-27,CRM,Salesforce,177.23377990722656,179.13095068555307,171.38496996976525,171.88629139321807,4960900
2022-07-28,CRM,Salesforce,178.20692443847656,178.7869021312407,172.93807751292385,175.37591273171404,4562100
2022-07-29,CRM,Salesforce,180.89051818847656,181.28370969770052,177.15513885367056,178.7279348891556,4751400
2022-08-01,CRM,Salesforce,179.86819458007812,182.03077785913354,176.70295346281458,178.21677225765947,3997100
2022-08-02,CRM,Salesforce,180.66441345214844,181.99146100510612,176.378560132083,177.73509629739138,4317900
2022-08-03,CRM,Salesforce,186.4247589111328,187.4372412749023,182.21754685603582,182.37482945605487,5786300
2022-08-04,CRM,Salesforce,188.01722717285156,188.32195284909574,184.065587921281,185.3533073914973,3759700
2022-08-05,CRM,Salesforce,186.9359130859375,188.5381976420555,183.11206813242572,183.81982480756412,4090300
2022-08-08,CRM,Salesforce,186.5230255126953,191.0644508993182,185.86442163622814,187.84023326562965,3396800
2022-08-09,CRM,Salesforce,179.14076232910156,183.94760052074835,176.76191957365535,183.13171401796143,5851700
2022-08-10,CRM,Salesforce,185.40245056152344,186.34613115497297,183.0432715768409,184.96010637680723,4179200
2022-08-11,CRM,Salesforce,183.55441284179688,189.22629079691444,183.1513968167057,188.86258792087102,4175100
2022-08-12,CRM,Salesforce,186.66067504882812,186.78846903094106,182.3551577979417,183.456120952997,3846200
2022-08-15,CRM,Salesforce,187.810791015625,188.84293749442404,185.6875208305461,185.83497889854306,2768500
2022-08-16,CRM,Salesforce,186.3657989501953,187.60438079096525,183.19073303956725,186.32648579619587,3835900
2022-08-17,CRM,Salesforce,184.7635040283203,186.2084909803007,183.2988380030763,184.52758013856146,3181300
2022-08-18,CRM,Salesforce,184.73399353027344,185.36312387950784,183.43644968321018,185.21566582917112,2791600
2022-08-19,CRM,Salesforce,180.64476013183594,182.28635784439007,178.49200148505795,182.0700980260374,4346100
2022-08-22,CRM,Salesforce,173.97023010253906,177.51883814872764,173.06587765023292,176.93887543463364,5182900
2022-08-23,CRM,Salesforce,173.00689697265625,175.0810143488343,171.9354374037357,172.88894252449444,5076800
2022-08-24,CRM,Salesforce,176.94869995117188,178.14795352891733,173.065877629459,173.66550441833172,11438800
2022-08-25,CRM,Salesforce,170.9524383544922,171.1785227062027,162.74443494116184,165.7130801216959,24025600
2022-08-26,CRM,Salesforce,162.42007446289062,173.3018239054628,161.83028713493937,171.00162182793082,11074700
2022-08-29,CRM,Salesforce,157.48544311523438,163.0000389268172,157.32816050758578,161.48622007696582,9329900
2022-08-30,CRM,Salesforce,156.95460510253906,161.06352664208703,155.68654980641716,159.38260078515972,8079400
2022-08-31,CRM,Salesforce,153.46498107910156,158.46843071917178,153.31753801475432,157.0725663799771,9166100
2022-09-01,CRM,Salesforce,150.91900634765625,152.68839782915134,148.30423976940753,152.23621417304457,9924000
2022-09-02,CRM,Salesforce,151.07630920410156,155.97161379397318,150.3587279789115,153.7992060439434,7315700
2022-09-06,CRM,Salesforce,149.13978576660156,151.80368994395351,148.25509755256923,150.28006190859688,6373700
2022-09-07,CRM,Salesforce,150.6732940673828,151.44002805995297,147.92090832516647,148.71713093288966,6211400
2022-09-08,CRM,Salesforce,154.23170471191406,154.3594986920099,149.19878179439317,149.72960678918093,6659200
2022-09-09,CRM,Salesforce,159.82496643066406,160.51305912562836,155.77503656947778,155.90283056971964,5642300
2022-09-12,CRM,Salesforce,162.81324768066406,162.84273629105948,159.97239655132483,160.90623754553036,6353400
2022-09-13,CRM,Salesforce,155.41131591796875,158.51756472939502,155.1262393344533,155.55875897889462,5463200
2022-09-14,CRM,Salesforce,157.55426025390625,158.90095708996725,155.3228599129737,155.8929981718563,6037300
2022-09-15,CRM,Salesforce,152.14776611328125,157.12171191474403,151.68575786696732,154.1334176187607,7012200
2022-09-16,CRM,Salesforce,148.93336486816406,149.62147243348542,147.01653022019462,149.33639587087103,9882300
2022-09-19,CRM,Salesforce,150.23092651367188,150.92884362965205,147.8422440621096,148.14698470353167,4874800
2022-09-20,CRM,Salesforce,147.25245666503906,149.00218422026265,146.3186156663535,148.43204608439416,5505700
2022-09-21,CRM,Salesforce,145.1193389892578,150.69291047969296,145.00136956666384,148.6482821464574,6164400
2022-09-22,CRM,Salesforce,147.59649658203125,150.26041608213018,146.61350289184313,146.9673812202826,12405100
2022-09-23,CRM,Salesforce,144.50990295410156,147.29177701196792,142.32765567194906,145.55188890807676,9175800
2022-09-26,CRM,Salesforce,143.8316650390625,148.61884021248284,142.8781598198172,144.5000936467461,7862400
2022-09-27,CRM,Salesforce,146.35792541503906,148.04867570992386,143.7726472898608,145.84676451211524,7046600
2022-09-28,CRM,Salesforce,147.61614990234375,148.31408197122462,143.19267861873075,143.51706831277744,7908400
2022-09-29,CRM,Salesforce,144.3133087158203,146.44640333386758,142.54391698216764,145.92541785108293,8602500
2022-09-30,CRM,Salesforce,141.39382934570312,146.10237820560553,141.3053635005598,143.52692416350044,7575600
2022-10-03,CRM,Salesforce,145.38478088378906,146.426766938887,141.45280557929934,142.51444071142703,6819900
2022-10-04,CRM,Salesforce,153.08160400390625,154.74286574922613,148.64830783684573,149.12014061089434,8017900
2022-10-05,CRM,Salesforce,153.57310485839844,154.29070107434322,149.3560683942736,149.6116413620317,4256200
2022-10-06,CRM,Salesforce,152.81619262695312,155.55873818869563,151.8135349487787,153.07176556483236,3853900
2022-10-07,CRM,Salesforce,147.73411560058594,150.56514223771956,146.73147283267897,149.2184456773605,5956700
2022-10-10,CRM,Salesforce,143.16319274902344,148.39272609958095,142.12122189328036,148.05849686340716,5497800
2022-10-11,CRM,Salesforce,140.14544677734375,142.50462612507857,137.14731239842905,142.0524423337929,7415000
2022-10-12,CRM,Salesforce,139.87014770507812,141.00059930392547,137.20624354465662,139.88981177617143,5707100
2022-10-13,CRM,Salesforce,142.96661376953125,143.8513021471009,135.2501068123623,136.59681845286437,6548600
2022-10-14,CRM,Salesforce,139.80136108398438,145.18816220104733,139.58510127642955,144.82445934256563,5736300
2022-10-17,CRM,Salesforce,144.67703247070312,146.46608853705965,143.45812965558193,143.5859236601206,6288200
2022-10-18,CRM,Salesforce,150.91900634765625,156.26649393648938,149.3167219784007,153.78934586239626,16354800
2022-10-19,CRM,Salesforce,151.05662536621094,153.29784958397283,148.07815594525653,149.27740934239304,6220500
2022-10-20,CRM,Salesforce,154.82151794433594,158.5568972501534,150.98784826162256,152.3640335325211,9203400
2022-10-21,CRM,Salesforce,157.4460906982422,157.70166364681123,152.18708368442492,154.8214994596977,8335500
2022-10-24,CRM,Salesforce,157.91790771484375,158.8222749796878,155.70617222864544,158.43889309609384,6259200
2022-10-25,CRM,Salesforce,162.45936584472656,163.20643562408284,158.94024675377958,158.95007129060127,5804500
2022-10-26,CRM,Salesforce,157.19053649902344,161.32893184843735,156.00110744415267,157.08240658494427,6617500
2022-10-27,CRM,Salesforce,157.0332489013672,161.85975173190644,156.6105687956913,159.0483890545769,4987700
2022-10-28,CRM,Salesforce,160.2476348876953,160.31643664608114,155.48010951099184,156.79731745037,5055400
2022-10-31,CRM,Salesforce,159.82496643066406,161.21099135863946,158.26200980939606,159.36295812133892,4878100
2022-11-01,CRM,Salesforce,157.10208129882812,162.88207482664478,156.92513460958207,162.193982144678,4545900
2022-11-02,CRM,Salesforce,147.45889282226562,157.05292179816814,147.40975513227346,156.7973338135936,7238200
2022-11-03,CRM,Salesforce,143.8415069580078,147.8619486263825,143.64491116724597,146.46609901288681,5999400
2022-11-04,CRM,Salesforce,137.39303588867188,144.45092357007323,133.72645852840566,144.00857939772055,14265300
2022-11-07,CRM,Salesforce,142.1310272216797,142.46524141339373,136.41001282488511,138.2285418087107,7379900
2022-11-08,CRM,Salesforce,144.59837341308594,148.9825167379117,142.6127220197081,142.62254655656452,9101800
2022-11-09,CRM,Salesforce,139.6441192626953,143.84150766283108,139.52616478751972,143.36967476283118,5588500
2022-11-10,CRM,Salesforce,153.64193725585938,153.7107390237109,147.18366065081102,148.43206700355756,8777900
2022-11-11,CRM,Salesforce,155.047607421875,157.20036623748194,152.93417675775856,153.82870471297974,7382500
2022-11-14,CRM,Salesforce,155.9617919921875,157.4362826173516,152.01997745470047,153.17009334170743,6580100
2022-11-15,CRM,Salesforce,159.31381225585938,162.4397253380433,158.01625324109204,159.91342407412287,8116100
2022-11-16,CRM,Salesforce,152.4819793701172,158.08505551194756,151.2139240849485,157.27899347074901,6454700
2022-11-17,CRM,Salesforce,147.14434814453125,149.17913756375935,145.81730048033802,147.63584505729978,7357900
2022-11-18,CRM,Salesforce,145.52239990234375,149.72962729145988,143.17304525008737,149.25777945386272,7555700
2022-11-21,CRM,Salesforce,142.3866424560547,144.8342871525116,140.96128960151682,143.53674327715373,8015900
2022-11-22,CRM,Salesforce,146.71182250976562,146.83961650167578,140.489470046622,142.73069467798337,7017700
2022-11-23,CRM,Salesforce,149.6509552001953,150.30955913048453,145.04071268887847,145.10951444314838,5558900
2022-11-25,CRM,Salesforce,150.74209594726562,151.4203490280921,148.80559708056848,149.48386516068905,3023700
2022-11-28,CRM,Salesforce,151.07630920410156,152.67859378844764,149.41504739567054,149.41504739567054,7931700
2022-11-29,CRM,Salesforce,149.10049438476562,151.40071130709103,148.6876387831419,150.122816350087,6398100
2022-11-30,CRM,Salesforce,157.5247344970703,157.5247344970703,147.57684342720069,148.18629469849205,14591500
2022-12-01,CRM,Salesforce,144.50009155273438,145.0800543067546,139.6637637578236,145.04074115364108,33721500
2022-12-02,CRM,Salesforce,142.1015625,142.74051738491704,140.35183496777825,141.8361500093639,15086700
2022-12-05,CRM,Salesforce,131.65231323242188,141.93443191842027,130.6201820491941,140.37147584165024,20294600
2022-12-06,CRM,Salesforce,131.00357055664062,132.26180125387398,128.68370489624917,130.45309650151265,16981800
2022-12-07,CRM,Salesforce,128.2610321044922,131.4754261626261,127.80886333748236,130.2466838620408,12915900
2022-12-08,CRM,Salesforce,127.91697692871094,129.22436036953516,124.85985837553822,126.24587561382836,15156900
2022-12-09,CRM,Salesforce,128.8802947998047,131.10185499300903,126.1770623305076,127.53359833305569,10287500
2022-12-12,CRM,Salesforce,130.84629821777344,131.80962788969703,128.72302812515903,128.87048618673444,11852400
2022-12-13,CRM,Salesforce,133.3135986328125,137.50116132646738,131.7604668120782,135.05350165340565,12579800
2022-12-14,CRM,Salesforce,132.45840454101562,134.9355529296369,130.96424987811616,132.7139775099575,9611800
2022-12-15,CRM,Salesforce,128.22171020507812,131.83912009161037,127.47462533772868,129.43078834658493,10807300
2022-12-16,CRM,Salesforce,126.088623046875,127.67124371657307,124.73208675876364,126.72756303804006,15464700
2022-12-19,CRM,Salesforce,126.8160171508789,127.3763307830171,125.03680087921624,125.59710701170735,9441400
2022-12-20,CRM,Salesforce,126.26555633544922,127.77937525569612,125.02698949103463,125.33171518296471,8455500
2022-12-21,CRM,Salesforce,128.08407592773438,129.9124447214578,124.4469949134942,125.78386688094028,9313200
2022-12-22,CRM,Salesforce,126.99296569824219,127.33700451315913,124.19142749479109,126.48180474547789,9968600
2022-12-23,CRM,Salesforce,127.23870849609375,127.65156405526693,125.42016412896292,126.54077636080264,5821300
2022-12-27,CRM,Salesforce,128.43795776367188,129.5094172744996,125.47914468846727,126.37366503699863,8300800
2022-12-28,CRM,Salesforce,126.28521728515625,128.9098089852604,125.99031613922757,127.50413502199034,6249800
2022-12-29,CRM,Salesforce,130.28598022460938,130.68901124708935,127.29768593440977,127.49428167730687,7628800
2022-12-30,CRM,Salesforce,130.33514404296875,130.38429673271492,128.14307207380355,128.3888205232394,5630200
2023-01-03,CRM,Salesforce,132.4878692626953,134.6209634629579,130.76763055287472,132.89090021739744,8196400
2023-01-04,CRM,Salesforce,137.21607971191406,139.4376549557378,135.27958102558813,138.81836415778088,14322600
2023-01-05,CRM,Salesforce,134.02134704589844,136.2330826990662,131.95706943585063,135.29924175647605,8493500
2023-01-06,CRM,Salesforce,138.1204376220703,139.2410498257771,133.24479733198552,135.2402733175398,9145700
2023-01-09,CRM,Salesforce,144.59837341308594,146.66265109990093,140.16506240609937,140.16506240609937,13679700
2023-01-10,CRM,Salesforce,144.93258666992188,146.74129139250658,143.12388194733717,143.33030221496534,6527700
2023-01-11,CRM,Salesforce,142.435791015625,144.53939707964793,141.11858296603845,142.80933344732355,13595000
2023-01-12,CRM,Salesforce,147.0558624267578,147.272122239094,141.49211452627867,145.32578392806838,11678000
2023-01-13,CRM,Salesforce,146.96739196777344,147.4097511601418,143.60555510139946,143.71368501519925,8378100
2023-01-17,CRM,Salesforce,145.94508361816406,147.9307351978062,143.61539322475994,147.05587135814562,9407600
2023-01-18,CRM,Salesforce,142.9764404296875,146.99688133743223,142.81915782711548,146.32845277544294,7812600
2023-01-19,CRM,Salesforce,143.92010498046875,144.18550246847718,140.72537559390312,141.07925391054056,7070100
2023-01-20,CRM,Salesforce,148.67779541015625,148.95303244303818,141.8459922738127,141.8459922738127,10127100
2023-01-23,CRM,Salesforce,153.21923828125,155.18522587451392,150.6241352581134,154.67407989975771,19922900
2023-01-24,CRM,Salesforce,152.22640991210938,157.4854323771501,151.8725315686766,153.24871679352955,6390200
2023-01-25,CRM,Salesforce,153.51412963867188,153.74021399768927,147.27212842735614,148.63848911764268,9390500
2023-01-26,CRM,Salesforce,162.28244018554688,162.3610814881749,155.41132323557838,155.49978907629935,13354600
2023-01-27,CRM,Salesforce,161.72215270996094,164.39589718699938,160.8178001661532,162.24313825151,9872300
2023-01-30,CRM,Salesforce,161.9481964111328,163.6094580033401,160.62114904476937,161.27976795944508,8169800
2023-01-31,CRM,Salesforce,165.1134490966797,165.1527622440638,161.48620002929886,161.48620002929886,6421300
2023-02-01,CRM,Salesforce,168.89796447753906,170.1365309912507,164.15992821211617,164.87750932725368,8853900
2023-02-02,CRM,Salesforce,171.6700439453125,175.798615081334,169.9596292607012,172.7218545557821,10667100
2023-02-03,CRM,Salesforce,168.13124084472656,172.10254391034755,166.97131544391755,167.128598040422,6481700
2023-02-06,CRM,Salesforce,166.17510986328125,168.25905198187672,164.50402335312666,165.14296334253135,4310600
2023-02-07,CRM,Salesforce,168.3671875,168.80953173808436,163.77660796392337,164.72028867122654,6179200
2023-02-08,CRM,Salesforce,166.7452392578125,169.51727391040862,166.35203274728116,167.10894215567114,7694500
2023-02-09,CRM,Salesforce,170.70668029785156,172.3974305702388,169.08473178110597,170.38229059450245,11512300
2023-02-10,CRM,Salesforce,164.18943786621094,166.85335741488703,162.51835156227716,164.80872870209623,11273700
2023-02-13,CRM,Salesforce,168.1705780029297,168.24921930539497,164.11080888401548,165.41819241382336,8820300
2023-02-14,CRM,Salesforce,167.0696258544922,169.85148499266953,164.99550842333875,165.35921131434048,8393100
2023-02-15,CRM,Salesforce,168.1902313232422,168.69155272019424,165.37886868688656,165.97849545545768,4997000
2023-02-16,CRM,Salesforce,165.25108337402344,167.472643895813,165.10364030815262,166.11612269191778,7483500
2023-02-17,CRM,Salesforce,162.36106872558594,164.26807891635184,159.972401218115,162.22345020662829,8084500
2023-02-21,CRM,Salesforce,158.8714599609375,161.7123115646438,158.70435280769544,160.95541710571726,5210800
2023-02-22,CRM,Salesforce,160.5818634033203,162.19397259153104,159.3531211867178,160.33611495999983,4343700
2023-02-23,CRM,Salesforce,161.3289031982422,162.65595054451828,158.82228154306355,162.4790038986786,4679400
2023-02-24,CRM,Salesforce,159.4415740966797,159.62834529834433,156.94477671470906,157.85895365006536,6569900
2023-02-27,CRM,Salesforce,160.36558532714844,161.96786979506737,159.46123295853994,161.053677890297,6891200
2023-02-28,CRM,Salesforce,160.82757568359375,161.65328666765384,158.7829472949988,159.7659408472488,6912600
2023-03-01,CRM,Salesforce,164.50399780273438,165.1232736195634,160.20830523584613,160.2181447721612,15841200
2023-03-02,CRM,Salesforce,183.41680908203125,190.61233087964146,182.05044830343084,189.83575737998441,37712500
2023-03-03,CRM,Salesforce,183.25950622558594,186.5427165460397,181.15590033127012,184.8716302747354,12087200
2023-03-06,CRM,Salesforce,180.67425537109375,185.78581990295643,180.50714823247202,181.92266164114355,10770300
2023-03-07,CRM,Salesforce,180.20240783691406,182.99410627619454,179.91733127134435,181.32302002728963,9024300
2023-03-08,CRM,Salesforce,179.8386993408203,181.75553410846263,178.7082625545757,180.18275314496117,6749100
2023-03-09,CRM,Salesforce,175.68064880371094,180.71357213582613,175.50370212444096,179.98616634131255,7102400
2023-03-10,CRM,Salesforce,170.2348175048828,176.3097255047342,168.78983077116888,175.46435044324326,14109000
2023-03-13,CRM,Salesforce,172.5252227783203,174.08819419603404,167.1089327689091,168.09192649107916,9154800
2023-03-14,CRM,Salesforce,179.77972412109375,182.1585671668506,176.0640089918469,176.93887281858926,10138100
2023-03-15,CRM,Salesforce,179.79937744140625,180.7332184366791,175.17931014956184,176.11315114483466,7716900
2023-03-16,CRM,Salesforce,184.11473083496094,184.4587696450069,179.8681906708169,180.18275586784716,8369500
2023-03-17,CRM,Salesforce,181.70639038085938,184.46860026180016,181.04777140633718,182.87614027760415,10493300
2023-03-20,CRM,Salesforce,182.09959411621094,182.36500663132446,179.54380433942353,181.07728720507265,5513200
2023-03-21,CRM,Salesforce,185.4712677001953,186.06106999490984,181.74572770315825,182.7090574518496,6982000
2023-03-22,CRM,Salesforce,183.33816528320312,188.18433243872587,183.2398749043644,186.76881898965394,6575600
2023-03-23,CRM,Salesforce,184.25234985351562,187.3192855363243,182.4239808889272,184.21302170413418,8685000
2023-03-24,CRM,Salesforce,186.8278045654297,187.0833925602802,182.92531786799944,183.3283489373441,6102700
2023-03-27,CRM,Salesforce,188.00735473632812,188.8429053147111,185.69732872429748,185.70715326077183,7776500
2023-03-28,CRM,Salesforce,189.0297088623047,189.55069437118635,187.92874561771947,187.92874561771947,4899000
2023-03-29,CRM,Salesforce,193.29588317871094,194.0724416125101,189.59983221653718,189.85540518224332,8085200
2023-03-30,CRM,Salesforce,193.25656127929688,194.79985353962857,192.16543770699386,194.406662071839,6932500
2023-03-31,CRM,Salesforce,196.38247680664062,196.59873661686262,193.63993103052442,194.13142787206658,6634300
2023-04-03,CRM,Salesforce,193.14845275878906,195.54694497670587,192.2047721326111,194.84902779422063,5340800
2023-04-04,CRM,Salesforce,193.84632873535156,195.32081908830702,193.27619066562713,194.78016962569836,4659100
2023-04-05,CRM,Salesforce,191.98851013183594,194.91782735615172,190.43537818087802,194.63276576356134,3953700
2023-04-06,CRM,Salesforce,189.2754364013672,190.7695909972757,186.37560804036139,190.70077423989954,6304700
2023-04-10,CRM,Salesforce,188.2334747314453,189.27544568521435,186.06105198875605,187.34877137499112,5263800
2023-04-11,CRM,Salesforce,185.67770385742188,187.2210113694248,184.12457180687016,185.84481100852423,4907700
2023-04-12,CRM,Salesforce,187.08338928222656,188.62668176564068,186.30681577204314,187.06372520620673,5033400
2023-04-13,CRM,Salesforce,190.72044372558594,191.0743220609936,187.21114898285185,187.21114898285185,4716400
2023-04-14,CRM,Salesforce,191.33975219726562,191.85091321321258,187.93860178175944,188.58738134054255,5073800
2023-04-17,CRM,Salesforce,193.72842407226562,194.16094375345912,191.7132837390479,191.84107773557201,5413500
2023-04-18,CRM,Salesforce,195.12423706054688,196.71668195366033,193.70872382253822,195.69437517026105,4679000
2023-04-19,CRM,Salesforce,195.537109375,195.68456743287229,192.4013570020184,192.96167062320416,3665100
2023-04-20,CRM,Salesforce,194.15109252929688,196.67739369725166,193.47283943293672,193.8267027879275,3620000
2023-04-21,CRM,Salesforce,195.6452178955078,195.73368372098338,193.12875664225507,193.67923066649257,4860100
2023-04-24,CRM,Salesforce,191.60513305664062,195.38966485770092,190.7597578620832,195.0750996693569,4449700
2023-04-25,CRM,Salesforce,187.42742919921875,190.81875486641277,187.38811604624718,190.67131179365032,5010000
2023-04-26,CRM,Salesforce,188.26295471191406,191.06447771400641,187.3291137112166,189.34423876561357,4007600
2023-04-27,CRM,Salesforce,192.6077880859375,194.15108039617064,189.98319670538035,190.86788503615927,4794400
2023-04-28,CRM,Salesforce,194.9964599609375,195.27169700333405,191.9491884203202,192.81421269672632,4094600
2023-05-01,CRM,Salesforce,194.4263153076172,195.66489695632418,193.76771133536042,194.39682669686638,2882900
2023-05-02,CRM,Salesforce,190.54348754882812,195.03577577691098,189.64895971795534,194.65240884929304,6051000
2023-05-03,CRM,Salesforce,189.33441162109375,192.46032429603548,189.2852589376722,190.90720749482477,3779900
2023-05-04,CRM,Salesforce,189.10833740234375,191.2512565207698,187.51587737011695,188.63648961538343,4386500
2023-05-05,CRM,Salesforce,194.22970581054688,194.74086669283972,189.96351709881756,190.6516096330816,4284400
2023-05-08,CRM,Salesforce,194.534423828125,197.09021314038534,192.74538330897613,195.34048576481803,4169400
2023-05-09,CRM,Salesforce,197.75868225097656,200.33413616438844,193.43351560141122,193.43351560141122,6996800
2023-05-10,CRM,Salesforce,201.3662567138672,202.771930444259,199.58702559460463,201.45472254320103,6535600
2023-05-11,CRM,Salesforce,200.00975036621094,200.33414012122964,195.17342265367716,199.4592762362259,5366300
2023-05-12,CRM,Salesforce,198.37796020507812,200.49140570235363,196.7265379553742,199.97040523147746,4733600
2023-05-15,CRM,Salesforce,199.8721160888672,201.9069053018647,199.0365654221275,200.28497165383342,4518200
2023-05-16,CRM,Salesforce,201.08119201660156,202.17231564063619,198.31898207629337,198.49591374539932,4423200
2023-05-17,CRM,Salesforce,205.81924438476562,205.92737430155063,201.31713103026402,202.9882174720637,5772200
2023-05-18,CRM,Salesforce,209.69223022460938,210.24270431494344,205.770079832038,205.9371869666541,5165500
2023-05-19,CRM,Salesforce,206.78256225585938,209.61358900642713,206.35986715107325,209.3383519611546,6091600
2023-05-22,CRM,Salesforce,206.68426513671875,209.20074179288144,205.4850115347278,205.61280552488415,3890800
2023-05-23,CRM,Salesforce,203.12583923339844,206.07482064793635,202.95873208649004,204.20713841844704,4256800
2023-05-24,CRM,Salesforce,205.504638671875,206.63509030625607,201.92654258428706,202.53599381371336,4894000
2023-05-25,CRM,Salesforce,206.34022521972656,208.71906833582355,204.89522318237056,208.41434266795704,6496700
2023-05-26,CRM,Salesforce,211.7761688232422,212.47408596281602,208.93531758064293,209.18106600993107,6933300
2023-05-30,CRM,Salesforce,215.1478271484375,218.36222075962846,212.06122751851305,215.5410336295291,10421000
2023-05-31,CRM,Salesforce,219.58111572265625,221.17356055890693,213.36858895529699,215.81624842522737,19624000
2023-06-01,CRM,Salesforce,209.27938842773438,211.69755994189873,202.55571397268625,204.6789843266897,20907400
2023-06-02,CRM,Salesforce,209.40713500976562,212.46424584591153,206.85134553286107,209.2793410361326,11026900
2023-06-05,CRM,Salesforce,206.29104614257812,208.70921709962326,203.5386609473546,206.8906728636829,7804400
2023-06-06,CRM,Salesforce,209.23020935058594,209.77084387143793,204.82638689494317,205.00333355576026,6796000
2023-06-07,CRM,Salesforce,202.23130798339844,212.97543789532645,201.29746688383563,211.2257101510903,9323900
2023-06-08,CRM,Salesforce,205.96670532226562,206.8022561153019,201.36630118930745,201.88728674284428,5548600
2023-06-09,CRM,Salesforce,211.6483612060547,214.94139594609925,207.10693532513798,207.10693532513798,7676700
2023-06-12,CRM,Salesforce,210.05593872070312,216.6419939048934,208.53229539468362,212.474094967779,11568300
2023-06-13,CRM,Salesforce,205.426025390625,212.55272992948326,204.3840544372445,211.83514870675225,11698900
2023-06-14,CRM,Salesforce,205.8388671875,208.10959515014616,201.53336513983675,204.16778095900008,8963400
2023-06-15,CRM,Salesforce,208.3160400390625,209.70206486856932,203.84341534060337,204.41355353286778,7905400
2023-06-16,CRM,Salesforce,208.1587371826172,210.0165946459278,207.01847590831952,209.90846474068567,13672700
2023-06-20,CRM,Salesforce,213.2801513671875,213.35879266571263,205.06232316248622,205.1016363121018,9522900
2023-06-21,CRM,Salesforce,206.02566528320312,214.09605091590834,204.5315255187267,212.8378200619835,7971600
2023-06-22,CRM,Salesforce,209.66273498535156,210.32135401182998,205.53416414369343,206.0649891800649,5689800
2023-06-23,CRM,Salesforce,206.5171356201172,207.41166345570434,204.53149921496112,206.9201666228709,14037600
2023-06-26,CRM,Salesforce,203.83358764648438,208.14892967351005,203.82376310858348,205.4653608957036,4771500
2023-06-27,CRM,Salesforce,205.2687530517578,206.9005112055677,203.99085823307078,204.60030953150724,4014800
2023-06-28,CRM,Salesforce,208.561767578125,208.59125618862288,204.0694942538585,204.86571673588804,4775900
2023-06-29,CRM,Salesforce,206.85134887695312,209.03359600423622,206.15343177727286,208.29635075851334,3838300
2023-06-30,CRM,Salesforce,207.66725158691406,210.2132167665321,207.3723654650959,208.25705382913853,5984200
2023-07-03,CRM,Salesforce,208.05062866210938,208.35536933496454,206.35005361331773,206.98900857334908,2400000
2023-07-05,CRM,Salesforce,210.18373107910156,210.9701140806181,206.51715358767106,206.91036008772363,5069300
2023-07-06,CRM,Salesforce,206.56629943847656,208.88616521447733,204.29558634826736,207.6082703803653,4250900
2023-07-07,CRM,Salesforce,206.02566528320312,208.50281383905917,205.72093960754407,206.20261196541173,3022200
2023-07-10,CRM,Salesforce,209.1908721923828,209.24984941035012,204.7772403891797,205.4456688585327,3820100
2023-07-11,CRM,Salesforce,217.40872192382812,218.56866232731335,213.54556375642179,218.28358574540601,10028100
2023-07-12,CRM,Salesforce,223.414794921875,224.211017376171,217.84122274251035,218.12628430049193,8923500
2023-07-13,CRM,Salesforce,226.4522705078125,227.03224823288946,223.72938855824,224.37815304844491,5800300
2023-07-14,CRM,Salesforce,225.42994689941406,228.2511340171196,224.27000653440663,225.7936497684441,4278700
2023-07-17,CRM,Salesforce,224.12254333496094,226.36376756836717,223.93577214896172,225.34146081249273,3557900
2023-07-18,CRM,Salesforce,223.75885009765625,225.7149978681514,221.6355802067245,223.18871197883425,5092700
2023-07-19,CRM,Salesforce,230.3842315673828,234.16876335970838,227.29763191052618,230.00086461953194,8516300
2023-07-20,CRM,Salesforce,224.27984619140625,229.52902894956588,223.45413508323824,227.16985006928775,5303000
2023-07-21,CRM,Salesforce,224.18153381347656,226.8847664039648,223.4246244883378,226.08854393174423,3529700
2023-07-24,CRM,Salesforce,221.82237243652344,223.71954316762006,219.73841549440925,223.39515343135756,5363200
2023-07-25,CRM,Salesforce,222.18606567382812,223.65073169226125,221.36035456245224,222.038622617973,3203700
2023-07-26,CRM,Salesforce,221.74371337890625,223.64088395807107,219.32554235646566,220.64276527076055,4856700
2023-07-27,CRM,Salesforce,221.32101440429688,226.22615811990295,220.20040224272927,224.16186545419237,4299600
2023-07-28,CRM,Salesforce,221.7633819580078,223.4442927644704,220.1709219843198,222.15657343339385,4238700
2023-07-31,CRM,Salesforce,221.18344116210938,221.54715908674447,217.9788866054466,218.5686889161605,5571900
2023-08-01,CRM,Salesforce,220.45599365234375,220.9868036322436,217.86089097432597,220.08245125952607,4212600
2023-08-02,CRM,Salesforce,216.75009155273438,219.0601325417888,215.07900541136993,218.20491789940897,5127000
2023-08-03,CRM,Salesforce,211.89410400390625,214.499046117093,210.95043852084328,212.52321932571238,5515200
2023-08-04,CRM,Salesforce,210.94061279296875,213.5553796138479,209.44647318043218,212.72966851229452,4800400
2023-08-07,CRM,Salesforce,212.38563537597656,213.2015220197037,210.72437347483412,211.6483900351828,3615200
2023-08-08,CRM,Salesforce,207.98179626464844,210.54741026642068,207.54927666292554,209.91829493644894,4843800
2023-08-09,CRM,Salesforce,202.3590850830078,208.06045158234002,201.42524406140106,208.05061204572402,7847500
2023-08-10,CRM,Salesforce,204.70846557617188,206.7629190858449,202.9292491395988,204.63964880824912,4004700
2023-08-11,CRM,Salesforce,205.1508026123047,205.937200650447,202.00522545903038,202.6245163514529,2930800
2023-08-14,CRM,Salesforce,208.45364379882812,208.49297194684317,203.59765247023392,204.36438636429682,3304700
2023-08-15,CRM,Salesforce,205.22943115234375,208.758375067336,204.3054146399404,206.75307444411771,4076400
2023-08-16,CRM,Salesforce,203.46986389160156,206.12394378428857,203.43053574544126,204.46268209240094,2759600
2023-08-17,CRM,Salesforce,200.37342834472656,203.41087521933045,199.9310841881142,203.05701189347513,4062700
2023-08-18,CRM,Salesforce,201.34661865234375,202.005222687956,196.79535263093808,197.55226204470523,4267200
2023-08-21,CRM,Salesforce,205.47515869140625,205.85852560976983,200.7469616984911,202.49668917197545,4023300
2023-08-22,CRM,Salesforce,203.2437744140625,206.53680934769494,202.49670459297977,206.2812363824204,3153200
2023-08-23,CRM,Salesforce,205.57347106933594,207.4018398960632,203.61730826569607,204.46268342212466,3833200
2023-08-24,CRM,Salesforce,202.0150146484375,208.38482414342812,201.94621289426013,207.4214795906058,3960300
2023-08-25,CRM,Salesforce,205.90771484375,207.20525887497448,201.98556413709204,202.0150527514861,3068800
2023-08-28,CRM,Salesforce,208.11944580078125,209.84950946629806,206.0748169237369,206.87103949138552,4086900
2023-08-29,CRM,Salesforce,208.35536193847656,208.84685881368603,203.00787353631074,203.2339578991047,5850400
2023-08-30,CRM,Salesforce,211.38296508789062,211.92361463921972,205.86836966292202,208.16858639045898,9946000
2023-08-31,CRM,Salesforce,217.6938018798828,224.89913284831667,217.43821390603284,224.12257438762794,19268400
2023-09-01,CRM,Salesforce,217.7625732421875,220.16108005068165,216.76975509574683,219.69907185399833,5600900
2023-09-05,CRM,Salesforce,214.97088623046875,216.5731706984662,213.90925127614767,215.6000015738487,5807300
2023-09-06,CRM,Salesforce,217.85105895996094,218.4310366423328,215.29528433993903,215.73762850501075,5066700
2023-09-07,CRM,Salesforce,218.74562072753906,218.94221649811757,215.58037932354878,216.03256309524562,4201900
2023-09-08,CRM,Salesforce,220.93765258789062,221.63558469554908,219.06997060853462,219.52215429789393,4578900
2023-09-11,CRM,Salesforce,221.4783172607422,222.97247194602747,219.00116883500763,222.16640987919786,4418000
2023-09-12,CRM,Salesforce,217.89039611816406,220.96715632639638,217.4971896223892,219.6499483139624,4002300
2023-09-13,CRM,Salesforce,215.07904052734375,218.08699907276787,214.587543640855,217.41855550750995,4173600
2023-09-14,CRM,Salesforce,215.0593719482422,216.81893916462755,214.6268522973029,215.68848734980088,4297200
2023-09-15,CRM,Salesforce,210.96029663085938,215.46240996249028,209.82985977872735,215.1478447518792,9939000
2023-09-18,CRM,Salesforce,211.34365844726562,212.7001946361432,210.53759636422402,210.9111387928818,4279400
2023-09-19,CRM,Salesforce,212.03173828125,212.3856166135407,208.6502375503152,210.7440189329763,4001500
2023-09-20,CRM,Salesforce,209.40713500976562,213.48655263709776,209.29900510883598,211.54022941965695,2990900
2023-09-21,CRM,Salesforce,205.0623321533203,208.28655053774463,204.53152211412015,206.23209714631653,4957300
2023-09-22,CRM,Salesforce,202.91937255859375,206.15343007608104,202.37873804895935,205.75039907858144,3848300
2023-09-25,CRM,Salesforce,202.83091735839844,203.01768856211436,200.40292170867872,201.5137093943827,4067300
2023-09-26,CRM,Salesforce,199.04641723632812,202.92923969330405,197.85698815492444,201.9757345204162,5404500
2023-09-27,CRM,Salesforce,199.28228759765625,200.46187691347362,197.522735659795,199.53787553226616,4123800
2023-09-28,CRM,Salesforce,199.7443084716797,201.66114310651355,196.15638761671616,197.34580154428028,4344000
2023-09-29,CRM,Salesforce,199.3314666748047,204.2562598451964,198.6630381403952,201.5923552457845,4405100
2023-10-02,CRM,Salesforce,200.2456512451172,201.62183641178146,197.1098989732607,197.38513600659357,3745700
2023-10-03,CRM,Salesforce,196.431640625,200.10804260787063,194.0626221146532,199.30198054239065,4622400
2023-10-04,CRM,Salesforce,198.4369354248047,199.29215015196783,196.11706966938632,197.463781251517,3656400
2023-10-05,CRM,Salesforce,198.5745391845703,198.71215769376056,195.11441238227493,198.56471464794691,3592600
2023-10-06,CRM,Salesforce,203.83358764648438,204.7281155721847,196.49062302429232,197.07058574562987,4989200
2023-10-09,CRM,Salesforce,203.69595336914062,204.73792427925923,201.20898053671237,201.4055762745906,2781100
2023-10-10,CRM,Salesforce,203.36172485351562,205.6619263238989,202.7522586097523,204.1087946047799,4503500
2023-10-11,CRM,Salesforce,203.33226013183594,205.64228641004763,200.9337530179901,203.705787551703,3971000
2023-10-12,CRM,Salesforce,202.18214416503906,205.0328349954091,199.81314066373957,204.2955896943418,3548500
2023-10-13,CRM,Salesforce,201.11070251464844,203.61733976149867,199.75418123932704,201.62186350207287,3677500
2023-10-16,CRM,Salesforce,204.98365783691406,205.92733830930865,201.55300471243555,202.33940260621569,3623200
2023-10-17,CRM,Salesforce,206.2714080810547,208.3357009876056,202.49671562267625,202.97838796735,4006100
2023-10-18,CRM,Salesforce,201.34661865234375,206.06499181717686,200.71750323031898,205.32774647889966,3380800
2023-10-19,CRM,Salesforce,204.77725219726562,207.3625153960934,202.03469140930056,202.93904380196312,4995900
2023-10-20,CRM,Salesforce,200.26527404785156,204.5707906462049,198.68265381415526,203.83354547521515,5539100
2023-10-23,CRM,Salesforce,198.56472778320312,200.1080350948424,194.4853099200478,196.5004350095019,4564100
2023-10-24,CRM,Salesforce,200.74700927734375,201.15986490271715,197.51295104630788,200.26533688142672,3959600
2023-10-25,CRM,Salesforce,193.70875549316406,200.2751618654433,192.10647080216023,199.74433681475594,4490000
2023-10-26,CRM,Salesforce,192.9125213623047,196.2645336135771,190.38622025231933,194.06262223751753,5149100
2023-10-27,CRM,Salesforce,193.2270965576172,194.9374961531788,192.08682016104618,193.94467782472873,3168600
2023-10-30,CRM,Salesforce,195.88116455078125,197.1688839357077,193.72840588467932,195.61575204418534,3438300
2023-10-31,CRM,Salesforce,197.41461181640625,198.47624673297628,195.28151744674614,197.0115808296978,3425400
2023-11-01,CRM,Salesforce,200.44224548339844,201.0123836194054,197.08040888773812,197.5030889717316,3593600
2023-11-02,CRM,Salesforce,204.57083129882812,204.71827436260963,202.4475611846083,202.80143953697828,4963600
2023-11-03,CRM,Salesforce,203.9416961669922,206.6056005902575,203.6762836785648,205.82904219730182,3861900
2023-11-06,CRM,Salesforce,203.892578125,204.93454918341186,201.2090091727681,204.66915164918692,3729700
2023-11-07,CRM,Salesforce,208.23741149902344,209.71190225925892,205.4063994388924,205.93720951288708,5467100
2023-11-08,CRM,Salesforce,207.8737030029297,208.90584950727228,206.08464706216316,208.8075441261748,3433500
2023-11-09,CRM,Salesforce,206.43850708007812,209.94780188296272,205.51450557667545,209.9379773454446,4731400
2023-11-10,CRM,Salesforce,209.99696350097656,210.6260789126547,205.28841495167936,205.8388890619859,4112600
2023-11-13,CRM,Salesforce,211.618896484375,212.4642717220675,208.1587542325064,208.9549917813949,3306600
2023-11-14,CRM,Salesforce,217.4185333251953,217.48735008194407,214.24346796221917,215.27561431839888,4743800
2023-11-15,CRM,Salesforce,215.6884765625,217.60531128393703,213.95841304456337,216.99585998770925,4800700
2023-11-16,CRM,Salesforce,217.68394470214844,218.98150354311252,215.21663599608206,216.25860688390856,3712300
2023-11-17,CRM,Salesforce,217.45787048339844,219.00116281383995,216.63215936395355,217.40871779786855,3634900
2023-11-20,CRM,Salesforce,221.30136108398438,222.25486610658882,216.86805020587906,217.66427264759582,4599300
2023-11-21,CRM,Salesforce,220.50515747070312,222.1270911016348,219.73840857322782,220.19059228206774,3852300
2023-11-22,CRM,Salesforce,220.03330993652344,221.85185431205517,219.41403409454972,220.4854936458746,3893600
2023-11-24,CRM,Salesforce,220.5641326904297,220.67226259812927,218.342557313928,220.54446861649515,1869100
2023-11-27,CRM,Salesforce,220.96714782714844,222.3728366216224,220.43633782738706,221.66507995574483,4885500
2023-11-28,CRM,Salesforce,221.09494018554688,221.69456693975624,218.45068474484142,219.80722084436607,5535300
2023-11-29,CRM,Salesforce,226.43260192871094,227.56303866968534,223.39514003469367,224.72218751261437,12327400
2023-11-30,CRM,Salesforce,247.61611938476562,248.20592163391044,239.5064209551428,244.8145961995634,24425700
2023-12-01,CRM,Salesforce,255.57838439941406,258.9500458862525,245.45354540219367,245.74844653789813,14538200
2023-12-04,CRM,Salesforce,246.39718627929688,250.7813294585267,245.60096384087532,248.50079204226327,11429200
2023-12-05,CRM,Salesforce,246.75108337402344,247.39002328086025,244.41155356255862,245.73860106050407,5771500
2023-12-06,CRM,Salesforce,244.89324951171875,249.66076042886365,244.6180124484289,247.24260408720372,5374800
2023-12-07,CRM,Salesforce,244.61798095703125,246.46599885845532,242.69130676274182,244.51967559024257,6568200
2023-12-08,CRM,Salesforce,246.54466247558594,247.80289328808448,243.78245241065872,244.3231019783638,4605800
2023-12-11,CRM,Salesforce,247.81272888183594,249.2085781985117,245.46337443346079,245.74843601955402,4766000
2023-12-12,CRM,Salesforce,252.08876037597656,252.2165243652648,246.7510964886671,247.51783041734004,5827600
2023-12-13,CRM,Salesforce,252.94395446777344,254.7133311869866,250.8206844055648,253.13072567685114,6567600
2023-12-14,CRM,Salesforce,252.83583068847656,254.36929863957647,248.91369496723144,252.1379134796198,6613200
2023-12-15,CRM,Salesforce,257.1512145996094,257.8491318808362,250.18177633098009,250.67327328931322,13739500
2023-12-18,CRM,Salesforce,259.1073303222656,261.07331790845706,255.26382099143063,255.40145452178717,7498500
2023-12-19,CRM,Salesforce,259.8445739746094,262.0464704572531,259.25477170287564,260.9553617533469,4665500
2023-12-20,CRM,Salesforce,255.8240966796875,260.4146902114153,255.6569745602886,257.2101213220475,4510500
2023-12-21,CRM,Salesforce,262.70501708984375,263.7961254930307,259.7461970078265,260.24753330041585,5160700
2023-12-22,CRM,Salesforce,261.8105163574219,263.58973240434227,260.78819459611685,262.71488368445796,3110600
2023-12-26,CRM,Salesforce,261.6925964355469,261.99732209712414,260.1198004411745,261.01432835046495,3218800
2023-12-27,CRM,Salesforce,262.1840515136719,262.4691280543633,260.88649277526656,261.4173177134476,3387000
2023-12-28,CRM,Salesforce,261.0634765625,262.3807146348824,260.7882395022835,261.9678440452627,2958700
2023-12-29,CRM,Salesforce,258.6649475097656,261.132241020082,258.1832602519307,260.5031407221399,3706600
2024-01-02,CRM,Salesforce,251.77418518066406,256.12884014118475,249.45431941183702,256.10919106636396,4741400
2024-01-03,CRM,Salesforce,247.55712890625,249.8376814816022,247.4883271471333,249.18890204213545,5097100
2024-01-04,CRM,Salesforce,246.96737670898438,248.343562079402,245.5911763392712,247.54733947228212,4489800
2024-01-05,CRM,Salesforce,246.84934997558594,249.59191054078067,245.91550904809253,246.93783079974443,3676000
2024-01-08,CRM,Salesforce,256.4335632324219,257.1118312893112,247.11478710123464,247.92084913965203,6626000
2024-01-09,CRM,Salesforce,256.89556884765625,259.4415189198201,254.37910738642142,255.0868640473054,4571800
2024-01-10,CRM,Salesforce,259.6381530761719,261.92851539446934,258.28161685391075,258.79276282231206,5128300
2024-01-11,CRM,Salesforce,266.76483154296875,268.3179483688476,260.591632389359,263.44230808156914,9012600
2024-01-12,CRM,Salesforce,267.3055114746094,270.5592187309271,266.45031162154464,266.6174337760776,4847600
2024-01-16,CRM,Salesforce,264.6120910644531,266.95162099897107,263.16708904599136,265.1134274785894,5858700
2024-01-17,CRM,Salesforce,266.82379150390625,267.27596017101285,259.6381105175921,263.7273675902808,4706500
2024-01-18,CRM,Salesforce,269.7924499511719,271.0015430350454,267.5119273031344,268.35728750915246,4752400
2024-01-19,CRM,Salesforce,276.103271484375,277.2042196135628,270.84424926149256,271.8075938738252,7413600
2024-01-22,CRM,Salesforce,275.5331115722656,280.86095042187037,275.4053475949653,278.9637798530922,6735900
2024-01-23,CRM,Salesforce,272.0631103515625,276.91910082272193,271.02113960255247,276.0540617106573,6573800
2024-01-24,CRM,Salesforce,272.17132568359375,276.18192715196193,271.9845544633948,275.21861243576706,7037800
2024-01-25,CRM,Salesforce,274.28472900390625,275.09079103196245,272.15161949035985,273.8718584533987,4178000
2024-01-26,CRM,Salesforce,275.17926025390625,278.52143285211577,273.9505181223155,274.5304808085959,4877400
2024-01-29,CRM,Salesforce,282.9645690917969,283.24964568153734,276.2212463037747,276.6144378076922,5762300
2024-01-30,CRM,Salesforce,282.8367614746094,284.3702291023638,281.6473176105994,282.7384561141463,4810900
2024-01-31,CRM,Salesforce,276.3097229003906,280.7725231400151,276.04432537459553,279.2193761409742,4557300
2024-02-01,CRM,Salesforce,278.97357177734375,280.20231377777003,276.57506499262496,277.21403483171383,3218300
2024-02-02,CRM,Salesforce,280.8019104003906,283.2593940067807,278.3444267940005,280.349741816417,3629600
2024-02-05,CRM,Salesforce,283.2103576660156,284.1343743303903,276.5751488518785,281.3820034143336,5274800
2024-02-06,CRM,Salesforce,280.96905517578125,283.7312948660519,277.1157369575636,283.043187327792,4207200
2024-02-07,CRM,Salesforce,283.92791748046875,284.8715831019034,280.3498357499599,282.4632663598621,3621400
2024-02-08,CRM,Salesforce,286.98504638671875,288.12529277401666,284.0655536569576,284.38008886797627,4488400
2024-02-09,CRM,Salesforce,286.3460388183594,290.21903620699356,286.1002904053678,288.26288843912795,4376300
2024-02-12,CRM,Salesforce,282.4337463378906,286.051155816598,282.119181166198,285.87422415699064,3750000
2024-02-13,CRM,Salesforce,276.36865234375,278.6098766142783,271.71911168524304,275.64124665902125,4956600
2024-02-14,CRM,Salesforce,284.2326354980469,284.5373611592502,279.7993541050935,280.15321745413416,3850700
2024-02-15,CRM,Salesforce,286.9751281738281,287.0341053846371,283.11197087293414,286.38532606715717,3986500
2024-02-16,CRM,Salesforce,284.7929382324219,287.1029794455396,282.98423340984533,287.03416268633055,4159400
2024-02-20,CRM,Salesforce,281.51959228515625,285.90373597665393,279.317665903141,284.5766884246967,4295500
2024-02-21,CRM,Salesforce,278.7278747558594,278.74755383058744,273.6261346297864,275.30707559520204,3797200
2024-02-22,CRM,Salesforce,288.6560974121094,289.6194420489705,286.4443615610056,287.0341637876841,5264300
2024-02-23,CRM,Salesforce,287.82049560546875,292.93207399679187,286.12974552205407,292.93207399679187,4416800
2024-02-26,CRM,Salesforce,295.2814636230469,298.66293402804337,289.9831136888688,290.56307631641647,8719300
2024-02-27,CRM,Salesforce,294.4066162109375,296.6183520589328,291.5559404510165,296.451229928817,6178800
2024-02-28,CRM,Salesforce,294.6720275878906,295.76316625687684,291.56576371750543,294.48525637426764,12490800
2024-02-29,CRM,Salesforce,303.5680847167969,305.2588348751285,289.77668598291007,294.8980741374945,21737800
2024-03-01,CRM,Salesforce,311.4910888671875,313.2899543721857,301.4055625971901,301.7791050514257,9450200
2024-03-04,CRM,Salesforce,309.2891845703125,312.247975518254,308.2078853873117,309.22036780444193,9350000
2024-03-05,CRM,Salesforce,293.66937255859375,307.2346738355055,291.103773359998,306.01577122761364,9015300
2024-03-06,CRM,Salesforce,298.60400390625,300.6879758778736,297.59152153261186,299.4690432154921,8270000
2024-03-07,CRM,Salesforce,297.2769775390625,301.55297627307226,296.61835853944706,300.79608189915757,6788900
2024-03-08,CRM,Salesforce,300.0882873535156,303.6172308052674,297.06068024122914,297.06068024122914,4851600
2024-03-11,CRM,Salesforce,300.79608154296875,302.378687049804,295.1438675924064,297.4932370077015,4895500
2024-03-12,CRM,Salesforce,301.4055480957031,303.7844062432498,298.7023152000585,301.4940139360935,4832000
2024-03-13,CRM,Salesforce,299.8897399902344,302.89180517371585,298.34441670166603,300.2047160817464,5548800
2024-03-14,CRM,Salesforce,298.5511474609375,304.62412462420303,297.25189356476733,300.2047269445498,4828800
2024-03-15,CRM,Salesforce,289.7024841308594,295.33255459077964,289.1512909421491,294.2596953471194,11885100
2024-03-18,CRM,Salesforce,295.78533935546875,296.23809874523755,291.3659114872744,294.9093176714498,5240500
2024-03-19,CRM,Salesforce,296.7105407714844,297.0254868238583,291.95646240150637,293.49193329375714,3329900
2024-03-20,CRM,Salesforce,301.2677001953125,302.1929236209662,295.962459100074,297.2223333336366,4946600
2024-03-21,CRM,Salesforce,303.54144287109375,306.8978037105414,301.5335077636589,303.0985058493241,6083900
2024-03-22,CRM,Salesforce,302.9311828613281,305.3525279977719,301.82879647617136,304.456831550388,3779000
2024-03-25,CRM,Salesforce,301.248046875,302.87209916094577,297.7833999957975,298.9251657945488,4141200
2024-03-26,CRM,Salesforce,301.0216369628906,303.1378580564633,300.0964435559876,302.6457192045202,3893900
2024-03-27,CRM,Salesforce,296.6416320800781,304.43709501209514,293.9348682768941,302.6063528215272,3859900
2024-03-28,CRM,Salesforce,296.4447326660156,298.0392576381703,294.9191143377861,295.28329225886216,4892300
2024-04-01,CRM,Salesforce,297.5078125,298.7381597295702,295.27348270692505,296.94676695425017,2918100
2024-04-02,CRM,Salesforce,299.220458984375,299.67321837357684,290.25370241123204,292.82265311793276,4746100
2024-04-03,CRM,Salesforce,299.94879150390625,302.330756872199,298.3345916158032,299.21058319243747,3047400
2024-04-04,CRM,Salesforce,289.5155029296875,306.405684502354,287.5075676932328,303.4135014478534,8351000
2024-04-05,CRM,Salesforce,297.1632995605469,298.64956857740253,288.6886525004713,288.9248995865176,4918200
2024-04-08,CRM,Salesforce,296.986083984375,298.7282444812624,294.8108089130188,296.3659843051091,3142900
2024-04-09,CRM,Salesforce,297.6160888671875,300.7953171380894,294.5451467794906,298.5511648403281,2997700
2024-04-10,CRM,Salesforce,294.9093322753906,296.1889115363115,293.4624425967762,293.75774398211655,3036400
2024-04-11,CRM,Salesforce,294.44671630859375,296.3562177632399,291.74980457972873,294.7616924333919,3468600
2024-04-12,CRM,Salesforce,289.692626953125,293.1671261175306,288.885512010334,292.202523134358,3820000
2024-04-15,CRM,Salesforce,268.6094055175781,281.9759148580112,267.3889106580971,278.4915630366649,18365100
2024-04-16,CRM,Salesforce,273.0484619140625,276.1489304520369,268.15660087405143,270.45980693191154,7624300
2024-04-17,CRM,Salesforce,271.9755859375,274.58391549606677,270.51884431716474,273.3732432687617,4199400
2024-04-18,CRM,Salesforce,267.6448059082031,271.9854441401961,265.50891007853295,271.9756217888621,5918200
2024-04-19,CRM,Salesforce,266.1191711425781,268.8554620930706,264.5049712480887,268.20583517187515,4913600
2024-04-22,CRM,Salesforce,269.5050964355469,275.30250697565776,265.3219158721492,274.99738326699656,6747200
2024-04-23,CRM,Salesforce,272.3299560546875,272.349660833529,266.1585454801704,270.6271748001635,6285200
2024-04-24,CRM,Salesforce,271.84765625,274.55441988401714,269.80034184384607,273.6291964570041,3938800
2024-04-25,CRM,Salesforce,268.8456115722656,269.2786661032484,265.0462842259833,267.3298155816308,4811900
2024-04-26,CRM,Salesforce,269.9775695800781,272.5465202523701,269.160602174613,270.67639841632143,3754600
2024-04-29,CRM,Salesforce,271.40478515625,272.9304339611428,268.9244156013284,270.56817295105867,3576400
2024-04-30,CRM,Salesforce,264.711669921875,270.2925081421132,264.14077198537626,270.1941043938248,5218000
2024-05-01,CRM,Salesforce,264.465576171875,269.69208832731323,262.3592074872467,264.7903745944819,3761000
2024-05-02,CRM,Salesforce,267.8514709472656,268.7865166545648,263.7273453563129,266.17818699433394,3859900
2024-05-03,CRM,Salesforce,269.35748291015625,273.30444674286724,269.05235917642204,272.46780455388324,4041600
2024-05-06,CRM,Salesforce,271.2964782714844,272.7728948814258,269.7511550106802,271.8279966616397,3744800
2024-05-07,CRM,Salesforce,272.82208251953125,274.49536660527474,269.76099332608794,271.25708459917576,3507700
2024-05-08,CRM,Salesforce,274.5840148925781,275.53876568465574,271.3949640165895,271.3949640165895,3283300
2024-05-09,CRM,Salesforce,270.8437194824219,271.02088226691615,266.80817473267234,267.8908862564256,4709700
2024-05-10,CRM,Salesforce,272.32012939453125,275.2434354178457,270.64684525919813,271.7590838863319,2912300
2024-05-13,CRM,Salesforce,273.1567687988281,273.43236538591424,270.8634147031944,272.78276846032026,2998700
2024-05-14,CRM,Salesforce,272.4481201171875,274.4757302582134,270.7158113790301,272.6056081911616,3056800
2024-05-15,CRM,Salesforce,283.01922607421875,283.2751178575915,275.3320194282281,275.3418417798143,5828500
2024-05-16,CRM,Salesforce,280.20416259765625,285.4602018017787,280.10572882214973,284.8696592242814,3559200
2024-05-17,CRM,Salesforce,281.11956787109375,282.8223792776703,279.7908168721112,282.52710795295746,3478900
2024-05-20,CRM,Salesforce,282.5566101074219,283.1963846129268,280.62740416392415,281.50342574608976,2799300
2024-05-21,CRM,Salesforce,279.2986755371094,282.70426828279335,278.83606377390976,282.2810360418037,3492100
2024-05-22,CRM,Salesforce,279.35772705078125,282.5763045814938,278.3832716217713,278.954169555983,3309200
2024-05-23,CRM,Salesforce,274.19024658203125,282.4877003986117,273.09768271346155,282.17272432499055,5456600
2024-05-24,CRM,Salesforce,268.0090026855469,270.63700751305555,264.30810865436973,266.67036929729767,8325100
2024-05-28,CRM,Salesforce,265.5876770019531,268.93424569638154,262.9596719838622,268.8062847708236,9294100
2024-05-29,CRM,Salesforce,267.3495178222656,268.5798650105632,263.5600424747545,263.78643717099953,13397900
2024-05-30,CRM,Salesforce,214.58238220214844,221.55107032280085,208.666878460148,219.8876385584694,66763300
2024-05-31,CRM,Salesforce,230.7540740966797,230.9312368795306,212.66304456051566,215.6650946495414,36807400
2024-06-03,CRM,Salesforce,232.8998260498047,237.20113057775347,226.59061628342292,230.93127029918472,19962700
2024-06-04,CRM,Salesforce,231.16748046875,236.80738795401604,228.54929796423895,232.0139599619796,11197500
2024-06-05,CRM,Salesforce,232.81121826171875,233.19508598883147,227.90951920345958,231.93521165272378,10772100
2024-06-06,CRM,Salesforce,238.94325256347656,242.87052605110185,235.6852957315271,236.10854295857973,11693800
2024-06-07,CRM,Salesforce,238.0475616455078,240.09484599236578,236.51207585703622,238.52001072409925,6883800
2024-06-10,CRM,Salesforce,238.03770446777344,239.80940725045448,236.64986936976618,237.98848758124907,7656900
2024-06-11,CRM,Salesforce,237.2010955810547,239.9176967093025,232.5454511041335,237.36842099290354,7264400
2024-06-12,CRM,Salesforce,232.09268188476562,238.39205308178444,231.19698558395785,236.777838273868,10260100
2024-06-13,CRM,Salesforce,225.42913818359375,231.9450522647236,225.06496021195568,231.81710636648936,13566700
2024-06-14,CRM,Salesforce,228.29339599609375,231.5513531205059,225.5964694094848,225.74412009124475,8833700
2024-06-17,CRM,Salesforce,226.8563232421875,228.19494153353895,224.1889390487084,226.65947070323,10563700
2024-06-18,CRM,Salesforce,228.1654510498047,228.63790022296104,225.62601233839573,226.85635967809648,7119800
2024-06-20,CRM,Salesforce,237.99835205078125,239.93738033096292,229.18906959562258,229.18906959562258,14809600
2024-06-21,CRM,Salesforce,241.20709228515625,241.51221597106513,236.41366466187048,236.78769499628052,15719600
2024-06-24,CRM,Salesforce,236.16761779785156,240.56734076653305,236.03965687777358,239.3665206487026,7545700
2024-06-25,CRM,Salesforce,237.958984375,239.27792797957395,236.09870002089278,237.97867413536616,6037800
2024-06-26,CRM,Salesforce,239.32713317871094,239.7799075601064,236.1282304340868,237.67355373824785,4524700
2024-06-27,CRM,Salesforce,248.87464904785156,254.5342464276487,240.6067064729894,241.14806226961704,12869000
2024-06-28,CRM,Salesforce,253.05783081054688,256.0893932469528,249.1994485809826,249.51442468906436,12619300
2024-07-01,CRM,Salesforce,252.1818084716797,255.40041612411747,250.52822896530833,254.09130981990901,5871700
2024-07-02,CRM,Salesforce,252.16212463378906,253.67792081217627,250.06560817486445,251.0400485752562,5130600
2024-07-03,CRM,Salesforce,256.8472900390625,257.1130342170966,252.900326662361,252.93970618280895,4755700
2024-07-05,CRM,Salesforce,259.0520324707031,261.6308350615114,257.21143810418437,258.5894207819709,6562100
2024-07-08,CRM,Salesforce,253.32354736328125,258.70754759485084,253.14638458598253,257.2705105604752,6539300
2024-07-09,CRM,Salesforce,248.84799194335938,253.3531505172018,247.5270102550866,252.45605987604384,7014900
2024-07-10,CRM,Salesforce,249.00570678710938,251.18435317758087,242.61766316104726,247.63543169517718,8947700
2024-07-11,CRM,Salesforce,247.55657958984375,251.79556520794355,247.3594206164528,249.01558908592074,5341800
2024-07-12,CRM,Salesforce,250.3661346435547,251.66739585390764,246.14686959059088,248.0494754251509,4705500
2024-07-15,CRM,Salesforce,249.27188110351562,252.751803738458,248.5423763939424,252.38702882027437,4404300
2024-07-16,CRM,Salesforce,252.39691162109375,253.13626905818455,249.08458970123638,250.17883930982137,4780400
2024-07-17,CRM,Salesforce,247.65516662597656,251.9434457484806,246.06801207026007,250.3957169705406,5625300
2024-07-18,CRM,Salesforce,243.84010314941406,248.8677249927657,242.23322807784965,248.5621263075086,6351600
2024-07-19,CRM,Salesforce,244.11611938476562,245.4568215000729,241.6910203224209,245.12163468954668,4468900
2024-07-22,CRM,Salesforce,250.47459411621094,251.95330904248104,244.48086780999085,245.2202252731259,5647600
2024-07-23,CRM,Salesforce,252.42648315429688,253.67845090959776,250.14926466890108,252.948961203229,3905500
2024-07-24,CRM,Salesforce,246.235595703125,252.2786152057238,245.36807817730238,250.03096983633367,5204100
2024-07-25,CRM,Salesforce,252.8799285888672,260.33264855076965,248.14805340447882,251.12520332443023,7155800
2024-07-26,CRM,Salesforce,258.9820861816406,260.73682643613114,253.42213450964238,254.50653131512027,6127300
2024-07-29,CRM,Salesforce,254.92056274414062,262.30426881372927,254.8515488351001,258.9820944686865,5101400
2024-07-30,CRM,Salesforce,254.26995849609375,257.0499498334684,251.49983488547556,255.93597975316726,3944300
2024-07-31,CRM,Salesforce,255.12759399414062,258.11459683351325,251.72656783776333,252.57434992417464,4647700
2024-08-01,CRM,Salesforce,249.4690704345703,259.62290116636893,246.19618913209925,256.2120070687744,5527400
2024-08-02,CRM,Salesforce,240.50807189941406,244.48088507855928,237.69850732414474,244.27385835566136,6504500
2024-08-05,CRM,Salesforce,235.618408203125,238.38854653323227,228.9149132179638,229.02335290378483,6899300
2024-08-06,CRM,Salesforce,235.0367889404297,240.38974439158318,234.65232369030102,237.66889950550507,5673900
2024-08-07,CRM,Salesforce,236.6337890625,243.03170038494034,236.25919154936844,239.16732758965423,4035500
2024-08-08,CRM,Salesforce,245.5849609375,245.89055960404684,239.63067567613462,239.78840887250252,4474300
2024-08-09,CRM,Salesforce,248.9465789794922,249.3606173426253,244.9244726832861,245.17092516436048,2975300
2024-08-12,CRM,Salesforce,247.74386596679688,250.48441609077435,245.4863680747272,249.01556907114565,3679700
2024-08-13,CRM,Salesforce,250.98721313476562,252.15046162696464,249.40991123652165,249.40991123652165,4031600
2024-08-14,CRM,Salesforce,251.69700622558594,254.05307638619846,250.2577170652853,251.76600510081246,4145200
2024-08-15,CRM,Salesforce,259.0610046386719,259.1595916503707,252.60393142904906,254.2403795527471,5167900
2024-08-16,CRM,Salesforce,259.1792907714844,259.8595020259184,255.99511388601093,258.03574764931307,3494900
2024-08-19,CRM,Salesforce,261.6142578125,261.6241255393697,257.91747038034174,259.36661225712913,4501300
2024-08-20,CRM,Salesforce,258.1244812011719,261.7325493331972,257.32597752522304,261.19036587874956,5731300
2024-08-21,CRM,Salesforce,257.3851318359375,258.42025039689725,255.5022311071676,257.3949995630859,4648200
2024-08-22,CRM,Salesforce,254.92056274414062,259.5243079310394,253.6192865359282,257.7892729867562,5111400
2024-08-23,CRM,Salesforce,260.2538146972656,261.8311165608219,257.0006540473621,258.2723271628616,4711300
2024-08-26,CRM,Salesforce,261.515625,263.50694998429714,259.50456456541957,260.19464346572033,3818300
2024-08-27,CRM,Salesforce,260.45098876953125,260.70727888718767,255.7190831778156,255.96553565390923,5276400
2024-08-28,CRM,Salesforce,255.22613525390625,261.4170192076542,253.7079798331087,258.11455056712134,10981900
2024-08-29,CRM,Salesforce,253.3629913330078,268.09099244288285,252.64333933435327,267.1643288058043,14301700
2024-08-30,CRM,Salesforce,249.31129455566406,255.452900493121,247.4382619363977,253.78687950997428,10507700
2024-09-03,CRM,Salesforce,244.54000854492188,250.0901232578986,243.14016025102018,249.03529941373657,6190400
2024-09-04,CRM,Salesforce,244.16539001464844,245.93985085184377,241.68115988484035,242.97256845344032,4706500
2024-09-05,CRM,Salesforce,242.62753295898438,244.973765384644,241.52343066091663,242.4895201717259,4083600
2024-09-06,CRM,Salesforce,240.50807189941406,246.45250511951542,238.01397375098594,244.22457988845116,6259400
2024-09-09,CRM,Salesforce,242.2726287841797,245.82155034111585,241.2966866377209,243.0021335048457,4588800
2024-09-10,CRM,Salesforce,242.66696166992188,243.8302100984426,239.85739751818343,243.623198449018,3544800
2024-09-11,CRM,Salesforce,246.02859497070312,246.4722064370974,238.57585915776193,241.3361300097106,4822200
2024-09-12,CRM,Salesforce,249.774658203125,250.53373606425816,246.02859248715168,247.8227587453341,5219700
2024-09-13,CRM,Salesforce,250.9576416015625,253.18555159033028,248.86771431704807,248.95643360078148,4998900
2024-09-16,CRM,Salesforce,253.26441955566406,254.15164242961856,250.9576280495704,250.9576280495704,5367000
2024-09-17,CRM,Salesforce,251.56884765625,255.6895260942672,251.14494154884778,255.04875563320763,5423400
2024-09-18,CRM,Salesforce,249.23867797851562,252.88203002430376,247.78727613077635,252.76355193041852,4436700
2024-09-19,CRM,Salesforce,262.627197265625,266.13233427592775,254.78757673843398,257.4238343756841,11022800
2024-09-20,CRM,Salesforce,263.427001953125,266.9025200729128,258.01630145952277,262.64701112526376,11463200
2024-09-23,CRM,Salesforce,260.8697509765625,264.67108387828637,258.9246552402579,263.87132660855457,6034000
2024-09-24,CRM,Salesforce,267.02099609375,269.01544763072616,262.9234680135159,266.4186922794457,7154500
2024-09-25,CRM,Salesforce,270.62481689453125,273.54738669365804,265.97437144910907,267.0308512187521,7920000
2024-09-26,CRM,Salesforce,272.27374267578125,275.1173373979977,269.26228390281386,272.6390601683866,5253400
2024-09-27,CRM,Salesforce,273.1426696777344,274.3274809301418,271.582627517511,272.7674689016865,5220100
2024-09-30,CRM,Salesforce,270.2496337890625,272.25396846380625,265.7374325652287,270.48662009698745,5059700
2024-10-01,CRM,Salesforce,267.445556640625,271.22715324047437,266.2804818678742,270.6742353777532,4369900
2024-10-02,CRM,Salesforce,275.94671630859375,278.43484664393463,267.4258152941175,270.2595268200854,8512300
2024-10-03,CRM,Salesforce,277.3586120605469,277.5659487084617,274.2188222936495,275.46287231289955,3868400
2024-10-04,CRM,Salesforce,284.1121520996094,284.2503966281691,277.9115475179623,280.271316535868,6129900
2024-10-07,CRM,Salesforce,280.97235107421875,284.52684435443956,279.7973931547602,282.95691930136394,4794700
2024-10-08,CRM,Salesforce,287.8838806152344,288.93047732595613,280.50831767804493,282.3842912086727,5211200
2024-10-09,CRM,Salesforce,284.2799987792969,287.88384780696254,283.4505919221484,287.143329645178,4851000
2024-10-10,CRM,Salesforce,286.50152587890625,286.5607649156457,281.02167392644543,284.2799716059039,3965500
2024-10-11,CRM,Salesforce,284.45770263671875,286.5706320245945,282.6804410522875,285.5536550017889,3597000
2024-10-14,CRM,Salesforce,287.9529724121094,288.752729622809,284.6058158303389,286.2547162086492,3642500
2024-10-15,CRM,Salesforce,284.7045593261719,289.86842009649354,284.35897815275894,289.74994201001175,3850800
2024-10-16,CRM,Salesforce,287.182861328125,287.24213051448015,280.6367047420317,283.91470957903823,3497000
2024-10-17,CRM,Salesforce,287.4296569824219,289.6314752817607,286.43244629425226,288.2689169702626,2830000
2024-10-18,CRM,Salesforce,289.23651123046875,290.9841231747716,286.4817753421948,288.34789549831066,3087900
2024-10-21,CRM,Salesforce,287.6073913574219,289.2167889972083,284.39847929558755,285.34633411388234,2712600
2024-10-22,CRM,Salesforce,284.684814453125,288.2491911941531,284.0134184910343,286.0868755567979,3100100
2024-10-23,CRM,Salesforce,280.8341064453125,284.65517542069983,279.04699165388723,284.092404505855,3227100
2024-10-24,CRM,Salesforce,283.1346435546875,285.25745613243635,281.5746018462608,282.9371600039279,3210700
2024-10-25,CRM,Salesforce,286.7878723144531,290.6583272599078,285.1784746488326,286.33369626761163,3351200
2024-10-28,CRM,Salesforce,290.0560302734375,292.32697082442206,288.7922137552008,289.88819635582126,3867800
2024-10-29,CRM,Salesforce,295.111328125,296.7997011875263,289.1081770310534,290.28313498797434,4280700
2024-10-30,CRM,Salesforce,292.65277099609375,295.7530881578899,292.60341517143274,293.3143138107658,2826500
2024-10-31,CRM,Salesforce,287.6863708496094,292.34669979337616,285.8893728374647,288.90083151025345,4301800
2024-11-01,CRM,Salesforce,290.9940185546875,293.2353093473973,286.33368970999913,286.5607927940997,3527500
2024-11-04,CRM,Salesforce,294.242431640625,296.3849806395836,289.2167853521641,294.2226652053971,5107900
2024-11-05,CRM,Salesforce,293.72900390625,295.0323231748622,291.0137704958559,293.67964807876615,4456100
2024-11-06,CRM,Salesforce,303.0200500488281,304.6590673273468,299.23848359104016,301.1440765817209,5874900
2024-11-07,CRM,Salesforce,306.8509521484375,308.24312979162715,302.1313846651477,303.61242086448664,5722600
2024-11-08,CRM,Salesforce,317.8797912597656,318.72890433221784,305.52793804599,306.1104754139715,8485000
2024-11-11,CRM,Salesforce,337.4096984863281,340.519868669447,321.1380355969636,321.1380355969636,13954200
2024-11-12,CRM,Salesforce,336.8370056152344,344.44952351501655,334.2303974797518,335.00053512566257,7659700
2024-11-13,CRM,Salesforce,337.39984130859375,343.7880462053909,334.4871243269854,341.1320518427314,6902900
2024-11-14,CRM,Salesforce,327.4571228027344,341.62570955785907,326.6376293007872,338.1107191186139,7630600
2024-11-15,CRM,Salesforce,321.14794921875,326.08473732021633,320.0815861150458,322.7968195708523,7093000
2024-11-18,CRM,Salesforce,318.1759948730469,322.8659435949925,316.1617768797807,322.8659435949925,4250400
2024-11-19,CRM,Salesforce,319.3410339355469,320.5949972642796,312.0049748286353,314.96704737447675,5469900
2024-11-20,CRM,Salesforce,321.5823974609375,323.12267297866424,317.9390453354551,321.1775772101323,3763500
2024-11-21,CRM,Salesforce,331.5349426269531,338.60442684863386,324.44572210017697,327.1609555731015,8364200
2024-11-22,CRM,Salesforce,337.696044921875,338.47606588452095,331.5349429682248,334.6648799054847,5649400
2024-11-25,CRM,Salesforce,334.8228454589844,343.45237199594465,334.01323506864105,340.63839660632203,7117200
2024-11-26,CRM,Salesforce,338.84136962890625,339.4634097300807,334.85246667048375,337.6565586030256,4492800
2024-11-27,CRM,Salesforce,325.8378601074219,333.1146801035548,324.72214130486776,332.20629794031083,7471500
2024-11-29,CRM,Salesforce,325.818115234375,327.79283037650987,323.11276513181406,325.17633883953357,3517600
2024-12-02,CRM,Salesforce,326.82525634765625,330.27112480887905,325.9366103817732,327.80273075201154,6063400
2024-12-03,CRM,Salesforce,327.2398681640625,328.5925430318811,319.55822850828093,323.2608188976054,12632400
2024-12-04,CRM,Salesforce,363.2192077636719,364.3349265875827,352.1410551320798,362.17261119810746,24733100
2024-12-05,CRM,Salesforce,356.811279296875,360.8298317914245,352.1608336334279,356.2188587354475,10942100
2024-12-06,CRM,Salesforce,357.4136047363281,362.5083740920583,356.52498883130016,360.37567784093176,5738900
2024-12-09,CRM,Salesforce,347.1253662109375,357.12730489002985,346.3552283827188,357.12730489002985,6475000
2024-12-10,CRM,Salesforce,344.4100646972656,350.99572262221767,343.0376232519745,346.9080780708269,6033000
2024-12-11,CRM,Salesforce,350.3638610839844,355.64623043162305,347.4314077171775,349.0210390384675,7546600
2024-12-12,CRM,Salesforce,353.5036315917969,355.4487272210269,348.45824884365527,350.5119393429571,5422000
2024-12-13,CRM,Salesforce,349.8306579589844,360.18802921850653,348.0435431691391,359.39815521579186,5538000
2024-12-16,CRM,Salesforce,352.7137756347656,353.54315242491475,346.1280870104109,346.3453068934331,5482300
2024-12-17,CRM,Salesforce,346.5328674316406,352.7137351031997,344.6963667895349,352.38789025022874,6911000
2024-12-18,CRM,Salesforce,333.34649658203125,350.6844855956422,331.379392753256,350.4176057543139,8400000
2024-12-19,CRM,Salesforce,332.3580322265625,339.5739543598419,331.56722681731725,337.76504166232553,7423400
2024-12-20,CRM,Salesforce,339.6925354003906,342.4603088209358,327.32662053337225,328.90817086952484,14932300
2024-12-23,CRM,Salesforce,338.95123291015625,339.89030498535186,332.80285985682673,338.3087242005645,5330300
2024-12-24,CRM,Salesforce,340.4635925292969,340.97762359964395,336.90504351442036,339.0500674181276,1811000
2024-12-26,CRM,Salesforce,337.7848205566406,340.90843423494726,337.10276404832547,340.90843423494726,3483300
2024-12-27,CRM,Salesforce,334.5525207519531,338.3285078217774,331.4091177765759,336.43063487384995,3220400
2024-12-30,CRM,Salesforce,331.8736877441406,334.2163905568963,327.79124302284464,329.62983938821475,3411100
2024-12-31,CRM,Salesforce,330.4798583984375,333.26739065285864,328.5819859198685,332.39751986428985,3026000
2025-01-02,CRM,Salesforce,326.8522033691406,335.01709286845846,324.0350172437165,332.437133308158,4807100
2025-01-03,CRM,Salesforce,329.06634521484375,329.6001350662112,325.4781431667819,328.2755700148581,4101200
2025-01-06,CRM,Salesforce,326.72369384765625,332.7238004097699,323.5111200754526,330.1734941837178,5785300
2025-01-07,CRM,Salesforce,321.18817138671875,327.6825199726579,319.1914441157773,326.6940357495126,4643100
2025-01-08,CRM,Salesforce,323.1354675292969,325.01358140970797,319.38910409714833,323.96579060802145,3788200
2025-01-10,CRM,Salesforce,314.1896667480469,319.0529914649407,312.38072401229,319.0529914649407,6540000
2025-01-13,CRM,Salesforce,315.3956604003906,316.85859770758407,310.18632936887,310.97713482721866,4583000
2025-01-14,CRM,Salesforce,319.814208984375,326.14050227562586,317.79769262817615,321.2573875712512,5935200
2025-01-15,CRM,Salesforce,317.4615783691406,327.71215434386943,317.0859495594818,326.0811615032152,6042700
2025-01-16,CRM,Salesforce,316.3149108886719,323.9460093205067,315.8700809787784,319.2210565457528,5047700
2025-01-17,CRM,Salesforce,320.8224182128906,325.7747335332278,319.3495864600512,324.93451595966076,6303600
2025-01-21,CRM,Salesforce,323.076171875,325.7253022875745,318.7367419292115,325.60668901031653,6397200
2025-01-22,CRM,Salesforce,328.7895812988281,331.369540523756,323.5110797479705,327.4353628887087,7259300
2025-01-23,CRM,Salesforce,330.8061218261719,331.5968971097563,325.804394250449,328.50293677613485,4355900
2025-01-24,CRM,Salesforce,330.0351257324219,334.75018473819256,327.96919727289,332.4272407208712,3299100
2025-01-27,CRM,Salesforce,343.1028747558594,349.083192149995,326.6940308638127,328.5325970116179,15661100
2025-01-28,CRM,Salesforce,355.80487060546875,362.8626315268501,346.4241358056883,350.684499944149,12099300
2025-01-29,CRM,Salesforce,349.9233703613281,356.03219484132165,347.4521601186634,354.6285643165268,6266700
2025-01-30,CRM,Salesforce,339.61346435546875,343.9924413546795,336.08456913962937,336.9741987305948,7591100
2025-01-31,CRM,Salesforce,337.7650451660156,345.47520944774885,336.183464497261,343.9924832269431,5778000
2025-02-03,CRM,Salesforce,335.3333740234375,337.52781017809076,327.44528932747255,332.101041513887,4549400
2025-02-04,CRM,Salesforce,340.17694091796875,342.9347899043463,334.76993155296583,341.6398781151791,4965600
2025-02-05,CRM,Salesforce,343.9233093261719,344.0320582773682,334.9676446567503,341.73876763441467,4521000
2025-02-06,CRM,Salesforce,327.0003967285156,333.5935984248076,325.3100974983242,333.5935984248076,13240600
2025-02-07,CRM,Salesforce,322.0777587890625,329.9757672060883,319.9920718323211,328.17671891673126,7626100
2025-02-10,CRM,Salesforce,323.4320373535156,327.9296283281833,322.8883529521552,324.14374717326245,5981900
2025-02-11,CRM,Salesforce,320.664306640625,322.6808230953296,317.56048156932775,320.2886777733014,5455900
2025-02-12,CRM,Salesforce,322.36444091796875,323.2343117823756,313.31981712609394,315.8700929184305,5643400
2025-02-13,CRM,Salesforce,326.051513671875,326.5457557631872,319.49785871449257,322.44355243852476,4312100
2025-02-14,CRM,Salesforce,322.7796325683594,324.71705311454707,318.90476130984075,324.2524643433234,5879700
2025-02-18,CRM,Salesforce,325.1717224121094,325.36943129936986,319.2803655986658,324.8059881202043,5262100
2025-02-19,CRM,Salesforce,320.7927551269531,325.9427490238163,319.15186784290563,325.9427490238163,5012000
2025-02-20,CRM,Salesforce,314.7629699707031,320.71366328013397,314.54550227224985,318.52909180189994,6393100
2025-02-21,CRM,Salesforce,306.2323913574219,315.2968046931363,303.32624541260617,315.2968046931363,7353200
2025-02-24,CRM,Salesforce,304.7694091796875,309.1286274550296,300.0246676455492,307.9226757087934,6652900
2025-02-25,CRM,Salesforce,302.3575439453125,304.86830219359,297.15810753732615,302.7232782630801,7360100
2025-02-26,CRM,Salesforce,303.7908020019531,310.0874709926421,302.9209613426107,309.0594390928769,12638500
2025-02-27,CRM,Salesforce,291.50396728515625,301.40859768897855,289.29966695601746,292.9273868621589,16691400
2025-02-28,CRM,Salesforce,294.4200744628906,298.5025197212841,288.78570150991413,292.5518245312941,10863100
2025-03-03,CRM,Salesforce,289.6851501464844,299.57988571626504,287.7081819313764,297.53371637375443,6298200
2025-03-04,CRM,Salesforce,284.0310363769531,288.29140071519856,278.9897611017668,286.660407876029,9096300
2025-03-05,CRM,Salesforce,288.6076965332031,289.30951177980944,282.3308166248385,283.912397177786,6612600
2025-03-06,CRM,Salesforce,282.7558898925781,294.6473534668001,281.5499379766507,284.91080834854716,10396800
2025-03-07,CRM,Salesforce,279.63226318359375,284.9898297610741,272.001165225583,279.9189018341676,8248100
2025-03-10,CRM,Salesforce,269.75732421875,275.1445750168791,267.6024359659555,273.7804620343867,10040200
2025-03-11,CRM,Salesforce,273.85955810546875,277.2204287952692,268.8677245506739,270.56791872139024,8313400
2025-03-12,CRM,Salesforce,281.3028259277344,282.63728565736193,275.87605721554604,278.60428331468285,7463900
2025-03-13,CRM,Salesforce,268.6106872558594,279.3060935557017,266.64361334808865,278.80195695978307,9494500
2025-03-14,CRM,Salesforce,276.1824645996094,276.6668423445477,269.5398499260608,271.8331403866514,6976900
2025-03-17,CRM,Salesforce,277.5169677734375,279.47417755111826,272.9007328102101,274.17588600625123,4484300
2025-03-18,CRM,Salesforce,275.5201721191406,277.2697780405489,272.76229315307387,276.7952948332896,5881700
2025-03-19,CRM,Salesforce,276.172607421875,278.970004356819,274.0967846264915,274.3043578561869,5245400
2025-03-20,CRM,Salesforce,275.81671142578125,279.62238116411214,273.8693965830181,273.8693965830181,5504700
2025-03-21,CRM,Salesforce,277.3883972167969,278.60424349287615,270.8940495827069,273.0291788117011,9804100
2025-03-24,CRM,Salesforce,282.66693115234375,283.4577366057825,279.9584941189071,280.4724950390346,6763800
2025-03-25,CRM,Salesforce,285.286376953125,287.1052142135673,282.32092470164855,282.32092470164855,4301700
2025-03-26,CRM,Salesforce,277.754150390625,285.711465861578,276.3603841255342,285.0195148932718,5070300
2025-03-27,CRM,Salesforce,274.61077880859375,277.66519120671086,272.83151940822296,277.30935139309355,3757200
2025-03-28,CRM,Salesforce,266.8610534667969,274.0176686918165,266.09003707606905,273.52342664221806,4973400
2025-03-31,CRM,Salesforce,265.26959228515625,265.3585824049523,256.205209513439,261.5034700831015,7585800
2025-04-01,CRM,Salesforce,267.08843994140625,267.7012953120197,262.7588743668874,265.76384458190455,4598200
2025-04-02,CRM,Salesforce,268.41302490234375,270.47895338961945,262.6896925798591,262.8972658283215,5396900
2025-04-03,CRM,Salesforce,252.29080200195312,259.5462870289042,251.51978558192613,257.14427781645185,8872600
2025-04-04,CRM,Salesforce,237.98745727539062,247.40771076047716,236.77162589835382,244.84754023019556,9705000
2025-04-07,CRM,Salesforce,241.39772033691406,250.03706213430823,227.3513539620959,227.3513539620959,11965200
2025-04-08,CRM,Salesforce,241.18023681640625,254.4259325770935,237.50307482137677,251.02552983555998,9340300
2025-04-09,CRM,Salesforce,262.1163635253906,265.08181606812497,238.12583314833822,238.12583314833822,12491100
2025-04-10,CRM,Salesforce,252.57830810546875,258.63733147446385,245.6579571299946,257.40969490555483,9692300
2025-04-11,CRM,Salesforce,252.45953369140625,253.85549003273687,245.21245276713196,251.73681062877398,6089000
2025-04-14,CRM,Salesforce,252.01400756835938,257.4097080425117,250.61805129527303,257.4097080425117,6038100
2025-04-15,CRM,Salesforce,252.3902130126953,254.16238831935667,251.27148108587912,251.83579451679154,5227700
2025-04-16,CRM,Salesforce,247.35093688964844,254.0534791159125,244.2323251664945,249.42011140073845,7190900
2025-04-17,CRM,Salesforce,244.796630859375,249.0537945054991,244.34122213605195,247.28163428774863,5566900
2025-04-21,CRM,Salesforce,233.90621948242188,240.0642530240193,230.45099879024664,238.03467342987338,9240000
2025-04-22,CRM,Salesforce,240.96519470214844,241.7869275314544,233.25281024252115,235.85659825109448,7145300
2025-04-23,CRM,Salesforce,247.9845428466797,255.2217283211393,247.0143105062503,250.0933271653285,5818900
2025-04-24,CRM,Salesforce,262.0628967285156,262.3401059759621,254.43959710342426,255.6276540002189,7857600
2025-04-25,CRM,Salesforce,265.1815490722656,266.34978606508713,261.56791825830936,262.08272687882055,5651700
2025-04-28,CRM,Salesforce,262.9934997558594,266.8150288954255,260.7064859974436,265.4784726152083,4977700
2025-04-29,CRM,Salesforce,265.0923767089844,265.90418427019887,262.52818392500603,262.75587314981203,3139800
2025-04-30,CRM,Salesforce,266.03289794921875,266.19130753303415,260.37979377607655,262.16184872030715,4624100
2025-05-01,CRM,Salesforce,266.646728515625,271.8642443411204,266.3200295057281,270.67618751441483,5208900
2025-05-02,CRM,Salesforce,272.3394470214844,273.5671138179322,269.53765475817636,271.7256287300308,4323400
2025-05-05,CRM,Salesforce,269.91387939453125,273.4186199672366,269.59706020087106,270.64649734302185,4219600
2025-05-06,CRM,Salesforce,270.6365966796875,272.0622528870195,265.8646395940643,267.1318861990769,4681600
2025-05-07,CRM,Salesforce,275.4580993652344,276.01251785730346,270.9831112618373,270.9831112618373,4267600
2025-05-08,CRM,Salesforce,276.9530334472656,280.2300545974685,275.6065971789169,276.4283148701089,4789900
2025-05-09,CRM,Salesforce,272.67608642578125,279.6657473458219,271.15142052418093,278.8142995568875,4324200
2025-05-12,CRM,Salesforce,285.9425354003906,286.0910349293972,280.40823138681503,282.1605862561646,5937400
2025-05-13,CRM,Salesforce,286.2890930175781,289.8235031382954,286.0514635256141,288.1008479426412,6711600
2025-05-14,CRM,Salesforce,287.84344482421875,293.1005406507739,286.37820890653796,290.57595753444326,7926200
2025-05-15,CRM,Salesforce,287.86328125,289.0612180323795,285.0812786005527,286.6851343385494,4635600
2025-05-16,CRM,Salesforce,288.2493591308594,289.2592165320184,286.83361301718327,288.1899593088549,3846000
2025-05-19,CRM,Salesforce,284.7644348144531,287.01180861947967,284.05160674645384,285.22975355625186,5781200
2025-05-20,CRM,Salesforce,285.1901550292969,285.56637405436,282.36854255486526,285.2198549410891,4032300
2025-05-21,CRM,Salesforce,279.4677429199219,284.76444880352335,278.30938592244087,281.5765273169115,5689800
2025-05-22,CRM,Salesforce,280.5964050292969,283.4972072755575,278.23020120971404,279.685557353867,6642700
2025-05-23,CRM,Salesforce,270.40887451171875,277.9430433587101,268.9436085287679,276.2203882401683,8887800
2025-05-27,CRM,Salesforce,274.428466796875,275.80460305916444,267.59721484246774,270.44852736238744,10958000
2025-05-28,CRM,Salesforce,273.2799987792969,276.032301305734,270.85439527276606,274.94325421681117,12758600
2025-05-29,CRM,Salesforce,264.2607727050781,265.12210033265166,251.9644959917955,260.9639315353864,28053100
2025-05-30,CRM,Salesforce,262.7262268066406,267.05268552249925,258.1027689485092,265.4092197703195,12388500
2025-06-02,CRM,Salesforce,259.0135803222656,261.16197477893974,256.5583069015452,260.488726383169,9213500
2025-06-03,CRM,Salesforce,261.8351745605469,262.1123838051324,258.75614274512765,259.3897811404899,7838500
2025-06-04,CRM,Salesforce,260.54815673828125,262.8549305941691,259.0135806349348,261.55798401284073,7372500
2025-06-05,CRM,Salesforce,264.4785461425781,266.07249149611295,261.0134160207683,261.08269566091644,8642900
2025-06-06,CRM,Salesforce,271.775146484375,272.1612453169144,265.5378934214904,267.2803687223913,7507000
2025-06-09,CRM,Salesforce,269.5376281738281,271.468212802637,266.97343544694496,270.1316565375799,5728300
2025-06-10,CRM,Salesforce,265.5478515625,271.0227575661623,264.18159501895803,269.3595018668703,6309700
2025-06-11,CRM,Salesforce,263.2608337402344,266.82497422095787,262.76581506828785,265.8250268352924,6568100
2025-06-12,CRM,Salesforce,264.2508544921875,266.33981865413864,260.77581396498226,262.0628805593554,8054000
2025-06-13,CRM,Salesforce,255.8256378173828,263.05292839201945,255.42962893151508,260.855044329881,7659300
2025-06-16,CRM,Salesforce,261.25103759765625,261.35004736658954,257.3700782356646,257.7958172207237,7177000
2025-06-17,CRM,Salesforce,260.1422424316406,267.8051224024752,259.4888141081017,261.22137959499383,9110100
2025-06-18,CRM,Salesforce,257.32208251953125,262.85523768410314,255.30912100353595,262.5775888633263,7628000
2025-06-20,CRM,Salesforce,258.4425964355469,260.6637869405405,257.0840993762802,258.50209044825556,12859200
2025-06-23,CRM,Salesforce,261.1992492675781,262.5180734936214,256.5783562065519,258.4525082904259,9283800
2025-06-24,CRM,Salesforce,268.8941345214844,271.0855779340558,263.21221443935144,263.47993748602585,9713900
2025-06-25,CRM,Salesforce,265.5127868652344,271.7004068858303,264.73933436265986,269.71719223702866,6074300
2025-06-26,CRM,Salesforce,268.46771240234375,268.7354657024598,262.93455777308077,266.52417084493493,6708000
2025-06-27,CRM,Salesforce,271.12530517578125,271.8690107163253,267.16877112229685,269.5783698109102,21741400
2025-06-30,CRM,Salesforce,270.4013671875,274.060400141214,268.13057824814024,272.1565010204925,8541900
2025-07-01,CRM,Salesforce,269.6279296875,271.70038519869985,268.36859938015414,269.79648597277975,6256800
2025-07-02,CRM,Salesforce,266.9505920410156,269.42961028434075,263.42047248343687,269.2412024769318,6115200
2025-07-03,CRM,Salesforce,269.86590576171875,272.42426940105884,267.05967057250007,267.43648616755416,5031800
2025-07-07,CRM,Salesforce,267.53564453125,271.70040740629304,265.95899251380695,269.23131484747046,6283500
2025-07-08,CRM,Salesforce,271.3533020019531,274.4768586040423,267.4662187562488,268.5173199587112,6661200
2025-07-09,CRM,Salesforce,268.6462707519531,273.24731302023173,267.1092612359074,272.05737212145146,6373600
2025-07-10,CRM,Salesforce,261.75457763671875,269.21145356581604,261.0009464124092,268.6264088959005,7244600
2025-07-11,CRM,Salesforce,255.90408325195312,260.7431313410721,255.10088382239738,260.3762112490156,7011200
2025-07-14,CRM,Salesforce,257.50054931640625,260.0291658223091,255.33885289253013,256.42962686008923,6533900
2025-07-15,CRM,Salesforce,255.41818237304688,259.6126919384973,255.07114404439156,258.80949248618043,5201500
2025-07-16,CRM,Salesforce,255.78512573242188,256.80648008326114,252.3839046845891,256.75688155933517,5649500
2025-07-17,CRM,Salesforce,257.69891357421875,258.01623517741075,254.49601105624748,255.82476122547868,5837400
2025-07-18,CRM,Salesforce,260.1779479980469,260.7729184755752,256.9452982705925,258.1153877108096,6381200
2025-07-21,CRM,Salesforce,260.0787353515625,262.09169675823466,259.4441224791603,261.4074853689345,6714700
2025-07-22,CRM,Salesforce,261.37774658203125,263.6584613718957,259.8010947149445,260.7927019466809,5001400
2025-07-23,CRM,Salesforce,264.9772644042969,266.2266990996521,260.296877435756,261.70497290682687,5620700
2025-07-24,CRM,Salesforce,265.4532775878906,267.0398250065708,263.4105690379603,265.7309264123049,5877100
2025-07-25,CRM,Salesforce,266.8514099121094,268.82472889809685,264.7690589166368,265.76066615693856,4015400
2025-07-28,CRM,Salesforce,267.9818420410156,268.0710830563898,264.35255610854966,267.2381366514476,4533700
2025-07-29,CRM,Salesforce,265.1459045410156,271.7004146162973,265.06655900639174,269.32056302231416,5137100
2025-07-30,CRM,Salesforce,262.5874938964844,265.522642664695,261.1199043816543,264.6302022584461,3928200
2025-07-31,CRM,Salesforce,256.161865234375,262.81557108976716,255.69580865706757,262.77589833002105,7340300
2025-08-01,CRM,Salesforce,248.63560485839844,253.84154286952358,248.03072383663869,252.84993562930927,7646900
2025-08-04,CRM,Salesforce,250.20236206054688,251.37245141582838,248.536453922831,248.89343315728962,4403500
2025-08-05,CRM,Salesforce,245.4128875732422,251.16419760827037,244.9369051917035,250.88654878440252,6761000
2025-08-06,CRM,Salesforce,247.0787811279297,248.1596294185707,244.94683155422675,247.27709955536525,5834700
2025-08-07,CRM,Salesforce,238.85836791992188,250.8865540115378,234.98117979985884,248.58603297574118,10010200
2025-08-08,CRM,Salesforce,238.491455078125,240.9109791974381,235.83395490165054,239.26490752535122,8812000
2025-08-11,CRM,Salesforce,230.7271728515625,239.8400461047398,229.62650330482788,236.9148076776565,10740100
2025-08-12,CRM,Salesforce,229.71572875976562,231.70885379491153,224.579195569484,231.04447878319624,13178000
2025-08-13,CRM,Salesforce,235.04066467285156,235.35798625481127,227.68294071182618,231.0543993011561,10209200
2025-08-14,CRM,Salesforce,231.41139221191406,235.01093157534365,230.91558855880152,235.01093157534365,7544800
2025-08-15,CRM,Salesforce,240.40525817871094,242.44796664238922,232.660808168228,234.16804025691314,12942800
2025-08-18,CRM,Salesforce,241.92242431640625,242.46781133528938,237.48002803034424,237.75767685255275,8809200
2025-08-19,CRM,Salesforce,243.9353790283203,246.4143971078764,241.40677756102795,242.94377179649786,8642200
2025-08-20,CRM,Salesforce,244.38160705566406,245.4922174796425,242.3983925287271,243.63790160806272,8195100
2025-08-21,CRM,Salesforce,243.76681518554688,244.22294605314545,238.0055794106412,242.98343697487053,5646800
2025-08-22,CRM,Salesforce,246.20616149902344,247.43575995633137,242.06125038852153,243.71723270760194,6694300
2025-08-25,CRM,Salesforce,245.78970336914062,247.277114360049,244.71876563999936,247.277114360049,4957700
2025-08-26,CRM,Salesforce,241.69435119628906,246.741628355362,240.81182136861082,244.62950011792034,8862300
2025-08-27,CRM,Salesforce,248.06048583984375,248.2687148996708,243.54866959796234,243.68749401475594,6506900
2025-08-28,CRM,Salesforce,252.39378356933594,253.50437880982565,248.1893635249137,250.36098574965544,8461200
2025-08-29,CRM,Salesforce,254.09938049316406,255.47772921919096,250.74774284716787,253.25650820313976,7363200
2025-09-02,CRM,Salesforce,250.73782348632812,252.8499518856104,246.66231686179464,252.6813804596232,9312500
2025-09-03,CRM,Salesforce,254.29769897460938,255.83467815350872,248.4472069461515,252.9193503303781,17417900
2025-09-04,CRM,Salesforce,241.9620819091797,243.16193335052378,232.65089034902573,238.045236260856,30967500
2025-09-05,CRM,Salesforce,248.65542602539062,249.0223309930399,242.30914574244525,242.77520235564717,13029400
2025-09-08,CRM,Salesforce,250.15277099609375,250.817146053316,245.22448163882999,248.69510709432694,12602200
2025-09-09,CRM,Salesforce,249.94451904296875,253.196989586861,249.10166196555122,249.21073936742002,10901900
2025-09-10,CRM,Salesforce,240.5341796875,251.85833275119066,239.70121809194185,250.62873430496745,11363600
2025-09-11,CRM,Salesforce,244.21304321289062,245.09557309952766,241.456376145385,241.654694578086,6944900
2025-09-12,CRM,Salesforce,240.72256469726562,245.5120294137481,239.22524323331209,244.03454433091446,8386400
2025-09-15,CRM,Salesforce,240.48458862304688,242.65621086833335,238.81868061582657,241.20845766123387,7244600
2025-09-16,CRM,Salesforce,237.30152893066406,240.64324052631798,235.24890978807878,240.4845948654329,8779800
2025-09-17,CRM,Salesforce,240.5954132080078,241.380140328441,237.78427642154801,238.3703397912324,10124000
2025-09-18,CRM,Salesforce,242.65162658691406,245.64155644916735,241.3304905574327,242.5324313580229,9344400
2025-09-19,CRM,Salesforce,245.44288635253906,245.5521536952295,241.72782701521152,244.38002688916262,11813900
2025-09-22,CRM,Salesforce,248.02554321289062,248.81027032255375,241.53907407684787,243.6449370886138,7523800
2025-09-23,CRM,Salesforce,242.9297637939453,249.6844381137545,242.50263744375127,248.0752418629596,7669800
2025-09-24,CRM,Salesforce,244.2509002685547,247.1812325805079,241.39009345595196,244.03236557275451,6707100
2025-09-25,CRM,Salesforce,239.34381103515625,243.0290866405082,237.89355196330317,242.87014957159818,8145500
2025-09-26,CRM,Salesforce,241.8072967529297,242.89997025375462,238.74784126476882,239.0855711988149,4974600
2025-09-29,CRM,Salesforce,243.46617126464844,244.18137296250734,241.25102551516156,243.0886994915912,6373500
2025-09-30,CRM,Salesforce,235.42015075683594,243.5754293150353,234.23808090807282,243.41649224222758,10801100
2025-10-01,CRM,Salesforce,234.118896484375,240.85369989534703,231.95342044940543,234.9135667280067,10016600
2025-10-02,CRM,Salesforce,237.28761291503906,237.80413564307892,232.04281100226157,233.86059874725305,7679200
2025-10-03,CRM,Salesforce,238.75775146484375,241.19141663780366,236.91014969115807,237.15848318140038,8849800
2025-10-06,CRM,Salesforce,244.14161682128906,248.80035546815884,233.84074861837047,237.73461588037736,13922600
2025-10-07,CRM,Salesforce,238.14187622070312,245.71107573860073,235.96647254015522,244.83693705054466,8387400
2025-10-08,CRM,Salesforce,238.8272705078125,239.71135225997946,234.07913551523035,238.14188282520314,7120200
2025-10-09,CRM,Salesforce,243.6946258544922,244.3204311088745,235.56914605901795,237.67502439238638,7929100
2025-10-10,CRM,Salesforce,240.06895446777344,247.38983637358723,239.11536231325954,244.87670255962956,7988300
2025-10-13,CRM,Salesforce,247.09182739257812,247.68783384308819,240.75435175331094,241.27088966661475,8276500
2025-10-14,CRM,Salesforce,238.1716766357422,246.62494278137268,237.95314196225053,246.45607783496052,9123900
2025-10-15,CRM,Salesforce,235.00296020507812,239.71136883497303,234.3274852014847,239.26435640804658,8389200
2025-10-16,CRM,Salesforce,244.3601531982422,255.02855018612635,241.05234930561232,251.502226767664,24869700
2025-10-17,CRM,Salesforce,241.4596405029297,249.1083095871451,240.54577500406694,244.92638176253496,10851200
2025-10-20,CRM,Salesforce,252.5849609375,253.6974901347749,242.6714921507363,243.3668228990331,9963900
2025-10-21,CRM,Salesforce,261.65411376953125,265.3493174789288,252.3068371492567,252.803504151519,13354700
2025-10-22,CRM,Salesforce,254.92926025390625,260.6508436585594,254.80012197961886,260.45219504085867,9370000
2025-10-23,CRM,Salesforce,253.34983825683594,256.83643511999617,252.42602976053433,255.8828429735078,6110100
2025-10-24,CRM,Salesforce,253.13131713867188,256.77685127408165,252.3068480604129,255.70406384102688,5490800
2025-10-27,CRM,Salesforce,253.76702880859375,256.37950198225155,253.22069209738177,255.36628193866443,4942400
2025-10-28,CRM,Salesforce,252.56509399414062,257.11456547193757,252.44589876600384,253.76703478712363,6435600
2025-10-29,CRM,Salesforce,249.78375244140625,251.8796876041973,247.37987103363267,250.32014608533427,7904200
2025-10-30,CRM,Salesforce,254.93914794921875,257.5516210443747,248.33348335480997,248.8301503215196,7767800
2025-10-31,CRM,Salesforce,258.6741027832031,260.07470731869716,250.94596570863703,253.1014986048366,6878300
2025-11-03,CRM,Salesforce,259.597900390625,259.8164350802179,253.39950601547787,258.2668364864311,7054300
2025-11-04,CRM,Salesforce,252.743896484375,257.5317734711582,251.77043344263768,256.42915700663156,6792200
2025-11-05,CRM,Salesforce,250.99563598632812,255.1179661572175,250.33010400358867,253.00217497539637,5241200
2025-11-06,CRM,Salesforce,237.67503356933594,248.8698969843938,232.91695515840684,248.8698969843938,11041800
2025-11-07,CRM,Salesforce,238.2809600830078,239.36369048401153,234.21821258355044,234.57581342279897,5741500
2025-11-10,CRM,Salesforce,240.09877014160156,240.29743391211673,233.5129608073587,238.40016231598756,6486600
2025-11-11,CRM,Salesforce,242.8701629638672,244.06216073227503,239.55243104205852,240.28748850142182,5762800
2025-11-12,CRM,Salesforce,244.38003540039062,246.77395882568126,242.05562231648304,244.10190309241432,4278200
2025-11-13,CRM,Salesforce,238.8272705078125,244.26080834007698,238.31074777515673,243.61514734572077,5542100
2025-11-14,CRM,Salesforce,242.03575134277344,243.54560801776142,235.83734210358054,236.72140870347638,5512900
2025-11-17,CRM,Salesforce,235.449951171875,241.21129126539054,234.01954782098028,240.4563629000066,5280900
2025-11-18,CRM,Salesforce,231.94346618652344,236.20486195826885,228.73500192608202,234.66520653536534,8045100
2025-11-19,CRM,Salesforce,226.36094665527344,230.73160999713977,223.5597376250506,230.45347770213408,9710700
2025-11-20,CRM,Salesforce,223.86767578125,229.52969163233666,221.8114823100099,227.72181650075206,7521100
2025-11-21,CRM,Salesforce,225.59608459472656,227.15561108785266,220.4804205745986,223.3610831021723,7479300
2025-11-24,CRM,Salesforce,225.3080291748047,227.31455297750702,223.53988067875352,225.82455195092598,8563300
2025-11-25,CRM,Salesforce,232.55934143066406,233.065951449845,225.0100124430054,225.28814473872015,10233000
2025-11-26,CRM,Salesforce,226.62913513183594,231.2680180268392,224.49347319743302,228.9734038653133,8506600
2025-11-28,CRM,Salesforce,229.00320434570312,231.0097431878008,227.10594800250274,227.47347671724094,3691500
2025-12-01,CRM,Salesforce,231.27793884277344,232.6884711929492,227.07614059733578,227.14566609018732,5634700
2025-12-02,CRM,Salesforce,233.1454315185547,235.07248676074187,230.07601791667327,231.46669462111421,7626200
2025-12-03,CRM,Salesforce,237.12867736816406,237.66507102212515,231.6057431335055,233.7910747516482,13782000
2025-12-04,CRM,Salesforce,245.8104248046875,247.31035360573722,236.016151496486,242.06555158644403,20912100
2025-12-05,CRM,Salesforce,258.8330383300781,260.1343033980639,247.83682407085763,249.15796006210823,15852400
2025-12-08,CRM,Salesforce,257.79998779296875,262.51832458554105,254.63124971135136,260.13432890054503,10805400
2025-12-09,CRM,Salesforce,259.2799987792969,260.50181036636644,257.27347525219795,258.2668091334806,8045900
2025-12-10,CRM,Salesforce,262.4388122558594,264.157260395403,257.4224581829772,259.0117983873967,8894700
2025-12-11,CRM,Salesforce,260.6011657714844,266.11415702445385,259.0316811670522,261.7434937420645,7783800
2025-12-12,CRM,Salesforce,260.48199462890625,262.7269089319525,259.1707864287312,261.76337370648054,6006600
2025-12-15,CRM,Salesforce,252.88296508789062,260.5316336613609,251.40289200910016,259.468759033079,10271800
2025-12-16,CRM,Salesforce,253.21075439453125,254.15441859162476,250.42941637382975,252.3068168853155,6145300
2025-12-17,CRM,Salesforce,256.41925048828125,260.223706328179,254.5418346981557,254.62128807905603,6269000
2025-12-18,CRM,Salesforce,256.54461669921875,258.7533789592764,254.86317005082404,257.11173830886,5654200
2025-12-19,CRM,Salesforce,258.59417724609375,260.7133987167576,254.2064997708628,259.36026809551663,20732100
2025-12-22,CRM,Salesforce,263.290283203125,263.290283203125,257.10177149732687,259.30057460108554,5664200
2025-12-23,CRM,Salesforce,262.0963439941406,262.9022408344935,259.2010726049517,261.38994696336636,4745100
2025-12-24,CRM,Salesforce,263.9170837402344,264.9517966936607,261.2207817362974,261.8973621911715,2076600
2025-12-26,CRM,Salesforce,264.73291015625,266.55366246487364,263.45939159438825,263.45939159438825,2456400
2025-12-29,CRM,Salesforce,264.8821716308594,267.74756558580185,263.36984748352836,263.36984748352836,4300100
2025-12-30,CRM,Salesforce,264.5737609863281,266.9217986247408,263.98672121364575,265.3100049300543,3291800
2025-12-31,CRM,Salesforce,263.56884765625,264.75282548967914,263.0514911833619,263.9469286938932,3367900
2026-01-02,CRM,Salesforce,252.3360137939453,264.0364871145308,251.20178578649464,263.6584060515341,9680600
2026-01-05,CRM,Salesforce,254.962646484375,258.27577438911044,251.03263193832322,252.33599739410624,6421500
2026-01-06,CRM,Salesforce,261.56903076171875,262.2157339851939,253.70903154338274,253.90801598279512,6103300
2026-01-07,CRM,Salesforce,264.772705078125,266.4740393315776,262.16597425294316,262.16597425294316,5976200
2026-01-08,CRM,Salesforce,259.2110290527344,263.8573998812952,259.09164142768844,263.0614317758581,5243500
2026-01-09,CRM,Salesforce,258.6240234375,259.7085015316362,255.2113955316752,258.68371725089617,5174400
2026-01-12,CRM,Salesforce,258.08673095703125,260.23579918033846,254.47511886175104,257.68876210747294,4927700
2026-01-13,CRM,Salesforce,239.839599609375,259.5891124457121,239.1431464877683,256.35556599825145,13661000
2026-01-14,CRM,Salesforce,238.35714721679688,241.01362810825754,235.26289146414467,237.9691070776633,10149300
2026-01-15,CRM,Salesforce,232.34771728515625,237.63083216537777,230.49713321363143,235.82005408936993,11489600
2026-01-16,CRM,Salesforce,225.96022033691406,231.77065077031696,225.29361413959407,231.77065077031696,13902600
2026-01-20,CRM,Salesforce,218.95587158203125,226.7860237285318,218.24945937823261,222.40829024601106,13050800
2026-01-21,CRM,Salesforce,220.45822143554688,222.2590556230766,217.85149041771174,219.0354531203157,12616600
2026-01-22,CRM,Salesforce,226.9352569580078,227.56207234781587,219.99059849237156,221.1148825581443,9483000
2026-01-23,CRM,Salesforce,226.8954620361328,229.68128960740884,225.50254065972533,225.631887371227,9408000
2026-01-26,CRM,Salesforce,228.23863220214844,229.7807881997724,226.43779794733553,228.2684791094572,7239600
2026-01-27,CRM,Salesforce,227.37301635742188,234.5465208568135,225.12446356034792,230.76575614031773,9838400
2026-01-28,CRM,Salesforce,226.80592346191406,230.68617302822608,226.5173831306909,228.22867657571544,8465900
2026-01-29,CRM,Salesforce,212.99618530273438,216.1799817205514,207.7230144205324,215.57306934234734,18555600
2026-01-30,CRM,Salesforce,211.21524047851562,214.4587459115801,209.96162489992233,213.07578362115376,11090400
2026-02-02,CRM,Salesforce,209.74273681640625,215.79195762501485,208.73785557506747,213.2648234781596,7950900
2026-02-03,CRM,Salesforce,195.38580322265625,204.51932088198188,192.13235381115655,203.96215839054668,20194200
2026-02-04,CRM,Salesforce,198.4302978515625,199.65406648164677,186.33185662106087,192.33132733492616,23010000
2026-02-05,CRM,Salesforce,189.0082550048828,198.54970082096247,187.83422100387264,193.00790751721436,21956300
2026-02-06,CRM,Salesforce,190.3812713623047,193.614817806995,186.17267536666094,190.6598526107087,13652600
2026-02-09,CRM,Salesforce,193.04769897460938,194.21177388952142,184.78971566942653,188.34164940956356,12112000
2026-02-10,CRM,Salesforce,192.4706268310547,198.09203195316294,189.7842990292034,190.92847090617403,13393000
2026-02-11,CRM,Salesforce,184.0634002685547,192.6895048269234,180.8895478564994,192.17213318074323,16350200
2026-02-12,CRM,Salesforce,184.49122619628906,187.36660972255456,179.32751408344743,185.01855696072852,16849100
2026-02-13,CRM,Salesforce,188.75950622558594,192.47061811270197,183.36694786837012,185.4961130882416,14822900
2026-02-17,CRM,Salesforce,183.35699462890625,192.02290548914857,182.24266967276117,190.00318391536615,13692900
2026-02-18,CRM,Salesforce,186.8392791748047,187.1875133215944,180.93930794808088,182.94908565557333,9852900
2026-02-19,CRM,Salesforce,184.35194396972656,186.00354369553665,182.30237535695642,185.65532471483155,9565100
2026-02-20,CRM,Salesforce,184.22259521484375,190.75932542059104,182.79982697292309,184.38178882736634,10816200
2026-02-23,CRM,Salesforce,177.25804138183594,181.54621891828097,173.6862199497409,180.3522971382107,15498600
2026-02-24,CRM,Salesforce,184.48129272460938,187.71483930683232,175.3875654052501,176.74068088999576,15564700
2026-02-25,CRM,Salesforce,190.77923583984375,191.6249386554261,181.33727497360252,182.07353407400996,21875100
2026-02-26,CRM,Salesforce,198.46014404296875,200.02218770640036,190.36135504465778,195.76385728556096,26680500
2026-02-27,CRM,Salesforce,193.80384826660156,194.92813237973576,188.95850801668388,190.93843889578375,16346500
2026-03-02,CRM,Salesforce,191.97315979003906,194.94802794961853,189.71464774125104,191.52544101617923,9932700
2026-03-03,CRM,Salesforce,195.05746459960938,197.66419551961366,188.62021892543535,189.78429376791524,13208900
2026-03-04,CRM,Salesforce,192.1024932861328,195.47533008338826,191.12745899524472,194.11227085764915,11583700
2026-03-05,CRM,Salesforce,200.37042236328125,203.38508116961694,193.25662673651044,193.37601435449176,15860900
2026-03-06,CRM,Salesforce,201.0867919921875,201.9324948273444,196.37078340395692,199.7734673796906,9657400
2026-03-09,CRM,Salesforce,197.78358459472656,202.63888360956764,194.87836942107964,197.55475326030083,10754800
2026-03-10,CRM,Salesforce,193.92324829101562,198.55966012327272,189.6350706142157,196.2613420240266,14467400
2026-03-11,CRM,Salesforce,193.14718627929688,198.5397447176623,190.32155275999426,195.4056830590209,9580000
2026-03-12,CRM,Salesforce,198.27110290527344,203.8228548323795,192.17213242968643,193.14718190935727,26309700
2026-03-13,CRM,Salesforce,191.853759765625,199.9823956164078,190.77922566888657,198.71882100521472,14834700
2026-03-16,CRM,Salesforce,197.33587646484375,197.62441680693874,194.16202379103672,194.16202379103672,13419600
2026-03-17,CRM,Salesforce,194.3212127685547,201.35542716975343,193.4655660342646,197.2164841210229,11559300
2026-03-18,CRM,Salesforce,193.3561248779297,195.15695908891587,191.6647343849253,192.4208813209107,10525100
2026-03-19,CRM,Salesforce,194.00283813476562,199.38543762680524,192.32139159468133,194.5997914321279,9254300
2026-03-20,CRM,Salesforce,194.39085388183594,194.6793790179939,189.03808636764919,192.23184176984265,20201100
2026-03-23,CRM,Salesforce,194.19186401367188,197.04734452173435,191.0279705387624,196.09219798916334,13976200
2026-03-24,CRM,Salesforce,182.09344482421875,191.16726893579764,181.36712960098163,191.16726893579764,18631400
2026-03-25,CRM,Salesforce,181.03880310058594,186.4413055109877,178.93948472871847,184.75985899559834,12565200
2026-03-26,CRM,Salesforce,184.70018005371094,186.52091733450015,178.621111875675,180.26275252839085,10330700
2026-03-27,CRM,Salesforce,178.40220642089844,183.1779085396875,177.91469685574646,183.06846482845245,9902000
2026-03-30,CRM,Salesforce,184.09324645996094,185.44636178828011,178.67084123908901,179.18821288326532,11617700
2026-03-31,CRM,Salesforce,185.72496032714844,187.5456975682965,181.3870327098191,183.9639169002118,11041400
2026-04-01,CRM,Salesforce,185.29713439941406,188.02325297618086,182.08347588248927,185.904046779924,11677700
2026-04-02,CRM,Salesforce,186.2323760986328,186.6303601693813,180.66073574201388,184.36190410150488,11635500
2026-04-06,CRM,Salesforce,184.09324645996094,187.18750205434696,182.670493415399,186.55074279287547,14391000
2026-04-07,CRM,Salesforce,182.03375244140625,185.635420952666,181.09850886120205,184.01366814096977,12344600
2026-04-08,CRM,Salesforce,175.47708129882812,185.82443800673013,174.89007195360898,185.5558006932337,13472100
2026-04-09,CRM,Salesforce,170.41018676757812,173.84131838786436,166.6897779521393,172.72420647519016,20855400
2026-04-10,CRM,Salesforce,164.53533935546875,170.81910867689837,163.09904400673946,170.81910867689837,18109300
2026-04-13,CRM,Salesforce,172.37510681152344,172.95360029090386,165.3432529892489,166.619956593861,12390800
2026-04-14,CRM,Salesforce,170.86898803710938,177.043055331393,170.06107568452117,174.7589572577855,13123600
2026-04-15,CRM,Salesforce,177.14280700683594,179.15759592410797,172.43495657566135,173.77150333531898,14340300
2026-04-16,CRM,Salesforce,180.75347900390625,184.07490827218808,178.110307097372,183.52632111625425,11866700
2026-04-17,CRM,Salesforce,181.67111206054688,187.49607435707364,180.56396895114642,184.95263583877443,17225700
2026-04-20,CRM,Salesforce,185.7904815673828,188.5134493521179,181.65115595519515,182.03018257545776,14382300
2026-04-21,CRM,Salesforce,186.62831115722656,193.0617034585096,183.6260654751631,186.11962956244392,12073700
2026-04-22,CRM,Salesforce,189.3114013671875,190.6579169337777,186.5485279099638,187.71551415547867,14565900
2026-04-23,CRM,Salesforce,172.85386657714844,178.40951948170152,170.21067949758992,177.1028943275062,22719900
2026-04-24,CRM,Salesforce,177.70135498046875,177.99060171835484,173.95102484824358,175.1678853418476,10817600
2026-04-27,CRM,Salesforce,179.71615600585938,183.81557625727,177.0530312030464,177.80110048089864,11907000
2026-04-28,CRM,Salesforce,180.8532257080078,183.94523608351813,180.8532257080078,181.96035356599296,8711700
2026-04-29,CRM,Salesforce,180.75347900390625,181.3120349373997,176.89344657675792,178.73867491279825,6882800
2026-04-30,CRM,Salesforce,176.07554626464844,178.2299892905901,172.55463498794632,177.84099390142072,14408300
2026-05-01,CRM,Salesforce,183.3468017578125,185.56107283738152,178.28984609060575,181.72099297636592,12324400
2026-05-04,CRM,Salesforce,185.00250244140625,189.8200700827938,183.4963952122052,183.76570439500526,8444700
2026-05-05,CRM,Salesforce,186.50863647460938,186.90760066542114,180.63379973078258,185.07234103647374,9740800
2026-05-06,CRM,Salesforce,180.7235565185547,186.61834578100024,179.11770060829897,185.04241142277664,11303400
2026-05-07,CRM,Salesforce,185.86029052734375,188.09452944504443,183.52631817712086,184.124779650284,13955100
2026-05-08,CRM,Salesforce,181.35194396972656,181.40180307799002,176.424658688263,179.2174384093688,15123900
2026-05-11,CRM,Salesforce,177.0330810546875,182.03017799627492,175.85611089377323,179.44684925985885,11145000
2026-05-12,CRM,Salesforce,170.86898803710938,177.12285121084105,170.1408715639692,177.12285121084105,10214000
2026-05-13,CRM,Salesforce,165.41307067871094,169.34293028258335,164.32588034308353,169.34293028258335,11951900
2026-05-14,CRM,Salesforce,167.14859008789062,168.91403772698095,163.90695676738676,165.57265575496632,9749400
2026-05-15,CRM,Salesforce,173.06332397460938,175.5169978399782,168.56493964419258,168.81429606378455,13883400
2026-05-18,CRM,Salesforce,179.01795959472656,180.31461604297994,171.35773755745888,172.44492791304103,13671200
2026-05-19,CRM,Salesforce,178.95811462402344,186.9574728813163,178.34968434723106,184.5237517741468,17510800
2026-05-20,CRM,Salesforce,179.63636779785156,179.84581866392838,172.89376058285282,175.58680682610913,13025300
2026-05-21,CRM,Salesforce,175.8561248779297,176.8834721439062,171.54725371549097,174.9285262709738,10949100
2026-05-22,CRM,Salesforce,179.6064453125,182.87800024900952,177.22258338219103,179.37702645340687,10176700
2026-05-26,CRM,Salesforce,178.61898803710938,181.89054296636203,177.22258298908204,177.97065222996923,13617200
2026-05-27,CRM,Salesforce,177.0530242919922,183.44652645648864,176.4346252500155,177.54176834680115,18524900
2026-05-28,CRM,Salesforce,175.7164764404297,182.01022991075956,171.20810820232109,177.97065294973012,22559400
2026-05-29,CRM,Salesforce,190.60804748535156,193.64021475971825,179.55656947541652,179.77600433561167,33998900
2026-06-01,CRM,Salesforce,209.0604248046875,210.79593571576444,197.69974712536995,198.23835028616782,27594800
2026-06-02,CRM,Salesforce,200.32296752929688,203.86383169496713,195.25604330898832,200.50251206369967,19216600
2026-06-03,CRM,Salesforce,190.1193084716797,197.1711000779736,189.24156900766266,196.76216711815474,14154400
2026-06-04,CRM,Salesforce,188.26409912109375,197.58005141962244,185.63089590640553,197.30077344378492,14453600
2026-06-05,CRM,Salesforce,185.1820526123047,192.01440928569218,184.35418748403288,189.311394256529,13183900
2026-06-08,CRM,Salesforce,182.08006286621094,184.54370553959797,181.24222893877382,183.4365624142317,11177800
2026-06-09,CRM,Salesforce,174.8986053466797,181.99030279452822,171.1183533610167,179.03791597928875,15427800
2026-06-10,CRM,Salesforce,170.47999572753906,175.07812872997366,169.59228747941,170.16082742346865,10820500
2026-06-11,CRM,Salesforce,166.4499969482422,168.97999572753906,163.30999755859375,168.27000427246094,16666000
2026-06-12,CRM,Salesforce,165.88999938964844,166.5399932861328,161.39999389648438,164.74000549316406,13589400
2026-06-15,CRM,Salesforce,164.5500030517578,169.9499969482422,164.1699981689453,166.02999877929688,13541800
2026-06-16,CRM,Salesforce,161.7100067138672,166.3000030517578,160.5,164.05999755859375,16385300
2026-06-17,CRM,Salesforce,155.02000427246094,161.42999267578125,154.22999572753906,160.25,19986200
2026-06-18,CRM,Salesforce,151.77999877929688,154.47000122070312,149.8000030517578,152.72999572753906,57940800
2026-06-22,CRM,Salesforce,150.1199951171875,153.8699951171875,146.32000732421875,150.16000366210938,20502800
2026-06-23,CRM,Salesforce,153.4199981689453,155.17999267578125,150.85000610351562,151.64999389648438,20720700
2026-06-24,CRM,Salesforce,152.75999450683594,157.05999755859375,150.39999389648438,151.80999755859375,13146800
2026-06-25,CRM,Salesforce,150.19000244140625,154.0,148.77999877929688,150.00999450683594,11324700
2026-06-26,CRM,Salesforce,158.3699951171875,158.4600067138672,151.49000549316406,151.49000549316406,21267900
2026-06-29,CRM,Salesforce,157.92999267578125,161.75999450683594,157.6999969482422,160.27000427246094,12664100
2026-06-30,CRM,Salesforce,156.66000366210938,157.69000244140625,154.07000732421875,155.08999633789062,13690500
2026-07-01,CRM,Salesforce,163.22999572753906,165.80999755859375,161.1999969482422,162.22000122070312,14164600
2026-07-02,CRM,Salesforce,166.11000061035156,167.2100067138672,162.0,163.0,10486300
2026-07-06,CRM,Salesforce,165.64999389648438,167.72000122070312,162.3699951171875,163.99000549316406,10595500
2026-07-07,CRM,Salesforce,169.52000427246094,172.3800048828125,167.67999267578125,169.22000122070312,13057900
2026-07-08,CRM,Salesforce,166.5800018310547,167.52999877929688,164.77999877929688,167.3699951171875,9792400
2026-07-09,CRM,Salesforce,162.5,163.8000030517578,156.47999572753906,158.3300018310547,13858600
2026-07-10,CRM,Salesforce,163.32000732421875,166.3000030517578,162.4199981689453,165.60000610351562,8321500
2026-07-13,CRM,Salesforce,171.22000122070312,172.75999450683594,165.9199981689453,165.9199981689453,14020700
2026-07-14,CRM,Salesforce,167.55999755859375,171.35000610351562,161.47000122070312,162.49000549316406,13507900
2026-07-15,CRM,Salesforce,167.0,172.8000030517578,166.55999755859375,170.52000427246094,13328100
2026-07-16,CRM,Salesforce,172.67999267578125,174.5399932861328,166.8800048828125,170.83999633789062,12057500
2026-07-17,CRM,Salesforce,170.77000427246094,175.42999267578125,169.75,171.5,10191500
2026-07-20,CRM,Salesforce,173.7899932861328,175.38999938964844,166.5,167.86000061035156,13426500
2026-07-21,CRM,Salesforce,170.05999755859375,172.42999267578125,166.92999267578125,167.05999755859375,12831800
2026-07-22,CRM,Salesforce,163.0,169.57000732421875,162.2100067138672,169.47000122070312,12194500
2026-07-23,CRM,Salesforce,156.92999267578125,165.8800048828125,155.14999389648438,165.0500030517578,12775000
2026-07-24,CRM,Salesforce,163.66000366210938,164.4499969482422,159.5500030517578,160.3800048828125,10899100
2026-07-27,CRM,Salesforce,173.60000610351562,176.9499969482422,167.13999938964844,168.0,17312000
2026-07-28,CRM,Salesforce,181.5,184.5399932861328,176.91000366210938,176.91000366210938,17204600
2026-07-29,CRM,Salesforce,188.3800048828125,190.17999267578125,182.00999450683594,182.00999450683594,18139500
2026-07-30,CRM,Salesforce,180.7100067138672,182.50999450683594,175.89999389648438,180.99000549316406,12182400
2026-07-31,CRM,Salesforce,184.02000427246094,184.4499969482422,177.02999877929688,177.6999969482422,9691500
2026-08-03,CRM,Salesforce,185.9499969482422,193.6999969482422,185.89999389648438,188.99000549316406,12908000
2026-08-04,CRM,Salesforce,190.99000549316406,191.2899932861328,183.0,183.08999633789062,9326900
2026-08-05,CRM,Salesforce,192.97999572753906,194.94000244140625,190.42999267578125,193.27999877929688,9605500
2026-08-06,CRM,Salesforce,186.77000427246094,187.02000427246094,183.0,183.44000244140625,13297600
2026-08-07,CRM,Salesforce,192.74000549316406,194.6999969482422,190.60000610351562,191.08999633789062,11392800
2026-08-10,CRM,Salesforce,197.50999450683594,198.17999267578125,190.0,190.1699981689453,9706600
2026-08-11,CRM,Salesforce,197.47000122070312,199.38999938964844,195.5,196.94000244140625,11171600
2026-08-12,CRM,Salesforce,193.32000732421875,196.5,191.77999877929688,192.0,12787900
2026-08-13,CRM,Salesforce,201.3699951171875,202.99000549316406,191.38999938964844,196.83999633789062,15058700
2026-08-14,CRM,Salesforce,196.2100067138672,204.39999389648438,195.32000732421875,202.75,8664800
2026-08-17,CRM,Salesforce,190.97000122070312,194.94000244140625,189.91000366210938,193.8300018310547,14378800
2026-08-18,CRM,Salesforce,196.13999938964844,199.41000366210938,193.22999572753906,194.08999633789062,14152900
2026-08-19,CRM,Salesforce,206.08999633789062,207.9499969482422,194.2100067138672,194.2100067138672,17843600
2026-08-20,CRM,Salesforce,205.42999267578125,207.8800048828125,203.0,205.22000122070312,11482300
2026-08-21,CRM,Salesforce,209.1699981689453,211.07000732421875,204.72999572753906,205.5800018310547,9685400
2026-08-24,CRM,Salesforce,209.05999755859375,213.1699981689453,207.38999938964844,208.4199981689453,9580200
2026-08-25,CRM,Salesforce,205.69000244140625,210.30999755859375,204.75999450683594,205.85000610351562,10081800
2026-08-26,CRM,Salesforce,205.6199951171875,206.44000244140625,198.9499969482422,199.94000244140625,14888900
2026-08-27,CRM,Salesforce,252.0500030517578,254.47999572753906,230.0500030517578,230.0500030517578,55517500
2026-08-28,CRM,Salesforce,256.0,263.5299987792969,249.0,250.47000122070312,34362700
2026-08-31,CRM,Salesforce,257.5400085449219,262.2799987792969,254.38999938964844,254.38999938964844,22471500
2026-09-01,CRM,Salesforce,258.1099853515625,262.32000732421875,254.25,255.00999450683594,15897500
2026-09-02,CRM,Salesforce,256.92999267578125,264.54998779296875,253.60000610351562,259.3800048828125,14393700
2026-09-03,CRM,Salesforce,264.42999267578125,268.2699890136719,261.6000061035156,261.9800109863281,16028300
2026-09-04,CRM,Salesforce,259.2300109863281,263.6000061035156,257.82000732421875,263.3599853515625,10490600
2026-09-08,CRM,Salesforce,249.1199951171875,254.0,245.88999938964844,253.72000122070312,17482700
2026-09-09,CRM,Salesforce,244.16000366210938,254.8000030517578,243.4499969482422,249.77999877929688,11853700
2026-09-10,CRM,Salesforce,243.0,248.5,241.75,245.35000610351562,10732600
2026-09-11,CRM,Salesforce,247.72000122070312,250.5500030517578,242.02000427246094,242.02000427246094,9738300
