Date,ticker,name,Close,High,Low,Open,Volume
2015-01-02,META,Meta,77.76708984375,78.24291477218925,77.02361859261289,77.89596303425472,18177500
2015-01-05,META,Meta,76.51805114746094,78.56011609844697,76.19092203502743,77.30117497890204,26452200
2015-01-06,META,Meta,75.48710632324219,76.91456580191738,74.70398246361094,76.55770660448336,27399300
2015-01-07,META,Meta,75.48710632324219,76.6865722156962,75.159977199033,76.09179680266656,22045300
2015-01-08,META,Meta,77.49943542480469,77.54900319489448,75.41771765169077,76.07196835159291,23961000
2015-01-09,META,Meta,77.06326293945312,77.93560728645224,76.52796278915272,77.51925768312091,21157000
2015-01-12,META,Meta,76.05213928222656,77.32099543310338,75.54657680983748,77.16238463275415,19190200
2015-01-13,META,Meta,75.78450012207031,77.40031582084804,75.18972463154863,76.55771657902727,25179600
2015-01-14,META,Meta,75.61598205566406,76.52797164857807,75.36815830348216,75.75476275184747,25918600
2015-01-15,META,Meta,73.4053955078125,75.90345550293978,72.89983295579397,75.73493717326042,34134000
2015-01-16,META,Meta,74.52555084228516,74.66433152316812,73.19721174428838,73.39547526196397,21791500
2015-01-20,META,Meta,75.57633209228516,75.64572244289674,74.16869494388949,75.0608619967392,22821600
2015-01-21,META,Meta,76.07194519042969,76.62707530709487,75.18969360490004,75.49700007252932,25096700
2015-01-22,META,Meta,76.97406768798828,77.07319568753027,76.0125102101697,76.49824270201253,19519500
2015-01-23,META,Meta,77.15248107910156,77.5093478351747,76.36935722899551,76.974047701065,16746500
2015-01-26,META,Meta,76.82534790039062,77.7869050777367,76.61717689750836,77.30117273767809,19260800
2015-01-27,META,Meta,75.12032318115234,76.21074601311109,74.97162743975352,76.04222770224956,20110000
2015-01-28,META,Meta,75.57633209228516,76.96414666749793,75.33842339918556,76.23059045203527,53306400
2015-01-29,META,Meta,77.32098388671875,77.34080645231268,73.56397619799903,76.18099350912664,61293500
2015-01-30,META,Meta,75.24919891357422,77.47961242151156,75.09058810055724,77.32100160849458,42649500
2015-02-02,META,Meta,74.33719635009766,75.47718690440429,73.10799289232196,75.44744926991461,41955300
2015-02-03,META,Meta,74.74362182617188,74.92205517453243,73.21702708197114,74.53545084691427,26957700
2015-02-04,META,Meta,74.97163391113281,75.68536748107134,74.3570358860037,74.43633373367891,20277400
2015-02-05,META,Meta,74.95181274414062,75.31859460305834,74.55529324641506,75.05094072782693,15062600
2015-02-06,META,Meta,73.82172393798828,75.04101228973938,73.60363787494883,75.02118972172626,21211000
2015-02-09,META,Meta,73.79199981689453,74.17860424926513,72.81061235351031,73.40539538452393,16194300
2015-02-10,META,Meta,74.53546905517578,74.68415724598397,73.85147312553727,74.19842484239007,15811300
2015-02-11,META,Meta,75.84396362304688,76.08187224598659,74.37684406179798,74.43631932678821,20877400
2015-02-12,META,Meta,75.56642150878906,76.20084970653022,75.22937727456244,76.1909346388522,17235000
2015-02-13,META,Meta,75.08067321777344,75.81423688530275,74.84276456064548,75.79440675213716,18621900
2015-02-17,META,Meta,74.94189453125,76.24049602086794,74.42642449992947,74.64451059267356,25254400
2015-02-18,META,Meta,76.04222869873047,76.23057714450246,74.79319504278403,75.27893497525078,22426400
2015-02-19,META,Meta,78.72864532470703,79.1449874002833,76.28014551937252,76.31979822604366,45851200
2015-02-20,META,Meta,79.2044448852539,79.6406093930417,78.51053408512838,78.85749326668017,36931700
2015-02-23,META,Meta,78.15367126464844,79.4919251728202,77.69767660584812,79.26392406193082,24139100
2015-02-24,META,Meta,77.76708984375,78.7881300482154,77.42013810581548,77.81665761901807,18897100
2015-02-25,META,Meta,78.86741638183594,79.5018444851092,77.81664625384826,77.81664625384826,25593800
2015-02-26,META,Meta,79.71002960205078,80.6616718350596,79.026033674615,79.1846369319597,31111900
2015-02-27,META,Meta,78.28255462646484,80.52288307968269,77.9356029454969,79.97766789317632,30739200
2015-03-02,META,Meta,79.0557632446289,79.16480628172881,77.83646726750237,78.31229211693648,21662500
2015-03-03,META,Meta,78.90707397460938,79.00620195383146,77.83647364785872,78.9169890414256,18635000
2015-03-04,META,Meta,80.19576263427734,80.44358637074731,78.16360497003151,78.6096922334656,28126700
2015-03-05,META,Meta,80.5030517578125,81.27626051053582,80.34444851870532,80.52288188956297,27825700
2015-03-06,META,Meta,79.31350708007812,80.62201604578073,79.13507369552867,80.19575893618928,24488600
2015-03-09,META,Meta,78.74848175048828,79.21439163736859,77.94552761146815,78.98639044654038,18925100
2015-03-10,META,Meta,76.87491607666016,78.5700293060209,76.87491607666016,77.81664312753415,23067100
2015-03-11,META,Meta,76.89474487304688,77.74725908967463,76.58744587506939,77.12274602711332,20215700
2015-03-12,META,Meta,78.2428970336914,78.36185512957732,77.23177968908749,77.42012055384983,16093300
2015-03-13,META,Meta,77.37055969238281,78.68897598638132,77.0037779054329,77.91576727717019,18557300
2015-03-16,META,Meta,77.39038848876953,77.4399562563664,76.68657005417496,77.28134545044,19305400
2015-03-17,META,Meta,78.6691665649414,79.0855086220938,77.65804149702255,77.67787163097086,22170000
2015-03-18,META,Meta,80.2056655883789,80.53278712325103,78.48080719769742,78.56011259650603,36912400
2015-03-19,META,Meta,82.02964782714844,82.27747153659601,80.2948818610154,80.41383996422282,42099500
2015-03-20,META,Meta,83.07051086425781,83.86354220082876,82.3468623011946,82.66407634841887,44466300
2015-03-23,META,Meta,83.69502258300781,84.22040763147263,82.5748621506768,83.18946010338082,27357300
2015-03-24,META,Meta,84.56737518310547,85.3207615110141,83.78425121486819,83.97259968759055,32576500
2015-03-25,META,Meta,82.19816589355469,84.77553095165999,82.19816589355469,84.75570838267322,37436100
2015-03-26,META,Meta,82.28739166259766,83.04077034029963,81.42496237801527,81.99991523440353,32794800
2015-03-27,META,Meta,82.57485961914062,83.21919518683737,82.1585100565171,82.6541574550402,18372600
2015-03-30,META,Meta,82.4757308959961,83.60580645285862,81.69261459711852,83.08042137713934,24527700
2015-03-31,META,Meta,81.50426483154297,82.77312104588215,81.49434976528043,82.1783456407831,19734300
2015-04-01,META,Meta,80.95905303955078,81.99991571452112,80.16602165369807,81.78182962544315,22058200
2015-04-02,META,Meta,80.85000610351562,81.84130096035315,80.73105556100204,81.53400197488698,19664100
2015-04-06,META,Meta,81.72235107421875,82.08912533388758,80.09662810098605,80.09662810098605,19062900
2015-04-07,META,Meta,81.60340118408203,82.6938241325557,81.50427320021723,81.93053033751825,17467000
2015-04-08,META,Meta,81.56375122070312,82.37661281649746,81.12757900145424,81.91070295738717,18966700
2015-04-09,META,Meta,81.45470428466797,82.0792249439222,80.99870951489932,81.7818334335173,15927300
2015-04-10,META,Meta,81.3258285522461,81.89086630137822,81.19696294734906,81.49434685779899,12529700
2015-04-13,META,Meta,82.28739166259766,83.20929622095127,81.20687629021421,81.21679135683605,26883100
2015-04-14,META,Meta,82.79295349121094,82.96147938585793,81.72236065952109,82.44600176043272,19634200
2015-04-15,META,Meta,81.989990234375,82.93172481187749,81.55381811161685,82.82268178118794,22390900
2015-04-16,META,Meta,81.59347534179688,82.34686153304405,81.43487210115396,81.75208614541917,13769700
2015-04-17,META,Meta,80.0768051147461,81.39522921770508,79.67037811665682,80.77071611982043,24215000
2015-04-20,META,Meta,82.36669921875,82.42618206251493,80.53280495242433,80.83019648230666,28796800
2015-04-21,META,Meta,82.89207458496094,83.75449622779455,82.81276918518935,83.26876388940717,27171900
2015-04-22,META,Meta,83.89328002929688,84.00232306731073,82.92181531623818,83.58598104742843,45548000
2015-04-23,META,Meta,81.69261169433594,84.84492203664057,81.69261169433594,83.36789483725603,73728100
2015-04-24,META,Meta,80.82026672363281,82.21799607183827,80.77070651964827,82.04947020194854,29660400
2015-04-27,META,Meta,81.19697570800781,82.20809326320851,80.91940675979495,81.15732300112026,25446000
2015-04-28,META,Meta,79.97767639160156,81.1870574334667,79.53159669195371,81.1176670898997,23775300
2015-04-29,META,Meta,79.76949310302734,80.68148249633184,78.82775851306764,79.3134984063751,26430300
2015-04-30,META,Meta,78.08428955078125,80.25522762415154,77.63820990750372,79.31350057146376,28999000
2015-05-01,META,Meta,78.3023910522461,79.06569244843199,77.43005416244297,78.55021480579047,24136400
2015-05-04,META,Meta,78.12395477294922,78.99629919363905,77.9455213744427,78.63943239662602,14692000
2015-05-05,META,Meta,76.88482666015625,78.11403772772412,76.54779003913185,77.86621401356633,22311300
2015-05-06,META,Meta,77.42012023925781,78.12393862035356,76.3792652656566,77.29125464147259,28663000
2015-05-07,META,Meta,77.74726104736328,78.25282357529822,76.88483174241308,77.32100392831617,19749400
2015-05-08,META,Meta,77.8265609741211,78.54029447787595,77.35073611729135,78.41142130676606,19943600
2015-05-11,META,Meta,77.33091735839844,78.34203482988713,77.25161195118916,77.79682717202809,18874100
2015-05-12,META,Meta,76.78571319580078,77.21197036721293,76.12154733147844,77.19214779404582,21285300
2015-05-13,META,Meta,77.75717163085938,77.84638453847927,76.97404777995075,77.04343811798167,21512300
2015-05-14,META,Meta,80.66166687011719,81.13748417584368,77.98516616423179,78.25282001631018,49438000
2015-05-15,META,Meta,79.71992492675781,80.8103476794699,79.48201629559749,80.7013122108798,27069900
2015-05-18,META,Meta,80.17591857910156,80.67156596598197,79.53158302654019,79.63071099132048,21613700
2015-05-19,META,Meta,79.9281005859375,80.97887826388852,79.8488027462453,80.54270611217378,17955400
2015-05-20,META,Meta,79.84880828857422,80.39401595308121,78.76829290036731,79.76950288039794,23056900
2015-05-21,META,Meta,79.7794189453125,80.21558356977908,79.38289946245007,79.49194250931174,13402700
2015-05-22,META,Meta,79.83888244628906,80.60217609877229,79.5514060526845,79.65053401803598,19567900
2015-05-26,META,Meta,78.63941192626953,79.89835289253563,78.39158824635287,79.72983460530713,16321300
2015-05-27,META,Meta,79.84880828857422,79.95785133407162,78.73855526304621,78.90707358318582,14160900
2015-05-28,META,Meta,79.45228576660156,80.36427523674763,79.30359002271304,79.551413741534,11982000
2015-05-29,META,Meta,78.50064849853516,79.37298532061511,78.19334192517071,79.25402720547596,16134600
2015-06-01,META,Meta,79.59107208251953,79.68028499738487,77.97526404401185,78.60969220409955,18119000
2015-06-02,META,Meta,79.7397689819336,80.64184346255054,78.86742457705175,79.0656881067887,18923300
2015-06-03,META,Meta,81.72235107421875,81.81156398182048,80.54270776495395,80.64183573883797,31775000
2015-06-04,META,Meta,81.33573913574219,82.22789838090439,80.8004390508575,81.42495203506684,20863900
2015-06-05,META,Meta,81.42496490478516,81.74217897970865,80.80045182186768,81.15731860152913,16143100
2015-06-08,META,Meta,79.96774291992188,81.2861667072395,79.4324428657558,81.10773335585081,16915500
2015-06-09,META,Meta,79.96774291992188,80.48322040747964,78.62949656599595,79.89835259232508,16497500
2015-06-10,META,Meta,81.4448013305664,81.88096599041903,80.10654702196065,80.12637715735164,21531200
2015-06-11,META,Meta,81.1176528930664,82.17833799508603,80.6517431408092,81.59347014768478,18656800
2015-06-12,META,Meta,80.82026672363281,81.37538941132777,80.4931376128214,80.66166348271113,11417900
2015-06-15,META,Meta,80.00740051269531,80.22548657362631,79.37297246070275,79.84879728118665,18805100
2015-06-16,META,Meta,80.35435485839844,80.80044206057467,79.74966441941098,80.11644622169197,13693700
2015-06-17,META,Meta,81.07801818847656,81.50427533695245,80.63193090491961,81.04828054883555,18350300
2015-06-18,META,Meta,82.1882553100586,82.46581664334646,80.85991634835071,80.92930668167267,26782600
2015-06-19,META,Meta,81.79174041748047,82.25765020834652,81.40513602994896,82.10895446783913,23353200
2015-06-22,META,Meta,84.0023193359375,84.230320467924,82.5847674677043,82.68390299820747,29383100
2015-06-23,META,Meta,87.114990234375,87.20421070520058,84.02215508804122,84.22041103635198,50667900
2015-06-24,META,Meta,88.08647155761719,88.47307599052053,86.68874202098172,86.8969206199116,41370200
2015-06-25,META,Meta,87.2141342163086,88.62177124936116,87.07534596347686,88.4829905595098,27302000
2015-06-26,META,Meta,87.24386596679688,87.57098753480791,86.07413768629777,87.35290901046051,38214600
2015-06-29,META,Meta,85.05309295654297,86.73829101390737,84.98370262625099,85.85603928748992,35957900
2015-06-30,META,Meta,85.02335357666016,85.9452580638717,84.8250976374019,85.84613009424257,23016500
2015-07-01,META,Meta,86.1534423828125,87.18438241134707,85.73709278181144,86.01465414049228,25260000
2015-07-02,META,Meta,86.53014373779297,86.67883950430752,85.58840892518806,86.63918679570492,16908800
2015-07-06,META,Meta,86.78785705566406,87.42228508088851,85.63795153308311,85.73707949396595,24635900
2015-07-07,META,Meta,86.46073150634766,87.08524449207528,84.48805702125784,87.03568429110072,33059900
2015-07-08,META,Meta,84.90440368652344,85.99482648672758,84.70614018277219,85.53883177256873,24399300
2015-07-09,META,Meta,85.13240051269531,86.83742889516182,84.90440692840016,85.97500720059722,23307400
2015-07-10,META,Meta,87.18437957763672,87.45203342407939,86.01465134480102,86.58960417651237,23245900
2015-07-13,META,Meta,89.31565856933594,89.43461666614635,87.65028302888508,87.88819922250592,29976700
2015-07-14,META,Meta,88.89933013916016,90.00958318985529,88.86959250116496,89.67253897895598,26627800
2015-07-15,META,Meta,88.9786376953125,90.19792626040608,88.64159347628363,89.21654636799265,30886600
2015-07-16,META,Meta,90.05914306640625,90.06905813336144,88.98854272465016,89.49410525764279,21804100
2015-07-17,META,Meta,94.14327239990234,94.55961441862667,91.73442563016955,91.74434069622855,54001600
2015-07-20,META,Meta,97.05768585205078,97.74167418009631,94.52988086928924,95.0156132454624,54860500
2015-07-21,META,Meta,97.53351593017578,98.37611518041052,96.2943971613068,98.08863871847522,39453300
2015-07-22,META,Meta,96.19526672363281,96.73056692571521,95.0850136123159,95.89787520148239,28299500
2015-07-23,META,Meta,94.60918426513672,96.60168149695419,93.9846636603459,96.11594913110103,29418800
2015-07-24,META,Meta,96.10604095458984,96.90899499502979,95.04535567631105,96.50256044131596,33444900
2015-07-27,META,Meta,93.35025024414062,95.76901251376444,93.01321356747806,95.73927487323313,38585400
2015-07-28,META,Meta,94.46049499511719,94.72814129909489,92.49772770168688,94.0144077378475,35236000
2015-07-29,META,Meta,96.14569091796875,96.4331673485733,93.91527737708715,95.48152514535475,64648300
2015-07-30,META,Meta,94.38118743896484,94.97596287215094,91.00087572985284,94.08380350386177,86211300
2015-07-31,META,Meta,93.19164276123047,95.49144680179329,93.13215991987578,94.12345489534216,46509000
2015-08-03,META,Meta,93.32050323486328,94.25232288052686,91.99217167128164,92.71581272816415,29343100
2015-08-04,META,Meta,93.24119567871094,93.90536900818567,92.51755463849412,92.97354938398222,20136000
2015-08-05,META,Meta,95.60047912597656,96.24481473733888,94.35144547941924,94.42083581739578,29813200
2015-08-06,META,Meta,94.2919692993164,97.88045183293139,93.59805836325648,96.33403427979253,42271300
2015-08-07,META,Meta,93.4791030883789,94.56952586071951,92.79510725312909,94.54969572936143,23199100
2015-08-10,META,Meta,93.3304214477539,95.06518761755238,92.81494383631625,94.84710151755802,21624200
2015-08-11,META,Meta,92.8050308227539,93.93510639838303,92.09129728804501,92.91407386627775,22491000
2015-08-12,META,Meta,93.37007141113281,93.61789514239669,90.39618663596626,91.89303652745443,27050500
2015-08-13,META,Meta,92.6166763305664,93.90536263560897,92.53737092899901,93.23128184824475,17451800
2015-08-14,META,Meta,93.59806823730469,93.89545975027194,92.39860224416938,92.72573139583729,15929700
2015-08-17,META,Meta,93.1123275756836,93.6377126474633,92.5770274375553,93.59805994504866,18313500
2015-08-18,META,Meta,94.3415298461914,95.01561065233241,93.22136937902192,93.26102208091017,22278800
2015-08-19,META,Meta,94.48031616210938,95.26344005445334,93.34033305742464,93.80623531572344,23251300
2015-08-20,META,Meta,89.77165222167969,93.94500230840355,89.67252425697663,92.72571397289596,44598200
2015-08-21,META,Meta,85.31083679199219,88.40367960694817,84.86475711156638,86.75812644043893,62778700
2015-08-24,META,Meta,81.37540435791016,81.37540435791016,71.37324126137345,76.35945398941749,83710700
2015-08-25,META,Meta,82.27747344970703,86.906818634714,82.27747344970703,86.19308512483258,52021200
2015-08-26,META,Meta,86.4310073852539,86.69865368869964,82.53521800700533,85.20179622644653,45124300
2015-08-27,META,Meta,88.9488754272461,89.2759969254859,86.43098601937866,88.32435493528831,42431400
2015-08-28,META,Meta,90.2177505493164,90.68366036023805,89.00836956683384,89.09758247719081,33215900
2015-08-31,META,Meta,88.65150451660156,90.2574050009518,88.11620435515148,89.81131775158674,32850700
2015-09-01,META,Meta,86.47064208984375,88.61183476062818,85.74699361371685,86.09394525447145,36097400
2015-09-02,META,Meta,89.10749816894531,89.10749816894531,86.86716957195614,88.0368978592712,27190500
2015-09-03,META,Meta,87.38265228271484,89.03811305167328,86.9663102144104,88.9786377741956,27048200
2015-09-04,META,Meta,87.49170684814453,87.62057248729955,85.94528136337755,86.44092890887103,27328700
2015-09-08,META,Meta,88.75062561035156,89.45444403757013,88.05672224914436,88.90923641461573,27012500
2015-09-09,META,Meta,89.65271759033203,91.17931271905368,89.38506371888498,89.98975424269616,32551100
2015-09-10,META,Meta,91.17930603027344,91.2586038724959,88.84975702108318,89.28592918671535,26437400
2015-09-11,META,Meta,91.24871063232422,91.27844827317844,90.33671345590294,90.8819287481667,21185000
2015-09-14,META,Meta,91.50642395019531,91.81373049238007,90.8026055237376,91.50642395019531,20127900
2015-09-15,META,Meta,92.0912857055664,92.43823736269657,90.99094790511155,91.5659006872009,18859400
2015-09-16,META,Meta,92.63650512695312,92.78520087414323,91.82364361369106,92.09129747122923,16321200
2015-09-17,META,Meta,93.51875305175781,94.67857378073236,92.0912936024484,92.55720339468047,27841800
2015-09-18,META,Meta,93.57823181152344,94.36135562094697,92.23998532725962,92.38867349874953,62300000
2015-09-21,META,Meta,94.7182388305664,95.65005097352773,93.69719864323538,93.7963341921079,28790000
2015-09-22,META,Meta,92.15076446533203,93.85579274556113,91.11981695721724,92.9537108398435,36888900
2015-09-23,META,Meta,93.1519775390625,93.49892922126436,91.99216438871079,92.58693978148247,21701400
2015-09-24,META,Meta,93.58815002441406,93.94500921096936,91.43703446111296,92.24989593216894,29106000
2015-09-25,META,Meta,91.9624252319336,95.01561536184566,91.25860675523606,94.95614008755514,28961600
2015-09-28,META,Meta,88.43341827392578,91.48660842083078,87.41238572369625,91.27843739667544,41199900
2015-09-29,META,Meta,85.91553497314453,89.27602438440009,84.9738077577824,88.32438210150282,42281800
2015-09-30,META,Meta,89.11739349365234,89.23634401527872,87.24384714825459,87.67010416436499,36169100
2015-10-01,META,Meta,90.15826416015625,90.15826416015625,87.59081411243095,89.26610483982176,29283700
2015-10-02,META,Meta,91.26850128173828,91.39736686802618,87.60071397498919,88.12609894759602,37881700
2015-10-05,META,Meta,93.19164276123047,93.4493740095058,91.85339605694693,92.13095744000064,27292500
2015-10-06,META,Meta,91.9921646118164,93.35023370872588,91.53616232784009,93.26102080293451,22172800
2015-10-07,META,Meta,91.59564971923828,92.84468340332685,90.57461718848344,92.29946818642871,24129300
2015-10-08,META,Meta,91.6650390625,92.40851022492367,89.68244929603686,91.09008621511055,27290500
2015-10-09,META,Meta,92.42832946777344,92.92397689154761,91.43703462022509,92.09129284983716,20012900
2015-10-12,META,Meta,93.43946075439453,93.77649739507967,91.86329790765758,92.50764111465092,18449600
2015-10-13,META,Meta,93.3006820678711,94.53980073745777,92.73564425705878,92.84468730502083,19480300
2015-10-14,META,Meta,93.25110626220703,94.37126672033743,92.79511153864121,93.26102132834397,19253400
2015-10-15,META,Meta,95.12464904785156,95.46169321595755,94.07387896953956,94.16309187219812,27557500
2015-10-16,META,Meta,96.69090270996094,96.74046291576674,94.51996452040757,95.34274107917652,25412900
2015-10-19,META,Meta,97.6128158569336,97.71194384027218,96.07630564475427,96.33404445181887,23729900
2015-10-20,META,Meta,96.15560913085938,98.72305939391678,95.71943693732862,97.87055270389423,30881800
2015-10-21,META,Meta,96.2646484375,97.32533367901061,95.63022030592244,96.5223872293846,21917800
2015-10-22,META,Meta,98.80235290527344,98.86183573730597,96.70081272694645,96.93872136613871,26392100
2015-10-23,META,Meta,101.30043029785156,101.95468101232065,99.2881028202708,101.02286893032043,42809700
2015-10-26,META,Meta,102.8666763305664,102.90632903716359,100.66600783677657,101.31034352078441,25961200
2015-10-27,META,Meta,102.79727172851562,103.19379117651636,101.50859297623751,102.04389309659159,23795500
2015-10-28,META,Meta,103.29292297363281,103.57049189159979,102.0240667434169,102.99553904885204,24081500
2015-10-29,META,Meta,103.96699523925781,104.20491143508771,102.61883371480468,103.05500584418041,20316700
2015-10-30,META,Meta,101.08232879638672,103.80838941090425,100.76511477285293,103.60021841698948,33487100
2015-11-02,META,Meta,102.41065979003906,102.56927058272784,100.29920466247712,100.83450474333343,24003900
2015-11-03,META,Meta,101.68702697753906,102.74771215877689,101.508593602986,102.32145507306565,21242300
2015-11-04,META,Meta,103.03518676757812,103.23344270784227,101.58789722730766,102.29171564711855,43469300
2015-11-05,META,Meta,107.813232421875,109.68677912536012,107.01027843253875,107.85288512432194,63232900
2015-11-06,META,Meta,106.16767883300781,107.79340181122612,104.98804308310504,107.09949842893036,35084300
2015-11-09,META,Meta,105.56297302246094,107.30765385402646,104.93846006912364,106.06853544924554,26383500
2015-11-10,META,Meta,106.97063446044922,107.20854311474754,104.32387137483384,105.03760490070856,25031700
2015-11-11,META,Meta,108.0610580444336,108.91357225461873,106.17759624139714,107.32749438070604,25057100
2015-11-12,META,Meta,107.07967376708984,108.43775052808776,107.05985119643135,107.5356760850156,20924700
2015-11-13,META,Meta,103.04510498046875,107.30767620599117,102.9261544291389,106.77237603606648,30278400
2015-11-16,META,Meta,103.13432312011719,103.26318873546472,99.59540060161719,102.42058957638947,49309200
2015-11-17,META,Meta,104.2148208618164,105.27550600812633,103.23344111558067,103.70926595304664,26807200
2015-11-18,META,Meta,106.83184051513672,106.9408835514891,104.47256154210568,104.87899605268808,23836500
2015-11-19,META,Meta,105.33499145507812,106.79219607496137,105.02768491290517,106.42541426274563,25520600
2015-11-20,META,Meta,106.38577270507812,106.93098794751003,105.69186927196496,105.90994780595753,22129600
2015-11-23,META,Meta,106.01898956298828,106.53446716100471,105.15656781562171,106.25690579114053,19897200
2015-11-24,META,Meta,104.81951141357422,105.56298252335677,103.48126492856149,105.07725018259968,23577300
2015-11-25,META,Meta,104.49239349365234,105.67202921922087,104.18508694813526,105.40438293813644,15150800
2015-11-27,META,Meta,104.53205108642578,105.03761363646356,103.94719068701336,104.85918024015496,5913100
2015-11-30,META,Meta,103.33257293701172,105.17638196109883,102.84684057866001,104.91864318273731,20383200
2015-12-01,META,Meta,106.1875228881836,106.21726052804102,103.59032727124584,103.91745643563881,22781900
2015-12-02,META,Meta,105.14665222167969,106.98054631735904,104.86909085320671,106.06855680295354,24429100
2015-12-03,META,Meta,103.47136688232422,105.91986668336051,102.45033426702126,105.34491378210897,23236500
2015-12-04,META,Meta,105.25568389892578,106.79219388940689,103.20370393167134,103.89760727790066,21224700
2015-12-07,META,Meta,104.69065856933594,105.90003959871437,103.74893140736691,105.55308788446158,15474900
2015-12-08,META,Meta,105.56297302246094,105.97932255433102,103.04508351638871,103.09465127777138,20401800
2015-12-09,META,Meta,103.68944549560547,105.51343205259109,102.6485903836935,105.2556932597929,23517300
2015-12-10,META,Meta,104.5023193359375,105.47379178457518,103.50111680971696,104.13554501834454,17454300
2015-12-11,META,Meta,101.23101806640625,103.4316859601073,101.02284708577149,103.24334510885399,26427700
2015-12-14,META,Meta,103.74893188476562,103.8282297319739,100.57678354404887,101.39956015804873,24648100
2015-12-15,META,Meta,103.63988494873047,104.87900357526728,103.37223109012977,104.38335612465255,21764300
2015-12-16,META,Meta,105.86038970947266,106.15777365975052,103.28302432549621,104.45275268107527,22680500
2015-12-17,META,Meta,105.29534149169922,106.81202142105839,105.20612102133595,106.55428263920624,21675700
2015-12-18,META,Meta,103.13432312011719,105.66212059734293,103.06493277908699,105.15656563968575,35994200
2015-12-21,META,Meta,103.85796356201172,104.23466046510491,102.69815034170668,103.99675180624283,16138800
2015-12-22,META,Meta,104.5915298461914,104.74022559781011,103.89761885963081,104.3040534098566,14597100
2015-12-23,META,Meta,103.71917724609375,105.18629694916336,102.95588354067894,104.96821087247928,19599700
2015-12-24,META,Meta,104.10579681396484,104.40318833699085,103.5903267454311,103.82823542606354,6501800
2015-12-28,META,Meta,105.00786590576172,105.05743367446499,103.62005157484671,104.10578394362409,13069700
2015-12-29,META,Meta,106.32628631591797,106.80210360232743,105.32507641308639,105.49359472023227,17179900
2015-12-30,META,Meta,105.29534149169922,106.31637398987019,105.13673068348878,106.06855027427608,13115000
2015-12-31,META,Meta,103.74893188476562,105.24578179642684,103.7092791796714,105.07726347201151,18391100
2016-01-04,META,Meta,101.33016204833984,101.34998461787755,98.88166252804486,101.0625082002134,37912400
2016-01-05,META,Meta,101.83572387695312,102.80718860049171,100.78494618684584,101.99432712115185,23258200
2016-01-06,META,Meta,102.0736312866211,102.86666262395468,100.02165126226403,100.2496448410929,25096200
2016-01-07,META,Meta,97.0676040649414,100.54705161393831,96.45300600854112,99.62514696635726,45172900
2016-01-08,META,Meta,96.48272705078125,99.62512982825906,96.185335578341,99.0105243146062,35402300
2016-01-11,META,Meta,96.66116333007812,97.74167109069569,94.55961551694932,97.05768278426953,29932400
2016-01-12,META,Meta,98.50497436523438,99.0898347107424,96.70081799683214,98.1381925391326,28395400
2016-01-13,META,Meta,94.60918426513672,99.70443926239523,94.38118311864586,99.70443926239523,33410600
2016-01-14,META,Meta,97.513671875,98.00931927335482,91.64520093061479,95.0156047520234,48658600
2016-01-15,META,Meta,94.14327239990234,95.54099419504242,92.7257204726443,93.16189262348661,46132800
2016-01-19,META,Meta,94.43074798583984,96.57194089410804,93.1024089757927,95.68968909706048,30998300
2016-01-20,META,Meta,93.52867126464844,94.17301445509504,88.59202695269214,92.02190636107802,59051400
2016-01-21,META,Meta,93.34032440185547,95.15438818470565,91.81372946298632,94.08379552100074,30518900
2016-01-22,META,Meta,97.0874252319336,97.2162908466667,94.65874818149646,95.57074524023353,30495400
2016-01-25,META,Meta,96.16551971435547,98.61401931082437,96.08621430777822,97.86063307430014,32482000
2016-01-26,META,Meta,96.4926528930664,97.02795310741043,94.82728453241494,96.90900254621003,26877100
2016-01-27,META,Meta,93.62779235839844,96.9981962458403,93.40971385175214,96.9387209770258,58699400
2016-01-28,META,Meta,108.16019439697266,109.37948297046616,103.89762301594402,106.2668173807775,107475300
2016-01-29,META,Meta,111.23319244384766,111.85770546675377,107.89252612974619,108.04122186747985,62739500
2016-02-01,META,Meta,114.0881118774414,114.71263242519282,111.03492972224147,111.29266091806437,46132700
2016-02-02,META,Meta,113.6123046875,116.56635913965604,112.21457530248163,113.80065313134833,59778600
2016-02-03,META,Meta,111.70901489257812,114.33594009653787,108.79460572232335,114.26654976214986,56919300
2016-02-04,META,Meta,109.52816772460938,110.96554981938198,108.29896420730492,110.8267691430563,38890200
2016-02-05,META,Meta,103.16405487060547,108.62609161881451,102.28180305800109,108.55670128174381,76894700
2016-02-08,META,Meta,98.88166809082031,101.7861625036764,96.61160182057621,99.53592636706517,71229700
2016-02-09,META,Meta,98.67349243164062,101.50859636959922,95.97716917067473,96.29438322708369,62709000
2016-02-10,META,Meta,100.12078094482422,102.35119438171387,99.36739473295165,100.66599614347797,45179400
2016-02-11,META,Meta,101.02285766601562,104.19499803121266,98.01922804033877,98.73296151325292,43670600
2016-02-12,META,Meta,101.12199401855469,103.33257739174645,100.20999697033862,102.83692994590331,36176800
2016-02-16,META,Meta,100.72547149658203,103.02527527307458,99.36739481345849,102.89640966373365,45687200
2016-02-17,META,Meta,104.28421783447266,104.79969540478906,99.52600697181951,101.13189982916133,44073400
2016-02-18,META,Meta,102.56927490234375,105.07724955426994,102.13310276705948,104.87899361803846,29593500
2016-02-19,META,Meta,103.65970611572266,104.10578579004502,101.1715538296864,101.65729377005853,32404500
2016-02-22,META,Meta,106.22715759277344,107.3076653270373,104.4229937420573,104.57168947912481,35709700
2016-02-23,META,Meta,104.54195404052734,106.5344588079402,104.20491742154123,105.91985327787319,25319300
2016-02-24,META,Meta,105.94959259033203,106.01898292845573,101.8456324487776,103.30283711235468,34412400
2016-02-25,META,Meta,107.12922668457031,107.12922668457031,104.69064243076718,106.17758460232854,29906300
2016-02-26,META,Meta,106.98054504394531,108.49722504860502,106.22716635648061,107.75375386491065,26686200
2016-02-29,META,Meta,105.9892578125,107.96194027485826,105.82073948043336,106.66333870374703,32779000
2016-03-01,META,Meta,108.8639907836914,108.8639907836914,106.66331519543789,106.89131631908583,26817300
2016-03-02,META,Meta,108.99287414550781,109.58765715180294,107.82314582969688,108.72522784305909,25670200
2016-03-03,META,Meta,108.62610626220703,109.33983986142341,107.59515857033676,109.2902720869854,21353100
2016-03-04,META,Meta,107.44644927978516,109.09200237775968,106.99045455170271,109.09200237775968,24938900
2016-03-07,META,Meta,104.80960845947266,107.12923479243477,103.80839853721264,107.12923479243477,31436400
2016-03-08,META,Meta,105.00786590576172,106.4353329390434,103.49118596438977,103.8678752924037,25617000
2016-03-09,META,Meta,106.57411193847656,106.57411193847656,104.57169209686349,105.77115796340341,20493300
2016-03-10,META,Meta,106.38577270507812,107.71411185801215,104.84926252221015,106.97064065268509,24854300
2016-03-11,META,Meta,108.45756530761719,108.46747281005383,106.9805306428289,107.53566086141856,20697600
2016-03-14,META,Meta,108.93338775634766,109.36955989966975,107.82313482924566,108.32869730782542,17249400
2016-03-15,META,Meta,109.70660400390625,109.86521481703205,107.89253253442398,108.16018639082881,17618500
2016-03-16,META,Meta,111.20345306396484,111.52066710342876,109.14155802595975,109.5281624002133,24744800
2016-03-17,META,Meta,110.05355072021484,111.70901886458472,109.7660818696568,111.17371873899548,24241200
2016-03-18,META,Meta,110.47982025146484,111.44137757260816,109.31009189630808,110.58886330208813,36256900
2016-03-21,META,Meta,110.87632751464844,111.39180507217146,110.06346603976627,110.6879866358815,18448000
2016-03-22,META,Meta,111.2728500366211,111.89736308698244,110.2022497534476,110.39059820038916,19001100
2016-03-23,META,Meta,111.5603256225586,112.2046688009156,111.02502548498416,111.03494055132248,18562000
2016-03-24,META,Meta,112.0658950805664,112.10554022242134,110.70781830114113,111.1538979953203,17839100
2016-03-28,META,Meta,112.70030975341797,113.59246903507731,111.96674614617112,112.33352794979454,21351800
2016-03-29,META,Meta,115.12899017333984,115.30742355955206,112.65075289982559,112.83910135276626,29825300
2016-03-30,META,Meta,113.70152282714844,115.97158907212416,113.36448618894119,115.71385784160564,33235200
2016-03-31,META,Meta,113.10675811767578,114.00884019894548,112.77962895218364,113.70153360576468,21207500
2016-04-01,META,Meta,115.04967498779297,115.1587180235988,112.36326691916976,112.7597863618292,24760500
2016-04-04,META,Meta,111.57024383544922,113.55283363216635,110.6384242108386,113.07700875324309,48487900
2016-04-05,META,Meta,111.24311065673828,112.33353349266605,110.92589660332331,111.13406761684755,22962400
2016-04-06,META,Meta,112.72013854980469,112.81926652402377,111.44136726233333,111.4909350309327,20814600
2016-04-07,META,Meta,112.65074920654297,113.88986780267528,112.08571142922581,112.79944495067478,20714500
2016-04-08,META,Meta,109.66693878173828,113.3347340052919,108.94329782765261,113.25542860778201,48497800
2016-04-11,META,Meta,108.04122161865234,109.94451344389688,107.82313554554248,109.73633487376158,39762300
2016-04-12,META,Meta,109.64713287353516,110.1923481105315,108.04123236336602,108.38818407646363,26248100
2016-04-13,META,Meta,109.54800415039062,111.66937468235429,105.59273195895234,111.25303262945975,88227400
2016-04-14,META,Meta,109.87511444091797,111.06467276511277,109.30016919201873,109.65703593297924,28473300
2016-04-15,META,Meta,108.6855697631836,110.00399376536308,108.2493975969336,109.82556038489533,20922800
2016-04-18,META,Meta,109.488525390625,109.84539218153662,108.24940668967642,108.78470687604386,21167200
2016-04-19,META,Meta,111.3125,111.47110324380057,108.20974983141478,110.13285670425651,30210500
2016-04-20,META,Meta,111.44137573242188,112.28397492179529,110.58886147597906,111.45129079949126,21027900
2016-04-21,META,Meta,112.4524917602539,113.04726716588841,111.3323237239463,111.5702399365838,20875200
2016-04-22,META,Meta,109.59756469726562,110.7772080804233,108.06106209836771,110.24190791234285,38458200
2016-04-25,META,Meta,109.14156341552734,109.70660118756793,108.12053091192591,108.91356983123674,21017900
2016-04-26,META,Meta,107.813232421875,109.53808338192898,107.20854194477349,109.52816831557233,22521500
2016-04-27,META,Meta,107.94209289550781,107.99166066195244,105.3845504317436,107.00036583689462,52213100
2016-04-28,META,Meta,115.71385192871094,119.73850662600852,115.21820450045342,118.53904075718287,87110100
2016-04-29,META,Meta,116.55645751953125,116.81418875119832,114.83159892802404,115.80307126909062,37140600
2016-05-02,META,Meta,117.53782653808594,117.6964373395608,115.55523689752584,116.8042704887129,28095200
2016-05-03,META,Meta,116.40776062011719,117.13140922613752,116.00132608015154,116.49697353104824,24117500
2016-05-04,META,Meta,117.03225708007812,117.27017326809657,115.55523000361306,115.59488270161613,23448400
2016-05-05,META,Meta,116.7844467163086,117.94426746705629,116.22932400687702,117.01244786509925,22056700
2016-05-06,META,Meta,118.44982147216797,118.5985172147285,116.09054241273562,116.140110181249,26395600
2016-05-09,META,Meta,118.20199584960938,119.2329434016313,117.86495923068772,118.49938732993513,21138100
2016-05-10,META,Meta,119.45103454589844,119.45103454589844,117.96409220715282,118.57869776317375,23220000
2016-05-11,META,Meta,118.47956848144531,120.0259937382468,118.38044049955579,119.36182794030871,22038400
2016-05-12,META,Meta,119.23294830322266,119.78807102214002,117.86496407604211,118.93556437365115,22035500
2016-05-13,META,Meta,118.76703643798828,119.5898129985525,118.6381708270364,119.33207421366907,18124300
2016-05-16,META,Meta,117.63697052001953,118.56879019807351,116.3284614816575,118.34078903066317,31247800
2016-05-17,META,Meta,116.32846069335938,117.97401393809254,116.17976493848899,117.7856654777247,21328600
2016-05-18,META,Meta,116.6258544921875,117.2404525320105,115.71386493678666,115.78325528202411,21642300
2016-05-19,META,Meta,115.79315948486328,116.46724034637069,114.87125488843374,116.03107571573426,20544100
2016-05-20,META,Meta,116.32846069335938,116.96288885535812,115.93194120136509,115.94185626848451,18944800
2016-05-23,META,Meta,114.96046447753906,116.57627235352096,114.93072684224178,116.39783897875773,20441000
2016-05-24,META,Meta,116.67540740966797,116.70515260975077,115.10916720607071,115.22811775448218,20183600
2016-05-25,META,Meta,116.8637466430664,117.63695539866552,116.35818416325954,117.10165528410167,20019800
2016-05-26,META,Meta,118.43000793457031,118.71748437531706,116.89349774922954,117.21071182816038,18481300
2016-05-27,META,Meta,118.34078216552734,118.80669197752617,117.97400789368305,118.5192155496337,13493600
2016-05-31,META,Meta,117.77574157714844,119.05451287235451,117.09175325681379,118.42008475793936,23547600
2016-06-01,META,Meta,117.74600982666016,118.0434013289613,116.79436760746859,117.46844845810179,15029500
2016-06-02,META,Meta,117.89469146728516,118.40025393549554,117.19087306325613,117.65678283170698,13228300
2016-06-03,META,Meta,117.43870544433594,117.94426794991213,116.83401496352397,117.94426794991213,14135100
2016-06-06,META,Meta,117.75592803955078,118.39035620262815,117.32967090845376,117.58740971313529,12744700
2016-06-07,META,Meta,116.73487854003906,118.26147344972381,116.64565807469805,118.2019906185034,17103000
2016-06-08,META,Meta,117.35939025878906,117.56756125833019,116.24913736492404,116.73487726016573,14505600
2016-06-09,META,Meta,117.52790832519531,117.64686642311611,116.68530926311547,117.10165126136964,13859200
2016-06-10,META,Meta,115.60480499267578,117.08183216146162,115.24793825132119,116.51679441481339,18510800
2016-06-13,META,Meta,112.95804595947266,114.47473344398178,112.32361785586525,113.99890858478645,31718200
2016-06-14,META,Meta,113.93944549560547,113.94935299989206,112.591283740553,113.07701615490885,17618500
2016-06-15,META,Meta,113.6023941040039,114.43508575331492,113.07700901672644,114.29630507225973,19819400
2016-06-16,META,Meta,113.39421081542969,113.50325384774533,111.95683639014769,112.87874085055684,19236300
2016-06-17,META,Meta,112.03614807128906,113.43387753298815,111.58015331751646,113.4239624661944,24644300
2016-06-20,META,Meta,112.38310241699219,113.72134898225927,111.768496873375,112.77961431560489,20785400
2016-06-21,META,Meta,113.38430786132812,114.2070844428773,112.97788088535727,113.12657663285094,19166300
2016-06-22,META,Meta,112.91841125488281,113.7411803145717,112.62101974503268,113.65196739940481,14846300
2016-06-23,META,Meta,114.0782241821289,114.08813168624151,112.55162905798107,113.3744056781417,16176900
2016-06-24,META,Meta,111.1043472290039,112.69041774230195,110.03374679640993,110.04366186420638,40643100
2016-06-27,META,Meta,108.02141571044922,110.59878115849337,107.28785953928616,110.59878115849337,36130400
2016-06-28,META,Meta,111.71893310546875,111.76850087606032,109.58765510367063,109.6669529484452,26813800
2016-06-29,META,Meta,113.1662368774414,113.25544979409457,112.05598379354845,112.3831129472375,20968300
2016-06-30,META,Meta,113.28518676757812,114.1773537437714,112.6804962372127,113.67179119676516,23192700
2016-07-01,META,Meta,113.19596099853516,114.1277730118846,112.8192641163701,113.20586850165988,14980000
2016-07-05,META,Meta,113.20587158203125,113.20587158203125,111.98658312231841,112.94814036014478,14207000
2016-07-06,META,Meta,115.68408966064453,115.77331011731556,111.98656462669081,112.37316895864889,24337600
2016-07-07,META,Meta,114.84151458740234,115.95176761678209,114.35578219585247,115.61472341235358,16630200
2016-07-08,META,Meta,116.21940612792969,116.47714490663395,114.84150689109383,115.41645971936506,18142600
2016-07-11,META,Meta,116.84391784667969,117.66668676202877,116.47713605727373,116.68530705245692,17711600
2016-07-12,META,Meta,116.90340423583984,117.68652809012278,116.54653747786332,117.59730761913882,15217700
2016-07-13,META,Meta,115.76341247558594,117.36931287055498,115.66428450223763,117.35939780432628,16207700
2016-07-14,META,Meta,116.26897430419922,116.61592599041673,115.68410640773584,116.47714531592973,14579700
2016-07-15,META,Meta,115.84271240234375,117.2503492210827,115.56515106489994,116.71504911473566,16646000
2016-07-18,META,Meta,118.33087158203125,118.56878023365427,115.87245697199458,116.29871406943313,20868400
2016-07-19,META,Meta,119.56008911132812,119.79799779082076,117.627066909862,117.95418850804664,21541300
2016-07-20,META,Meta,120.85867309570312,121.13623445924043,119.51051141882489,120.19450732395605,20046500
2016-07-21,META,Meta,119.56008911132812,121.03711652585817,119.2032223105989,120.85868312549356,17801700
2016-07-22,META,Meta,119.94669342041016,119.95660848791417,118.27140247231843,118.85627044736619,18422400
2016-07-25,META,Meta,120.5711898803711,120.78927595744338,116.75470622054475,120.3332812340102,18487400
2016-07-26,META,Meta,120.16474914550781,121.00734815877512,119.69883940936579,120.9379578297526,17612000
2016-07-27,META,Meta,122.26631164550781,123.91186484082438,120.45224769210297,121.35432213539455,52654200
2016-07-28,META,Meta,123.91185760498047,127.21287130669225,122.55378092295723,126.40991732658586,78955800
2016-07-29,META,Meta,122.86109161376953,124.74454586246482,122.6330904603804,123.564910081131,35058800
2016-08-01,META,Meta,123.22785949707031,123.49551333991383,121.79048500009996,122.77186477690745,25006900
2016-08-02,META,Meta,122.01847839355469,123.71359922771306,121.00736098307196,122.98003559975676,23968400
2016-08-03,META,Meta,121.44353485107422,122.84125666442029,121.24527134220914,122.01848011933413,18525300
2016-08-04,META,Meta,123.27742004394531,123.70367710393255,121.44352620464358,121.86978326463083,21066000
2016-08-05,META,Meta,124.06055450439453,124.74454282193066,123.53516943332343,123.89203619159431,20184000
2016-08-08,META,Meta,124.16960144042969,124.35794232882907,123.46578296814388,124.15968637378344,15233900
2016-08-09,META,Meta,123.9713363647461,124.99236889006391,123.44595128379459,124.24889772351446,19621000
2016-08-10,META,Meta,123.79291534423828,124.38769838725682,123.45587867864295,123.98126381205952,10670100
2016-08-11,META,Meta,123.81272888183594,124.28854617688953,123.66403314101436,124.11011280049955,11729500
2016-08-12,META,Meta,123.79291534423828,123.91187346543809,123.09901187802404,123.61448194392882,12159000
2016-08-15,META,Meta,122.82144165039062,123.83255913737312,122.62317812932933,123.82265163355507,19295100
2016-08-16,META,Meta,122.2266616821289,122.84125966718523,121.71118410945874,122.42491763286068,14222400
2016-08-17,META,Meta,123.28733825683594,123.29724575959207,121.78056591019082,122.58351984921087,13794200
2016-08-18,META,Meta,122.83135986328125,123.17831158029999,122.56370599373807,122.93048784486086,12400800
2016-08-19,META,Meta,122.48439025878906,123.0791732240915,122.20682890857036,122.52404296067452,11688300
2016-08-22,META,Meta,123.06926727294922,123.74334812896855,122.03831963650906,122.2564057315418,14386400
2016-08-23,META,Meta,123.28733825683594,124.00106416721714,123.16838015694947,123.42611892521388,13309500
2016-08-24,META,Meta,122.40509796142578,123.60456388660867,122.01848599127865,123.38647779785181,12243700
2016-08-25,META,Meta,122.8115234375,123.28734831287774,122.02839956607443,122.04822969916256,10730800
2016-08-26,META,Meta,123.87220764160156,124.10020879234648,122.83135255249587,122.9701332310433,17504800
2016-08-29,META,Meta,125.4384536743164,125.6268021196452,123.26751549030008,123.26751549030008,15925900
2016-08-30,META,Meta,124.74454498291016,125.49793121486417,124.06055665352514,125.49793121486417,17804300
2016-08-31,META,Meta,125.02210998535156,125.12123795837465,124.01098499676924,124.50663242486422,14200600
2016-09-01,META,Meta,125.07167053222656,125.52766525976276,124.50663276517307,125.2798415450379,13536100
2016-09-02,META,Meta,125.40872955322266,125.75568128228696,124.90316699774013,125.7457662148907,12118800
2016-09-06,META,Meta,128.6006622314453,128.80884078201808,125.36904682824692,125.56730275081884,26278400
2016-09-07,META,Meta,129.90919494628906,130.83109190930534,128.8187645455566,128.9079774530822,27990800
2016-09-08,META,Meta,129.13600158691406,129.93894810246945,128.67999923960699,129.7803372750617,15676600
2016-09-09,META,Meta,125.99357604980469,128.8187649074121,125.99357604980469,128.5808638200089,27100700
2016-09-12,META,Meta,127.56974792480469,127.63913070492909,124.65533838845184,124.86350941776558,21252800
2016-09-13,META,Meta,126.10261535644531,127.23269842900757,125.55740773367009,126.91547682058349,18016200
2016-09-14,META,Meta,126.65774536132812,127.67878545571753,125.78540857671156,125.78540857671156,15691100
2016-09-15,META,Meta,127.23270416259766,127.97617532414156,126.5586157772989,126.86592233356328,15077200
2016-09-16,META,Meta,127.94644927978516,128.05547720576848,127.08401236860445,127.08401236860445,24119200
2016-09-19,META,Meta,127.53008270263672,128.8088615928508,127.1434782970752,128.77912395595837,14958800
2016-09-20,META,Meta,127.52018737792969,128.0455725144866,126.91549682676553,127.53009488252015,11083800
2016-09-21,META,Meta,128.80885314941406,128.87823592229512,127.27234313153065,128.00590675403183,14068300
2016-09-22,META,Meta,128.94764709472656,129.59198275276609,128.43216949271877,129.3639891527466,15538300
2016-09-23,META,Meta,126.8460922241211,127.4805279066973,126.19184153459089,126.44957275862836,28326300
2016-09-26,META,Meta,126.20174407958984,127.04435074677319,125.69618915485518,126.2612269130135,15064900
2016-09-27,META,Meta,127.56974792480469,127.88695443929977,126.32071418594201,126.4991475772081,15637100
2016-09-28,META,Meta,128.1050262451172,128.34294244891848,127.28224972367451,128.0852112392694,12047600
2016-09-29,META,Meta,126.97496032714844,128.1645111839836,126.43966773565853,128.0554681397594,14532200
2016-09-30,META,Meta,127.15339660644531,127.47060309784037,126.34052755644433,126.91548039342958,18402900
2016-10-03,META,Meta,127.6490249633789,127.96623140737103,126.68746787766153,127.26242062872655,13156900
2016-10-04,META,Meta,127.07408905029297,128.15459680493566,126.43966095228672,128.0455537665615,14307500
2016-10-05,META,Meta,127.35164642333984,127.67877552825308,126.71721834513316,127.13356035339768,12386800
2016-10-06,META,Meta,127.61932373046875,127.93653026493189,126.9650654003143,127.31200957469709,11682700
2016-10-07,META,Meta,127.86711120605469,128.1248423875633,127.21285306150553,127.91666384122237,12804400
2016-10-10,META,Meta,129.1062469482422,129.56223410954888,128.07529183179747,128.5511091254094,15138700
2016-10-11,META,Meta,127.75810241699219,129.50277614401557,127.11375160162004,129.0963415702216,17537900
2016-10-12,META,Meta,127.9266128540039,128.53130336214636,127.34175247959274,127.88695258654138,11073000
2016-10-13,META,Meta,126.70731353759766,127.13357064618202,125.64662829944305,127.09392550569127,17139300
2016-10-14,META,Meta,126.76679992675781,127.82748525791776,126.46941596912207,127.37149803547238,13345300
2016-10-17,META,Meta,126.42975616455078,127.35166075112991,126.21167007007269,127.08400688500494,11351700
2016-10-18,META,Meta,127.45079803466797,128.26365202212685,126.89566016098725,127.55982595743549,13504000
2016-10-19,META,Meta,128.9773712158203,129.33423796043195,127.48052146462192,127.6193021360843,16752300
2016-10-20,META,Meta,128.86831665039062,129.522574811307,128.37266927865835,128.93771454289268,13167500
2016-10-21,META,Meta,130.92030334472656,130.97977860887002,128.57092452935868,128.65022992353573,19088800
2016-10-24,META,Meta,132.1197967529297,132.24866994359138,130.99962855954433,131.56467397155825,17470200
2016-10-25,META,Meta,131.13841247558594,132.33788611376303,131.06902968919115,132.33788611376303,13336800
2016-10-26,META,Meta,129.8992919921875,131.10867311946592,129.80017156635444,130.49407505103184,13084700
2016-10-27,META,Meta,128.56103515625,130.65266795400302,128.14469312257833,130.59319268147271,16741400
2016-10-28,META,Meta,130.14710998535156,131.81249340082837,128.7989482208078,129.363993614297,24545500
2016-10-31,META,Meta,129.8497314453125,130.969884457468,129.74068839535462,130.86084140751012,15669000
2016-11-01,META,Meta,128.37269592285156,130.7914580190806,127.53008916563782,130.2660729060755,22077800
2016-11-02,META,Meta,126.06297302246094,129.0963330541669,125.1807211496709,129.0963330541669,39640900
2016-11-03,META,Meta,118.95539093017578,122.20683707219044,118.45974346796672,120.93798077901204,63766300
2016-11-04,META,Meta,119.69886779785156,120.8685961666355,118.21192534073539,118.54896200078444,30545500
2016-11-07,META,Meta,121.08667755126953,122.13744775985919,120.29363857985611,121.76075840807688,23008900
2016-11-08,META,Meta,123.1386489868164,123.52525337801801,120.48197845372516,120.96771081854621,19460800
2016-11-09,META,Meta,122.10770416259766,122.73221721709533,119.4609486363716,120.44232845429073,31916000
2016-11-10,META,Meta,119.7484359741211,123.09901026607875,114.26656841088987,122.85118652239305,67846700
2016-11-11,META,Meta,117.98391723632812,119.6492929929524,117.12149550218804,118.48947975967299,32840100
2016-11-14,META,Meta,114.0782241821289,118.09296417498385,112.56154412507392,118.09296417498385,51377000
2016-11-15,META,Meta,116.17975616455078,117.45852745909441,114.82168702798108,115.71385392684638,34681400
2016-11-16,META,Meta,115.3272476196289,116.85384270738923,113.21579215799538,113.4834460222608,32397900
2016-11-17,META,Meta,116.7646255493164,116.7646255493164,115.00012186201369,115.79315323316041,18597800
2016-11-18,META,Meta,116.00132751464844,118.09296038833645,115.82289412759988,117.35940426957241,22879300
2016-11-21,META,Meta,120.70997619628906,120.88840958014455,116.77454181083064,117.17105371897185,35415400
2016-11-22,META,Meta,120.41258239746094,121.90943968586116,119.8475446553863,121.33448687800157,26089200
2016-11-23,META,Meta,119.78807067871094,120.25398048631503,118.89591132957436,120.1746826431112,15672100
2016-11-25,META,Meta,119.33207702636719,120.08546326602573,119.02477802832668,119.95659765203645,8658600
2016-11-28,META,Meta,119.36183166503906,120.6306880239727,118.77696369657345,119.07435521450246,18101300
2016-11-29,META,Meta,119.81781768798828,121.03710618381358,119.3519078733471,119.52042619179777,18891000
2016-11-30,META,Meta,117.38914489746094,120.72981156559388,116.92323506591045,119.27260679473773,30188900
2016-12-01,META,Meta,114.09803771972656,117.41887401276296,113.00761487823426,117.34948367456744,43277000
2016-12-02,META,Meta,114.39541625976562,115.46601641046931,113.30499354166913,114.10793987320748,25070400
2016-12-05,META,Meta,116.40776062011719,116.54654130132987,114.0683040468464,114.94064083775181,20201500
2016-12-06,META,Meta,116.28880310058594,116.77454305028034,115.31733832715703,116.66550000549016,19131200
2016-12-07,META,Meta,116.92322540283203,116.92322540283203,115.55524122231965,115.98149831351243,21913700
2016-12-08,META,Meta,117.87488555908203,118.4597459464953,116.61593674346123,116.952980957565,22442800
2016-12-09,META,Meta,118.63817596435547,118.8959147603996,117.91452734726307,118.18218121011122,17464700
2016-12-12,META,Meta,116.74479675292969,118.20200146235725,116.6258462055347,118.18217889211805,17805500
2016-12-13,META,Meta,119.26268005371094,120.46214590530373,116.58618700476563,116.83401071533387,29768000
2016-12-14,META,Meta,119.16355895996094,120.63067873891514,117.81539729161813,118.95538793862593,25913100
2016-12-15,META,Meta,119.52041625976562,121.43361556672379,118.58859670791658,119.03468391513293,20139600
2016-12-16,META,Meta,118.82650756835938,120.44231533120018,118.23172465214314,119.84753997796288,25324300
2016-12-19,META,Meta,118.20199584960938,119.31224880478212,117.47835484405194,118.80668631342012,15918100
2016-12-20,META,Meta,118.05329895019531,118.72737974439885,117.76583010181065,118.45973346511748,13684400
2016-12-21,META,Meta,118.00374603271484,118.16234928427329,117.44862330779038,117.88478792181107,10767600
2016-12-22,META,Meta,116.37801361083984,117.95416874752807,115.9121038344414,117.82530314334566,16258600
2016-12-23,META,Meta,116.24913787841797,116.53661427800051,115.28758827523666,115.98149161010546,10890000
2016-12-27,META,Meta,116.98271942138672,117.64688522421496,115.84272871381299,115.94185669643238,12051500
2016-12-28,META,Meta,115.9021987915039,117.22062283384116,115.63455249413994,117.1611475595336,12087400
2016-12-29,META,Meta,115.33716583251953,116.5068941751525,115.0496893896797,115.9815090621274,9934900
2016-12-30,META,Meta,114.0484848022461,115.81298856881557,113.77091586874674,115.58498740704327,18684100
2017-01-03,META,Meta,115.84271240234375,116.81417708339714,114.50446591796576,115.01993589279297,20663900
2017-01-04,META,Meta,117.65679168701172,118.61834893035878,116.26897734289162,116.52671612923757,19630900
2017-01-05,META,Meta,119.61955261230469,119.89711397154653,117.29001113240511,117.82531128079145,19492200
2017-01-06,META,Meta,122.33570861816406,122.80161087351247,118.98512697809012,119.92686168149302,28545300
2017-01-09,META,Meta,123.81272888183594,124.33811394482323,121.96891984679928,122.47448234040083,22880400
2017-01-10,META,Meta,123.26752471923828,124.4075154169297,123.19813437570821,123.73343455278888,17324600
2017-01-11,META,Meta,124.99236297607422,125.02210817423183,122.98003565723667,123.26751206892482,18356500
2017-01-12,META,Meta,125.51776123046875,125.62680427300404,123.71360483985741,124.5165512776356,18653900
2017-01-13,META,Meta,127.2227783203125,128.14469040284416,126.26122866190143,126.38017920443747,24884300
2017-01-17,META,Meta,126.75688934326172,127.22279162187208,126.290979501671,126.9254001084796,15294500
2017-01-18,META,Meta,126.80643463134766,127.31198955645034,125.73583438469585,127.29217455026046,13145900
2017-01-19,META,Meta,126.43965911865234,127.23269801114922,126.34052358485569,127.11373234540149,12195500
2017-01-20,META,Meta,125.9341049194336,127.36156443165372,125.67636612797139,126.984882655558,19097200
2017-01-23,META,Meta,127.8076400756836,128.12486169391622,125.84488047223688,126.20174722976896,16593600
2017-01-24,META,Meta,128.24378967285156,128.76917465039173,127.26241760678354,128.25371230039997,15162700
2017-01-25,META,Meta,130.33544921875,130.59319557336823,128.6403434102612,128.868337001996,18731300
2017-01-26,META,Meta,131.62413024902344,131.98099700352165,130.2957987673754,130.48414721085487,20020100
2017-01-27,META,Meta,131.0293426513672,131.79264390155546,129.938927419914,131.5249900636528,19539500
2017-01-30,META,Meta,129.8397979736328,130.43458094664092,128.47182133724908,130.43458094664092,18956100
2017-01-31,META,Meta,129.18553161621094,129.5225681815074,128.39249283684066,129.03682833672843,19790500
2017-02-01,META,Meta,132.07022094726562,132.32796731291714,129.54241581882755,131.09875613893414,50139800
2017-02-02,META,Meta,129.70101928710938,134.31054958376146,129.26484711700454,132.06030595669853,54366400
2017-02-03,META,Meta,129.8397979736328,131.69352966813113,129.62171189192713,130.09754432071733,24804900
2017-02-06,META,Meta,130.91043090820312,130.91043090820312,129.16575694526642,129.83983036527727,17058500
2017-02-07,META,Meta,130.69232177734375,131.84222754253167,130.51389594789757,131.08884883049154,14596400
2017-02-08,META,Meta,133.03175354003906,133.26966972737824,131.28708021075784,131.4456910023173,22390600
2017-02-09,META,Meta,132.9722900390625,133.3291567886653,132.14951350175716,133.3192492855504,16470600
2017-02-10,META,Meta,133.02186584472656,133.7653370241619,132.5162957620962,132.9326529334247,15061900
2017-02-13,META,Meta,132.883056640625,133.52739214078343,132.5360974476433,133.52739214078343,13526200
2017-02-14,META,Meta,132.684814453125,133.0614961898346,131.3961281935399,132.93263815204682,14364900
2017-02-15,META,Meta,132.2783966064453,132.5361278404195,131.50518777856269,132.2883041103043,13226500
2017-02-16,META,Meta,132.67489624023438,132.70463387501806,131.8620423462157,131.91161011284143,12831100
2017-02-17,META,Meta,132.3675994873047,132.92272218053802,132.01073273794628,132.3378618520214,12276500
2017-02-21,META,Meta,132.55593872070312,132.7442871483872,131.74306974353144,132.33785265980134,14759100
2017-02-22,META,Meta,134.93505859375,135.5992243697369,132.29822562331302,132.43700630596757,27360100
2017-02-23,META,Meta,134.18167114257812,134.93504978122027,133.1606386598825,134.70705620159785,18422500
2017-02-24,META,Meta,134.26095581054688,134.43938159505424,132.9920998119723,132.9920998119723,12625700
2017-02-27,META,Meta,135.2225341796875,135.9858203238411,133.8446349426047,134.08253602609818,14306700
2017-02-28,META,Meta,134.36009216308594,135.61904080959457,133.57697591702748,135.5992106780862,16112100
2017-03-01,META,Meta,136.22373962402344,136.28321489624622,135.11349420663987,135.28201251992422,16257000
2017-03-02,META,Meta,135.5695037841797,136.62028922897053,135.12342404282273,135.8966329614313,12294800
2017-03-03,META,Meta,135.97589111328125,136.13450189426203,134.8953835290182,135.44059863491682,11160600
2017-03-06,META,Meta,136.22373962402344,136.63017415215825,135.32165765941963,135.68844704805903,12748200
2017-03-07,META,Meta,136.10476684570312,137.1654443209772,135.79746790544576,135.83711303846476,13527100
2017-03-08,META,Meta,136.52113342285156,136.7887872783457,135.8569676618517,135.95608807524832,10184500
2017-03-09,META,Meta,137.03660583496094,137.3637349513533,136.2039066632535,136.52112827646758,15535300
2017-03-10,META,Meta,137.58180236816406,138.2757208477516,137.01677218233723,137.70076803304235,16314100
2017-03-13,META,Meta,138.384765625,138.464055901305,137.46285355889685,137.5025138230082,10955500
2017-03-14,META,Meta,138.10719299316406,138.24597365429415,137.3141541612961,138.24597365429415,12944000
2017-03-15,META,Meta,138.50372314453125,138.8804200427763,137.2844346659481,138.07745847662878,19344800
2017-03-16,META,Meta,138.7713623046875,139.02909350327025,138.51361598014674,138.97952573886178,13612900
2017-03-17,META,Meta,138.6226806640625,139.1183281336502,138.48389997761635,139.1183281336502,20592800
2017-03-20,META,Meta,138.72181701660156,138.96964075283933,138.03782108443167,138.49382341453176,12099500
2017-03-21,META,Meta,137.30426025390625,141.0711841487624,137.1952172026407,139.92127835831857,29894800
2017-03-22,META,Meta,138.37481689453125,138.57307279981467,136.40215021692063,136.72926414136248,17055400
2017-03-23,META,Meta,138.3153839111328,139.1678981777798,137.87921171062123,138.26581613817274,13022800
2017-03-24,META,Meta,139.1183319091797,139.79242035161244,138.54337901373904,138.86060066334525,16664700
2017-03-27,META,Meta,139.0985107421875,139.42562475566535,137.5620005876007,137.83956195573714,12800500
2017-03-28,META,Meta,140.5259552001953,140.71430364548038,138.79118917924654,139.13814843382002,14679400
2017-03-29,META,Meta,141.40821838378906,141.61639697844183,140.19883733628012,140.75397521336726,16527600
2017-03-30,META,Meta,141.17031860351562,141.70561122543,140.6151958471716,141.16039597332048,12404000
2017-03-31,META,Meta,140.81344604492188,141.38839891214158,140.65483522790402,141.07117727810586,11478300
2017-04-03,META,Meta,141.04144287109375,141.2297913298714,139.59416072904716,140.6944835916654,13564000
2017-04-04,META,Meta,140.49623107910156,140.8530978713493,140.04024386598326,140.62510426479014,12948600
2017-04-05,META,Meta,140.6151885986328,142.1913438704237,140.0600507449448,141.02160801474525,17158100
2017-04-06,META,Meta,139.9410858154297,140.98194838593602,139.68335461145867,140.87290535234092,15103400
2017-04-07,META,Meta,139.5544891357422,140.3177904129647,139.01919656693676,139.9708311616929,11818300
2017-04-10,META,Meta,139.81224060058594,140.19884504680843,139.40582114499094,139.7725954558796,9039400
2017-04-11,META,Meta,138.7019805908203,139.80231853484233,137.6016426467983,139.57432494311445,16638100
2017-04-12,META,Meta,138.36495971679688,139.17781376188134,138.22617902002824,138.5037404135655,11612500
2017-04-13,META,Meta,138.17660522460938,139.35624865873314,138.11712994657975,138.40459883237656,10965600
2017-04-17,META,Meta,140.1889190673828,140.31779224112725,138.53345844526294,138.54336594864353,11519700
2017-04-18,META,Meta,139.73292541503906,140.67465247513135,139.38596617534043,140.04022439113626,14807500
2017-04-19,META,Meta,141.03150939941406,141.7947954720787,140.04021464181127,140.11952003753441,15563900
2017-04-20,META,Meta,142.54820251464844,142.9942821721427,141.44786462565114,141.70559584141338,15968200
2017-04-21,META,Meta,142.42922973632812,142.91496963412595,141.0315155627533,142.64731580260812,12382000
2017-04-24,META,Meta,144.20367431640625,144.4019302767182,143.0835062080014,143.69811934871674,14407200
2017-04-25,META,Meta,145.2147979736328,145.86904112374023,144.52087943031032,144.52087943031032,17767500
2017-04-26,META,Meta,145.2841796875,146.3052122354123,144.81826986940877,145.80956478007778,12395000
2017-04-27,META,Meta,146.4142608642578,146.46382863687356,144.86784316479375,145.39322827740756,11275100
2017-04-28,META,Meta,148.94204711914062,150.21090328219205,147.77232648874826,148.19857600207337,30652200
2017-05-01,META,Meta,151.13284301757812,151.24188607309432,150.1018877425229,150.41910940437415,25218300
2017-05-02,META,Meta,151.45004272460938,152.10430102820618,150.3397972101135,152.00516548185732,21870400
2017-05-03,META,Meta,150.47857666015625,152.26291059801594,150.0225743270519,152.26291059801594,29782500
2017-05-04,META,Meta,149.53683471679688,150.20100045359757,147.42537183830993,148.86274635084632,36225500
2017-05-05,META,Meta,148.9321746826172,150.31007420563918,148.48607980657607,150.1316332300303,17148500
2017-05-08,META,Meta,149.7449951171875,149.76482524912447,148.43649380256366,149.39805100106364,15827500
2017-05-09,META,Meta,149.17002868652344,151.26166119922374,148.90238999661145,150.1712460575336,17453900
2017-05-10,META,Meta,148.98171997070312,149.2097287130422,147.56417537092534,148.92224469042733,12080700
2017-05-11,META,Meta,148.73388671875,149.33857723953253,148.10938118978214,149.00154058885647,11841900
2017-05-12,META,Meta,149.02137756347656,149.15025075239907,148.32747409612668,149.09076034723097,9598200
2017-05-15,META,Meta,148.88258361816406,150.16134738517624,148.46624157481222,148.86275348487308,15064700
2017-05-16,META,Meta,148.4761505126953,148.9024151897901,147.73267932967968,148.80327964833737,14550800
2017-05-17,META,Meta,143.58908081054688,147.37581968708267,143.1628161128287,146.7116538799038,28300100
2017-05-18,META,Meta,146.3745880126953,146.8603127648835,143.25200044054233,143.4601789957356,23031600
2017-05-19,META,Meta,146.7711181640625,148.08954217542922,146.67199775119826,147.15772256393998,16187900
2017-05-22,META,Meta,146.94956970214844,147.29651386112334,146.40435445123288,146.79095887898018,12586700
2017-05-23,META,Meta,146.78106689453125,147.51461555881454,145.96819768431632,147.22714664664232,12817800
2017-05-24,META,Meta,148.73388671875,148.92223517823382,147.12799375003203,147.21720666474738,17862400
2017-05-25,META,Meta,150.63717651367188,151.2616820019777,148.6446641256672,148.99162338380555,19891400
2017-05-26,META,Meta,150.80569458007812,150.9246451250914,149.8342147092718,150.90481499226937,14996200
2017-05-30,META,Meta,151.05352783203125,151.5689903102576,150.31996413091787,150.64709327630788,13226000
2017-05-31,META,Meta,150.1415252685547,152.01507193790442,149.77473588685828,151.37072120711613,18023900
2017-06-01,META,Meta,150.21090698242188,150.96428562093,148.99161855566456,150.4289930588772,14530600
2017-06-02,META,Meta,152.27281188964844,152.29264202313797,149.98292306530328,150.52813829156642,16854400
2017-06-05,META,Meta,152.29263305664062,153.36323331264384,152.07454697897558,152.30254055982212,12520400
2017-06-06,META,Meta,151.47976684570312,153.17488773085245,151.1526377230968,152.07454981879818,13457100
2017-06-07,META,Meta,151.78704833984375,152.4115688770121,151.01383963951992,151.93575162895687,12066700
2017-06-08,META,Meta,153.3632354736328,153.383050480275,151.76725013330054,152.73871486734126,17799400
2017-06-09,META,Meta,148.29771423339844,154.23556064915013,145.33373721407455,153.4227067451964,35577700
2017-06-12,META,Meta,147.14781188964844,147.9011905402127,143.30158298075054,146.88015804135935,33170200
2017-06-13,META,Meta,149.36827087402344,149.8639181999276,147.60376760388104,148.84288591864149,20483400
2017-06-14,META,Meta,148.94204711914062,151.07332493768334,147.75249635702474,149.94324944477944,20808800
2017-06-15,META,Meta,148.4959716796875,148.73387276327318,145.0958224758382,146.38450880711042,18994200
2017-06-16,META,Meta,149.32864379882812,149.51699222559805,147.30640912004958,148.28778126338656,22882400
2017-06-19,META,Meta,151.5392303466797,152.23314880337537,150.38933988115386,150.38933988115386,19026500
2017-06-20,META,Meta,150.92465209960938,152.50080739770982,150.88500695809267,151.5491727417081,14743900
2017-06-21,META,Meta,152.5701904296875,152.73870873513582,150.55786314127224,151.0336804228886,15039800
2017-06-22,META,Meta,152.0646209716797,153.20461910250506,151.57889618527363,151.67801659276364,13005500
2017-06-23,META,Meta,153.7200927734375,153.84895081252103,151.3211460329082,151.39054392976405,18027000
2017-06-26,META,Meta,152.25299072265625,155.13766271389278,151.86638628962172,154.88983897153832,18049700
2017-06-27,META,Meta,149.26919555664062,151.97542653796327,149.08084709577176,151.5095167008542,19360800
2017-06-28,META,Meta,151.90603637695312,152.1340299693682,148.55545476459667,149.60622494159466,16719100
2017-06-29,META,Meta,149.72518920898438,151.17248655536358,147.62364866242396,150.95440044664943,23973500
2017-06-30,META,Meta,149.6656951904297,150.59751478809116,148.7537057254306,150.57768465542878,17666000
2017-07-03,META,Meta,147.1378936767578,150.82551188802339,146.513388179951,150.39926234458315,13862700
2017-07-05,META,Meta,149.03125,149.5368200062176,146.84049705958236,147.70291865707227,14334300
2017-07-06,META,Meta,147.52450561523438,148.7338714063326,146.7116365845086,147.7326690614727,14951800
2017-07-07,META,Meta,150.1217041015625,150.66691932911039,147.89129054647026,147.95076582111912,13615900
2017-07-10,META,Meta,152.1637420654297,152.63955930372128,150.1910600942857,150.36950101236835,13378700
2017-07-11,META,Meta,153.91836547851562,154.0670536651799,151.57890887725088,152.0348960669947,13667700
2017-07-12,META,Meta,157.51673889160156,157.7744852222144,154.8402459360295,155.12772990079637,22739400
2017-07-13,META,Meta,157.8736114501953,158.38908900447476,157.04092741125396,157.3581490218748,13929200
2017-07-14,META,Meta,158.5774383544922,158.92439760235374,157.9430102555709,158.73604916071227,16371200
2017-07-17,META,Meta,158.3395233154297,159.3803859407482,157.42753386186237,158.85500087647526,12858800
2017-07-18,META,Meta,161.44227600097656,162.30469765946916,158.03221937867391,158.2701355823085,23722900
2017-07-19,META,Meta,162.7111358642578,164.25755340811133,161.74957865092037,162.1659206722687,26273600
2017-07-20,META,Meta,163.0977325439453,163.5636423109076,161.39270427462768,163.36538637572238,18523100
2017-07-21,META,Meta,162.99862670898438,163.61323988377646,162.32455338135819,162.7309879544063,14744000
2017-07-24,META,Meta,164.55494689941406,164.72346521064173,162.87965616444126,163.2067852836335,17367000
2017-07-25,META,Meta,163.84121704101562,164.09894826523268,162.43358012236655,163.57356318735518,15383200
2017-07-26,META,Meta,164.16836547851562,164.56487742794627,162.6715154745594,164.56487742794627,35236900
2017-07-27,META,Meta,168.956298828125,173.96234091022987,166.04188951147168,173.17920949811622,68910700
2017-07-28,META,Meta,170.9488067626953,171.9202715537653,167.57841006863856,167.59824020240413,24557600
2017-07-31,META,Meta,167.77664184570312,171.21643594915992,167.08273852352698,170.50270249607644,25478900
2017-08-01,META,Meta,168.38134765625,168.9860381335434,167.57840122963862,168.34170251677014,14385000
2017-08-02,META,Meta,167.82623291015625,169.06535155963175,165.45703865739745,168.81752782973666,17433800
2017-08-03,META,Meta,167.1223907470703,168.222728606743,166.78535413714212,167.82621672752848,10793800
2017-08-04,META,Meta,168.1434326171875,168.57960478431247,167.22153563973112,167.49909699590893,10777700
2017-08-07,META,Meta,170.48289489746094,170.5622003056138,168.18309856486772,168.47056743420688,12787800
2017-08-08,META,Meta,169.73941040039062,171.54357426096124,169.13471994586473,170.38376111886248,14393500
2017-08-09,META,Meta,169.68984985351562,169.95750370568328,168.08395699242854,168.50029902582298,10815000
2017-08-10,META,Meta,165.9427490234375,169.10498196142535,165.39754896595718,168.57959690991828,20832700
2017-08-11,META,Meta,166.6168212890625,167.3503848401349,165.3975329972425,166.48794813288507,13791200
2017-08-14,META,Meta,169.26361083984375,169.59073998483981,167.81631357343335,168.60935254985165,12954200
2017-08-15,META,Meta,169.5114288330078,170.0070762857359,168.53004143126063,169.9971687820269,8729200
2017-08-16,META,Meta,168.52012634277344,169.88811809103936,167.76674769388046,169.75924491882324,15779900
2017-08-17,META,Meta,165.45701599121094,168.38133257817495,165.39754072433732,167.8658550553403,17216000
2017-08-18,META,Meta,165.95266723632812,167.20169324754895,164.76311649336188,165.3876219359931,15093600
2017-08-21,META,Meta,166.31947326660156,166.53755937586112,164.37654354442148,165.70487520921253,11907500
2017-08-22,META,Meta,168.1632843017578,168.3912779179892,165.69495429016598,166.8151224878462,11391000
2017-08-23,META,Meta,167.24136352539062,167.88569913801135,166.73579346303475,167.3702215723392,9856500
2017-08-24,META,Meta,166.27980041503906,167.81629530248614,164.96137647455325,167.4098759174614,14030400
2017-08-25,META,Meta,164.87217712402344,166.91424222382497,164.7333813153379,166.3987646340044,12614500
2017-08-28,META,Meta,165.78414916992188,166.2401363111605,164.88206726422328,165.45702006809847,8553700
2017-08-29,META,Meta,166.5871124267578,166.9637942063987,163.5636599301301,163.81148365729695,11121000
2017-08-30,META,Meta,168.4408416748047,168.6985729250059,166.1707828194465,166.7060754547755,11138300
2017-08-31,META,Meta,170.4729766845703,170.65140249723558,168.57959988950745,168.9166365085145,17226500
2017-09-01,META,Meta,170.5225372314453,171.4146965089108,169.81871126183174,170.89921897310757,11677600
2017-09-05,META,Meta,169.23387145996094,170.88933217599208,168.0740582083449,169.77908669600956,13210900
2017-09-06,META,Meta,170.5919189453125,170.97852331327934,168.09386693350746,169.42219833873116,13906300
2017-09-07,META,Meta,171.7021942138672,171.80131462709602,168.78778482285844,170.44324547078008,18049500
2017-09-08,META,Meta,169.46185302734375,171.9797504383514,169.31316484895945,171.58322341939473,10998500
2017-09-11,META,Meta,171.9995574951172,172.37625436422556,170.70096371071747,170.89921964805296,12372000
2017-09-12,META,Meta,171.45437622070312,172.4853162832958,170.25490271066695,172.24740005686974,11186300
2017-09-13,META,Meta,171.54356384277344,171.66251437546958,170.56217657015668,171.50390358123616,9119300
2017-09-14,META,Meta,169.47177124023438,170.780272553795,169.01576896180705,170.7604424218741,15615700
2017-09-15,META,Meta,170.14584350585938,170.83974685958648,168.77785180425548,169.39246488266406,15660500
2017-09-18,META,Meta,168.530029296875,170.57210936088856,167.86586357315537,170.49280395904697,12954000
2017-09-19,META,Meta,171.01820373535156,171.05784887670634,168.8770030791521,169.1347343128583,13168600
2017-09-20,META,Meta,170.67124938964844,171.54359378423464,169.21404460594667,170.99837853761827,12264100
2017-09-21,META,Meta,169.62046813964844,170.77037383486703,168.53003771729297,170.19542098725773,11161400
2017-09-22,META,Meta,169.055419921875,170.2350632334732,167.74691856325026,168.72830592668825,12097100
2017-09-25,META,Meta,161.4521942138672,167.82622823469464,160.1536003255479,167.76675296133033,41251600
2017-09-26,META,Meta,162.78053283691406,164.05929652906002,161.3629733458169,163.06800168598414,23363300
2017-09-27,META,Meta,166.2203369140625,166.87459523868242,164.12871900292268,164.45583303927148,19242500
2017-09-28,META,Meta,167.2611846923828,167.59823645502036,165.7048595606887,166.47806837469517,12178700
2017-09-29,META,Meta,169.382568359375,170.16569986396098,167.3405031211256,167.36033325599084,15340400
2017-10-02,META,Meta,167.99473571777344,170.37383725468254,167.28100223150898,169.89801997249245,13392300
2017-10-03,META,Meta,168.48048400878906,169.24377017365308,167.72709022139367,167.82622575951183,8190300
2017-10-04,META,Meta,166.95384216308594,169.18425511256316,166.8249690190325,168.3515712416544,12127900
2017-10-05,META,Meta,169.7493438720703,169.81872664946934,167.13232594495176,167.70726367526288,14580600
2017-10-06,META,Meta,170.73069763183594,170.86947829754834,168.2722907852345,168.76793818077277,13124500
2017-10-09,META,Meta,170.9983367919922,173.35762303267484,170.5026894389719,171.19659270800892,14570400
2017-10-10,META,Meta,170.0962677001953,171.69225290131723,169.31315147927765,171.4939969704736,11341100
2017-10-11,META,Meta,171.23626708984375,171.27591222593418,169.90792057846417,170.45313573694557,11283700
2017-10-12,META,Meta,171.04794311523438,172.3366295488127,170.79019675294256,171.10741839085242,10351000
2017-10-13,META,Meta,172.2275390625,173.12960570417187,171.6922314774644,171.94005514158485,13658300
2017-10-16,META,Meta,173.00079345703125,173.47661078276658,172.54479113897983,172.9710558195453,11498800
2017-10-17,META,Meta,174.57691955566406,174.59674968599217,172.8421537379161,173.1891129518487,15990100
2017-10-18,META,Meta,174.49761962890625,175.201445581014,174.22005829944464,175.11221755472005,12752400
2017-10-19,META,Meta,173.0404510498047,174.49765589531262,171.127258979394,173.4072253558301,14048400
2017-10-20,META,Meta,173.45677185058594,174.34894630778953,173.10982772219506,173.97224941746182,12602200
2017-10-23,META,Meta,169.77908325195312,173.81364566494935,169.75925311850992,173.6748649827668,13852700
2017-10-24,META,Meta,170.304443359375,171.7319102386739,170.00705190519477,170.80009074102279,12267900
2017-10-25,META,Meta,169.11492919921875,170.75055986158688,167.4198081323979,170.40360056910347,15868200
2017-10-26,META,Meta,169.14463806152344,170.79017594836097,168.90672186207252,169.88810916810442,11833100
2017-10-27,META,Meta,176.33154296875,176.65867210330742,172.38617834660397,172.63400207345416,30285300
2017-10-30,META,Meta,178.30421447753906,179.11708358177958,176.06389337783372,177.69952396432316,24353200
2017-10-31,META,Meta,178.4925537109375,179.22611736764028,177.38230828540637,178.99812378046002,20174200
2017-11-01,META,Meta,181.0699005126953,181.30780156925437,178.9980981400544,180.77250906603916,40918300
2017-11-02,META,Meta,177.36248779296875,180.35620272920127,175.7962399819851,179.05760878569188,35529900
2017-11-03,META,Meta,177.36248779296875,178.29430745117068,175.17173445915896,177.7292620782762,17822100
2017-11-06,META,Meta,178.60159301757812,178.87915436815607,176.75778397390508,177.00560768877534,13312700
2017-11-07,META,Meta,178.680908203125,179.17655565999914,177.40214441981212,178.92873193156206,12928200
2017-11-08,META,Meta,177.99688720703125,178.78001854906174,177.5508075839034,178.22488076979297,10494100
2017-11-09,META,Meta,177.73916625976562,177.83828666731063,175.5483980273867,176.7577789315302,12610300
2017-11-10,META,Meta,176.906494140625,177.54092227026402,176.41084669165826,176.79745109681392,11070200
2017-11-13,META,Meta,177.2137908935547,177.48142962191474,175.75658620197834,175.9548421538612,9523400
2017-11-14,META,Meta,176.51988220214844,177.41204152183005,175.63761525971873,176.57935747333266,9585900
2017-11-15,META,Meta,176.4009552001953,177.01556843105763,174.86444481198313,175.12219121155724,10253700
2017-11-16,META,Meta,178.02667236328125,178.2645886179067,176.9461644013693,177.20389566607543,15607600
2017-11-17,META,Meta,177.44178771972656,178.41325248985072,177.34265217899642,177.73917921595717,13018000
2017-11-20,META,Meta,177.18405151367188,177.93743017379774,176.54962339831343,177.3129095618501,10052400
2017-11-21,META,Meta,180.27688598632812,180.3066236224047,177.43187454463632,177.59047022839147,14504000
2017-11-22,META,Meta,179.29550170898438,180.14801591844798,178.86925216723236,179.72176637669597,10376300
2017-11-24,META,Meta,181.18885803222656,181.55563225921216,178.72052859348346,178.82957162393294,9426300
2017-11-27,META,Meta,181.4366912841797,182.13059463906762,180.40575131776887,180.97078150462093,12344500
2017-11-28,META,Meta,180.83203125,182.64610290673997,180.50490208639496,181.9125391647807,14379700
2017-11-29,META,Meta,173.60549926757812,180.38595347942203,172.48533107031955,180.30664806381455,41933500
2017-11-30,META,Meta,175.63763427734375,176.72806478698746,173.6748744859458,175.31052025041137,25307600
2017-12-01,META,Meta,173.57571411132812,175.93498529446674,170.83973096270745,174.4976109542192,20182500
2017-12-04,META,Meta,169.9773406982422,175.0329508274134,169.30325228890467,174.75537433465558,24459400
2017-12-05,META,Meta,171.3254852294922,173.8532900408707,167.5387317638425,168.9661987220778,20184900
2017-12-06,META,Meta,174.5273895263672,175.23121560858777,170.40359883208157,170.99838186285845,20255800
2017-12-07,META,Meta,178.57183837890625,178.81966207017962,174.26962272863028,174.26962272863028,20404500
2017-12-08,META,Meta,177.44178771972656,180.69323379300565,177.18405649017194,179.94976261540904,19883800
2017-12-11,META,Meta,177.48143005371094,178.65116588679692,177.24352896125654,177.73917640514932,13168600
2017-12-12,META,Meta,175.41952514648438,177.6201855697206,175.06265843240007,177.04524792710015,16854100
2017-12-13,META,Meta,176.7478790283203,177.6003932248488,175.7070163856114,175.75658415449456,14615700
2017-12-14,META,Meta,176.83706665039062,178.78991848266125,176.13324073519394,176.73793112679994,13591000
2017-12-15,META,Meta,178.6115264892578,178.9188406461832,176.8073774481949,177.46163578080555,28463100
2017-12-18,META,Meta,179.2459259033203,179.72174315322292,178.1852332488342,179.43425920206263,17265400
2017-12-19,META,Meta,177.94732666015625,178.51237196473718,176.6685630051992,178.38349879857833,14920600
2017-12-20,META,Meta,176.3414306640625,178.244714857361,175.81604563223334,178.244714857361,11860500
2017-12-21,META,Meta,175.90530395507812,177.12459263378864,175.50879198465648,176.3910439759124,11600700
2017-12-22,META,Meta,175.65744018554688,175.984569293323,174.69588299401184,175.5979649161255,8509500
2017-12-26,META,Meta,174.4580078125,175.4592102902794,173.1494911871621,175.09243599043208,8897300
2017-12-27,META,Meta,176.0737762451172,176.88664523561903,174.72561472196054,175.01309868238997,9496100
2017-12-28,META,Meta,176.37120056152344,177.3823256737269,176.1332843216047,176.40093820076817,12220800
2017-12-29,META,Meta,174.92388916015625,177.2930831555164,174.92388916015625,176.45047651503316,10261500
2018-01-02,META,Meta,179.84071350097656,179.9993243104074,176.00440719436878,176.13326524181693,18151900
2018-01-03,META,Meta,183.0624237060547,183.1714667479119,179.751502436514,180.2967176457999,16886600
2018-01-04,META,Meta,182.72537231445312,184.58901137891618,182.4973787457023,183.29040248500226,13880900
2018-01-05,META,Meta,185.22348022460938,185.2730328747564,183.32018047857713,183.97443882090312,13574500
2018-01-08,META,Meta,186.64100646972656,187.25560448028762,184.7079843994458,185.57040614019564,17994700
2018-01-09,META,Meta,186.23455810546875,187.15647017887486,185.47127196380572,187.05733464377002,12393100
2018-01-10,META,Meta,186.20481872558594,186.25438649267394,184.01406560430883,185.31265942183705,10529900
2018-01-11,META,Meta,186.1354217529297,186.75992716752947,185.74881740066976,186.75992716752947,9588600
2018-01-12,META,Meta,177.8085479736328,179.9001806600527,175.85569595771645,176.50995417264406,77551300
2018-01-16,META,Meta,176.83706665039062,180.16781755521166,176.49010744378037,179.9199938721921,36183800
2018-01-17,META,Meta,176.053955078125,177.75898327202884,174.26962148846312,177.6994928807421,27992400
2018-01-18,META,Meta,178.2347869873047,179.40450745251462,175.53846424009274,176.57932668219294,23304900
2018-01-19,META,Meta,179.71182250976562,180.78242267833858,178.60157720574531,179.27566551601325,26826500
2018-01-22,META,Meta,183.75631713867188,183.7761472704693,178.83950327001827,179.2261076472953,21059500
2018-01-23,META,Meta,187.7017059326172,187.89996189858664,183.93478207535492,184.43042955325888,25678800
2018-01-24,META,Meta,184.9260711669922,189.000293911204,184.89633352933782,188.2369925841679,24334500
2018-01-25,META,Meta,185.84793090820312,186.97800629027577,184.97560183538238,186.31384063928158,17377700
2018-01-26,META,Meta,188.3460235595703,188.3460235595703,185.18379053333774,186.11561012268066,17759200
2018-01-29,META,Meta,184.3610076904297,187.1961115006917,184.01406357655443,187.10689859649167,20453200
2018-01-30,META,Meta,185.4910888671875,186.54185899582595,180.25705323045165,185.98673629586293,20858600
2018-01-31,META,Meta,185.26307678222656,188.17748579191672,183.60761635090384,186.73018878931038,43275100
2018-02-01,META,Meta,191.4091033935547,193.6197016200102,186.2543736178571,186.58150270687463,54211300
2018-02-02,META,Meta,188.6236114501953,192.51940866694005,188.32621992490803,190.36828520540675,26677500
2018-02-05,META,Meta,179.68211364746094,188.95072729752363,179.03777799305453,185.30275408797968,33128200
2018-02-06,META,Meta,183.6968536376953,184.15285594249758,176.1927591862232,177.0155357600023,37758500
2018-02-07,META,Meta,178.6115264892578,183.46888108250377,178.38353287369765,182.54696886365033,27601900
2018-02-08,META,Meta,170.08639526367188,180.25707635977705,169.98725971483276,179.4342997074878,38478300
2018-02-09,META,Meta,174.57691955566406,175.36003575511182,165.7246495458865,173.23866558873263,39887600
2018-02-12,META,Meta,174.87432861328125,176.00440414043877,170.34410387550926,175.51866421721985,32092100
2018-02-13,META,Meta,171.64271545410156,174.43817448841568,171.5931628071067,174.09121520368797,21809400
2018-02-14,META,Meta,177.957275390625,178.24474427349915,171.70220661542277,171.94010772512257,28929700
2018-02-15,META,Meta,178.39341735839844,178.9287098904608,175.30056732283978,178.9287098904608,20922100
2018-02-16,META,Meta,175.81607055664062,178.3141380320879,174.76530034402083,177.43188614357126,20645300
2018-02-20,META,Meta,174.4778289794922,176.40094371590183,173.5856695223354,174.23992785809648,21204900
2018-02-21,META,Meta,176.3612823486328,179.69203387545096,174.8644173430519,175.1717314731892,23200800
2018-02-22,META,Meta,177.43186950683594,178.6412504261423,175.86562183878408,177.14438553164598,18464200
2018-02-23,META,Meta,181.69442749023438,181.79356302621224,177.94733414484938,178.3339385336285,19007300
2018-02-26,META,Meta,183.32015991210938,184.04381608499364,181.62505409148218,182.97321577019545,17599700
2018-02-27,META,Meta,179.88037109375,183.09215674422944,179.88037109375,182.84433303041052,15849800
2018-02-28,META,Meta,176.7677001953125,181.2880021705322,176.58925926157562,180.71304935776007,18783000
2018-03-01,META,Meta,174.40843200683594,178.55203754433077,172.89175197746962,177.45169956950028,23201600
2018-03-02,META,Meta,175.08251953125,175.5682595306787,171.48412893665946,171.78150533838982,20025900
2018-03-05,META,Meta,178.82958984375,179.57306100184647,174.35885539174205,174.66615438360174,16189300
2018-03-06,META,Meta,178.21499633789062,180.79236913443495,177.55083056841832,180.1975861426294,15086800
2018-03-07,META,Meta,182.1107635498047,182.21980657636811,176.51986181482707,177.18402747627437,19097300
2018-03-08,META,Meta,180.7527313232422,182.7947966556613,179.87047935556708,181.96211246445455,17225900
2018-03-09,META,Meta,183.61753845214844,183.89509979647696,181.61513377177266,182.30903713259391,18526300
2018-03-12,META,Meta,183.1516571044922,184.48000388825463,182.61636446473804,183.61756696037133,15301200
2018-03-13,META,Meta,180.29672241210938,184.3709450823562,179.53342109893052,183.99424817762588,18067500
2018-03-14,META,Meta,182.58660888671875,182.6460841601859,180.2669824657424,181.01045363600093,16821700
2018-03-15,META,Meta,182.25946044921875,182.3982411145937,180.60399996726105,181.64486252055227,15614300
2018-03-16,META,Meta,183.47877502441406,183.71669125303876,181.81340680192181,182.88400714179264,24403400
2018-03-19,META,Meta,171.057861328125,175.6277318443802,168.57962384915712,175.46912101549557,88140100
2018-03-20,META,Meta,166.68626403808594,168.71842200637315,160.5402374792849,166.01219063449713,129851800
2018-03-21,META,Meta,167.9154052734375,171.89049149568092,161.87842430127068,163.36536632156535,106598800
2018-03-22,META,Meta,163.45462036132812,168.78779192368677,162.29480710863663,164.68383151956297,73743000
2018-03-23,META,Meta,158.0024871826172,165.149729781003,157.6357129246028,163.99982411279248,53609700
2018-03-26,META,Meta,158.66664123535156,159.69759628468182,147.7227534389627,159.420034954314,126116600
2018-03-27,META,Meta,150.89492797851562,161.43239879930223,149.43772310039506,154.94932094848795,79117000
2018-03-28,META,Meta,151.69784545898438,154.52304175315547,149.48726224034175,150.32985376379096,60029200
2018-03-29,META,Meta,158.39903259277344,160.01484839731296,152.79822149720238,153.79942407263744,59434300
2018-04-02,META,Meta,154.03729248046875,157.81412310398488,152.7684363950344,156.43622398967926,36796000
2018-04-03,META,Meta,154.7510528564453,156.0199091627467,149.49718667749977,155.18722504785396,42543900
2018-04-04,META,Meta,153.7498321533203,154.20581929856272,149.19977744796915,150.70654980494265,49885600
2018-04-05,META,Meta,157.95289611816406,160.16349422134783,155.2863109170195,160.15357159359417,41449600
2018-04-06,META,Meta,155.83154296875,160.01480832701012,155.44493859326903,156.35692801425085,41644800
2018-04-09,META,Meta,156.55519104003906,159.13256374388507,154.6816443469837,156.44616312562118,34915200
2018-04-10,META,Meta,163.60330200195312,164.53512161877373,155.64320524475696,156.55519472850744,57889300
2018-04-11,META,Meta,164.87217712402344,167.18188095953568,161.82889448188192,163.92052735250545,56144600
2018-04-12,META,Meta,162.4434814453125,165.99231880630245,161.68019530518626,165.52640901897402,38263000
2018-04-13,META,Meta,163.08786010742188,164.25758096469156,162.34438884615204,163.14733538816964,19990600
2018-04-16,META,Meta,163.3951416015625,164.33686873955153,161.96767451300823,164.27739346518842,18119400
2018-04-17,META,Meta,167.19180297851562,167.52883961733787,164.21791825158064,164.38643657099175,22743000
2018-04-18,META,Meta,164.9118194580078,166.65649302914,164.32695909975985,165.42729703905403,20969600
2018-04-19,META,Meta,166.6366729736328,166.86466655747395,163.76190878754315,164.75320365323768,22235000
2018-04-20,META,Meta,164.83251953125,166.9637975775333,164.36660970469242,166.3293694282149,19119400
2018-04-23,META,Meta,164.39633178710938,166.98361191119776,163.65286066094558,165.81389126649358,23088100
2018-04-24,META,Meta,158.29989624023438,164.65410063060472,156.81295378466345,163.98991968960416,35079900
2018-04-25,META,Meta,158.29989624023438,159.65796550934834,154.8303638439022,158.7459759517135,41083600
2018-04-26,META,Meta,172.64390563964844,174.73553826834245,169.31315451352808,171.71208610943052,77556900
2018-04-27,META,Meta,172.078857421875,175.55831178416844,171.09748526919364,175.27082782711136,29804700
2018-04-30,META,Meta,170.50270080566406,174.19031856804924,170.21523197716897,172.27711179234808,20750500
2018-05-01,META,Meta,172.34652709960938,172.5051379094044,168.7481218729266,170.50271803213053,26025900
2018-05-02,META,Meta,174.53729248046875,176.52978969481686,172.6835608149028,172.73312858287306,30424500
2018-05-03,META,Meta,172.50515747070312,174.58686786297164,170.62168792421897,173.60549550874543,24026100
2018-05-04,META,Meta,175.07260131835938,175.43937560870106,171.55350122883178,171.57333136305473,17677800
2018-05-07,META,Meta,176.42076110839844,177.93744115159146,175.62772213378423,175.8061630879036,18697200
2018-05-08,META,Meta,177.36248779296875,177.48143834475272,175.5682463824124,176.69832200224107,15577200
2018-05-09,META,Meta,181.0699005126953,181.4168445954964,177.22367208811235,178.10592380008598,23282800
2018-05-10,META,Meta,183.9149169921875,184.50969990303176,180.91129505693527,181.5556306053851,21071400
2018-05-11,META,Meta,185.36224365234375,186.68066771899814,182.5766922045635,183.24087311580786,21207800
2018-05-14,META,Meta,185.0152587890625,186.22463964155665,184.5790866618078,186.07595147360985,15646700
2018-05-15,META,Meta,182.7154541015625,183.67699608539888,181.60519370489783,183.27057673691613,15429400
2018-05-16,META,Meta,181.605224609375,182.71548519497708,181.0699320130361,182.1008720647095,16975500
2018-05-17,META,Meta,182.16033935546875,182.45773084082737,180.63375191536812,181.0897390837533,14840700
2018-05-18,META,Meta,181.08975219726562,182.58661723578024,181.02036941703457,181.8927138036677,13130500
2018-05-21,META,Meta,182.8839874267578,183.68693381361263,181.53582586180445,182.17025394378493,13532900
2018-05-22,META,Meta,182.19998168945312,183.80587437600246,181.8331923390261,183.32013449352226,12731400
2018-05-23,META,Meta,185.27301025390625,185.28293288349343,180.59409712860074,180.91131875619556,16628100
2018-05-24,META,Meta,184.31146240234375,185.17389929266875,183.41930299961913,184.26190975571723,12354700
2018-05-25,META,Meta,183.3102264404297,184.70795569168658,182.84431669001071,184.4006567341672,10965100
2018-05-29,META,Meta,184.12310791015625,185.18378551702415,182.1107806072386,182.7352860669987,16398900
2018-05-30,META,Meta,186.0363006591797,186.36342977123363,183.63736896340973,184.91613265056702,13736900
2018-05-31,META,Meta,190.1105194091797,191.0423389603274,185.8479486570988,186.23455303194112,30782600
2018-06-01,META,Meta,192.3013153076172,192.85643806671433,190.39803079387244,191.38932575682037,17307200
2018-06-04,META,Meta,191.59747314453125,192.29137653515178,189.8032318323698,190.1700060975636,18939800
2018-06-05,META,Meta,191.2604217529297,193.30248662740433,190.94320015544014,192.60858329034377,15544300
2018-06-06,META,Meta,189.67437744140625,190.85402088526257,187.4637938759554,189.36707841841059,22558900
2018-06-07,META,Meta,186.54190063476562,189.3076223746621,185.14418606963906,189.0895362472881,21503200
2018-06-08,META,Meta,187.453857421875,187.83053916965076,184.80708692878983,185.89751728646382,12677100
2018-06-11,META,Meta,189.8726043701172,190.92338959177852,187.1564662267254,187.16637372964308,12928900
2018-06-12,META,Meta,190.72512817382812,191.59747250538933,189.8924441078612,190.49713458751896,11562700
2018-06-13,META,Meta,190.73504638671875,192.80684900024443,190.2393989599829,191.0621755034795,15853800
2018-06-14,META,Meta,195.0967559814453,195.56266581633162,191.23071174085732,191.41906020082757,19120900
2018-06-15,META,Meta,194.14512634277344,195.35450741885344,192.94565277106884,194.08563593863826,21860900
2018-06-18,META,Meta,196.58370971679688,197.84265860646536,192.4401038627787,193.10426969998423,16826000
2018-06-19,META,Meta,195.7708282470703,196.2367380434897,192.1030251474352,194.53170966637177,19994000
2018-06-20,META,Meta,200.24156188964844,201.77807194914203,197.07932886341587,197.36681284359656,28230900
2018-06-21,META,Meta,199.7459259033203,201.61947269261083,198.34819643922546,200.99495205419396,19045700
2018-06-22,META,Meta,199.9838409423828,200.4794883982593,197.574986441324,199.40888807845093,17420200
2018-06-25,META,Meta,194.64073181152344,198.25895162835792,191.42893134979929,198.25895162835792,25275100
2018-06-26,META,Meta,197.26768493652344,197.3668204768252,194.52179383053024,195.87987812805744,17897600
2018-06-27,META,Meta,194.1352081298828,199.002470184042,194.09556298551814,197.44612978191714,18734400
2018-06-28,META,Meta,194.5217742919922,195.62211212459644,191.577627527077,193.48091172721118,18172400
2018-06-29,META,Meta,192.62843322753906,195.87987930632607,192.27156645664977,195.60231794296328,15811600
2018-07-02,META,Meta,195.6419677734375,195.7311806868084,190.54671244391182,191.68669556176678,13961600
2018-07-03,META,Meta,191.05224609375,193.6990014434691,190.8440826524459,192.85640992349778,13489500
2018-07-05,META,Meta,196.72247314453125,196.92072910262948,192.34095142893256,193.04477747503526,19684200
2018-07-06,META,Meta,201.46083068847656,201.86726517201907,195.97897185265293,196.72244292578586,19740100
2018-07-09,META,Meta,202.9577178955078,204.00848804152199,200.3605150406485,203.14605121571313,18149400
2018-07-10,META,Meta,201.7681427001953,203.12622690064134,200.4992865300264,202.71979239080133,13190100
2018-07-11,META,Meta,200.77685546875,202.71980006118886,199.99373918017042,200.45964897718486,12927400
2018-07-12,META,Meta,205.11871337890625,205.27732417340758,201.42118809709686,201.65908916289092,15454700
2018-07-13,META,Meta,205.51524353027344,206.61556622843278,204.6528067756139,206.0009682977222,11486800
2018-07-16,META,Meta,205.426025390625,206.90306014708625,205.03942100819003,205.69367923260577,11078200
2018-07-17,META,Meta,208.16200256347656,208.62791233417767,203.0568252172297,203.1163004856667,15349900
2018-07-18,META,Meta,207.5374755859375,209.1532909163991,206.62548620415512,207.99347783980767,15334900
2018-07-19,META,Meta,206.27853393554688,208.16200315517008,205.9514048322551,206.95262227365197,11350400
2018-07-20,META,Meta,208.1124267578125,209.65884418126575,206.68495986663788,207.0319190870609,16163900
2018-07-23,META,Meta,209.0740203857422,209.77783132583642,206.98238744769856,208.7468912389247,16732000
2018-07-24,META,Meta,212.80126953125,214.3179494837015,210.74929700038717,213.23744169749008,28468700
2018-07-25,META,Meta,215.60665893554688,216.71690447688445,212.40478037375016,213.8421550747949,58954200
2018-07-26,META,Meta,174.72561645507812,178.56193762666325,172.23747194598047,173.36754741586827,169803700
2018-07-27,META,Meta,173.3675537109375,178.36367304186427,171.4940070710951,178.304197771704,60073700
2018-07-30,META,Meta,169.57089233398438,173.77398788664595,165.11006556914384,173.77398788664595,65280800
2018-07-31,META,Meta,171.0776824951172,172.72323572512056,168.52013973577664,169.18430553020826,40356500
2018-08-01,META,Meta,170.15576171875,173.55591105496342,169.41229055168418,172.41591285655338,34042100
2018-08-02,META,Meta,174.8346710205078,175.25101304993282,168.78778140157203,169.19420080170357,32400000
2018-08-03,META,Meta,176.23240661621094,177.2930994227068,174.61659108428015,176.143193705186,24763400
2018-08-06,META,Meta,184.0735321044922,184.17265250798692,176.82716960465777,177.41202990093845,49716200
2018-08-07,META,Meta,182.2099151611328,186.6608347566333,182.1207022493779,184.87650089173556,33398600
2018-08-08,META,Meta,183.56800842285156,185.2234844520863,182.16037127981653,183.14175881570435,22205200
2018-08-09,META,Meta,181.49618530273438,184.9459025536132,180.8914947897321,184.23216899315278,19732100
2018-08-10,META,Meta,178.6907958984375,180.514789833268,177.8581118934252,180.45529943923142,21500400
2018-08-13,META,Meta,178.48265075683594,181.02036329471073,177.3426525399582,178.53221852730192,17423300
2018-08-14,META,Meta,179.53343200683594,180.40577641775562,177.06510209464406,179.13692007057833,19102000
2018-08-15,META,Meta,177.96717834472656,179.29550992645753,173.25852740680355,177.778829887056,33020200
2018-08-16,META,Meta,173.17922973632812,178.92874363740364,172.49523378093997,178.8494382240003,31351800
2018-08-17,META,Meta,172.2870330810547,174.68596459583154,170.54234461506593,172.9809363909558,24893200
2018-08-20,META,Meta,170.9983367919922,173.05032409395537,169.42218183961737,172.5249239838736,21518000
2018-08-21,META,Meta,171.11732482910156,172.65383498549267,169.8980363086447,171.3056732846925,19578500
2018-08-22,META,Meta,172.12843322753906,172.72321617437234,170.63158348348546,170.71088888479383,16894100
2018-08-23,META,Meta,171.39488220214844,174.0218227633762,171.32549942463032,171.58323065334875,18053600
2018-08-24,META,Meta,173.12965393066406,173.2981873800535,171.4147179325106,172.18792676987275,14631600
2018-08-27,META,Meta,175.9151611328125,177.11461922892653,174.2596857010577,174.45795673845916,17921900
2018-08-28,META,Meta,174.72561645507812,176.68839105485034,174.29936695043438,176.54961038752933,15910700
2018-08-29,META,Meta,174.36875915527344,175.25101097225345,173.22877612102658,174.7652861733291,18494100
2018-08-30,META,Meta,176.09361267089844,178.22489050107828,174.17049828409725,174.3687542245393,24216500
2018-08-31,META,Meta,174.2002410888672,176.07378776467226,173.45676994567535,175.60787797152864,18065200
2018-09-04,META,Meta,169.67001342773438,172.37624386614695,167.33055720735305,171.98963951780232,29809000
2018-09-05,META,Meta,165.72470092773438,169.64032851686028,165.21914589230568,168.01460522293573,31226700
2018-09-06,META,Meta,161.1151580810547,165.52641733879844,158.6071832066759,165.52641733879844,41514800
2018-09-07,META,Meta,161.62071228027344,163.19688265178635,158.7657932814878,158.91448146466843,24300600
2018-09-10,META,Meta,162.7508087158203,163.57358539547653,160.7484036711241,162.0866428691979,20197700
2018-09-11,META,Meta,164.4954833984375,165.73460206315278,162.29480743982631,162.51289353489304,20457100
2018-09-12,META,Meta,160.58975219726562,163.05808161156838,160.3914962691272,161.82887065557784,24078100
2018-09-13,META,Meta,159.95535278320312,161.89829752903972,159.45970531115873,160.5897809423815,25453800
2018-09-14,META,Meta,160.90699768066406,161.4224601451879,158.94422286050022,160.31221468195503,21770400
2018-09-17,META,Meta,159.18214416503906,160.64925644912427,158.37919767933,160.51047576179135,21005300
2018-09-18,META,Meta,158.90457153320312,160.35185358058038,157.48701199604824,158.0024895664645,22465200
2018-09-19,META,Meta,161.64053344726562,162.01723032504097,158.0916961212628,158.68647907291242,19629000
2018-09-20,META,Meta,164.5747833251953,165.0010328711957,163.03827320694597,163.0680108438316,18936000
2018-09-21,META,Meta,161.51165771484375,165.79405859644982,161.3927071767853,165.18936815138855,45994800
2018-09-24,META,Meta,163.97010803222656,164.25757692408968,159.47954293469786,159.6282311329096,19222800
2018-09-25,META,Meta,163.47442626953125,164.1484994614074,159.74714820541337,160.57984731873293,27622800
2018-09-26,META,Meta,165.49667358398438,167.8262225515981,162.78053535259377,162.8697482596192,25252200
2018-09-27,META,Meta,167.37020874023438,170.2747103408988,165.75440851792655,166.09144511635068,27266900
2018-09-28,META,Meta,163.0283660888672,167.3206596997471,161.1448967012182,166.86467251578267,34265600
2018-10-01,META,Meta,161.02593994140625,164.43599668976157,159.85620413774518,161.61080028025717,26407700
2018-10-02,META,Meta,157.94305419921875,160.86737179495816,157.28879578599938,160.17346823213305,36031000
2018-10-03,META,Meta,161.01602172851562,162.23532533395408,158.1412725977874,158.60718240618235,23109500
2018-10-04,META,Meta,157.46717834472656,160.05445826791555,155.98023620785835,160.05445826791555,25739600
2018-10-05,META,Meta,155.96043395996094,159.4993490128948,154.84026584295069,157.82407327832271,25744000
2018-10-08,META,Meta,155.881103515625,156.9616111911632,153.0459998514154,154.18598279335635,24046000
2018-10-09,META,Meta,156.52548217773438,159.1920682795453,156.04966478951104,156.31731868799508,18844400
2018-10-10,META,Meta,150.06222534179688,156.31729367976462,149.99282743901162,155.45487196546546,30610000
2018-10-11,META,Meta,152.0150604248047,153.46234233174889,147.8615328802378,148.82309002603787,35338900
2018-10-12,META,Meta,152.40167236328125,155.52424502235203,149.9829105618363,155.36563421957825,25293500
2018-10-15,META,Meta,152.18360900878906,154.21576673555575,151.22205167162574,151.98535303870568,15433500
2018-10-16,META,Meta,157.3978271484375,158.07191564930616,153.6606405670817,154.04724503232802,19180100
2018-10-17,META,Meta,158.03221130371094,159.09290397401355,156.57500677356987,158.1709919672502,17592000
2018-10-18,META,Meta,153.57142639160156,157.2788753012722,151.9457031245834,157.13017196910445,21675100
2018-10-19,META,Meta,152.70896911621094,155.98024502748095,152.21332170922938,154.50321030933083,19761300
2018-10-22,META,Meta,153.43263244628906,155.9703451195602,153.1154259251105,153.4128023118527,15424700
2018-10-23,META,Meta,153.04603576660156,153.42273271016217,149.53685809172077,149.90363240458046,19095000
2018-10-24,META,Meta,144.76869201660156,153.3037412080965,144.33253499208868,152.9369669569993,27744600
2018-10-25,META,Meta,149.63597106933594,150.8850123985702,145.72035900560203,146.44400009056494,22105700
2018-10-26,META,Meta,144.1045379638672,147.70294337086048,142.54821280190168,144.5506327795137,31303300
2018-10-29,META,Meta,140.85308837890625,147.5344214345099,137.8197284122067,147.20729230316547,31336800
2018-10-30,META,Meta,144.9471435546875,145.3634856035084,138.52355674637076,138.72181270400546,50528300
2018-10-31,META,Meta,150.4686279296875,155.0384974683667,147.6632770144559,153.65069082740558,60101300
2018-11-01,META,Meta,150.42898559570312,151.42028039369788,148.04988413089902,150.20099202743262,25640800
2018-11-02,META,Meta,149.04119873046875,152.78829235465014,147.66329938322704,150.4785733533387,24708700
2018-11-05,META,Meta,147.3856964111328,148.88256116669925,146.15650059973072,148.7933482692828,15971200
2018-11-06,META,Meta,148.63475036621094,149.6557828388369,146.71163596116122,148.0102297782316,16667100
2018-11-07,META,Meta,150.21090698242188,151.67801912097306,148.52570876741538,150.25056724684592,21877400
2018-11-08,META,Meta,146.582763671875,149.62604610195993,145.46261078434273,149.17996644756505,24145800
2018-11-09,META,Meta,143.69808959960938,146.4737027212756,142.81583790180323,145.47250049710007,17326900
2018-11-12,META,Meta,140.3177947998047,143.7774042876356,139.26702463584598,143.22228156901284,18542100
2018-11-13,META,Meta,140.92247009277344,143.61879311473893,140.38716243899432,140.76385929713828,15141700
2018-11-14,META,Meta,142.9645538330078,144.312715522273,140.3177982254131,142.44907624200525,22068400
2018-11-15,META,Meta,142.59776306152344,143.57913523312448,139.60404852960136,141.0909907299261,30320300
2018-11-16,META,Meta,138.3153839111328,140.5358900564823,136.5707102350472,139.84198661292328,37250600
2018-11-19,META,Meta,130.4048309326172,136.55085552449924,130.067794338685,136.41207486076493,44362700
2018-11-20,META,Meta,131.27716064453125,132.99211150709772,125.74574151200677,125.92417487518362,41939500
2018-11-21,META,Meta,133.6464080810547,135.99577254756178,132.9624120652457,133.23005084241785,25469700
2018-11-23,META,Meta,130.58326721191406,133.32915819969682,130.11735741928078,132.48655152128535,11886100
2018-11-26,META,Meta,135.1928253173828,135.8074234151581,131.62415704586968,131.84224316946003,24263600
2018-11-27,META,Meta,133.82481384277344,135.4207992647516,132.54605005480934,134.56828503078884,20750300
2018-11-28,META,Meta,135.5695037841797,135.59924142520603,130.7022566493391,135.0936864017964,29847500
2018-11-29,META,Meta,137.47274780273438,138.77135662285056,134.47904856729994,134.73677975533016,24238700
2018-11-30,META,Meta,139.385986328125,139.7428531223414,136.16427767582408,137.0564370983846,25732600
2018-12-03,META,Meta,139.86178588867188,142.42923590401517,139.53465677508606,141.75516267065694,24819200
2018-12-04,META,Meta,136.7292938232422,142.14177045558748,135.96600766590524,139.50492247762543,30307400
2018-12-06,META,Meta,138.41452026367188,138.4839030454518,132.50639563988096,132.65509895962774,28218100
2018-12-07,META,Meta,136.22373962402344,139.64370391046762,135.47036096593592,138.03781105661508,21195500
2018-12-10,META,Meta,140.6151885986328,141.80473946175877,137.79989956721752,138.3847750580367,26422200
2018-12-11,META,Meta,140.84317016601562,142.62750387132854,139.87170547544025,142.62750387132854,20300300
2018-12-12,META,Meta,143.24209594726562,145.90868133003582,141.2694138864532,141.83445917244896,23696900
2018-12-13,META,Meta,143.7476806640625,144.58037994913093,141.94353165266327,144.30281856276181,18148600
2018-12-14,META,Meta,142.80593872070312,144.7389607213662,141.26942862367775,142.0922051933876,21785800
2018-12-17,META,Meta,138.96963500976562,143.6584556703444,137.21503879444398,141.83447667724295,24334000
2018-12-18,META,Meta,142.40943908691406,144.65966777917276,138.6127775349263,139.85189624800478,24709100
2018-12-19,META,Meta,132.0801239013672,143.64853234129407,131.34656030788761,139.98074462581263,57404900
2018-12-20,META,Meta,132.23870849609375,134.3898313314175,128.8683125265513,129.56221579957983,40297900
2018-12-21,META,Meta,123.86228942871094,133.7256702363829,122.34560950669906,132.22882044679108,56901500
2018-12-24,META,Meta,122.98001861572266,128.610580402579,121.94907121552208,122.02837660699406,22066000
2018-12-26,META,Meta,133.01194763183594,133.0714380339725,124.79411924435239,124.90316229266219,39723400
2018-12-27,META,Meta,133.34901428222656,133.81492416552734,128.54122724219155,131.28711876433331,31202500
2018-12-28,META,Meta,132.04046630859375,134.73678941497596,131.04917149377553,134.16183660726637,22627600
2018-12-31,META,Meta,129.94883728027344,133.4679369965346,128.81876176479938,133.27958855629578,24625300
2019-01-02,META,Meta,134.49887084960938,136.31294214395066,127.44085673248901,127.8671213608656,28146200
2019-01-03,META,Meta,130.59320068359375,135.9759249408471,129.97858753588125,133.51751772787816,22717900
2019-01-04,META,Meta,136.7491455078125,136.79871328419475,132.58570943305108,132.8434406938925,29002100
2019-01-07,META,Meta,136.84823608398438,137.66108987084627,134.7268660353043,136.36249623662036,20089300
2019-01-08,META,Meta,141.28927612304688,141.8939666822929,138.32529860707675,138.6722579098755,26263800
2019-01-09,META,Meta,142.9744415283203,143.44035128383746,140.04021745735898,141.70558542315467,22205900
2019-01-10,META,Meta,142.94473266601562,143.30159946279355,139.61398093807526,141.83448713202247,16125000
2019-01-11,META,Meta,142.54820251464844,144.09462006114,141.3289140839084,141.90385178630427,12908000
2019-01-14,META,Meta,144.12435913085938,145.29409493148682,140.04022914681872,140.76387015955348,20520300
2019-01-15,META,Meta,147.65338134765625,149.36831739412628,144.7191567349876,144.73897174350674,24069000
2019-01-16,META,Meta,146.2556610107422,148.3472941139209,145.72036835384506,147.70295839947562,18025700
2019-01-17,META,Meta,147.00901794433594,147.70292126063728,145.22468432673398,145.67076394964502,15787900
2019-01-18,META,Meta,148.73388671875,151.10308102949585,147.25686693303894,148.4464178404582,31029600
2019-01-22,META,Meta,146.285400390625,150.21091985120773,145.09583437133543,147.90120084429688,22378700
2019-01-23,META,Meta,143.04385375976562,147.50468070575025,141.81464266708224,146.98920313450117,20098400
2019-01-24,META,Meta,144.56051635742188,145.16520676476975,141.27933312897716,143.380873175386,20955500
2019-01-25,META,Meta,147.7128448486328,148.5257139119325,145.26434528122348,146.1961648899975,22237200
2019-01-28,META,Meta,146.18626403808594,147.6632989240889,144.93723787589587,146.76121691063824,15508500
2019-01-29,META,Meta,142.93479919433594,146.81076548069362,142.18140546803033,146.80084285211072,17632100
2019-01-30,META,Meta,149.11056518554688,149.63595023069124,144.4316524195393,144.94712996181704,44613200
2019-01-31,META,Meta,165.2389373779297,170.18548889138478,163.56364669766086,164.15842964512674,77233600
2019-02-01,META,Meta,164.26748657226562,167.62797571991626,164.21791880145875,164.39634462521155,30806500
2019-02-04,META,Meta,167.77664184570312,167.82620960999242,162.19564738299593,164.25754234457509,20036000
2019-02-05,META,Meta,169.67001342773438,170.48286725909293,167.2215141795657,167.67750129507093,22557000
2019-02-06,META,Meta,169.005859375,170.96861888411965,167.79647848403775,169.7096702269458,13281200
2019-02-07,META,Meta,164.93165588378906,167.7667599987707,163.81148776857412,166.73580479734449,17517600
2019-02-08,META,Meta,165.87338256835938,165.91302771016467,162.78054722489733,163.03827846153243,12561400
2019-02-11,META,Meta,164.3468017578125,166.83496204532395,163.64299073397055,166.4384349447433,12811200
2019-02-12,META,Meta,163.60330200195312,166.8745781643805,163.06800941673683,165.4074659623436,16292300
2019-02-13,META,Meta,162.6417694091797,164.77304749739332,162.30471763106678,163.9403633711484,14205100
2019-02-14,META,Meta,162.52279663085938,163.43478612823927,160.83759831774523,161.7694179484916,12755200
2019-02-15,META,Meta,161.08538818359375,163.26623349073415,159.45966548634834,163.07788507824333,15504400
2019-02-19,META,Meta,160.87725830078125,162.72106759901422,158.9343285784909,159.10284691275353,14345400
2019-02-20,META,Meta,161.1448974609375,162.2948031818548,159.84630355453947,160.83759846030406,11770700
2019-02-21,META,Meta,158.64682006835938,160.82768082441467,158.2007404140604,160.5203667171822,15607800
2019-02-22,META,Meta,160.480712890625,160.99619041650877,158.91446530787059,159.18211913634306,15858500
2019-02-25,META,Meta,163.18695068359375,164.6243402932276,161.48192235955088,161.6504557921238,18737100
2019-02-26,META,Meta,162.70123291015625,164.79286570447985,162.37410378581643,162.90939636367105,13784100
2019-02-27,META,Meta,161.3927459716797,162.5029915963239,159.01364388288147,161.48195889666812,12697500
2019-02-28,META,Meta,160.0445556640625,162.07671319723192,159.45969531394803,160.9565451403324,11114200
2019-03-01,META,Meta,160.86732482910156,161.7099314903632,160.28246450589862,161.1845464371865,11097800
2019-03-04,META,Meta,165.9130096435547,166.0418828108191,162.40383262643738,162.4732153985315,18894700
2019-03-05,META,Meta,169.76913452148438,170.383747556052,165.10014468976811,165.91299852445002,28187900
2019-03-06,META,Meta,171.00827026367188,172.0590555174548,169.77907432212362,171.39487465270062,21531700
2019-03-07,META,Meta,167.65771484375,170.24499519282546,166.15094232842895,170.00707896641893,18306500
2019-03-08,META,Meta,168.1236114501953,168.14342645636808,164.52520632922034,164.75319990787847,13184800
2019-03-11,META,Meta,170.57211303710938,172.78269632948613,170.0863731125954,170.10620324497287,18884000
2019-03-12,META,Meta,170.4234161376953,172.2870553762765,169.72951273799794,170.59193445433897,12155300
2019-03-13,META,Meta,171.86077880859375,172.51503702270958,170.62166027850708,170.81993134408785,11973300
2019-03-14,META,Meta,168.6886444091797,169.66010913612425,166.69614718712864,168.282209886595,18037400
2019-03-15,META,Meta,164.5351104736328,166.1211882406944,161.09531622801035,165.70484623018143,37135400
2019-03-18,META,Meta,159.07310485839844,162.4732393410278,157.89346142533574,162.14612531215909,37524200
2019-03-19,META,Meta,160.1634979248047,162.39391108315573,159.42002687202103,160.0742699027431,25611500
2019-03-20,META,Meta,163.9998321533203,164.6739054309311,159.8363965610117,160.0941277919876,20211500
2019-03-21,META,Meta,164.6342315673828,164.94153051538478,162.32451301742458,163.45458841140837,16223000
2019-03-22,META,Meta,162.90940856933594,165.96259883263585,162.66158483165862,164.20800253461144,16389200
2019-03-25,META,Meta,164.84243774414062,165.09026149241106,160.58978887924286,161.5810838723246,12631200
2019-03-26,META,Meta,166.2203369140625,167.97493328428456,164.90192788621488,165.89322287771373,15437900
2019-03-27,META,Meta,164.4260711669922,167.4693536028453,163.3554709188399,166.3888458515842,10620300
2019-03-28,META,Meta,164.10885620117188,165.26866929524382,161.90818054802259,163.13739153814683,10443000
2019-03-29,META,Meta,165.2389373779297,165.734584792165,163.37529826009805,164.94154590419674,13455500
2019-04-01,META,Meta,167.2314453125,167.42970126577598,165.82380838049292,166.36902359647164,10381500
2019-04-02,META,Meta,172.68356323242188,173.3774666158427,168.0740481398785,168.6589084826218,23946500
2019-04-03,META,Meta,172.029296875,176.41083330215372,171.44443655984026,172.98094656020862,27391100
2019-04-04,META,Meta,174.48773193359375,176.45049159357944,174.0019919889176,174.48773193359375,17847700
2019-04-05,META,Meta,174.1903533935547,175.45920974547903,173.57575535226783,175.3402591893489,9594100
2019-04-08,META,Meta,173.40721130371094,173.97225666273442,172.7133078920715,173.68478779432664,7297400
2019-04-09,META,Meta,176.03416442871094,177.63014995214047,174.02183682864253,174.0912196117685,19751000
2019-04-10,META,Meta,176.2720489501953,177.2335909922433,175.0031776877674,176.6289005579915,11701500
2019-04-11,META,Meta,175.96473693847656,176.84698871765096,175.4591820288233,176.68839304318382,8071000
2019-04-12,META,Meta,177.54090881347656,178.06629385948273,176.4009106916839,176.4504784580155,12329800
2019-04-15,META,Meta,178.0861053466797,178.92871197979335,175.33030700382656,176.94612237336904,10834800
2019-04-16,META,Meta,177.31289672851562,178.6015829987426,176.74786655580616,177.4417698933258,11215200
2019-04-17,META,Meta,177.22369384765625,179.166638428535,176.80735182160203,178.0365628932567,9973700
2019-04-18,META,Meta,176.72805786132812,177.32284086618182,175.79623821250544,177.2435354571373,11655600
2019-04-22,META,Meta,179.86053466796875,180.08852824143602,176.6983017701339,176.6983017701339,13389900
2019-04-23,META,Meta,182.18016052246094,182.61633266272705,179.9001794148618,181.14922056670716,19954800
2019-04-24,META,Meta,180.99061584472656,183.5283282450124,180.06870376711515,182.88399264176886,37289900
2019-04-25,META,Meta,191.57762145996094,196.75218136012188,190.4475460292337,195.2652392077988,54148800
2019-04-26,META,Meta,189.8230438232422,191.2207579743512,187.44392726368935,190.82424611073804,22075000
2019-04-29,META,Meta,193.0843963623047,193.70891691505915,188.99034407372864,189.28773553341924,19641300
2019-04-30,META,Meta,191.7164306640625,195.67170282342383,190.6061851986811,192.4995621180769,23494700
2019-05-01,META,Meta,191.34962463378906,194.47219705000802,191.32979450349492,193.08439044856792,15996600
2019-05-02,META,Meta,190.85401916503906,192.31122397949665,188.09822036138914,191.3199290105302,13209500
2019-05-03,META,Meta,193.76841735839844,194.4524132667719,192.02374376132806,192.6879095362235,14575400
2019-05-06,META,Meta,192.19224548339844,192.5887573629574,188.89123190151273,189.5752277508168,13994900
2019-05-07,META,Meta,188.11805725097656,191.2208003296015,186.21477265733313,190.86393352292077,16253000
2019-05-08,META,Meta,187.89002990722656,189.05976576230006,186.90865763048612,187.74134172164767,12505700
2019-05-09,META,Meta,187.00775146484375,188.1180118878767,184.6385575802908,185.57037708003224,12967000
2019-05-10,META,Meta,186.70050048828125,188.3460538521678,182.98314416225162,186.61128756668734,12578500
2019-05-13,META,Meta,179.95965576171875,183.81579202350136,179.26575240984758,181.90260027291666,16833300
2019-05-14,META,Meta,179.15670776367188,181.89269113496795,176.5496126846514,180.93113395389048,17628100
2019-05-15,META,Meta,184.64852905273438,185.64973158540738,178.45293512934813,178.84944709006015,16746900
2019-05-16,META,Meta,185.36224365234375,186.93839895440448,183.4391290758097,183.4391290758097,12953100
2019-05-17,META,Meta,183.68695068359375,185.94710187859604,182.67582563552642,183.2309483674975,10485400
2019-05-20,META,Meta,181.12939453125,182.62624429559708,179.7911404457111,180.29671049516125,10352000
2019-05-21,META,Meta,183.21112060546875,184.08344978385523,182.28920853365662,182.96329689409416,7502800
2019-05-22,META,Meta,183.70677185058594,185.11440874536711,182.0116509740916,183.12189638384365,9213800
2019-05-23,META,Meta,179.29550170898438,182.29912401217322,178.10595086753645,180.83201181191941,12768800
2019-05-24,META,Meta,179.48385620117188,182.03149141179736,179.25586260432482,180.74280498768937,8807700
2019-05-28,META,Meta,182.70555114746094,183.1020781625244,179.87044727508288,179.95966018123755,14843300
2019-05-29,META,Meta,180.60400390625,182.9533677663223,179.77131989583935,181.90259768757196,12797700
2019-05-30,META,Meta,181.4168701171875,181.88277991976952,179.31532981683242,181.48626801908497,8581500
2019-05-31,META,Meta,175.9251251220703,178.96839291110257,175.6178260917665,178.71066165606481,15226500
2019-06-03,META,Meta,162.7210693359375,173.52619398696916,159.60840361923943,173.47662621143076,56059600
2019-06-04,META,Meta,166.04190063476562,166.81510946943578,159.43987277631106,162.2848995086612,46044300
2019-06-05,META,Meta,166.7060546875,167.25126988535305,163.1968775407025,166.02205881437155,19758300
2019-06-06,META,Meta,166.86468505859375,168.2227543348642,165.7742545350446,166.83494741940248,12446400
2019-06-07,META,Meta,171.84095764160156,172.35642004094598,167.37020846472998,168.68863234858634,16917300
2019-06-10,META,Meta,173.2981719970703,176.31170166929564,172.28704702028858,173.22877409748656,14767900
2019-06-11,META,Meta,176.54962158203125,178.41324564337222,175.25101260252274,176.9263033452393,15266600
2019-06-12,META,Meta,173.51626586914062,177.70945450651269,171.37508021762997,176.82720258328982,17699800
2019-06-13,META,Meta,175.9251251220703,176.4802479027432,173.09002081280974,174.00201039905255,12253600
2019-06-14,META,Meta,179.75149536132812,180.2570502849708,178.43307140748,178.9386263311227,16773700
2019-06-17,META,Meta,187.3646240234375,187.85036391902162,182.80467703554277,183.3994448378117,29459900
2019-06-18,META,Meta,186.82936096191406,192.8366059556519,185.6497175479434,192.31122084075142,37571400
2019-06-19,META,Meta,185.84793090820312,186.46254392368624,182.94344462284235,185.37211367521388,21417100
2019-06-20,META,Meta,187.88011169433594,189.49592714000448,186.00656503303472,189.28774856610033,14635700
2019-06-21,META,Meta,189.4761199951172,190.3286342745102,187.10692562142606,187.10692562142606,22751200
2019-06-24,META,Meta,190.9233856201172,192.2913621662736,189.9023531803661,190.7449446896004,15509000
2019-06-25,META,Meta,187.19613647460938,191.4587078245781,186.4923255240796,191.20097658051884,16750300
2019-06-26,META,Meta,186.02639770507812,189.09940270619464,185.6794384524873,187.89002176271006,12808600
2019-06-27,META,Meta,187.85037231445312,197.14872276061521,186.63108389564889,188.22706919422956,11159000
2019-06-28,META,Meta,191.3199005126953,191.51815645176546,188.28654077964222,188.89123122567923,16378900
2019-07-01,META,Meta,191.3199005126953,193.58005149520383,190.25920779343423,193.51066872321064,14181800
2019-07-02,META,Meta,193.30250549316406,193.30250549316406,191.03244682766663,191.31991569323418,9050000
2019-07-03,META,Meta,195.48333740234375,195.68159334310286,192.4698077753127,192.4698077753127,10246100
2019-07-05,META,Meta,194.6903076171875,195.35448849502401,192.47972427873574,194.47222153436704,11164100
2019-07-08,META,Meta,194.05587768554688,194.96786714791654,191.9543374081715,193.49084747695187,9723900
2019-07-09,META,Meta,197.47584533691406,197.72366903888874,193.19344450633184,193.27274990607873,14698600
2019-07-10,META,Meta,200.9652099609375,201.19321867762923,197.93185000038574,198.25897913106715,20571700
2019-07-11,META,Meta,199.47825622558594,202.02589122238965,198.46714638045125,201.49058353876885,13678500
2019-07-12,META,Meta,203.08657836914062,203.5128430354404,197.4262930429974,197.94175549280985,15366300
2019-07-15,META,Meta,202.13494873046875,203.54258568756845,200.06314599877723,202.47198536964194,16030300
2019-07-16,META,Meta,202.0655517578125,203.68136730888554,201.33200320163752,202.11511952873352,12132700
2019-07-17,META,Meta,200.04330444335938,202.5810168479359,199.83512586872124,202.40257590882334,12083700
2019-07-18,META,Meta,199.0321807861328,200.70747151973183,197.64437403247877,198.4076601840089,11937900
2019-07-19,META,Meta,196.6332550048828,200.56869692864873,196.34578614217662,200.41999361955826,12098300
2019-07-22,META,Meta,200.5587615966797,200.80658528481754,197.0793073346111,198.16973761280076,13589000
2019-07-23,META,Meta,200.5984344482422,202.46207368084626,199.21062765329847,201.07425175994294,14583700
2019-07-24,META,Meta,202.87838745117188,203.02707561349845,195.50315208062383,195.90958655892646,32532500
2019-07-25,META,Meta,198.9628143310547,206.8436060894871,196.53412962401214,204.90066134904515,39889900
2019-07-26,META,Meta,198.01112365722656,201.11388102342588,194.54159207875202,198.44729576153082,24434000
2019-07-29,META,Meta,194.23434448242188,197.89222544809863,193.59991628823684,197.2677047585554,16530800
2019-07-30,META,Meta,195.3247528076172,196.9802287062787,191.81557529485497,193.6891221694407,11903600
2019-07-31,META,Meta,192.53919982910156,197.02976441427577,191.00268974372446,195.23552310608397,14593500
2019-08-01,META,Meta,191.05224609375,196.74228379607928,189.21835975548873,192.47971305224087,17777000
2019-08-02,META,Meta,187.37457275390625,190.94322544251955,186.43284559132607,189.4364680327754,15297000
2019-08-05,META,Meta,180.14801025390625,184.0537144133837,177.7788161490501,183.08224968810975,23086700
2019-08-06,META,Meta,182.90382385253906,184.17268016509672,181.49618685348165,182.09096986760073,18035700
2019-08-07,META,Meta,183.5382537841797,184.74763483221585,179.6424718944931,182.0017587137703,15833200
2019-08-08,META,Meta,188.50460815429688,188.68303394397594,182.4477967917804,184.99541636437093,14828900
2019-08-09,META,Meta,186.21475219726562,189.31749493498137,185.49109603275392,188.34603017251814,11058800
2019-08-12,META,Meta,183.75631713867188,185.95699286346687,182.85425034233126,185.22344437250766,10930900
2019-08-13,META,Meta,186.80950927734375,189.7140110194485,183.7563193598577,183.90502266119785,13577000
2019-08-14,META,Meta,178.14559936523438,184.37092964599083,177.74907236030677,184.18258120939504,18903700
2019-08-15,META,Meta,181.00054931640625,181.60523986775857,178.46283655202973,179.37482613135495,12925900
2019-08-16,META,Meta,182.10089111328125,183.4887132089663,180.77255942426567,182.15045888919173,12654600
2019-08-19,META,Meta,184.5493621826172,185.86778616090027,183.24086083354322,184.39075137486302,9691200
2019-08-20,META,Meta,182.2099151611328,184.38085343626173,180.80227820270235,183.83563821004856,10083400
2019-08-21,META,Meta,181.95216369628906,184.28169740239255,181.54572919776624,183.38953813213305,8398200
2019-08-22,META,Meta,180.45533752441406,182.507325461937,178.34388943222206,181.83323698754728,10821400
2019-08-23,META,Meta,176.20266723632812,181.53583860114406,175.12215943315425,179.2657648255648,17323400
2019-08-26,META,Meta,178.78994750976562,178.92872818974976,176.68840717687456,177.8382977570461,8773600
2019-08-27,META,Meta,179.7217559814453,182.4378941392219,179.43427200976495,180.34626143965681,14399600
2019-08-28,META,Meta,180.17776489257812,180.366113353468,177.36249086127862,178.9584763378182,9386100
2019-08-29,META,Meta,183.95460510253906,184.46016006512284,181.8728797253869,182.1702712258315,10128700
2019-08-30,META,Meta,184.0537109375,185.17387894584937,181.8629578139007,185.15404881380138,10774500
2019-09-03,META,Meta,180.80227661132812,184.05372268054123,180.5247152487826,182.39826200894478,9779400
2019-09-04,META,Meta,185.5109100341797,186.11560047297843,182.289201903489,183.04258051332087,11308000
2019-09-05,META,Meta,189.23817443847656,189.6941767095341,186.30395025187858,186.88881056344226,13876700
2019-09-06,META,Meta,185.85787963867188,188.5542028808882,184.72780409788703,188.5542028808882,15226800
2019-09-09,META,Meta,187.11683654785156,187.33492265535642,184.232179627603,186.09580391997025,14722400
2019-09-10,META,Meta,184.5493621826172,186.46256912699883,182.94346935049393,185.80831088948224,15455900
2019-09-11,META,Meta,186.84915161132812,187.79087859227855,184.46012764972787,184.836824492491,11761700
2019-09-12,META,Meta,185.8380584716797,189.26793039867314,185.6001422473146,188.2072527077104,11419800
2019-09-13,META,Meta,185.56048583984375,186.33369461463457,184.916135110212,185.6992665141406,11441100
2019-09-16,META,Meta,184.59893798828125,186.15526311999932,184.15285830726447,185.3027488986509,8444800
2019-09-17,META,Meta,186.4427490234375,186.68066524786644,183.92485147426774,185.0351120623095,9671100
2019-09-18,META,Meta,186.50221252441406,187.43403210381956,184.39074965303598,186.45264475670885,9681900
2019-09-19,META,Meta,188.48480224609375,189.4364519578799,186.51212004849356,187.01769010280083,10392700
2019-09-20,META,Meta,188.2766571044922,191.41907564903988,186.48241552685442,189.0003133644597,19934200
2019-09-23,META,Meta,185.1937255859375,188.4451717375327,183.59774014788326,187.6917779121405,13327600
2019-09-24,META,Meta,179.70193481445312,186.40308276455025,178.81968297541698,186.3436074918448,18546600
2019-09-25,META,Meta,181.20867919921875,181.82327708991846,176.3215883274959,179.8704252668067,18068300
2019-09-26,META,Meta,178.5421142578125,179.8208779461365,176.12335242778306,179.75149517282722,16083300
2019-09-27,META,Meta,175.55831909179688,179.18644664593606,174.13085212743323,178.91880793458682,14656200
2019-09-30,META,Meta,176.52981567382812,177.11467609445455,175.31052705731037,176.32163706810007,10740000
2019-10-01,META,Meta,174.27955627441406,178.27447356464504,173.35765926557306,177.5904776543643,17073000
2019-10-02,META,Meta,173.08009338378906,174.9932852559371,171.5832284232583,173.3179944761418,16151700
2019-10-03,META,Meta,177.81849670410156,178.27448392013582,172.1185506219474,174.0416652854714,16086300
2019-10-04,META,Meta,178.87918090820312,179.40456605160196,176.5496467183686,177.98702145268547,10430200
2019-10-07,META,Meta,178.11585998535156,179.6028023321276,176.5397047279993,178.43308161312447,9178300
2019-10-08,META,Meta,176.20266723632812,178.79985501576326,176.17292959961395,176.70822218642866,9466900
2019-10-09,META,Meta,178.2843780517578,179.1467996981967,176.39100132993687,177.6003822110821,7556900
2019-10-10,META,Meta,178.46279907226562,180.02904664889869,177.6102849514643,178.7502830306757,8605000
2019-10-11,META,Meta,182.58660888671875,184.86659016737028,180.55445132948677,180.56435883307805,14930500
2019-10-14,META,Meta,181.68450927734375,183.01284067577564,180.98069844164908,182.5964986759369,7006000
2019-10-15,META,Meta,187.24569702148438,188.7227318991108,182.06122881995552,182.20000950385625,15039100
2019-10-16,META,Meta,187.8999481201172,188.048636302201,185.27300760428005,186.68065964915132,10516900
2019-10-17,META,Meta,188.73260498046875,189.17868458836452,187.12671234166106,188.64339208408106,9603000
2019-10-18,META,Meta,184.23216247558594,189.82306508409687,182.31895546076947,188.5740238344982,16874200
2019-10-21,META,Meta,188.10812377929688,188.25682709698793,185.1243314328732,185.41180031220577,8122600
2019-10-22,META,Meta,180.7527313232422,188.99039056516662,179.92004713203548,188.34605484896275,19537600
2019-10-23,META,Meta,184.529541015625,184.7575497350842,180.41567319910627,180.42558070283758,12300400
2019-10-24,META,Meta,184.75755310058594,185.10449724902045,181.20871545130507,183.01286435066095,11413500
2019-10-25,META,Meta,186.25437927246094,187.354717104941,183.47875080867757,184.21231440565035,8061200
2019-10-28,META,Meta,187.75125122070312,187.88012440021436,183.46886504496106,185.57040542859633,13657900
2019-10-29,META,Meta,187.66204833984375,190.85401935313857,186.82936419532183,190.02133520861668,13574900
2019-10-30,META,Meta,186.6112518310547,188.7920974328394,184.36100833067871,187.90984563878274,28734600
2019-10-31,META,Meta,189.98165893554688,196.3656004243641,186.61126237203993,194.987701137253,42286500
2019-11-01,META,Meta,191.9344940185547,192.42023391509704,188.25679878716807,191.17120791450583,21711800
2019-11-04,META,Meta,193.02493286132812,195.6518581424761,192.1228509247985,192.85641455328835,16371300
2019-11-05,META,Meta,192.62843322753906,194.04597768143054,191.91469968576047,193.66928077716966,9942000
2019-11-06,META,Meta,189.88255310058594,192.67799702946178,189.68429713326918,192.34096037242722,10973000
2019-11-07,META,Meta,188.7623748779297,191.7560897403017,187.82064773896667,190.23940973863412,13473000
2019-11-08,META,Meta,189.1787109375,190.66565325489464,188.04863538131843,188.34602686998926,10760800
2019-11-11,META,Meta,187.95944213867188,188.42535199028035,186.8987492474897,188.27664866740642,8631200
2019-11-12,META,Meta,192.77713012695312,193.36199051719342,188.08830924895616,188.3460404905975,17615500
2019-11-13,META,Meta,191.50823974609375,193.99638418266886,191.06216012313234,193.00508940899556,10860700
2019-11-14,META,Meta,191.46859741210938,192.3409417349273,189.78339916426867,191.25051133140488,9040500
2019-11-15,META,Meta,193.40162658691406,193.59988252690587,191.69659827625904,192.5689274374147,11524300
2019-11-18,META,Meta,195.68161010742188,196.9009137431693,191.36948630414045,192.86633617996145,16167200
2019-11-19,META,Meta,197.5848846435547,198.25895783974997,195.1462928067042,195.68158533744997,19056800
2019-11-20,META,Meta,195.79063415527344,197.8525291928546,193.72873911769227,196.8513268715214,12355400
2019-11-21,META,Meta,196.20700073242188,197.3569064960922,195.1463230093173,195.70144575703117,12131000
2019-11-22,META,Meta,197.0892333984375,197.56505065268863,195.899667573873,196.65306127955822,9959800
2019-11-25,META,Meta,198.05078125,199.22051697839632,197.51548871392592,197.78314254494208,15272300
2019-11-26,META,Meta,197.23794555664062,198.4076662668738,196.31603344305245,198.25897808369487,11735500
2019-11-27,META,Meta,200.24156188964844,201.3716374259675,197.68401933356654,198.1598366315011,12736600
2019-11-29,META,Meta,199.88470458984375,202.02590522077313,199.45845503998015,199.84505944895685,7985200
2019-12-02,META,Meta,197.96160888671875,200.42001625656496,196.32597818369993,200.37046360723087,11503400
2019-12-03,META,Meta,197.0892333984375,197.19826130219954,193.38178551392141,195.87985256916596,11595300
2019-12-04,META,Meta,196.98019409179688,198.28869534720863,196.32593590111196,198.25895771362823,8456300
2019-12-05,META,Meta,197.6245574951172,199.53774944612223,196.48457437804745,198.12020495922752,9740400
2019-12-06,META,Meta,199.29981994628906,199.81529747078372,198.31843266184003,198.75460478826182,12270600
2019-12-09,META,Meta,199.58731079101562,201.3716446295494,198.46715784384807,198.90331489241436,11954800
2019-12-10,META,Meta,199.12139892578125,200.2911347568499,198.40766539772974,199.90453035631865,9475700
2019-12-11,META,Meta,200.49928283691406,200.8660722022871,198.53652334826828,198.53652334826828,8036800
2019-12-12,META,Meta,195.03726196289062,201.88711301453668,192.41033665773847,200.58851917968943,23734800
2019-12-13,META,Meta,192.4202423095703,195.08682785364928,191.48842273830536,194.69030084143077,18798000
2019-12-16,META,Meta,196.19705200195312,197.3866026579484,193.1141247731725,193.57012700638194,14911500
2019-12-17,META,Meta,196.66297912597656,197.2676695724178,194.42265827366506,197.10905877067222,10175700
2019-12-18,META,Meta,200.73724365234375,202.5215777322236,198.34821899889243,198.34821899889243,23274400
2019-12-19,META,Meta,204.26622009277344,204.50413630878322,200.74712025150424,201.0147741037703,16514600
2019-12-20,META,Meta,204.504150390625,205.90187989475402,201.6591236098735,205.67387116647618,27306900
2019-12-23,META,Meta,204.3851776123047,206.7742019794803,203.88953015650694,204.90065520160314,13348900
2019-12-24,META,Meta,203.3343963623047,204.98985695947684,203.21544581969275,204.50413215983875,6046300
2019-12-26,META,Meta,205.98117065429688,206.01092341862991,203.52276341775243,203.78050978492826,9350700
2019-12-27,META,Meta,206.28848266601562,207.11124415378163,204.7916176288916,206.85351291522508,10284200
2019-12-30,META,Meta,202.63059997558594,206.09020959561857,202.12502988140977,206.05056445389897,10524300
2019-12-31,META,Meta,203.4632568359375,203.77055580247915,201.82762647326695,202.22413834119976,8953500
2020-01-02,META,Meta,207.95382690429688,207.9637344071887,204.4743875184786,204.95020479858297,12077100
2020-01-03,META,Meta,206.853515625,208.56845165508497,205.14848709907997,205.40623346697336,11188400
2020-01-06,META,Meta,210.74928283691406,210.92770864240686,204.72220857183618,204.900634377329,17058900
2020-01-07,META,Meta,211.2052764892578,212.7120488834595,209.90668266717276,210.96737540793467,14912400
2020-01-08,META,Meta,213.3465118408203,214.35763697955275,210.75923127692005,211.14583572320578,13475000
2020-01-09,META,Meta,216.39967346191406,216.4789788667449,214.39725358632398,215.6462796790009,12642800
2020-01-10,META,Meta,216.16175842285156,217.96592235915483,215.52733030671448,217.291833977407,12119400
2020-01-13,META,Meta,219.97825622558594,220.0377314997937,217.30176300451834,217.68836741282854,14463400
2020-01-14,META,Meta,217.15304565429688,220.4441517899839,216.72679613272476,219.68085052642485,13288900
2020-01-15,META,Meta,219.22483825683594,219.75022328905106,218.2236359574362,218.689545721998,10036500
2020-01-16,META,Meta,219.8394775390625,220.69199177101737,218.4714857160289,220.6325164962698,10015300
2020-01-17,META,Meta,220.2062225341797,220.3549107012759,218.61023732819538,220.09717950298977,15905900
2020-01-21,META,Meta,219.51234436035156,220.4342413538847,217.21253293939026,220.22607789610095,14275800
2020-01-22,META,Meta,219.3933563232422,220.81090052292996,219.35369606361115,220.37472842273152,12212800
2020-01-23,META,Meta,217.8469696044922,219.56192073379037,217.36124476665748,218.82835703609265,11195000
2020-01-24,META,Meta,216.04283142089844,219.84940053253646,214.2287597834863,218.87793568264115,11905800
2020-01-27,META,Meta,212.99954223632812,214.1791856534623,210.650178032229,211.24496105588074,13810700
2020-01-28,META,Meta,215.89413452148438,216.83587688589316,211.6613157008704,214.25850379817922,13413800
2020-01-29,META,Meta,221.28672790527344,222.24828504500258,216.54834010118626,219.51231691731556,33181300
2020-01-30,META,Meta,207.7060089111328,209.58946307756923,202.96762073363075,204.7321243582591,48775500
2020-01-31,META,Meta,200.15235900878906,206.8733372918856,199.30975228448216,206.61559093454187,31359900
2020-02-03,META,Meta,202.41250610351562,203.35423322426226,200.73721531848193,201.6690349356694,15495600
2020-02-04,META,Meta,208.00340270996094,208.7667039889746,203.4137026585634,204.8213395474977,19628900
2020-02-05,META,Meta,208.2809600830078,210.87814773155097,206.89315335308982,210.6600616559983,12538200
2020-02-06,META,Meta,209.01451110839844,209.35154770448926,207.517646305008,208.6378142504393,10567500
2020-02-07,META,Meta,210.48162841796875,210.9673683192804,208.10251180296524,208.46930116761217,12242500
2020-02-10,META,Meta,211.2052764892578,211.93884011724154,208.82617492027316,209.67868908891847,11856400
2020-02-11,META,Meta,205.38636779785156,209.02441782373353,204.71227948225044,208.36025213654113,25030800
2020-02-12,META,Meta,208.92532348632812,209.3813258302524,205.59457176527894,206.0406666047991,13813700
2020-02-13,META,Meta,211.28457641601562,212.46421966686736,207.3590422903707,207.69609402344153,15396600
2020-02-14,META,Meta,212.31552124023438,213.05899236907703,210.79884134747206,212.1370954297724,10741700
2020-02-18,META,Meta,215.90403747558594,216.08246330144772,211.54233073434534,211.69103404852362,15609200
2020-02-19,META,Meta,215.59671020507812,216.41948669926148,214.2287185489711,216.09235760210728,12135100
2020-02-20,META,Meta,212.71206665039062,216.86559480295082,211.09625108363406,214.63518122349623,13109200
2020-02-21,META,Meta,208.350341796875,212.3750115450859,207.01210284110857,211.62161778756874,14092300
2020-02-24,META,Meta,198.97268676757812,201.87717317333744,196.4448820874861,200.04328693065094,23080100
2020-02-25,META,Meta,195.05706787109375,201.72847715551424,194.24419893364404,200.4893587454681,21433500
2020-02-26,META,Meta,195.48333740234375,199.45843935027182,193.7882317140009,195.47342989939133,16524500
2020-02-27,META,Meta,188.09820556640625,194.1748480885161,187.85038184365735,190.15019325122768,21682600
2020-02-28,META,Meta,190.79454040527344,191.06219427727905,180.23725522882313,181.10958449994126,32568900
2020-03-02,META,Meta,194.72998046875,194.85885365128047,187.2060555030283,192.34095603269014,24949000
2020-03-03,META,Meta,184.27182006835938,195.52302394887474,182.36853555450094,194.51189885133846,27984100
2020-03-04,META,Meta,190.09071350097656,190.16011140769461,184.7674644784254,187.52326321969804,23062500
2020-03-05,META,Meta,183.55804443359375,187.3447975852347,182.28918838170378,185.15402956344934,19333400
2020-03-06,META,Meta,179.5135955810547,182.18018136792298,174.72563924503544,176.77762701445522,24559600
2020-03-09,META,Meta,168.0244903564453,173.47661246240665,163.75201163538196,168.12362589966506,29949000
2020-03-10,META,Meta,176.6388397216797,176.73796013558226,168.02448466585489,173.149477456772,24517800
2020-03-11,META,Meta,168.75807189941406,174.34897528169316,166.20052889861083,172.49524328393204,20373900
2020-03-12,META,Meta,153.1253204345703,165.14973209945882,152.99644726061157,158.15117758148926,43266300
2020-03-13,META,Meta,168.79769897460938,169.303253942079,156.2280865595839,162.10645821675976,35028600
2020-03-16,META,Meta,144.73895263671875,157.74475108781604,141.85429617806886,150.9940357178259,39120400
2020-03-17,META,Meta,148.11927795410156,152.5999350106582,138.78128207529338,149.42779444555768,34255600
2020-03-18,META,Meta,145.6807098388672,146.8900757398305,135.90654120587038,138.53346672486657,37553100
2020-03-19,META,Meta,151.7969970703125,158.53779047574193,143.53950851010524,145.34365741244116,39862300
2020-03-20,META,Meta,148.42657470703125,157.88353611358346,146.71163883964718,154.66182782825337,32568400
2020-03-23,META,Meta,146.810791015625,150.98413436617852,141.0117093943652,148.35720874770473,29830800
2020-03-24,META,Meta,159.5786590576172,159.9057882108282,151.2418799067256,153.85889800645307,30440400
2020-03-25,META,Meta,154.85018920898438,161.5711676910729,151.72760107288883,157.53659002543301,35184300
2020-03-26,META,Meta,161.91810607910156,162.57236434633546,155.65313014783945,156.8724186451682,26556800
2020-03-27,META,Meta,155.4251251220703,158.69640141000696,153.4028901241598,156.822854600928,24879900
2020-03-30,META,Meta,164.50538635253906,165.2984253012151,156.68407016221562,157.79431561478617,22515200
2020-03-31,META,Meta,165.34799194335938,169.4420295847573,162.77061915923906,164.03947541807867,23676300
2020-04-01,META,Meta,158.21066284179688,162.72104227236392,156.66423018239112,160.21306753205042,19507600
2020-04-02,META,Meta,156.8129425048828,159.94543801619128,154.56269884871304,157.71502449327173,20886300
2020-04-03,META,Meta,152.8378448486328,156.53538582342665,149.5170159130177,155.7819919969896,25983300
2020-04-06,META,Meta,164.10885620117188,164.75319176700359,157.13013237963017,158.7558552370419,28453600
2020-04-07,META,Meta,167.36033630371094,171.8806390737958,164.56487714928613,170.29456102683633,31411900
2020-04-08,META,Meta,172.76284790039062,173.47658133079966,166.2797868877923,169.75922601656825,21664200
2020-04-09,META,Meta,173.66497802734375,175.53852502146955,170.076494873485,174.3687890252743,23534300
2020-04-13,META,Meta,173.26844787597656,173.47662648317942,167.97493616094914,172.15820230679188,19355400
2020-04-14,META,Meta,176.6190185546875,179.65237866656275,175.08250836457879,177.4219650400709,21011800
2020-04-15,META,Meta,175.42947387695312,176.63885496301796,171.31560575901784,173.66497002206395,17423000
2020-04-16,META,Meta,174.71572875976562,176.50006263186586,171.00828033251065,176.40092708998696,23593200
2020-04-17,META,Meta,177.67971801757812,178.71065814342688,175.12217514892365,177.64005774776027,20974800
2020-04-20,META,Meta,176.68841552734375,178.92873664609874,175.23121075566158,175.86563891213842,16110700
2020-04-21,META,Meta,169.31314086914062,173.85327249295153,166.874549207302,173.72439933929803,24850500
2020-04-22,META,Meta,180.69322204589844,183.17145914344033,176.5892620174074,176.89656099734918,33242000
2020-04-23,META,Meta,183.51841735839844,185.42170162352286,181.55564269746117,182.4775547580757,21426600
2020-04-24,META,Meta,188.41542053222656,188.7524571530218,179.25585061783767,181.63495222175106,28792000
2020-04-27,META,Meta,185.86778259277344,192.0633753458659,185.77856968735904,190.98286759995668,29197800
2020-04-28,META,Meta,181.3177490234375,187.55298712512695,180.97078976717316,187.01769454861898,21731000
2020-04-29,META,Meta,192.49954223632812,195.19586533888122,188.346014547985,189.26791146399665,45954500
2020-04-30,META,Meta,202.92799377441406,207.86463833916753,199.815328268595,205.11874712075365,46230100
2020-05-01,META,Meta,200.5092315673828,205.4756137669369,197.3172606533983,199.84506577329986,30415600
2020-05-04,META,Meta,203.47317504882812,204.11752577558354,197.02975853702785,198.45722553825703,19250700
2020-05-05,META,Meta,205.26742553710938,208.5486089695455,204.7023802295266,205.21785777094198,21071200
2020-05-06,META,Meta,206.65525817871094,209.7580161936325,204.86101675028578,206.30829889793858,21857000
2020-05-07,META,Meta,209.42095947265625,209.75801124137712,207.22028353893103,209.32183905617606,15152000
2020-05-08,META,Meta,210.50146484375,211.3539790092418,209.0145225871451,210.3924218065606,12506000
2020-05-11,META,Meta,211.32424926757812,213.12841332924486,208.53871289026586,209.05419049730784,12911900
2020-05-12,META,Meta,208.27105712890625,213.4059572677164,208.17192159205015,211.43327504157023,14704600
2020-05-13,META,Meta,203.31460571289062,208.94515391846076,200.3506282880669,207.60689964991752,20684600
2020-05-14,META,Meta,205.00967407226562,205.1286246073233,198.9429547689931,200.79667119478012,17178900
2020-05-15,META,Meta,209.04428100585938,209.50026820601656,202.3431175559014,203.483115808215,19383200
2020-05-18,META,Meta,211.3341522216797,212.7715267339531,209.103738801475,210.30319710358134,20151900
2020-05-19,META,Meta,214.99205017089844,218.5706254884204,210.9773026621722,211.41347485337647,31843200
2020-05-20,META,Meta,227.9680938720703,229.3261630716245,221.2471155272125,221.554414532137,50162900
2020-05-21,META,Meta,229.37571716308594,235.13513788236287,229.18736871943992,232.67673086362328,47782600
2020-05-22,META,Meta,232.86508178710938,233.9356820629517,226.74879424788477,229.49467014998513,33925600
2020-05-26,META,Meta,230.1786651611328,238.8029274814234,229.65328009154226,237.6827745670303,33178300
2020-05-27,META,Meta,227.14529418945312,228.55293101712496,219.20502813569777,227.0759114176311,34697600
2020-05-28,META,Meta,223.49734497070312,229.61363241933896,222.05004782499321,222.3474393070935,29377200
2020-05-29,META,Meta,223.13055419921875,225.50967091525212,220.93980105083412,223.2395972377781,23241500
2020-06-01,META,Meta,229.8911895751953,230.41657462940574,221.55439635505033,222.63490409854282,18223800
2020-06-02,META,Meta,230.6941375732422,230.9716989198073,224.58775769689183,228.929633958953,20919000
2020-06-03,META,Meta,228.1564483642578,230.62476309877923,226.54063276223485,230.08947048344942,15380300
2020-06-04,META,Meta,224.32009887695312,229.61362472834423,222.65473083450817,227.56163718394748,17041500
2020-06-05,META,Meta,228.76113891601562,229.33609179979157,223.34866185561455,224.7364838555443,16750400
2020-06-08,META,Meta,229.38563537597656,229.53433868756787,225.43037837858236,227.03627128724105,15466500
2020-06-09,META,Meta,236.59234619140625,237.68277660516696,228.40425596266664,229.50459387983992,27462900
2020-06-10,META,Meta,234.6692352294922,239.11024723031758,233.23186066323433,238.86242350765383,20720700
2020-06-11,META,Meta,222.47633361816406,230.8626961254482,221.6040042880215,227.93837884768658,26708200
2020-06-12,META,Meta,226.59019470214844,229.64338487185313,222.5457096121225,227.89869613147326,22091400
2020-06-15,META,Meta,230.47607421875,231.73502303147188,222.84310618379425,223.13057506180579,15340300
2020-06-16,META,Meta,233.5986328125,236.38418413576704,230.9717074264881,235.07566763151695,15236700
2020-06-17,META,Meta,233.4796905517578,235.52175566028157,229.71276684259786,232.95430545591276,19578100
2020-06-18,META,Meta,233.88612365722656,234.0843796141801,230.12910747503136,232.94439651722732,15782500
2020-06-19,META,Meta,236.71128845214844,238.73353839854053,233.49950284758046,235.71999361104298,30081300
2020-06-22,META,Meta,237.13754272460938,238.60465478999114,234.8476541619913,236.4832845278733,18917800
2020-06-23,META,Meta,240.13125610351562,243.05557271769652,237.77196965585082,239.1796064468067,24017900
2020-06-24,META,Meta,231.98284912109375,241.10275966290268,230.65450238843093,239.10033962270523,20834900
2020-06-25,META,Meta,233.62838745117188,235.2342955619814,230.71399299280617,232.57761722029736,18704300
2020-06-26,META,Meta,214.19898986816406,231.06090957453293,213.52490151453114,230.6148299237534,76343900
2020-06-29,META,Meta,218.7193145751953,218.8283576234436,205.30709527045812,207.9241133024566,58514300
2020-06-30,META,Meta,225.09335327148438,225.51960284277004,216.56821058616464,218.6697510558646,33927100
2020-07-01,META,Meta,235.4821014404297,236.91947598923105,225.57906015771016,226.51087976376274,43399700
2020-07-02,META,Meta,231.38803100585938,237.9107526220283,230.58508463591335,236.91945781943653,30633600
2020-07-06,META,Meta,238.18832397460938,238.30727451561665,230.24805771723553,231.72507735460576,26206200
2020-07-07,META,Meta,238.76327514648438,245.49416043715738,236.7410403335655,237.32590065741434,27887800
2020-07-08,META,Meta,241.45962524414062,244.83994464698375,234.53046811241302,236.0372406686119,29791300
2020-07-09,META,Meta,242.37161254882812,244.3839400646168,237.1574066158228,242.86726001825312,22174900
2020-07-10,META,Meta,242.93663024902344,243.35297226079538,237.23668499997524,241.5686385489451,22982700
2020-07-13,META,Meta,236.9194793701172,247.97241137402958,236.34452651720005,244.85974601579528,24674900
2020-07-14,META,Meta,237.6431427001953,238.2379257420338,230.0101743350606,234.69899538242092,23378100
2020-07-15,META,Meta,238.18832397460938,242.6888110381981,235.9777407071234,239.44727266211922,19133600
2020-07-16,META,Meta,238.83267211914062,239.65544869823316,234.27272467146835,235.92818533327153,18880700
2020-07-17,META,Meta,239.923095703125,242.0345586123702,235.78939791848782,238.90206319911425,18152400
2020-07-20,META,Meta,243.28358459472656,243.90810520163038,233.58872199953782,237.97024349927685,20872200
2020-07-21,META,Meta,239.64553833007812,244.76062356437544,237.99007768806302,244.07662767391062,19364200
2020-07-22,META,Meta,237.7819061279297,239.79423359282484,236.04714002881593,238.1685105392652,15427900
2020-07-23,META,Meta,230.5751953125,240.309703175952,229.73258861347995,237.54399711408567,21771800
2020-07-24,META,Meta,228.70164489746094,231.45744341133576,224.92479875703089,228.18616733253234,18325800
2020-07-27,META,Meta,231.4673614501953,232.90473604428718,228.82060585600848,229.44512648952175,13163100
2020-07-28,META,Meta,228.1167755126953,232.91465428162354,227.82930664968208,232.58752515242662,14170100
2020-07-29,META,Meta,231.25917053222656,231.66560505382344,228.30511609365914,229.12789264007753,13588300
2020-07-30,META,Meta,232.4586639404297,232.8452683628402,227.00654175845798,228.21592279799037,20615300
2020-07-31,META,Meta,251.4617462158203,253.62277671193084,246.83240138645832,253.59303907846694,53005100
2020-08-03,META,Meta,249.76666259765625,253.1767042514364,248.15084711603382,250.45064335351154,23124900
2020-08-04,META,Meta,247.6551971435547,250.5993440932362,245.27608039961166,249.37013301923434,17183500
2020-08-05,META,Meta,246.9513397216797,250.0739272147647,245.61310090403518,248.01203234935707,13050100
2020-08-06,META,Meta,262.9706726074219,264.27918895050783,246.50526604600296,246.8720402667357,45241600
2020-08-07,META,Meta,266.1031494140625,276.46219104130057,261.1367533288925,261.7810888280034,72766400
2020-08-10,META,Meta,260.7105712890625,271.47601990197774,257.42938743177587,265.7067062968509,30248800
2020-08-11,META,Meta,253.90036010742188,263.60514536343936,252.9090652365863,257.9250148628608,28238300
2020-08-12,META,Meta,257.6276550292969,261.6027271450453,255.86312100417206,256.7156503787785,21415700
2020-08-13,META,Meta,259.025390625,262.8518053400096,257.310469508943,259.27321439339437,17374000
2020-08-14,META,Meta,258.96588134765625,260.36361084815877,256.4281687125643,260.0265741976145,14792700
2020-08-17,META,Meta,258.88653564453125,261.80094457457125,257.14184723691153,260.2148669541819,13351100
2020-08-18,META,Meta,260.0562744140625,262.8418103841831,257.00309973841337,258.67839037193426,18690400
2020-08-19,META,Meta,260.3040771484375,265.57777232444016,259.0748813750512,259.1145416344258,23291500
2020-08-20,META,Meta,266.668212890625,267.2828108011093,259.18391930646,259.2235795673699,20299700
2020-08-21,META,Meta,264.6856689453125,268.1353559405538,264.100808566831,266.35103716728554,15538600
2020-08-24,META,Meta,269.02752685546875,274.8365002201754,266.4303089079624,268.71030523947917,23685600
2020-08-25,META,Meta,278.37542724609375,280.6256556665897,267.9073560424017,270.03863392111543,42127200
2020-08-26,META,Meta,301.2643737792969,302.0177674265877,281.52769281147414,281.52769281147414,69015200
2020-08-27,META,Meta,290.66754150390625,298.60782469162797,289.4779753196748,297.54713170674614,30301300
2020-08-28,META,Meta,291.1036376953125,294.64256742942354,288.44697486350793,292.4319691112148,17157400
2020-08-31,META,Meta,290.64764404296875,294.29560160361154,289.0119834406697,291.3911151342261,17345100
2020-09-01,META,Meta,292.8681945800781,298.8655171752459,290.16194836378156,292.14453834590944,17295900
2020-09-02,META,Meta,299.8666687011719,300.95709900137746,290.49892099965825,296.27818646479,24341400
2020-09-03,META,Meta,288.5857849121094,295.009387165798,281.16099531666765,293.4133865436839,32294100
2020-09-04,META,Meta,280.2688293457031,286.48423773033767,268.77972461851283,284.74947158491176,30333700
2020-09-08,META,Meta,268.79949951171875,276.86862339008695,267.07465625372083,268.9184500464888,24864000
2020-09-09,META,Meta,271.3373107910156,276.05588540516027,268.98794611610106,273.3694537561548,22918800
2020-09-10,META,Meta,265.75628662109375,276.7299300973121,264.7055162870741,273.1117092111557,24814700
2020-09-11,META,Meta,264.28912353515625,269.0275422844676,260.3537117530146,267.7091031026115,18913900
2020-09-14,META,Meta,263.8331298828125,274.231833888043,263.3870653318415,268.5913635232722,24093800
2020-09-15,META,Meta,270.0486145019531,272.1303099337052,266.95574849230314,268.3138481408767,18478500
2020-09-16,META,Meta,261.22601318359375,270.0683767325323,259.51109242016884,264.9632142037472,29183400
2020-09-17,META,Meta,252.60177612304688,259.2236188586699,248.01207585132232,256.0316480397024,31281400
2020-09-18,META,Meta,250.3316650390625,256.943614412479,247.87325826455807,256.15056045172577,28130800
2020-09-21,META,Meta,245.98980712890625,247.77414085618435,242.00481278493712,245.38511667482754,24709400
2020-09-22,META,Meta,252.53237915039062,253.0974245114038,246.05922457694612,251.10491205515729,30293100
2020-09-23,META,Meta,246.85226440429688,255.7441658916591,245.98982754107175,253.03793500420102,19641300
2020-09-24,META,Meta,247.35780334472656,250.04421905053735,243.4818368410572,244.35418115160107,20006800
2020-09-25,META,Meta,252.60177612304688,253.52367312850794,244.4632382598628,247.228944402206,18351300
2020-09-28,META,Meta,254.58438110351562,257.3401799062247,252.60179116625955,257.14190881173045,18826300
2020-09-29,META,Meta,259.5111083984375,261.03768081045007,254.6636616660201,255.56574368325687,20200200
2020-09-30,META,Meta,259.6201171875,263.76372243232544,257.8357985443643,259.69943771719215,20142500
2020-10-01,META,Meta,264.3089599609375,265.99414311385937,262.4948733807721,263.04010371853553,20009800
2020-10-02,META,Meta,257.6772155761719,262.8418538723602,256.9238217222917,258.93614929080496,16367600
2020-10-05,META,Meta,262.3461608886719,262.5642469531849,258.56933014790394,259.9175067972345,12822300
2020-10-06,META,Meta,256.4083557128906,263.3771580098929,255.99199852253278,259.5011911203908,18696900
2020-10-07,META,Meta,255.87307739257812,257.9151428067638,252.6018157781437,256.9535853834298,23133400
2020-10-08,META,Meta,261.46392822265625,262.3164272365639,256.89404342705984,257.48882636220674,16312800
2020-10-09,META,Meta,262.1479187011719,262.44529503670765,259.8877677953517,262.2172863448528,14107800
2020-10-12,META,Meta,273.349609375,277.741039175395,265.53819955962416,267.8479339616037,31019300
2020-10-13,META,Meta,273.7361755371094,276.67039983476207,271.01011468828443,275.16361229527485,18063300
2020-10-14,META,Meta,269.4537658691406,276.32343172750234,269.1365442655314,275.20326373795046,15577800
2020-10-15,META,Meta,264.3981628417969,266.69797414764406,261.374725658758,265.2705071475953,15416100
2020-10-16,META,Meta,263.6150207519531,269.00766692191854,262.99050018326744,265.0524103227984,16622700
2020-10-19,META,Meta,259.1244812011719,266.21223369649806,257.6177238415861,263.2185339846654,13587000
2020-10-20,META,Meta,265.2308654785156,267.3522511210666,260.591612529058,260.77003835359403,18763200
2020-10-21,META,Meta,276.3036193847656,280.5859900670945,273.9641478504965,277.1263807843947,28998600
2020-10-22,META,Meta,275.6989440917969,279.99126812648683,272.6457689850134,277.4337102381768,16720000
2020-10-23,META,Meta,282.3108825683594,282.75694712146,274.41026101852475,276.3730055560065,17535200
2020-10-26,META,Meta,274.6977233886719,282.7470636277034,271.8725570411759,280.6950758632085,21322900
2020-10-27,META,Meta,280.8239440917969,282.033325094517,273.9046947153265,276.3333793505012,16287200
2020-10-28,META,Meta,265.33990478515625,276.3630986342593,264.9334702679964,276.3630986342593,23121800
2020-10-29,META,Meta,278.3852844238281,281.13119017441704,271.39666871050906,274.1425442091837,32368100
2020-10-30,META,Meta,260.819580078125,274.2913040530158,256.84450820010375,272.1104432269322,47247800
2020-11-02,META,Meta,259.08477783203125,268.11548861328464,255.09978388166272,262.29659334985735,27165700
2020-11-03,META,Meta,262.9905700683594,267.6992216526163,258.60906279840236,260.8692143487687,17961900
2020-11-04,META,Meta,284.87835693359375,286.42477468626174,276.1946032055948,278.5538901044381,35364400
2020-11-05,META,Meta,292.1147155761719,294.79122337280705,286.4346162939396,289.35891751420473,23823600
2020-11-06,META,Meta,290.8558044433594,292.03544764933326,285.5523713306735,291.3911120940161,13891000
2020-11-09,META,Meta,276.3432312011719,290.03300950810046,276.10533013779497,287.3466091610849,25117700
2020-11-10,META,Meta,270.05841064453125,271.61475060003454,261.7018034978435,270.7225914112201,29067700
2020-11-11,META,Meta,274.0732116699219,275.9764808453702,270.1080322605001,271.0894044837182,14957000
2020-11-12,META,Meta,272.6854248046875,277.314785927078,272.0410890825875,274.7671504277152,12899500
2020-11-13,META,Meta,274.53912353515625,275.34206995147815,270.72263227436497,275.3024096865472,10391200
2020-11-16,META,Meta,276.5316162109375,276.97771101570106,272.23932261444486,272.6556495304327,12970400
2020-11-17,META,Meta,272.6061096191406,275.26277280878617,270.91100373531947,275.26277280878617,15040300
2020-11-18,META,Meta,269.6024475097656,274.9752786275152,269.4735743456771,272.1302371447207,12152900
2020-11-19,META,Meta,270.5640563964844,271.08944152995355,266.8467001921492,268.660756709019,12963700
2020-11-20,META,Meta,267.35223388671875,270.6234948000177,267.06474990888495,270.1873226446554,18114700
2020-11-23,META,Meta,266.09332275390625,268.59140563872376,262.2272781130269,268.5319303559351,20990800
2020-11-24,META,Meta,274.5093688964844,275.4015281647024,265.53813281939904,266.15273075412887,16930400
2020-11-25,META,Meta,273.19091796875,277.74095726511155,270.27650896816573,275.7187377457832,12467000
2020-11-27,META,Meta,275.3916320800781,276.70014860060974,272.4276700276529,274.9753051656759,7808400
2020-11-30,META,Meta,274.5589294433594,275.2825855577572,268.65082074499577,273.62710988582904,16693300
2020-12-01,META,Meta,284.0555419921875,286.7816029719664,276.53161731822826,276.7298883993437,20738900
2020-12-02,META,Meta,285.01708984375,289.24001566629744,278.3853247499967,282.8758892964831,17361600
2020-12-03,META,Meta,279.3964538574219,284.1546569401702,278.62324510017737,283.7581450585941,12921700
2020-12-04,META,Meta,277.26513671875,280.99238417949636,276.86859464146977,277.85988933084406,10880300
2020-12-07,META,Meta,283.09393310546875,285.97860437373845,275.7782034762741,276.7595755694278,13007700
2020-12-08,META,Meta,280.9329833984375,283.93660589347684,279.09908168651367,283.5202789546356,10747700
2020-12-09,META,Meta,275.5006408691406,285.1261040940245,269.3843391586342,281.190662860177,25189700
2020-12-10,META,Meta,274.7076110839844,276.30361144849036,269.4933907373716,273.141378605421,20065100
2020-12-11,META,Meta,271.168701171875,274.0732181494011,267.897440182532,272.140181040841,14391400
2020-12-14,META,Meta,271.8031311035156,274.806753220003,269.19602086754435,270.9902620847114,16376900
2020-12-15,META,Meta,273.1512756347656,273.6766606794515,265.1416267975304,272.43754215406807,23979500
2020-12-16,META,Meta,273.270263671875,275.44117155415506,270.1377683264025,272.36818173124277,15885000
2020-12-17,META,Meta,272.09063720703125,277.99874638748975,271.2281852255585,274.65808738822363,16377800
2020-12-18,META,Meta,273.993896484375,275.5799743294607,268.7797060305971,273.3693758749041,26693200
2020-12-21,META,Meta,270.41534423828125,272.27898349056596,265.4588697383409,270.60369268943253,16553700
2020-12-22,META,Meta,264.76495361328125,269.1365677921802,262.32637660769075,269.1365677921802,17312900
2020-12-23,META,Meta,265.7760925292969,269.80077813072745,263.91248330865534,264.56674165021036,14329000
2020-12-24,META,Meta,265.072265625,268.04615049794745,263.8827298269738,266.5393930530124,6702000
2020-12-28,META,Meta,274.5886535644531,274.8860298971501,263.34737440977,266.400549015817,23299700
2020-12-29,META,Meta,274.37054443359375,278.06808453611467,273.8748970861632,274.539077842562,16383000
2020-12-30,META,Meta,269.50335693359375,275.6592901874679,269.34474610917545,275.53044725380437,11803800
2020-12-31,META,Meta,270.7821044921875,274.6778859869896,267.46126069876846,269.63219883750327,12900400
2021-01-04,META,Meta,266.5988464355469,272.6060909653944,262.89141327903155,272.3880048825454,15106100
2021-01-05,META,Meta,268.6111755371094,270.0287199587083,265.8751919806323,265.9545125123116,9871600
2021-01-06,META,Meta,261.0178527832031,265.4192044764678,257.74659177557726,259.71925890881255,24354100
2021-01-07,META,Meta,266.4005432128906,269.24555432407766,262.4750244472199,263.5852697343255,15789800
2021-01-08,META,Meta,265.24078369140625,266.6087754939091,260.88898455886226,265.97433223689694,18528300
2021-01-11,META,Meta,254.60418701171875,261.17647725911263,253.67236735436126,258.2125150894725,30412300
2021-01-12,META,Meta,248.9042205810547,257.4590999880245,248.1211043039548,254.39600252775776,26383500
2021-01-13,META,Meta,249.44943237304688,251.73932102815726,247.03067054871875,249.36021946787713,19528900
2021-01-14,META,Meta,243.50164794921875,252.80990528231948,242.48061554094787,251.19408995860863,29739400
2021-01-15,META,Meta,249.171875,251.65011213394098,245.008439640171,245.7419881512037,24942900
2021-01-19,META,Meta,258.8271179199219,259.9175484170947,250.52006138498896,254.6636670223244,28028500
2021-01-20,META,Meta,265.15155029296875,267.9668239616114,261.3053215373007,266.58890963596116,25199900
2021-01-21,META,Meta,270.4945983886719,271.21825445969336,265.1614276987964,266.91603879863516,20838700
2021-01-22,META,Meta,272.11041259765625,276.0458540190724,269.6321756887523,269.64209831700083,21954000
2021-01-25,META,Meta,275.5898742675781,277.6616767485915,269.14645813213235,275.7187474305936,19087000
2021-01-26,META,Meta,279.5947570800781,282.90570917265967,275.3916757437579,275.7188200517196,19373600
2021-01-27,META,Meta,269.7709655761719,280.9825066866827,265.7859413525884,280.07050221331053,35346200
2021-01-28,META,Meta,262.6931457519531,284.2934698675285,262.39576938583184,274.76711024718605,37758800
2021-01-29,META,Meta,256.0811767578125,264.23954399219105,252.63149015597307,262.9905028421915,30389500
2021-02-01,META,Meta,259.72918701171875,261.870387630748,252.69098715556086,257.2608421338814,22914300
2021-02-02,META,Meta,264.7550354003906,266.5096467798123,260.9782041542652,261.7018603405953,17320800
2021-02-03,META,Meta,264.3287353515625,266.8565550799659,261.5431995630546,263.3077029833754,14223400
2021-02-04,META,Meta,264.1701965332031,265.82567250447573,261.7018816482722,264.6856892976803,16060000
2021-02-05,META,Meta,265.76611328125,266.8268058633691,263.3572744373787,264.4774120290199,12454400
2021-02-08,META,Meta,264.2593994140625,267.51084570093855,262.6931666745466,266.4105228067336,13755200
2021-02-09,META,Meta,267.1044006347656,271.010104635264,263.43659770981697,264.1205935539394,14613400
2021-02-10,META,Meta,269.50335693359375,271.41654895302236,265.3894888847332,270.0783249536004,14687200
2021-02-11,META,Meta,268.0362548828125,271.1984579277582,266.1527702844874,269.5231973013296,12828600
2021-02-12,META,Meta,268.145263671875,268.8193369263752,266.0040631117695,268.1650786786831,9097600
2021-02-16,META,Meta,271.5850524902344,274.1921627978071,267.6991633498535,268.44263449070877,15417200
2021-02-17,META,Meta,271.18853759765625,271.58504948467396,267.23325060077394,268.8788036712196,12763200
2021-02-18,META,Meta,267.0449523925781,269.5826649616648,263.7141857382018,267.22337821729826,15249100
2021-02-19,META,Meta,259.2831115722656,267.91728234501386,257.8853820254984,267.5108477745137,25622600
2021-02-22,META,Meta,258.06378173828125,260.779950269616,255.2881681864634,255.7045253451955,17434900
2021-02-23,META,Meta,263.545654296875,265.1317322276039,252.74056078837012,257.2410330934261,21924600
2021-02-24,META,Meta,262.0091247558594,264.061112241261,256.1406765125581,260.046350171747,15736100
2021-02-25,META,Meta,252.472900390625,264.6162629103088,251.82854963033122,260.01664005540107,19053100
2021-02-26,META,Meta,255.3773956298828,263.2383571829015,254.23741250807254,254.23741250807254,26619500
2021-03-01,META,Meta,262.60394287109375,264.3287863643085,255.6549557487879,258.549550247898,22157300
2021-03-02,META,Meta,256.7453918457031,264.3882674335836,256.398432563095,263.4663703912783,15191700
2021-03-03,META,Meta,253.18663024902344,258.71804239737355,252.87933125477727,258.02415412891276,15513500
2021-03-04,META,Meta,255.397216796875,264.17015191897923,251.29324164320164,254.23738852460107,31626500
2021-03-05,META,Meta,261.9793701171875,263.1391982624967,253.38484662048393,258.4008106616745,26820100
2021-03-08,META,Meta,253.0875244140625,263.2681131888257,252.8297931590173,263.23837554885745,18391800
2021-03-09,META,Meta,263.4266662597656,266.19238717808435,257.548295450208,258.90636446418875,22039700
2021-03-10,META,Meta,262.5940246582031,266.6286023414046,260.58169713163056,266.30148832067624,14210300
2021-03-11,META,Meta,271.4958190917969,275.4808132153141,265.4885751472502,265.77602885197024,21834000
2021-03-12,META,Meta,266.0635070800781,267.39183842598396,261.72163119837296,266.79708577253,20600200
2021-03-15,META,Meta,271.3670349121094,273.5577886229611,266.1627356124251,266.73767346230477,16844800
2021-03-16,META,Meta,276.8487854003906,279.68390400200286,272.4077742088749,273.67663022760604,22437700
2021-03-17,META,Meta,281.53765869140625,283.7383344580266,273.0125169715293,273.3098933243491,21315000
2021-03-18,META,Meta,276.1946105957031,282.707426065965,275.8575739228392,277.43372935708067,18728300
2021-03-19,META,Meta,287.58453369140625,290.2511192513727,278.7521232217431,278.7719382280029,38930500
2021-03-22,META,Meta,290.9847106933594,297.1009832280453,284.25380991481296,287.9216131112557,28273100
2021-03-23,META,Meta,288.1000671386719,295.40590635829943,287.2871979882313,290.5981196171843,23000900
2021-03-24,META,Meta,279.68389892578125,289.1804887644347,278.71241923691866,288.466755376108,18675000
2021-03-25,META,Meta,276.31353759765625,285.5524135552309,275.33216530293356,278.53405880002805,24505600
2021-03-26,META,Meta,280.5562744140625,282.0234017709081,275.3519761388524,275.87736123084443,17629200
2021-03-29,META,Meta,288.28839111328125,290.62783256475734,282.2216711438117,283.2823336991601,21718800
2021-03-30,META,Meta,285.4928894042969,289.92397816866935,284.2042183237241,287.30694549487737,17474500
2021-03-31,META,Meta,291.966064453125,293.91891647417685,286.09758576107686,287.46557746389414,19498200
2021-04-01,META,Meta,296.0601501464844,299.76758353816194,294.01808499206,295.8024037816997,17616000
2021-04-05,META,Meta,306.2209167480469,308.0647107745958,298.0625486822573,298.2707423964187,28237000
2021-04-06,META,Meta,303.593994140625,308.6396816907689,302.59277658335463,306.1515217424256,17335200
2021-04-07,META,Meta,310.3644714355469,311.51437698240227,302.8405478699249,303.6732318344929,22855200
2021-04-08,META,Meta,310.2950744628906,313.1301932036343,307.35092781961447,312.1091608122983,20894100
2021-04-09,META,Meta,309.7399597167969,312.00011061408475,307.62849698671556,308.68918966598244,15988600
2021-04-12,META,Meta,308.8280334472656,309.43270883850846,305.24944299017716,308.3422783563518,10881900
2021-04-13,META,Meta,307.06353759765625,311.6928681364762,306.62736539352943,309.4921921072625,14036900
2021-04-14,META,Meta,300.1839294433594,305.3485674115409,299.32150771904355,304.62491124248805,17421400
2021-04-15,META,Meta,305.140380859375,307.44019211811167,301.4527628934411,303.67325362495666,14558300
2021-04-16,META,Meta,303.5146789550781,306.2605853135544,301.9583386311956,305.4873764666447,13059200
2021-04-19,META,Meta,299.6090087890625,305.0215015896528,297.9436403513075,302.354915462235,14553500
2021-04-20,META,Meta,300.0154113769531,302.44409611177736,294.62276441424297,299.36115307795654,16796400
2021-04-21,META,Meta,298.8456726074219,299.3512426834739,294.80120275476366,299.3215050467602,14863500
2021-04-22,META,Meta,293.9388122558594,300.2831250994407,293.46300996893876,298.7069392682391,16375400
2021-04-23,META,Meta,298.50860595703125,299.9558878847626,294.5632417888713,296.15924213713583,17536800
2021-04-26,META,Meta,300.40203857421875,303.13799214192375,298.93491111623064,300.6994149668208,16172600
2021-04-27,META,Meta,300.92742919921875,302.68201045146435,298.48882172764996,301.63124017584755,15309300
2021-04-28,META,Meta,304.4266662597656,308.2134199936871,302.71171521224556,304.6843823594291,33907200
2021-04-29,META,Meta,326.6415710449219,328.9215370666334,318.8103176400919,327.24624637387615,56526800
2021-04-30,META,Meta,322.2500915527344,326.9488493488843,321.6751538951361,323.3008918440618,26332400
2021-05-03,META,Meta,319.7718811035156,325.6899125995795,319.03833259122655,323.33065625563813,18719500
2021-05-04,META,Meta,315.588623046875,319.3852993731885,310.3942475633502,317.2341761756683,24032600
2021-05-05,META,Meta,312.2776794433594,318.2651085526417,311.75229440533417,315.4200972947365,15577600
2021-05-06,META,Meta,317.2342224121094,317.4523085272754,310.5429810059663,311.78209978488167,19012200
2021-05-07,META,Meta,316.3023681640625,320.12878226692106,315.9752541529607,319.5736595346805,15916700
2021-05-10,META,Meta,303.30645751953125,311.841490842598,302.176366977457,311.6135124100819,24239200
2021-05-11,META,Meta,303.8616027832031,304.1689017601003,297.08114978173637,298.1319198805301,18920100
2021-05-12,META,Meta,299.916259765625,302.3052841038309,295.59422852439974,298.50863794930353,24645500
2021-05-13,META,Meta,302.6026611328125,306.17129822076333,300.1343165029494,303.4154998795162,18079200
2021-05-14,META,Meta,313.189697265625,314.09177920917216,306.389398865007,306.8454162772955,19245700
2021-05-17,META,Meta,312.7138671875,312.9319532661647,308.8676383011867,310.82049037998314,15401300
2021-05-18,META,Meta,307.26177978515625,313.74485734587444,307.11309159035295,312.842775294839,14522400
2021-05-19,META,Meta,310.8601379394531,311.9208306537847,300.92737476678593,301.54197271283465,19106200
2021-05-20,META,Meta,315.83642578125,316.470868982354,310.43388720270923,310.85021408300645,17320200
2021-05-21,META,Meta,313.4771728515625,317.14494554649013,313.0608157149479,316.5105325905979,13600900
2021-05-24,META,Meta,321.8040466308594,323.11256307150484,315.26149467954974,315.4399204891148,16445400
2021-05-25,META,Meta,324.9365234375,326.3144074465937,321.97253148283835,324.23268236442,16437000
2021-05-26,META,Meta,324.80767822265625,326.9587711328472,322.9836993061915,325.4916740978203,9686900
2021-05-27,META,Meta,329.8533630371094,330.87439552779364,323.91551653562766,325.1447124753475,20477700
2021-05-28,META,Meta,325.86834716796875,329.97229186707585,325.47180505048374,328.1185754503067,12037400
2021-06-01,META,Meta,326.264892578125,328.5349663508822,323.7965779781596,327.2760024770691,11765900
2021-06-02,META,Meta,326.28472900390625,328.98105249667384,324.2724014515337,327.50403269155,11654300
2021-06-03,META,Meta,323.2017822265625,324.5301136988752,320.6640698239475,322.94403588426127,12610800
2021-06-04,META,Meta,327.4742736816406,329.5658913832166,322.3492657782319,323.06299931067736,13289400
2021-06-07,META,Meta,333.6499938964844,334.7503468667708,326.0665946490602,326.6118249458043,20136700
2021-06-08,META,Meta,330.7752380371094,335.3550151234234,329.34777112034703,333.76896766205743,14580500
2021-06-09,META,Meta,327.3751220703125,333.86809119455836,327.1272983594341,332.81732108058753,13727900
2021-06-10,META,Meta,329.5658264160156,331.0329534579169,325.6898605214342,327.91038121348925,13240200
2021-06-11,META,Meta,328.37640380859375,329.93271402603386,326.0666694301012,329.6848902666545,13587900
2021-06-14,META,Meta,333.83831787109375,333.8879007591196,326.93891496834243,329.010717339574,12250800
2021-06-15,META,Meta,333.818603515625,336.961022091934,332.1135748428996,334.05650464375105,15795200
2021-06-16,META,Meta,328.1979064941406,334.61158579150225,325.8584650203184,333.76900931696525,17232200
2021-06-17,META,Meta,333.5806579589844,335.0378626785236,327.2760066360262,327.61304327329054,17794100
2021-06-18,META,Meta,326.790283203125,333.2237774793998,326.136024933211,331.6178845677562,23039500
2021-06-21,META,Meta,329.39739990234375,330.0219205469245,324.79777691820135,328.2078338886737,11337500
2021-06-22,META,Meta,336.0787353515625,336.9610024033521,329.7047159002539,329.7939288180885,15345300
2021-06-23,META,Meta,337.6251220703125,340.43050354273737,335.2559430204176,336.3959260905471,14817800
2021-06-24,META,Meta,340.1925354003906,341.89756363237024,338.81465138694205,338.8741266535993,12329100
2021-06-25,META,Meta,338.3983154296875,341.1243762456423,336.72302472627456,339.60769634720594,14594400
2021-06-28,META,Meta,352.5440979003906,355.02233490536383,338.7948135851893,339.4788094187152,29156100
2021-06-29,META,Meta,348.8268127441406,353.63456930188124,346.01150831701534,353.1686594409052,21417300
2021-06-30,META,Meta,344.6831359863281,349.8478041184627,344.1478585298199,349.1043329547267,15107500
2021-07-01,META,Meta,351.3050231933594,351.5825845624419,343.4836917096973,343.80091334634034,17137000
2021-07-02,META,Meta,351.6123046875,353.33714809146704,349.5503944039377,352.00881658759465,11521300
2021-07-06,META,Meta,349.7090148925781,355.6667069440098,346.1403471891255,353.3966331441592,13488500
2021-07-07,META,Meta,347.43896484375,353.38673467212226,346.9532399883812,352.16746121853583,14218900
2021-07-08,META,Meta,342.64111328125,345.29777664080524,339.57801533840177,342.7204338229243,14406500
2021-07-09,META,Meta,347.3695983886719,347.6570521499871,342.2644050667908,342.3139879666851,13018700
2021-07-12,META,Meta,350.0857238769531,351.106756452849,346.59637658645624,348.17253190738757,10018600
2021-07-13,META,Meta,349.0249328613281,355.3692126286229,345.76356496264304,348.44007264274046,11456000
2021-07-14,META,Meta,344.60382080078125,352.1079297982053,343.711661519161,351.47348659674924,13894200
2021-07-15,META,Meta,341.4613952636719,346.18989077833317,337.25831503012074,346.18989077833317,14781600
2021-07-16,META,Meta,338.190185546875,342.9781267988666,337.17907559820964,341.9075415739222,11026100
2021-07-19,META,Meta,334.01678466796875,336.8320581829855,331.6277606433571,334.63138258472316,14372300
2021-07-20,META,Meta,338.6858215332031,340.460247887152,331.5881463693273,335.8507023683744,11024300
2021-07-21,META,Meta,343.216064453125,343.5035182097744,338.27940466793854,338.52722840762203,9279700
2021-07-22,META,Meta,348.1328430175781,348.47980226768016,342.20488888598493,343.66209353487886,12385400
2021-07-23,META,Meta,366.5709228515625,372.0626744163268,354.080601970597,357.7682199401789,33694300
2021-07-26,META,Meta,369.2176818847656,371.1804566344037,365.0146012815734,366.3627477950808,14925200
2021-07-27,META,Meta,364.608154296875,369.9016651357157,361.37652342353266,368.67246920927926,15705400
2021-07-28,META,Meta,370.030517578125,374.2633354358964,363.73578961843754,371.2993736977979,29676900
2021-07-29,META,Meta,355.2008056640625,362.3381109905446,353.6345427376173,357.8574688091655,33413200
2021-07-30,META,Meta,353.1983642578125,357.58982369964633,349.86762788183586,350.91839806606083,15976200
2021-08-02,META,Meta,348.88629150390625,356.2714211906652,347.6868027582433,354.9827497760939,13180400
2021-08-03,META,Meta,348.1824035644531,350.69037839785096,344.673241474728,349.6594535052351,12406100
2021-08-04,META,Meta,355.7955017089844,357.3419189976832,348.4500044617086,349.35208625543504,14180600
2021-08-05,META,Meta,359.8102722167969,360.73216911380524,353.79310556296895,356.50927386702796,10247200
2021-08-06,META,Meta,360.3456115722656,361.9713194447513,358.25396364410295,358.25396364410295,8925000
2021-08-09,META,Meta,358.4621276855469,362.59584065348304,357.60962860812293,360.59343588294473,7798900
2021-08-10,META,Meta,357.9863586425781,360.93050592413266,355.91455577806516,358.6802469729181,7469900
2021-08-11,META,Meta,356.82647705078125,359.2055785824935,354.6951992255373,358.9478624990702,8400300
2021-08-12,META,Meta,359.4930725097656,359.8400317588148,354.00129055177996,355.32965227693023,7170700
2021-08-13,META,Meta,360.0184631347656,361.48559043105394,358.3332800092168,359.810299682887,7195700
2021-08-16,META,Meta,363.3690185546875,363.75563804663585,354.2689395740163,359.3641791022152,11222100
2021-08-17,META,Meta,355.3297119140625,361.4955681467052,351.97912990715156,359.8202771432497,12328700
2021-08-18,META,Meta,352.3558044433594,356.7273885805119,352.05839780521046,353.1488283079139,10042400
2021-08-19,META,Meta,352.02862548828125,354.45730999360205,347.9444955095023,348.29145476053645,12004500
2021-08-20,META,Meta,356.2416076660156,356.85620560210634,350.23436359428507,351.51314235764846,8697700
2021-08-23,META,Meta,360.1869812011719,362.50660746457834,355.97397818922514,356.3110147999508,10942000
2021-08-24,META,Meta,362.3282165527344,364.75687096002576,358.69015087883326,360.49431489699504,9235100
2021-08-25,META,Meta,365.18316650390625,367.63163602444916,362.21917398865673,362.4174450823312,9684500
2021-08-26,META,Meta,361.2080078125,366.2239571323963,360.9601841099284,365.17318705364596,7888700
2021-08-27,META,Meta,369.38623046875,370.48655330780355,360.9106407610319,361.9217809395353,11219100
2021-08-30,META,Meta,377.3463134765625,378.1690749179181,367.2945688504509,369.31681888061235,13547300
2021-08-31,META,Meta,376.0774230957031,379.4280043335616,375.50245517516845,376.6424683877028,12345400
2021-09-01,META,Meta,378.72418212890625,380.984333157656,375.51239652276655,376.28560528913044,11567200
2021-09-02,META,Meta,372.0131530761719,378.42683236190425,370.80377207439494,378.1790086340969,14832900
2021-09-03,META,Meta,372.984619140625,373.8767784772449,369.862016084577,371.48775419959367,7509600
2021-09-07,META,Meta,378.85302734375,379.62623605306027,369.90163679477064,372.60788240331436,10793800
2021-09-08,META,Meta,374.2831726074219,377.5544332392482,371.52737436398115,376.85062242489346,11067200
2021-09-09,META,Meta,374.7094421386719,376.52349834929333,373.2918978058561,374.3525905242219,9098900
2021-09-10,META,Meta,375.3934631347656,380.4490731082647,374.9672135938655,378.04020354167477,11549600
2021-09-13,META,Meta,373.232421875,378.42679704445317,371.09122143634556,378.357399146683,13026300
2021-09-14,META,Meta,373.25225830078125,375.2943233243702,371.84460626658046,374.114680002249,8711600
2021-09-15,META,Meta,370.6649475097656,374.2732446812197,364.4693553008887,373.71812203945757,17940300
2021-09-16,META,Meta,369.8124694824219,370.30811692774245,366.4916255483903,369.5448307526397,11934200
2021-09-17,META,Meta,361.5451354980469,368.1769018696883,358.442377119898,368.1769018696883,26299000
2021-09-20,META,Meta,352.6036682128906,357.887257620845,346.75500310310935,356.1723062604474,19822800
2021-09-21,META,Meta,354.36810302734375,356.90581548877753,352.0980292916366,355.37921290978545,11751900
2021-09-22,META,Meta,340.2222900390625,346.7945796004399,337.7242379588481,344.20731461578043,43692900
2021-09-23,META,Meta,342.94842529296875,346.6261516912537,340.0142004303476,342.35364221559206,21806300
2021-09-24,META,Meta,349.8874206542969,351.2653350122628,339.38961185696587,340.2520335333708,18801900
2021-09-27,META,Meta,350.5020446777344,352.05838496337213,344.05862769451767,346.76487371815995,15205800
2021-09-28,META,Meta,337.6845397949219,346.5566396259546,335.9696192932014,344.9408243945494,21710300
2021-09-29,META,Meta,336.6536560058594,342.2247589133075,335.93003006958673,340.1628485218163,14452200
2021-09-30,META,Meta,336.435546875,339.8158354226693,335.20632078756825,337.48631691218293,16547100
2021-10-01,META,Meta,340.0240478515625,342.0165298799602,335.69209430346353,338.63621089401767,14905300
2021-10-04,META,Meta,323.39013671875,333.0156014474601,319.8908670335288,332.6091669200423,42885000
2021-10-05,META,Meta,330.0614929199219,332.262168484536,323.32070069147386,325.71961705579815,35377900
2021-10-06,META,Meta,330.7356262207031,331.4691747245333,322.96384802328623,326.8695521281811,26443000
2021-10-07,META,Meta,326.3541259765625,335.890378594045,326.11622486820954,334.06639950885625,28307500
2021-10-08,META,Meta,327.1768493652344,330.4976931247865,325.84851791179705,328.6241616109095,15946100
2021-10-11,META,Meta,322.6169738769531,327.58334131762484,322.47817805429816,324.7779897434607,14708200
2021-10-12,META,Meta,320.9515075683594,321.55621312935887,314.60722687772926,320.217959094543,31658700
2021-10-13,META,Meta,321.71484375,324.15342064578897,319.8512045646959,324.1236830099349,14761500
2021-10-14,META,Meta,325.67010498046875,327.6427721065974,324.25256056573227,325.5015715404052,14302200
2021-10-15,META,Meta,321.9329528808594,326.20543163201086,319.70253927634974,325.8188120863073,21596400
2021-10-18,META,Meta,332.42083740234375,332.96606776369435,324.64908879992856,326.0864785457651,21585000
2021-10-19,META,Meta,337.0303649902344,339.4788647603777,334.3439641094444,336.6933283328445,18786300
2021-10-20,META,Meta,337.8134460449219,340.98560155556015,336.4950372510375,340.46021651337685,13639500
2021-10-21,META,Meta,338.90386962890625,339.330119130641,334.85936992096316,337.31779190524065,16354400
2021-10-22,META,Meta,321.78424072265625,326.7605607564553,318.31470838122334,323.5091145151321,35224500
2021-10-25,META,Meta,325.82867431640625,326.69109590997294,316.9367591846728,317.5116968297456,38409000
2021-10-26,META,Meta,313.0608215332031,327.3354612031208,306.9048890368602,325.4024544129807,65654000
2021-10-27,META,Meta,309.5021057128906,316.4709078935472,309.3434948931129,311.4549579442683,29971800
2021-10-28,META,Meta,314.16119384765625,322.68630580861134,305.42785792385024,310.2653818889196,50806800
2021-10-29,META,Meta,320.7532958984375,323.1621352287927,316.81785396180146,317.4027143186417,37059400
2021-11-01,META,Meta,327.1075134277344,330.5473080610597,323.16214869712104,323.20180896504496,31518900
2021-11-02,META,Meta,325.2239990234375,331.875609206315,320.9812583023062,328.4952901589308,28353000
2021-11-03,META,Meta,328.7332763671875,329.258661560343,320.38658856257166,324.6392227620674,20786500
2021-11-04,META,Meta,332.9263916015625,334.33401339052415,329.7542358838118,331.1024126520275,22495300
2021-11-05,META,Meta,338.16046142578125,343.77119464377546,336.68344158594266,337.3475922815804,26872800
2021-11-08,META,Meta,335.6722717285156,341.78857452736924,335.39471036863415,341.4218002573743,18342500
2021-11-09,META,Meta,332.4505310058594,338.33882451623015,331.558371739543,337.04023075318736,17556700
2021-11-10,META,Meta,324.78790283203125,330.2895778882843,322.6764396774072,329.5956592992424,21872600
2021-11-11,META,Meta,324.886962890625,329.56587577012334,324.15341438577855,326.94887310974923,12376600
2021-11-12,META,Meta,337.9225158691406,338.88404283160503,326.9092143568686,327.30572624640484,25414300
2021-11-15,META,Meta,344.5344543457031,350.57143667963453,340.2124230860424,341.3424835453799,25076600
2021-11-16,META,Meta,339.9744873046875,343.6323678721777,337.9026846129846,340.83690901944357,18181100
2021-11-17,META,Meta,337.8034973144531,344.276650749972,337.13934678040295,341.2432912688201,13602800
2021-11-18,META,Meta,335.7416687011719,339.4788395456353,332.3811645032816,336.7627012277553,17487200
2021-11-19,META,Meta,342.2940979003906,349.0349209979875,336.94111178741986,339.2211080822215,26488500
2021-11-22,META,Meta,338.0414733886719,350.74985063397304,337.5458259535409,346.01146236419726,27116800
2021-11-23,META,Meta,334.314208984375,338.42807681771274,330.59685306534936,335.9795771756377,17225000
2021-11-24,META,Meta,338.0910339355469,338.80476746889843,329.91285106468973,333.0750841949081,13566200
2021-11-26,META,Meta,330.22015380859375,334.8098540575957,329.0107728148004,332.8768168926907,14750700
2021-11-29,META,Meta,335.0873718261719,337.70440455498925,332.3910488261399,333.95731151284855,16650900
2021-11-30,META,Meta,321.6355285644531,332.8867315122885,320.61449604727216,332.08378507896754,25390000
2021-12-01,META,Meta,307.8962707519531,327.6230376170901,307.5889716844785,327.41487411213905,30329600
2021-12-02,META,Meta,307.68804931640625,311.8613925211447,304.5258160544162,308.68923662919264,24396200
2021-12-03,META,Meta,304.1689147949219,311.0187659884353,296.89281406704816,310.9989509816925,27471000
2021-12-06,META,Meta,315.1029052734375,317.3135037928877,303.6732762774191,305.4477026203686,21758300
2021-12-07,META,Meta,319.9998779296875,323.6974184932654,318.20563672841274,318.7706820353999,18794000
2021-12-08,META,Meta,327.68243408203125,329.85337229580705,320.25764508948055,322.1708369530798,19937700
2021-12-09,META,Meta,326.9488525390625,333.20392019867387,325.1446887738211,326.67129120994196,16879200
2021-12-10,META,Meta,326.8794860839844,332.1135218307641,323.5289045553866,329.66502227155183,14528000
2021-12-13,META,Meta,331.5782165527344,338.120768847072,326.72087766442525,328.0690544396318,22948700
2021-12-14,META,Meta,330.8347473144531,332.7777070826221,324.7977650571663,325.19427696326966,20461000
2021-12-15,META,Meta,338.6858215332031,339.1318860901714,321.1597348390758,329.59563392577627,24681300
2021-12-16,META,Meta,331.9846496582031,341.46142630217054,330.8347439657992,336.0291497145093,22635000
2021-12-17,META,Meta,330.88427734375,334.17535286530943,327.8707328853936,329.9028749869409,40012600
2021-12-20,META,Meta,322.6169738769531,327.0282185308509,319.7223791299833,326.90926796967403,17901800
2021-12-21,META,Meta,331.290771484375,333.0750902240933,320.9317275596732,323.56857565417766,16116800
2021-12-22,META,Meta,327.57342529296875,331.59808033252256,325.402486952431,330.8942391431612,16764600
2021-12-23,META,Meta,332.32171630859375,333.73929110820535,325.5016020696293,327.226475890015,13987700
2021-12-27,META,Meta,343.16644287109375,344.841733582663,335.06758091224634,335.90026495348917,17795000
2021-12-28,META,Meta,343.2060852050781,349.63957874532895,342.1949754046615,343.6125197013411,16637600
2021-12-29,META,Meta,339.9546813964844,346.6459220889968,338.66601010462034,343.8901234286759,10747000
2021-12-30,META,Meta,341.3623046875,344.20734652415706,340.23224420785385,341.00545303663915,10593300
2021-12-31,META,Meta,333.4220275878906,340.4503044176008,333.3427070591163,340.03394727133025,12870500
2022-01-03,META,Meta,335.5929870605469,338.1108543487535,334.2547328826255,335.3550557110125,14537900
2022-01-04,META,Meta,333.6004943847656,340.10338695496097,328.9810562034639,336.9907364863114,15998000
2022-01-05,META,Meta,321.34808349609375,332.8371878445383,321.0209392355223,330.1210192265055,20564500
2022-01-06,META,Meta,329.5658264160156,336.2174356126876,319.91062575013507,320.00976127019425,27962800
2022-01-07,META,Meta,328.9017028808594,334.06634020398093,326.01703144649423,329.84341476886055,14722000
2022-01-10,META,Meta,325.2141418457031,325.4817805917903,312.6841591437298,322.4781581002386,24942400
2022-01-11,META,Meta,331.459228515625,331.7169748373019,322.448362656351,323.93530481633513,16226800
2022-01-12,META,Meta,330.3588562011719,333.44176796207336,327.15696367373954,332.26212493890944,14104900
2022-01-13,META,Meta,323.63800048828125,332.70834363177676,322.9242668826204,332.0640079361479,14797100
2022-01-14,META,Meta,329.0107727050781,329.8335644167679,318.4138277573684,318.9887957429694,16868500
2022-01-18,META,Meta,315.3804626464844,321.38770724912837,314.8749228247817,320.4757328930127,22645600
2022-01-19,META,Meta,316.80792236328125,324.25255648211686,316.5501760176956,316.7979997340146,20814700
2022-01-20,META,Meta,313.8043212890625,324.96631190525255,313.2293835392829,321.08042246053043,16925000
2022-01-21,META,Meta,300.53094482421875,315.53913670977744,300.402071622606,312.0696039054208,28710700
2022-01-24,META,Meta,306.02264404296875,306.8355131318804,286.4941524130444,295.24727318173785,38878100
2022-01-25,META,Meta,297.53717041015625,303.56426059087903,294.9895351520155,297.33892957316243,25108500
2022-01-26,META,Meta,292.06524658203125,304.83313084274204,288.3181527448159,304.3374833497139,28348800
2022-01-27,META,Meta,292.0751037597656,299.08353474916333,291.69840690917283,295.1580159546106,21629900
2022-01-28,META,Meta,299.08355712890625,299.27190556829635,290.4791251947652,293.0465751951822,21871600
2022-01-31,META,Meta,310.53302001953125,311.0584050556387,296.71436802993236,298.0625144426168,21579500
2022-02-01,META,Meta,316.2230529785156,316.8773112011151,309.40293966017686,311.821701482423,18023800
2022-02-02,META,Meta,320.1882629394531,325.1447375979586,314.11162016781816,324.96631177071333,58458300
2022-02-03,META,Meta,235.69024658203125,245.84111079571545,233.697749476169,242.5202671599868,188119900
2022-02-04,META,Meta,235.026123046875,240.49807556869192,228.10688832560353,232.92458253075475,89342200
2022-02-07,META,Meta,222.9521484375,236.22558707024265,222.05997391651653,235.63080405625365,88613800
2022-02-08,META,Meta,218.2633056640625,223.8046556975706,214.26838839341522,218.92748656351395,94729700
2022-02-09,META,Meta,229.98043823242188,231.33850753167644,220.27566691243354,222.24833426665683,86563300
2022-02-10,META,Meta,226.08465576171875,232.95432278596698,224.7265713389725,226.28291173464223,49310400
2022-02-11,META,Meta,217.6387939453125,228.41416445140362,216.86558514893198,226.471234956997,46156900
2022-02-14,META,Meta,215.80490112304688,219.07617738521267,212.91032177090045,217.40088654976037,38184000
2022-02-15,META,Meta,219.076171875,219.22486005892043,213.18787777639622,218.55078679053494,42685500
2022-02-16,META,Meta,214.65499877929688,215.56700343123342,210.51139320740756,210.5609609793981,45817500
2022-02-17,META,Meta,205.90187072753906,215.60664116164554,205.35665550630617,212.15693913832794,38747500
2022-02-18,META,Meta,204.36537170410156,208.9154119206845,203.3938917567918,207.56725017584947,37128400
2022-02-22,META,Meta,200.3208770751953,205.67386353473034,198.31845712325313,200.57860830625324,39852400
2022-02-23,META,Meta,196.72247314453125,205.13857243054682,196.32596122833482,202.38277377288952,44481400
2022-02-24,META,Meta,205.7928009033203,206.5362719829913,188.5640929101041,189.39677688910578,49957200
2022-02-25,META,Meta,208.64773559570312,209.48043476464565,201.4112801723448,203.15596878731102,37627600
2022-02-28,META,Meta,209.1929473876953,211.29448759324586,205.02951211449042,205.87210364692402,34239800
2022-03-01,META,Meta,201.7185821533203,209.90667166894585,200.4596335354331,208.04303262444745,27094900
2022-03-02,META,Meta,206.29837036132812,207.32931034252405,200.2613883982864,202.99735671935014,29452100
2022-03-03,META,Meta,201.203125,207.25993738193364,199.66661489556296,207.20046210869705,27263500
2022-03-04,META,Meta,198.31845092773438,204.09770188319834,197.05950219705525,200.60833967639832,32130900
2022-03-07,META,Meta,185.8380584716797,199.14123438340457,185.64971001813566,199.04209884176245,38560600
2022-03-08,META,Meta,188.63348388671875,194.98768728769406,184.489878816178,186.21473724141336,37508100
2022-03-09,META,Meta,196.7720489501953,197.36683197473633,192.2319162323501,194.03608031442005,31894700
2022-03-10,META,Meta,193.51068115234375,194.57135881377323,189.40672093356542,193.1438917592487,24853000
2022-03-11,META,Meta,185.97683715820312,191.87503879956054,185.04501753022495,190.96304930488995,34694500
2022-03-14,META,Meta,185.00537109375,190.61608870370827,184.20242464895531,185.40188300136523,31010500
2022-03-15,META,Meta,190.35833740234375,190.60616109995925,184.2916181250228,189.13904904534374,31721700
2022-03-16,META,Meta,201.8573760986328,201.95649650852528,192.8266793674669,193.0051051808488,40640300
2022-03-17,META,Meta,206.03073120117188,206.22898715868908,199.35932066827604,199.9441810370378,29499700
2022-03-18,META,Meta,214.60545349121094,214.9127525117437,204.2067638110222,204.90066726479952,52128000
2022-03-21,META,Meta,209.64895629882812,212.8409269719916,205.82255751754292,212.63274839506389,30142300
2022-03-22,META,Meta,214.7640380859375,217.54958951329053,208.3503587518727,209.53000212527914,31998800
2022-03-23,META,Meta,211.601806640625,214.91272782980164,210.3131203024904,211.47293346902381,23717300
2022-03-24,META,Meta,217.6586151123047,218.74903035989297,212.92021186485715,213.12839043651937,31502300
2022-03-25,META,Meta,219.8890380859375,223.53699599289988,216.98453621485453,218.59042908411953,40039000
2022-03-28,META,Meta,221.64361572265625,222.08969538769563,217.6288684853834,220.19633368710993,26224100
2022-03-29,META,Meta,227.85903930664062,228.8800718121414,223.3288144925983,224.1020384066852,31417900
2022-03-30,META,Meta,225.8665313720703,229.1377921857716,224.7364558793833,226.91730146383702,25588000
2022-03-31,META,Meta,220.42433166503906,226.50097416228894,220.3251961259612,226.46131389627396,24192300
2022-04-01,META,Meta,222.8926544189453,225.30149365853208,220.7613614029989,222.59526293695754,19544800
2022-04-04,META,Meta,231.8539581298828,232.3099604286333,223.89386147924975,224.01281202415882,28054800
2022-04-05,META,Meta,229.82179260253906,234.7980969460223,229.00893869737314,232.0422984945777,29727200
2022-04-06,META,Meta,221.35614013671875,226.99661017964237,219.4825934997473,224.9347151034795,28995100
2022-04-07,META,Meta,221.00917053222656,223.55680540444948,216.6573870066658,221.98063519171617,21037200
2022-04-08,META,Meta,220.39459228515625,223.17022097182485,218.11461103803705,220.44416005430307,18375700
2022-04-11,META,Meta,214.57569885253906,218.6895666015548,213.34648774183083,216.51862836918798,20516600
2022-04-12,META,Meta,212.27586364746094,220.09717885895486,211.27466136470724,218.32276785764725,20128800
2022-04-13,META,Meta,213.11849975585938,214.72439268188097,209.49035672762682,209.97609668254103,19231800
2022-04-14,META,Meta,208.350341796875,213.11848267360907,208.1719159864897,213.01934713942245,18379500
2022-04-18,META,Meta,208.93521118164062,211.52249123883075,206.48671179270767,208.17190994324702,16580800
2022-04-19,META,Meta,215.41830444335938,216.52854995364393,207.18064578010325,208.6874183483184,20089900
2022-04-20,META,Meta,198.67532348632812,212.29572095663042,197.18838112552498,211.7505057324773,43036500
2022-04-21,META,Meta,186.43283081054688,201.20311811315037,183.96450117399772,199.8450490008672,49954100
2022-04-22,META,Meta,182.50732421875,191.04237482821003,181.6746400436713,188.71282551297173,36426800
2022-04-25,META,Meta,185.36224365234375,185.55057698247137,180.0786398818122,181.13931758710004,29281100
2022-04-26,META,Meta,179.3748321533203,185.56051856862464,177.9374573890192,185.00539577352586,31747400
2022-04-27,META,Meta,173.4270477294922,179.6325637703488,167.5288458276173,172.91157012244597,71062900
2022-04-28,META,Meta,203.9390869140625,206.7147155418311,191.22077206999722,201.1535507830585,100890600
2022-04-29,META,Meta,198.72488403320312,210.6303299905901,198.15983869617668,202.68015601451035,49193400
2022-05-02,META,Meta,209.2920684814453,210.03553955486385,199.2403401738651,199.41876597102583,49915300
2022-05-03,META,Meta,210.1842498779297,213.02926131184137,206.27854567365722,208.61800216969073,41556300
2022-05-04,META,Meta,221.46519470214844,222.34744654800306,205.15839680914934,208.81626224243902,41375900
2022-05-05,META,Meta,206.46690368652344,218.2533996208579,204.36536330702657,216.83585515286595,41129200
2022-05-06,META,Meta,201.9961700439453,207.55733514909008,199.27010901448142,205.53508504215011,34747200
2022-05-09,META,Meta,194.501953125,200.80658845582457,193.87743258072413,198.10034284793426,36303200
2022-05-10,META,Meta,195.92941284179688,201.19320098052617,192.4995412750609,197.7732217905714,34452500
2022-05-11,META,Meta,187.0970001220703,198.92314071841457,186.6310903208202,194.62092459185249,31153400
2022-05-12,META,Meta,189.5752410888672,196.3259569009474,183.17146941432156,185.4316205639354,38262200
2022-05-13,META,Meta,196.89097595214844,198.14992463211743,189.61487546891254,190.90356178395524,24549800
2022-05-16,META,Meta,198.29861450195312,203.58221785060556,194.2243920764948,195.33465259058252,27112600
2022-05-17,META,Meta,200.85617065429688,203.67145970606575,196.63325976558357,200.36052319724772,24872700
2022-05-18,META,Meta,190.56654357910156,199.25028175657994,189.96185306425463,198.25898682246762,23960000
2022-05-19,META,Meta,189.6248016357422,193.58998137940185,187.94952589985266,189.5355887217403,24446900
2022-05-20,META,Meta,191.85520935058594,196.1871783731729,186.23456905164684,193.2727689309171,31465600
2022-05-23,META,Meta,194.5217742919922,195.27516802030826,189.57522292255692,193.49083435582054,25059200
2022-05-24,META,Meta,179.70193481445312,182.08103647842762,174.57694209488812,178.97829378660447,50406300
2022-05-25,META,Meta,182.22975158691406,183.83564455779268,177.75901682951374,178.82960205945918,28030200
2022-05-26,META,Meta,189.9618377685547,191.15138856851496,180.67339469817318,181.28800779348728,23056500
2022-05-27,META,Meta,193.43138122558594,193.62963718300583,188.1477775238642,189.69419516808324,22562700
2022-05-31,META,Meta,191.95433044433594,195.87986462999697,190.3385150297135,193.19344898292155,26131100
2022-06-01,META,Meta,186.99786376953125,197.79306430443702,183.38955104588305,194.79934956020318,36623500
2022-06-02,META,Meta,197.12889099121094,199.19078605787604,186.09577466544653,186.80950815490593,31951600
2022-06-03,META,Meta,189.1192626953125,194.89851447671586,188.12796767536602,194.27399377384188,19465000
2022-06-06,META,Meta,192.5590362548828,195.2057918492942,186.75995498137883,192.30130502364528,30574200
2022-06-07,META,Meta,193.94686889648438,194.8192133736603,189.82309301792986,190.25925013055587,18828700
2022-06-08,META,Meta,194.92822265625,200.27130140118285,192.7176393311409,192.97537055202793,22267200
2022-06-09,META,Meta,182.3982391357422,197.71374042928548,182.08101754635067,192.58874824259723,23501600
2022-06-10,META,Meta,174.04164123535156,181.50609012398724,173.49642605155532,181.44659972815228,27450800
2022-06-13,META,Meta,162.830078125,171.07765810739633,162.60208455665708,169.10497601341515,31749300
2022-06-14,META,Meta,162.30470275878906,165.29841746325724,159.9553387871744,164.58468395588787,27244300
2022-06-15,META,Meta,167.87579345703125,170.661329641027,162.55252968231065,165.74450039607447,30008300
2022-06-16,META,Meta,159.4696044921875,163.6429626444072,158.2205783731708,162.29480098577153,26944100
2022-06-17,META,Meta,162.3146209716797,164.45580630957073,158.5080373272939,160.27254091529267,31374200
2022-06-21,META,Meta,155.682861328125,166.2996208450085,154.61226106049688,164.4855494298019,50724900
2022-06-22,META,Meta,154.49330139160156,159.390285021925,154.086866891369,157.00127603788218,47267800
2022-06-23,META,Meta,157.36807250976562,158.35936745470903,152.90724525752032,154.90966528157492,40499200
2022-06-24,META,Meta,168.67872619628906,168.7679390977407,159.89585369459297,160.32210319661192,68736000
2022-06-27,META,Meta,168.01455688476562,170.25487763124974,166.54742972686054,169.82862813839694,29174600
2022-06-28,META,Meta,159.28121948242188,169.80877910843427,159.21183672138187,168.420957502116,27744500
2022-06-29,META,Meta,162.5128936767578,164.8820879607232,158.92441086091708,162.1461193919892,28595200
2022-06-30,META,Meta,159.84629821777344,163.79164757572488,157.11032981455412,160.7384575527912,35250600
2022-07-01,META,Meta,158.6369171142578,159.2217774583534,153.6507051194892,158.9144784682679,31423900
2022-07-05,META,Meta,166.7258758544922,166.78535112270356,155.65311468571062,156.76336002821185,28618600
2022-07-06,META,Meta,168.29212951660156,170.09627826306044,164.01965116887757,166.7357893546175,23085900
2022-07-07,META,Meta,170.6910858154297,171.21647094718156,166.3194713031898,167.9749321123274,24083400
2022-07-08,META,Meta,169.39247131347656,170.89922861706972,166.686225442263,168.50029685970665,19249200
2022-07-11,META,Meta,161.46209716796875,166.0319666680864,160.50054002986025,165.61562467931125,21885600
2022-07-12,META,Meta,161.84873962402344,164.4657578309303,160.68892628384486,163.36541977086938,16639700
2022-07-13,META,Meta,162.0668182373047,163.54383804509905,158.22058895738138,158.76580420983865,16555100
2022-07-14,META,Meta,156.6741485595703,161.1746203649273,155.91084731663682,159.8165513084792,23765200
2022-07-15,META,Meta,163.26629638671875,163.54385779859277,158.4287866897981,159.14250523035813,23342800
2022-07-18,META,Meta,165.77423095703125,170.19541257482624,164.198075800227,165.29841367168555,23574300
2022-07-19,META,Meta,174.24981689453125,174.9536429313068,168.03439361548112,168.8869078373699,25933700
2022-07-20,META,Meta,181.49618530273438,182.00175539820398,175.16181129811827,175.9449427642158,24784300
2022-07-21,META,Meta,181.5754852294922,182.24957362777684,177.31291412933265,179.05760283598016,27195800
2022-07-22,META,Meta,167.79649353027344,174.0713921211751,166.94397930324826,171.5634172107559,42583900
2022-07-25,META,Meta,165.1992645263672,169.08515326871813,163.37528581119514,167.52881324614933,26166300
2022-07-26,META,Meta,157.76458740234375,164.55496395320677,156.57503647124767,164.49548867554608,28468400
2022-07-27,META,Meta,168.10379028320312,169.38255404365438,160.60960328940018,161.17463351463593,43846600
2022-07-28,META,Meta,159.3209228515625,160.1040391932578,153.50202643480458,159.6579594985726,73214300
2022-07-29,META,Meta,157.7150115966797,158.74595155199424,153.8192150963796,156.3172822730475,42065400
2022-08-01,META,Meta,158.5377655029297,163.7519856802314,153.87868310332334,155.8811027764834,40596700
2022-08-02,META,Meta,158.79554748535156,160.827705247941,156.63451653325376,156.93190805660169,27374500
2022-08-03,META,Meta,167.33053588867188,168.06408423127698,160.1634799781873,161.2737251189662,31721900
2022-08-04,META,Meta,169.08517456054688,170.65140715656858,165.34798863611059,166.83493095275554,23938200
2022-08-05,META,Meta,165.65528869628906,170.1161156749895,164.3566948181987,165.53633815049744,25832700
2022-08-08,META,Meta,168.7679443359375,175.96473933628346,165.67510931528614,166.5375309746696,27299100
2022-08-09,META,Meta,167.0629425048828,168.05423748924738,165.14975044552054,167.4792845832006,18655100
2022-08-10,META,Meta,176.7875213623047,178.90889175358808,172.43573754030913,174.4579875213586,30262100
2022-08-11,META,Meta,175.9449462890625,181.50611156891782,174.83468565834784,178.14562229024335,24079100
2022-08-12,META,Meta,178.92872619628906,179.8803759384062,177.35257096418084,179.23602518954743,21274000
2022-08-15,META,Meta,179.3153076171875,179.86052275759945,176.6487223062289,177.4021160006009,15878700
2022-08-16,META,Meta,177.90771484375,179.4144874788809,175.4988601284712,177.87797720382963,21156700
2022-08-17,META,Meta,173.3279266357422,176.5892803390604,172.65383820977354,175.22128847897727,20118100
2022-08-18,META,Meta,173.1395721435547,174.22998746603588,170.36394337785367,172.82235051275006,18844500
2022-08-19,META,Meta,166.49789428710938,170.81994055822395,165.59581231831734,168.71838513218586,26240800
2022-08-22,META,Meta,161.63063049316406,164.0493923798729,160.84749908058643,164.0493923798729,19499700
2022-08-23,META,Meta,159.70750427246094,163.6132081664498,159.30106977820242,161.06557329488396,18111800
2022-08-24,META,Meta,161.8387908935547,164.0196516525699,158.37918156631125,159.20195810249263,20891500
2022-08-25,META,Meta,167.3107452392578,167.40988077562878,162.5921871516085,163.742077693332,15550500
2022-08-26,META,Meta,160.37168884277344,169.43212368762408,160.26264579796614,167.01336169441478,24023600
2022-08-29,META,Meta,157.78439331054688,161.6306220189667,157.62578251049774,159.26142802483227,20052700
2022-08-30,META,Meta,155.79190063476562,160.25272741333785,154.55278208516222,158.9541335935069,19567900
2022-08-31,META,Meta,161.51165771484375,166.3789189098485,160.72854146269484,165.61563278936217,40953000
2022-09-01,META,Meta,163.92051696777344,165.9031066673711,158.95413521562654,162.15601334520824,30145700
2022-09-02,META,Meta,158.92440795898438,166.46814773768705,157.83397750261,165.99233041397824,22634200
2022-09-06,META,Meta,157.1598663330078,160.28245393711506,156.3172748532642,158.70629888151421,19339800
2022-09-07,META,Meta,158.99378967285156,159.55883503081463,155.44495208745863,156.38667922477052,16831200
2022-09-08,META,Meta,160.6492462158203,160.8177645307071,156.36686018950508,157.3284174354753,22530800
2022-09-09,META,Meta,167.6775360107422,168.06414043912878,161.6009082069204,161.82890181187642,22086800
2022-09-12,META,Meta,167.4891815185547,169.89802070055077,165.82379833481477,165.93284137140463,23220400
2022-09-13,META,Meta,151.7969970703125,160.22300395305948,151.3409947482943,160.13377591386535,44444100
2022-09-14,META,Meta,150.1514434814453,152.20341611044483,147.75251157835422,151.995252646758,43064200
2022-09-15,META,Meta,148.24813842773438,152.85765313710925,147.40553180836312,148.49596212449558,34606300
2022-09-16,META,Meta,145.0165252685547,147.28659907579265,143.03393545484252,146.7612139852357,40122800
2022-09-19,META,Meta,146.73147583007812,147.28659855580412,143.83689652739272,143.9756772088242,22169500
2022-09-20,META,Meta,144.81826782226562,147.54432878807003,143.9558461024819,144.51096882445577,23217400
2022-09-21,META,Meta,140.88282775878906,148.29772457574842,140.76387720990476,145.11566125945427,38338600
2022-09-22,META,Meta,141.5767364501953,143.32140992498688,139.64369940950394,140.31778776687358,34418500
2022-09-23,META,Meta,139.18771362304688,141.37846677265173,137.68094121464907,140.188915976952,31710700
2022-09-26,META,Meta,135.18287658691406,141.00178775969545,135.0044507707675,138.90023234956038,30497000
2022-09-27,META,Meta,133.2300262451172,138.2063307938041,132.95246488791165,136.71938846907756,30826500
2022-09-28,META,Meta,140.3772735595703,140.79361560887784,133.10117251155577,133.44811665633205,32658500
2022-09-29,META,Meta,135.2225341796875,138.6226682562599,134.0230607552248,138.14685096331397,38985400
2022-09-30,META,Meta,134.49887084960938,139.76265892956278,134.32044504653885,134.86566021029577,33166400
2022-10-03,META,Meta,137.40341186523438,138.40461445230108,134.91526665577177,135.9462068852094,27723100
2022-10-04,META,Meta,139.05882263183594,141.1504551039004,138.12700317139624,139.26700117923596,34670700
2022-10-05,META,Meta,137.7701416015625,138.9894450478665,133.60670663197286,137.0365931592854,27979300
2022-10-06,META,Meta,137.859375,140.21864633669762,135.41087563563656,136.52112097055306,36231100
2022-10-07,META,Meta,132.28829956054688,137.08616318033515,131.28709717066118,135.56948321426967,33214800
2022-10-10,META,Meta,132.6253204345703,134.92513155816465,130.72203629398763,132.3874193707211,24024000
2022-10-11,META,Meta,127.4210205078125,131.50516516340699,125.88451818312103,130.47421015288506,38481400
2022-10-12,META,Meta,126.39009857177734,128.5412066696093,125.15097995832855,127.20296764266038,34605200
2022-10-13,META,Meta,129.15582275390625,129.99842957946888,121.46337876939296,122.45467379901403,34325700
2022-10-14,META,Meta,125.65654754638672,130.64275227527537,125.41863131764799,129.8596359353625,23559400
2022-10-17,META,Meta,132.8731689453125,133.61664016062548,129.04676981879663,129.16573549889992,29612200
2022-10-18,META,Meta,131.6439666748047,136.6400863506628,130.25614472942863,135.89661517041276,25445000
2022-10-19,META,Meta,132.07022094726562,135.80740711556882,131.06901850073749,131.73318429706333,30691000
2022-10-20,META,Meta,130.38502502441406,135.57941606596407,130.1669389228935,131.7728319195805,26356300
2022-10-21,META,Meta,128.8782501220703,128.98729317086242,124.348040097076,125.21046185736593,46348600
2022-10-24,META,Meta,128.59078979492188,132.3180535839191,123.48561898528632,126.14228991228431,63563400
2022-10-25,META,Meta,136.3129425048828,137.1456416326247,129.45318430388568,129.740668266427,38433200
2022-10-26,META,Meta,128.6898956298828,134.3700104853309,127.41111689285002,130.53368940019047,82791500
2022-10-27,META,Meta,97.0874252319336,101.60772757001686,95.54100004023675,97.12707793561606,232316600
2022-10-28,META,Meta,98.33645629882812,99.97209448364832,96.66117297131608,98.7131532212235,95928300
2022-10-31,META,Meta,92.34903717041016,98.45540986504903,91.7939068796394,97.36498697989708,121361400
2022-11-01,META,Meta,94.37127685546875,96.64134321393725,92.73564622724912,93.50885508342138,110189600
2022-11-02,META,Meta,89.75183868408203,94.37126885823125,89.69236341187202,93.38988905186778,71821100
2022-11-03,META,Meta,88.13602447509766,89.67252688039356,87.64037707410301,89.29583757831013,60664000
2022-11-04,META,Meta,89.99967193603516,90.59444741007951,87.32317095836484,89.56349972567841,55638100
2022-11-07,META,Meta,95.8780517578125,96.03665502199851,92.28956120446537,93.95493707481127,81987300
2022-11-08,META,Meta,95.63021087646484,96.94863477985906,93.96483530454036,95.08499570950359,52088300
2022-11-09,META,Meta,100.58668518066406,103.98682666795818,99.86303664453173,100.83450888217827,107677300
2022-11-10,META,Meta,110.89617156982422,111.76850842510328,103.69936793408547,106.18752043883316,80671000
2022-11-11,META,Meta,112.03614807128906,113.89978735355452,107.86279738275933,108.27914699531694,59961700
2022-11-14,META,Meta,113.22570037841797,115.25785030828123,109.83547376457382,110.02381464557875,53395000
2022-11-15,META,Meta,116.06080627441406,117.70635184117295,113.41405076200675,115.05959632876564,50670500
2022-11-16,META,Meta,112.24432373046875,115.0695126545756,111.67928594564738,113.50326491314802,33287800
2022-11-17,META,Meta,110.47982025146484,111.35216465645112,108.84418961807627,109.44888014863072,35093800
2022-11-18,META,Meta,111.07460021972656,113.32483638895054,109.65704816363142,112.80936635172509,33357700
2022-11-21,META,Meta,108.90364837646484,111.39180046593846,108.23948266921633,110.54919382748199,24351100
2022-11-22,META,Meta,110.46990966796875,110.64834305828951,107.37706675673539,108.90366185992863,29029000
2022-11-23,META,Meta,111.26293182373047,111.68918891166292,109.76608204588022,110.74746182954631,21343100
2022-11-25,META,Meta,110.44015502929688,111.7486638358951,110.05354310729881,110.33111199849877,12007600
2022-11-28,META,Meta,107.83306884765625,111.06469266402415,107.43654933521555,109.81565884687915,23309400
2022-11-29,META,Meta,108.50713348388672,109.97425319109101,107.59514403607353,108.58643888708252,23899200
2022-11-30,META,Meta,117.07191467285156,117.13139750383256,108.42782278422197,108.55669594886484,43348600
2022-12-01,META,Meta,119.39155578613281,120.14493443708561,117.36931335693296,118.16234470998532,36551400
2022-12-02,META,Meta,122.41500091552734,122.96021611715648,116.58618982465244,116.80427590530408,39950500
2022-12-05,META,Meta,121.3642349243164,123.58473338295278,120.29363461707071,120.69015408971502,35474900
2022-12-06,META,Meta,113.1265640258789,119.50058982068353,112.7498671658105,118.86616176085984,43689200
2022-12-07,META,Meta,112.93822479248047,114.87124676294755,111.89736215424148,112.7697064797689,29461100
2022-12-08,META,Meta,114.32604217529297,116.31853947098587,113.59247850687862,115.37681234494076,30619400
2022-12-09,META,Meta,114.89106750488281,116.51679035305717,112.87874029421448,114.29629214435202,26033400
2022-12-12,META,Meta,113.71143341064453,114.71264334504619,112.15510077026792,114.17734320872192,24747100
2022-12-13,META,Meta,119.10408782958984,122.22666838420444,117.60723036165444,121.06684756358977,44701100
2022-12-14,META,Meta,120.53153228759766,123.05933707765865,118.35068673133345,118.35068673133345,36922000
2022-12-15,META,Meta,115.13890075683594,117.59730780116884,113.01753033834721,117.29992387771452,34531000
2022-12-16,META,Meta,118.39035034179688,122.2365718354215,117.78565984708287,119.1833892878749,67064000
2022-12-19,META,Meta,113.48343658447266,116.77453514998675,113.33474084591141,115.81297794533405,29769900
2022-12-20,META,Meta,116.07070922851562,116.30862543554926,111.48101684028215,112.2740557377687,28742500
2022-12-21,META,Meta,118.71748352050781,119.29242883488126,114.61352309508618,115.68411587690649,20392800
2022-12-22,META,Meta,116.10045623779297,117.58739852154194,113.38430288746622,116.17975407839512,23618100
2022-12-23,META,Meta,117.01245880126953,117.15123949159809,114.53422138400184,115.0199538001518,17796600
2022-12-27,META,Meta,115.86253356933594,117.5675618364134,115.03976463271712,116.90339613513855,21392300
2022-12-28,META,Meta,114.61351776123047,117.12149261971926,114.50447471842836,115.23803081847723,19612500
2022-12-29,META,Meta,119.21311950683594,119.97641320548192,114.76220023247431,115.38672082161865,22366200
2022-12-30,META,Meta,119.29241943359375,119.37172483725053,116.71505431858502,117.13140390629331,19583800
2023-01-03,META,Meta,123.65412139892578,125.26993689605494,121.21553689802785,121.75083704158786,35528500
2023-01-04,META,Meta,126.26123046875,127.92660615490277,124.75445802924148,126.27113797211675,32397100
2023-01-05,META,Meta,125.83497619628906,127.40122394307504,123.45586693938299,125.03202218975811,25447100
2023-01-06,META,Meta,128.8881378173828,129.19543674633346,124.94278168505146,127.84727538393727,27584500
2023-01-09,META,Meta,128.3429412841797,131.79264301521917,128.15459284862445,130.01823194659175,26649100
2023-01-10,META,Meta,131.83233642578125,132.2784161808068,126.04316930086817,126.16211986861838,28684400
2023-01-11,META,Meta,131.73318481445312,132.6848346183648,129.20537967608695,129.81999282847258,25423000
2023-01-12,META,Meta,135.51991271972656,136.4814547169637,130.61299157779078,132.27837463301904,30757700
2023-01-13,META,Meta,135.7875518798828,136.19398636138445,133.66618170023415,133.79505485923653,22423800
2023-01-17,META,Meta,134.18167114257812,135.55957037535876,133.08133325697926,134.99452505190794,21147600
2023-01-18,META,Meta,131.86203002929688,136.05520252766846,131.6439439772816,134.62773568755287,20215500
2023-01-19,META,Meta,134.96481323242188,136.25349980566895,130.98972557953786,131.3366848928604,28625200
2023-01-20,META,Meta,138.15676879882812,138.72181416630133,133.43821040315862,134.70706669654805,28688600
2023-01-23,META,Meta,142.0228271484375,142.50855197768175,137.45295697105522,138.07746248379212,27470100
2023-01-24,META,Meta,141.89395141601562,143.73776053550952,140.1294477036565,140.45657683585247,21970200
2023-01-25,META,Meta,140.26821899414062,141.9236795516066,139.088575721669,139.9906576507307,26622000
2023-01-26,META,Meta,146.01771545410156,146.2258788750121,142.0525365694061,143.14295168712312,25482100
2023-01-27,META,Meta,150.41909790039062,151.85647252156616,146.1069589109038,146.94956565053786,35771900
2023-01-30,META,Meta,145.77984619140625,149.8045016344574,145.67080313194597,148.109395586257,28040100
2023-01-31,META,Meta,147.67318725585938,148.57526915219435,146.23581282407054,146.66206232671513,29842100
2023-02-01,META,Meta,151.78704833984375,152.24305058344999,145.77980453303962,146.74136165733216,55661000
2023-02-02,META,Meta,187.12673950195312,195.4437029742972,178.591689945036,181.78366068183163,150475700
2023-02-03,META,Meta,184.90623474121094,195.05709986672147,181.29792194431568,181.87287479600266,76809700
2023-02-06,META,Meta,184.44033813476562,189.0399461515418,183.90504551092542,184.90624797679354,42483800
2023-02-07,META,Meta,189.951904296875,192.0931046901585,182.79475464733247,183.9644903741285,47080700
2023-02-08,META,Meta,181.83322143554688,189.16881298045985,181.3276664674653,188.34603637486495,36139100
2023-02-09,META,Meta,176.37120056152344,185.0252014788401,175.72686487660647,184.50973898129092,37118800
2023-02-10,META,Meta,172.634033203125,177.3327773568358,171.84100923497286,174.81489449343127,33433600
2023-02-13,META,Meta,177.86802673339844,179.42436690011945,174.28946686476417,176.66856844178548,31463200
2023-02-14,META,Meta,177.91758728027344,179.9299145233757,174.34893505957058,175.61779119928158,24034600
2023-02-15,META,Meta,175.6177978515625,176.6388303288191,173.80372647545715,174.8842342230846,25308900
2023-02-16,META,Meta,170.9388885498047,174.3192076619539,170.29453781345282,171.2461875370984,25827500
2023-02-17,META,Meta,171.37506103515625,171.67243739377372,168.22273550017792,168.73821306504692,24171300
2023-02-21,META,Meta,170.58203125,176.61901366845885,170.3837752916554,172.7926146811642,34592600
2023-02-22,META,Meta,169.63037109375,171.25609405423205,168.21282670866515,169.58081845166606,22433200
2023-02-23,META,Meta,170.54237365722656,172.17801937262993,167.90554063056828,170.50272851531994,20017800
2023-02-24,META,Meta,168.90672302246094,169.23385212671894,166.20049241118272,167.17195709518748,19791300
2023-02-27,META,Meta,168.0641326904297,171.61297028977367,167.58831536803652,170.3837742797613,19277000
2023-02-28,META,Meta,173.41712951660156,176.00440977021506,170.37384696069057,170.40358459714915,46051100
2023-03-01,META,Meta,171.9103546142578,176.3017987557463,171.54358035250698,173.07016779754176,30998400
2023-03-02,META,Meta,173.01071166992188,173.48652902510946,169.9376911811716,170.87943351305253,17352000
2023-03-03,META,Meta,183.6373748779297,184.99544401107892,175.50875995980698,177.36247652852418,45877700
2023-03-06,META,Meta,183.29042053222656,188.00899392583824,183.03268930417306,186.36344076544492,33209400
2023-03-07,META,Meta,182.90382385253906,188.70290529933874,182.40817638275996,187.35474357650114,36701500
2023-03-08,META,Meta,183.35980224609375,183.64727108561956,179.7613972448921,181.27807709436618,19432400
2023-03-09,META,Meta,180.1083526611328,187.28531725397823,178.73045350925022,184.72779000880985,26582800
2023-03-10,META,Meta,177.94732666015625,183.16154706370955,177.24351581257753,179.43426888152695,25665000
2023-03-13,META,Meta,179.32525634765625,182.18019073857934,173.29819616275796,176.4108618038768,24728000
2023-03-14,META,Meta,192.33103942871094,192.62843092188572,184.93597286944848,185.94709789585886,41642600
2023-03-15,META,Meta,196.028564453125,196.05830208974152,189.1787131345453,191.2703459570102,42123600
2023-03-16,META,Meta,203.1460418701172,203.96881839258782,194.38299921959626,196.53410718154342,50447100
2023-03-17,META,Meta,193.9072265625,200.1424658110306,193.72878558687063,198.8141340658564,50141100
2023-03-20,META,Meta,196.08802795410156,197.62453796620042,191.95433032702135,196.7521936752625,25186300
2023-03-21,META,Meta,200.40016174316406,201.77806091937316,196.226803951734,201.43110168666132,31827000
2023-03-22,META,Meta,198.0706329345703,205.56482001084692,197.93185225263778,200.7372186543796,28477800
2023-03-23,META,Meta,202.501708984375,206.07037646367976,200.39024613195645,201.0742419926531,27389700
2023-03-24,META,Meta,204.21665954589844,205.77299981949574,201.77808253088455,203.39388295313782,27716400
2023-03-27,META,Meta,201.0742645263672,204.06797951805956,199.60715223199819,203.02711679278647,18527200
2023-03-28,META,Meta,198.93304443359375,199.2800036835634,196.17724594410166,198.40765937001166,19127300
2023-03-29,META,Meta,203.56240844726562,203.9291827103764,200.7768571452326,201.78798215208548,18851100
2023-03-30,META,Meta,206.03073120117188,206.27855492955837,201.0544416258621,201.60956435729426,22608300
2023-03-31,META,Meta,210.09503173828125,210.3230253172204,204.9700392079461,205.43594899488193,25440300
2023-04-03,META,Meta,211.2152099609375,211.63155200058463,206.387593549827,207.02202167585494,17924600
2023-04-04,META,Meta,212.85084533691406,214.35761784282738,210.68981455693785,211.5324212849849,21026400
2023-04-05,META,Meta,209.63902282714844,213.31673323896115,208.11243547048335,212.2857781628593,19396600
2023-04-06,META,Meta,214.21881103515625,215.05149503189162,206.8336527190424,207.42843564582947,26104400
2023-04-10,META,Meta,212.8805694580078,213.78265140351988,208.82617714372924,212.84092431935147,16106100
2023-04-11,META,Meta,211.9884033203125,214.13951126472867,211.55223117933252,213.60420359135924,16710100
2023-04-12,META,Meta,212.13710021972656,214.95237399428152,210.7294633324491,212.96978427260183,18972200
2023-04-13,META,Meta,218.43182373046875,219.224847500562,213.81238615247736,213.85203129059846,23310400
2023-04-14,META,Meta,219.5618896484375,220.17648758119475,215.6561857349428,215.983314832495,21591200
2023-04-17,META,Meta,216.9547882080078,219.056328418045,215.23985237860873,217.87668514416077,15481900
2023-04-18,META,Meta,215.99322509765625,218.5210298831025,214.32785708077208,217.9956448449694,12281000
2023-04-19,META,Meta,213.8223114013672,215.43812696265397,211.07642023535394,211.61172796314864,15898100
2023-04-20,META,Meta,211.2152099609375,214.8631679041083,210.91781846805821,211.62162937104753,16475400
2023-04-21,META,Meta,211.03675842285156,211.55223597623976,207.7555749142046,208.3800955053103,17717200
2023-04-24,META,Meta,210.93763732910156,212.05780541816344,208.87575722630933,211.8198891943213,15750900
2023-04-25,META,Meta,205.7432403564453,209.42093562235263,205.32689835234027,208.98477861278425,19198200
2023-04-26,META,Meta,207.57713317871094,212.24613852452936,207.0616707532641,210.65015322914314,41992700
2023-04-27,META,Meta,236.4833221435547,239.5860801943098,234.7089108287852,237.80174624937138,71196500
2023-04-28,META,Meta,238.22799682617188,238.3370247438833,233.69777188796778,236.92938780573903,39554000
2023-05-01,META,Meta,241.0630645751953,241.87593357965255,234.40157736953907,236.54276266287647,29143900
2023-05-02,META,Meta,237.15737915039062,242.78792649051843,236.90955544437884,241.06306805133124,24350100
2023-05-03,META,Meta,234.9666290283203,239.6455421682171,230.72388806474677,237.38539100541473,34463900
2023-05-04,META,Meta,231.4871826171875,236.12643535513135,230.9023071473006,234.00506493525833,17889400
2023-05-05,META,Meta,230.7536163330078,232.63707051688766,227.84912965326185,230.21832376395497,27000500
2023-05-08,META,Meta,231.23934936523438,233.56888314152786,228.26546487348705,229.40544787827335,16400500
2023-05-09,META,Meta,231.33847045898438,233.82663017174102,229.06841194563827,229.44510882268386,16865600
2023-05-10,META,Meta,231.05101013183594,234.6890604898904,228.71155363342422,234.1141076501327,19119000
2023-05-11,META,Meta,233.7374267578125,236.13637381843506,230.27781710507037,231.0212883085138,20449000
2023-05-12,META,Meta,231.774658203125,234.89724621443213,229.43520163353872,234.67916012630428,16161400
2023-05-15,META,Meta,236.78070068359375,238.16850749476043,233.2814308927608,234.8575861552915,20653200
2023-05-16,META,Meta,236.74107360839844,237.55392762383548,233.4697971599243,233.7374359129555,18163800
2023-05-17,META,Meta,240.3791046142578,241.71734364737938,236.06696576918233,236.37426476658152,21193100
2023-05-18,META,Meta,244.70114135742188,244.9390424423486,239.09040883985995,239.1994518791044,22943300
2023-05-19,META,Meta,243.50164794921875,246.5251000384491,241.2910648360258,245.31571920275695,21733600
2023-05-22,META,Meta,246.1583709716797,251.36266949569668,242.9862150086532,243.2736990167083,27738500
2023-05-23,META,Meta,244.59213256835938,249.41973435482114,244.50290452305813,244.6615153525256,17748100
2023-05-24,META,Meta,247.04061889648438,247.41730068840283,242.81769276730455,243.14482191294246,17724300
2023-05-25,META,Meta,250.49029541015625,253.3947820293933,247.00093333989307,251.19410627565514,22371400
2023-05-26,META,Meta,259.7588806152344,260.0265193027739,250.510098930214,250.7281698558531,25727200
2023-05-30,META,Meta,260.2347106933594,266.31135290723864,259.0154374005094,262.940956499197,23816500
2023-05-31,META,Meta,262.4155578613281,262.6931191922848,256.20015042244955,257.7366452452606,25473700
2023-06-01,META,Meta,270.23687744140625,271.6147918186333,263.5754050196668,263.5852973969688,25609500
2023-06-02,META,Meta,270.23687744140625,272.9530459308971,268.7598577796487,270.2864603355899,19416900
2023-06-05,META,Meta,269.02752685546875,273.1711321141078,267.2134403187121,267.9469888352594,20742900
2023-06-06,META,Meta,268.7598876953125,274.16245738799296,267.3423431472537,267.7884379849693,19419000
2023-06-07,META,Meta,261.3053283691406,271.8626124655505,260.5122743384185,269.30508506477685,26163600
2023-06-08,META,Meta,262.2768249511719,265.3201079447365,256.6264614480304,258.35130511451564,20899400
2023-06-09,META,Meta,262.6435852050781,265.61746978448156,259.42187691072445,260.1950856912926,16949800
2023-06-12,META,Meta,268.6904602050781,269.38437870914413,263.0202523851898,264.8442615526915,15442500
2023-06-13,META,Meta,268.9581298828125,273.3198212360052,266.7475314444002,272.4871371800981,16164000
2023-06-14,META,Meta,270.9704895019531,272.5961975421648,265.98427695032746,269.5232072981204,19175100
2023-06-15,META,Meta,279.3766174316406,281.5178179621432,269.05726454784934,269.9295786141267,25973500
2023-06-16,META,Meta,278.55389404296875,285.3442708200235,277.6914722362394,282.27125028019697,43127700
2023-06-20,META,Meta,281.8548889160156,282.3207987676239,273.8155011330665,276.30366121845566,20701600
2023-06-21,META,Meta,279.1883239746094,281.52776553347246,275.93684749984334,281.0618556973367,20556200
2023-06-22,META,Meta,282.4001159667969,282.7768128958016,275.37183825791345,276.6505869881599,17563100
2023-06-23,META,Meta,286.2165832519531,287.1484028647073,276.5217204794401,279.05943296679476,51092000
2023-06-26,META,Meta,276.0458679199219,287.2673324689784,275.18344627250076,286.18682475251495,24232700
2023-06-27,META,Meta,284.5511169433594,286.8311127875965,278.20683723905654,279.5550136929213,26108300
2023-06-28,META,Meta,282.8065490722656,287.02944505240964,281.5872453744649,282.340639228578,16722100
2023-06-29,META,Meta,279.0792541503906,284.0753889556589,278.2465700581659,282.0234012362909,15395700
2023-06-30,META,Meta,284.4818115234375,286.53376890451335,281.9440990867374,282.2811357109331,19694900
2023-07-03,META,Meta,283.5301513671875,286.88073290993367,282.3703532958794,284.2042548786633,8629300
2023-07-05,META,Meta,291.80743408203125,295.5247894373961,283.8671533623589,285.1459320751407,33865500
2023-07-06,META,Meta,289.4482421875,295.5248858988363,288.7741687901645,293.31431722052633,47600500
2023-07-07,META,Meta,288.00091552734375,293.6215711054286,286.1471988438877,289.6365461155744,25586000
2023-07-10,META,Meta,291.5398254394531,295.5347425297434,284.5511784998187,292.9771848405433,37058300
2023-07-11,META,Meta,295.6933898925781,297.5669216854234,289.35900041008506,291.3415903824076,27585900
2023-07-12,META,Meta,306.64715576171875,306.75621392994793,297.48760071490796,299.1232312229929,36677100
2023-07-13,META,Meta,310.6817321777344,313.4870833791565,307.58889699038366,310.88989563213556,30281000
2023-07-14,META,Meta,306.18121337890625,312.1389046779914,304.68434858283683,309.07580744281717,23054100
2023-07-17,META,Meta,307.9159851074219,308.9964928062854,302.05742922495097,304.86281044247795,25323100
2023-07-18,META,Meta,309.33355712890625,311.4648653357093,304.9421280436291,308.17375905316084,20731900
2023-07-19,META,Meta,313.25909423828125,315.90583453833557,307.81686495769065,310.3050247039344,21763700
2023-07-20,META,Meta,299.88653564453125,312.7932151799263,299.5891592620239,310.77096502311366,23836900
2023-07-21,META,Meta,291.69842529296875,302.800909197342,288.66506554438087,301.9186725328554,42139300
2023-07-24,META,Meta,289.0715026855469,294.93005940617286,285.7903188571034,293.2052158926609,24915700
2023-07-25,META,Meta,291.9066162109375,295.703262442502,289.31932073955034,292.62034976319046,19585600
2023-07-26,META,Meta,295.9709167480469,299.1430421825214,289.358966650914,298.56810446847095,47256900
2023-07-27,META,Meta,308.99652099609375,322.51779778619095,307.14280439627186,322.28978907131307,64229200
2023-07-28,META,Meta,322.64666748046875,323.3604010020382,311.51441512024616,314.12152548725567,39220300
2023-07-31,META,Meta,315.8265380859375,322.82507714780235,314.8253206295678,320.87222512758746,25799600
2023-08-01,META,Meta,319.9007568359375,321.31833148178566,311.92084528786495,314.7757793342165,22817900
2023-08-02,META,Meta,311.5738830566406,315.6183830009451,307.94574026174797,315.2317634870685,20461100
2023-08-03,META,Meta,310.4636535644531,313.1996371815222,307.23202249512775,307.23202249512775,15180200
2023-08-04,META,Meta,308.0250549316406,315.6381920030264,307.4996698792332,312.21821272193796,17612800
2023-08-07,META,Meta,313.8043212890625,314.30989138505396,307.75741615279827,310.50332247597623,16236500
2023-08-08,META,Meta,309.91839599609375,315.12269327969364,307.41039131092145,311.663054133199,15183500
2023-08-09,META,Meta,302.5530700683594,310.8997853919067,300.21362891825964,310.156314310015,19955800
2023-08-10,META,Meta,303.0784606933594,309.6210123853604,301.224744268541,305.2593213413318,14358900
2023-08-11,META,Meta,299.0141906738281,302.0673654764671,297.745304234176,299.93608761646493,14046300
2023-08-14,META,Meta,303.52459716796875,303.5444121758859,295.6537130002151,298.3599590509755,15641900
2023-08-15,META,Meta,299.3215026855469,304.5555384693023,297.4182031951271,303.4750306746695,11623600
2023-08-16,META,Meta,291.7281494140625,298.45901919205147,291.71822678564473,297.58670519685023,18547700
2023-08-17,META,Meta,282.6082458496094,293.47282896172703,282.4694803012663,290.49894440443103,23950100
2023-08-18,META,Meta,280.7842712402344,283.20303313726754,271.9914906051631,276.60100568899685,35347900
2023-08-21,META,Meta,287.37640380859375,287.97118683695453,279.39649145484435,280.98256944649927,20181500
2023-08-22,META,Meta,285.0964050292969,290.35025563572106,284.2537983560618,290.0032963876927,12980200
2023-08-23,META,Meta,291.6785888671875,294.81108424364885,285.1658046520825,285.9885660720524,18287000
2023-08-24,META,Meta,284.2537841796875,296.8531326295478,284.1447562725001,295.9014980911481,18360900
2023-08-25,META,Meta,283.0146179199219,285.87947393221793,273.62705652875377,283.6391383794556,23701400
2023-08-28,META,Meta,287.7332763671875,288.91291975529066,283.3120791933217,285.49294014239996,14239300
2023-08-29,META,Meta,295.39599609375,296.5459019579426,285.6713942766928,286.0679062380191,20844500
2023-08-30,META,Meta,292.5311279296875,295.69336104721475,290.87565215344677,294.5831156113279,17717000
2023-08-31,META,Meta,293.3142395019531,298.47887705578745,293.0862308021256,293.22499634625575,17229900
2023-09-01,META,Meta,293.79998779296875,299.1133139449209,291.90661090057637,296.76394986830445,12842300
2023-09-05,META,Meta,297.53717041015625,298.76639670796936,292.9375776161612,294.4344124053595,14956000
2023-09-06,META,Meta,296.565673828125,300.6596958742699,293.0862194558126,299.0835407980036,15418100
2023-09-07,META,Meta,296.070068359375,304.3770944136162,289.6762039967024,295.40588744923144,33748700
2023-09-08,META,Meta,295.296875,302.5927915043755,294.19652184534834,296.6152840075846,17548000
2023-09-11,META,Meta,304.8826599121094,306.34978726869906,298.65732909121135,298.78620226973936,19489300
2023-09-12,META,Meta,299.0340270996094,305.97309149092956,297.61648263441475,303.6633574024578,13480400
2023-09-13,META,Meta,302.4044189453125,304.5059592872475,298.69698571008445,299.7279106218778,13210900
2023-09-14,META,Meta,309.0064697265625,310.146452893405,302.3747039470629,304.0698098777926,19343100
2023-09-15,META,Meta,297.69580078125,309.2840418195797,296.1493829923059,308.89742224638235,28131100
2023-09-18,META,Meta,299.916259765625,300.9571375613304,295.2076089926441,295.59422852439974,14234200
2023-09-19,META,Meta,302.4143371582031,303.50476757967397,297.2001163940275,299.84688704196486,15924400
2023-09-20,META,Meta,297.0613708496094,305.3783197455341,296.82343949040535,302.3945122667024,19379500
2023-09-21,META,Meta,293.1556091308594,297.64617316620246,290.71700224931874,293.12587149825106,21319600
2023-09-22,META,Meta,296.4764404296875,302.72161592524503,295.67349404841707,296.69452649941013,25369600
2023-09-25,META,Meta,298.211181640625,298.33016242036194,291.1432755959158,293.06638980081726,18987000
2023-09-26,META,Meta,296.3575134277344,297.6858449572033,293.4332116377571,295.0688421646148,19417200
2023-09-27,META,Meta,295.14813232421875,298.677139729877,284.2934713763144,297.8345632707552,36429800
2023-09-28,META,Meta,301.3139953613281,303.6633594810206,294.1172148146599,296.3377057544672,22167100
2023-09-29,META,Meta,297.5966796875,307.93591009206773,296.7540728412245,304.7042785354478,25373700
2023-10-02,META,Meta,304.14910888671875,304.50596053027635,299.0042859286593,300.1046087482149,16265600
2023-10-03,META,Meta,298.3202819824219,304.0995177904984,297.03161074620874,301.61138822655596,17362300
2023-10-04,META,Meta,302.9198913574219,304.2284079253051,295.9015365648199,296.1295452893803,16880500
2023-10-05,META,Meta,302.13677978515625,303.54440159622794,296.89282131542484,301.97816897158543,19130000
2023-10-06,META,Meta,312.6841125488281,313.55645681605097,298.290522895401,298.8159079310807,21803900
2023-10-09,META,Meta,315.588623046875,317.5414751678971,309.10557632186953,309.7796495788927,22503700
2023-10-10,META,Meta,319.0383605957031,321.83381959341597,315.3904024685447,316.34203714260326,19038000
2023-10-11,META,Meta,324.96624755859375,325.97735729844595,320.1386470354326,320.1981222994289,22036300
2023-10-12,META,Meta,321.3381042480469,327.66256948427394,319.880899780603,325.1446723921644,20530500
2023-10-13,META,Meta,311.9505615234375,322.2203610808488,309.65075033810035,320.713603882826,21341000
2023-10-16,META,Meta,318.35430908203125,319.0184898882461,312.77331469106156,315.8661797826119,16536100
2023-10-17,META,Meta,321.17950439453125,321.57601625080804,314.53781735721145,315.41016159216974,16387800
2023-10-18,META,Meta,314.2107238769531,323.10263972349975,312.8129945346358,318.5922603419994,16851000
2023-10-19,META,Meta,310.08697509765625,319.08795030688776,309.03620485654955,317.09543774973184,18709200
2023-10-20,META,Meta,305.963134765625,312.55523915239206,303.80211935646275,311.40536380308697,22312300
2023-10-23,META,Meta,311.27655029296875,314.5973643164918,304.5853090932191,306.80580019592827,17796800
2023-10-24,META,Meta,309.8292236328125,315.5787524774694,307.9259542753489,314.02241214997355,19525500
2023-10-25,META,Meta,296.92254638671875,308.1737490291754,296.2385505173556,307.3014047174126,42192500
2023-10-26,META,Meta,285.83990478515625,292.4320101500182,276.9678028849212,292.4320101500182,66684100
2023-10-27,META,Meta,294.14697265625,296.70450041423834,290.419693821055,291.9165589334296,29596300
2023-10-30,META,Meta,300.0252990722656,306.70661659471585,296.44670897879655,296.48636924282346,28435100
2023-10-31,META,Meta,298.6474304199219,301.0364549734393,294.2758158885733,300.669680667848,19434200
2023-11-01,META,Meta,309.1352844238281,310.0175210505434,299.2223365843718,299.2223365843718,20434600
2023-11-02,META,Meta,308.1637878417969,316.0445930452188,305.64589075733045,314.5378056945549,21631800
2023-11-03,META,Meta,311.8614196777344,312.8031317965931,308.3125665612412,309.8292467333952,16764300
2023-11-06,META,Meta,313.05096435546875,315.5589396192179,311.7127402409348,313.2294204557408,12887700
2023-11-07,META,Meta,316.044677734375,318.2056935641624,312.37687415015614,314.2999888616323,14055600
2023-11-08,META,Meta,316.9963073730469,318.53280249069024,312.1389680232896,315.37059933746826,13609700
2023-11-09,META,Meta,317.7595520019531,321.35795714702647,316.0247860148068,316.63941423329265,16103100
2023-11-10,META,Meta,325.907958984375,326.23510318784565,316.6790074259509,317.1548397892198,19096200
2023-11-13,META,Meta,326.3243408203125,329.4369907917262,322.8647316151257,323.36037901996815,16908900
2023-11-14,META,Meta,333.3823547363281,335.15678091466447,330.42828531533473,331.6277738153951,17179400
2023-11-15,META,Meta,329.8136901855469,335.45416011600383,327.14710470691955,334.9882503418072,14531200
2023-11-16,META,Meta,331.2807922363281,331.66738145469753,323.5387827217606,326.50274431961327,18932600
2023-11-17,META,Meta,332.12353515625,332.579522454202,326.48306333888445,327.38514555461,14494400
2023-11-20,META,Meta,337.010498046875,338.8939521370626,331.2808152503726,331.97473371871814,16960500
2023-11-21,META,Meta,334.04656982421875,336.94113402174503,332.9759543798253,335.3847937518308,12027900
2023-11-22,META,Meta,338.51727294921875,339.9348475941971,335.6326012688178,336.25712187256374,10702700
2023-11-24,META,Meta,335.2856750488281,338.88405001830046,333.83836275604654,337.16912925300625,5467500
2023-11-27,META,Meta,331.7864685058594,336.94118466395616,331.29082097612365,333.25356583264545,15684500
2023-11-28,META,Meta,336.0390319824219,336.42565149537353,330.4976973935413,330.4976973935413,12637200
2023-11-29,META,Meta,329.3081359863281,336.9410875941156,327.9004840965644,336.73292416213553,16024500
2023-11-30,META,Meta,324.3020935058594,330.59682164758357,319.593443122573,329.00085151227404,23146400
2023-12-01,META,Meta,321.992431640625,324.01465154921027,317.96777657976315,322.64668993525703,15276400
2023-12-04,META,Meta,317.2342224121094,318.0669066013097,310.9296005859111,314.52800636018907,19037100
2023-12-05,META,Meta,315.5192565917969,319.078001589407,312.644507483201,316.2032524808111,16952100
2023-12-06,META,Meta,314.6865539550781,319.4447570091409,314.2801194470397,319.12753540502547,11294300
2023-12-07,META,Meta,323.7469482421875,325.38257852662645,315.0037213010435,315.0037213010435,15905100
2023-12-08,META,Meta,329.8533630371094,330.26972018709864,320.18823819980867,320.27745110653814,14087400
2023-12-11,META,Meta,322.4483947753906,327.0182798666103,317.2143590609615,326.5325248079935,25802500
2023-12-12,META,Meta,331.3105773925781,331.55840111361704,321.73466518140424,321.77432544730783,18485500
2023-12-13,META,Meta,331.8260192871094,335.4244243340028,329.74432436086573,331.02307290083434,16353300
2023-12-14,META,Meta,330.2697448730469,331.786424904649,325.779180053839,330.94381816444326,19607300
2023-12-15,META,Meta,332.0044860839844,335.7119191603619,328.33668302041815,329.0999691679317,31776900
2023-12-18,META,Meta,341.6199951171875,344.5344041297469,334.08614889595844,334.5421662666255,18993900
2023-12-19,META,Meta,347.3100891113281,350.52190536641285,342.11571317990683,342.57170039286814,17729400
2023-12-20,META,Meta,346.2394714355469,351.87001904403724,344.7624517579326,345.61495082632456,16369900
2023-12-21,META,Meta,351.0075378417969,353.30734881378453,346.17001484965505,349.9072152421134,15289600
2023-12-22,META,Meta,350.3137512207031,354.0905827144297,348.16262778042943,352.4846594181729,11772800
2023-12-26,META,Meta,351.7411804199219,353.8724888040851,350.3732187747808,351.8997912451386,9898600
2023-12-27,META,Meta,354.7149963378906,355.87482453649875,352.21694439339376,352.9703381036662,13207900
2023-12-28,META,Meta,355.2008056640625,358.7496281934857,354.69523557044886,356.5687975042497,11798800
2023-12-29,META,Meta,350.87872314453125,356.8661526201397,348.7573678571759,355.8649351224526,14987100
2024-01-02,META,Meta,343.27545166015625,350.0856414391365,337.0501221265474,348.2616628132545,19042200
2024-01-03,META,Meta,341.4713134765625,344.92103019558954,340.1925347420734,341.9768834940871,15451100
2024-01-04,META,Meta,344.0982666015625,345.11929909621364,340.41064851615806,341.5010789113967,12099900
2024-01-05,META,Meta,348.88629150390625,350.4227866714276,343.2458204666084,343.9694464639919,13920700
2024-01-08,META,Meta,355.5378112792969,355.8550328888557,348.98533664973183,351.61229217973874,13890200
2024-01-09,META,Meta,354.3184814453125,357.5005594299917,352.26649401636956,353.29744904498443,13463900
2024-01-10,META,Meta,367.2449951171875,369.69349454560995,355.9541325367698,357.0346705179699,22117200
2024-01-11,META,Meta,366.4519958496094,369.5349084412359,359.7706477096314,368.8905728121484,17205400
2024-01-12,META,Meta,371.23004150390625,373.7776768226446,366.3231495817238,366.93774761928864,19310000
2024-01-16,META,Meta,364.2611999511719,372.3402469912931,364.0332214951215,370.39731754067816,15306900
2024-01-17,META,Meta,365.16326904296875,365.3318024736922,355.48822189160364,363.1112814992652,12724800
2024-01-18,META,Meta,372.855712890625,373.5694463469894,367.72081315695874,368.25609056029504,16354300
2024-01-19,META,Meta,380.1120910644531,381.01414291937266,374.6797834135025,375.70081608354707,21670800
2024-01-22,META,Meta,378.45654296875,386.9519470116833,377.8419450079911,384.5728454450382,17680500
2024-01-23,META,Meta,381.8467712402344,384.9990814617669,378.75390603497135,381.2718033118794,15506100
2024-01-24,META,Meta,387.29888916015625,392.70142765086376,384.434032676857,386.60497070171994,15698500
2024-01-25,META,Meta,389.7572937011719,392.04718233656905,382.3027674759573,386.7735168364553,15091100
2024-01-26,META,Meta,390.7089538574219,393.33587907319196,388.18113392185984,390.91711729854256,13163700
2024-01-29,META,Meta,397.5290222167969,399.42239887888377,389.6779844917402,391.55151589697937,18742400
2024-01-30,META,Meta,396.57745361328125,402.82259967131563,396.0917287704335,400.0767235620257,18614700
2024-01-31,META,Meta,386.7437744140625,394.5353371545359,383.7302296999333,385.61368380179516,20180800
2024-02-01,META,Meta,391.3433532714844,397.0135606410284,389.6284024059907,390.5106692838904,29727100
2024-02-02,META,Meta,470.8551330566406,481.72963881592403,449.0664915252919,455.59912098341835,84707600
2024-02-05,META,Meta,455.4107971191406,467.79206083413476,455.22244866654785,465.7896560115249,40832400
2024-02-06,META,Meta,450.7615966796875,463.05364680414374,449.05656832277816,459.96081170368444,21655200
2024-02-07,META,Meta,465.50213623046875,467.415327994543,452.2088689116338,454.01303276517825,23066000
2024-02-08,META,Meta,465.9085998535156,466.49346021033546,460.98186302371124,464.24323169322327,18815100
2024-02-09,META,Meta,464.0350341796875,469.4673410411531,463.4006211841716,468.8329280456372,18413100
2024-02-12,META,Meta,464.81817626953125,474.9789490756288,462.5183648227148,464.1143653554513,19382000
2024-02-13,META,Meta,456.1145935058594,463.8169740536251,451.1283814896447,452.892885158852,20916600
2024-02-14,META,Meta,469.1600036621094,469.9827650386476,462.03259160066335,463.85657040992965,16858400
2024-02-15,META,Meta,479.8164978027344,484.3665380343901,468.1093067569019,471.142666911339,24212300
2024-02-16,META,Meta,469.1997375488281,474.79062539009806,465.1254995337819,473.94801862403494,23324600
2024-02-20,META,Meta,467.6433410644531,472.03476994795795,462.49851842146023,465.63101374806274,18015500
2024-02-21,META,Meta,464.447998046875,465.41057550181085,458.25576468630754,462.92970889465835,12921800
2024-02-22,META,Meta,482.4095153808594,486.2399591800924,472.41657665178604,476.56457866928184,21625800
2024-02-23,META,Meta,480.3255310058594,490.57645821723105,478.658395960272,484.31475349723246,18374300
2024-02-26,META,Meta,478.05303955078125,482.419388801166,476.92178017882867,479.7698100644105,12101400
2024-02-27,META,Meta,483.3224182128906,483.5407356847416,476.2470121182993,476.30655049389355,10809600
2024-02-28,META,Meta,480.31561279296875,487.29180850441577,479.0553434545367,481.2881234084936,12715500
2024-02-29,META,Meta,486.3788757324219,487.93686726454155,478.91640943030325,484.70180744595217,17732000
2024-03-01,META,Meta,498.4557189941406,500.39080710945973,488.0857144887077,488.3437040291378,16273600
2024-03-04,META,Meta,494.3772277832031,500.5595589126642,492.62078494513406,499.1504132084591,12324100
2024-03-05,META,Meta,486.4681396484375,491.7871027589279,484.1559854515597,491.2115550698729,15325300
2024-03-06,META,Meta,492.2932434082031,499.120593170195,490.50703156108455,493.8214657207925,11757900
2024-03-07,META,Meta,508.27008056640625,515.871429965554,497.5428147005372,499.428267454864,18586400
2024-03-08,META,Meta,502.07781982421875,519.5629636532714,495.52832561465306,510.2547468573878,18597100
2024-03-11,META,Meta,479.888916015625,493.51384651254926,472.3570085263561,493.2062214717345,20428300
2024-03-12,META,Meta,495.9252014160156,498.4656062281619,481.02016674493694,489.48488182788077,15448200
2024-03-13,META,Meta,491.7772521972656,497.14585137802413,487.27198978393096,491.59863706276775,12090700
2024-03-14,META,Meta,488.0658264160156,497.5129856516663,484.4239312675284,496.43133146634375,12620000
2024-03-15,META,Meta,480.3949890136719,488.0658087524492,477.61640039856326,485.2674143918524,29153600
2024-03-18,META,Meta,493.17645263671875,493.6130875886428,483.0842738072249,488.1452478161507,11755300
2024-03-19,META,Meta,492.44207763671875,492.82910735533255,477.59658066238825,484.4338634191074,10903100
2024-03-20,META,Meta,501.65106201171875,504.3105740199144,491.3802985259637,495.6771461475813,11711100
2024-03-21,META,Meta,503.87396240234375,511.09821477284595,502.1373557038148,510.7707839758228,9712500
2024-03-22,META,Meta,505.6800231933594,506.0670529466161,500.4801361234696,503.11978200634246,8120600
2024-03-25,META,Meta,499.1701965332031,503.33806453967446,496.4114740821437,501.91901611098194,8380600
2024-03-26,META,Meta,492.0947570800781,506.09675270183544,491.41993839395826,501.26402973226214,11205400
2024-03-27,META,Meta,490.0802917480469,496.0641709946274,484.3346265696149,495.47865983348026,9989700
2024-03-28,META,Meta,481.86370849609375,489.11779090352536,481.4370066733091,489.06815539695725,15212800
2024-04-01,META,Meta,487.5895080566406,493.6229620607857,478.0927438247273,483.4712757226848,9247000
2024-04-02,META,Meta,493.5634460449219,493.7222251422253,480.94079550745505,481.3873636113719,11081000
2024-04-03,META,Meta,502.86175537109375,503.35792871942033,494.9329149557214,495.1115300929547,12099200
2024-04-04,META,Meta,507.0097351074219,525.9436947950782,506.6723106155449,512.4676110901486,26476300
2024-04-05,META,Meta,523.3040161132812,526.6382857287307,510.4729229079318,512.9041838822052,19263300
2024-04-08,META,Meta,515.2760620117188,527.4223768254514,514.9188317096773,525.2293292201076,13260600
2024-04-09,META,Meta,512.9440307617188,521.8453515412855,502.8617544246005,518.2331950359386,10863800
2024-04-10,META,Meta,515.8515625,518.5606494016819,501.928910292975,505.3922206037786,11418500
2024-04-11,META,Meta,519.156005859375,519.8506605732492,513.3309363282792,517.1217075007655,10369500
2024-04-12,META,Meta,507.9822082519531,516.2087698797866,505.43187027315577,513.7874418018332,11984500
2024-04-15,META,Meta,496.4015808105469,514.5615428654139,493.4741460488993,512.7653372648631,13512900
2024-04-16,META,Meta,495.9351806640625,500.90681687935023,493.3054377657289,494.2977844340761,9847900
2024-04-17,META,Meta,490.3879699707031,499.30915689281545,483.41177405310106,499.2496185150052,12193700
2024-04-18,META,Meta,497.9595642089844,508.28992732102284,495.22070789767196,495.99473711582823,14808700
2024-04-19,META,Meta,477.3882141113281,498.95188761147057,472.08908659081203,498.95188761147057,25215400
2024-04-22,META,Meta,478.0431823730469,488.24450514549414,469.7769174777012,485.97202274350616,17271100
2024-04-23,META,Meta,492.3031921386719,494.94283793154807,485.22775549164936,487.4903047021122,15079200
2024-04-24,META,Meta,489.7230224609375,506.09674053713906,480.87127790932203,504.1715858072767,37772700
2024-04-25,META,Meta,438.0019836425781,442.35836983181287,411.32769996695043,418.17488602057387,82890700
2024-04-26,META,Meta,439.8973693847656,443.023255377978,428.6540645124844,438.0813579966591,32691400
2024-04-29,META,Meta,429.30902099609375,436.3943909124522,425.2800958497785,436.19590946046895,21502600
2024-04-30,META,Meta,426.8777770996094,436.2554348890997,426.43120898791216,427.7510167239678,18429500
2024-05-01,META,Meta,435.8287048339844,446.5162667930731,423.8411409701157,425.3197579943867,20344900
2024-05-02,META,Meta,438.2996520996094,440.562201203768,428.9715998380439,435.48139130558843,15221300
2024-05-03,META,Meta,448.5009765625,450.694084429791,440.4530598909977,442.5171275663126,16489100
2024-05-06,META,Meta,462.1159973144531,462.59233462582085,449.87044284737243,452.0932897323867,15094600
2024-05-07,META,Meta,464.6563720703125,467.9212009325345,457.7794172557727,462.7213143300044,13406800
2024-05-08,META,Meta,468.9830017089844,471.94017514787424,459.456468444689,459.95264173674593,11683900
2024-05-09,META,Meta,471.7814636230469,472.4363857703792,464.05107464244514,466.4029313871889,9437700
2024-05-10,META,Meta,472.5555114746094,473.8455500732435,466.00601718642696,473.4386842914545,10750000
2024-05-13,META,Meta,464.4281921386719,469.7273199211645,459.30767949531514,469.13190584002666,14668800
2024-05-14,META,Meta,468.2388000488281,468.9235216998096,456.558859918331,459.82368906593655,10478600
2024-05-15,META,Meta,477.8546142578125,478.8072585621629,467.59375353224107,471.34482265738814,13100500
2024-05-16,META,Meta,469.6082458496094,474.0341037096342,469.1319085251691,471.36468862920213,16608200
2024-05-17,META,Meta,468.29833984375,469.1815126685142,464.83505951456476,467.2265884372279,10807300
2024-05-20,META,Meta,465.2518310546875,469.5784784874787,463.46561907811537,466.35335165798784,11745100
2024-05-21,META,Meta,461.07403564453125,467.0975871671568,458.73208176825443,463.5449691486391,11742200
2024-05-22,META,Meta,464.199951171875,470.0944931584009,462.0862477959769,464.28925874330497,10078600
2024-05-23,META,Meta,462.2152099609375,470.72953068178265,458.0076699601858,469.26087705798136,11747900
2024-05-24,META,Meta,474.5600280761719,476.17755800168163,462.73124238654253,464.0411472655585,12024300
2024-05-28,META,Meta,476.2469787597656,477.17975667341176,471.20584122977107,472.93251456909275,10175800
2024-05-29,META,Meta,470.7295837402344,476.177587920808,470.0746615435936,471.02730593181747,9226200
2024-05-30,META,Meta,463.4754943847656,468.1196997588506,461.1534068397315,468.06016138210737,10719600
2024-05-31,META,Meta,463.2571716308594,465.52965393072293,450.9818484598858,462.2350557963907,16919800
2024-06-03,META,Meta,473.83563232421875,475.9294996806374,464.6564250347683,467.25636863239123,11279400
2024-06-04,META,Meta,473.3394470214844,475.224929995745,469.60824398888354,473.34938017945996,7088700
2024-06-05,META,Meta,491.2711486816406,492.84897628065335,480.2064891730306,480.7423648637953,15690500
2024-06-06,META,Meta,489.9810485839844,498.97170602105643,487.1330187939292,489.2070194762899,10667300
2024-06-07,META,Meta,489.187255859375,495.0917312617214,486.41863017217537,492.1146909480718,9380700
2024-06-10,META,Meta,498.7534484863281,498.81298686453346,489.63378005499686,490.0803178915368,11220900
2024-06-11,META,Meta,503.5861511230469,503.71516103182034,494.4565499121785,496.332099600009,9673700
2024-06-12,META,Meta,504.9456481933594,510.07609352042476,500.60909832909755,510.05622720634506,11983200
2024-06-13,META,Meta,500.241943359375,505.4616660517263,497.52289299395886,501.83960690092306,9954600
2024-06-14,META,Meta,500.7982482910156,503.76830117284993,497.41098264470133,499.29830731982713,10243300
2024-06-17,META,Meta,503.2518005371094,507.3443235636685,492.70261945247114,498.324882260735,11266600
2024-06-18,META,Meta,496.1593322753906,502.6259325307895,491.71913754817786,501.19553219490325,13060400
2024-06-20,META,Meta,498.35467529296875,500.31154054069196,493.45752550637565,498.6526627665969,11801200
2024-06-21,META,Meta,491.48077392578125,500.09297514636967,489.1067263628177,500.09297514636967,22359200
2024-06-24,META,Meta,495.583251953125,504.41395731690596,490.9940631467727,495.87132670955725,13525300
2024-06-25,META,Meta,507.19525146484375,507.3045034181857,492.1959343844585,493.7355866348011,12063200
2024-06-26,META,Meta,509.698486328125,510.383887800089,501.3147622286422,503.27162738652333,8882300
2024-06-27,META,Meta,516.0955200195312,519.3933892059828,510.47328813668884,510.8209300507455,10121200
2024-06-28,META,Meta,500.85784912109375,518.4000954188623,500.48037812073636,513.7016545830614,15855100
2024-07-01,META,Meta,501.31475830078125,503.2020829318588,489.8815282371348,501.58297732671764,10328200
2024-07-02,META,Meta,506.10260009765625,507.0959319918616,496.11962668652535,497.42088904280774,7739500
2024-07-03,META,Meta,506.55950927734375,507.8707146142386,502.6457793049679,502.99345152045885,6005600
2024-07-05,META,Meta,536.3099365234375,537.2635572173056,508.188735986393,508.188735986393,21354100
2024-07-08,META,Meta,525.7904663085938,539.190504390823,523.1382870220716,538.733549875278,14917500
2024-07-09,META,Meta,526.4658813476562,533.8959841966067,524.667953121388,530.1908757911539,8753200
2024-07-10,META,Meta,531.1246948242188,535.2867583710278,524.8368862253591,527.2506757341519,10983300
2024-07-11,META,Meta,509.2812805175781,531.8895244068907,504.98013638714235,527.3499903194348,16458300
2024-07-12,META,Meta,495.5434875488281,504.70200901700827,490.93444322689584,494.4409036740209,19750500
2024-07-15,META,Meta,492.8515930175781,503.3014344107721,490.0801883381436,495.3051241917836,12539200
2024-07-16,META,Meta,486.5240478515625,500.58963142634576,482.55072018571695,498.1559561053816,14075800
2024-07-17,META,Meta,458.9094543457031,475.97492164145854,456.05859627292284,475.97492164145854,28076600
2024-07-18,META,Meta,472.677001953125,476.04438141112735,461.4424203212603,471.83266375516723,19267200
2024-07-19,META,Meta,473.6107177734375,483.4645530933458,472.5379023621215,472.885574584568,15149400
2024-07-22,META,Meta,484.1499938964844,488.77892449316187,480.6733320174168,483.3354544094365,12023100
2024-07-23,META,Meta,485.4313659667969,491.9178220255653,484.4678328165319,486.5736915826986,9455500
2024-07-24,META,Meta,458.1942138671875,473.12399173942754,457.5088124022394,469.1606069922724,17649700
2024-07-25,META,Meta,450.3866271972656,460.45899705158166,439.69836609184694,460.1709526223855,18240500
2024-07-26,META,Meta,462.59466552734375,466.6375032130232,456.3565425755035,461.10466771737475,14222400
2024-07-29,META,Meta,462.6046142578125,470.7996028508264,461.9192127867245,466.74682183029705,11339600
2024-07-30,META,Meta,460.10137939453125,469.5777736772628,453.6546654254172,463.8859712962542,11390400
2024-07-31,META,Meta,471.6637878417969,473.3226655061121,463.6376791709923,467.87919560673834,24285800
2024-08-01,META,Meta,494.4210205078125,523.6547716585801,488.8186442383986,517.5259306837595,43083100
2024-08-02,META,Meta,484.8849792480469,497.8082048153056,472.97491084752545,485.73923000978033,24044700
2024-08-05,META,Meta,472.5577697753906,480.25609157805803,447.79398382823655,448.3403345317139,21396200
2024-08-06,META,Meta,490.79534912109375,499.2088714287347,475.4583023384702,475.8059745622405,20955000
2024-08-07,META,Meta,485.6598815917969,506.74829997819876,483.6135898383969,499.77512044060245,20105300
2024-08-08,META,Meta,506.2317810058594,506.5595672205357,491.42119757011926,494.1826592575275,16156800
2024-08-09,META,Meta,514.3173828125,514.8835891668995,502.3278617059284,504.3244378446913,13696600
2024-08-12,META,Meta,512.5097045898438,514.5659092940476,505.70537370217875,513.4136101164537,9767400
2024-08-13,META,Meta,525.0155639648438,527.9558478978068,514.6948927145733,516.5424752985086,13743800
2024-08-14,META,Meta,523.24755859375,530.4392723612109,519.6417586898049,524.5388780300436,11444200
2024-08-15,META,Meta,533.7471313476562,536.1708639926986,523.1880067278528,528.2440329479462,13482100
2024-08-16,META,Meta,523.903076171875,530.1014573197285,521.1614705192093,528.3532441619528,14776700
2024-08-19,META,Meta,525.7507934570312,528.1148678543794,519.2742493741875,523.3568293697928,9879700
2024-08-20,META,Meta,523.2177124023438,527.5486857302659,522.3734045061494,524.8269052919596,7944400
2024-08-21,META,Meta,531.5914916992188,535.8032700316064,523.4163892745524,523.6349538269176,13423300
2024-08-22,META,Meta,528.383056640625,540.6010274942679,525.0653618809546,533.4192569001465,15708300
2024-08-23,META,Meta,524.479248046875,536.2700929585844,521.55884980876,533.3397517008707,11323900
2024-08-26,META,Meta,517.6451416015625,524.479270276633,511.5163004380435,524.081913244852,9584000
2024-08-27,META,Meta,515.6386108398438,520.5159048538387,511.87390443058763,515.5194158515097,6282700
2024-08-28,META,Meta,513.3341064453125,517.615364659823,509.0329621910887,514.2181257900095,9106100
2024-08-29,META,Meta,514.7643432617188,523.6845034804561,512.2413024777621,515.5888255786964,8317400
2024-08-30,META,Meta,517.8338623046875,520.0489730917525,511.7646188064961,517.8735737554629,9157500
2024-09-03,META,Meta,508.34759521484375,521.9860242058709,505.22851817675394,516.1750562434878,12459100
2024-09-04,META,Meta,509.3209533691406,513.1453172957093,500.7087833695343,502.69544703170084,8335200
2024-09-05,META,Meta,513.4135131835938,518.1517257651456,507.74159650154314,508.307802962019,8640900
2024-09-06,META,Meta,496.93414306640625,521.0820696565472,494.9276235238455,518.4000613773472,14744500
2024-09-09,META,Meta,501.4239807128906,507.9203490259209,498.7320296394815,502.78484046365617,11047800
2024-09-10,META,Meta,501.4239807128906,510.75135079158616,496.695711522714,504.7715041147782,9899000
2024-09-11,META,Meta,508.4171142578125,509.69852105105144,492.29535498058914,503.62927696200796,10782500
2024-09-12,META,Meta,522.0952758789062,523.1979204782829,511.7844848502824,513.6022993894097,11970500
2024-09-13,META,Meta,521.1218872070312,524.0621720816487,513.6619533531348,516.8704572987319,10321400
2024-09-16,META,Meta,530.2294311523438,531.0446869851908,514.4402669362904,521.5393768501115,9527600
2024-09-17,META,Meta,533.251953125,538.9988566946421,527.5348463816464,534.5245992433219,11690800
2024-09-18,META,Meta,534.8727416992188,541.0869894169668,530.8459213153205,533.9977707656788,10323500
2024-09-19,META,Meta,555.9017333984375,558.8547755441265,543.393738974814,546.8538127706381,15647000
2024-09-20,META,Meta,558.1388549804688,561.2708601396214,553.1177549056164,556.7966017328396,22066800
2024-09-23,META,Meta,561.1812744140625,570.6965366558616,559.1927153838685,566.2421838477487,12830700
2024-09-24,META,Meta,560.1076049804688,564.5023042983775,551.0198738833946,563.438417728342,12993000
2024-09-25,META,Meta,565.0589599609375,573.5799422527921,560.4951905177006,560.8233197330189,16543400
2024-09-26,META,Meta,564.5917358398438,574.0970460697704,559.1330900425771,572.436555499505,14400800
2024-09-27,META,Meta,564.1144409179688,567.5745750797583,561.2807684246667,566.8387572234752,9398400
2024-09-30,META,Meta,569.1654663085938,571.3926430971433,561.5691549372068,564.452590303178,12792300
2024-10-01,META,Meta,573.1722412109375,579.7046644318758,566.8386860157418,574.6736128791929,15259300
2024-10-02,META,Meta,569.533203125,572.7049569634005,566.0830826003516,571.5714638381036,6524700
2024-10-03,META,Meta,579.436279296875,580.0228702133212,565.4765563823341,566.8884769556879,11581000
2024-10-04,META,Meta,592.5308837890625,593.4356513652355,578.1038796024136,580.3907101459058,14169500
2024-10-07,META,Meta,581.434814453125,599.5008565761534,580.698996622439,594.7978731184487,12014200
2024-10-08,META,Meta,589.4984741210938,590.1646244921006,582.6180152740485,586.3167671153983,7857400
2024-10-09,META,Meta,587.1320190429688,590.9898285010107,578.2829068901802,590.5920924118491,9529700
2024-10-10,META,Meta,580.490234375,586.8535869486327,579.1877306195246,584.2088301034865,7740400
2024-10-11,META,Meta,586.5752563476562,587.82805834101,579.376681824714,581.4845497009563,8587100
2024-10-14,META,Meta,587.0425415039062,596.6671607014488,586.5852117292404,590.8207918278077,8252000
2024-10-15,META,Meta,582.916259765625,587.2313987957768,576.8213215978997,586.7839608852024,9564200
2024-10-16,META,Meta,573.490478515625,578.7502561624128,570.7463179400054,578.074153352245,11268400
2024-10-17,META,Meta,573.6296997070312,581.6236855285798,571.9096154864388,579.9931131702996,8701200
2024-10-18,META,Meta,573.1722412109375,580.6293370312779,571.9592494201094,577.7757598855744,7694300
2024-10-21,META,Meta,571.8698120117188,573.937930513858,565.8544327374575,572.7348910706112,8171900
2024-10-22,META,Meta,578.6806030273438,580.1919272386083,568.8471645216868,571.0047339757137,8544500
2024-10-23,META,Meta,560.4654541015625,581.6535493433651,559.2822589840049,576.6522939692993,14248400
2024-10-24,META,Meta,564.5320434570312,565.6257266322763,558.3078440792799,563.885737507838,7184700
2024-10-25,META,Meta,569.9708251953125,577.9648119564067,568.4495481592674,570.6469280937719,11337900
2024-10-28,META,Meta,574.8526000976562,580.410649118249,570.8357328269512,578.67066002025,10925100
2024-10-29,META,Meta,589.8862915039062,590.2740144668209,572.108565553997,576.8313941446783,13019100
2024-10-30,META,Meta,588.41455078125,597.7608016379978,586.0084115680872,597.5420286080739,26864900
2024-10-31,META,Meta,564.3331298828125,586.525453807229,559.7892656536117,581.6534603775302,26838400
2024-11-01,META,Meta,563.9156494140625,570.3884199876283,559.341987056596,564.3630874174274,15303200
2024-11-04,META,Meta,557.47265625,565.4368452329544,554.6986381254013,560.87307535209,12064600
2024-11-05,META,Meta,569.155517578125,570.1994991189321,563.4284568347056,564.0548578963931,9775400
2024-11-06,META,Meta,568.7776489257812,569.7222267093605,551.9942039542266,559.530860524769,18305400
2024-11-07,META,Meta,588.3153076171875,591.397550397011,571.9196451578358,573.5900277629676,14653700
2024-11-08,META,Meta,585.96875,589.707190216614,581.1763151778936,588.1561165108458,9415700
2024-11-11,META,Meta,579.8340454101562,583.6421534545929,573.2121696554306,583.0057999151439,10209100
2024-11-12,META,Meta,581.474609375,596.2296848177605,577.0600054748132,585.1733003985561,16287700
2024-11-13,META,Meta,576.68212890625,582.2898800347385,571.8797417717248,579.2771839216865,10757600
2024-11-14,META,Meta,573.8583374023438,577.4377800631241,569.7321138322568,573.6992793820006,11053700
2024-11-15,META,Meta,550.9103393554688,569.2945554984724,548.3450815467248,567.9522419153632,17712900
2024-11-18,META,Meta,551.2285766601562,556.6971138862053,546.9432344613651,553.8534284072965,14327300
2024-11-19,META,Meta,557.8803100585938,558.2183311036446,547.4502671516217,548.7030690284671,9522400
2024-11-20,META,Meta,562.284912109375,563.1101203268514,551.0296618909093,559.7097017322158,9797300
2024-11-21,META,Meta,559.8689575195312,566.7394032323083,545.9092323271811,566.2621684175319,11154700
2024-11-22,META,Meta,555.9414672851562,560.6046406773982,551.4175075908335,560.32621328156,9164000
2024-11-25,META,Meta,561.8772583007812,569.3145100236936,553.2071704273792,558.8844673779386,13599800
2024-11-26,META,Meta,570.259033203125,574.1964018053228,561.9667762936829,562.7621877433986,10356600
2024-11-27,META,Meta,565.9439697265625,571.6908743519631,560.8731072719025,571.601423170664,7200200
2024-11-29,META,Meta,571.0346069335938,575.1509386081322,563.6570700717043,565.7450327371056,7130500
2024-12-02,META,Meta,589.4387817382812,591.0992116485587,572.2775064388576,574.196458750282,12522400
2024-12-03,META,Meta,610.1397094726562,610.6865511232141,587.8678218422003,591.5963703951107,14907200
2024-12-04,META,Meta,610.2688598632812,614.2459775975443,601.6384609762498,609.4535434454373,14697000
2024-12-05,META,Meta,605.4467163085938,616.3539959197653,603.5774656613376,613.550119948881,8081200
2024-12-06,META,Meta,620.2018432617188,626.1873655515558,605.0490309451652,606.609996608488,16935500
2024-12-09,META,Meta,610.0601196289062,622.8167434326103,602.7024265777296,620.350888846341,11426000
2024-12-10,META,Meta,615.7772216796875,622.0113739130567,609.234845211511,614.0272799520044,10938900
2024-12-11,META,Meta,629.060791015625,634.7481017123007,617.9746102226054,619.804050647096,10837200
2024-12-12,META,Meta,627.1815795898438,633.0179957315453,623.6221024715439,627.8875399219128,7474700
2024-12-13,META,Meta,616.80126953125,627.469929936179,613.3611012669363,623.6319649076017,8453300
2024-12-16,META,Meta,621.1697387695312,628.0457867533739,615.5376035416824,626.8814975325155,10885600
2024-12-17,META,Meta,616.3932495117188,629.2596452404018,613.5074890422593,623.0901281665253,12897800
2024-12-18,META,Meta,594.2527465820312,624.2743396016706,593.3870305020766,617.9456355913278,17075500
2024-12-19,META,Meta,592.6407470703125,608.512310503509,592.0735432784724,607.3878634532757,14958100
2024-12-20,META,Meta,582.3714599609375,600.143601343373,577.1472819775203,587.6752614717944,48989400
2024-12-23,META,Meta,596.899658203125,598.1336103729398,583.3665730831542,586.7000720639313,10205800
2024-12-24,META,Meta,604.7608032226562,604.9996130735921,596.3324917694366,599.7555139461255,4726100
2024-12-26,META,Meta,600.3824462890625,603.3179490935831,595.994163249834,602.5019749107529,6081400
2024-12-27,META,Meta,596.85986328125,598.8898077827639,586.8990872280444,596.4618063664631,8084200
2024-12-30,META,Meta,588.3319091796875,594.0038852291777,582.6997752560201,585.8541662451341,7025900
2024-12-31,META,Meta,582.6301879882812,591.048538740922,580.9783186606066,589.3569487521584,6019500
2025-01-02,META,Meta,596.292724609375,601.9348206194616,584.9289090505599,586.8195277648132,12682300
2025-01-03,META,Meta,601.6561279296875,606.5021699414652,593.4765264756181,601.7854933825649,11436800
2025-01-06,META,Meta,627.1004028320312,627.8864953892827,602.641281410124,608.8207596792694,14560800
2025-01-07,META,Meta,614.8509521484375,628.9910220723464,605.2384303850833,628.5930258941997,12071500
2025-01-08,META,Meta,607.7161254882812,613.4080230721381,599.82513672869,610.382997271492,10085800
2025-01-10,META,Meta,612.8309326171875,626.811816790901,594.4020628949343,607.0296506844576,19256600
2025-01-13,META,Meta,605.3380126953125,605.9748187670136,595.5066015316934,604.1140210154849,10785000
2025-01-14,META,Meta,591.3271484375,602.5118541569082,585.6551720564437,602.093936955974,13598000
2025-01-15,META,Meta,614.084716796875,619.3984789584875,603.5169556717734,607.2087300599234,15524300
2025-01-16,META,Meta,608.2933959960938,613.2190622741323,606.7112501958828,608.4924244716136,8355300
2025-01-17,META,Meta,609.7561645507812,621.8961113451103,600.7008856525179,620.9806532892833,17280600
2025-01-21,META,Meta,613.4280395507812,618.443229069153,606.0146693079478,614.7912965163201,11674000
2025-01-22,META,Meta,620.433349609375,630.5831936184607,616.3833603918935,620.2343211513619,12274000
2025-01-23,META,Meta,633.3196411132812,633.468866899262,618.0949061109532,624.2743234364817,9910200
2025-01-24,META,Meta,644.305419921875,648.7932479651176,631.0808064099955,633.2699982280365,19065300
2025-01-27,META,Meta,656.6343994140625,660.6047649681485,622.0254349357211,623.5280177511174,28399200
2025-01-28,META,Meta,671.013427734375,679.2228513674787,656.2264682196907,662.7243805632816,20950100
2025-01-29,META,Meta,673.1627197265625,677.7002892439266,662.3959298804792,671.6800579089199,21377800
2025-01-30,META,Meta,683.62109375,707.2940643458387,672.7746794678412,693.3928028440545,29322900
2025-01-31,META,Meta,685.7903442382812,701.8310551092019,682.2080746968453,687.6014000766061,19303900
2025-02-03,META,Meta,694.029541015625,700.5373519375069,671.9287597951726,672.5854868392348,21415700
2025-02-04,META,Meta,700.7265014648438,704.2292080677055,688.2083581609453,699.0448111623289,13826300
2025-02-05,META,Meta,701.4031982421875,714.6079511816394,695.5720343457091,700.0896831751202,17778200
2025-02-06,META,Meta,708.4880981445312,715.3641456188349,700.0398655613205,702.4081644926629,13080700
2025-02-07,META,Meta,711.005615234375,721.4440099000519,708.249220189881,713.2743693522815,16427100
2025-02-10,META,Meta,713.8715209960938,717.652818700605,707.8313687608933,715.0257888589608,12904300
2025-02-11,META,Meta,716.2596435546875,720.1006435254067,706.5476385055467,709.8115349418778,12998000
2025-02-12,META,Meta,721.812255859375,723.523766963731,709.0950845634602,711.7818168815365,12016500
2025-02-13,META,Meta,724.9766845703125,725.4145229257568,714.5084061760308,717.9713316181679,12569100
2025-02-14,META,Meta,733.0467529296875,737.2658892402018,722.0511132817282,722.5685751543255,16901200
2025-02-18,META,Meta,712.8465576171875,733.3750946365709,702.9654052178096,732.3800130970368,21938700
2025-02-19,META,Meta,700.30859375,703.5226878675882,691.9698051227019,700.6369269472729,17535500
2025-02-20,META,Meta,691.4224243164062,702.1593313419692,690.2283144244507,693.8504254939003,12587400
2025-02-21,META,Meta,680.1880493164062,700.4081157208864,679.0038997241937,693.1539923611765,15660400
2025-02-24,META,Meta,664.8438110351562,683.8896856241412,659.1917553729045,682.9045646514273,15677000
2025-02-25,META,Meta,654.26611328125,664.7144694629277,638.703023401866,662.6944247816905,20579700
2025-02-26,META,Meta,670.3864135742188,679.650619839028,654.7636219966097,656.4055307530449,14488700
2025-02-27,META,Meta,655.00244140625,685.2629040436697,654.3357538023921,679.0933865536915,12500000
2025-02-28,META,Meta,664.9134521484375,666.3364113660828,639.4393300085176,654.8033903750937,17534200
2025-03-03,META,Meta,651.8281860351562,677.8993359462462,647.6389313945824,670.3665609910959,10843800
2025-03-04,META,Meta,636.8521728515625,646.554217672348,620.5826142922276,642.3350817447994,21495200
2025-03-05,META,Meta,653.2412109375,656.2563374404635,634.5237278365647,637.8473272165841,13770000
2025-03-06,META,Meta,624.841552734375,647.3602531536812,621.040333910999,644.812846805576,13446500
2025-03-07,META,Meta,622.5827026367188,631.6678021460568,597.6559216844704,622.294150848658,21375700
2025-03-10,META,Meta,595.048828125,607.109212093194,583.9835257431913,605.0792675215534,21999900
2025-03-11,META,Meta,602.7308959960938,611.9055191678449,590.4117809661785,592.1232921602733,17401500
2025-03-12,META,Meta,616.5128173828125,630.2151118661235,606.3530113322171,626.8019889135747,15747000
2025-03-13,META,Meta,587.7349853515625,617.4481060645986,583.6252936627146,617.1993356753703,16480300
2025-03-14,META,Meta,605.1494140625,606.4043419789234,592.381172955088,600.3687854957838,12364500
2025-03-17,META,Meta,602.4603881835938,610.6272679434014,595.5881924170304,605.01006095703,15473900
2025-03-18,META,Meta,580.01123046875,597.8290917063831,572.34227369431,597.6298861819188,20297700
2025-03-19,META,Meta,581.7044067382812,589.9311027976759,572.4518964146898,581.9235510596104,20537500
2025-03-20,META,Meta,583.6365356445312,607.7389439842362,577.172720940167,580.4096129893901,24336500
2025-03-21,META,Meta,593.84521484375,595.1299901540924,578.6069346961235,581.0669435562578,25015900
2025-03-24,META,Meta,616.3540649414062,620.0291850741187,609.7309218178737,612.4897086743648,15741300
2025-03-25,META,Meta,623.7840576171875,631.3235347184631,618.6747423038911,624.2322549021957,15312500
2025-03-26,META,Meta,608.5158081054688,624.2222248223229,604.163437823038,622.3697410659778,12609800
2025-03-27,META,Meta,600.1497192382812,611.7726353131792,597.67968012305,599.5720414465346,10436500
2025-03-28,META,Meta,574.4138793945312,599.3230186538527,571.605245739065,597.8888240380612,17602800
2025-03-31,META,Meta,574.0354614257812,576.3660506926756,551.0684674021583,561.2273418254761,21124700
2025-04-01,META,Meta,583.6365356445312,587.5307390242879,567.70106709451,568.537705940541,12836600
2025-04-02,META,Meta,581.5748901367188,590.2696609066593,571.0475136953103,572.5912500878843,13470800
2025-04-03,META,Meta,529.4758911132812,550.3314393515183,528.1612075786397,544.016982785148,34777500
2025-04-04,META,Meta,502.6943664550781,515.9108358048159,492.2068365877987,504.5767280238223,38589800
2025-04-07,META,Meta,514.1678466796875,537.1945936136326,479.9563819403582,483.14348777248983,36606100
2025-04-08,META,Meta,508.3912658691406,545.2220987278512,500.83185110030036,541.0589647931961,28034200
2025-04-09,META,Meta,583.4075317382812,585.5189766353849,500.0849095170737,507.21603593950647,39216600
2025-04-10,META,Meta,544.0867919921875,578.9556064811119,533.1411243593333,573.1690406272908,28173500
2025-04-11,META,Meta,541.3777465820312,545.1923169106578,526.4581815568449,533.3502556297472,17642300
2025-04-14,META,Meta,529.3364868164062,555.5204964254532,526.1494412576809,553.926912857093,14130900
2025-04-15,META,Meta,519.4166259765625,535.7703838427552,515.4128199804695,529.9638803667925,15558700
2025-04-16,META,Meta,500.28411865234375,511.2995098605443,493.6310672206579,506.4591254364096,18735100
2025-04-17,META,Meta,499.45745849609375,505.25396236597624,496.0014523688267,503.21224251554713,14593500
2025-04-21,META,Meta,482.705322265625,491.50966603004946,477.8649073178194,489.34840447960073,16166000
2025-04-22,META,Meta,498.2623291015625,504.8357168469179,484.3984562132767,489.8862436640875,17399400
2025-04-23,META,Meta,518.171630859375,533.1808567980303,514.4367556161823,526.3983257879518,18173900
2025-04-24,META,Meta,530.999755859375,531.7467310045646,515.4128501808216,516.6378699664548,13910000
2025-04-25,META,Meta,545.0628051757812,547.6423253119987,534.0872308807745,544.5946691393716,17098900
2025-04-28,META,Meta,547.5228271484375,556.2375374162976,538.409766598872,553.3990561017924,15179000
2025-04-29,META,Meta,552.2039184570312,554.3253329246786,541.9255322333729,543.7979549633997,11835000
2025-04-30,META,Meta,546.7858276367188,546.8854000110363,527.3644731031741,536.2286028212618,29244000
2025-05-01,META,Meta,569.9022216796875,590.5585647326062,568.1990964565776,589.6920784232152,31159000
2025-05-02,META,Meta,594.6122436523438,601.9027294588711,575.9976178073379,581.1069334308099,24739300
2025-05-05,META,Meta,596.8531494140625,600.7772617327329,585.6783683283057,588.8355666226496,13887700
2025-05-06,META,Meta,584.9413452148438,593.6262086030198,584.2143087960085,590.1403242884969,10600700
2025-05-07,META,Meta,594.4029541015625,600.6476855016655,584.3038359796805,587.9789559689339,13139100
2025-05-08,META,Meta,595.59814453125,608.8345220578558,594.2137360230962,603.8447184228645,14622800
2025-05-09,META,Meta,590.1004638671875,604.5220462267766,589.3236412362096,601.2851535548689,10427300
2025-05-12,META,Meta,636.8510131835938,637.8071631499196,618.5252614130806,628.3753263945498,21965100
2025-05-13,META,Meta,653.3841552734375,658.254386921773,640.2373808266427,642.9364120582926,18570800
2025-05-14,META,Meta,656.70068359375,659.9973314154452,651.671063189936,658.5432587283299,12348200
2025-05-15,META,Meta,641.2831420898438,654.6589696292252,636.0045299274248,651.6412216753015,14341800
2025-05-16,META,Meta,637.7573852539062,637.8569576148437,623.6246144224174,635.3869794893193,18519000
2025-05-19,META,Meta,637.8470458984375,640.4066880114517,625.2679796518272,625.7161768945482,9592400
2025-05-20,META,Meta,634.530517578125,636.7714432087338,629.7100715967877,633.4449476478025,6743500
2025-05-21,META,Meta,632.9369506835938,644.0021281038256,627.6284302053292,629.2418916838421,11464600
2025-05-22,META,Meta,634.0026245117188,640.6556757699244,628.1662733645643,631.492768599171,8228400
2025-05-23,META,Meta,624.531005859375,629.8992820739184,620.1388185495641,621.4833495575277,8454100
2025-05-27,META,Meta,639.7294311523438,640.4863756807556,630.1980211513535,632.8472662118028,9508400
2025-05-28,META,Meta,640.9843139648438,648.254859263292,639.9584390080566,640.0082251890005,9042900
2025-05-29,META,Meta,642.4484252929688,650.6850908623647,636.9208212538034,649.0218431897822,8858800
2025-05-30,META,Meta,644.8786010742188,646.790840509364,630.227966818394,639.9087359485001,16241000
2025-06-02,META,Meta,668.1942138671875,670.5446811489596,641.6616412070963,641.791121766507,15766300
2025-06-03,META,Meta,664.1604614257812,672.8552932556931,662.3478552754221,668.7419453527419,11585000
2025-06-04,META,Meta,685.1753540039062,686.2211069583093,665.8735130698844,666.6204881500277,14031900
2025-06-05,META,Meta,681.8588256835938,691.5794719470881,679.4983890924821,688.8704104821669,13083100
2025-06-06,META,Meta,694.89599609375,699.9754022986715,689.0795234172199,693.3621683649559,11728000
2025-06-09,META,Meta,691.2607421875,702.3458579741853,691.1412310298801,695.6430205968694,12773200
2025-06-10,META,Meta,699.567138671875,700.3937473880201,688.7708312874433,698.5213248498013,10850100
2025-06-11,META,Meta,691.3403930664062,706.0109642368116,689.199040180601,700.871802415462,9582500
2025-06-12,META,Meta,690.5635375976562,692.575410020333,684.2292032313352,690.5037820202001,7322700
2025-06-13,META,Meta,680.1159057617188,691.768730540237,678.2634219344503,685.1754345871889,9274400
2025-06-16,META,Meta,699.8262939453125,704.839891030923,691.2444358848513,697.0454302800655,13720300
2025-06-17,META,Meta,694.9523315429688,703.6637707541142,693.7861706289875,699.7067687984049,10066100
2025-06-18,META,Meta,693.4970703125,699.2980647722242,692.6299173050131,695.8991705300261,10068300
2025-06-20,META,Meta,680.120849609375,699.5272759324512,676.4528788689065,698.4607641474819,22538600
2025-06-23,META,Meta,696.248046875,696.7663067524254,676.5326356722177,681.4564999402276,11080100
2025-06-24,META,Meta,709.8734130859375,710.860169242287,699.8163481052391,702.5872956643889,13823200
2025-06-25,META,Meta,706.3648681640625,714.2390846812559,703.0756608117819,710.9897247556078,9320400
2025-06-26,META,Meta,723.718017578125,725.84100327131,708.7271116959034,712.0262960706955,13964800
2025-06-27,META,Meta,731.2333984375,733.0275060697373,723.4887618360168,724.1466398304902,18775700
2025-06-30,META,Meta,735.6788940429688,745.4568450948445,731.8514114766995,742.1177521024767,15402100
2025-07-01,META,Meta,716.8704223632812,735.3399177465482,713.0330238804761,734.4727647300622,13431200
2025-07-02,META,Meta,711.2388916015625,717.946886332231,710.4713875973353,712.9931517050737,9336700
2025-07-03,META,Meta,716.6611328125,726.6484187341657,712.0861007528597,724.23628063908,8601700
2025-07-07,META,Meta,716.0032348632812,724.6250009558648,711.1790804792781,715.2556849998467,9457100
2025-07-08,META,Meta,718.3157348632812,720.5484076114845,712.4748926138262,719.2128191233631,7770700
2025-07-09,META,Meta,730.3861694335938,735.1206520424314,720.3589752323313,720.3589752323313,11418000
2025-07-10,META,Meta,724.8642578125,733.3962917497249,717.2492014044612,729.1601755610233,9913600
2025-07-11,META,Meta,715.1660766601562,722.791049443565,707.3815924903404,720.1397657932962,10873900
2025-07-14,META,Meta,718.5648193359375,725.6217068153527,714.2091004956787,715.2556580979717,8939400
2025-07-15,META,Meta,708.0692749023438,722.1032338104419,707.5011297082585,721.5351494521201,11529500
2025-07-16,META,Meta,700.6136474609375,711.6375132851348,696.985585155631,711.0394977501286,13067600
2025-07-17,META,Meta,699.1185913085938,703.5939743779064,694.8326508122145,702.0888975460598,11803300
2025-07-18,META,Meta,701.9793090820312,702.4078970710398,689.3905635084973,699.896109861645,12779800
2025-07-21,META,Meta,710.6408081054688,714.6576719200774,703.4544009949688,704.4909815749821,9404400
2025-07-22,META,Meta,702.5075073242188,714.258969568067,699.1185901916039,713.8503357336546,8921100
2025-07-23,META,Meta,711.2489013671875,712.2954590710364,702.6271347622425,704.062433018762,8771600
2025-07-24,META,Meta,712.4649047851562,721.256099225235,711.6675303636672,714.7075545657141,10920800
2025-07-25,META,Meta,710.3517456054688,718.2957401275581,709.5743254141869,714.5778842585692,8271700
2025-07-28,META,Meta,715.28564453125,722.3724029167645,710.3518030699777,712.8635901780652,8715700
2025-07-29,META,Meta,697.7132568359375,722.1032896273051,697.6235240780348,717.6479213169642,13267000
2025-07-30,META,Meta,692.9389038085938,706.1854660197899,688.9419939778502,705.7768321791035,27077300
2025-07-31,META,Meta,770.913330078125,782.1863801577031,763.0092430876867,772.667590247117,38831100
2025-08-01,META,Meta,747.5598754882812,763.497629588928,742.8752172910131,758.2448261685668,19028700
2025-08-04,META,Meta,773.8338012695312,774.3122137700193,755.9324499017634,757.5172825632864,15801700
2025-08-05,META,Meta,760.9659423828125,780.571667176634,760.507423214992,773.913496774336,11640300
2025-08-06,META,Meta,769.468017578125,771.1126516160077,757.9757159507556,767.4845283360178,9733900
2025-08-07,META,Meta,759.3412475585938,772.4682063669705,757.0686667309535,770.9631295472946,9019700
2025-08-08,META,Meta,766.786865234375,767.3849416766147,756.101914160301,760.2582747146965,7320800
2025-08-11,META,Meta,763.3681030273438,770.9333352985195,762.1720109386977,767.5643719861222,7612000
2025-08-12,META,Meta,787.419189453125,791.077183084039,769.9065806861354,770.4747258826147,14563100
2025-08-13,META,Meta,777.5316162109375,792.8613769942957,775.6876233736197,788.5654595317508,8811800
2025-08-14,META,Meta,779.5748901367188,785.2363270315518,769.986322264654,775.3387743217048,8116200
2025-08-15,META,Meta,782.664794921875,793.6488143059948,778.269228256533,781.5883668624648,13375400
2025-08-18,META,Meta,764.8631591796875,773.2755899130946,754.0884756033142,772.5579712024165,16513700
2025-08-19,META,Meta,749.0250244140625,764.6637703117248,746.9119549568848,764.613945820292,12286700
2025-08-20,META,Meta,745.2772827148438,747.7492222984731,728.6119336256934,745.1278092436016,11898200
2025-08-21,META,Meta,736.6854858398438,743.0646026719377,730.7150636889187,742.2772053426181,8876300
2025-08-22,META,Meta,752.32421875,754.4273720053774,731.9908982789533,736.81505282597,10612700
2025-08-25,META,Meta,750.8390502929688,756.40083816002,747.679423323267,752.3541041091971,6861200
2025-08-26,META,Meta,751.636474609375,752.4039786334924,745.4966249237331,748.3472672479323,7601800
2025-08-27,META,Meta,744.9384765625,751.6863799088018,740.4133296583533,749.8423869559551,8315400
2025-08-28,META,Meta,748.6563110351562,750.5899760103364,738.3799934657852,741.5695520935569,7468000
2025-08-29,META,Meta,736.2868041992188,744.6992345800578,732.9477115811937,742.8453254860702,9070500
2025-09-02,META,Meta,732.7084350585938,733.5955420945892,719.3721416683287,723.6680587816751,9350900
2025-09-03,META,Meta,734.6421508789062,737.8317091036498,731.5921498947655,733.5955932459119,7699300
2025-09-04,META,Meta,746.204345703125,758.6734271200463,743.3835736708148,746.1245900119145,11439100
2025-09-05,META,Meta,749.9918823242188,755.4739147328357,742.596139272426,750.1613099282893,9663400
2025-09-08,META,Meta,749.8423461914062,764.0059463353695,749.5632925404257,753.5302710608411,13087800
2025-09-09,META,Meta,763.1985473632812,763.7965628893893,750.9686127504068,755.0153467057662,10999000
2025-09-10,META,Meta,749.5233764648438,763.1985869501963,748.5465974429485,762.6304417530438,12478300
2025-09-11,META,Meta,748.447021484375,754.6267189634892,745.9252571616319,752.184771170502,7923300
2025-09-12,META,Meta,753.1216430664062,755.095155276553,741.330272625368,746.2840072815898,8248600
2025-09-15,META,Meta,762.2018432617188,771.5412279036273,749.5333431691193,754.9954213012545,10533800
2025-09-16,META,Meta,776.4551391601562,778.8074148399552,762.6005237676653,764.494341124313,11782500
2025-09-17,META,Meta,773.1858520507812,780.7311297077449,763.8066193659058,777.4419223006557,9400900
2025-09-18,META,Meta,777.7011108398438,786.203274581819,770.8336042127465,778.1994774600552,10955000
2025-09-19,META,Meta,775.837158203125,788.2165669565625,766.6771780735046,783.8508708699721,23696800
2025-09-22,META,Meta,763.1751098632812,783.6917575585782,762.4868973227559,779.8218176027002,11706900
2025-09-23,META,Meta,753.4404296875,768.6009504341728,749.1216451610411,767.254476840496,10872600
2025-09-24,META,Meta,758.686767578125,759.1356124217834,750.5779133776451,755.5349916265823,8828200
2025-09-25,META,Meta,746.9672241210938,754.8068807440363,742.6185490172081,751.4954858581857,10591100
2025-09-26,META,Meta,741.8206787109375,749.9794521140951,735.4372562509625,748.0544659269957,9696300
2025-09-29,META,Meta,741.4715576171875,748.8324179023273,737.2325826153279,746.777703342028,9246800
2025-09-30,META,Meta,732.4749755859375,741.0426584785586,724.4159185837501,740.3245554260684,16226800
2025-10-01,META,Meta,715.4791259765625,719.9773751402398,708.357633728991,719.6183236513255,20419600
2025-10-02,META,Meta,725.1639404296875,725.8821043267139,716.2770807321521,720.7055653205383,11415300
2025-10-03,META,Meta,708.7167358398438,729.1037149276121,708.3377167266436,727.7372737109582,16154300
2025-10-06,META,Meta,713.8035278320312,715.0203947681905,688.718804278428,703.3607165744016,21654700
2025-10-07,META,Meta,711.230224609375,716.636147605649,703.9192222306009,715.8581417735932,12062900
2025-10-08,META,Meta,715.9779052734375,717.7832075860277,705.9738944950672,711.599278595462,10790600
2025-10-09,META,Meta,731.6072387695312,731.6072387695312,710.5918883665408,716.4167658258609,12717200
2025-10-10,META,Meta,703.4703979492188,733.3626856542741,702.6824691715568,729.0239332852144,16980100
2025-10-13,META,Meta,713.8433837890625,718.072374881022,705.8042950194317,711.1603595995662,9251800
2025-10-14,META,Meta,706.8117065429688,713.6937706407739,697.5158763660478,705.9439682909708,8829800
2025-10-15,META,Meta,715.6885986328125,722.0221626881838,707.6694770310874,715.1998794771447,10246800
2025-10-16,META,Meta,710.2228393554688,723.6080097298942,702.0540824517458,715.6886043056783,9017000
2025-10-17,META,Meta,715.0602416992188,716.6760344343375,704.2882698394852,705.2458014471516,12232400
2025-10-20,META,Meta,730.2706909179688,731.8665769499745,718.3118034233538,719.3191931642514,8900200
2025-10-21,META,Meta,731.3678588867188,736.5842723709278,726.8595646449745,734.110725168398,7647300
2025-10-22,META,Meta,731.5074462890625,738.6787972623451,722.1518348008319,731.9264006052239,8734500
2025-10-23,META,Meta,732.095947265625,740.4841042897723,731.1982575844598,732.7941435868839,9856000
2025-10-24,META,Meta,736.444580078125,739.2872233202683,729.2533227506186,734.8786455644157,9151300
2025-10-27,META,Meta,748.872314453125,753.7895182960361,746.069606274355,747.7851152228061,11321100
2025-10-28,META,Meta,749.49072265625,756.4326899204912,743.5860965317024,750.6776381609803,12193800
2025-10-29,META,Meta,749.7200927734375,757.1906533932021,740.5838813084906,752.7921200604676,26818600
2025-10-30,META,Meta,664.7410888671875,679.1935516668058,648.4833846789722,667.414190282622,88440100
2025-10-31,META,Meta,646.6680908203125,673.1392823636344,643.8953340746643,672.7602632515434,56953200
2025-11-03,META,Meta,636.0557250976562,657.619635334369,634.5296648817072,654.298256711345,33003600
2025-11-04,META,Meta,625.6926879882812,640.0752642850032,624.3860886703497,626.410791028598,27356600
2025-11-05,META,Meta,634.30029296875,640.5639703518489,624.9146693781357,630.6697208898194,20219900
2025-11-06,META,Meta,617.3344116210938,634.3501538797125,616.3968476378337,634.2005186436334,23628800
2025-11-07,META,Meta,620.0972290039062,620.5161224262619,599.640424749484,614.8907386759073,29946800
2025-11-10,META,Meta,630.1212158203125,633.3528014765299,616.5065997528014,629.4529708548182,19245000
2025-11-11,META,Meta,625.4533081054688,627.9268552540688,617.7832543081277,626.3709044869131,13302200
2025-11-12,META,Meta,607.43017578125,627.3583261459861,606.1934022078184,626.5005716840028,24493300
2025-11-13,META,Meta,608.3079223632812,616.0478021853295,601.4357808374693,611.4796659420805,20973800
2025-11-14,META,Meta,607.8790283203125,612.088052043071,593.6560102918138,600.2288811530552,20724100
2025-11-17,META,Meta,600.4483642578125,610.1032465254069,593.855525554584,607.4600964135232,16501300
2025-11-18,META,Meta,596.1395874023438,602.0940719298206,582.2656968950795,590.065358149623,25500600
2025-11-19,META,Meta,588.7886352539062,593.7856483585136,579.7421567881397,592.1797786556917,24744700
2025-11-20,META,Meta,587.6217041015625,605.1460720070379,581.8367012414765,601.9344542639864,20603000
2025-11-21,META,Meta,592.70849609375,596.5684523172222,580.3506215479276,586.9734117815261,21052600
2025-11-24,META,Meta,611.4596557617188,615.1002115339802,596.0796743085915,597.1668126146857,23554900
2025-11-25,META,Meta,634.569580078125,635.3974440566444,616.696082618217,622.3813086708644,25213000
2025-11-26,META,Meta,631.9663696289062,636.7040478933542,629.9915253276793,636.0358029520913,15209500
2025-11-28,META,Meta,646.2691650390625,646.3688812783262,633.8514494094911,634.4299618769652,11033200
2025-12-01,META,Meta,639.20751953125,643.6459879981971,636.1056017671217,637.8909364271796,13029900
2025-12-02,META,Meta,645.42138671875,646.1894088056151,636.414842355605,640.6737853801045,11640900
2025-12-03,META,Meta,637.9408569335938,647.1668624868771,635.8961867971512,642.7383773862279,11134300
2025-12-04,META,Meta,659.81396484375,674.3461154685141,658.3377626918029,674.2463992276428,29874600
2025-12-05,META,Meta,671.673095703125,672.9398207362489,660.6717397649775,662.2775487290173,21207900
2025-12-08,META,Meta,665.0702514648438,674.9545781663558,663.344758713728,667.603701448277,13161000
2025-12-09,META,Meta,655.2557983398438,662.7562492699393,651.6451938720459,662.0481300460407,12997100
2025-12-10,META,Meta,648.4434814453125,652.8121240146866,641.730959438269,648.2639556943986,16910900
2025-12-11,META,Meta,651.016845703125,653.5801862453618,639.1377070000864,641.6212380225077,13056700
2025-12-12,META,Meta,642.5587768554688,709.1555875928369,636.9533606253732,648.1143349664432,14016900
2025-12-15,META,Meta,646.3570556640625,651.8372704406642,637.5627451568915,644.5502809809109,15549100
2025-12-16,META,Meta,655.9798583984375,661.3602142938313,642.054686531657,642.3541401459643,14309100
2025-12-17,META,Meta,648.343505859375,660.0526000253047,648.0440522221027,654.4426118233187,15598500
2025-12-18,META,Meta,663.2669067382812,669.366012780715,655.2911433094866,655.8601356908653,20260300
2025-12-19,META,Meta,657.5969848632812,669.8051880946751,657.0080086354003,665.2333263832898,49977100
2025-12-22,META,Meta,660.3220825195312,672.380589007267,655.4807431709672,660.4718397886508,15659400
2025-12-23,META,Meta,663.7559814453125,664.8140915262984,657.0778915122911,658.8746741689592,8486800
2025-12-24,META,Meta,666.3613891601562,666.9902722948509,661.0209394131572,661.3503688947783,5627500
2025-12-26,META,Meta,662.10888671875,667.7588423243637,660.1424238558649,666.8704124858896,7133800
2025-12-29,META,Meta,657.5171508789062,659.0743707339258,653.2248195668056,656.8383689858442,8506500
2025-12-30,META,Meta,664.7642211914062,671.0230153954109,656.6686764849229,657.5171386037911,9187500
2025-12-31,META,Meta,658.9146728515625,663.8159033150052,658.2658058687088,663.5663484641349,7940400
2026-01-02,META,Meta,649.2518920898438,663.2070415689074,642.3542224297569,661.5499631466852,13726500
2026-01-05,META,Meta,657.616943359375,663.3567049684374,646.5966230035071,649.8508280292294,12213700
2026-01-06,META,Meta,659.4437255859375,664.3350252422523,650.7392812609531,658.3956073528642,11074400
2026-01-07,META,Meta,647.5349731445312,657.9763704555172,643.6618768302103,654.4726104611178,12846300
2026-01-08,META,Meta,644.9096069335938,645.9477331499952,634.5879917891143,644.7299347572825,11921700
2026-01-09,META,Meta,651.8970947265625,653.7837438291153,641.7052537227476,644.2906685217797,11634900
2026-01-12,META,Meta,640.826904296875,652.8055375702352,640.0882316599212,651.3681600668523,14797200
2026-01-13,META,Meta,629.96630859375,641.1263941859123,622.9887038024194,641.1263941859123,18030400
2026-01-14,META,Meta,614.4240112304688,627.3309804807691,613.7252454803604,625.3844405077801,15527900
2026-01-15,META,Meta,619.694580078125,623.0585745209008,613.1362714280776,617.378703801015,13076100
2026-01-16,META,Meta,619.1455688476562,627.9598630097294,618.9758886129073,623.0685636897582,17012500
2026-01-20,META,Meta,603.0443115234375,610.3113781504126,598.9316523845154,606.7976262932837,15169600
2026-01-21,META,Meta,611.8685913085938,617.169133937088,599.0115204374271,605.659634898437,14494700
2026-01-22,META,Meta,646.476806640625,659.3937675491238,625.4343255489129,628.2293275614567,21394700
2026-01-23,META,Meta,657.5870361328125,665.3032527677875,643.3025186421843,643.6219561683764,22797700
2026-01-26,META,Meta,671.1627807617188,674.0776252750454,660.1124846991261,663.9456740004919,16327400
2026-01-27,META,Meta,671.7716674804688,675.6148486525956,663.4764668627315,673.3888389297905,13297400
2026-01-28,META,Meta,667.5392456054688,676.4733214975852,664.9139236867763,673.2989910894674,25709600
2026-01-29,META,Meta,736.995361328125,742.6752321400184,711.2812198864386,736.1169233837337,59852900
2026-01-30,META,Meta,715.2241821289062,730.8662626744616,712.3193905555435,726.2045952530067,23744600
2026-02-02,META,Meta,705.152099609375,720.0156002559207,702.2672920108814,713.3275184694113,14365200
2026-02-03,META,Meta,690.4683227539062,715.7232596178901,685.1877035052055,706.1104025957663,13760700
2026-02-04,META,Meta,667.7987670898438,687.603466213174,666.2715231343633,686.5053883494637,16882800
2026-02-05,META,Meta,669.0166015625,680.2864759062725,652.3363345630947,662.3984025060512,17131800
2026-02-06,META,Meta,660.2822265625,670.7934451675868,645.3488423980709,664.3050190645899,18159300
2026-02-09,META,Meta,676.0140991210938,682.0932819515241,657.6069922476072,661.9991209626965,14837500
2026-02-10,META,Meta,669.5256958007812,679.4380681924739,668.597359057372,676.3934502400131,10455800
2026-02-11,META,Meta,667.4993286132812,678.0605068549233,655.9299390360635,672.7998711552045,14323800
2026-02-12,META,Meta,648.6529541015625,674.7963229561075,644.1310518439949,668.7770306530766,14960100
2026-02-13,META,Meta,638.630859375,650.2700710327099,633.4401061931457,643.9513250294082,12336400
2026-02-17,META,Meta,638.151611328125,641.4557148619026,627.6803003409905,638.3612593202278,12674700
2026-02-18,META,Meta,642.0746459960938,643.8515057528024,627.0315334227189,632.67143641335,14649200
2026-02-19,META,Meta,643.6318969726562,646.0375787806976,635.5861905818066,637.432932921519,10035700
2026-02-20,META,Meta,654.4924926757812,662.1688021543367,637.6426055733327,638.5509584025834,14183500
2026-02-23,META,Meta,636.1152954101562,656.5288937722072,634.8675211939732,651.3780476889771,8605900
2026-02-24,META,Meta,638.16162109375,639.9683956881865,627.8599900449855,631.9527259539814,10135600
2026-02-25,META,Meta,652.5260620117188,652.7157261405878,640.9966397738364,641.3859599741169,11330700
2026-02-26,META,Meta,655.8401489257812,659.823034651462,646.3470725216666,649.3916295582877,10637700
2026-02-27,META,Meta,647.02587890625,648.2836451675449,636.983793627941,642.3043203814821,15703000
2026-03-02,META,Meta,652.396240234375,658.764884603327,633.3701817354564,636.0254184162494,9816100
2026-03-03,META,Meta,653.91357421875,657.866484005116,637.7025010942567,647.1356255764312,12263800
2026-03-04,META,Meta,666.541015625,671.5720803574089,656.4989309709863,656.788453587829,10810100
2026-03-05,META,Meta,659.393798828125,669.5057662619517,649.1520579976961,660.751362594833,13341400
2026-03-06,META,Meta,643.7117309570312,648.3135076492586,634.9773114336934,646.7463568472266,13159400
2026-03-09,META,Meta,646.2373046875,646.596649067328,625.6640164348609,633.6497720389343,13489700
2026-03-10,META,Meta,652.9053344726562,659.1242214972237,647.8443550809549,652.3962328583322,9859300
2026-03-11,META,Meta,653.6939086914062,657.9463328691638,647.2054829186618,653.5941111270305,8977200
2026-03-12,META,Meta,637.0436401367188,652.336368433984,635.7659510050273,647.5948263527883,11617500
2026-03-13,META,Meta,612.6171875,628.0496188589474,608.4645611002024,622.7790526456299,18957600
2026-03-16,META,Meta,626.8690185546875,634.1622468505053,622.5230098937741,631.4147932406764,15134900
2026-03-17,META,Meta,622.0834350585938,635.9605885584036,621.1243629754691,627.4085169382369,10348800
2026-03-18,META,Meta,615.1099243164062,622.0735023862151,614.04090772979,615.769347359454,11726300
2026-03-19,META,Meta,606.1382446289062,612.4323990135786,601.7023533616688,611.5832104537112,13247700
2026-03-20,META,Meta,593.1102905273438,603.400802317344,586.7062525156723,602.9712077810872,21214900
2026-03-23,META,Meta,603.5006713867188,608.0764476338709,598.4553596033379,605.2290499891692,13638000
2026-03-24,META,Meta,592.3709716796875,600.443507118967,590.4527665679026,598.5452420228083,10739700
2026-03-25,META,Meta,594.3391723632812,603.1110107561809,592.850561795072,598.1855830392399,12585000
2026-03-26,META,Meta,547.032958984375,582.460145169462,542.8468364624507,581.9506076701073,35780100
2026-03-27,META,Meta,525.233154296875,543.0966023049141,519.7782492802263,539.599843303006,30133000
2026-03-30,META,Meta,535.8833618164062,539.0504095872608,528.0505941707193,535.8833618164062,22795200
2026-03-31,META,Meta,571.6002197265625,573.1587727471259,546.2637174010383,549.4707059552647,32898300
2026-04-01,META,Meta,578.6936645507812,592.0013387220274,573.2887005646345,579.5928556215499,23608100
2026-04-02,META,Meta,573.9281005859375,577.9643377947169,559.1817578546791,565.5158531822124,13518500
2026-04-06,META,Meta,572.4894409179688,582.2503530791108,571.4703658572956,577.1550997330287,9515700
2026-04-07,META,Meta,574.5175170898438,574.6973431004155,564.2370671243236,571.9498894780604,9580800
2026-04-08,META,Meta,611.8529052734375,629.3667024291958,591.2820049792073,605.4388670235439,32036600
2026-04-09,META,Meta,627.8081665039062,636.9097166035551,622.4231426572783,626.3894374266143,19012900
2026-04-10,META,Meta,629.2767333984375,637.9886903650855,623.7518859014353,633.882449891805,13294800
2026-04-13,META,Meta,633.9425048828125,634.4120404303904,623.8218795800174,628.9171329935918,9538900
2026-04-14,META,Meta,661.8765258789062,665.6430543798978,638.7779398291946,642.624350345733,17818000
2026-04-15,META,Meta,670.9581909179688,677.8717665104965,663.6049593103575,666.3824145357423,14952600
2026-04-16,META,Meta,676.2432250976562,676.9525896021297,667.131674939706,675.3640350842893,9544800
2026-04-17,META,Meta,687.9124145507812,690.8796961433965,674.5048580761284,677.9716157075654,16283500
2026-04-20,META,Meta,670.2887573242188,682.7472426832454,667.381478611767,680.7290935491282,12534000
2026-04-21,META,Meta,668.220703125,675.5738733736962,666.7120915784461,670.3786762058809,8660100
2026-04-22,META,Meta,674.09521484375,677.7518600207422,669.1298460769134,673.7355628200382,9215600
2026-04-23,META,Meta,658.5396728515625,668.9400066983026,652.4452846667049,663.0854475032797,11667000
2026-04-24,META,Meta,674.4049682617188,680.0396994180859,653.2345872360809,659.7085674039201,13348300
2026-04-27,META,Meta,677.9916381835938,681.8680504402118,670.2188736545023,670.3786986745525,12805200
2026-04-28,META,Meta,670.7183837890625,677.5520159823654,665.0136491453696,673.6156618787633,10606800
2026-04-29,META,Meta,668.5004272460938,673.6256820299297,663.1953464496755,668.290599742094,18947500
2026-04-30,META,Meta,611.3433837890625,620.2751083620838,599.4444385151393,618.7465567527638,52765000
2026-05-01,META,Meta,608.1863403320312,618.3069655430758,605.548770151405,614.120842749119,21404000
2026-05-04,META,Meta,609.8447875976562,613.4314904063681,602.1919069095087,607.3771038685389,16203900
2026-05-05,META,Meta,604.3998413085938,613.7811000159977,599.8040642277598,612.7420849871345,17171300
2026-05-06,META,Meta,612.3125,619.3759607512419,597.5461564796674,600.4934370812971,19915500
2026-05-07,META,Meta,616.2388305664062,624.4012480600104,612.9718390781961,614.150739078972,12307400
2026-05-08,META,Meta,609.0654907226562,616.1988937552933,605.4987892063378,614.6303402495529,13557000
2026-05-11,META,Meta,598.3054809570312,604.3498668649182,597.5262348938886,604.010215830275,15940600
2026-05-12,META,Meta,602.441650390625,603.1909559259367,592.0512559095129,594.2692320029287,11351600
2026-05-13,META,Meta,616.0590209960938,619.3260125714435,596.1074810052941,598.275515544453,14634400
2026-05-14,META,Meta,617.8573608398438,623.152441138389,614.4305441468357,615.429618202359,10651200
2026-05-15,META,Meta,613.6612548828125,620.6248329546977,608.7458274653094,613.421486859321,13272600
2026-05-18,META,Meta,610.64404296875,615.0199919776213,603.1309869574205,608.5459509764945,13772400
2026-05-19,META,Meta,602.052001953125,613.361527578881,599.9939118379299,608.3561568042173,11749900
2026-05-20,META,Meta,604.499755859375,607.4370360716302,597.2564688338498,600.2037495434126,11329700
2026-05-21,META,Meta,606.8175659179688,609.0354809096541,594.2591985256718,599.4443949814065,13476100
2026-05-22,META,Meta,609.6949462890625,614.2407210713809,606.3880135859368,607.3171451453314,11688600
2026-05-26,META,Meta,611.7730102539062,613.9009818092591,604.7394901495815,608.3261927003538,12234200
2026-05-27,META,Meta,634.6718139648438,637.908804248614,608.4361186960156,608.8357727220844,23143600
2026-05-28,META,Meta,634.7017211914062,642.4046039468743,628.7272779804616,638.9078448274123,16772400
2026-05-29,META,Meta,631.92431640625,633.9124639439917,622.7727642602187,632.9133899267435,19806500
2026-06-01,META,Meta,599.9139404296875,635.1613007084701,598.974869401479,629.8162791560948,29138800
2026-06-02,META,Meta,597.0765991210938,608.3161816139932,596.1274666259658,602.68138962268,18252000
2026-06-03,META,Meta,622.4031372070312,623.5720977596394,599.7142043737263,602.4416570391962,23020100
2026-06-04,META,Meta,626.9888916015625,641.8051764288737,621.8536364911718,623.0924785224576,21469200
2026-06-05,META,Meta,592.450927734375,628.567480013855,582.3702434655938,622.8827460758752,30091600
2026-06-08,META,Meta,584.8479614257812,591.4518261333767,578.6836307521693,591.4518261333767,19512400
2026-06-09,META,Meta,584.0487060546875,597.0766092757164,580.4720040020986,590.4527436689563,16977400
2026-06-10,META,Meta,570.4512939453125,590.7724873942649,570.0716409197756,580.192266144374,17064000
2026-06-11,META,Meta,567.9036254882812,571.6401524850257,556.4942175026772,565.3060574843756,17628000
2026-06-12,META,Meta,566.4549560546875,575.5365655300229,560.3806300495169,572.4194595335534,14326400
2026-06-15,META,Meta,593.47998046875,601.27001953125,579.2999877929688,579.9000244140625,17653300
2026-06-16,META,Meta,600.2100219726562,605.8099975585938,592.0,593.6500244140625,11344400
2026-06-17,META,Meta,567.5800170898438,593.8099975585938,566.1900024414062,592.0,20478300
2026-06-18,META,Meta,577.219970703125,580.219970703125,563.0999755859375,572.8200073242188,28824600
2026-06-22,META,Meta,563.8499755859375,575.8099975585938,559.8099975585938,572.02001953125,15405500
2026-06-23,META,Meta,562.2000122070312,572.2000122070312,561.02001953125,562.25,13103300
2026-06-24,META,Meta,557.6699829101562,569.0399780273438,555.5499877929688,561.8900146484375,13963600
2026-06-25,META,Meta,542.8699951171875,556.3400268554688,540.1799926757812,555.5499877929688,16968600
2026-06-26,META,Meta,550.25,556.8499755859375,540.4000244140625,543.3400268554688,18867700
2026-06-29,META,Meta,562.5999755859375,570.9000244140625,558.0,560.0,15011400
2026-06-30,META,Meta,563.2899780273438,565.5399780273438,551.4299926757812,560.9400024414062,18111100
2026-07-01,META,Meta,612.9099731445312,628.280029296875,595.0999755859375,607.9099731445312,45536300
2026-07-02,META,Meta,582.9000244140625,610.0,580.4199829101562,607.9000244140625,21705900
2026-07-06,META,Meta,600.2899780273438,603.5800170898438,581.760009765625,594.8400268554688,17674100
2026-07-07,META,Meta,615.5800170898438,625.3699951171875,603.6599731445312,607.5900268554688,18560800
2026-07-08,META,Meta,603.1199951171875,616.0,598.010009765625,614.3900146484375,13606500
2026-07-09,META,Meta,631.47998046875,633.27001953125,577.0700073242188,583.989990234375,26579700
2026-07-10,META,Meta,669.2100219726562,677.8599853515625,658.010009765625,660.3400268554688,40608900
2026-07-13,META,Meta,656.72998046875,676.6199951171875,654.2000122070312,661.3800048828125,19840700
2026-07-14,META,Meta,661.0399780273438,666.5,649.0499877929688,652.0,16748200
2026-07-15,META,Meta,681.3099975585938,686.0800170898438,656.6599731445312,663.5999755859375,19003400
2026-07-16,META,Meta,664.5399780273438,681.9000244140625,660.1599731445312,677.280029296875,15816000
2026-07-17,META,Meta,646.010009765625,652.2000122070312,626.0,647.7000122070312,22267900
2026-07-20,META,Meta,645.8499755859375,653.2999877929688,636.010009765625,646.7000122070312,10225200
2026-07-21,META,Meta,643.8099975585938,655.8800048828125,643.2000122070312,654.1799926757812,9140500
2026-07-22,META,Meta,627.1699829101562,649.0,624.0,647.7000122070312,11019600
2026-07-23,META,Meta,606.0999755859375,614.6500244140625,597.219970703125,608.4099731445312,15494800
2026-07-24,META,Meta,595.1900024414062,609.97998046875,594.4500122070312,605.2999877929688,11503500
2026-07-27,META,Meta,593.8699951171875,611.260009765625,593.1300048828125,607.219970703125,11195300
2026-07-28,META,Meta,593.4099731445312,601.0,587.0,596.8200073242188,12009300
2026-07-29,META,Meta,585.6099853515625,599.969970703125,582.219970703125,593.25,22371100
2026-07-30,META,Meta,539.030029296875,539.8800048828125,524.489990234375,526.0,42271500
2026-07-31,META,Meta,556.7100219726562,558.3300170898438,540.219970703125,543.5999755859375,24261500
2026-08-03,META,Meta,590.239990234375,597.52001953125,559.3599853515625,562.239990234375,25938100
2026-08-04,META,Meta,587.9400024414062,592.7899780273438,578.25,581.5,17959200
2026-08-05,META,Meta,588.77001953125,601.0,580.1199951171875,600.4600219726562,14897200
2026-08-06,META,Meta,589.9000244140625,595.3099975585938,586.0,586.9500122070312,11811500
2026-08-07,META,Meta,592.0999755859375,598.739990234375,585.6199951171875,585.6400146484375,11250300
2026-08-10,META,Meta,594.9199829101562,608.2100219726562,592.030029296875,599.1300048828125,14967300
2026-08-11,META,Meta,599.1199951171875,612.4299926757812,593.4000244140625,598.0,13146900
2026-08-12,META,Meta,578.8499755859375,604.5,578.2100219726562,601.0700073242188,16186900
2026-08-13,META,Meta,594.969970703125,595.8499755859375,579.3900146484375,580.7100219726562,11164200
2026-08-14,META,Meta,589.8499755859375,601.8599853515625,589.2899780273438,596.97998046875,8758000
2026-08-17,META,Meta,568.969970703125,590.239990234375,564.75,589.75,17225600
2026-08-18,META,Meta,543.6699829101562,560.6599731445312,543.2100219726562,557.47998046875,27094900
2026-08-19,META,Meta,546.030029296875,554.0700073242188,537.27001953125,541.3400268554688,16971700
2026-08-20,META,Meta,545.8300170898438,549.989990234375,539.3099975585938,546.9500122070312,13872200
2026-08-21,META,Meta,549.9000244140625,553.8699951171875,543.22998046875,546.8900146484375,13848000
2026-08-24,META,Meta,559.02001953125,561.4199829101562,546.2999877929688,550.2000122070312,12990600
2026-08-25,META,Meta,570.0499877929688,570.7999877929688,561.4000244140625,563.8800048828125,9769100
2026-08-26,META,Meta,576.1400146484375,593.3400268554688,561.8800048828125,590.3099975585938,31416300
2026-08-27,META,Meta,571.0999755859375,588.3900146484375,567.6199951171875,576.47998046875,15221400
2026-08-28,META,Meta,578.02001953125,589.1900024414062,571.0,571.5499877929688,16042400
2026-08-31,META,Meta,572.3400268554688,578.6799926757812,569.1400146484375,577.6300048828125,13383800
2026-09-01,META,Meta,578.5399780273438,584.9500122070312,556.0999755859375,558.3499755859375,15796900
2026-09-02,META,Meta,592.8499755859375,600.3800048828125,577.0,578.7899780273438,16552700
2026-09-03,META,Meta,610.6799926757812,619.4600219726562,604.3499755859375,604.489990234375,19737100
2026-09-04,META,Meta,616.77001953125,617.4600219726562,605.27001953125,612.3499755859375,15966200
2026-09-08,META,Meta,613.47998046875,624.7999877929688,609.739990234375,616.2100219726562,18909700
2026-09-09,META,Meta,653.6900024414062,657.8599853515625,638.5599975585938,648.6400146484375,35900700
2026-09-10,META,Meta,644.3800048828125,663.5,642.1400146484375,653.7100219726562,21531900
2026-09-11,META,Meta,648.030029296875,664.239990234375,646.2000122070312,653.510009765625,16908400
