Date,ticker,name,Close,High,Low,Open,Volume
2015-01-02,MSFT,Microsoft,39.6071891784668,40.16622980619438,39.42084445666997,39.52248732593811,27913900
2015-01-05,MSFT,Microsoft,39.242958068847656,39.581768618969726,39.17519402012263,39.27683686204249,39673900
2015-01-06,MSFT,Microsoft,38.666988372802734,39.59872170877708,38.57381439297156,39.2853209657557,36447900
2015-01-07,MSFT,Microsoft,39.15826416015625,39.353081008972715,38.531462686776074,38.94650629433375,29114100
2015-01-08,MSFT,Microsoft,40.310211181640625,40.445736031767396,39.57329501102427,39.59870491068326,29645200
2015-01-09,MSFT,Microsoft,39.971405029296875,40.5050356416163,39.7257684132356,40.32715984789913,23944200
2015-01-12,MSFT,Microsoft,39.47165298461914,40.26786438776945,39.26836730423394,40.16621831640922,23651900
2015-01-13,MSFT,Microsoft,39.26838302612305,40.581281277412145,39.014274208320145,39.78507278665134,35270600
2015-01-14,MSFT,Microsoft,38.92953872680664,39.16670957196847,38.64154809645517,38.92953872680664,29719600
2015-01-15,MSFT,Microsoft,38.52297592163086,39.28530524132811,38.46368400022856,39.149780387956085,32750800
2015-01-16,MSFT,Microsoft,39.16672134399414,39.20060013391444,38.260395051319286,38.378982125126164,35695300
2015-01-20,MSFT,Microsoft,39.29378128051758,39.514011226797486,38.599215876714105,39.217548334677296,36161900
2015-01-21,MSFT,Microsoft,38.89565658569336,39.08200441387531,38.52296416049585,38.91259759108866,39081100
2015-01-22,MSFT,Microsoft,39.92057800292969,39.92904689250361,39.03119596397086,39.28530465636376,35898000
2015-01-23,MSFT,Microsoft,39.962928771972656,40.14080453290265,39.641056039456025,40.115394633103314,26211600
2015-01-26,MSFT,Microsoft,39.81895065307617,39.920596762733545,39.16673922087003,39.81048175952248,42525500
2015-01-27,MSFT,Microsoft,36.134342193603516,36.591739707347486,35.668475791605104,36.37998195815122,169164000
2015-01-28,MSFT,Microsoft,34.889217376708984,36.24446936794402,34.8638074721977,36.202118450035904,84507100
2015-01-29,MSFT,Microsoft,35.58378219604492,35.676956152640294,34.55040624485379,34.668990105550485,63585300
2015-01-30,MSFT,Microsoft,34.22006607055664,35.21956327058834,34.17771192030282,35.194150134202445,78004900
2015-02-02,MSFT,Microsoft,34.96544647216797,35.04167940847748,34.07606436933538,34.38099611457342,50352500
2015-02-03,MSFT,Microsoft,35.23649597167969,35.51601781343743,34.77062946658433,35.261909104400644,52082400
2015-02-04,MSFT,Microsoft,35.439788818359375,35.75318948664794,35.0332141924577,35.52449065373426,41614800
2015-02-05,MSFT,Microsoft,35.95647430419922,36.11740906547864,35.45672577782178,35.7616575201765,36548200
2015-02-06,MSFT,Microsoft,35.9225959777832,36.24446876462931,35.7023692696261,36.15129480808166,34616600
2015-02-09,MSFT,Microsoft,35.880245208740234,36.20211799691545,35.75318922543826,35.77860236079938,31381100
2015-02-10,MSFT,Microsoft,36.08353042602539,36.227527420602236,35.727778847367006,36.202117516746014,29670700
2015-02-11,MSFT,Microsoft,35.89717483520508,36.12587359390378,35.753177884394695,36.12587359390378,38262500
2015-02-12,MSFT,Microsoft,36.49858474731445,36.49858474731445,36.007304962924024,36.13436097093355,33268800
2015-02-13,MSFT,Microsoft,37.15925979614258,37.15925979614258,36.54939949722027,36.74421629573954,40264900
2015-02-17,MSFT,Microsoft,37.17632293701172,37.53460625288203,36.843627102637214,37.5090155172235,33695700
2015-02-18,MSFT,Microsoft,37.133663177490234,37.2786849228869,37.01423541902377,37.218971043653674,27111700
2015-02-19,MSFT,Microsoft,37.10807418823242,37.13366492220265,36.72419690786648,36.83509551200831,27603400
2015-02-20,MSFT,Microsoft,37.41517639160156,37.432237965808746,36.92893291626577,37.116603724219694,29721100
2015-02-23,MSFT,Microsoft,37.662574768066406,37.69669467176869,37.23604505723514,37.27869737748558,32518800
2015-02-24,MSFT,Microsoft,37.61138153076172,37.79052318782402,37.46635976969031,37.66256625599211,25271700
2015-02-25,MSFT,Microsoft,37.52608108520508,37.611385715918516,37.36399773102126,37.491957931254476,29759800
2015-02-26,MSFT,Microsoft,37.585792541503906,37.730811055150326,37.440770773694624,37.5260786530421,28957300
2015-02-27,MSFT,Microsoft,37.406646728515625,37.70521941785624,37.244566642870915,37.64550553082068,33807700
2015-03-02,MSFT,Microsoft,37.4322395324707,37.69668580834361,37.15072842751385,37.25309462287876,31924000
2015-03-03,MSFT,Microsoft,36.9203987121582,37.38958384470298,36.75831864629152,37.159257485316196,31748600
2015-03-04,MSFT,Microsoft,36.732723236083984,36.86068013889771,36.579172349377934,36.69006768098411,25748700
2015-03-05,MSFT,Microsoft,36.77539825439453,36.88629690866842,36.52801020030816,36.741275090900416,23193500
2015-03-06,MSFT,Microsoft,36.135589599609375,36.77538402381163,35.9564479418318,36.68154698759593,36248800
2015-03-09,MSFT,Microsoft,36.553592681884766,36.79245151817887,35.990573628173976,35.990573628173976,32108000
2015-03-10,MSFT,Microsoft,35.85407638549805,36.43415688971029,35.85407638549805,36.12705506346116,39159700
2015-03-11,MSFT,Microsoft,35.81142044067383,36.14411296727223,35.69199268796283,36.09293150420306,32215300
2015-03-12,MSFT,Microsoft,34.992496490478516,35.52992481614904,34.8560071185486,35.256946072289196,59992500
2015-03-13,MSFT,Microsoft,35.299598693847656,35.37637416960243,34.64274256887089,34.719518044625666,58007700
2015-03-16,MSFT,Microsoft,35.453147888183594,35.521390944270294,35.214289056472175,35.37637241623406,35273500
2015-03-17,MSFT,Microsoft,35.57257080078125,35.68346941265409,35.10338887169841,35.291059690833904,31673400
2015-03-18,MSFT,Microsoft,36.2550163269043,36.536527427440674,35.256938615902875,35.34224323500701,44194800
2015-03-19,MSFT,Microsoft,36.07587432861328,36.33179143763615,36.01616044498003,36.050280339797176,33879100
2015-03-20,MSFT,Microsoft,36.57917404174805,36.66447864757056,36.246481523213255,36.306195398121446,71904500
2015-03-23,MSFT,Microsoft,36.5621337890625,36.79246026408078,36.49388746128049,36.579195371008005,26246100
2015-03-24,MSFT,Microsoft,36.59623336791992,36.826556440338756,36.46827321287664,36.49386394222053,25513300
2015-03-25,MSFT,Microsoft,35.367828369140625,36.621826247199586,35.3507667971891,36.61329383414277,43469900
2015-03-26,MSFT,Microsoft,35.15457534790039,35.495800392627054,34.90718735318171,35.16310776380831,37495600
2015-03-27,MSFT,Microsoft,34.949825286865234,35.342231612357686,34.830397557729405,35.07778217344153,34401400
2015-03-30,MSFT,Microsoft,34.941314697265625,35.43609074601692,34.89866237510241,35.06074250098805,35049700
2015-03-31,MSFT,Microsoft,34.68537139892578,35.00100225032249,34.58300525196274,34.787737545888824,34887200
2015-04-01,MSFT,Microsoft,34.73656463623047,34.77068452416258,34.386810565171295,34.63419520994832,36865300
2015-04-02,MSFT,Microsoft,34.36975860595703,34.75363592646523,34.224736838581556,34.6853896231914,37487500
2015-04-06,MSFT,Microsoft,35.444610595703125,35.64081382943231,34.275920353854154,34.412409701411974,39223700
2015-04-07,MSFT,Microsoft,35.42753601074219,35.75169931246335,35.23986526061859,35.49578228654097,28809400
2015-04-08,MSFT,Microsoft,35.333717346191406,35.56404376530546,35.0095571303982,35.36784050180013,24753400
2015-04-09,MSFT,Microsoft,35.3848991394043,35.50432691994812,35.18869589220188,35.18869589220188,25723900
2015-04-10,MSFT,Microsoft,35.589630126953125,35.78583334838298,35.32518060894113,35.51285467037948,28022000
2015-04-13,MSFT,Microsoft,35.62375259399414,35.87967297049838,35.30812158491174,35.31665399968202,30276700
2015-04-14,MSFT,Microsoft,35.5299072265625,35.85406729056394,35.30811007312814,35.657864118933055,24244400
2015-04-15,MSFT,Microsoft,36.05027770996094,36.22089018825102,35.5555051024983,35.62374814131692,27343600
2015-04-16,MSFT,Microsoft,35.964988708496094,36.11853968018971,35.67494834575968,35.785846992908134,22509700
2015-04-17,MSFT,Microsoft,35.50432205200195,35.606691496286324,35.1119156113994,35.54697436003919,42387600
2015-04-20,MSFT,Microsoft,36.60477066040039,36.82656462371093,35.55550822003537,35.598160529807096,46057700
2015-04-21,MSFT,Microsoft,36.374446868896484,36.80950892032425,36.28060982822921,36.68154872774834,26013800
2015-04-22,MSFT,Microsoft,36.673011779785156,36.79243953194344,36.29766369681664,36.40002987664343,25064300
2015-04-23,MSFT,Microsoft,36.971580505371094,37.20190684652364,36.510927823065984,36.58770327011684,46309500
2015-04-24,MSFT,Microsoft,40.835941314697266,41.0662676797316,38.94215218135236,38.950681341170316,130933700
2015-04-27,MSFT,Microsoft,40.972434997558594,41.0577428756005,40.28145908331458,40.28998824403737,59248200
2015-04-28,MSFT,Microsoft,41.93638229370117,41.97903459488654,40.69091687578128,40.75915990684547,60730800
2015-04-29,MSFT,Microsoft,41.85109329223633,42.06435813182427,41.37337888006059,41.5610529802302,47804600
2015-04-30,MSFT,Microsoft,41.492801666259766,42.26055629786389,41.45867851504118,41.54398639308764,64725500
2015-05-01,MSFT,Microsoft,41.509857177734375,41.69753122785667,41.288063235540854,41.441614139429575,38937300
2015-05-04,MSFT,Microsoft,41.151573181152344,41.688998081150366,41.10038846270203,41.26246852321793,34039500
2015-05-05,MSFT,Microsoft,40.60561752319336,41.08333185733731,40.358232822844194,40.79329159270753,50369200
2015-05-06,MSFT,Microsoft,39.479583740234375,40.75064354122198,39.25778975194494,40.580031028757716,52433000
2015-05-07,MSFT,Microsoft,39.83787536621094,40.170568017686065,39.37722250070841,39.47105955710671,32971700
2015-05-08,MSFT,Microsoft,40.73357009887695,40.929773292099846,40.53736690565406,40.56295763611207,35364900
2015-05-11,MSFT,Microsoft,40.40940856933594,40.870061263348816,40.40940856933594,40.56295946734023,24609400
2015-05-12,MSFT,Microsoft,40.39234924316406,40.67386032321467,39.59900397740993,39.965819670357,29928300
2015-05-13,MSFT,Microsoft,40.63121795654297,41.219827739512205,40.58003322378613,41.10892911228733,34184600
2015-05-14,MSFT,Microsoft,41.5610466003418,41.646351221416886,40.97243365077051,40.97243365077051,32980900
2015-05-15,MSFT,Microsoft,41.202754974365234,41.72312155986289,40.989490193696504,41.68899841395694,28642700
2015-05-18,MSFT,Microsoft,40.955379486083984,41.13452442941602,40.61415768588114,40.92978874596368,24136500
2015-05-19,MSFT,Microsoft,40.85234832763672,41.04982670201759,40.50890568287151,40.83517586786728,28574800
2015-05-20,MSFT,Microsoft,40.85234832763672,41.15285818532244,40.58618011417809,40.68921159748293,25047900
2015-05-21,MSFT,Microsoft,40.71494674682617,40.86949552629964,40.36291969920551,40.59474286841571,22410700
2015-05-22,MSFT,Microsoft,40.26849365234375,40.6548624938003,40.19980382033545,40.61193298645085,25720600
2015-05-26,MSFT,Microsoft,40.0023193359375,40.25131502584189,39.658876779151385,40.208385525071364,29581900
2015-05-27,MSFT,Microsoft,40.87809753417969,41.0154739106577,40.028078952945556,40.19980024237086,27335600
2015-05-28,MSFT,Microsoft,40.74071502685547,41.2301184991177,40.68919766518709,40.783644523923776,19283700
2015-05-29,MSFT,Microsoft,40.23414993286133,40.84375747116248,40.00232665590633,40.72355353688469,36519600
2015-06-01,MSFT,Microsoft,40.551841735839844,41.01548839846771,40.028093091980104,40.405880717223106,28837300
2015-06-02,MSFT,Microsoft,40.28565979003906,40.65485942089902,40.0280794901001,40.294247656046714,21498300
2015-06-03,MSFT,Microsoft,40.22556686401367,40.98972662007791,40.19980981082803,40.67204101266587,28002200
2015-06-04,MSFT,Microsoft,39.80485916137695,40.49174131282571,39.6674827310872,40.17405893190175,27745500
2015-06-05,MSFT,Microsoft,39.61595916748047,39.942229366812754,39.35837881024422,39.76192344427857,25438100
2015-06-08,MSFT,Microsoft,39.2639274597168,39.8649504086109,39.21241008399048,39.75333106552633,22121600
2015-06-09,MSFT,Microsoft,39.19524383544922,39.44423631515734,39.03210710442355,39.289687451718194,24406100
2015-06-10,MSFT,Microsoft,40.019500732421875,40.208394508387784,39.22958398545584,39.31544628149111,28417400
2015-06-11,MSFT,Microsoft,39.873531341552734,40.285660483612695,39.607366446334936,40.06242509323861,27347800
2015-06-12,MSFT,Microsoft,39.46999740600586,39.89929908490412,39.40989543298505,39.684648245454994,23931000
2015-06-15,MSFT,Microsoft,39.04927444458008,39.195238696607326,38.65431774548981,39.02351739582114,33254500
2015-06-16,MSFT,Microsoft,39.34978485107422,39.70181201974231,38.894722943787784,38.93765244722317,27070300
2015-06-17,MSFT,Microsoft,39.46999740600586,39.55585643166076,38.94624883370008,39.263931158997465,28704100
2015-06-18,MSFT,Microsoft,40.11393356323242,40.182620100679046,39.64169928880327,39.68463205943177,32658300
2015-06-19,MSFT,Microsoft,39.58160400390625,40.20838718724818,39.48716040843127,40.17404227508759,63837000
2015-06-22,MSFT,Microsoft,39.6932258605957,40.113942873099326,39.63312389813966,39.779088146469554,20318100
2015-06-23,MSFT,Microsoft,39.41847610473633,39.736158398436004,39.16948036966641,39.60736987276338,25896500
2015-06-24,MSFT,Microsoft,39.186641693115234,39.71039006450215,39.109367289544856,39.21239873586848,34890900
2015-06-25,MSFT,Microsoft,39.19524383544922,39.547271074324655,39.06645202414599,39.52151074687691,20616000
2015-06-26,MSFT,Microsoft,38.86038589477539,39.73616169838795,38.66290751876156,39.195243950080766,49835300
2015-06-29,MSFT,Microsoft,38.09621047973633,38.83460951181544,38.087625891709685,38.67147613682757,34081700
2015-06-30,MSFT,Microsoft,37.9073371887207,38.39674081006609,37.72702800561055,38.38815294284997,35945400
2015-07-01,MSFT,Microsoft,38.16490173339844,38.83461098543642,37.86438873609936,38.173486321750836,28343900
2015-07-02,MSFT,Microsoft,38.121986389160156,38.422496222676585,37.83006114718211,38.19067294740182,21752000
2015-07-06,MSFT,Microsoft,38.1133918762207,38.19066628783743,37.73560768348946,37.74419227353089,23034000
2015-07-07,MSFT,Microsoft,38.03611755371094,38.19925424267897,37.19468688930813,38.070462464579045,36435800
2015-07-08,MSFT,Microsoft,37.98461151123047,38.551289559383044,37.8043023286229,38.15632955133418,39785900
2015-07-09,MSFT,Microsoft,38.22502136230469,38.826044359651135,38.207848902344864,38.42249973887489,32424700
2015-07-10,MSFT,Microsoft,38.30229187011719,38.75735054883696,38.26794695371643,38.64573120819025,25465800
2015-07-13,MSFT,Microsoft,39.10079574584961,39.16948230787816,38.59421965905614,38.619976710402874,28178300
2015-07-14,MSFT,Microsoft,39.169471740722656,39.461396920039675,38.90330688111446,39.02351078871956,22880300
2015-07-15,MSFT,Microsoft,39.28968048095703,39.40129981259558,39.00634313179608,39.22099392901032,26629600
2015-07-16,MSFT,Microsoft,40.06241989135742,40.088176935856985,39.46998494069146,39.5043265749206,26271700
2015-07-17,MSFT,Microsoft,40.028072357177734,40.16544871101907,39.71897474220707,39.967970407079065,29467100
2015-07-20,MSFT,Microsoft,40.28565979003906,40.46596894777643,39.87353065507448,40.053839812811844,30631900
2015-07-21,MSFT,Microsoft,40.59474182128906,40.637674584165396,39.90786019429711,40.16544039500535,42781900
2015-07-22,MSFT,Microsoft,39.10079574584961,40.2942538294872,38.8088704877769,39.01493344917427,59152400
2015-07-23,MSFT,Microsoft,39.59019470214844,39.69322617069067,38.72300362225994,38.868967871730156,33934000
2015-07-24,MSFT,Microsoft,39.44423294067383,39.770503099500694,39.324029007240654,39.41847589074144,32333200
2015-07-27,MSFT,Microsoft,38.93764877319336,39.50432668087971,38.85178977442395,39.44422472667895,39701400
2015-07-28,MSFT,Microsoft,38.9290657043457,39.186645986028104,38.45683464204281,39.135131894878214,34328900
2015-07-29,MSFT,Microsoft,39.744747161865234,40.16546094065545,38.86038354413563,38.98059075624447,40945900
2015-07-30,MSFT,Microsoft,40.25131607055664,40.69779009584235,39.435642433502196,39.71897976619039,39777900
2015-07-31,MSFT,Microsoft,40.09678268432617,40.67204543679311,39.92506133534824,40.60335886238932,31201500
2015-08-03,MSFT,Microsoft,40.19120407104492,40.35433744757236,39.882106494205374,40.33716499604681,24125900
2015-08-04,MSFT,Microsoft,40.8179931640625,40.963954122503424,40.07959395585057,40.139695912304006,33403900
2015-08-05,MSFT,Microsoft,40.85234832763672,41.56498739385361,40.81800340809784,41.19578769709014,26959700
2015-08-06,MSFT,Microsoft,40.028072357177734,41.01546715218839,39.77907996761637,40.96394979125641,27368000
2015-08-07,MSFT,Microsoft,40.1311149597168,40.165456598437935,39.718982541950396,39.830601874900104,19163000
2015-08-10,MSFT,Microsoft,40.637699127197266,40.77507553556378,40.21698203421186,40.311428929084826,23079900
2015-08-11,MSFT,Microsoft,39.847774505615234,40.30283315493886,39.409888313382666,40.19980168770378,29237400
2015-08-12,MSFT,Microsoft,40.1311149597168,40.26849134053517,39.24675143759419,39.65888058004931,30181400
2015-08-13,MSFT,Microsoft,40.122528076171875,40.440210350473684,39.91646513755338,40.405868710911506,22627200
2015-08-14,MSFT,Microsoft,40.354347229003906,40.4402062321327,39.94221811842587,39.95080270861434,21473400
2015-08-17,MSFT,Microsoft,40.62910079956055,40.7407201261575,39.985148437003716,40.19121463415878,21099700
2015-08-18,MSFT,Microsoft,40.85381317138672,40.992095460583336,40.3611823100669,40.48217890100022,23574100
2015-08-19,MSFT,Microsoft,40.28341293334961,40.68961874765628,40.01548945841591,40.43033647653481,31485500
2015-08-20,MSFT,Microsoft,39.46234893798828,40.16240493754763,39.46234893798828,39.816697538451876,36238200
2015-08-21,MSFT,Microsoft,37.22389221191406,39.306770669922926,37.22389221191406,39.15120271066009,70053100
2015-08-24,MSFT,Microsoft,36.02257537841797,36.89548181803207,34.32861630343977,34.95952953145991,88753700
2015-08-25,MSFT,Microsoft,34.97681427001953,37.37082930873184,34.907671470373906,36.79176990088526,70616600
2015-08-26,MSFT,Microsoft,36.91274642944336,37.02510176931128,35.48671157981602,36.30776044918857,63408000
2015-08-27,MSFT,Microsoft,37.941246032714844,37.98445863610494,37.102907679923774,37.36218659717463,50943200
2015-08-28,MSFT,Microsoft,37.9671745300293,38.15731394922413,37.50047048122949,37.50911498041677,28246700
2015-08-31,MSFT,Microsoft,37.612831115722656,37.96717980267063,37.24983792838691,37.647402523451944,34441700
2015-09-01,MSFT,Microsoft,36.1435661315918,36.80905065262544,36.005283847799724,36.44605759710268,49688900
2015-09-02,MSFT,Microsoft,37.47454071044922,37.49182641059087,36.19542857215878,36.61027548482783,37671500
2015-09-03,MSFT,Microsoft,37.59553527832031,38.01038216852085,37.40539588397048,37.517751280350836,28285200
2015-09-04,MSFT,Microsoft,36.82632827758789,37.19796245198449,36.471979796989864,36.99918191866451,37138800
2015-09-08,MSFT,Microsoft,37.932594299316406,38.02766398678893,37.336252573683794,37.42267776398081,32469800
2015-09-09,MSFT,Microsoft,37.22389221191406,38.373366211255124,37.08560994778146,38.20915375597255,33469500
2015-09-10,MSFT,Microsoft,37.41404342651367,37.84617605108349,36.94733940071979,37.26711661976658,31366600
2015-09-11,MSFT,Microsoft,37.5782585144043,37.673328234184716,37.11155441561539,37.28440815186063,27132500
2015-09-14,MSFT,Microsoft,37.19797134399414,37.54367541187742,37.042403359528244,37.53503421136699,23656000
2015-09-15,MSFT,Microsoft,38.01038360595703,38.27830700840838,37.232546893756876,37.3276132976169,28882200
2015-09-16,MSFT,Microsoft,38.28693389892578,38.35607667251801,37.889372841497206,38.00172820013012,23372200
2015-09-17,MSFT,Microsoft,38.24372482299805,38.891923548811576,38.096801360996736,38.27829621296631,32768200
2015-09-18,MSFT,Microsoft,37.5782585144043,38.0190357066752,37.44862068490347,37.5955442177199,63143700
2015-09-21,MSFT,Microsoft,38.12274169921875,38.433877724838595,37.68196456395385,37.69925026503388,26177200
2015-09-22,MSFT,Microsoft,37.941246032714844,38.070883842885124,37.43132940012703,37.491827704255215,28085900
2015-09-23,MSFT,Microsoft,37.91530990600586,38.174588782724705,37.60417393517933,37.96716700011355,17145200
2015-09-24,MSFT,Microsoft,37.94988250732422,38.14002189484789,37.39675334024797,37.5523213306019,27905600
2015-09-25,MSFT,Microsoft,37.97581481933594,38.65858517465716,37.82024680680932,38.44251885691579,29384600
2015-09-28,MSFT,Microsoft,37.41404342651367,38.10545496644333,37.34490062406556,37.880747452307546,27613800
2015-09-29,MSFT,Microsoft,37.54367446899414,37.65602985426662,37.20661161008639,37.483176176211195,32763600
2015-09-30,MSFT,Microsoft,38.25237274169922,38.28694413774052,37.73381498871881,37.92395437003619,34958900
2015-10-01,MSFT,Microsoft,38.55487060546875,38.675867204412704,37.811602015487274,38.675867204412704,28657900
2015-10-02,MSFT,Microsoft,39.38455581665039,39.38455581665039,37.95851724678582,38.26101197516493,41839000
2015-10-05,MSFT,Microsoft,40.300682067871094,40.525389540619884,39.49691527045748,39.54012786557344,34369300
2015-10-06,MSFT,Microsoft,40.404388427734375,40.77602263852297,39.94632903639884,40.04139871314606,27017200
2015-10-07,MSFT,Microsoft,40.44761657714844,40.922961846828116,39.71299236918081,40.70689551543639,27711500
2015-10-08,MSFT,Microsoft,41.009376525878906,41.06987481451086,40.188324084133,40.24018117306445,33772700
2015-10-09,MSFT,Microsoft,40.71553421020508,41.087168510968304,40.55132171173615,41.009384510880416,28600600
2015-10-12,MSFT,Microsoft,40.62046432495117,40.68096262508659,40.18833172574956,40.6031786253539,19769100
2015-10-13,MSFT,Microsoft,40.525394439697266,40.73281953700285,40.24018863992593,40.24018863992593,19987800
2015-10-14,MSFT,Microsoft,40.34388732910156,40.706877018381405,40.21424627041072,40.317960436127024,24697800
2015-10-15,MSFT,Microsoft,40.62910842895508,40.646394129787296,40.21426149971289,40.62910842895508,27189400
2015-10-16,MSFT,Microsoft,41.06123352050781,41.087163715450714,40.534034578011315,40.637745467053776,26450300
2015-10-19,MSFT,Microsoft,41.15629577636719,41.38100650843786,40.63773812789646,40.98344212790724,29387600
2015-10-20,MSFT,Microsoft,41.28593444824219,41.32050583531579,40.637735776702314,41.00072545024835,30802200
2015-10-21,MSFT,Microsoft,40.793304443359375,41.47607451405275,40.71552046952204,41.41557293714905,25144300
2015-10-22,MSFT,Microsoft,41.510650634765625,42.305776220792914,40.698242648461544,41.07851809583395,56637100
2015-10-23,MSFT,Microsoft,45.693687438964844,46.7308060486875,45.15784408775665,45.20105667630568,135227100
2015-10-26,MSFT,Microsoft,46.88638687133789,46.946885171290035,45.37392277871409,45.39984967957641,64633300
2015-10-27,MSFT,Microsoft,46.40238952636719,46.99009002638393,46.307323139904966,46.66167167989363,50999900
2015-10-28,MSFT,Microsoft,46.65303421020508,46.65303421020508,45.68505812780943,46.27275871634858,47000800
2015-10-29,MSFT,Microsoft,46.117183685302734,46.52338931460473,45.99618710557266,46.27275165835841,30202100
2015-10-30,MSFT,Microsoft,45.49491882324219,46.661678801454876,45.47763312390829,46.0826194129545,46619800
2015-11-02,MSFT,Microsoft,46.013465881347656,46.11717674881577,45.47761925612614,45.67639979248546,30285000
2015-11-03,MSFT,Microsoft,46.79997253417969,47.00739438304719,45.719640788671484,45.74556769555221,36596900
2015-11-04,MSFT,Microsoft,47.01603317260742,47.43088011686502,46.72218284164448,46.825893753481274,37087800
2015-11-05,MSFT,Microsoft,46.998748779296875,47.27531341649975,46.670327036277016,47.093818491506084,31468500
2015-11-06,MSFT,Microsoft,47.465450286865234,47.51730739349381,46.6357563622715,46.74811177817813,32851200
2015-11-09,MSFT,Microsoft,46.80860137939453,47.422228857578574,46.29004359722125,47.145664267498155,32513100
2015-11-10,MSFT,Microsoft,46.246826171875,46.78267293223129,46.03940438462922,46.730815836964915,55283700
2015-11-11,MSFT,Microsoft,46.36783218383789,46.843177414032546,46.20361967559789,46.411044787144625,36516300
2015-11-12,MSFT,Microsoft,46.082618713378906,46.65303359509791,45.970263317869254,46.22090100904079,35361100
2015-11-13,MSFT,Microsoft,45.66777420043945,46.05669420749093,45.3998507962684,45.86655480473017,36848200
2015-11-16,MSFT,Microsoft,46.471534729003906,46.575245617660244,45.67640912421278,45.87519299809284,32165200
2015-11-17,MSFT,Microsoft,46.08870315551758,46.57595179910934,45.984289886920095,46.262718631581805,31551300
2015-11-18,MSFT,Microsoft,46.8543701171875,46.96748280676405,46.09739234353582,46.11479455109619,29710000
2015-11-19,MSFT,Microsoft,46.932682037353516,47.55914828166361,46.793467685188155,46.97618921919991,28149200
2015-11-20,MSFT,Microsoft,47.15019607543945,47.245906547444115,46.349714526184776,47.20240269265964,37147600
2015-11-23,MSFT,Microsoft,47.15019607543945,47.385120874233245,46.76735750655218,47.20240269265964,28235900
2015-11-24,MSFT,Microsoft,47.202423095703125,47.36773914299381,46.61946388752058,46.915291555577774,24600000
2015-11-25,MSFT,Microsoft,46.715152740478516,47.185002356684485,46.715152740478516,47.06319023080845,21005100
2015-11-27,MSFT,Microsoft,46.923988342285156,47.05450326555303,46.80217618410573,46.810875630061815,9009100
2015-11-30,MSFT,Microsoft,47.28942108154297,47.820176859515044,46.984890710148555,47.45474041384175,56241400
2015-12-01,MSFT,Microsoft,48.0463981628418,48.05509760736778,47.24591318204605,47.34162366749104,39952800
2015-12-02,MSFT,Microsoft,48.037723541259766,48.69029179435502,47.90721188212098,48.13343408277514,47274900
2015-12-03,MSFT,Microsoft,47.158905029296875,48.52494682748937,46.92398019966016,48.28132255340616,38627800
2015-12-04,MSFT,Microsoft,48.646759033203125,48.92518772372892,47.07189405562201,47.08929626367135,43963700
2015-12-07,MSFT,Microsoft,48.55976486206055,48.698979246169415,48.10731728392356,48.54236264915535,30709800
2015-12-08,MSFT,Microsoft,48.542354583740234,48.81208054112346,47.84628277884972,48.263925861784024,32878000
2015-12-09,MSFT,Microsoft,47.837589263916016,48.61196950403281,47.42864554735118,48.17692412696649,36373200
2015-12-10,MSFT,Microsoft,48.089908599853516,48.42924340801087,47.86368318166043,48.194318544102174,31775800
2015-12-11,MSFT,Microsoft,47.03709411621094,47.94198572312273,46.993586935451006,47.60265095563932,39549500
2015-12-14,MSFT,Microsoft,47.976802825927734,48.037708912137944,46.70647114335377,47.272031451457416,46768900
2015-12-15,MSFT,Microsoft,48.02898406982422,48.63804792901634,47.933273608062905,48.429224801616094,39843000
2015-12-16,MSFT,Microsoft,48.83817672729492,48.94258664945692,47.64615044934675,48.32482324122869,37503300
2015-12-17,MSFT,Microsoft,48.46404266357422,49.41244146383905,48.316125549116514,49.038302274432525,41280900
2015-12-18,MSFT,Microsoft,47.09800720214844,48.725075767159,47.01099614679908,48.524955318554056,84684200
2015-12-21,MSFT,Microsoft,47.707061767578125,48.15950588833779,47.18500549733497,47.75056562698212,37246300
2015-12-22,MSFT,Microsoft,48.15951156616211,48.27262426925344,47.41993591170578,47.84628175004566,28322200
2015-12-23,MSFT,Microsoft,48.56846237182617,48.620669008459544,48.237826978080015,48.46405241769203,27279800
2015-12-24,MSFT,Microsoft,48.437950134277344,48.690277246676,48.22913021439299,48.60326949991298,9558500
2015-12-28,MSFT,Microsoft,48.68156433105469,48.68156433105469,47.837575480599845,48.159508037514136,22458300
2015-12-29,MSFT,Microsoft,49.20362091064453,49.46464741697446,48.77727839143648,48.97739882359383,27731400
2015-12-30,MSFT,Microsoft,48.99479293823242,49.40373318023508,48.977390731468034,49.134007273215964,21704500
2015-12-31,MSFT,Microsoft,48.272621154785156,48.89038462103935,48.220414529234645,48.75987303586091,27334100
2016-01-04,MSFT,Microsoft,47.68096160888672,47.68096160888672,46.4541340627373,47.263318542020116,53778000
2016-01-05,MSFT,Microsoft,47.898475646972656,48.19430651444585,47.4547310053286,47.79406572878549,34079700
2016-01-06,MSFT,Microsoft,47.02840042114258,47.33293414952754,46.67166337639007,47.263325302194104,39518900
2016-01-07,MSFT,Microsoft,45.39262771606445,46.5411504301648,45.30561997852814,45.85377801857769,56564900
2016-01-08,MSFT,Microsoft,45.53184509277344,46.35842855106603,45.375228510982076,45.56664619606853,48754000
2016-01-11,MSFT,Microsoft,45.50572967529297,45.98427875690671,44.77485356767378,45.688447872414855,36943800
2016-01-12,MSFT,Microsoft,45.92338562011719,46.201814375774845,45.29692257945374,45.90598340799701,36095500
2016-01-13,MSFT,Microsoft,44.931480407714844,47.04580094205306,44.6356494554456,46.810876069445214,66883600
2016-01-14,MSFT,Microsoft,46.21050262451172,46.48022852980942,44.870562584389475,45.24470172960714,52381900
2016-01-15,MSFT,Microsoft,44.365909576416016,45.21859774359737,43.800349506355175,44.644338230224974,71820700
2016-01-19,MSFT,Microsoft,43.991790771484375,44.96629150996316,43.55674538405759,44.79227269116587,43564500
2016-01-20,MSFT,Microsoft,44.191890716552734,44.70524416793932,42.721435866088264,43.487116321524304,63273000
2016-01-21,MSFT,Microsoft,43.92217254638672,44.87927418602671,43.765555974793486,44.37462005108581,40191200
2016-01-22,MSFT,Microsoft,45.497039794921875,45.5318442166797,44.600844189885876,44.73135911191153,37555800
2016-01-25,MSFT,Microsoft,45.06197738647461,45.81025557475318,44.94016527566295,45.192488939859494,34707700
2016-01-26,MSFT,Microsoft,45.39262771606445,45.6275525903714,44.85317244124799,45.06199565812053,28900800
2016-01-27,MSFT,Microsoft,44.5660400390625,45.41872839901345,44.39202126130816,45.25340906653738,36775200
2016-01-28,MSFT,Microsoft,45.296913146972656,45.427424731997796,44.59213863896206,45.12289438114057,62513800
2016-01-29,MSFT,Microsoft,47.93328857421875,47.93328857421875,46.98488974112338,47.62005544488347,83611700
2016-02-01,MSFT,Microsoft,47.602657318115234,47.93329268511785,47.419939083376555,47.75057445037917,44208500
2016-02-02,MSFT,Microsoft,46.11479949951172,47.211112140402754,45.810269132356446,47.13280385754396,56313800
2016-02-03,MSFT,Microsoft,45.3839225769043,46.45413354618694,44.60083976077943,46.33232140126351,57559800
2016-02-04,MSFT,Microsoft,45.24470901489258,45.94948356174287,44.69655103400901,45.33171674303762,46987100
2016-02-05,MSFT,Microsoft,43.64374542236328,45.24471229798018,43.1216923773472,45.19250566582565,62009000
2016-02-08,MSFT,Microsoft,42.99117660522461,43.13039096908102,41.9296650063618,43.11298875870744,59290500
2016-02-09,MSFT,Microsoft,42.87805938720703,43.71334880161732,42.3473036436035,42.65183731441026,46740500
2016-02-10,MSFT,Microsoft,43.252193450927734,43.84385519479889,43.086877468043426,43.40880999013666,38237000
2016-02-11,MSFT,Microsoft,43.234798431396484,43.600238190008454,42.20809131219284,42.35600843231475,48878600
2016-02-12,MSFT,Microsoft,43.9395751953125,44.096191768469936,43.28700724686726,43.722052545830756,34243300
2016-02-16,MSFT,Microsoft,44.77210235595703,44.77210235595703,43.930818794726555,44.605599362472994,37291200
2016-02-17,MSFT,Microsoft,45.9376220703125,46.24434228071127,45.087576747863814,45.1226310592745,40789000
2016-02-18,MSFT,Microsoft,45.73605728149414,46.40207571704371,45.65718676525702,45.85874735127833,27176000
2016-02-19,MSFT,Microsoft,45.411808013916016,45.814922453006524,45.157669342025926,45.54325997329701,33559100
2016-02-22,MSFT,Microsoft,46.13917541503906,46.44589223411706,45.81492810005649,45.81492810005649,25008300
2016-02-23,MSFT,Microsoft,44.8509635925293,45.8938042483213,44.67569538456548,45.86751518716378,28895300
2016-02-24,MSFT,Microsoft,45.00870132446289,45.13138805809629,43.99214980483399,44.4215533725509,33014500
2016-02-25,MSFT,Microsoft,45.657196044921875,45.657196044921875,44.35145465211874,45.33295200914008,26939500
2016-02-26,MSFT,Microsoft,44.95611572265625,46.165462479736874,44.78084754376649,46.095353870995986,35975900
2016-02-29,MSFT,Microsoft,44.588069915771484,45.26285044889254,44.39527452260446,44.99994642440531,31654000
2016-03-01,MSFT,Microsoft,46.07782745361328,46.086589357728705,44.62310399124425,44.6669235407082,33024500
2016-03-02,MSFT,Microsoft,46.40208435058594,46.41084625714804,45.70977672846788,45.92886116511563,29289900
2016-03-03,MSFT,Microsoft,45.87627410888672,46.41960585252604,45.37676192161007,46.41960585252604,24427800
2016-03-04,MSFT,Microsoft,45.59585189819336,45.96391549020586,45.3154240866425,45.92009927145664,33034200
2016-03-07,MSFT,Microsoft,44.719505310058594,45.39428564287099,44.32515607631746,45.183966497270724,38407800
2016-03-08,MSFT,Microsoft,45.26283264160156,45.683474235143485,44.34267560383125,44.51794377021427,33835100
2016-03-09,MSFT,Microsoft,46.305686950683594,46.31444885730002,45.44687635485535,45.47316541766784,28251600
2016-03-10,MSFT,Microsoft,45.61338806152344,46.39332827534861,44.83344784769826,46.38456636705384,38387800
2016-03-11,MSFT,Microsoft,46.507232666015625,46.507232666015625,45.902560970969134,46.445889306067244,32275700
2016-03-14,MSFT,Microsoft,46.59486770629883,46.96293122967956,46.12164795189872,46.1917532202325,24083600
2016-03-15,MSFT,Microsoft,46.96294021606445,46.96294021606445,46.21805446480052,46.226816371407864,21104800
2016-03-16,MSFT,Microsoft,47.62895584106445,47.84804028070682,46.796437644794075,46.8402538641299,31691700
2016-03-17,MSFT,Microsoft,47.9006233215332,48.19857830294266,47.32224051561643,47.50627064864373,28223900
2016-03-18,MSFT,Microsoft,46.875308990478516,48.1722884945196,46.84025467721606,48.12846893145987,67625500
2016-03-21,MSFT,Microsoft,47.19955062866211,47.26089400226786,46.38455627308502,46.66498407898647,23925700
2016-03-22,MSFT,Microsoft,47.38358688354492,47.54132796265533,46.8490202646667,46.980472278246566,23124100
2016-03-23,MSFT,Microsoft,47.29595184326172,47.53256344895408,47.0943945516638,47.418638599628856,20129000
2016-03-24,MSFT,Microsoft,47.50627136230469,47.61143430529726,47.085629619224626,47.182027312152776,19950000
2016-03-28,MSFT,Microsoft,46.91912841796875,47.57638179323477,46.73509827520551,47.506273161917235,17025100
2016-03-29,MSFT,Microsoft,47.944435119628906,48.07588711278728,46.84025108035819,47.024281196409476,23924300
2016-03-30,MSFT,Microsoft,48.242393493652344,48.75943291085361,48.110944834138095,48.13723389744829,23008300
2016-03-31,MSFT,Microsoft,48.400123596191406,48.71560565630613,48.075879631279065,48.15475014630775,26360500
2016-04-01,MSFT,Microsoft,48.69808578491211,48.73314009526884,47.82174808377212,48.24238977916375,24399200
2016-04-04,MSFT,Microsoft,48.575416564941406,48.776973907758745,48.198590950076394,48.575416564941406,18928800
2016-04-05,MSFT,Microsoft,47.812984466552734,48.4614724701292,47.72534869379719,48.36507479157956,19272300
2016-04-06,MSFT,Microsoft,48.30373001098633,48.37383862714261,47.506262888504104,47.637714872315726,21188700
2016-04-07,MSFT,Microsoft,47.72535705566406,48.119709744750494,47.52379975745622,48.084655429506476,19225100
2016-04-08,MSFT,Microsoft,47.690311431884766,48.443962632165054,47.60267897076738,47.90939592764233,22167200
2016-04-11,MSFT,Microsoft,47.593902587890625,48.33002640348939,47.58513733866605,47.75164364430201,21414200
2016-04-12,MSFT,Microsoft,47.891849517822266,48.005770994942,47.11190627275722,47.64647272510951,24944300
2016-04-13,MSFT,Microsoft,48.50529098510742,48.58416151284594,48.10217644020529,48.30373371265636,20818000
2016-04-14,MSFT,Microsoft,48.514068603515625,48.70686401891258,48.259929800122165,48.39138182752262,20877100
2016-04-15,MSFT,Microsoft,48.768192291259766,49.004800518501845,48.29496915084984,48.461472103380935,28793800
2016-04-18,MSFT,Microsoft,49.47803497314453,49.59195983143452,48.38261264371981,48.62798951872623,23786000
2016-04-19,MSFT,Microsoft,49.41668701171875,49.74969630504066,48.79448798856301,49.6270095503861,29596800
2016-04-20,MSFT,Microsoft,48.71562576293945,49.51309314716641,48.62799330694419,49.32906298379802,36195700
2016-04-21,MSFT,Microsoft,48.88211441040039,49.276467032490054,48.56663231272866,48.899641565044696,38909100
2016-04-22,MSFT,Microsoft,45.37675857543945,45.94637933652119,44.49165909536501,45.49068339624831,126834100
2016-04-25,MSFT,Microsoft,45.665950775146484,45.68347792749764,45.24530914760633,45.37675777579622,33226900
2016-04-26,MSFT,Microsoft,45.07880783081055,45.87627496422252,44.77209098833012,45.79740444144714,33532600
2016-04-27,MSFT,Microsoft,44.640647888183594,45.13139827679621,44.29887666911697,45.11387111902824,43369300
2016-04-28,MSFT,Microsoft,43.72925567626953,44.4916685934463,43.43130070336686,44.36021659191505,43134800
2016-04-29,MSFT,Microsoft,43.70295715332031,44.03596639241693,43.24726117954673,43.24726117954673,48411700
2016-05-02,MSFT,Microsoft,44.3514518737793,44.474138617851004,43.62408997254981,43.81688533778424,33114500
2016-05-03,MSFT,Microsoft,43.62409973144531,44.17619354623677,43.4663586415049,44.11485016047814,26460200
2016-05-04,MSFT,Microsoft,43.70295715332031,43.86946344435002,43.34365885478229,43.6766680938789,24257600
2016-05-05,MSFT,Microsoft,43.764305114746094,44.079787233011395,43.58027499341238,43.702961740968185,25390700
2016-05-06,MSFT,Microsoft,44.158653259277344,44.158653259277344,43.518927181573375,43.7467734976608,24787300
2016-05-09,MSFT,Microsoft,43.878231048583984,44.33392708154167,43.81688767327845,44.2462946433804,17951600
2016-05-10,MSFT,Microsoft,44.71075439453125,44.780859679308094,43.98339242506168,44.10608252360705,22891000
2016-05-11,MSFT,Microsoft,44.73703384399414,45.3767598913046,44.693217632554756,44.80714245666728,24039100
2016-05-12,MSFT,Microsoft,45.1401481628418,45.4030521163834,44.623108846752686,44.86848564719401,24102800
2016-05-13,MSFT,Microsoft,44.763328552246094,45.48192515436763,44.72827424410289,45.078807296646445,22592300
2016-05-16,MSFT,Microsoft,45.42058563232422,45.53450712899104,44.47413929009981,44.51795550750728,20032000
2016-05-17,MSFT,Microsoft,44.57341384887695,45.650024839049024,44.44104579742063,45.64120164882327,27803500
2016-05-18,MSFT,Microsoft,44.838157653808594,45.12937006638405,44.38809751663053,44.54694187488808,24907500
2016-05-19,MSFT,Microsoft,44.40574264526367,44.670482092709584,43.964509110738916,44.53811405215898,23842400
2016-05-20,MSFT,Microsoft,44.67048263549805,45.199964903168286,44.47634216706257,44.546937782945086,23905800
2016-05-23,MSFT,Microsoft,44.14983367919922,44.72343871535714,44.10571099172829,44.652839722327435,26118700
2016-05-24,MSFT,Microsoft,45.5264778137207,45.632372923121046,44.476343176833964,44.74108263350724,34757900
2016-05-25,MSFT,Microsoft,45.99418640136719,46.320701666986295,45.70297399562135,45.81769230007078,24040200
2016-05-26,MSFT,Microsoft,45.79121780395508,45.87063997851697,45.32351131283773,45.826517296281445,24335200
2016-05-27,MSFT,Microsoft,46.17067337036133,46.17067337036133,45.685317191531254,45.817685222297015,17721400
2016-05-31,MSFT,Microsoft,46.77075958251953,46.77075958251953,45.95889140938558,46.11773240149629,37653100
2016-06-01,MSFT,Microsoft,46.63839340209961,46.72664214801594,46.276581959706284,46.276581959706284,25324800
2016-06-02,MSFT,Microsoft,46.31187438964844,46.54131772766628,45.74709596736595,46.45306899521906,22840800
2016-06-03,MSFT,Microsoft,45.70296859741211,46.25892040626378,45.53529770612973,46.22362428324949,23368300
2016-06-06,MSFT,Microsoft,46.003013610839844,46.19715409531083,45.79122001300918,45.87946874808239,18243300
2016-06-07,MSFT,Microsoft,45.976539611816406,46.53249488843842,45.976539611816406,46.10008784711201,20866800
2016-06-08,MSFT,Microsoft,45.923580169677734,46.27656492436587,45.77355904001852,45.905930426991695,21149400
2016-06-09,MSFT,Microsoft,45.55294418334961,45.888282575516335,45.438225900678745,45.888282575516335,20305700
2016-06-10,MSFT,Microsoft,45.42940902709961,45.93241503937135,45.041124688291,45.04994787870583,25833200
2016-06-13,MSFT,Microsoft,44.246910095214844,44.75874274751111,43.29384715715181,43.752730559310166,83217800
2016-06-14,MSFT,Microsoft,43.97333908081055,44.21160224557007,43.743895739889936,44.03511151113264,42577100
2016-06-15,MSFT,Microsoft,43.84979248046875,44.22925363300662,43.84979248046875,43.92921466044982,33757600
2016-06-16,MSFT,Microsoft,44.4675178527832,44.53811683856947,43.69094584085892,43.69977239725467,31188600
2016-06-17,MSFT,Microsoft,44.23808670043945,44.50282621722337,43.964520625500235,44.48517646725836,45710500
2016-06-20,MSFT,Microsoft,44.18513107299805,44.855808009482494,44.14983157816305,44.688137092188825,35607900
2016-06-21,MSFT,Microsoft,45.17349624633789,45.385289862516615,44.26455607758346,44.2998555746708,34097800
2016-06-22,MSFT,Microsoft,44.99699783325195,45.411755071210834,44.96169834217404,45.07642000500489,28816800
2016-06-23,MSFT,Microsoft,45.808860778808594,45.941232172293354,45.138187355468595,45.25290563905472,29028800
2016-06-24,MSFT,Microsoft,43.97333908081055,44.95287477578017,43.69977305628058,43.95568933409781,133503000
2016-06-27,MSFT,Microsoft,42.737876892089844,43.373254206536735,42.39371530221259,43.32912816365447,50216300
2016-06-28,MSFT,Microsoft,43.62916946411133,43.655645764558194,42.94966943594859,43.17028619705294,38140700
2016-06-29,MSFT,Microsoft,44.599891662597656,44.75873602280043,43.94686447439237,44.04393640188796,31304000
2016-06-30,MSFT,Microsoft,45.15584182739258,45.27056349788828,44.56459046088582,44.758734308440864,28527800
2016-07-01,MSFT,Microsoft,45.14702224731445,45.64120509590519,45.067600063904244,45.1205493082928,21400400
2016-07-05,MSFT,Microsoft,45.15584182739258,45.2529137511701,44.77638405515905,44.855806232218384,24806400
2016-07-06,MSFT,Microsoft,45.3411750793457,45.48236972596635,44.46753088901763,44.81169262975884,28167500
2016-07-07,MSFT,Microsoft,45.3411750793457,45.54414217346627,45.06760897874186,45.376471216241434,19585200
2016-07-08,MSFT,Microsoft,46.15303039550781,46.20597963538677,45.49118004557315,45.65002439886507,28391000
2016-07-11,MSFT,Microsoft,46.40895080566406,46.62074441769915,46.30305568281915,46.32952862194406,22269200
2016-07-12,MSFT,Microsoft,46.956077575683594,47.123748493401095,46.5854429780146,46.717811034462756,27317600
2016-07-13,MSFT,Microsoft,47.2208137512207,47.529679260680865,46.92960135433271,47.26493979996136,25356800
2016-07-14,MSFT,Microsoft,47.423789978027344,47.6444067834648,47.28259535720119,47.51203535366421,24545500
2016-07-15,MSFT,Microsoft,47.388492584228516,47.653232089232944,46.956082145189775,47.60910939945644,32024400
2016-07-18,MSFT,Microsoft,47.617923736572266,47.953262175941035,47.2561123615292,47.38848377259037,31433900
2016-07-19,MSFT,Microsoft,46.850189208984375,47.56498893565892,46.70899457528459,47.397317993777826,53336500
2016-07-20,MSFT,Microsoft,49.338748931884766,50.15944382884188,49.00341039951571,49.550542575050954,89893300
2016-07-21,MSFT,Microsoft,49.24166488647461,49.62112601941464,49.20636539356276,49.40050923823299,32776700
2016-07-22,MSFT,Microsoft,49.92116928100586,49.97411852493926,49.22401938443624,49.488762237758024,32157200
2016-07-25,MSFT,Microsoft,50.062355041503906,50.07118159710383,49.64759445326766,49.832915091075215,25610600
2016-07-26,MSFT,Microsoft,50.08883285522461,50.556542723590425,49.86821607255893,49.87704262901873,28079000
2016-07-27,MSFT,Microsoft,49.5858268737793,50.12413236224775,49.51523125380611,49.9564648192596,32327500
2016-07-28,MSFT,Microsoft,49.60346984863281,49.744664435648644,49.171062898672545,49.41815258436413,37550400
2016-07-29,MSFT,Microsoft,50.018245697021484,50.08884132891803,49.4622903680746,49.64760768894172,30558700
2016-08-01,MSFT,Microsoft,49.92999267578125,50.080010474573136,49.54170497755283,49.947639056296175,26003400
2016-08-02,MSFT,Microsoft,49.92999267578125,50.2123818928501,49.691726142689724,50.16825584252778,35122000
2016-08-03,MSFT,Microsoft,50.27415466308594,50.397699525594476,49.85057083462307,50.018238381406796,22075600
2016-08-04,MSFT,Microsoft,50.64480209350586,50.759523794789374,50.00942450651516,50.12414620779868,26587700
2016-08-05,MSFT,Microsoft,51.147796630859375,51.368413424504915,50.697739853014326,50.87423396119978,29335200
2016-08-08,MSFT,Microsoft,51.23603820800781,51.26251114231531,50.98894514454081,51.23603820800781,19473500
2016-08-09,MSFT,Microsoft,51.35958480834961,51.62432425948829,51.20074046439745,51.33310850679441,16920700
2016-08-10,MSFT,Microsoft,51.20075607299805,51.465495604842836,51.02426192965293,51.324300963435896,15756900
2016-08-11,MSFT,Microsoft,51.44784164428711,51.580213082551445,51.20957507521861,51.20957507521861,18162300
2016-08-12,MSFT,Microsoft,51.13015365600586,51.350770478873876,50.84776439204245,51.20957584689217,21655200
2016-08-15,MSFT,Microsoft,51.28899002075195,51.62432848167104,51.1477954108405,51.191918095248134,19283900
2016-08-16,MSFT,Microsoft,51.00483322143555,51.16466758363606,50.85388042787171,51.15578940232534,20523500
2016-08-17,MSFT,Microsoft,51.11140060424805,51.217955735125614,50.81836976017656,51.093640851214026,18856400
2016-08-18,MSFT,Microsoft,51.146907806396484,51.23570655608602,50.853880400735875,50.987073444281265,14214300
2016-08-19,MSFT,Microsoft,51.164676666259766,51.26235361464677,50.79173201313835,50.99596409279911,17271000
2016-08-22,MSFT,Microsoft,51.209068298339844,51.280107302337555,50.84500187116694,51.14691086350492,15221900
2016-08-23,MSFT,Microsoft,51.404422760009766,51.66193407145786,51.368903257604615,51.41330432927415,18732400
2016-08-24,MSFT,Microsoft,51.45770263671875,51.53761982443498,51.25347057640535,51.32450619474964,18151500
2016-08-25,MSFT,Microsoft,51.653053283691406,51.759611792519074,51.30674659831708,51.39554535567347,18552600
2016-08-26,MSFT,Microsoft,51.528743743896484,52.12368362411819,51.22683471228993,51.75073557927406,20971200
2016-08-29,MSFT,Microsoft,51.59090042114258,52.03488408530844,51.59090042114258,51.661939433325855,16417200
2016-08-30,MSFT,Microsoft,51.404422760009766,51.67081225339605,51.15579301782606,51.484339946758276,16930200
2016-08-31,MSFT,Microsoft,51.02259063720703,51.32449959784897,50.88051603145352,51.19130656032581,20860300
2016-09-01,MSFT,Microsoft,51.13804626464844,51.34227837439954,50.62302351084623,50.62302351084623,26075400
2016-09-02,MSFT,Microsoft,51.209068298339844,51.67081166234652,50.98707649183622,51.209068298339844,18900500
2016-09-06,MSFT,Microsoft,51.15579605102539,51.32450861646413,50.80060778056591,51.30674886420852,16278400
2016-09-07,MSFT,Microsoft,51.200199127197266,51.36003352699513,50.978207281625416,51.03148654400029,17493400
2016-09-08,MSFT,Microsoft,50.99596405029297,51.315632831174334,50.773972217717194,51.1735581938189,20146100
2016-09-09,MSFT,Microsoft,49.912635803222656,51.07587406174912,49.912635803222656,50.42765840827784,35113900
2016-09-12,MSFT,Microsoft,50.658531188964844,50.80060581418395,49.379859561992845,49.726166249256536,29303000
2016-09-13,MSFT,Microsoft,50.196800231933594,50.30335876771173,49.77057625080234,50.17016229165261,30130200
2016-09-14,MSFT,Microsoft,49.9570426940918,50.28559305952711,49.7528106056823,50.07247940052385,24062500
2016-09-15,MSFT,Microsoft,50.78285598754883,50.92493064053482,49.70841621263435,49.859372436803355,26847000
2016-09-16,MSFT,Microsoft,50.83612060546875,51.173549079336226,50.39213701939479,51.173549079336226,44607000
2016-09-19,MSFT,Microsoft,50.551971435546875,51.28010424650248,50.48093243578245,50.85388040989378,20937100
2016-09-20,MSFT,Microsoft,50.4454231262207,50.9249228899914,50.39214386921223,50.9249228899914,17384000
2016-09-21,MSFT,Microsoft,51.28898239135742,51.36889957237262,50.685167830418706,51.066990598240295,33707300
2016-09-22,MSFT,Microsoft,51.3422737121582,51.502108111767065,51.17356112916073,51.43106909535124,19822200
2016-09-23,MSFT,Microsoft,50.99596405029297,51.42218796235927,50.951566361243124,51.38666845618877,19955300
2016-09-26,MSFT,Microsoft,50.52533721923828,50.738447459548865,50.46317978353718,50.685171593134314,21688700
2016-09-27,MSFT,Microsoft,51.45770263671875,51.555379575852605,50.32998382664596,50.55197563837699,28065100
2016-09-28,MSFT,Microsoft,51.528743743896484,51.55538506752387,51.20907495898054,51.3955506750659,20536400
2016-09-29,MSFT,Microsoft,50.96932601928711,51.65305788149819,50.80061005895513,51.33339248853945,25463500
2016-09-30,MSFT,Microsoft,51.146907806396484,51.29786398720573,50.91603783185558,51.120269875152594,29910800
2016-10-03,MSFT,Microsoft,50.9870719909668,51.102508668609865,50.66740666317391,50.978193809913876,19189500
2016-10-04,MSFT,Microsoft,50.827247619628906,51.146912988923916,50.58749605216293,50.85388555357192,20085900
2016-10-05,MSFT,Microsoft,51.18244552612305,51.46659485162873,50.845016931837364,50.87165825989094,16726400
2016-10-06,MSFT,Microsoft,51.271236419677734,51.37779155351776,50.86276886319212,51.271236419677734,16212600
2016-10-07,MSFT,Microsoft,51.32450866699219,51.48434305012367,50.98708014845613,51.368906354011735,20089000
2016-10-10,MSFT,Microsoft,51.53762435913086,51.84841156796938,51.38666815246177,51.422187658422324,18196500
2016-10-11,MSFT,Microsoft,50.78285598754883,51.51987057870091,50.516466436615964,51.404433864610134,26497400
2016-10-12,MSFT,Microsoft,50.71181106567383,50.85388569263555,50.08135512023907,50.71181106567383,22177500
2016-10-13,MSFT,Microsoft,50.54310989379883,50.880538501728545,50.01033073376436,50.34775934169408,25313700
2016-10-14,MSFT,Microsoft,50.9870719909668,51.27122459454801,50.720682524143136,50.720682524143136,27402500
2016-10-17,MSFT,Microsoft,50.80948257446289,51.02259279845734,50.49869203242592,50.933797436347305,23830000
2016-10-18,MSFT,Microsoft,51.200199127197266,51.45771048101902,50.978207281625416,51.08476241904842,19149500
2016-10-19,MSFT,Microsoft,51.08475112915039,51.3600221762613,50.969317833839426,51.03147526587641,22878400
2016-10-20,MSFT,Microsoft,50.83612060546875,51.075872148427806,50.31221983840844,51.05811239850573,49455600
2016-10-21,MSFT,Microsoft,52.97612762451172,53.67762258648787,52.82517481329794,53.52666638794775,80032200
2016-10-24,MSFT,Microsoft,54.16600799560547,54.16600799560547,53.21588320830803,53.224761391326226,54067000
2016-10-25,MSFT,Microsoft,54.15711975097656,54.494544840204995,53.98840381903637,54.032801500532116,35137200
2016-10-26,MSFT,Microsoft,53.83745193481445,54.34359296454134,53.69537731923017,53.997286300762525,29911600
2016-10-27,MSFT,Microsoft,53.36683654785156,54.01505569623695,53.35795836474736,53.81970179467825,28479900
2016-10-28,MSFT,Microsoft,53.162601470947266,53.73978157270612,52.905093527499666,53.286916351368816,33574700
2016-10-31,MSFT,Microsoft,53.207000732421875,53.650984396960745,53.207000732421875,53.42011438182421,26434700
2016-11-01,MSFT,Microsoft,53.10044860839844,53.29580251580269,52.61206722721454,53.251404824299925,24533000
2016-11-02,MSFT,Microsoft,52.77189636230469,53.2158800076969,52.656459666051326,53.11820306373839,22147000
2016-11-03,MSFT,Microsoft,52.5765380859375,52.95836426009071,52.48774271920118,52.86068732428508,21600400
2016-11-04,MSFT,Microsoft,52.132564544677734,52.638705684930784,51.96385196036898,52.07928866927853,28697000
2016-11-07,MSFT,Microsoft,53.650970458984375,53.73976920121907,53.08267205798501,53.08267205798501,31664800
2016-11-08,MSFT,Microsoft,53.69538879394531,53.97065651509374,53.41123950205399,53.76642442325477,22935400
2016-11-09,MSFT,Microsoft,53.428993225097656,53.801941269329916,52.56766720862792,53.27804040320534,49632500
2016-11-10,MSFT,Microsoft,52.123680114746094,53.71314236199288,51.173555394286026,53.70426079227286,57822400
2016-11-11,MSFT,Microsoft,52.4078254699707,52.4966208365982,51.51097668533297,51.70633055670478,38767800
2016-11-14,MSFT,Microsoft,51.60865783691406,52.461109007874526,50.86276517940265,52.407829751150004,41328400
2016-11-15,MSFT,Microsoft,52.62778091430664,53.18204232598326,52.13610026412437,52.1450418344278,35904100
2016-11-16,MSFT,Microsoft,53.3250732421875,53.33401140169158,52.57414166608746,52.690354790688794,27332500
2016-11-17,MSFT,Microsoft,54.2100944519043,54.48722512300378,53.61113890463019,54.00448269342768,32132700
2016-11-18,MSFT,Microsoft,53.95085906982422,54.657093189729366,53.906161441647654,54.33526481052143,27686300
2016-11-21,MSFT,Microsoft,54.40678405761719,54.50512088629914,54.01343674288938,54.08495567655279,19652600
2016-11-22,MSFT,Microsoft,54.63918685913086,54.764341521186566,54.36205965321001,54.51403219707515,23206700
2016-11-23,MSFT,Microsoft,53.99554443359375,54.621317866827795,53.86144817778106,54.54086079538207,21848900
2016-11-25,MSFT,Microsoft,54.11176681518555,54.11176681518555,53.75418242214782,53.9061550218916,8409600
2016-11-28,MSFT,Microsoft,54.183284759521484,54.54981071662396,53.82569696274396,53.941913508228154,20732600
2016-11-29,MSFT,Microsoft,54.61237716674805,54.898445982975474,54.10281687470485,54.21903339698765,22366700
2016-11-30,MSFT,Microsoft,53.87038040161133,54.692830753578114,53.83462435951552,54.40676195555725,34655400
2016-12-01,MSFT,Microsoft,52.92277908325195,53.772047324096974,52.6903460521782,53.73628787159192,34542100
2016-12-02,MSFT,Microsoft,52.96747970581055,53.164153295563224,52.56519436777519,52.81550713933568,25515700
2016-12-05,MSFT,Microsoft,53.83464431762695,54.16541084854941,53.244626776695654,53.369781495952246,23552700
2016-12-06,MSFT,Microsoft,53.59326171875,54.049182872615084,53.45916545632576,54.022364984214086,19907000
2016-12-07,MSFT,Microsoft,54.86268997192383,54.87163154123489,53.45916368852341,53.64689572154167,30809000
2016-12-08,MSFT,Microsoft,54.54086685180664,55.0504306343531,54.38889426120546,54.80011782305435,21220800
2016-12-09,MSFT,Microsoft,55.399078369140625,55.416958099739986,54.64814673501699,54.69284435641043,27349400
2016-12-12,MSFT,Microsoft,55.57786560058594,55.694082137572266,55.175583621388924,55.26497885894166,20198100
2016-12-13,MSFT,Microsoft,56.301979064941406,56.69532288281423,55.64044612532757,55.87287578811385,35718900
2016-12-14,MSFT,Microsoft,56.033782958984375,56.72213711212061,55.89968670972318,56.31985177454629,30352700
2016-12-15,MSFT,Microsoft,55.94438934326172,56.453949648786704,55.694076564783046,56.05166429963293,27669900
2016-12-16,MSFT,Microsoft,55.69407653808594,56.275155754386105,55.53316239850156,56.275155754386105,42453100
2016-12-19,MSFT,Microsoft,56.874114990234375,57.00821125201963,55.80135512658114,55.92651322901186,34338200
2016-12-20,MSFT,Microsoft,56.80260467529297,57.03503435205555,56.34668007172918,56.936697539121795,26028400
2016-12-21,MSFT,Microsoft,56.80260467529297,56.945639109503,56.42713715411045,56.70426786235921,17096300
2016-12-22,MSFT,Microsoft,56.8115348815918,57.30321546721314,56.68638019545648,57.070785822991766,22176600
2016-12-23,MSFT,Microsoft,56.53441619873047,56.802605339735145,56.14106894239431,56.72214825641275,12403800
2016-12-27,MSFT,Microsoft,56.57017517089844,57.276409226502956,56.50759781510666,56.50759781510666,11763200
2016-12-28,MSFT,Microsoft,56.31090545654297,56.67743128650993,56.16787106948778,56.67743128650993,14653300
2016-12-29,MSFT,Microsoft,56.23046875,56.49865789650768,56.078492740512644,56.194709287742974,10250600
2016-12-30,MSFT,Microsoft,55.551055908203125,56.310929180363395,55.452719086259194,56.284107876972186,25579900
2017-01-03,MSFT,Microsoft,55.94438934326172,56.176818983767575,55.54210399410795,56.13212136946368,20694100
2017-01-04,MSFT,Microsoft,55.69407653808594,56.09636188704687,55.53316239850156,55.85499067767031,21340000
2017-01-05,MSFT,Microsoft,55.69407653808594,56.015904817254686,55.45270532870937,55.59573974053889,24876000
2017-01-06,MSFT,Microsoft,56.176822662353516,56.45395334551979,55.46165055603203,55.694080211757914,19922900
2017-01-09,MSFT,Microsoft,55.99803161621094,56.39137885224474,55.90863637722677,56.105306585033894,20382700
2017-01-10,MSFT,Microsoft,55.98014831542969,56.382433685616434,55.676199747978536,56.07848511816529,18593000
2017-01-11,MSFT,Microsoft,56.48970413208008,56.52546358661814,55.81029154690332,55.97120568211532,21517300
2017-01-12,MSFT,Microsoft,55.97119903564453,56.677432832965586,55.381181746667046,56.373484325903924,20968200
2017-01-13,MSFT,Microsoft,56.05167007446289,56.20364266079526,55.738779921680795,55.98015115604079,19422300
2017-01-17,MSFT,Microsoft,55.899696350097656,56.051672352817185,55.452713322420024,56.033792622484896,20664000
2017-01-18,MSFT,Microsoft,55.87287902832031,56.051672923252916,55.53317096896935,56.02485162237659,19670100
2017-01-19,MSFT,Microsoft,55.69407653808594,56.30197364091371,55.604681309521006,55.640440765030725,18451700
2017-01-20,MSFT,Microsoft,56.087432861328125,56.158948373783495,55.756662959316,56.02485209889102,30213500
2017-01-23,MSFT,Microsoft,56.28409957885742,56.42713400508514,55.93545337806547,56.05166991506603,23097600
2017-01-24,MSFT,Microsoft,56.78470230102539,56.9813758484665,56.26620055239285,56.49863354667935,24672900
2017-01-25,MSFT,Microsoft,56.92775344848633,57.303217520344866,56.72214168386719,57.169124670485196,23672700
2017-01-26,MSFT,Microsoft,57.45518493652344,57.69655954704426,56.81153181256849,57.32109550892131,43554600
2017-01-27,MSFT,Microsoft,58.805084228515625,58.92130417722005,58.00945500925702,58.45643802324138,44818000
2017-01-30,MSFT,Microsoft,58.2240104675293,58.81403137574064,57.9290068338438,58.724636128550486,31651400
2017-01-31,MSFT,Microsoft,57.794891357421875,58.24187426533632,57.446245234882035,57.98262336029579,25270500
2017-02-01,MSFT,Microsoft,56.83835220336914,57.768077535646455,56.74001541108088,57.53564449747253,39671500
2017-02-02,MSFT,Microsoft,56.47183609008789,56.68638945150283,56.09637197037423,56.54335501396287,45827000
2017-02-03,MSFT,Microsoft,56.92775344848633,56.94563317717619,56.38243365917883,56.76683930048708,30301800
2017-02-06,MSFT,Microsoft,56.891990661621094,56.90093223054752,56.445007701161835,56.766835978326,19796400
2017-02-07,MSFT,Microsoft,56.70426559448242,57.017152341112414,56.525471706318235,56.9813962916474,20277200
2017-02-08,MSFT,Microsoft,56.62379837036133,57.04396342073716,56.51652342076655,56.829410111338454,18096400
2017-02-09,MSFT,Microsoft,57.2674446105957,57.60715596569396,56.605911855515295,56.78470569020497,22644400
2017-02-10,MSFT,Microsoft,57.21382522583008,57.48201775974394,57.19594549622184,57.43731673061848,18170700
2017-02-13,MSFT,Microsoft,57.857479095458984,57.982633786546515,57.33003562265944,57.42837242571665,22920100
2017-02-14,MSFT,Microsoft,58.07334518432617,58.208254436791904,57.578680212541684,57.92944701366044,23108400
2017-02-15,MSFT,Microsoft,58.03736114501953,58.07333739830495,57.70459281022461,58.01038067049764,17005200
2017-02-16,MSFT,Microsoft,58.02835464477539,58.67591336073081,57.956409013266125,58.226220570402596,20546300
2017-02-17,MSFT,Microsoft,58.1182975769043,58.18125429187135,57.83049447108818,57.983388370041396,21248800
2017-02-21,MSFT,Microsoft,58.00138473510742,58.415101354119514,57.96540848191915,58.109313494672236,20655900
2017-02-22,MSFT,Microsoft,57.88445281982422,57.91143328763644,57.60564550340858,57.857472352011996,19292700
2017-02-23,MSFT,Microsoft,58.1182975769043,58.217230537819276,57.7315615101732,57.93841634716466,20273100
2017-02-24,MSFT,Microsoft,58.1182975769043,58.28018725278632,57.686589487296466,58.037349308079634,21796800
2017-02-27,MSFT,Microsoft,57.767547607421875,58.04635498385518,57.60565790393224,58.04635498385518,15871500
2017-02-28,MSFT,Microsoft,57.54269027709961,57.74055277610141,57.34482434721403,57.632630895631145,23239800
2017-03-01,MSFT,Microsoft,58.4061164855957,58.45108165887131,57.578676328448445,57.67760931613161,26937500
2017-03-02,MSFT,Microsoft,57.56968307495117,58.23522660051903,57.45276196823302,58.18126565194474,24539600
2017-03-03,MSFT,Microsoft,57.78551483154297,57.81249529700581,57.21890104064086,57.551676125470856,18135900
2017-03-06,MSFT,Microsoft,57.80351257324219,58.06433523455386,57.38979942949081,57.53370099592415,18750300
2017-03-07,MSFT,Microsoft,57.920433044433594,58.262197096485984,57.73156289500195,57.73156289500195,18521000
2017-03-08,MSFT,Microsoft,58.45106887817383,58.532017151200726,57.785525448005366,57.79452122540117,21510900
2017-03-09,MSFT,Microsoft,58.21724319458008,58.6399487373904,57.9923967548481,58.63095982027465,19846800
2017-03-10,MSFT,Microsoft,58.3970947265625,58.69389355757227,58.235205078899554,58.55898437422545,19538200
2017-03-13,MSFT,Microsoft,58.19925308227539,58.63096127646115,58.07333962183974,58.46907156136261,20100000
2017-03-14,MSFT,Microsoft,57.9294319152832,58.05534535496201,57.695589729407786,58.03735379971199,14280200
2017-03-15,MSFT,Microsoft,58.2352180480957,58.388111954447936,57.7855252446355,58.055343671418676,24833800
2017-03-16,MSFT,Microsoft,58.13629150390625,58.244220258894444,57.83050365742562,58.235224480536665,20674300
2017-03-17,MSFT,Microsoft,58.3431510925293,58.675919400092006,58.1722656188502,58.37912734287059,49219700
2017-03-20,MSFT,Microsoft,58.3970947265625,58.621941078218484,58.20822461458341,58.37911003760711,14598100
2017-03-21,MSFT,Microsoft,57.74954605102539,58.90975424818025,57.67759355931797,58.63094692002309,26640500
2017-03-22,MSFT,Microsoft,58.48703384399414,58.58596679096107,57.668596664809726,57.668596664809726,20680000
2017-03-23,MSFT,Microsoft,58.3431510925293,58.675919400092006,58.253207035792,58.40610781518453,19269200
2017-03-24,MSFT,Microsoft,58.44207763671875,58.86478309275173,58.24421171249157,58.78384168471372,22617100
2017-03-27,MSFT,Microsoft,58.55000686645508,58.657935619159495,57.87546760103101,58.12729449557308,18614700
2017-03-28,MSFT,Microsoft,58.72088623046875,58.88277591178996,58.145279999497205,58.42408733775193,20080400
2017-03-29,MSFT,Microsoft,58.88277053833008,58.90975100579354,58.41508622974042,58.567986981644864,13618400
2017-03-30,MSFT,Microsoft,59.0986328125,59.34147079116839,58.78384919364122,58.83781013922607,15122800
2017-03-31,MSFT,Microsoft,59.233524322509766,59.53032315799563,58.86477300658499,59.04465420768227,21040300
2017-04-03,MSFT,Microsoft,58.95472717285156,59.3054869980822,58.63094781698215,59.18856248182706,20400900
2017-04-04,MSFT,Microsoft,59.11663055419922,59.18857620191722,58.71190283466165,58.81083581976401,12997400
2017-04-05,MSFT,Microsoft,58.96372985839844,59.67424545183497,58.85580795574969,59.629280279654324,21448600
2017-04-06,MSFT,Microsoft,59.11663055419922,59.41342264773733,58.89178410837911,58.99970601084062,18103500
2017-04-07,MSFT,Microsoft,59.07163619995117,59.323463026233206,58.85578561481891,59.22453007851292,14108500
2017-04-10,MSFT,Microsoft,58.936744689941406,59.19756737018971,58.78385076551709,59.00869719382406,17952700
2017-04-11,MSFT,Microsoft,58.891788482666016,59.008706172939895,58.32517100558075,58.9997103931436,18791500
2017-04-12,MSFT,Microsoft,58.66693115234375,58.918758045834224,58.55900240009002,58.83780976620188,17108500
2017-04-13,MSFT,Microsoft,58.41510009765625,59.233544401105775,58.41510009765625,58.7208948122948,17896500
2017-04-17,MSFT,Microsoft,58.891788482666016,58.900777400692824,58.46907603524351,58.49605651286291,16689300
2017-04-18,MSFT,Microsoft,58.810829162597656,59.09863230619838,58.60397429844899,58.75686821747508,15155600
2017-04-19,MSFT,Microsoft,58.49605941772461,59.13462257958224,58.36115016115867,59.04468536246156,26992800
2017-04-20,MSFT,Microsoft,58.90976333618164,59.1346097611289,58.58598393531612,58.87378708477788,22299500
2017-04-21,MSFT,Microsoft,59.719200134277344,59.98901167427403,58.864779769870346,59.062645682928114,32522600
2017-04-24,MSFT,Microsoft,60.73552322387695,60.85244777181129,60.348787047461016,60.690558050014644,29770000
2017-04-25,MSFT,Microsoft,61.08626937866211,61.1941981227951,60.798466256075166,61.06828468552379,30242700
2017-04-26,MSFT,Microsoft,61.00532150268555,61.437022709938496,60.81645136679151,61.23016788281183,26190800
2017-04-27,MSFT,Microsoft,61.40104293823242,61.499975888745674,60.7804716307371,61.29312107350275,34971000
2017-04-28,MSFT,Microsoft,61.571929931640625,62.183512340400455,60.879406122284685,61.97665751992144,39548800
2017-05-01,MSFT,Microsoft,62.42637252807617,62.55228599286205,61.60792814519877,61.7698178658905,31954400
2017-05-02,MSFT,Microsoft,62.32742691040039,62.696171450620724,62.17452613834043,62.696171450620724,23906100
2017-05-03,MSFT,Microsoft,62.12955856323242,62.39937012473186,61.79678342277215,62.39937012473186,28928000
2017-05-04,MSFT,Microsoft,61.886714935302734,62.12955286632976,61.733821044962404,62.084580845986416,21749400
2017-05-05,MSFT,Microsoft,62.0576286315918,62.0846091113745,61.598939889975725,61.96769141172611,19128800
2017-05-08,MSFT,Microsoft,62.0036506652832,62.102583638530525,61.535966271428904,62.03063113766554,18566100
2017-05-09,MSFT,Microsoft,62.09357833862305,62.309428946349854,61.7697989961493,61.931688667386176,22858400
2017-05-10,MSFT,Microsoft,62.33641052246094,62.56125691085448,61.985650705508384,62.04860741978789,17977800
2017-05-11,MSFT,Microsoft,61.571929931640625,61.81476785696246,61.266142158144085,61.481992754833804,28789400
2017-05-12,MSFT,Microsoft,61.500003814697266,61.70686558563865,61.19421591008878,61.70686558563865,18714100
2017-05-15,MSFT,Microsoft,61.54493713378906,61.589909144065366,60.77146521704111,61.2841145700703,31530300
2017-05-16,MSFT,Microsoft,62.78419494628906,62.81133007246906,61.65351868145401,61.71683627624076,34956000
2017-05-17,MSFT,Microsoft,61.03841018676758,62.5037617212128,60.99318039079914,62.31380900012167,30548800
2017-05-18,MSFT,Microsoft,61.24644470214844,61.62635010721603,60.73085682352892,60.96603931761245,25201300
2017-05-19,MSFT,Microsoft,61.228389739990234,61.59924800528051,60.99320711986655,61.05652472131127,26961100
2017-05-22,MSFT,Microsoft,61.915836334228516,61.961066150253046,61.05652503857052,61.409295520038626,16237600
2017-05-23,MSFT,Microsoft,62.12385177612305,62.18716934523066,61.85248682217761,62.16003423005561,15425800
2017-05-24,MSFT,Microsoft,62.20527648925781,62.30477654327732,61.915823668773704,62.29573610280252,14593900
2017-05-25,MSFT,Microsoft,62.97413635253906,63.20931200434125,62.331913178281084,62.38618342083559,21854100
2017-05-26,MSFT,Microsoft,63.281681060791016,63.516863629049695,62.88368085313779,63.136958104162225,19827900
2017-05-30,MSFT,Microsoft,63.6887321472168,63.6887321472168,63.10981958524939,63.12791426902016,17072800
2017-05-31,MSFT,Microsoft,63.17313766479492,63.98722591327937,63.14600254002875,63.79727313881631,30436400
2017-06-01,MSFT,Microsoft,63.4083366394043,63.869654582982506,62.82038348011469,63.5349718551157,21603600
2017-06-02,MSFT,Microsoft,64.90984344482422,65.00029613583166,63.534937697558505,63.715849980671344,34770300
2017-06-05,MSFT,Microsoft,65.38021850585938,65.93198903528716,64.95508315684782,65.0998130208091,33316800
2017-06-06,MSFT,Microsoft,65.59732055664062,65.68778019168754,65.37118527122583,65.39832730240065,31511100
2017-06-07,MSFT,Microsoft,65.47969818115234,65.82342114942513,65.08169808023824,65.70583334738124,22301800
2017-06-08,MSFT,Microsoft,65.08172607421875,65.59731419894965,64.67468536036299,65.58827375720215,24588300
2017-06-09,MSFT,Microsoft,63.60730743408203,65.19930114070448,62.04244884670965,65.16311868133823,49187400
2017-06-12,MSFT,Microsoft,63.118865966796875,63.26359583036166,61.626372029008785,62.639460370663066,47761700
2017-06-13,MSFT,Microsoft,63.90581130981445,64.05958159534876,63.28167592592961,63.335946167624336,25258600
2017-06-14,MSFT,Microsoft,63.562110900878906,64.31288179818527,62.802299559823375,64.14102365262391,25510700
2017-06-15,MSFT,Microsoft,63.2274055480957,63.507810997713186,62.23241201294118,62.6575404071326,26068700
2017-06-16,MSFT,Microsoft,63.317867279052734,63.34500240371064,62.61232643354784,63.073644256031756,48345100
2017-06-19,MSFT,Microsoft,64.10481262207031,64.16813020562333,63.63444751473452,63.77013002266211,23798300
2017-06-20,MSFT,Microsoft,63.236473083496094,64.10483173154947,63.2002906105229,64.05960191505771,21512200
2017-06-21,MSFT,Microsoft,63.562110900878906,63.878705860754145,63.263617531808286,63.50784063397554,19891100
2017-06-22,MSFT,Microsoft,63.55305480957031,63.85154810514814,63.05555448177328,63.80632519423048,22965700
2017-06-23,MSFT,Microsoft,64.4123306274414,64.44851307694952,63.24547250991662,63.399242744503695,27617300
2017-06-26,MSFT,Microsoft,63.797271728515625,64.86463031935581,63.71586635601667,64.58422483483754,19607000
2017-06-27,MSFT,Microsoft,62.603294372558594,63.48070042319734,62.57615924127723,63.417382816507,25215100
2017-06-28,MSFT,Microsoft,63.136959075927734,63.173134639817135,62.22337081298028,62.603276343715024,25806200
2017-06-29,MSFT,Microsoft,61.95200729370117,62.85654823728431,61.59018953604797,62.75704818140219,28918700
2017-06-30,MSFT,Microsoft,62.3499870300293,62.75702756045486,62.17812209886863,62.214304552854955,24161100
2017-07-03,MSFT,Microsoft,61.662559509277344,62.95605344040019,61.526876976426635,62.711830402149154,16165500
2017-07-05,MSFT,Microsoft,62.48568344116211,62.81131869855639,61.707777759731215,61.743960221786025,21176300
2017-07-06,MSFT,Microsoft,62.024356842041016,62.21430956494904,61.61731627882355,61.752991865830694,21117600
2017-07-07,MSFT,Microsoft,62.829410552978516,63.17313361313817,62.141957531559754,62.141957531559754,16878300
2017-07-10,MSFT,Microsoft,63.299781799316406,63.54400483122282,62.59423402704208,62.829416617800184,15014500
2017-07-11,MSFT,Microsoft,63.30880355834961,63.932938868409146,63.09171571614989,63.3178508979282,17460000
2017-07-12,MSFT,Microsoft,64.35807037353516,64.47565817682981,63.81534734903242,63.941982491379804,17750900
2017-07-13,MSFT,Microsoft,64.91889190673828,65.16312179385146,64.50280395579975,64.67466892072392,20269800
2017-07-14,MSFT,Microsoft,65.83247375488281,66.27569678384131,65.09075062635917,65.34402092862116,25868100
2017-07-17,MSFT,Microsoft,66.34808349609375,66.43853621931785,65.7782251287915,65.85059006781096,21803900
2017-07-18,MSFT,Microsoft,66.30286407470703,66.38426945956316,65.72395833428308,66.11290437450783,26435300
2017-07-19,MSFT,Microsoft,66.80938720703125,66.97220483479319,66.43852214892392,66.48375195150739,22416200
2017-07-20,MSFT,Microsoft,67.13502502441406,67.20738995086946,66.28475439131125,67.09884256118636,42361000
2017-07-21,MSFT,Microsoft,66.74606323242188,67.19833361055096,66.18524547914642,66.43851578672297,46717100
2017-07-24,MSFT,Microsoft,66.5741958618164,66.7098783505456,66.14906061764403,66.51087828722252,21394800
2017-07-25,MSFT,Microsoft,67.10789489746094,67.21643539412405,66.48375943724913,66.75512448110636,22018700
2017-07-26,MSFT,Microsoft,66.98126983642578,67.27976314844368,66.76417500810268,67.2435806770565,16252200
2017-07-27,MSFT,Microsoft,66.17621612548828,67.31593270049561,65.41639817438394,66.71893928993455,36844200
2017-07-28,MSFT,Microsoft,66.06766510009766,66.31188809528754,65.6153946710727,65.73298249822352,18306700
2017-07-31,MSFT,Microsoft,65.76011657714844,66.42948177028379,65.49780580544015,66.30284660425255,23600100
2017-08-01,MSFT,Microsoft,65.6515884399414,66.41139957902928,65.5701761601247,66.12194673064815,22132300
2017-08-02,MSFT,Microsoft,65.36212921142578,65.63348734842636,64.62040592853153,65.62444690796272,26499200
2017-08-03,MSFT,Microsoft,65.26263427734375,65.52495199445936,64.99126921795516,65.29881674533557,18214400
2017-08-04,MSFT,Microsoft,65.74201202392578,66.067647196669,65.34401194588469,65.48874175648044,22579000
2017-08-07,MSFT,Microsoft,65.48875427246094,65.94102466536316,65.3621191145362,65.85057196700241,18705700
2017-08-08,MSFT,Microsoft,65.84153747558594,66.14907809024764,64.90081404663856,65.20835466130028,22044600
2017-08-09,MSFT,Microsoft,65.55207824707031,65.58826071016449,65.17217273623028,65.35307815060195,22213400
2017-08-10,MSFT,Microsoft,64.59326171875,65.29880243724406,64.53898457810526,65.03648477760677,24734500
2017-08-11,MSFT,Microsoft,65.57920837402344,65.76011377461576,64.47566748755374,64.77416760951988,21443700
2017-08-14,MSFT,Microsoft,66.5651626586914,66.68275739440935,65.98625702486308,66.0857570776554,20096600
2017-08-15,MSFT,Microsoft,66.58334350585938,66.91980228177401,66.41965842048833,66.91980228177401,19181400
2017-08-16,MSFT,Microsoft,66.9743881225586,67.38359748632146,66.53789212172545,66.6924817091142,18150400
2017-08-17,MSFT,Microsoft,65.83767700195312,67.17443754782873,65.83767700195312,66.91072226876295,22977500
2017-08-18,MSFT,Microsoft,65.91954040527344,66.23781519126486,65.41030074768717,65.71947998611597,18761500
2017-08-21,MSFT,Microsoft,65.6103515625,65.91044214730755,65.20113523652543,65.9013466010764,17734800
2017-08-22,MSFT,Microsoft,66.52880096435547,66.6015445134828,65.79221442479414,65.79221442479414,14343700
2017-08-23,MSFT,Microsoft,66.12866973876953,66.51969487203705,65.95588909401705,66.34691422728457,13766500
2017-08-24,MSFT,Microsoft,66.10139465332031,66.2559842210515,65.53758883599355,66.14685850025248,17098300
2017-08-25,MSFT,Microsoft,66.21961212158203,66.70157193670197,65.91043297145528,66.25598736357365,12794300
2017-08-28,MSFT,Microsoft,66.22869873046875,66.4651273647115,65.97407900875065,66.43784767136559,14569700
2017-08-29,MSFT,Microsoft,66.42876434326172,66.52879451872224,65.51940415752435,65.70127341952477,11478400
2017-08-30,MSFT,Microsoft,67.3017578125,67.48362709753337,66.22871237991866,66.3923975115961,16897800
2017-08-31,MSFT,Microsoft,67.99285125732422,68.16563189550901,67.11077779289377,67.31992672955931,27652800
2017-09-01,MSFT,Microsoft,67.23806762695312,67.96555132365359,66.9652569045249,67.93827163898374,21736200
2017-09-05,MSFT,Microsoft,66.93798828125,67.1926079640639,66.36509399491874,66.69245720291802,21556000
2017-09-06,MSFT,Microsoft,66.74703216552734,67.32902206959731,66.70156138576344,67.05621126674774,16535800
2017-09-07,MSFT,Microsoft,67.6018295288086,67.83826510799115,66.92890496729993,67.00165544364337,17471200
2017-09-08,MSFT,Microsoft,67.27447509765625,67.69277998477546,67.14715827839821,67.59274980113084,14703800
2017-09-11,MSFT,Microsoft,67.98377990722656,68.14746504340413,67.5745635978483,67.5745635978483,17910400
2017-09-12,MSFT,Microsoft,67.91101837158203,68.42025785115212,67.6291189365154,67.98376885091135,14394900
2017-09-13,MSFT,Microsoft,68.39297485351562,68.41116594140338,67.79280077269709,68.13835512602489,13380800
2017-09-14,MSFT,Microsoft,67.99285125732422,68.64759163584876,67.76551123355136,68.2020071318567,15733900
2017-09-15,MSFT,Microsoft,68.48390197753906,68.55665244538643,67.35629747737055,68.04741304618771,38578400
2017-09-18,MSFT,Microsoft,68.34751892089844,69.08409849466683,68.23839319454207,68.41117386013931,23307000
2017-09-19,MSFT,Microsoft,68.60214233398438,68.84766655903628,68.21111713270291,68.39298641512147,16093300
2017-09-20,MSFT,Microsoft,68.14745330810547,68.70216356641313,67.57455196120584,68.52028736983091,21587900
2017-09-21,MSFT,Microsoft,67.48361206054688,68.42025185171283,67.39267743829262,68.30203753656902,19186100
2017-09-22,MSFT,Microsoft,67.66547393798828,67.75640854101835,67.15622767286203,67.28353750467723,14111400
2017-09-25,MSFT,Microsoft,66.61970520019531,67.51996951783082,66.3105192405046,67.3744686102434,24149200
2017-09-26,MSFT,Microsoft,66.61970520019531,67.11984895983053,66.37417415310782,66.99253913462411,18019600
2017-09-27,MSFT,Microsoft,67.15626525878906,67.44726031406827,66.53789989908707,66.88346129701632,19565100
2017-09-28,MSFT,Microsoft,67.17442321777344,67.26535782684319,66.66517691882412,66.8743327637639,10883800
2017-09-29,MSFT,Microsoft,67.7382583618164,67.78372915972199,67.1835479291429,67.23811427420353,17079100
2017-10-02,MSFT,Microsoft,67.84737396240234,68.21111947761244,67.56547448360213,67.9383086067377,15304800
2017-10-03,MSFT,Microsoft,67.52908325195312,68.09288207608394,67.46542832220071,67.9019172868267,12190400
2017-10-04,MSFT,Microsoft,67.92010498046875,67.94738467216146,67.02892907059568,67.37448339514783,13317700
2017-10-05,MSFT,Microsoft,69.08409881591797,69.22050424003073,68.16564302728467,68.40207863322225,21195300
2017-10-06,MSFT,Microsoft,69.11135864257812,69.13863833198373,68.69305388333804,68.81126818338434,13959800
2017-10-09,MSFT,Microsoft,69.37508392333984,69.61151949556127,68.98405879684046,69.0840889644008,11386500
2017-10-10,MSFT,Microsoft,69.37508392333984,69.68426303189572,69.23867851867874,69.4114591604406,13944500
2017-10-11,MSFT,Microsoft,69.4932861328125,69.52966136357567,69.06588584367763,69.43872675560068,15388900
2017-10-12,MSFT,Microsoft,70.12984466552734,70.28443419816435,69.44782467556466,69.55694343372438,16876500
2017-10-13,MSFT,Microsoft,70.46630096435547,70.81186218746024,70.28443174851728,70.55723557227456,15335700
2017-10-16,MSFT,Microsoft,70.61180114746094,70.75729513103386,70.33899038869626,70.40264530735924,12380100
2017-10-17,MSFT,Microsoft,70.55724334716797,70.58452997662977,70.24806425860059,70.44812458078731,16824000
2017-10-18,MSFT,Microsoft,70.575439453125,70.7936839392755,70.3571949669745,70.62999884019584,13300700
2017-10-19,MSFT,Microsoft,70.84825134277344,70.86643549278483,70.33900495018025,70.5390652896418,15092800
2017-10-20,MSFT,Microsoft,71.66667175292969,71.81217270822579,71.13015259047695,71.22108721860332,22866400
2017-10-23,MSFT,Microsoft,71.68486785888672,72.14863657615307,71.62121292095597,71.83036188649933,20627200
2017-10-24,MSFT,Microsoft,71.71212005615234,72.02129908243634,71.34837471980363,71.74849528357373,17517200
2017-10-25,MSFT,Microsoft,71.50299835205078,71.93039880586342,70.93919940265415,71.45753449947897,20410800
2017-10-26,MSFT,Microsoft,71.62120056152344,72.22137459589075,71.61210501828351,72.02131427181274,32120700
2017-10-27,MSFT,Microsoft,76.21346282958984,78.38683277293542,76.03159359650425,76.72270917038927,71066700
2017-10-30,MSFT,Microsoft,76.28622436523438,76.68634506151024,75.57692454028536,76.11344371223024,31756700
2017-10-31,MSFT,Microsoft,75.64058685302734,76.71363223945173,75.57693191221692,76.71363223945173,27086600
2017-11-01,MSFT,Microsoft,75.64058685302734,76.16801746995266,75.3677759993437,76.09526698392126,22307400
2017-11-02,MSFT,Microsoft,76.4317398071289,76.80457394105653,75.58603440837986,75.79518340261835,23992900
2017-11-03,MSFT,Microsoft,76.51354217529297,76.87728752640457,75.8406177853491,76.45898280087916,17633500
2017-11-06,MSFT,Microsoft,76.81363677978516,77.02278568496781,76.45898695111379,76.56810570586443,19860900
2017-11-07,MSFT,Microsoft,76.63178253173828,77.20468390941495,76.32260338774023,77.08646264081862,17939700
2017-11-08,MSFT,Microsoft,76.89546203613281,76.94093280102338,76.23163327106428,76.51353258736478,18034200
2017-11-09,MSFT,Microsoft,76.46807861328125,76.63176368981864,75.38594493749102,76.48626969837773,21178400
2017-11-10,MSFT,Microsoft,76.26805877685547,76.47720778236315,75.68606867946218,76.195308280214,19397800
2017-11-13,MSFT,Microsoft,76.32259368896484,76.33168923259363,75.89519333068282,76.07706951392358,14196900
2017-11-14,MSFT,Microsoft,76.4317398071289,76.47720366167826,75.45872451505151,75.9315888420041,18801300
2017-11-15,MSFT,Microsoft,75.8376693725586,76.48655673872858,75.57262969239734,76.2854916729021,19383100
2017-11-16,MSFT,Microsoft,76.03874969482422,76.23981481943002,75.80113361366467,75.94735835801578,20962800
2017-11-17,MSFT,Microsoft,75.30760192871094,75.96563062182774,75.16137023125782,75.96563062182774,22079000
2017-11-20,MSFT,Microsoft,75.42639923095703,75.48123262335143,75.17050076950298,75.30759122319911,16315000
2017-11-21,MSFT,Microsoft,76.51398468017578,76.62365147931946,75.6183329751398,75.6183329751398,21237500
2017-11-22,MSFT,Microsoft,75.95646667480469,76.67846977638864,75.89249206948504,76.614495171069,20553100
2017-11-24,MSFT,Microsoft,76.09356689453125,76.24893281704735,75.65487884969234,75.86508513575701,7425600
2017-11-27,MSFT,Microsoft,76.65106964111328,76.75160218157473,76.13013146449966,76.13926571529758,18265200
2017-11-28,MSFT,Microsoft,77.5741195678711,77.73862670321266,76.78814180709581,76.83384094518883,21926000
2017-11-29,MSFT,Microsoft,76.16667175292969,77.61067806590161,76.02044706081242,77.41875423534856,27381100
2017-11-30,MSFT,Microsoft,76.92524719238281,77.2451203030449,76.16668597801927,76.32205889409302,33054600
2017-12-01,MSFT,Microsoft,77.00750732421875,77.51016309732745,76.05702220566651,76.40431202923496,29532100
2017-12-04,MSFT,Microsoft,74.10118865966797,77.16284212950507,73.75389200356332,77.15370090889486,39094900
2017-12-05,MSFT,Microsoft,74.56731414794922,75.56349838497826,74.00982499142694,74.33883235638515,26152300
2017-12-06,MSFT,Microsoft,75.65485382080078,75.98386800240473,74.42105412613978,74.53072784424363,26162100
2017-12-07,MSFT,Microsoft,75.38985443115234,75.6731766108175,74.94203204567759,75.43555358124034,23184500
2017-12-08,MSFT,Microsoft,76.91609954833984,77.29994721429784,76.1575384660588,76.43171238201037,24489100
2017-12-11,MSFT,Microsoft,77.89400482177734,78.02195404978163,76.87954524780777,77.03491117142582,22857900
2017-12-12,MSFT,Microsoft,78.21387481689453,78.64342162518312,77.75691131407001,77.96711062065187,23924100
2017-12-13,MSFT,Microsoft,78.00367736816406,78.59773138362894,77.83917020961549,78.36010838290089,22062700
2017-12-14,MSFT,Microsoft,77.40048217773438,78.4789163489185,77.25425050645727,78.07678622561633,19306000
2017-12-15,MSFT,Microsoft,79.37455749511719,79.59389801982839,77.57412021353514,77.92141693142989,53936700
2017-12-18,MSFT,Microsoft,78.94502258300781,79.9686234736463,78.80793909236434,79.62133367616515,22283800
2017-12-19,MSFT,Microsoft,78.44234466552734,78.9175835683602,77.930540878582,78.9175835683602,23524800
2017-12-20,MSFT,Microsoft,78.15904235839844,78.87191135196471,77.41876364023433,78.78051306399004,23674900
2017-12-21,MSFT,Microsoft,78.14075469970703,78.68910947849645,78.04936339869369,78.64341731434443,17990700
2017-12-22,MSFT,Microsoft,78.14989471435547,78.25956148479362,77.61067419310079,78.04936219298102,14145800
2017-12-26,MSFT,Microsoft,78.04937744140625,78.16818545682872,77.71122189683537,77.96712037479796,9891200
2017-12-27,MSFT,Microsoft,78.33271026611328,78.57947454882492,77.88488782878197,78.27787685782721,14678000
2017-12-28,MSFT,Microsoft,78.34183502197266,78.53375888333804,78.18646908268316,78.5063421849588,10594300
2017-12-29,MSFT,Microsoft,78.17731475830078,78.64341947077172,78.14075684235115,78.25956483965533,18717400
2018-01-02,MSFT,Microsoft,78.55201721191406,78.88103146607006,78.14075288057366,78.71652433899206,22483800
2018-01-03,MSFT,Microsoft,78.91761016845703,79.06384186336155,78.5703203521253,78.65257045097584,26061400
2018-01-04,MSFT,Microsoft,79.61217498779297,80.11483758558383,79.11865361160987,79.13692908211632,21912000
2018-01-05,MSFT,Microsoft,80.59922790527344,80.80029296974796,79.90464140237326,80.11484768960844,23407100
2018-01-08,MSFT,Microsoft,80.68148803710938,80.95566897238564,80.06001729349926,80.60837219134093,22113000
2018-01-09,MSFT,Microsoft,80.62664031982422,81.09274503792919,80.29762604501008,81.01962920514615,19484300
2018-01-10,MSFT,Microsoft,80.2610855102539,80.59924108057554,79.88637898833473,80.29764343456254,18652200
2018-01-11,MSFT,Microsoft,80.49870300292969,80.54439517564384,79.73100059059925,80.54439517564384,17808900
2018-01-12,MSFT,Microsoft,81.88787078857422,82.0523779535648,80.8368531773961,81.037918264908,24271500
2018-01-16,MSFT,Microsoft,80.74544525146484,82.97542925767532,80.43471343300435,82.34481742611693,36599700
2018-01-17,MSFT,Microsoft,82.38139343261719,82.5093426768711,81.11103524130267,81.41263287677727,25621200
2018-01-18,MSFT,Microsoft,82.34484100341797,82.8657792391248,81.94271776866742,82.07066702145777,24159700
2018-01-19,MSFT,Microsoft,82.2534408569336,82.81093695833633,81.9427089828196,82.38139009600532,36875000
2018-01-22,MSFT,Microsoft,83.724853515625,83.73399473803696,82.01580750549206,82.25343047923523,23601600
2018-01-23,MSFT,Microsoft,83.98989868164062,84.35547090224185,83.66088438037055,83.98989868164062,23412800
2018-01-24,MSFT,Microsoft,83.9167709350586,85.38819385896645,83.69743042290668,84.58394066593667,33277500
2018-01-25,MSFT,Microsoft,84.38289642333984,85.21456651379141,84.01732416450702,84.5108456680247,26383200
2018-01-26,MSFT,Microsoft,85.96395874023438,85.96395874023438,84.61135088397074,85.10487222808055,29172200
2018-01-29,MSFT,Microsoft,85.83602905273438,87.23433635927987,85.65324642715453,86.95102119781802,31569900
2018-01-30,MSFT,Microsoft,84.75757598876953,85.59839400860001,84.17266334966665,85.26937977751605,38635100
2018-01-31,MSFT,Microsoft,86.83220672607422,87.1886377003251,85.46131621812165,85.68065674703534,48756300
2018-02-01,MSFT,Microsoft,86.14675903320312,87.80096463470002,85.52528840828398,86.63113921666623,47227900
2018-02-02,MSFT,Microsoft,83.8802490234375,85.88175210243438,83.624350487307,85.5801544108325,47867800
2018-02-05,MSFT,Microsoft,80.42559814453125,85.21457499077819,80.42559814453125,82.76524967746809,51031500
2018-02-06,MSFT,Microsoft,83.46896362304688,83.60605408243555,77.91228518781442,79.41112507232036,67998600
2018-02-07,MSFT,Microsoft,81.8969955444336,83.87107415465968,81.5222821434709,82.70124876005025,41107600
2018-02-08,MSFT,Microsoft,77.69293975830078,82.14375998833124,77.46445799790217,81.98839406471059,55628700
2018-02-09,MSFT,Microsoft,80.590087890625,81.27553318103992,76.61450660076049,78.8719075394939,63499100
2018-02-12,MSFT,Microsoft,81.45832824707031,82.05238231739185,80.3616184039468,81.10189719941961,35720300
2018-02-13,MSFT,Microsoft,82.09805297851562,82.25341887404986,80.24278253510101,81.2755173952334,26407700
2018-02-14,MSFT,Microsoft,83.38356018066406,83.54884006925208,81.17983767344114,81.27165827699827,34960900
2018-02-15,MSFT,Microsoft,85.08228302001953,85.13737398763269,83.20911306107021,83.7508595905031,27823900
2018-02-16,MSFT,Microsoft,84.47623443603516,85.85356434531833,84.2925932503156,84.88943060663523,30596900
2018-02-20,MSFT,Microsoft,85.13738250732422,85.4495740289915,83.56722672404953,83.99879136144276,30911700
2018-02-21,MSFT,Microsoft,84.00794982910156,85.7250238326343,84.00794982910156,85.37610273802606,26922500
2018-02-22,MSFT,Microsoft,84.22834777832031,85.14656804100335,83.8886037591603,84.5221779821603,24392800
2018-02-23,MSFT,Microsoft,86.36779022216797,86.376974385746,84.80681867618591,85.94540976861359,26329200
2018-02-26,MSFT,Microsoft,87.6165771484375,87.64412263587263,86.54226110567855,86.679995548319,30199800
2018-02-27,MSFT,Microsoft,86.496337890625,88.00221842080582,86.496337890625,87.910397804178,25869100
2018-02-28,MSFT,Microsoft,86.10148620605469,87.88283524549506,85.97293596665824,87.0839813245634,31167300
2018-03-01,MSFT,Microsoft,85.25672912597656,86.83606871218784,84.32932492608033,86.30349940884442,37135600
2018-03-02,MSFT,Microsoft,85.44039154052734,85.53221215849776,83.42948708129394,84.0906067394235,32830400
2018-03-05,MSFT,Microsoft,85.9821548461914,86.56063115705356,84.71501325815099,84.78846556356292,23901600
2018-03-06,MSFT,Microsoft,85.68830871582031,86.76262466765685,85.33938756206416,86.62489023667327,22175800
2018-03-07,MSFT,Microsoft,86.18415069580078,86.25760999495613,84.87109549662237,85.54139934185234,26716100
2018-03-08,MSFT,Microsoft,86.70752716064453,87.32273296646538,86.10149851219036,86.56060857721432,25887800
2018-03-09,MSFT,Microsoft,88.64495849609375,88.64495849609375,87.23089887369622,87.49718351091353,36937300
2018-03-12,MSFT,Microsoft,88.85617065429688,89.2601898067012,88.18587379376923,88.60825426879894,26073700
2018-03-13,MSFT,Microsoft,86.68916320800781,89.2877207729822,86.28514412130697,89.06734990999239,35387800
2018-03-14,MSFT,Microsoft,86.17495727539062,87.60738543319553,85.85358163293759,87.34110075645913,32132000
2018-03-15,MSFT,Microsoft,86.47797393798828,86.845263398787,85.2383781375734,85.88112943987333,27611000
2018-03-16,MSFT,Microsoft,86.8636245727539,87.57983516709747,86.2392345920891,86.93708386588241,49081300
2018-03-19,MSFT,Microsoft,85.29346466064453,86.22086892461041,84.57725410240958,86.07395034576047,33344100
2018-03-20,MSFT,Microsoft,85.51385498046875,86.1015154186524,85.3944888620913,85.44040267979456,23075200
2018-03-21,MSFT,Microsoft,84.9170150756836,86.3586206435343,84.66909167556679,85.33021140192517,24457100
2018-03-22,MSFT,Microsoft,82.4469985961914,84.24670947845412,82.32763248347533,83.80596066798799,38604700
2018-03-23,MSFT,Microsoft,80.05046081542969,83.06222283467315,79.95864016956811,82.18073202456284,44068900
2018-03-26,MSFT,Microsoft,86.11068725585938,86.31269681609042,83.00710557316275,83.19993097007492,56396800
2018-03-27,MSFT,Microsoft,82.15316772460938,87.35947491379275,81.27167711629245,87.1758336641093,56569000
2018-03-28,MSFT,Microsoft,82.07970428466797,83.76923311953303,81.60223285628295,82.47453925650076,52501100
2018-03-29,MSFT,Microsoft,83.80594635009766,84.74253478527676,81.17065911812064,82.80508979290609,45867500
2018-04-02,MSFT,Microsoft,81.28083801269531,83.44783795162802,80.35344078023876,83.07137136345905,48515400
2018-04-03,MSFT,Microsoft,82.37354278564453,82.68574133243172,80.7023821094495,82.2541766678681,37213800
2018-04-04,MSFT,Microsoft,84.7792739868164,85.17410895880761,80.55546240615551,80.66564434826935,35560000
2018-04-05,MSFT,Microsoft,84.82518005371094,85.45875423719166,83.92532817547013,84.88027802975114,29771900
2018-04-06,MSFT,Microsoft,82.85101318359375,84.8986403424982,82.16234802149808,84.00796561198018,38026000
2018-04-09,MSFT,Microsoft,83.34684753417969,85.55057749624869,83.20912010349022,83.59477092034959,31533900
2018-04-10,MSFT,Microsoft,85.28429412841797,85.65158362878041,84.1457029822125,84.83436816834286,26812000
2018-04-11,MSFT,Microsoft,84.34771728515625,85.66077259385675,83.99879609326129,84.48545173119489,24872100
2018-04-12,MSFT,Microsoft,85.92704010009766,86.45960944846273,84.87108556605342,84.87108556605342,26758900
2018-04-13,MSFT,Microsoft,85.46794128417969,86.4779821431121,84.8802808933294,86.35861603434904,23346100
2018-04-16,MSFT,Microsoft,86.46878814697266,86.91872105557526,85.78012304798983,86.37696753486767,20288100
2018-04-17,MSFT,Microsoft,88.21342468261719,88.64498934812084,87.12074027467942,87.23092923357343,26771000
2018-04-18,MSFT,Microsoft,88.55314636230469,88.81024686268478,87.70837856831737,88.35113682473083,21043300
2018-04-19,MSFT,Microsoft,88.25016021728516,89.13165093079196,87.54312661015652,88.55317462034029,23552500
2018-04-20,MSFT,Microsoft,87.23092651367188,88.25015158390038,86.35862005072107,88.06651033026803,31154400
2018-04-23,MSFT,Microsoft,87.55228424072266,88.41541336766554,86.89116465459307,87.91038951563229,22331800
2018-04-24,MSFT,Microsoft,85.50468444824219,88.58072132520986,84.85274881802547,88.36952755505756,34524800
2018-04-25,MSFT,Microsoft,84.76091766357422,85.6699608475403,82.8969314872132,85.6699608475403,33729300
2018-04-26,MSFT,Microsoft,86.55143737792969,87.36865278949124,85.48629859112886,85.89950188137296,42529000
2018-04-27,MSFT,Microsoft,87.9838638305664,89.89376362657663,86.23006680077594,89.61829475015541,48272800
2018-04-30,MSFT,Microsoft,85.87194061279297,88.51641898254026,85.53220365951428,88.45214385580131,41523600
2018-05-01,MSFT,Microsoft,87.23092651367188,87.49721123526412,85.20166053753591,85.5873113734427,31408900
2018-05-02,MSFT,Microsoft,85.8627700805664,87.38701192032167,85.56893990630853,87.22173200946011,27471000
2018-05-03,MSFT,Microsoft,86.37696838378906,87.16663826548742,84.88944923339976,85.35774346684035,31142500
2018-05-04,MSFT,Microsoft,87.3778305053711,87.57065589107083,85.32101238031333,85.68830183160676,22531300
2018-05-07,MSFT,Microsoft,88.35114288330078,88.80106878981906,87.32273380579532,87.38700893529793,24242000
2018-05-08,MSFT,Microsoft,87.97467041015625,88.29605306732101,87.28600529702683,88.01140005684547,23484600
2018-05-09,MSFT,Microsoft,89.01227569580078,89.03982118317505,87.27683993657469,88.15833055987487,27327400
2018-05-10,MSFT,Microsoft,89.9029312133789,89.93965385169689,89.11326138574084,89.48972797493765,22388100
2018-05-11,MSFT,Microsoft,89.71012115478516,89.86622393106428,89.10409939525641,89.80194878981935,16778300
2018-05-14,MSFT,Microsoft,90.01313781738281,90.61916659772771,89.3520180589939,89.91213302065867,19454100
2018-05-15,MSFT,Microsoft,89.36119079589844,89.84784638762528,88.46133190528829,89.28773149759061,24594000
2018-05-16,MSFT,Microsoft,89.59172058105469,89.82227055319542,89.10295576584862,89.78538171335369,17384700
2018-05-17,MSFT,Microsoft,88.69721984863281,89.95141274474301,88.37445117003743,89.23209767935059,17246700
2018-05-18,MSFT,Microsoft,88.86320495605469,89.38885874793118,88.54043631820572,88.54043631820572,17865800
2018-05-21,MSFT,Microsoft,90.0067138671875,90.38481922453299,89.26895812741867,89.45339530340406,19422500
2018-05-22,MSFT,Microsoft,89.91453552246094,90.5324080779647,89.63787259882889,90.08053186947409,15441200
2018-05-23,MSFT,Microsoft,90.98429107666016,91.04884482055597,88.82633857131499,89.18599614956746,21251200
2018-05-24,MSFT,Microsoft,90.6614990234375,91.2424896498875,89.27819872934377,91.04882845301388,26649300
2018-05-25,MSFT,Microsoft,90.70760345458984,91.27937005614272,90.24650339922322,90.65227369941097,18363900
2018-05-29,MSFT,Microsoft,90.38484191894531,91.18715157534086,89.66552690183384,90.22806254058256,28671000
2018-05-30,MSFT,Microsoft,91.251708984375,91.52837186479678,90.29262694679257,90.6615014062492,22158500
2018-05-31,MSFT,Microsoft,91.15026092529297,92.21079252213768,90.93815882742138,91.56525522101249,34140900
2018-06-01,MSFT,Microsoft,92.94855499267578,93.01310872245789,91.45458820022417,91.55603078071445,28655600
2018-06-04,MSFT,Microsoft,93.76007843017578,93.9352986930755,93.0038746622591,93.3819800641315,27281600
2018-06-05,MSFT,Microsoft,94.23963165283203,94.36873910558559,93.63097620199797,94.06441138016856,23514400
2018-06-06,MSFT,Microsoft,94.51628112792969,94.61772369626745,93.9721864757799,94.50706419322844,21122900
2018-06-07,MSFT,Microsoft,93.03154754638672,94.7007345833623,92.57044747660437,94.66384573348027,28232200
2018-06-08,MSFT,Microsoft,93.72320556640625,94.01830935455665,92.7180107065853,93.22521660468448,22165100
2018-06-11,MSFT,Microsoft,93.1883544921875,93.68633652337824,92.83791383252562,93.1514656313899,23490900
2018-06-12,MSFT,Microsoft,93.42810821533203,93.55721569180383,92.91167830944481,93.23444700062433,18325200
2018-06-13,MSFT,Microsoft,93.00386047363281,94.07361575744085,92.7364216526808,93.80617693648884,29492900
2018-06-14,MSFT,Microsoft,93.529541015625,94.09208369098961,93.14221862676612,93.74165015380716,25691800
2018-06-15,MSFT,Microsoft,92.33988189697266,93.63096328218488,92.28455214937831,93.61252237826261,65738600
2018-06-18,MSFT,Microsoft,93.01312255859375,93.24367263294366,91.6851518788727,92.22925371297003,23586000
2018-06-19,MSFT,Microsoft,93.01312255859375,93.1422300373633,91.75892959126385,91.89726104303978,28653100
2018-06-20,MSFT,Microsoft,93.94453430175781,94.54395878647206,93.2528841709377,93.4834342145444,26180800
2018-06-21,MSFT,Microsoft,93.27132415771484,94.48862809450561,93.03155014469925,94.13819456458198,23198200
2018-06-22,MSFT,Microsoft,92.59810638427734,92.93009191492654,91.87878446635892,92.59810638427734,38923100
2018-06-25,MSFT,Microsoft,90.73526763916016,92.32145294323894,89.73007290333607,92.2200103689668,35433300
2018-06-26,MSFT,Microsoft,91.37158966064453,92.29378978147665,91.06726193217108,91.13181565919619,26897200
2018-06-27,MSFT,Microsoft,89.95140075683594,92.23845311965374,89.82229330260405,91.83268985028008,31298400
2018-06-28,MSFT,Microsoft,90.95658874511719,91.3992478665679,89.69317917473393,89.80383867822557,26650700
2018-06-29,MSFT,Microsoft,90.93816375732422,92.1370268510677,90.6799488228759,91.23326754466933,28053200
2018-07-02,MSFT,Microsoft,92.22923278808594,92.27533857099753,90.37560864082884,90.46782724248035,19564500
2018-07-03,MSFT,Microsoft,91.34390258789062,92.80097307753476,91.24246003638146,92.66264872168303,14670300
2018-07-05,MSFT,Microsoft,91.99869537353516,92.14624374923193,91.32548612114881,91.75892134771998,18977400
2018-07-06,MSFT,Microsoft,93.28978729248047,93.53877828189839,91.91570375659812,92.11858895173941,19234600
2018-07-09,MSFT,Microsoft,93.92609405517578,94.29497556234107,93.37277531234263,93.74165681950791,18212000
2018-07-10,MSFT,Microsoft,94.17506408691406,94.53472151470656,93.93529012310991,94.06439755689043,19293100
2018-07-11,MSFT,Microsoft,94.04595947265625,94.37794500102527,93.2344189664743,93.28053178099015,19644600
2018-07-12,MSFT,Microsoft,96.08405303955078,96.28693823451651,94.73764142439549,94.77452324545287,24335900
2018-07-13,MSFT,Microsoft,97.2275619506836,97.38433428735048,95.99181009289873,96.25003204460914,24635200
2018-07-16,MSFT,Microsoft,96.74800872802734,97.58720709846229,96.38834424260908,97.19988477364616,21786900
2018-07-17,MSFT,Microsoft,97.70709228515625,98.21430512595954,96.20390873960068,96.47134759785804,25901700
2018-07-18,MSFT,Microsoft,96.9416732788086,97.799319619923,96.5727918459736,97.69787704999767,29493900
2018-07-19,MSFT,Microsoft,96.2777099609375,97.11690855119429,95.80738585141836,96.76647498016163,40171600
2018-07-20,MSFT,Microsoft,98.00218963623047,99.78203589463496,97.82697642286027,99.67137639899643,56004000
2018-07-23,MSFT,Microsoft,99.56995391845703,99.72672625944745,97.87310193956468,98.02988131638405,29707000
2018-07-24,MSFT,Microsoft,99.28407287597656,100.35382140588897,98.91519140379583,100.12327136525461,26316600
2018-07-25,MSFT,Microsoft,102.20743560791016,102.5025393493425,99.22872628134745,99.56071886993736,30702100
2018-07-26,MSFT,Microsoft,101.09158325195312,102.36421692952999,100.98091670075256,102.12444291984318,31372100
2018-07-27,MSFT,Microsoft,99.30250549316406,101.60800570703225,97.88231651712185,101.60800570703225,37005300
2018-07-30,MSFT,Microsoft,97.17222595214844,99.16417448660474,96.60968333475296,98.850629833409,34668300
2018-07-31,MSFT,Microsoft,97.82697296142578,98.4171803700397,97.18142877112304,98.20507128452503,27655200
2018-08-01,MSFT,Microsoft,98.01142120361328,98.16819352513863,97.21832858953103,97.7808711887249,23628700
2018-08-02,MSFT,Microsoft,99.20105743408203,99.6805983562788,96.68344824402236,97.19988504772797,26104300
2018-08-03,MSFT,Microsoft,99.63453674316406,99.64376071763019,98.50945107655166,99.41321060679422,18659600
2018-08-06,MSFT,Microsoft,99.7175064086914,99.98494531451928,99.19185256918954,99.7082894723668,20265900
2018-08-07,MSFT,Microsoft,100.4091567993164,100.61204197219354,99.75439549146793,100.11405301217583,16080200
2018-08-08,MSFT,Microsoft,100.97169494628906,101.21146896124074,100.29849276023295,100.8241465772773,15487500
2018-08-09,MSFT,Microsoft,101.13768768310547,101.58957081758214,101.0731339547272,101.17457653301145,13677200
2018-08-10,MSFT,Microsoft,100.51982116699219,101.15614155245039,99.9480545136943,100.9071435599541,18183700
2018-08-13,MSFT,Microsoft,99.79129028320312,101.05470718487253,99.68984769072742,100.74115543472135,18472500
2018-08-14,MSFT,Microsoft,101.03626251220703,101.21148282049167,99.6345211534196,100.11406221315927,16788300
2018-08-15,MSFT,Microsoft,99.66615295410156,100.89739390730415,98.88852002601575,100.43451935053326,29982800
2018-08-16,MSFT,Microsoft,99.64764404296875,100.77705920519425,99.33289270288934,100.25864190957832,21384300
2018-08-17,MSFT,Microsoft,99.59207153320312,99.8883109081344,98.76815555095979,99.38840563864342,18061500
2018-08-20,MSFT,Microsoft,98.934814453125,99.88833494996939,98.5737728487452,99.52729334558958,17914200
2018-08-21,MSFT,Microsoft,98.11087036132812,99.37914181896666,97.99051848550303,98.98106951419095,22881900
2018-08-22,MSFT,Microsoft,99.11068725585938,99.36989584991643,97.92572964708171,97.99053179559597,18000600
2018-08-23,MSFT,Microsoft,99.57357025146484,100.1475372321656,98.93480817963076,99.19401679578431,18167700
2018-08-24,MSFT,Microsoft,100.35120391845703,100.4993201018436,99.57357100123589,99.67540396733514,17234000
2018-08-27,MSFT,Microsoft,101.46208953857422,101.4991203463239,100.45302651328696,101.15659067181767,19662300
2018-08-28,MSFT,Microsoft,102.07308197021484,102.29525974226819,101.63797883038671,101.77684258650906,19151500
2018-08-29,MSFT,Microsoft,103.70240020751953,103.71165967516268,102.08233945228301,102.2489745553378,20818000
2018-08-30,MSFT,Microsoft,103.63761138916016,104.24860919991256,103.16548442220271,103.37840276504895,22798700
2018-08-31,MSFT,Microsoft,103.98938751220703,104.40597173963764,103.2395260147658,103.39690871355248,23222700
2018-09-04,MSFT,Microsoft,103.41542053222656,103.64685778354644,102.03605649197331,102.61927582265382,22634600
2018-09-05,MSFT,Microsoft,100.43452453613281,103.14696986137442,100.07348292824277,102.76741637793604,32872400
2018-09-06,MSFT,Microsoft,100.66594696044922,100.89738421660626,99.52727961538318,100.21233191599471,23477600
2018-09-07,MSFT,Microsoft,100.17530059814453,100.6474345759177,99.2680705138481,100.19381953376949,22498600
2018-09-10,MSFT,Microsoft,101.2584457397461,101.49914251122904,100.31418465609137,100.75854032031502,20727900
2018-09-11,MSFT,Microsoft,102.9803237915039,103.30433455097608,100.8048149060138,100.81407437425726,24301800
2018-09-12,MSFT,Microsoft,103.41542053222656,103.54502482793335,102.30452455105289,103.156211940813,18891100
2018-09-13,MSFT,Microsoft,104.5263442993164,105.28545835162862,103.79500159260373,103.79500159260373,26055600
2018-09-14,MSFT,Microsoft,104.95216369628906,105.28543389187014,104.09121686818862,104.94290422893843,19122300
2018-09-17,MSFT,Microsoft,103.8134994506836,105.25766573009852,103.55429084288141,105.2484133247519,20736500
2018-09-18,MSFT,Microsoft,104.8040542602539,105.25766933946252,103.42469008549011,103.85979329046586,22170900
2018-09-19,MSFT,Microsoft,103.40617370605469,104.90588982059468,102.79518296058635,104.65594066629065,21728400
2018-09-20,MSFT,Microsoft,105.13733673095703,105.35026215538389,103.61910860265415,103.94311941121161,23714500
2018-09-21,MSFT,Microsoft,105.77607727050781,106.72959756134009,105.08176555626248,105.53538056528966,71229700
2018-09-24,MSFT,Microsoft,106.15564727783203,106.36857267786026,103.88756481491805,104.63741932349926,27334500
2018-09-25,MSFT,Microsoft,105.95195770263672,106.55369589409963,105.30393630438653,106.27597546466534,22668000
2018-09-26,MSFT,Microsoft,105.51688385009766,106.51668749441315,105.2946989843342,105.97049892428093,19352000
2018-09-27,MSFT,Microsoft,105.91495513916016,106.37782967700198,105.72054161791026,106.25747777690395,19091300
2018-09-28,MSFT,Microsoft,105.87794494628906,106.06309197231766,105.23917569954968,105.7113097977008,21647800
2018-10-01,MSFT,Microsoft,107.02584075927734,107.09064290573443,106.21118419483062,106.22969606685939,18883100
2018-10-02,MSFT,Microsoft,106.60000610351562,107.23876815472856,105.94272511580095,106.73886987565925,20787200
2018-10-03,MSFT,Microsoft,106.61849212646484,107.55350043176529,106.396314382647,106.8499293362885,16648000
2018-10-04,MSFT,Microsoft,104.41522979736328,106.2389564441505,103.34135757498741,106.10009268258062,34821700
2018-10-05,MSFT,Microsoft,103.80424499511719,104.76702491552119,102.4248808010436,104.26711954937458,29068900
2018-10-08,MSFT,Microsoft,102.61927032470703,103.71165437492729,101.22138742401492,103.36913178158373,29640600
2018-10-09,MSFT,Microsoft,103.92460632324219,104.68372037854365,102.57301334979839,102.88776468504021,26198600
2018-10-10,MSFT,Microsoft,98.27751159667969,103.22100758311196,97.93498194366879,102.98031087929608,61376300
2018-10-11,MSFT,Microsoft,98.04608154296875,100.84184045985295,96.46304451238059,97.52765729193052,63904300
2018-10-12,MSFT,Microsoft,101.434326171875,102.98032543670145,99.16624375643045,100.91590894843738,47742100
2018-10-15,MSFT,Microsoft,99.61058044433594,101.35099290038424,99.00884224544484,100.82331630875129,32068100
2018-10-16,MSFT,Microsoft,102.75814056396484,103.1377010499358,100.86035225991903,101.40654785094232,31610200
2018-10-17,MSFT,Microsoft,102.48969268798828,103.50801539146791,101.4158272928534,103.38767053857956,26548200
2018-10-18,MSFT,Microsoft,100.44376373291016,102.32303302107412,99.82351361509426,101.9249606795243,32506200
2018-10-19,MSFT,Microsoft,100.59188079833984,102.6285255923383,100.17528954758761,100.84182989846819,32785500
2018-10-22,MSFT,Microsoft,101.48987579345703,102.33231090203031,100.20308505239457,101.20289581985338,26545600
2018-10-23,MSFT,Microsoft,100.07347869873047,100.87888297770238,97.3054908009247,99.76797979330264,43770400
2018-10-24,MSFT,Microsoft,94.72265625,100.4345270217285,94.04685623781856,100.36047245479683,63897800
2018-10-25,MSFT,Microsoft,100.25862121582031,101.1565918281231,98.26825941967601,98.63856043850126,61646800
2018-10-26,MSFT,Microsoft,99.01810455322266,100.67519598292687,96.98145973551117,97.84240652160545,55523100
2018-10-29,MSFT,Microsoft,96.13902282714844,100.62890362508948,94.08385911824708,100.08271515874553,55162000
2018-10-30,MSFT,Microsoft,96.0279769897461,96.62970837811112,92.67676201623996,95.96317482194186,65350900
2018-10-31,MSFT,Microsoft,98.8792495727539,100.11049745208217,97.56468767265675,97.61097794835354,51062400
2018-11-01,MSFT,Microsoft,98.05533599853516,99.35138605887934,97.69429444026204,99.10143692734589,33384200
2018-11-02,MSFT,Microsoft,98.27751159667969,99.35137670241276,97.18512755678172,98.57375097718233,37680200
2018-11-05,MSFT,Microsoft,99.52729034423828,99.7402086876284,98.0368336888862,98.47193690742945,27922100
2018-11-06,MSFT,Microsoft,99.72166442871094,100.75849859109769,98.38858386232454,99.40690615591281,24340200
2018-11-07,MSFT,Microsoft,103.6468505859375,103.90605915935069,101.27693555712673,101.3139663623149,37901700
2018-11-08,MSFT,Microsoft,103.45245361328125,103.87829731751893,102.67482782195279,103.49874388972418,25644100
2018-11-09,MSFT,Microsoft,101.434326171875,103.17473189549057,100.68447167898773,102.6192838613924,32039200
2018-11-12,MSFT,Microsoft,98.934814453125,101.79537594365816,98.22198365059681,101.29547055384639,33621800
2018-11-13,MSFT,Microsoft,98.99960327148438,100.66594728341845,98.72187573804308,99.56431074335167,35374600
2018-11-14,MSFT,Microsoft,97.59567260742188,100.65454512810349,97.1307984935204,100.50578200681532,39495100
2018-11-15,MSFT,Microsoft,99.74339294433594,100.2268660154674,96.61014582447305,97.61426856179156,38505200
2018-11-16,MSFT,Microsoft,100.68244934082031,101.23099746067193,99.29712629004365,99.55745469223878,33502100
2018-11-19,MSFT,Microsoft,97.27027893066406,100.933482756782,96.27544843899044,100.66385487298409,44773900
2018-11-20,MSFT,Microsoft,94.564697265625,95.73618209149464,92.37049074440347,94.64837829989536,64052500
2018-11-21,MSFT,Microsoft,95.86634063720703,97.09360801802328,95.0574571228492,96.32191528410425,28130600
2018-11-23,MSFT,Microsoft,95.82914733886719,96.51715902536745,94.83431704187048,94.99237253452046,13823100
2018-11-26,MSFT,Microsoft,98.99031066894531,99.13906672044014,97.23308680682108,97.4283331144552,32336200
2018-11-27,MSFT,Microsoft,99.61325073242188,99.78990521201301,97.95829958704567,98.80436700807172,29124500
2018-11-28,MSFT,Microsoft,103.31362915039062,103.50887543367779,100.28264783823118,100.31053915106988,46788500
2018-11-29,MSFT,Microsoft,102.44895935058594,103.31362548499001,101.37044800297826,102.57912353482604,28123200
2018-11-30,MSFT,Microsoft,103.09978485107422,103.17416641491972,101.6772711362564,102.9231304102952,33665600
2018-12-03,MSFT,Microsoft,104.21548461914062,105.4520515733395,102.95103344401683,105.06155898572406,34732800
2018-12-04,MSFT,Microsoft,100.89629364013672,104.72685961669649,100.60807390490695,104.07603857152688,45197000
2018-12-06,MSFT,Microsoft,101.51921081542969,101.56569397056495,97.62356348824378,98.38595674793915,49107400
2018-12-07,MSFT,Microsoft,97.45621490478516,101.76094690870966,96.97274891791253,100.7661165279575,45044900
2018-12-10,MSFT,Microsoft,100.0316162109375,100.39422457394883,96.59155033765839,97.43762469565718,40801500
2018-12-11,MSFT,Microsoft,100.96136474609375,103.15557130708585,99.89215987313781,102.08636643412991,42381900
2018-12-12,MSFT,Microsoft,101.41696166992188,103.45310593265408,101.37977088106324,103.09980407862354,36183000
2018-12-13,MSFT,Microsoft,101.76095581054688,103.08120388112394,100.99856243424438,101.88182763790101,31333400
2018-12-14,MSFT,Microsoft,98.58121490478516,101.58430515036594,98.08844942178357,100.64525734510019,47043100
2018-12-17,MSFT,Microsoft,95.66179656982422,98.36736737353206,94.5646933545878,98.00476612466221,56957300
2018-12-18,MSFT,Microsoft,96.66593933105469,97.1680043029332,95.31779993617246,96.46139355435413,49319200
2018-12-19,MSFT,Microsoft,96.40560913085938,99.37150155766354,94.22999429313931,96.36841834547594,68198200
2018-12-20,MSFT,Microsoft,94.37876892089844,96.98206037381507,91.8405524835514,95.81058241204063,70334200
2018-12-21,MSFT,Microsoft,91.32917022705078,95.76406608889972,90.61326012960724,94.49030848146617,111242100
2018-12-24,MSFT,Microsoft,87.5172119140625,91.08744935974066,87.37775533265946,90.81782147999952,43935200
2018-12-26,MSFT,Microsoft,93.49547576904297,93.61634757359697,87.35913913027805,88.45624227883116,51634800
2018-12-27,MSFT,Microsoft,94.07192993164062,94.0812294004665,89.6277343506653,92.32400574344346,49498500
2018-12-28,MSFT,Microsoft,93.33744812011719,95.2155439974908,92.52856439945613,94.91801767809723,38196300
2018-12-31,MSFT,Microsoft,94.43451690673828,95.2062095540048,93.38390407762449,94.17418856631471,33173800
2019-01-02,MSFT,Microsoft,94.01616668701172,94.60190566229775,91.9893147635324,92.55646189075033,35329300
2019-01-03,MSFT,Microsoft,90.5574951171875,93.15149399117813,90.37154118208474,93.06781294702756,42579100
2019-01-04,MSFT,Microsoft,94.76924896240234,95.30850470419871,91.98000393114563,92.71450597391993,44060600
2019-01-07,MSFT,Microsoft,94.89010620117188,96.01510075707526,93.88598346019937,94.49961363004833,35656100
2019-01-08,MSFT,Microsoft,95.5781478881836,96.66595192223656,94.56471834254988,95.80128554027748,31514400
2019-01-09,MSFT,Microsoft,96.94483184814453,97.511978760024,95.98719243433939,96.56363881343093,32280800
2019-01-10,MSFT,Microsoft,96.3219223022461,96.4613859656991,95.18762824317267,95.96862050245953,30067600
2019-01-11,MSFT,Microsoft,95.5781478881836,96.17318635604597,94.49963623179674,95.94074923286792,28314200
2019-01-14,MSFT,Microsoft,94.88082122802734,95.64321458545031,94.146319185944,94.74135755791232,28437100
2019-01-15,MSFT,Microsoft,97.63288879394531,97.67007958394521,94.72277154386,95.308517619586,31587600
2019-01-16,MSFT,Microsoft,97.97687530517578,98.79505836570408,97.58638271360549,97.86531004667955,29853900
2019-01-17,MSFT,Microsoft,98.66488647460938,99.13905297307626,97.40042829186534,97.62356588487422,28393000
2019-01-18,MSFT,Microsoft,100.14320373535156,100.3198582090466,98.46966079749434,99.91076662508658,37427600
2019-01-22,MSFT,Microsoft,98.25580596923828,99.57604692459084,97.49341260552879,99.2506364205838,32371300
2019-01-23,MSFT,Microsoft,99.21344757080078,99.52026623488581,97.93968975207686,98.66489943811888,25874300
2019-01-24,MSFT,Microsoft,98.73926544189453,99.48306691036669,97.93968134598275,99.35290271739653,23164800
2019-01-25,MSFT,Microsoft,99.64112854003906,100.30124901449989,98.73927150945751,99.70621064052345,31225600
2019-01-28,MSFT,Microsoft,97.69794464111328,98.99959356754458,97.30745209120867,98.7950478242376,29476700
2019-01-29,MSFT,Microsoft,95.70829772949219,97.59568575117054,94.99238752535535,97.51200471082214,31490500
2019-01-30,MSFT,Microsoft,98.9066390991211,98.9066390991211,97.00065900296141,97.2702869088745,49471900
2019-01-31,MSFT,Microsoft,97.09362030029297,97.82812234668714,95.93143486487503,96.50788139447243,55636400
2019-02-01,MSFT,Microsoft,95.55953979492188,96.78680740403813,95.15974769760429,96.48928819859835,35535700
2019-02-04,MSFT,Microsoft,98.31159210205078,98.36738182859409,95.55023826763384,95.64321878073363,31315100
2019-02-05,MSFT,Microsoft,99.68761444091797,99.73409760013845,98.51612958994576,98.60910300180335,27325400
2019-02-06,MSFT,Microsoft,98.58121490478516,99.48307192541081,98.11634073690941,99.48307192541081,20609800
2019-02-07,MSFT,Microsoft,97.87460327148438,98.17212245241596,96.96345388325122,97.80022879631407,29760700
2019-02-08,MSFT,Microsoft,98.24650573730469,98.34877862254439,96.93556426178561,97.05642899278847,21461100
2019-02-11,MSFT,Microsoft,97.85601043701172,99.0925774019612,97.59568204300483,98.73926850145178,18914100
2019-02-12,MSFT,Microsoft,99.38079071044922,99.61322777490315,98.06984935550553,98.68347951708743,25056600
2019-02-13,MSFT,Microsoft,99.30643463134766,100.20829180780943,99.21346120039057,99.94796336376234,18394900
2019-02-14,MSFT,Microsoft,99.39009857177734,99.75269985547057,98.23721262089163,98.84154336476908,21784700
2019-02-15,MSFT,Microsoft,100.61738586425781,100.69176744820051,99.81780157041946,100.32916609325268,26606900
2019-02-19,MSFT,Microsoft,100.57086944580078,101.02645120890445,100.2082681851535,100.21756765408242,18038500
2019-02-20,MSFT,Microsoft,100.0479965209961,100.78563541714837,99.24499757701822,100.71093618428742,21607700
2019-02-21,MSFT,Microsoft,102.1581802368164,102.22354026972947,99.78653356242748,99.81454398743175,29063200
2019-02-22,MSFT,Microsoft,103.61479949951172,103.8295508821607,102.54102121513476,102.75577972149443,27763200
2019-02-25,MSFT,Microsoft,104.1937026977539,104.74460062745418,103.885580833177,104.35244034620297,23750600
2019-02-26,MSFT,Microsoft,104.91267395019531,105.73434415688274,103.80154599133975,103.88558441090827,21536700
2019-02-27,MSFT,Microsoft,104.73523712158203,104.91264597492257,103.53073900283088,104.28705608242902,21487100
2019-02-28,MSFT,Microsoft,104.60453796386719,105.39819768558682,104.32442653934233,104.61387714846452,29083900
2019-03-01,MSFT,Microsoft,105.07139587402344,105.52891618043107,104.26839697984079,105.40753527734225,23501200
2019-03-04,MSFT,Microsoft,104.8193130493164,105.74369300678946,103.45608395458201,105.5289344693403,26608000
2019-03-05,MSFT,Microsoft,104.29640197753906,104.94067032096378,103.85756006289961,104.8099502402269,19538300
2019-03-06,MSFT,Microsoft,104.34307861328125,105.19276616275644,104.04428887446005,104.45512743673018,17687000
2019-03-07,MSFT,Microsoft,103.07325744628906,104.15637509068004,102.58772661778708,104.01631579201405,25339000
2019-03-08,MSFT,Microsoft,103.18529510498047,103.37203606711552,101.58863637047928,101.92477580129122,22818400
2019-03-11,MSFT,Microsoft,105.35150909423828,105.46355080720902,103.62413049007475,103.6334625503489,26491600
2019-03-12,MSFT,Microsoft,106.08914947509766,106.43462092680946,105.18344095541275,105.34217146694036,26132700
2019-03-13,MSFT,Microsoft,106.91083526611328,107.37769480876005,106.23855638490811,106.56535664001859,35513800
2019-03-14,MSFT,Microsoft,106.9948501586914,107.5644192832843,106.75208836281031,106.94816848581128,30763400
2019-03-15,MSFT,Microsoft,108.22738647460938,109.47856667436342,106.99487039908587,107.69515973815429,54681100
2019-03-18,MSFT,Microsoft,109.77733612060547,109.81468573326495,108.35808645809621,108.47012817236444,31207600
2019-03-19,MSFT,Microsoft,109.85204315185547,110.58968202594784,109.2357851847489,110.26287467288245,37588700
2019-03-20,MSFT,Microsoft,109.73065185546875,110.87912934011904,108.97434175808351,109.60927095209536,28113300
2019-03-21,MSFT,Microsoft,112.25169372558594,112.81192367292404,109.32914884205992,109.37583763921738,29854400
2019-03-22,MSFT,Microsoft,109.29180908203125,111.66344901419697,109.28246989762448,111.57941772566744,33624500
2019-03-25,MSFT,Microsoft,109.86139678955078,110.18819706189802,108.61020944493492,108.83430004258565,27067100
2019-03-26,MSFT,Microsoft,110.09481811523438,110.84178909125521,109.10507106453288,110.75775779498369,26097700
2019-03-27,MSFT,Microsoft,109.03034973144531,110.37490718896221,107.86320113949235,110.06677825099631,22733400
2019-03-28,MSFT,Microsoft,109.17976379394531,109.78668257335133,108.43278573872087,109.65596248224365,18334800
2019-03-29,MSFT,Microsoft,110.1228256225586,110.4776362924667,109.2077778308754,110.24420653296404,25399800
2019-04-01,MSFT,Microsoft,111.13123321533203,111.21527163039491,110.27221343752652,111.0658731697101,22789100
2019-04-02,MSFT,Microsoft,111.28994750976562,111.5607268201586,110.6643504915498,111.1685595050013,18142300
2019-04-03,MSFT,Microsoft,112.01826477050781,112.44777463726071,111.25261550825955,111.91555511501143,22860700
2019-04-04,MSFT,Microsoft,111.44869232177734,112.2610303573597,110.53364463375205,112.13964233699434,20112800
2019-04-05,MSFT,Microsoft,111.9435806274414,112.26104882094548,111.458049837255,111.47672108453817,15826200
2019-04-08,MSFT,Microsoft,111.98091888427734,112.0649501740928,110.77642053094851,111.86887004081284,15116200
2019-04-09,MSFT,Microsoft,111.37400817871094,111.616777128605,110.72040768712434,110.76708936583132,17612000
2019-04-10,MSFT,Microsoft,112.22368621826172,112.37307755037614,111.61676745796643,111.82218677287042,16477200
2019-04-11,MSFT,Microsoft,112.35440826416016,112.83993900663536,111.9715800572171,112.55048839806614,14209100
2019-04-12,MSFT,Microsoft,112.93329620361328,112.96131375405773,112.39174466475302,112.64384562907506,19745100
2019-04-15,MSFT,Microsoft,113.02667236328125,113.52154222590251,112.57848417005823,112.92396271741158,15792600
2019-04-16,MSFT,Microsoft,112.7652359008789,113.58691314657396,112.1396459060595,113.57757396231553,14071800
2019-04-17,MSFT,Microsoft,113.698974609375,113.77367384899519,112.55050407598875,113.20410461338649,19300900
2019-04-18,MSFT,Microsoft,115.19291687011719,115.33296902269954,113.2601188036629,114.09112815296818,27991000
2019-04-22,MSFT,Microsoft,115.55706024169922,115.78115079698999,114.44593240204404,114.49262119943018,15648700
2019-04-23,MSFT,Microsoft,117.1257095336914,117.2564296192121,115.62242142649302,115.87452241322282,24025500
2019-04-24,MSFT,Microsoft,116.72421264648438,117.50853317676774,116.26668521344186,117.45251231709337,31257000
2019-04-25,MSFT,Microsoft,120.58978271484375,122.66263968335318,120.2910000941371,121.43947028022946,38033900
2019-04-26,MSFT,Microsoft,121.28074645996094,121.86899392181294,120.46841558210407,121.10333759067734,23654900
2019-04-29,MSFT,Microsoft,121.16870880126953,121.55152273221088,120.77654856273588,121.29008257318844,16324200
2019-04-30,MSFT,Microsoft,121.94373321533203,122.03709658687465,120.81392671449903,121.20608706879642,24166500
2019-05-01,MSFT,Microsoft,119.40399169921875,121.99039037985155,119.23592198224438,121.87834865100939,26821700
2019-05-02,MSFT,Microsoft,117.84466552734375,119.51602327010687,117.2003971848161,119.49735202590337,27350200
2019-05-03,MSFT,Microsoft,120.35636901855469,120.85123893074154,118.81573842362141,118.91844807977836,24911100
2019-05-06,MSFT,Microsoft,119.65606689453125,120.03889504870183,117.75128667809928,118.01272682060132,24239800
2019-05-07,MSFT,Microsoft,117.20040130615234,118.75037820682213,115.98657092635722,118.07809941249357,36017700
2019-05-08,MSFT,Microsoft,117.19107055664062,117.99406944510429,116.48144214094266,117.1257105133336,28419000
2019-05-09,MSFT,Microsoft,117.18172454833984,117.45250389018918,115.37964674643291,116.05192550913333,27235800
2019-05-10,MSFT,Microsoft,118.70369720458984,119.45067527483482,115.61308950828015,116.63084695089616,30915100
2019-05-13,MSFT,Microsoft,115.17423248291016,117.22841847255457,114.88478188441582,115.88386088832989,33944900
2019-05-14,MSFT,Microsoft,116.4627914428711,117.53656275468265,115.50105474494949,115.659792412738,25266300
2019-05-15,MSFT,Microsoft,118.10281372070312,118.74946688666888,115.92856757652989,116.45339054241944,24722700
2019-05-16,MSFT,Microsoft,120.83000946044922,121.25174980266455,118.51519238172982,118.78697408775089,30112200
2019-05-17,MSFT,Microsoft,120.02404022216797,122.26388848069051,119.8834553556375,120.24895312836178,25770500
2019-05-20,MSFT,Microsoft,118.29026794433594,119.57419353399882,117.85916816276269,118.57141624532015,23706900
2019-05-21,MSFT,Microsoft,118.92754364013672,119.51796148842769,118.62764783861242,119.42424539109133,15293300
2019-05-22,MSFT,Microsoft,119.64917755126953,120.18337437526199,118.57142444774058,118.66514770463229,15396500
2019-05-23,MSFT,Microsoft,118.25276947021484,118.35585931635548,116.90323486624975,118.27150982856791,23603800
2019-05-24,MSFT,Microsoft,118.30902099609375,119.41488825879041,118.05598678305543,118.93693395082015,14123400
2019-05-28,MSFT,Microsoft,118.2340316772461,119.95843068632377,118.13094182886866,119.00251508782716,23128400
2019-05-29,MSFT,Microsoft,117.0906982421875,117.51242431747906,116.24723894152343,117.50305056133807,22763100
2019-05-30,MSFT,Microsoft,117.83106994628906,117.85918406517283,116.94074899784351,117.3905963502271,16829600
2019-05-31,MSFT,Microsoft,115.90983581542969,116.79078284308702,115.57245215164943,116.42528506567169,26646800
2019-06-03,MSFT,Microsoft,112.31108856201172,116.55649882987035,111.53323846907796,116.0691636522864,37983600
2019-06-04,MSFT,Microsoft,115.42250061035156,115.53495705785876,113.07018886557549,113.6606066652262,29382600
2019-06-05,MSFT,Microsoft,117.92475891113281,117.9622467777079,116.40653249019898,117.10004014663961,24926100
2019-06-06,MSFT,Microsoft,119.78972625732422,119.9303039585143,117.70919629993195,118.49642713654906,21459000
2019-06-07,MSFT,Microsoft,123.14482116699219,123.94142584332684,120.20209147700956,121.07367188877706,33885600
2019-06-10,MSFT,Microsoft,124.26944732666016,125.65646273119582,123.70713644095551,124.08200083131871,26477100
2019-06-11,MSFT,Microsoft,123.80087280273438,125.80642753395966,123.03238213087653,125.46904382683012,23913700
2019-06-12,MSFT,Microsoft,123.22919464111328,123.67903481500306,122.49819899598188,123.14483798962789,17092500
2019-06-13,MSFT,Microsoft,124.00704193115234,124.6443142678434,123.29477955466218,123.68839146264668,17200800
2019-06-14,MSFT,Microsoft,124.12889099121094,125.38470271780271,123.36978113110939,123.95082535979687,17821700
2019-06-17,MSFT,Microsoft,124.50373840332031,125.32844290398613,124.20383545750764,124.29755870311398,14517800
2019-06-18,MSFT,Microsoft,126.66860961914062,126.74358535480289,125.17850441077125,125.75954848695467,25934500
2019-06-19,MSFT,Microsoft,127.16532897949219,127.39024191749101,125.40343469764089,126.51867568242288,23744400
2019-06-20,MSFT,Microsoft,128.3461456298828,129.01154633909664,127.19342409436848,128.8147332475897,33042600
2019-06-21,MSFT,Microsoft,128.3648681640625,129.0771160563452,127.8869140350492,127.99937046536846,36727900
2019-06-24,MSFT,Microsoft,129.1240234375,129.70506760031128,128.39302778100793,128.39302778100793,20628800
2019-06-25,MSFT,Microsoft,125.04728698730469,128.94593946694656,124.39126717105714,128.62730331336337,33327400
2019-06-26,MSFT,Microsoft,125.515869140625,127.21216828460724,125.20661390514596,125.9094953133706,23657700
2019-06-27,MSFT,Microsoft,125.72203063964844,126.24686069398244,125.12223916342352,125.71266403695127,16557500
2019-06-28,MSFT,Microsoft,125.54398345947266,126.14377495515178,124.79424051483443,126.1156608459916,30043000
2019-07-01,MSFT,Microsoft,127.15592956542969,128.11185231326922,126.4905431538185,128.04625748262103,22613500
2019-07-02,MSFT,Microsoft,127.99942016601562,128.00878677212702,126.83731750091239,127.56831318213736,15237800
2019-07-03,MSFT,Microsoft,128.82412719726562,129.08653514574118,127.72761947665488,128.2055880472187,13629300
2019-07-05,MSFT,Microsoft,128.44924926757812,128.70229061234994,127.19343774934305,127.39961746728143,18141100
2019-07-08,MSFT,Microsoft,128.3555145263672,128.48671847504428,126.86539517334259,127.83068443150086,16779700
2019-07-09,MSFT,Microsoft,127.88697052001953,128.36492486013515,127.268431279755,127.4558635131241,19953100
2019-07-10,MSFT,Microsoft,129.18963623046875,129.87377027700444,128.4117789226928,128.51486878999233,24204400
2019-07-11,MSFT,Microsoft,129.705078125,130.47356886735088,129.20837627451962,129.51764589277087,22327900
2019-07-12,MSFT,Microsoft,130.17364501953125,130.38920563724577,129.3395595644805,130.12679769409456,18936800
2019-07-15,MSFT,Microsoft,130.17364501953125,130.77343664675695,129.7612998946939,130.67972769572316,16651500
2019-07-16,MSFT,Microsoft,128.46800231933594,130.3142389549489,127.9431863965516,130.22989660310742,22726100
2019-07-17,MSFT,Microsoft,127.70892333984375,129.2646239716629,127.66206169969199,129.04907758716254,20211000
2019-07-18,MSFT,Microsoft,127.84943389892578,128.036866071316,126.20937736523457,127.03409608394132,30381800
2019-07-19,MSFT,Microsoft,128.036865234375,131.8324274761386,127.87754717387682,131.41070151597776,48992400
2019-07-22,MSFT,Microsoft,129.73309326171875,130.44535522097908,128.7022096209157,128.7771853166353,25074900
2019-07-23,MSFT,Microsoft,130.53912353515625,131.19515759628266,129.35828796541364,130.97959701041162,18034600
2019-07-24,MSFT,Microsoft,131.87925720214844,131.8980047047787,130.12674466031336,130.1735919666572,20738300
2019-07-25,MSFT,Microsoft,131.38262939453125,131.77624136982163,130.56729132429854,131.60754235174713,18356900
2019-07-26,MSFT,Microsoft,132.46038818359375,132.7790244370597,131.485731908238,131.551326760345,19037600
2019-07-29,MSFT,Microsoft,132.1698455810547,132.61968576922405,130.61413098427352,132.6103191632778,16605900
2019-07-30,MSFT,Microsoft,131.5325927734375,132.34793091727414,131.0171433663484,131.3357796179439,16846500
2019-07-31,MSFT,Microsoft,127.70892333984375,131.6638055258843,126.59368208498977,131.51385399746454,38598800
2019-08-01,MSFT,Microsoft,129.38644409179688,132.08551404213475,128.32743122652846,128.39304037400944,40557500
2019-08-02,MSFT,Microsoft,128.29930114746094,129.6301027436691,126.76233412806678,129.41454211461277,30791600
2019-08-05,MSFT,Microsoft,123.90398406982422,125.51591283771656,122.56381561549392,124.92550197337033,42749600
2019-08-06,MSFT,Microsoft,126.22814178466797,127.15593616736156,124.84112636295711,125.39405635064563,32696700
2019-08-07,MSFT,Microsoft,126.78106689453125,127.12781716157795,123.54781513648969,125.38467062156676,33414500
2019-08-08,MSFT,Microsoft,130.1642608642578,130.25798410281516,127.3902160247668,128.0181359828158,27496500
2019-08-09,MSFT,Microsoft,129.0584259033203,130.62350704802847,127.88695669618893,129.90187801239043,23466700
2019-08-12,MSFT,Microsoft,127.259033203125,129.19899302216984,126.74359820594343,128.45863079519498,20484300
2019-08-13,MSFT,Microsoft,129.8925018310547,130.07993403034587,126.51866504317269,127.50270196465162,25154600
2019-08-14,MSFT,Microsoft,125.98088073730469,128.7453538582876,125.6893912112304,128.21879028243967,32527300
2019-08-15,MSFT,Microsoft,125.69877624511719,126.54505134704401,124.35415970387355,126.36639279171123,28074400
2019-08-16,MSFT,Microsoft,128.00245666503906,128.31275596397265,126.67663630080656,126.82708705443017,24449100
2019-08-19,MSFT,Microsoft,130.14639282226562,130.27803370860318,128.71713866504334,129.61982927691545,24355700
2019-08-20,MSFT,Microsoft,129.06500244140625,130.42844289405204,129.0462068549163,129.95829497183652,21170800
2019-08-21,MSFT,Microsoft,130.50364685058594,131.16186538417406,129.76081948683455,130.27798504275015,14970300
2019-08-22,MSFT,Microsoft,129.5540008544922,130.88921964983857,128.152954442496,130.38146604791604,18697000
2019-08-23,MSFT,Microsoft,125.42611694335938,130.08999268351948,124.87134559609925,128.99924558370546,38508600
2019-08-26,MSFT,Microsoft,127.36309051513672,127.46652364919785,125.90562884346755,126.93056238926536,20312600
2019-08-27,MSFT,Microsoft,127.63579559326172,128.55728173810164,126.62027410092034,128.24698230868236,23102100
2019-08-28,MSFT,Microsoft,127.466552734375,127.65460910800253,125.5765625055786,126.82715819448505,17393300
2019-08-29,MSFT,Microsoft,129.8737030029297,130.17460466564032,128.73595266678487,129.0556499225792,20168700
2019-08-30,MSFT,Microsoft,129.6291961669922,130.8703793211406,128.13412909694497,130.84217159134928,23940100
2019-09-03,MSFT,Microsoft,127.91788482666016,129.00863182880175,127.59818757189551,128.4538605312194,18869300
2019-09-04,MSFT,Microsoft,129.41294860839844,129.4693640751677,128.33159955346446,129.10264919338846,17995900
2019-09-05,MSFT,Microsoft,131.6884765625,131.99877600875112,130.47548651372017,130.80459590004781,26101800
2019-09-06,MSFT,Microsoft,130.79518127441406,131.81068834339504,129.94890625322523,131.6696496804195,20824500
2019-09-09,MSFT,Microsoft,129.30950927734375,131.40636532926285,128.3127978180758,131.255914526564,25773900
2019-09-10,MSFT,Microsoft,127.95552825927734,128.71716600254592,126.47925611173024,128.63254277502352,28903400
2019-09-11,MSFT,Microsoft,127.99308013916016,128.13413314034483,127.0245764583579,127.79562602439022,24726100
2019-09-12,MSFT,Microsoft,129.30950927734375,130.15576993391286,128.69830827179652,129.6198086774933,27010000
2019-09-13,MSFT,Microsoft,129.12144470214844,129.8172545115842,128.41622275078365,129.55397279756352,23363100
2019-09-16,MSFT,Microsoft,128.1905517578125,128.53845667663396,127.56055517745408,127.72040377117685,16731400
2019-09-17,MSFT,Microsoft,129.18731689453125,129.30956001315957,128.2846260719372,128.78299634488965,17814200
2019-09-18,MSFT,Microsoft,130.24978637695312,130.39082501666115,128.37859245276184,129.15903973729058,23982100
2019-09-19,MSFT,Microsoft,132.64756774902344,133.86994110897095,131.7072717196615,131.9235357890367,35772100
2019-09-20,MSFT,Microsoft,131.1149139404297,133.19296065850412,129.99595908556697,132.5911716207354,39167300
2019-09-23,MSFT,Microsoft,130.83279418945312,131.29354442748715,130.17458981210405,130.91741739201672,17139300
2019-09-24,MSFT,Microsoft,129.1778564453125,132.29023360546103,128.70770849126524,131.9799342340566,29773200
2019-09-25,MSFT,Microsoft,131.03961181640625,131.60379498623843,127.9084253541631,129.2906612072553,21382000
2019-09-26,MSFT,Microsoft,131.2089385986328,131.8107276530966,130.17462128353282,131.11491757786888,17456600
2019-09-27,MSFT,Microsoft,129.5070037841797,131.97998761396647,128.49148207097198,131.78251908037774,22477700
2019-09-30,MSFT,Microsoft,130.72935485839844,130.90801339831535,129.553984830291,129.80786877374024,17280900
2019-10-01,MSFT,Microsoft,128.8863525390625,131.87648630416052,128.8205249459536,131.3217152241367,21466600
2019-10-02,MSFT,Microsoft,126.61087799072266,128.2281886076526,125.6047685143917,128.11535765458632,30521700
2019-10-03,MSFT,Microsoft,128.14353942871094,128.5854797023842,125.26623592626193,126.8929440104205,24132900
2019-10-04,MSFT,Microsoft,129.8737030029297,129.9959460968785,128.27520237617705,128.58550183542954,22897700
2019-10-07,MSFT,Microsoft,128.93336486816406,129.9300761929036,128.8393438900012,128.95217480290717,15303700
2019-10-08,MSFT,Microsoft,127.5699234008789,129.53513808600636,127.5229057435586,128.89574385932883,25550500
2019-10-09,MSFT,Microsoft,129.9865264892578,130.41905462210212,128.79234653089637,129.25309674419262,19749900
2019-10-10,MSFT,Microsoft,130.79518127441406,131.33114254149964,129.99592392347657,130.22160013201596,17654600
2019-10-11,MSFT,Microsoft,131.3405303955078,132.6099356573228,131.17128401274712,131.75426290595945,25446000
2019-10-14,MSFT,Microsoft,131.2183380126953,131.91414802041203,131.19013027442472,131.3499789072186,13304300
2019-10-15,MSFT,Microsoft,133.11770629882812,133.3245582106238,131.4627762222408,131.69785021286717,19695700
2019-10-16,MSFT,Microsoft,132.0269775390625,132.57235099340375,131.19951238795443,132.3842802970394,20751600
2019-10-17,MSFT,Microsoft,131.34999084472656,132.97669940655788,130.71999405312465,132.5347590031116,21460600
2019-10-18,MSFT,Microsoft,129.20608520507812,131.64144855997057,128.40682781399516,131.4157723400958,32273500
2019-10-21,MSFT,Microsoft,130.16510009765625,130.23092767005124,128.82988219995573,130.18391002516492,20078200
2019-10-22,MSFT,Microsoft,128.22817993164062,131.6508573049573,128.1247467824011,130.67295563305845,27431000
2019-10-23,MSFT,Microsoft,129.04624938964844,129.24370354730698,127.51356206675086,128.70774220016742,29844600
2019-10-24,MSFT,Microsoft,131.58499145507812,132.0363294042335,130.39081181791786,131.06782591553826,37029300
2019-10-25,MSFT,Microsoft,132.32785034179688,132.7133751402502,130.88919862832773,131.0208394927047,25959700
2019-10-28,MSFT,Microsoft,135.581298828125,136.97293305797643,134.94189001044404,135.77875297709673,35280100
2019-10-29,MSFT,Microsoft,134.3024444580078,135.8727366477051,134.13318376120247,135.4778141521921,20589500
2019-10-30,MSFT,Microsoft,135.97622680664062,136.34294173117877,134.26488092694217,134.95130744674947,18496600
2019-10-31,MSFT,Microsoft,134.8102569580078,136.27711668382418,134.45295417080953,136.24890894661854,24605100
2019-11-01,MSFT,Microsoft,135.13934326171875,135.7975475970039,134.4341212565321,135.6470967924306,33128400
2019-11-04,MSFT,Microsoft,135.91981506347656,136.34294547297444,135.5531001288743,136.18309684484328,16912000
2019-11-05,MSFT,Microsoft,135.83517456054688,136.36173805625353,135.31800886019954,136.31472038389848,18250200
2019-11-06,MSFT,Microsoft,135.45907592773438,135.89161851719027,134.6504205761464,135.75056547055408,16575800
2019-11-07,MSFT,Microsoft,135.64712524414062,136.23011864719925,135.1863892866918,135.2522025601353,17786700
2019-11-08,MSFT,Microsoft,137.24557495117188,137.27378267604888,135.17691280835962,135.38377902264085,16732700
2019-11-11,MSFT,Microsoft,137.3866424560547,137.67813190624193,136.0890294478378,136.66261055386926,14362600
2019-11-12,MSFT,Microsoft,138.2893524169922,138.75950046054308,137.3396441864404,137.54651047342517,18641600
2019-11-13,MSFT,Microsoft,138.51499938964844,138.6560523962027,137.54649567197717,137.9790381385209,16919200
2019-11-14,MSFT,Microsoft,139.22024536132812,139.54935475220276,138.2235337402069,138.2423436805433,19729800
2019-11-15,MSFT,Microsoft,141.0161895751953,141.03499951221406,139.41768927527346,140.03827371911223,23485700
2019-11-18,MSFT,Microsoft,141.36412048339844,141.56158898894984,140.08531713883045,141.11025085197898,21534000
2019-11-19,MSFT,Microsoft,141.41110229492188,142.2949827519912,141.23244377515974,141.87185245916228,23935700
2019-11-20,MSFT,Microsoft,141.1658172607422,142.31688312760556,140.0713732271126,141.81683157521755,25696800
2019-11-21,MSFT,Microsoft,141.03370666503906,141.33563214259124,140.10908508408411,140.95822529565103,18576100
2019-11-22,MSFT,Microsoft,141.13748168945312,141.8073697971543,140.41100055449326,141.59036987350385,15901800
2019-11-25,MSFT,Microsoft,142.68482971191406,142.7980589689639,141.4488528300015,141.52433420250148,22420900
2019-11-26,MSFT,Microsoft,143.43968200683594,143.80764483577238,142.76980797301567,142.80754147489927,24620100
2019-11-27,MSFT,Microsoft,143.71328735351562,143.88310968736712,142.95848783321202,143.72271712875067,15184400
2019-11-29,MSFT,Microsoft,142.82640075683594,143.6944151770697,142.73204541690905,143.5057188938195,11977300
2019-12-02,MSFT,Microsoft,141.0997772216797,143.2509461501962,139.939281604175,143.2320722061633,27418400
2019-12-03,MSFT,Microsoft,140.87332153320312,140.98653639491616,138.3636198568316,139.15616707862256,24066000
2019-12-04,MSFT,Microsoft,141.3828125,141.69415335935184,140.76953176072647,141.65641987223628,17574700
2019-12-05,MSFT,Microsoft,141.45828247070312,141.82625956002167,141.03371234781216,141.5715117276472,17869100
2019-12-06,MSFT,Microsoft,143.17543029785156,143.28864514158772,141.7790611042477,142.45837895985989,16403500
2019-12-09,MSFT,Microsoft,142.8074951171875,143.60947213877773,142.38292497494575,142.53388772668518,16687400
2019-12-10,MSFT,Microsoft,142.59046936035156,143.30752070647608,142.24136626054283,142.7414176881793,16476100
2019-12-11,MSFT,Microsoft,143.12831115722656,143.28870371695263,141.8357265075143,142.9773483728008,18856600
2019-12-12,MSFT,Microsoft,144.5812530517578,144.76994926910868,142.48669192698674,143.08108429181198,24612100
2019-12-13,MSFT,Microsoft,145.7983856201172,146.13804463924706,144.1944458506823,144.35483838796566,23845400
2019-12-16,MSFT,Microsoft,146.7418670654297,147.0909558246872,146.07199326271393,146.34560064764008,24144200
2019-12-17,MSFT,Microsoft,145.94935607910156,146.91172575014735,145.72291192220777,146.66640764769517,25425600
2019-12-18,MSFT,Microsoft,145.64739990234375,146.69468051322278,145.46813344875017,145.5813627016825,24129200
2019-12-19,MSFT,Microsoft,146.91172790527344,146.96833534617673,145.0624699216854,145.2983438565174,24958900
2019-12-20,MSFT,Microsoft,148.51560974121094,149.53458646904974,147.45888513645394,148.45900232243048,53477500
2019-12-23,MSFT,Microsoft,148.51560974121094,149.1854833922422,148.3835209651909,149.1854833922422,17718200
2019-12-24,MSFT,Microsoft,148.48731994628906,148.79867517535496,148.24200191312298,148.5816608542314,8989200
2019-12-26,MSFT,Microsoft,149.7044677734375,149.76107521454566,148.5062241491052,148.65718692312868,14520600
2019-12-27,MSFT,Microsoft,149.97804260253906,150.5347014611335,149.27985078892365,150.44034615778617,18412800
2019-12-30,MSFT,Microsoft,148.68551635742188,150.03472298911004,147.8741093024737,150.0064192636611,16348400
2019-12-31,MSFT,Microsoft,148.78924560546875,148.85529720444745,147.60987616598882,147.9118016528635,18369400
2020-01-02,MSFT,Microsoft,151.54434204101562,151.64812718997965,149.38374226281152,149.80831263707952,22622100
2020-01-03,MSFT,Microsoft,149.65728759765625,150.91213864205648,149.1289322940356,149.3742503968611,21116200
2020-01-06,MSFT,Microsoft,150.04409790039062,150.11014950002246,147.66648505583996,148.20428443592868,20813700
2020-01-07,MSFT,Microsoft,148.67605590820312,150.6479584895555,148.43075220605184,150.31774362857513,21634100
2020-01-08,MSFT,Microsoft,151.0442352294922,151.71412356453547,149.0251548459884,149.949776674837,27746500
2020-01-09,MSFT,Microsoft,152.93125915527344,153.0539182389556,151.9311557250819,152.69538516148842,21385000
2020-01-10,MSFT,Microsoft,152.2235870361328,153.9973634920825,152.07262427464744,153.61997098497042,20725900
2020-01-13,MSFT,Microsoft,154.053955078125,154.08225879341623,152.14809000111734,152.61983778477074,21626500
2020-01-14,MSFT,Microsoft,152.96893310546875,154.35587267015467,152.58209648748715,154.15773227665707,23477400
2020-01-15,MSFT,Microsoft,153.9595947265625,154.67666054808353,153.38407627006706,153.43123952960977,21417900
2020-01-16,MSFT,Microsoft,156.7806854248047,156.84673703698928,154.76160511659748,155.06353066383713,23865400
2020-01-17,MSFT,Microsoft,157.65814208984375,158.0072309026949,156.08249155325078,157.96005323691986,34371700
2020-01-21,MSFT,Microsoft,157.09201049804688,158.68652029544697,157.02595889858074,157.26183278821745,29517200
2020-01-22,MSFT,Microsoft,156.3372039794922,158.0260690136895,156.31833003814165,157.94114347591156,24138800
2020-01-23,MSFT,Microsoft,157.2996063232422,157.3750877078265,155.93154041958098,156.79955474739776,19680800
2020-01-24,MSFT,Microsoft,155.7145233154297,158.0638327809762,155.15786431003815,158.04495883600987,24918100
2020-01-27,MSFT,Microsoft,153.1104736328125,154.1483246112151,151.14800094421565,152.04431893650815,32078100
2020-01-28,MSFT,Microsoft,156.11077880859375,156.393815954086,153.8558250377088,154.52569881083977,24899900
2020-01-29,MSFT,Microsoft,158.54498291015625,159.21487107258014,156.32777704725325,158.35628668301973,34754500
2020-01-30,MSFT,Microsoft,163.0171356201172,164.21537882062995,161.13957457337654,164.21537882062995,51597500
2020-01-31,MSFT,Microsoft,160.61123657226562,162.6586201005581,159.99797024964954,162.47936804687262,36142700
2020-02-03,MSFT,Microsoft,164.52679443359375,164.6400093173289,160.77167096154713,160.79997468248092,30107000
2020-02-04,MSFT,Microsoft,169.94239807128906,170.43301974275775,166.34768266319725,167.13078562453822,36433300
2020-02-05,MSFT,Microsoft,169.73487854003906,173.79191311743807,168.3290790956933,173.63152056859474,39186300
2020-02-06,MSFT,Microsoft,173.25413513183594,173.43340163395135,169.8858482782438,170.74443289542648,27751400
2020-02-07,MSFT,Microsoft,173.49942016601562,175.14110783338012,172.16908780090657,172.51819099249076,33529100
2020-02-10,MSFT,Microsoft,178.0376434326172,178.16973226048214,172.89559452391404,173.20694984601053,35844300
2020-02-11,MSFT,Microsoft,174.0183868408203,179.92466601720483,173.13149838758517,179.87748834268285,53159900
2020-02-12,MSFT,Microsoft,174.27305603027344,175.34864029904801,171.57465838803572,175.0938924890071,47062900
2020-02-13,MSFT,Microsoft,173.32958984375,175.70718848393082,172.5370425670888,172.73518298540432,35295800
2020-02-14,MSFT,Microsoft,174.87689208984375,174.93349951490094,172.32944278948298,172.8955458332517,23149500
2020-02-18,MSFT,Microsoft,176.65066528320312,177.09410933712462,175.01842203596405,175.12220712085204,27792200
2020-02-19,MSFT,Microsoft,177.1804962158203,178.0319558816132,176.41417962942194,177.91843177575387,29997500
2020-02-20,MSFT,Microsoft,174.47474670410156,177.15213450123773,171.33379246688904,176.86830976972487,36862400
2020-02-21,MSFT,Microsoft,168.95913696289062,173.60435785009562,167.6914028824493,173.29215209549287,48572600
2020-02-24,MSFT,Microsoft,161.6743621826172,165.1369917090435,154.42744187826224,158.72261999532847,68311100
2020-02-25,MSFT,Microsoft,159.0063934326172,165.41129311567497,158.60903032541816,164.8058073638313,68073300
2020-02-26,MSFT,Microsoft,160.9931640625,163.9165247766763,159.13886994906164,160.5579787737206,56206100
2020-02-27,MSFT,Microsoft,149.6497802734375,158.02252986335748,149.46056861111845,154.51260805417675,93174900
2020-02-28,MSFT,Microsoft,153.27322387695312,154.8815589206955,143.80304190624392,144.19093515495462,97012700
2020-03-02,MSFT,Microsoft,163.47190856933594,163.5949026496789,153.55706992157735,156.3952882488152,71030800
2020-03-03,MSFT,Microsoft,155.63841247558594,165.56272015494937,153.50974893073658,164.42743581821443,71677000
2020-03-04,MSFT,Microsoft,161.35267639160156,161.4945814998226,156.68853121047633,159.403769247118,49814400
2020-03-05,MSFT,Microsoft,157.30348205566406,161.65540698924337,156.75475826135863,157.09534494624057,47817300
2020-03-06,MSFT,Microsoft,152.85696411132812,154.31390963214946,147.5873325518678,153.84087330986785,72821100
2020-03-09,MSFT,Microsoft,142.4974365234375,149.2429381244028,141.9108761880217,142.8569486959418,70419300
2020-03-10,MSFT,Microsoft,152.2420196533203,152.3460882294673,144.35177667029004,149.63086415534653,65354400
2020-03-11,MSFT,Microsoft,145.3451690673828,149.19567786157322,142.99889812654817,148.65642387157212,56371600
2020-03-12,MSFT,Microsoft,131.56085205078125,145.19376153679778,131.10674124965627,137.46435020909462,93226400
2020-03-13,MSFT,Microsoft,150.2646942138672,153.17859919394692,133.1407764964393,139.54569124869116,92727400
2020-03-16,MSFT,Microsoft,128.11717224121094,141.29597337845718,127.71982341179633,132.45018724186286,87905900
2020-03-17,MSFT,Microsoft,138.66586303710938,139.54570359494014,127.71979651062317,132.45015934434994,81059800
2020-03-18,MSFT,Microsoft,132.82859802246094,138.12661078587766,127.73873683869692,130.55802937295286,81593200
2020-03-19,MSFT,Microsoft,135.0140380859375,142.05280667661373,131.5041021024752,135.0708001368095,85922700
2020-03-20,MSFT,Microsoft,129.94309997558594,139.16730942925798,128.53344635957905,138.126623613961,84866200
2020-03-23,MSFT,Microsoft,128.6469268798828,132.98941036869704,125.3735243080933,129.6213803422294,78975200
2020-03-24,MSFT,Microsoft,140.34042358398438,141.53248444816953,133.65169697152206,135.99795327111457,82516700
2020-03-25,MSFT,Microsoft,138.9970245361328,146.00742797794797,136.65076785708044,140.8797147471842,75638200
2020-03-26,MSFT,Microsoft,147.69137573242188,148.21171848467063,140.36876952530807,140.3971505448925,64568100
2020-03-27,MSFT,Microsoft,141.62704467773438,146.53716306538357,141.15400844672263,143.56649611206657,57042300
2020-03-30,MSFT,Microsoft,151.58920288085938,151.93925954595042,141.92034012233952,144.21930395943565,63420300
2020-03-31,MSFT,Microsoft,149.20509338378906,155.89381814086136,148.11710139786456,150.80394370821577,77927200
2020-04-01,MSFT,Microsoft,143.9071044921875,149.24295340577154,142.686677183813,144.74910853301455,57969900
2020-04-02,MSFT,Microsoft,146.88722229003906,147.09535941069365,142.2514724629254,143.67058132052205,49630700
2020-04-03,MSFT,Microsoft,145.53436279296875,148.8929237102213,143.9828041677828,146.73587914437556,41243300
2020-04-06,MSFT,Microsoft,156.35745239257812,157.52111786991853,149.0821504046339,151.67439501876555,67111700
2020-04-07,MSFT,Microsoft,154.6734161376953,160.83234362915013,154.45580904362706,160.4444503945996,62769000
2020-04-08,MSFT,Microsoft,156.22499084472656,157.68193646280352,154.68288771165297,156.735863755087,48318200
2020-04-09,MSFT,Microsoft,156.2344512939453,158.34418945652004,154.52206194881128,157.38866118857393,51385100
2020-04-13,MSFT,Microsoft,156.58448791503906,156.641264403409,153.54760262178084,155.48705455059172,41905300
2020-04-14,MSFT,Microsoft,164.3328094482422,164.38011596592045,158.9401984591346,159.8862710690104,52874300
2020-04-15,MSFT,Microsoft,162.61097717285156,164.2098423148961,160.11334587025092,161.9676402425253,40940800
2020-04-16,MSFT,Microsoft,167.49270629882812,167.71976894625868,163.57596585517592,164.9004763113015,50479600
2020-04-17,MSFT,Microsoft,168.96859741210938,170.2930934758854,166.38580843385955,169.82005710511905,52765600
2020-04-20,MSFT,Microsoft,165.61952209472656,169.11053345881345,165.55330449739677,167.10486349966573,36669600
2020-04-21,MSFT,Microsoft,158.76991271972656,164.30442883992933,157.1521222009458,164.14359822815481,56203700
2020-04-22,MSFT,Microsoft,164.16256713867188,164.6166780706004,161.6081732971754,162.14742732210433,34620200
2020-04-23,MSFT,Microsoft,162.17576599121094,165.6194697336528,161.69327415431388,164.72070363625357,32790800
2020-04-24,MSFT,Microsoft,165.13702392578125,165.14647945763824,161.5041075348424,162.78129726000725,34277600
2020-04-27,MSFT,Microsoft,164.6639404296875,167.36023870290072,163.95438597316996,167.06695850395437,33194400
2020-04-28,MSFT,Microsoft,160.65255737304688,166.19654240217187,160.25520868390518,166.12085487529922,34392700
2020-04-29,MSFT,Microsoft,167.86166381835938,168.09818198150484,162.6109721452684,163.87870603510657,51286600
2020-04-30,MSFT,Microsoft,169.54566955566406,170.67148377407221,166.72636293755244,170.29306052505186,53875900
2020-05-01,MSFT,Microsoft,165.15591430664062,169.00642259892936,164.6261014808525,166.31957965837367,39370500
2020-05-04,MSFT,Microsoft,169.19564819335938,169.34702329891886,164.4274478556324,165.08024036692368,30372900
2020-05-05,MSFT,Microsoft,171.01210021972656,173.74624981187438,170.19847710047543,170.87965061593798,36839200
2020-05-06,MSFT,Microsoft,172.69613647460938,174.266620913768,171.8352211285472,172.2609510356639,32139300
2020-05-07,MSFT,Microsoft,173.69895935058594,174.59772555870285,172.73396112199262,174.23821330108638,28316000
2020-05-08,MSFT,Microsoft,174.720703125,175.02345332485953,173.47189464038965,175.0045278283873,30877800
2020-05-11,MSFT,Microsoft,176.6696319580078,177.39809758752233,172.98940950823808,173.27321978678938,30892700
2020-05-12,MSFT,Microsoft,172.66770935058594,176.9534171809746,172.46904218373015,176.7263689902823,32038200
2020-05-13,MSFT,Microsoft,170.05657958984375,174.12469536846862,167.01967966093866,172.7055862202919,44711500
2020-05-14,MSFT,Microsoft,170.79452514648438,170.94590026240112,166.20606619224603,167.96576221598298,41873900
2020-05-15,MSFT,Microsoft,173.28268432617188,176.97236219102498,167.45487285703408,169.40378036697825,46610400
2020-05-18,MSFT,Microsoft,174.93832397460938,176.15875152825836,174.03955770661358,175.73302165772617,35264500
2020-05-19,MSFT,Microsoft,173.72738647460938,176.5372243887805,173.59493683443654,175.0518828763377,26799100
2020-05-20,MSFT,Microsoft,176.13702392578125,176.31728065263576,174.5052459973766,175.3306168244194,31261300
2020-05-21,MSFT,Microsoft,174.0214080810547,177.09522556251395,173.88858961139377,175.89036299593658,29119500
2020-05-22,MSFT,Microsoft,174.09727478027344,174.9985583136124,173.17702752337723,173.79369596598414,20826900
2020-05-26,MSFT,Microsoft,172.2568359375,176.93395718698432,171.81094223314764,176.78216050547536,36073600
2020-05-27,MSFT,Microsoft,172.48451232910156,172.65528721071786,167.54175424409405,170.95709263901247,39517100
2020-05-28,MSFT,Microsoft,172.0955352783203,174.70448091194282,171.12786404793408,171.46939932810795,33810200
2020-05-29,MSFT,Microsoft,173.85067749023438,174.81836335004485,171.15635122877697,173.3573454571367,42130400
2020-06-01,MSFT,Microsoft,173.45220947265625,173.61348802494285,172.15248471379252,173.1770761664217,22622400
2020-06-02,MSFT,Microsoft,175.42555236816406,175.51093259082862,172.0481551166513,174.79940178302797,30794600
2020-06-03,MSFT,Microsoft,175.8524169921875,176.40266906121542,174.1637188558485,175.340121328542,27311000
2020-06-04,MSFT,Microsoft,173.53753662109375,176.30776018466966,172.94934273069993,174.8467573202279,28761800
2020-06-05,MSFT,Microsoft,177.59803771972656,178.10085152705264,172.67424357239446,173.25295571540923,39893600
2020-06-08,MSFT,Microsoft,178.6985626220703,178.87881938074497,174.9796305982764,176.40269198638714,33211600
2020-06-09,MSFT,Microsoft,180.064697265625,180.91852827671923,177.65497196351984,178.35702076730806,29783900
2020-06-10,MSFT,Microsoft,186.74359130859375,188.3374275256502,181.21262453597723,181.32647928613525,43872300
2020-06-11,MSFT,Microsoft,176.71578979492188,185.7190167286618,176.52605114750392,183.22392528666057,52854700
2020-06-12,MSFT,Microsoft,178.11033630371094,181.88618778329942,175.68163314772607,180.7667054997271,43373600
2020-06-15,MSFT,Microsoft,179.2488250732422,181.0324000812959,174.57168884769598,175.1124591548258,32770200
2020-06-16,MSFT,Microsoft,183.6413116455078,185.54820844598873,181.63953830771604,182.9961830392735,42556700
2020-06-17,MSFT,Microsoft,184.27694702148438,186.25026032660236,183.755155009725,185.0264195648279,25687800
2020-06-18,MSFT,Microsoft,186.25027465820312,186.4115532058611,184.04926617601018,184.04926617601018,23061600
2020-06-19,MSFT,Microsoft,185.14024353027344,189.06789159169878,184.40025291552126,188.40379930616814,44441100
2020-06-22,MSFT,Microsoft,190.2823028564453,190.46254515240918,185.21619293576407,185.74746691069572,32818900
2020-06-23,MSFT,Microsoft,191.5535430908203,193.48890010509766,191.0981530482965,191.72430349967055,30917400
2020-06-24,MSFT,Microsoft,187.69227600097656,192.82478671322252,186.4779316388063,191.25942523146253,36740600
2020-06-25,MSFT,Microsoft,190.06405639648438,190.32021147388468,185.44385552035675,187.65434572459228,27803900
2020-06-26,MSFT,Microsoft,186.259765625,189.6371623789604,184.88414249446612,189.48536568805383,54675800
2020-06-29,MSFT,Microsoft,188.2615203857422,188.3469005872741,183.6223412461814,185.73795493775134,26701600
2020-06-30,MSFT,Microsoft,193.07147216796875,193.91582132538687,187.5974399173059,187.73025839792913,34310300
2020-07-01,MSFT,Microsoft,194.2004852294922,195.76586179697807,191.42077830307028,192.72050336651088,32061200
2020-07-02,MSFT,Microsoft,195.6803436279297,197.35007757972903,194.48497775653775,195.1300917098252,29315800
2020-07-06,MSFT,Microsoft,199.8927001953125,200.3006520149216,197.41657263446234,198.1186215112085,31897600
2020-07-07,MSFT,Microsoft,197.56834411621094,203.65904475231002,197.32168536857642,199.6554977974831,33600700
2020-07-08,MSFT,Microsoft,201.91342163085938,202.3213589127099,197.9857731079921,199.29499410765712,33600000
2020-07-09,MSFT,Microsoft,203.3269805908203,205.28131555395652,200.62315866150968,205.23387728787407,33121700
2020-07-10,MSFT,Microsoft,202.71031188964844,203.09928540457483,200.2531631558719,202.66287362361143,26177600
2020-07-13,MSFT,Microsoft,196.44891357421875,204.73112787625126,195.90814322790396,203.47882674339445,38135600
2020-07-14,MSFT,Microsoft,197.66322326660156,198.13757704024243,191.66738461923939,195.55709135354584,37591800
2020-07-15,MSFT,Microsoft,197.36912536621094,200.4903815184619,194.513520663541,198.81116499075517,32179400
2020-07-16,MSFT,Microsoft,193.46043395996094,195.14913217192185,191.93301428777966,194.8645170233169,29940700
2020-07-17,MSFT,Microsoft,192.47378540039062,194.52298263226248,191.06020599071783,193.98222687594824,31635300
2020-07-20,MSFT,Microsoft,200.74652099609375,201.41061337801344,192.59711223612445,194.4850454497009,36884800
2020-07-21,MSFT,Microsoft,198.0426788330078,202.96647278101233,197.35960831558944,202.7008358549193,37990400
2020-07-22,MSFT,Microsoft,200.8888397216797,201.41063181098787,197.70118152060454,198.46963238116317,49605700
2020-07-23,MSFT,Microsoft,192.15118408203125,200.10135646389176,191.78118878729285,196.5626820320475,67457000
2020-07-24,MSFT,Microsoft,190.97479248046875,192.45477363052308,187.37918351676916,190.13992537997643,39827000
2020-07-27,MSFT,Microsoft,193.39404296875,193.50788324422007,190.5574021372156,191.13611433106948,30160900
2020-07-28,MSFT,Microsoft,191.65789794921875,194.20042716363653,191.39226100073117,193.1663394373007,23251400
2020-07-29,MSFT,Microsoft,193.59324645996094,194.15298040006812,191.6483932266433,192.11326510422728,19632600
2020-07-30,MSFT,Microsoft,193.4414520263672,193.97274038237816,189.33356132079433,190.69020608720186,25079600
2020-07-31,MSFT,Microsoft,194.4945526123047,194.57994730375984,188.80230663921913,193.9158403593291,51044000
2020-08-03,MSFT,Microsoft,205.4331817626953,206.47676613883868,199.6460728368185,200.67067900354135,78983000
2020-08-04,MSFT,Microsoft,202.34983825683594,203.75393593196725,199.52269365345714,203.1847055797649,49280100
2020-08-05,MSFT,Microsoft,202.0177764892578,203.97211161459398,200.71805185226052,203.87723507455476,28806400
2020-08-06,MSFT,Microsoft,205.25289916992188,205.2718628994895,200.6990997033003,201.44857235284556,32656800
2020-08-07,MSFT,Microsoft,201.58139038085938,204.63623006529596,200.11089067947304,203.82983727662753,27820400
2020-08-10,MSFT,Microsoft,197.56834411621094,201.01215709979328,195.76580559059593,200.81292214799484,36716500
2020-08-11,MSFT,Microsoft,192.94813537597656,196.99910596543356,192.7204403652862,196.53424855661615,36446500
2020-08-12,MSFT,Microsoft,198.4601287841797,199.4942165085806,194.2478650715753,194.76016076380623,28013100
2020-08-13,MSFT,Microsoft,197.99526977539062,200.5093535572689,197.47347770925523,198.69731859856634,22588900
2020-08-14,MSFT,Microsoft,198.1850128173828,198.83962338076026,196.8663098259881,198.05219433177936,17958900
2020-08-17,MSFT,Microsoft,199.4942169189453,200.35754423975445,198.20397410771088,198.84910275139208,20184800
2020-08-18,MSFT,Microsoft,200.6421661376953,201.46753707867512,198.47911406909904,199.73140051485709,21336200
2020-08-19,MSFT,Microsoft,199.42489624023438,201.7073072260779,198.99694871511463,201.12719606634397,27627600
2020-08-20,MSFT,Microsoft,204.0657958984375,204.46521457627492,198.67362198094685,199.27274274214116,26981500
2020-08-21,MSFT,Microsoft,202.58224487304688,205.65397415805003,202.42057643816506,203.38108226109503,36249300
2020-08-24,MSFT,Microsoft,203.2193603515625,204.95969353187164,202.021090073676,204.26545250984773,25460100
2020-08-25,MSFT,Microsoft,205.8631591796875,205.99629872084208,202.6582908961741,202.6582908961741,23043700
2020-08-26,MSFT,Microsoft,210.31382751464844,211.20777061562723,206.70954075787597,207.20406525203634,39600800
2020-08-27,MSFT,Microsoft,215.477783203125,219.82384972072043,208.64958927330213,211.96858760041155,57602200
2020-08-28,MSFT,Microsoft,217.69358825683594,219.3388155145878,215.47775473653246,216.9993472514701,26292900
2020-08-31,MSFT,Microsoft,214.47921752929688,217.49388844015004,213.3189953476914,215.8771899200654,28774200
2020-09-01,MSFT,Microsoft,216.1339569091797,216.3051300886576,213.43310359585612,214.46018620608552,25725500
2020-09-02,MSFT,Microsoft,220.2993621826172,221.45007970614427,216.2100697451334,216.79968568500595,34080800
2020-09-03,MSFT,Microsoft,206.65249633789062,218.07401180492377,204.42715773754352,218.03597815421034,58400300
2020-09-04,MSFT,Microsoft,203.751953125,207.66056760203185,195.13588685722308,204.56030973531264,59664100
2020-09-08,MSFT,Microsoft,192.72984313964844,199.73871502955402,192.2923763469673,196.3816830611181,52924300
2020-09-09,MSFT,Microsoft,200.93695068359375,204.3130063928278,196.57186053691743,197.42776995522604,45679000
2020-09-10,MSFT,Microsoft,195.30702209472656,204.2179091134677,194.1087663570984,202.9435570623291,35461500
2020-09-11,MSFT,Microsoft,194.03273010253906,198.40734044461416,191.37944373526474,197.04740148822023,33620100
2020-09-14,MSFT,Microsoft,195.34510803222656,198.9493952369475,194.03272208163065,194.23243866542157,30375800
2020-09-15,MSFT,Microsoft,198.5499725341797,199.50097346192692,196.79061501339825,198.20761161974576,21823900
2020-09-16,MSFT,Microsoft,195.00271606445312,200.3283118138085,194.61280225553932,200.2997829508266,26328100
2020-09-17,MSFT,Microsoft,192.96759033203125,194.3180098283197,190.16214066313728,190.24772725890895,34011300
2020-09-18,MSFT,Microsoft,190.57102966308594,193.67128672060363,186.63388734613952,192.8629448324001,55225300
2020-09-21,MSFT,Microsoft,192.61573791503906,192.77742085630518,186.75758272996697,187.52789122522552,39839700
2020-09-22,MSFT,Microsoft,197.25660705566406,197.9032952203945,192.17826567778008,195.01224432710944,33517100
2020-09-23,MSFT,Microsoft,190.76126098632812,197.90328680548734,190.22870282103128,197.71307502263417,30803800
2020-09-24,MSFT,Microsoft,193.23391723632812,195.49730451435164,189.43941759572255,190.05757702189405,31202500
2020-09-25,MSFT,Microsoft,197.63699340820312,198.79720103506912,192.61569582922453,193.5762159252499,29437300
2020-09-28,MSFT,Microsoft,199.1776580810547,202.15429594905353,197.86527201585727,200.54710188628258,32004900
2020-09-29,MSFT,Microsoft,197.1044464111328,199.77677119863617,196.67649889728182,199.09204937202554,24221900
2020-09-30,MSFT,Microsoft,200.0240020751953,201.59314760698467,196.41970087967024,197.55139416516036,33829100
2020-10-01,MSFT,Microsoft,202.04965209960938,203.50468227611734,200.96551168356183,203.02918183905925,27158400
2020-10-02,MSFT,Microsoft,196.0868377685547,200.65164405670666,195.4686786033721,197.8081467235527,33154800
2020-10-05,MSFT,Microsoft,200.0715789794922,200.10010784631453,196.83816713211058,197.06641257781172,21331600
2020-10-06,MSFT,Microsoft,195.82058715820312,199.88135031174275,194.7839997215078,198.58800309532225,28554300
2020-10-07,MSFT,Microsoft,199.54849243164062,199.81477148517834,196.59087946952087,196.9142162472281,25681100
2020-10-08,MSFT,Microsoft,200.26177978515625,200.84189093928686,198.112522883702,200.19520275398455,19925800
2020-10-09,MSFT,Microsoft,205.2354736328125,205.28302657348576,200.8798883695281,200.8798883695281,26458000
2020-10-12,MSFT,Microsoft,210.55160522460938,212.89107395427078,206.1865143322862,208.06949215642354,40461400
2020-10-13,MSFT,Microsoft,211.9400634765625,214.17492142049753,209.6291237184592,211.80692392954865,28950800
2020-10-14,MSFT,Microsoft,210.0380401611328,213.23340347358484,208.39281281758815,212.07318132071637,23421700
2020-10-15,MSFT,Microsoft,208.89683532714844,209.56253297254858,205.4256737650071,206.4622756461877,22733100
2020-10-16,MSFT,Microsoft,208.89683532714844,211.39795751708903,208.5734985438284,209.36281642336837,26057900
2020-10-19,MSFT,Microsoft,203.72341918945312,211.40750840007541,203.24791872724472,209.6196220186127,27625800
2020-10-20,MSFT,Microsoft,204.13230895996094,206.71903220871076,202.64875008429092,205.22596854936802,22753500
2020-10-21,MSFT,Microsoft,204.2749786376953,206.29109572858354,202.67728971744506,202.67728971744506,22724900
2020-10-22,MSFT,Microsoft,204.36058044433594,205.47324974306363,201.32688528683093,203.4476132060578,22351500
2020-10-23,MSFT,Microsoft,205.63491821289062,205.682471159576,202.71535302876916,204.49372004805122,18879600
2020-10-26,MSFT,Microsoft,199.7862548828125,205.73951481810852,197.90327731407123,203.3715320530445,37111600
2020-10-27,MSFT,Microsoft,202.80096435546875,204.15138404149505,200.02404316166658,201.22229920419377,36700300
2020-10-28,MSFT,Microsoft,192.7488250732422,198.60699317677955,192.19725740794587,197.49432404044896,51195600
2020-10-29,MSFT,Microsoft,194.68890380859375,197.199545583512,193.40504679969789,194.0707590331236,31432600
2020-10-30,MSFT,Microsoft,192.54916381835938,194.27997800437075,189.83880530203297,193.5286936375515,36953700
2020-11-02,MSFT,Microsoft,192.416015625,195.22146540382536,190.3142972315909,194.2799692800792,30842200
2020-11-03,MSFT,Microsoft,196.3151092529297,197.92230309923994,193.16729858879407,193.89957334651695,27512000
2020-11-04,MSFT,Microsoft,205.78709411621094,207.62253348770093,202.0116191998531,203.53322651784097,42311800
2020-11-05,MSFT,Microsoft,212.34896850585938,213.13830093445856,210.31382731432063,211.16021747082223,36080100
2020-11-06,MSFT,Microsoft,212.75790405273438,213.36654399549167,207.3467070793611,211.36943647428635,25231900
2020-11-09,MSFT,Microsoft,207.68902587890625,216.94225789551064,207.20402078423902,213.4425825614269,44395000
2020-11-10,MSFT,Microsoft,200.67071533203125,205.89171603422466,199.44393042970094,203.9897140385274,44045100
2020-11-11,MSFT,Microsoft,205.939208984375,207.35619077120182,201.80235004458964,201.98304250331452,29440800
2020-11-12,MSFT,Microsoft,204.8836212158203,208.37379252192883,203.95164446517558,206.56689674868196,21593900
2020-11-13,MSFT,Microsoft,205.9011688232422,206.76658299540796,203.66632574934502,205.75852451403682,18621100
2020-11-16,MSFT,Microsoft,206.58599853515625,207.07101846226828,204.00879326065427,204.34163499318686,24953300
2020-11-17,MSFT,Microsoft,203.95164489746094,207.01385422749843,203.59025993759715,205.511285682122,24154100
2020-11-18,MSFT,Microsoft,201.2628173828125,205.16259082846608,201.11978504928186,203.7132809002131,28372800
2020-11-19,MSFT,Microsoft,202.5404815673828,203.12211144423998,200.16628461776338,201.54885769573278,24792700
2020-11-20,MSFT,Microsoft,200.60491943359375,203.37003680442817,200.2330586209765,202.3307353728972,22843100
2020-11-23,MSFT,Microsoft,200.33792114257812,202.4165237769286,198.4786172840736,201.13884979714734,25683500
2020-11-24,MSFT,Microsoft,203.91351318359375,204.28537395912775,199.14605988233055,199.84210399056337,33979700
2020-11-25,MSFT,Microsoft,203.92303466796875,205.27698960529233,202.57862394829687,205.10536827690913,21012900
2020-11-27,MSFT,Microsoft,205.2198028564453,206.2114413491955,204.08514657585314,204.85748627754103,14512200
2020-11-30,MSFT,Microsoft,204.11376953125,204.77166592006517,201.03398396816428,204.14237308949788,33064800
2020-12-01,MSFT,Microsoft,206.1542205810547,207.2125957883334,203.4272367302626,204.53327483092292,30904500
2020-12-02,MSFT,Microsoft,205.3533172607422,205.44867216425175,202.90285337099465,204.88611606124581,23724500
2020-12-03,MSFT,Microsoft,204.2758331298828,206.31630244938077,203.71326261374324,204.62861999918616,25120900
2020-12-04,MSFT,Microsoft,204.39027404785156,205.36283866897801,203.26514741770256,204.2567859272353,24666000
2020-12-07,MSFT,Microsoft,204.323486328125,205.51534953178438,203.08396023560834,204.39976731905256,24620000
2020-12-08,MSFT,Microsoft,205.96353149414062,206.85981512623442,202.98864501239464,204.01841676740997,23284100
2020-12-09,MSFT,Microsoft,201.94932556152344,205.21979155573646,201.38676956150456,205.15305477478972,32440600
2020-12-10,MSFT,Microsoft,200.7288360595703,203.16976955673482,200.5762740787197,201.92069925538198,26733300
2020-12-11,MSFT,Microsoft,203.34140014648438,203.39862180374632,199.38441997558107,200.28070346756314,30979400
2020-12-14,MSFT,Microsoft,204.23768615722656,206.15421159855921,202.97908611506878,203.18885521361375,28798400
2020-12-15,MSFT,Microsoft,204.1709442138672,205.40094067047508,202.36884758495555,205.1625680235338,27000600
2020-12-16,MSFT,Microsoft,209.0814208984375,209.8728198548005,204.733506021788,204.76210957630974,35023300
2020-12-17,MSFT,Microsoft,209.2148895263672,210.6165217639002,207.7846537369752,209.64395735336262,32515800
2020-12-18,MSFT,Microsoft,208.42356872558594,209.47241451704778,205.9731047206124,208.42356872558594,63354900
2020-12-21,MSFT,Microsoft,212.2374725341797,213.5818977933264,207.1744396955976,207.4318862354392,37181900
2020-12-22,MSFT,Microsoft,213.5247039794922,215.13610554728626,211.53191196153603,212.3328406363443,22612200
2020-12-23,MSFT,Microsoft,210.74049377441406,213.16235346564574,210.53072468118395,212.73328561098842,18699600
2020-12-24,MSFT,Microsoft,212.3900604248047,213.2100630357943,210.91214688127394,211.12191600611644,10550600
2020-12-28,MSFT,Microsoft,214.4972686767578,215.51749613359814,212.64749443916563,214.01097912101392,17933500
2020-12-29,MSFT,Microsoft,213.72494506835938,216.61402086713673,213.18146290824112,215.78448857316525,17403200
2020-12-30,MSFT,Microsoft,211.3697967529297,215.13609639636613,211.16957186730082,214.7546914133142,20272300
2020-12-31,MSFT,Microsoft,212.0753631591797,212.62838941566082,209.46279385424006,211.3888488096935,20942100
2021-01-04,MSFT,Microsoft,207.56536865234375,212.6284013521997,204.81931110024084,212.1802596114298,37130100
2021-01-05,MSFT,Microsoft,207.76560974121094,208.35678384593277,205.66793319149298,207.15537629858184,23823000
2021-01-06,MSFT,Microsoft,202.37840270996094,206.42120854830253,202.0828229184312,202.30212170745105,35930700
2021-01-07,MSFT,Microsoft,208.13748168945312,209.1386498496108,203.77050701978357,204.0851461523831,27694500
2021-01-08,MSFT,Microsoft,209.4055938720703,210.32095121888779,206.93605679293017,208.50931041036256,22956200
2021-01-11,MSFT,Microsoft,207.3746795654297,208.728634495914,206.65001738495062,208.3090962965024,23031300
2021-01-12,MSFT,Microsoft,204.9337615966797,207.00284934438994,203.39865544372427,206.4307490700466,23249300
2021-01-13,MSFT,Microsoft,206.27816772460938,206.67863205947245,203.98025172181406,204.06607693930206,20087100
2021-01-14,MSFT,Microsoft,203.1125946044922,207.34609567404829,202.8456183702962,205.86818216746164,29480800
2021-01-15,MSFT,Microsoft,202.75978088378906,204.5332740745868,202.1686213365607,203.58932764260769,31746500
2021-01-19,MSFT,Microsoft,206.37351989746094,206.88839845005378,202.74072282622367,203.80862770514977,30480900
2021-01-20,MSFT,Microsoft,213.90609741210938,215.2886559996151,207.18398515320732,207.5749198269977,37777300
2021-01-21,MSFT,Microsoft,214.50674438476562,215.7748884095569,212.07534086502628,214.24929789349432,30709400
2021-01-22,MSFT,Microsoft,215.4412078857422,219.3695992284759,215.29819010893078,216.5186569680968,30172700
2021-01-25,MSFT,Microsoft,218.85467529296875,219.0930479201383,213.79164301974544,218.46374069262419,33152100
2021-01-26,MSFT,Microsoft,221.5244598388672,223.28840861584396,219.3791061148144,221.07631811924728,49169600
2021-01-27,MSFT,Microsoft,222.0679931640625,229.25732167368406,219.4363638925336,226.93080188116176,69870600
2021-01-28,MSFT,Microsoft,227.81747436523438,231.35493046258668,224.15607439835333,224.65189352379872,49111200
2021-01-29,MSFT,Microsoft,221.17172241210938,226.94987407210942,220.59009246833065,225.01428899918173,42503100
2021-02-01,MSFT,Microsoft,228.50404357910156,231.22149793113354,221.61983946645995,224.12752469767685,33314200
2021-02-02,MSFT,Microsoft,228.3705291748047,231.04030577405533,227.58867444558177,230.07728550233475,25916300
2021-02-03,MSFT,Microsoft,231.69821166992188,233.691003496613,228.13215165180748,228.42774595379248,27158100
2021-02-04,MSFT,Microsoft,230.75424194335938,231.92704579102912,229.19051802891084,231.3740195281117,25296100
2021-02-05,MSFT,Microsoft,230.9354705810547,231.9652423986667,229.23825810826315,230.96407414133986,18054800
2021-02-08,MSFT,Microsoft,231.19288635253906,232.34660192788067,229.61008833189024,231.84125303139,22211900
2021-02-09,MSFT,Microsoft,232.4324188232422,233.37636525124478,230.1535767615209,230.6207778665767,23565000
2021-02-10,MSFT,Microsoft,231.526611328125,234.48242367380797,229.68636677063753,233.60521400385034,22186700
2021-02-11,MSFT,Microsoft,233.11895751953125,233.74825035400383,230.88777811855226,233.39546343401466,15751100
2021-02-12,MSFT,Microsoft,233.59567260742188,233.89125237223962,231.44077449132203,232.58496032734098,16561100
2021-02-16,MSFT,Microsoft,232.3656463623047,234.68263598664956,231.6219248900733,233.63379055190723,26728500
2021-02-17,MSFT,Microsoft,233.37869262695312,233.4838187487911,230.2631591892616,230.62632480699676,21653500
2021-02-18,MSFT,Microsoft,232.98687744140625,233.12067300946146,230.18672213045693,231.0850700513804,16925600
2021-02-19,MSFT,Microsoft,230.29185485839844,233.05378919300554,229.5368541021117,232.94866305919183,25262600
2021-02-22,MSFT,Microsoft,224.11807250976562,227.38651912425996,222.1015730817524,226.899124179311,36446900
2021-02-23,MSFT,Microsoft,222.93304443359375,224.4239133780641,218.5942185745613,220.1233231539587,30228700
2021-02-24,MSFT,Microsoft,224.1563262939453,224.77751683776836,218.85226200566777,219.81750035690945,26339700
2021-02-25,MSFT,Microsoft,218.8426513671875,224.1944868826835,217.7818387956284,221.79571907790498,39542200
2021-02-26,MSFT,Microsoft,222.08248901367188,224.93998302961114,219.36832759287157,221.2701494526982,37819200
2021-03-01,MSFT,Microsoft,226.4404296875,226.94694251809523,222.81836859782126,225.44650726256452,25324000
2021-03-02,MSFT,Microsoft,223.50645446777344,226.784467587276,223.10506778464256,226.5073102648569,22812500
2021-03-03,MSFT,Microsoft,217.47607421875,223.22931252952912,217.18936527759203,221.87223909617876,34029500
2021-03-04,MSFT,Microsoft,216.68284606933594,222.18761091263715,214.32229870294404,216.69241226941966,44727800
2021-03-05,MSFT,Microsoft,221.33705139160156,222.93304647278703,216.4248222073289,219.34922125325087,41872800
2021-03-08,MSFT,Microsoft,217.31358337402344,223.0285853688386,217.06511009863868,221.11721209862156,35267400
2021-03-09,MSFT,Microsoft,223.42044067382812,224.9495452618804,221.40394110736247,222.56032845718752,33080500
2021-03-10,MSFT,Microsoft,222.12075805664062,226.49780601563418,221.7575923510193,226.49780601563418,29746800
2021-03-11,MSFT,Microsoft,226.62197875976562,228.57157309890684,223.92693542163005,224.54814049035522,29907600
2021-03-12,MSFT,Microsoft,225.30313110351562,225.37003616967326,222.89479662640136,223.64023105792842,22653700
2021-03-15,MSFT,Microsoft,224.40481567382812,224.7679813250752,221.53775526745213,224.5481774437209,26034900
2021-03-16,MSFT,Microsoft,227.17625427246094,229.4221088961671,225.48468501030555,225.80961493469582,28092200
2021-03-17,MSFT,Microsoft,226.53598022460938,227.97907654629918,222.89481604963598,225.68541960258835,29562100
2021-03-18,MSFT,Microsoft,220.4960174560547,223.812251183883,220.1233002587038,222.25447733162704,34833000
2021-03-19,MSFT,Microsoft,220.14244079589844,222.16849196675588,219.18675408019257,220.78274914550676,46430700
2021-03-22,MSFT,Microsoft,225.53250122070312,226.40216500266618,219.9417283999428,220.0659723327752,30127000
2021-03-23,MSFT,Microsoft,227.0520782470703,230.368312705393,226.56468321474753,226.96606993241753,31638400
2021-03-24,MSFT,Microsoft,225.02597045898438,227.4534079764984,224.89217491995007,227.31006082132592,25620100
2021-03-25,MSFT,Microsoft,222.04421997070312,226.4403841405182,221.30835179207864,224.87305870810607,34061900
2021-03-26,MSFT,Microsoft,226.0007781982422,226.2205966304287,221.28924994482534,221.28924994482534,25479900
2021-03-29,MSFT,Microsoft,224.8157501220703,226.30661907775075,221.60464214728856,226.1059184494297,25227500
2021-03-30,MSFT,Microsoft,221.57594299316406,223.48731618410747,220.85917804656026,223.18148947389884,24792000
2021-03-31,MSFT,Microsoft,225.322265625,228.50470420290134,222.09203979381766,222.5890009792201,43623500
2021-04-01,MSFT,Microsoft,231.61068725585938,232.07896442554832,227.50123135762215,227.9026180384794,30338000
2021-04-05,MSFT,Microsoft,238.0329132080078,238.8834738585947,231.94517850543008,232.00251737898964,36910600
2021-04-06,MSFT,Microsoft,236.87652587890625,238.34827710378195,235.93995691762169,236.6376041839014,22931900
2021-04-07,MSFT,Microsoft,238.82611083984375,239.81046701686373,236.23620793695045,236.82872905017194,22719800
2021-04-08,MSFT,Microsoft,242.02767944335938,242.8782401027182,240.8330709564721,241.56895386752916,23625200
2021-04-09,MSFT,Microsoft,244.51243591308594,244.64623146115184,241.2535409277266,241.66447918870722,24326800
2021-04-12,MSFT,Microsoft,244.56979370117188,246.25181167284637,243.3369496576039,243.42297254578972,27148700
2021-04-13,MSFT,Microsoft,247.0354766845703,247.70446912444078,245.44903306408236,245.8600005621299,23837500
2021-04-14,MSFT,Microsoft,244.26394653320312,247.3603619356715,243.8530082747752,246.07020829480427,23070900
2021-04-15,MSFT,Microsoft,248.0006561279297,248.41159433881197,246.30910145845047,246.50022126653505,25627500
2021-04-16,MSFT,Microsoft,249.1857147216797,249.43420257052728,246.18487396395932,247.9720032393097,24878600
2021-04-19,MSFT,Microsoft,247.27439880371094,249.89300052637145,246.39518326067673,248.660156360658,23209300
2021-04-20,MSFT,Microsoft,246.81570434570312,248.66973923651958,245.45861613578364,246.3951997829252,19722900
2021-04-21,MSFT,Microsoft,249.03285217285156,249.12842668538718,245.85042797866416,247.46554099520336,24030400
2021-04-22,MSFT,Microsoft,245.7739715576172,250.17967342609856,244.31175743059978,248.67923824586626,25606200
2021-04-23,MSFT,Microsoft,249.5775909423828,249.9216533410852,245.8695216560367,246.4525057441661,21462600
2021-04-26,MSFT,Microsoft,249.95986938476562,250.81044463101668,248.64104610742964,250.06501009806746,19763300
2021-04-27,MSFT,Microsoft,250.3612823486328,251.52722145867926,248.59325586365082,249.98855048214975,31014200
2021-04-28,MSFT,Microsoft,243.27960205078125,245.1718722009615,241.74094589292326,244.73223532354257,46903100
2021-04-29,MSFT,Microsoft,241.32044982910156,244.75137625676413,237.96599467202304,244.1397373356911,40589000
2021-04-30,MSFT,Microsoft,241.00506591796875,241.86519270079532,238.53940705534927,238.6732026105505,30945100
2021-05-03,MSFT,Microsoft,240.69924926757812,243.0789143649509,239.99203587034623,242.1710003473486,19626600
2021-05-04,MSFT,Microsoft,236.8095703125,240.07803123597864,234.8695277293232,239.8486612079356,32756100
2021-05-05,MSFT,Microsoft,235.54806518554688,238.44379426593443,234.92687476098803,238.02328985064312,21901300
2021-05-06,MSFT,Microsoft,238.6636505126953,238.78789445794553,233.84699565822487,235.52899910622892,26491100
2021-05-07,MSFT,Microsoft,241.27267456054688,243.03113461686635,240.03983053154383,240.97639942940194,27032900
2021-05-10,MSFT,Microsoft,236.22665405273438,240.57503186928486,236.1693151784812,239.75314064553547,29299900
2021-05-11,MSFT,Microsoft,235.31871032714844,235.67232428967642,231.82090841094862,233.71316381907252,33641600
2021-05-12,MSFT,Microsoft,228.40911865234375,233.5507177051827,227.52033703130473,231.43864370631172,36684400
2021-05-13,MSFT,Microsoft,232.26051330566406,234.7166348681072,230.7218572958672,231.08502287042182,29624300
2021-05-14,MSFT,Microsoft,237.15367126464844,238.13802749239937,234.61155548433553,234.6975637956637,23901100
2021-05-17,MSFT,Microsoft,234.31529235839844,235.66281430220755,232.7288632872878,235.624593244974,24970200
2021-05-18,MSFT,Microsoft,232.30831909179688,235.4907574747066,232.13628790705022,235.35696192329095,20168000
2021-05-19,MSFT,Microsoft,232.88302612304688,232.9883949759942,228.5533587131761,229.23345480523304,25739800
2021-05-20,MSFT,Microsoft,236.1015625,237.50966697541784,233.59188645475157,233.68768164182094,21800700
2021-05-21,MSFT,Microsoft,234.8467559814453,237.87370305685576,234.434868777639,237.14570923286777,21863100
2021-05-24,MSFT,Microsoft,240.2205352783203,240.5845394923802,237.08821938185093,237.35642839759134,21411500
2021-05-25,MSFT,Microsoft,241.12095642089844,242.1075855706364,240.25885810514714,241.16885401983907,17704300
2021-05-26,MSFT,Microsoft,240.90061950683594,242.28956203132947,240.19177311991052,240.8431336244148,17771600
2021-05-27,MSFT,Microsoft,238.8124237060547,240.89105082585857,238.75495243524915,240.59410618250013,24426200
2021-05-28,MSFT,Microsoft,239.16685485839844,241.46580815115777,239.05191230946394,240.4312813618604,18270200
2021-06-01,MSFT,Microsoft,236.98284912109375,240.70905429967564,236.56138825332587,240.65158302753886,23213300
2021-06-02,MSFT,Microsoft,236.88706970214844,238.77412110013952,235.48853873601223,237.68212307529706,19406700
2021-06-03,MSFT,Microsoft,235.36398315429688,235.96744603006286,232.7680857259376,234.89461014755204,25307700
2021-06-04,MSFT,Microsoft,240.2301025390625,241.05389152721682,237.08821305314711,237.3276864262583,25281100
2021-06-07,MSFT,Microsoft,243.12294006347656,243.39114906663502,239.2913661711621,239.45420630763013,23079200
2021-06-08,MSFT,Microsoft,241.9351348876953,245.23029041107964,241.87764900794926,244.41607520204482,22455000
2021-06-09,MSFT,Microsoft,242.91220092773438,244.7705165933857,242.54821134914607,243.1229386598986,17937600
2021-06-10,MSFT,Microsoft,246.4084930419922,246.61923076287093,242.9888211464486,243.58271038731033,24563600
2021-06-11,MSFT,Microsoft,247.03115844726562,247.60587113723255,245.80502675510013,247.1269244072011,18999700
2021-06-14,MSFT,Microsoft,248.9469757080078,249.00444698400887,245.98705883099325,247.04074761199934,19150500
2021-06-15,MSFT,Microsoft,247.4813232421875,249.04269415162125,246.82996275008827,248.8319564356378,18038900
2021-06-16,MSFT,Microsoft,246.54261779785156,249.6078592604981,243.70724678964794,248.4775520192582,27220000
2021-06-17,MSFT,Microsoft,249.9144287109375,250.72864409894245,245.23034431439226,245.28781559047806,27565500
2021-06-18,MSFT,Microsoft,248.5062713623047,251.25542067246798,247.8549108828583,248.6978617304176,37202200
2021-06-21,MSFT,Microsoft,251.57154846191406,252.42405838745256,247.05987873047914,248.87987034499417,26696100
2021-06-22,MSFT,Microsoft,254.33033752441406,254.5985465614589,251.35127324580915,251.65780621174397,24694100
2021-06-23,MSFT,Microsoft,254.10043334960938,255.59474507758466,253.29580620628374,254.79011793425903,19518700
2021-06-24,MSFT,Microsoft,255.46063232421875,256.5717923463721,254.29200102786703,254.95294991373922,21446900
2021-06-25,MSFT,Microsoft,253.8608856201172,255.996998318781,253.61185322675826,255.01995762348398,25611100
2021-06-28,MSFT,Microsoft,257.40521240234375,257.577626263351,254.71353327487222,254.98174235841608,19590000
2021-06-29,MSFT,Microsoft,259.97222900390625,260.2117023226704,256.69625037345827,257.5487601873158,19937800
2021-06-30,MSFT,Microsoft,259.4933166503906,259.93393943000825,258.2480669213287,259.2921672211762,21656500
2021-07-01,MSFT,Microsoft,260.163818359375,260.3937033900851,258.24803181657046,258.25759087112823,16725300
2021-07-02,MSFT,Microsoft,265.9591064453125,266.2943749941608,261.02596110039144,261.33249401548636,26458000
2021-07-06,MSFT,Microsoft,265.96868896484375,267.60667851843345,262.75015189133745,266.3231048509773,31565600
2021-07-07,MSFT,Microsoft,268.1430969238281,268.8711052744127,265.48015439666386,267.63541458265394,23260000
2021-07-08,MSFT,Microsoft,265.7388610839844,266.9936993883383,263.2962148119462,265.24073769242233,24618600
2021-07-09,MSFT,Microsoft,266.23687744140625,266.34223167723803,263.7272015660929,264.1103530558396,23916700
2021-07-12,MSFT,Microsoft,265.6430358886719,267.9898574546222,264.93417481129705,267.4055564436705,18931700
2021-07-13,MSFT,Microsoft,269.1488952636719,270.94015122587615,265.7100615012556,265.83456308659123,26120100
2021-07-14,MSFT,Microsoft,270.6145324707031,271.71610427305967,268.73703995210985,270.4612659855572,23113700
2021-07-15,MSFT,Microsoft,269.19677734375,270.61447008005376,268.0472935864673,270.1259350983207,22604200
2021-07-16,MSFT,Microsoft,268.9285583496094,272.1375069226489,267.6928677414366,270.1929845890148,26186800
2021-07-19,MSFT,Microsoft,265.3460693359375,268.56457724046334,262.89386448508327,267.18520835778435,32935600
2021-07-20,MSFT,Microsoft,267.5588684082031,269.1393871259739,264.62771610030967,266.3231773819045,26259700
2021-07-21,MSFT,Microsoft,269.5511779785156,269.66612050122745,265.6142504127117,267.1564446467367,24364300
2021-07-22,MSFT,Microsoft,274.09161376953125,274.35982273487036,271.4861427208434,271.8884415525597,23384100
2021-07-23,MSFT,Microsoft,277.4730224609375,277.7795261635657,274.4364872095776,275.2698498757222,22768100
2021-07-26,MSFT,Microsoft,276.8790283203125,277.49209402331843,274.5705313449942,276.83114535151964,23176100
2021-07-27,MSFT,Microsoft,274.4747619628906,277.3867366280159,271.035928428635,277.2430584755565,33604100
2021-07-28,MSFT,Microsoft,274.16827392578125,277.9327882988668,271.8788944693324,276.8216283504645,33566900
2021-07-29,MSFT,Microsoft,274.43646240234375,276.467191757566,274.0341343071643,274.187400760919,18168300
2021-07-30,MSFT,Microsoft,272.9134826660156,274.58979654944085,271.9555890183441,273.1625443688404,20944800
2021-08-02,MSFT,Microsoft,272.8272399902344,274.69511481884285,271.79269861607827,274.3023749668568,16267400
2021-08-03,MSFT,Microsoft,275.0303649902344,275.13574847156286,272.041742078418,273.401963651149,17879000
2021-08-04,MSFT,Microsoft,274.446044921875,275.4805569222393,272.66434801294275,274.1682476532474,16191300
2021-08-05,MSFT,Microsoft,277.32928466796875,277.4346681421628,274.0533056335625,274.8004613109347,13900200
2021-08-06,MSFT,Microsoft,277.27178955078125,277.3101134683356,275.5092693668719,276.36180844509875,16589300
2021-08-09,MSFT,Microsoft,276.1893615722656,279.27377915914406,275.69126758135627,277.54958291688706,16117600
2021-08-10,MSFT,Microsoft,274.3789978027344,277.0706760159155,273.19121929801037,276.6396122772204,18616600
2021-08-11,MSFT,Microsoft,274.8675842285156,276.5055741233187,273.82345446458055,275.1166166899906,13955900
2021-08-12,MSFT,Microsoft,277.60711669921875,277.76038316922904,274.28322503938256,274.5610223433131,14561300
2021-08-13,MSFT,Microsoft,280.5190734863281,280.5669564608098,277.118534553158,277.29097757297944,18249000
2021-08-16,MSFT,Microsoft,282.19537353515625,282.40611123158624,277.80820582745525,280.84474046702564,22507600
2021-08-17,MSFT,Microsoft,280.7393493652344,281.07461785942274,278.82356280710985,280.0784298966578,20075300
2021-08-18,MSFT,Microsoft,279.0214538574219,282.9467339501036,278.5799583297278,280.27869394112855,21813000
2021-08-19,MSFT,Microsoft,284.81829833984375,285.4901192550461,277.0157389505049,277.06371360649507,29850500
2021-08-20,MSFT,Microsoft,292.1025390625,293.52294577742174,286.0562697795544,287.64942035089217,40817600
2021-08-23,MSFT,Microsoft,292.3809509277344,293.10074648850605,289.6937258829428,291.0373384053386,22830200
2021-08-24,MSFT,Microsoft,290.43255615234375,293.34052755148707,289.83753014747913,292.735894905079,18175800
2021-08-25,MSFT,Microsoft,289.84722900390625,292.32331236094075,288.3212662286274,292.0449832645035,20006100
2021-08-26,MSFT,Microsoft,287.0447998046875,290.25028508302194,286.9104532290402,288.8682755956676,17666100
2021-08-27,MSFT,Microsoft,287.6494445800781,288.7531250293206,284.87581884584097,286.94883316309097,22605700
2021-08-30,MSFT,Microsoft,291.36358642578125,291.96821926723266,288.935477703884,288.99305899463644,16348100
2021-08-31,MSFT,Microsoft,289.7224426269531,292.23692312498054,289.35774161636004,292.16015783837884,26285300
2021-09-01,MSFT,Microsoft,289.6744079589844,292.899106136523,289.34810427058954,290.67253231019225,18983800
2021-09-02,MSFT,Microsoft,289.02191162109375,291.14290105479273,288.0909748362211,290.0296430024722,16285600
2021-09-03,MSFT,Microsoft,289.0122985839844,290.4134922673868,288.1677338580256,288.8683160554501,14747900
2021-09-07,MSFT,Microsoft,288.0909118652344,288.96426715610795,286.1906707011484,288.8875018649386,17180400
2021-09-08,MSFT,Microsoft,288.1197509765625,288.5036360740859,285.4901073055441,287.7070752289388,15046800
2021-09-09,MSFT,Microsoft,285.2789611816406,289.97204208683576,285.0390293387629,288.705194927188,19927000
2021-09-10,MSFT,Microsoft,283.80096435546875,287.84143755665605,283.48426721928973,286.40184654237044,19633400
2021-09-13,MSFT,Microsoft,285.02935791015625,286.5169525710251,282.23654837919304,285.5668027729655,23652900
2021-09-14,MSFT,Microsoft,287.7166748046875,289.2522444456008,286.0947332155957,287.49592696697243,21853400
2021-09-15,MSFT,Microsoft,292.5440979003906,293.02396157546303,289.66491584995623,291.0469255772491,28356300
2021-09-16,MSFT,Microsoft,292.9280700683594,293.0144420409237,288.64769301498035,291.5268759213772,19550800
2021-09-17,MSFT,Microsoft,287.7934265136719,292.23696868760265,287.4671227397801,291.9202715592397,41372500
2021-09-20,MSFT,Microsoft,282.44769287109375,286.689699826259,277.86019819512114,284.39593784399835,38278700
2021-09-21,MSFT,Microsoft,282.9276428222656,285.5573159726547,282.2270605228024,283.78181431814966,22364100
2021-09-22,MSFT,Microsoft,286.55535888671875,288.12932568723215,282.6492911094491,284.7798868463927,26626300
2021-09-23,MSFT,Microsoft,287.4959716796875,288.78200303350246,285.54772599829147,286.8145733457126,18604600
2021-09-24,MSFT,Microsoft,287.29437255859375,287.72623226962907,284.9718196101101,286.2194826708354,14999000
2021-09-27,MSFT,Microsoft,282.3229675292969,284.5303284068583,281.14249251178086,284.21363131308823,23571700
2021-09-28,MSFT,Microsoft,272.1018981933594,279.069528394677,271.3629186493173,278.1289850116234,43186200
2021-09-29,MSFT,Microsoft,272.5625915527344,275.2210260039281,271.6124707643782,273.6182975889951,26353700
2021-09-30,MSFT,Microsoft,270.5663146972656,276.23827687630234,270.278378953934,274.20365982638276,32343600
2021-10-01,MSFT,Microsoft,277.4571228027344,278.301687374449,269.9616561615891,270.75821680304153,30086300
2021-10-04,MSFT,Microsoft,271.7083740234375,276.16152262576014,268.96356808295144,275.82561222271863,31350700
2021-10-05,MSFT,Microsoft,277.130859375,278.7047968877301,272.61052278816857,272.61052278816857,24993000
2021-10-06,MSFT,Microsoft,281.30560302734375,281.8046798760864,274.01170032174,274.27081610113123,28002600
2021-10-07,MSFT,Microsoft,282.9755554199219,284.69347521548,282.08301620161416,283.29225249177205,20430500
2021-10-08,MSFT,Microsoft,282.9755554199219,284.69347521548,281.9294563433223,284.29037692639525,17685700
2021-10-11,MSFT,Microsoft,282.38055419921875,285.9699246769011,280.960147351055,281.1233138675637,19298600
2021-10-12,MSFT,Microsoft,281.08489990234375,283.541799129027,280.5762456707699,283.44582055374815,17974100
2021-10-13,MSFT,Microsoft,284.3768310546875,285.3077678287941,281.6703926860201,283.03321851694517,23416300
2021-10-14,MSFT,Microsoft,290.55743408203125,291.05648172385895,285.83556297646015,287.1599913093113,27262900
2021-10-15,MSFT,Microsoft,291.9586486816406,292.1890031616516,288.4172524202229,290.1639632249141,25384800
2021-10-18,MSFT,Microsoft,294.91461181640625,295.7975445356027,290.49986035476513,291.3444250695116,22729300
2021-10-19,MSFT,Microsoft,295.8167724609375,296.84365846900545,294.8474384623916,295.9319350570906,17682100
2021-10-20,MSFT,Microsoft,295.02978515625,297.22756896603414,293.7821220408967,296.75728265313415,16537100
2021-10-21,MSFT,Microsoft,298.244873046875,298.49438223529035,294.0220493838015,294.7994554629315,16918100
2021-10-22,MSFT,Microsoft,296.70928955078125,298.56155617287357,295.40404521926826,297.8993420062516,17449300
2021-10-25,MSFT,Microsoft,295.7207946777344,296.939637875098,294.11803710740327,296.90124058009036,17554500
2021-10-26,MSFT,Microsoft,297.62103271484375,299.8188165343258,296.1718643410095,298.47520410987,28107300
2021-10-27,MSFT,Microsoft,310.1551208496094,312.96711513957035,303.27386241357704,303.27386241357704,52588700
2021-10-28,MSFT,Microsoft,311.2875061035156,311.7865536762648,308.4179020167002,311.2682928158976,26297900
2021-10-29,MSFT,Microsoft,318.26470947265625,318.6294104720148,310.8556147805,311.07636256657173,34766000
2021-11-01,MSFT,Microsoft,316.1053771972656,318.1399943940643,313.2261952874065,318.0152251584686,27073200
2021-11-02,MSFT,Microsoft,319.7139587402344,320.02107850414706,316.71000761817237,317.00752073679007,26487100
2021-11-03,MSFT,Microsoft,320.5489501953125,321.41269899381626,317.3338575616903,320.4529715980219,21500100
2021-11-04,MSFT,Microsoft,322.8906555175781,322.98663410539643,316.2397523503642,319.48363531417436,23992200
2021-11-05,MSFT,Microsoft,322.5259704589844,325.14603666479826,320.9520328371746,324.8773141787061,22570100
2021-11-08,MSFT,Microsoft,323.4184875488281,324.0519110698877,320.97119469393846,323.7160006633111,20897000
2021-11-09,MSFT,Microsoft,322.42041015625,325.07884433236194,321.0575844525398,323.5336680917774,21307400
2021-11-10,MSFT,Microsoft,317.47784423828125,321.1536169527602,316.6333086434541,321.0960356460347,25500900
2021-11-11,MSFT,Microsoft,319.0421447753906,320.3281758647958,317.19948472941286,317.9096735712425,16849800
2021-11-12,MSFT,Microsoft,323.15936279296875,323.64883306583664,320.34736896230555,320.47213819174647,23831000
2021-11-15,MSFT,Microsoft,322.53546142578125,324.27256496081156,320.57761013584405,323.9462612939127,16723000
2021-11-16,MSFT,Microsoft,325.8370056152344,326.95029273164477,321.9980966435647,322.161233873272,20886800
2021-11-17,MSFT,Microsoft,326.0581970214844,329.0099576589885,324.9813404697,325.8851370775491,19053400
2021-11-18,MSFT,Microsoft,328.12530517578125,329.2598774584323,324.1351564442823,325.1543261152059,22463500
2021-11-19,MSFT,Microsoft,329.8944396972656,331.8078109454933,329.0195159309197,329.442570826056,21963400
2021-11-22,MSFT,Microsoft,326.74078369140625,336.2018030638584,326.4715696014347,331.3462958819071,31031100
2021-11-23,MSFT,Microsoft,324.6735534667969,326.37539705653046,320.7122484325142,324.06781451737515,30427600
2021-11-24,MSFT,Microsoft,324.8947448730469,325.13511563845185,321.04881262656716,323.3275227878649,21661300
2021-11-26,MSFT,Microsoft,316.981689453125,324.9139237290462,315.4817784101395,321.47182770530526,24217200
2021-11-29,MSFT,Microsoft,323.6640930175781,325.9716468199308,321.84687569261206,322.03918406869917,28563500
2021-11-30,MSFT,Microsoft,317.856689453125,324.7697551795586,316.31831064916247,322.4045150069706,42885600
2021-12-01,MSFT,Microsoft,317.3663330078125,326.2119893836903,316.7029366546509,322.2218403334276,33337600
2021-12-02,MSFT,Microsoft,316.79901123046875,320.6449430720415,315.17410268003374,317.5778100810167,30766000
2021-12-03,MSFT,Microsoft,310.5685729980469,319.88534380882993,305.7803780233439,319.2026698848698,41779300
2021-12-06,MSFT,Microsoft,313.6262512207031,314.8377296116309,306.9343354285372,311.4725379409584,30032600
2021-12-07,MSFT,Microsoft,322.0199279785156,322.8660084465521,317.38557246325246,318.86626463105284,31021900
2021-12-08,MSFT,Microsoft,322.0680236816406,322.5776085960502,318.05862588929494,322.394924443513,24761000
2021-12-09,MSFT,Microsoft,320.27001953125,323.5294319116375,319.3277555505204,321.5295600175577,22214200
2021-12-10,MSFT,Microsoft,329.346435546875,329.7887095654795,321.894941380308,322.0776255201496,38095700
2021-12-13,MSFT,Microsoft,326.3273620605469,330.54828700278097,326.0196804228618,327.55805926915104,28899400
2021-12-14,MSFT,Microsoft,315.69329833984375,321.7506583393585,311.62621502626087,320.38533968281865,44438700
2021-12-15,MSFT,Microsoft,321.76025390625,322.2794628998093,312.00120811857875,315.9528888428843,35381100
2021-12-16,MSFT,Microsoft,312.3858642578125,323.78906948093504,310.5782712717892,322.7794945853097,35034800
2021-12-17,MSFT,Microsoft,311.3282165527344,312.405102273891,305.03051397428044,308.5207023277349,47750300
2021-12-20,MSFT,Microsoft,307.5879821777344,310.36665235735023,305.33811582896186,307.7225745188773,28326500
2021-12-21,MSFT,Microsoft,314.6838073730469,315.10686227817746,307.48227910762097,310.8378750297764,24740600
2021-12-22,MSFT,Microsoft,320.36614990234375,320.7603321144237,313.203089758129,315.65485969090975,24831500
2021-12-23,MSFT,Microsoft,321.7988586425781,323.43339204336854,319.9143595281961,319.93357863165926,19617800
2021-12-27,MSFT,Microsoft,329.2598571777344,329.2887004933562,322.5102279009017,322.53907121652355,19947000
2021-12-28,MSFT,Microsoft,328.1060791015625,330.5674732743384,327.21190693909,329.93289096293216,15661500
2021-12-29,MSFT,Microsoft,328.77911376953125,331.0385752783578,326.59652864573826,328.1541263644873,15042000
2021-12-30,MSFT,Microsoft,326.25048828125,329.91373694625986,325.7697466785753,328.7407262620481,15994500
2021-12-31,MSFT,Microsoft,323.3659973144531,326.288884758608,322.9140990920403,325.47164761227714,18000800
2022-01-03,MSFT,Microsoft,321.85638427734375,324.98120354217235,317.0778133355977,322.43327985619925,28865100
2022-01-04,MSFT,Microsoft,316.3375244140625,322.28910640339575,313.5588245196175,321.9333330536582,32674300
2022-01-05,MSFT,Microsoft,304.19403076171875,313.5108044365724,303.8094433864934,313.308871857317,40054300
2022-01-06,MSFT,Microsoft,301.7901916503906,306.42454526165477,299.4922339354082,301.0882987230182,39646100
2022-01-07,MSFT,Microsoft,301.94415283203125,304.30939297872214,298.1462829521569,302.0499018859666,32720000
2022-01-10,MSFT,Microsoft,302.1653137207031,302.5979928961551,292.9543176051216,297.56942521329626,44289500
2022-01-11,MSFT,Microsoft,302.8479919433594,304.4151849277161,297.9540459272227,301.309612939468,29386800
2022-01-12,MSFT,Microsoft,306.01116943359375,310.95320590504565,304.8670023701138,307.35726904389804,34372200
2022-01-13,MSFT,Microsoft,293.0600280761719,308.5206922774309,292.2908533568236,308.1264806975711,45366000
2022-01-14,MSFT,Microsoft,298.2520751953125,298.8481900342401,292.05049734205875,292.5312389014695,39846400
2022-01-18,MSFT,Microsoft,290.9929504394531,297.86755100618467,290.11799700846615,292.3582698028541,42333200
2022-01-19,MSFT,Microsoft,291.64666748046875,301.8191755170397,291.04095775062984,294.4926786966677,45933900
2022-01-20,MSFT,Microsoft,289.9832458496094,299.64613716915983,289.5409719354608,297.1655242204412,35380700
2022-01-21,MSFT,Microsoft,284.62786865234375,292.39663994676283,284.22403280045586,291.0313502433303,57984400
2022-01-24,MSFT,Microsoft,284.9547424316406,285.6662305381032,265.4173987440913,280.9453743252705,85731500
2022-01-25,MSFT,Microsoft,277.3782653808594,283.6279058744891,274.1861636133682,280.2915581603582,72848600
2022-01-26,MSFT,Microsoft,285.2816162109375,296.61750913568017,281.7433657696805,296.1271434101873,90428900
2022-01-27,MSFT,Microsoft,288.2911071777344,295.4637633356451,286.45467082104994,291.0024967310887,53481300
2022-01-28,MSFT,Microsoft,296.38677978515625,296.5983072336974,283.1087009699881,288.666071926605,49743700
2022-01-31,MSFT,Microsoft,299.0020446777344,300.34811523788875,294.5695920371354,297.05023502997614,46444500
2022-02-01,MSFT,Microsoft,296.8675231933594,298.6654918462446,293.37733494145994,298.45396439636784,40950400
2022-02-02,MSFT,Microsoft,301.386474609375,302.9825400250582,296.98289506365415,297.7040073654435,36636000
2022-02-03,MSFT,Microsoft,289.6467590332031,299.2423701113963,288.40643772478234,297.5693697082304,43730000
2022-02-04,MSFT,Microsoft,294.1560974121094,296.9059245774293,288.4160430007419,288.6467895203125,35096500
2022-02-07,MSFT,Microsoft,289.3583068847656,295.9829091831595,288.34873217729285,294.3772490807872,28533300
2022-02-08,MSFT,Microsoft,292.8292541503906,293.79073713074837,288.3968316951647,289.646747832777,32421200
2022-02-09,MSFT,Microsoft,299.22314453125,299.9154135304483,295.5503014236904,297.9347607103794,31284700
2022-02-10,MSFT,Microsoft,290.7333068847656,297.2136945346378,289.11802208324127,292.3293725846551,45386200
2022-02-11,MSFT,Microsoft,283.67596435546875,292.5696824760353,282.8875412205064,291.51204526354115,39175600
2022-02-14,MSFT,Microsoft,283.6374816894531,285.3297011391844,280.1280746488406,282.45484705008886,36359500
2022-02-15,MSFT,Microsoft,288.8967590332031,289.2140354696684,285.579631395878,288.45448512893597,27058300
2022-02-16,MSFT,Microsoft,288.5596008300781,289.8795515618136,282.95219184742473,287.47087375855756,29982100
2022-02-17,MSFT,Microsoft,280.1100158691406,285.95826419364323,279.40667124960413,285.5343344781432,32461600
2022-02-18,MSFT,Microsoft,277.4122314453125,283.1256081080043,275.8514129414356,282.34519885606585,34264000
2022-02-22,MSFT,Microsoft,277.2099304199219,280.8903974019096,274.1075520292779,274.58928762159644,41736100
2022-02-23,MSFT,Microsoft,270.0321044921875,281.04460436118626,269.8683308283759,279.58010909240227,37811200
2022-02-24,MSFT,Microsoft,283.8289489746094,284.37813456051526,261.60166355056816,262.5555199373533,56989700
2022-02-25,MSFT,Microsoft,286.4495849609375,286.75790276376836,280.9963351099328,284.3588691791243,32546700
2022-02-28,MSFT,Microsoft,287.8756103515625,288.2128312016405,282.29710305164537,283.5592481567503,34627500
2022-03-01,MSFT,Microsoft,284.1758117675781,289.0124260885947,281.4780750548052,285.5728272162815,31217800
2022-03-02,MSFT,Microsoft,289.22442626953125,290.4576682481348,282.9715074955346,284.57084383733564,31873000
2022-03-03,MSFT,Microsoft,285.11041259765625,292.05703176941057,283.30869674167064,291.82580808856017,27314500
2022-03-04,MSFT,Microsoft,279.2716979980469,284.8598476008339,276.6799879839054,283.539896997228,32356500
2022-03-07,MSFT,Microsoft,268.7217712402344,279.1079901922431,268.35564745891236,277.9903600081898,43157200
2022-03-08,MSFT,Microsoft,265.77349853515625,273.5872347405663,260.13718693761393,267.6522494658014,48159500
2022-03-09,MSFT,Microsoft,277.96142578125,279.0212499230222,270.52342735372963,273.0862641319039,35204500
2022-03-10,MSFT,Microsoft,275.1577453613281,276.1308607136372,270.33074508462164,272.6816172407287,30628000
2022-03-11,MSFT,Microsoft,269.83935546875,278.9345249185214,269.22271985726513,277.441127086034,27209300
2022-03-14,MSFT,Microsoft,266.3420104980469,274.97470517723553,265.7446629920697,270.09954271533127,30660700
2022-03-15,MSFT,Microsoft,276.6607971191406,277.3063358721881,268.5483846755829,270.10920358547907,34245100
2022-03-16,MSFT,Microsoft,283.6362609863281,283.8096787213844,272.8550174149433,278.54910553558244,37826300
2022-03-17,MSFT,Microsoft,284.4360046386719,284.81174316450165,278.799691528735,282.5765120453136,30816600
2022-03-18,MSFT,Microsoft,289.45562744140625,290.00481304770483,282.0369173074508,284.58046582678224,43390600
2022-03-21,MSFT,Microsoft,288.2320556640625,289.17626805109586,284.1276588300462,287.9719290179041,28351200
2022-03-22,MSFT,Microsoft,292.9530334472656,293.8586986740922,287.85626286698505,288.84863696836237,27599700
2022-03-23,MSFT,Microsoft,288.54998779296875,292.1533901687108,286.84465430957243,289.53274726035676,25715400
2022-03-24,MSFT,Microsoft,292.9915771484375,293.08793014220737,287.42271518108265,288.21276856606795,24484500
2022-03-25,MSFT,Microsoft,292.5869140625,294.3404386258809,288.35729097039587,294.0803119983577,22566500
2022-03-28,MSFT,Microsoft,299.3504943847656,299.4468179763362,293.21315853638436,293.21315853638436,29578200
2022-03-29,MSFT,Microsoft,303.888427734375,304.2834544196327,297.7607361570676,302.44322106271255,30393400
2022-03-30,MSFT,Microsoft,302.39508056640625,304.40876140768165,300.1983672332794,302.298756961056,28163600
2022-03-31,MSFT,Microsoft,297.0478515625,303.62837739279735,296.6432100583555,302.43365291685626,33422100
2022-04-01,MSFT,Microsoft,298.1172790527344,298.8013353889546,294.3790059993479,298.0690878498517,27110500
2022-04-04,MSFT,Microsoft,303.4645080566406,303.5993787276326,298.39664041936675,298.76276415932574,24289600
2022-04-05,MSFT,Microsoft,299.52398681640625,303.36822820725746,298.55087131533844,301.82666812128076,23156700
2022-04-06,MSFT,Microsoft,288.5596008300781,295.7856342398464,285.8715081688589,294.04175386251336,40110400
2022-04-07,MSFT,Microsoft,290.36126708984375,292.5579799187454,285.5246529796034,285.8233266543766,31411200
2022-04-08,MSFT,Microsoft,286.1220703125,290.1204702874654,285.4572727698381,289.46531686660774,24361900
2022-04-11,MSFT,Microsoft,274.8398132324219,281.9213032700954,274.58930130303617,281.13127920546333,34569300
2022-04-12,MSFT,Microsoft,271.75665283203125,280.11957482236716,270.24399616662504,278.6743681898196,30966700
2022-04-13,MSFT,Microsoft,277.11358642578125,278.0385105603026,271.02444128433206,272.4022274692682,21907200
2022-04-14,MSFT,Microsoft,269.608154296875,277.7784013045191,269.1168039398963,277.56643644763085,28221600
2022-04-18,MSFT,Microsoft,270.27294921875,272.1420858288505,268.1725889134815,268.72177459231517,20778000
2022-04-19,MSFT,Microsoft,274.8782958984375,275.7165404624221,268.2399952405621,269.1745633932946,22297700
2022-04-20,MSFT,Microsoft,275.89959716796875,279.1176168323527,274.9457700942281,278.8285578322928,22906700
2022-04-21,MSFT,Microsoft,270.5523681640625,282.5861150592423,269.82976470304897,278.03852943515125,29454600
2022-04-22,MSFT,Microsoft,264.02001953125,272.8550636325426,263.393769113378,271.39056854763874,29405800
2022-04-25,MSFT,Microsoft,270.4656066894531,270.8413451266627,260.8790575428307,263.30702351755633,35678900
2022-04-26,MSFT,Microsoft,260.34918212890625,268.19182220528097,260.13721729425794,267.3632511079873,46518400
2022-04-27,MSFT,Microsoft,272.87432861328125,280.34123080111425,268.9626376903315,271.7952455176826,63477700
2022-04-28,MSFT,Microsoft,279.05010986328125,280.3508015911793,271.1785388721603,274.7722962798131,33646600
2022-04-29,MSFT,Microsoft,267.382568359375,279.29108997541846,266.3998381310292,278.06746249784794,37073900
2022-05-02,MSFT,Microsoft,274.0787048339844,274.5315375590096,266.13006594349525,267.56562889178645,35151100
2022-05-03,MSFT,Microsoft,271.48687744140625,273.7510403407447,269.91641488989063,273.5872373213016,25978600
2022-05-04,MSFT,Microsoft,279.3874816894531,280.2546001760667,266.6214840615691,272.2674130500583,33599300
2022-05-05,MSFT,Microsoft,267.21875,275.88999102064156,264.318692205309,275.10958168100854,43260400
2022-05-06,MSFT,Microsoft,264.6943664550781,269.0492442642496,261.3607360275728,264.7714311885404,37780300
2022-05-09,MSFT,Microsoft,254.91513061523438,262.41093341840343,253.70117721403625,260.1949619979879,47726000
2022-05-10,MSFT,Microsoft,259.6555480957031,263.750301637101,255.38737675510967,261.76555286102507,39336400
2022-05-11,MSFT,Microsoft,251.0324249267578,261.4475468907718,249.82808585226212,255.97503719293763,48975900
2022-05-12,MSFT,Microsoft,246.0223388671875,250.38686155412384,240.88703639881442,248.27685759923378,51033800
2022-05-13,MSFT,Microsoft,251.58157348632812,253.4314509690828,246.02235572360212,247.94929795851922,34925100
2022-05-16,MSFT,Microsoft,251.9477081298828,256.1099105942852,246.43665192316664,250.46395431193443,32550900
2022-05-17,MSFT,Microsoft,257.07330322265625,258.5281242347155,252.87255496234602,256.3892177385808,28828800
2022-05-18,MSFT,Microsoft,245.36892700195312,254.56254010236933,244.10384241044304,253.98310507106706,31356000
2022-05-19,MSFT,Microsoft,244.4611358642578,248.8358391110842,243.2443400632524,245.19507408358177,32692300
2022-05-20,MSFT,Microsoft,243.9010009765625,249.6759878292524,237.9908293362282,248.42054052843162,39199300
2022-05-23,MSFT,Microsoft,251.71363830566406,252.53450204595984,244.74117401105033,246.73055952174275,33175400
2022-05-24,MSFT,Microsoft,250.718994140625,252.37035900338427,244.80882139282033,249.0483255820953,29043900
2022-05-25,MSFT,Microsoft,253.51951599121094,255.50888672812104,248.31432695707377,249.28970863330227,28547900
2022-05-26,MSFT,Microsoft,256.78363037109375,257.9521373499767,252.46688284359203,253.27807996316005,25002100
2022-05-27,MSFT,Microsoft,263.87200927734375,263.96858669067194,258.38675406725025,259.27522501006564,26910800
2022-05-31,MSFT,Microsoft,262.54901123046875,265.3495796777819,259.709805919586,263.1863868585538,37827700
2022-06-01,MSFT,Microsoft,263.0801696777344,268.1694785962378,260.7817625947678,265.76485697863757,25292200
2022-06-02,MSFT,Microsoft,265.16607666015625,265.2336837998182,252.63111175251524,255.38340607068776,44008200
2022-06-03,MSFT,Microsoft,260.7623596191406,264.0747845426284,259.2075725800062,261.04242522746756,28059000
2022-06-06,MSFT,Microsoft,259.5359191894531,264.779744827782,258.0583763446399,262.7324336411163,22400300
2022-06-07,MSFT,Microsoft,263.15740966796875,263.76581500022235,256.82231988834405,257.49833236224606,22860700
2022-06-08,MSFT,Microsoft,261.1390075683594,263.64020598603173,260.3664178533954,262.39442533216015,17372300
2022-06-09,MSFT,Microsoft,255.71170043945312,263.36014725410655,255.5571824924227,258.5991790544163,26439700
2022-06-10,MSFT,Microsoft,244.3162841796875,251.6460439882833,243.87204872141055,251.6460439882833,31422800
2022-06-13,MSFT,Microsoft,233.9541473388672,240.48239119497188,233.24917940412797,236.70644141538565,46135800
2022-06-14,MSFT,Microsoft,236.1077117919922,237.3148557778769,233.2298699199791,235.49930650770008,28651500
2022-06-15,MSFT,Microsoft,243.12843322753906,246.5470730031909,237.9715180249655,239.79671901174797,33111700
2022-06-16,MSFT,Microsoft,236.57122802734375,238.93722706322862,234.68808653901266,237.5465949685709,33169200
2022-06-17,MSFT,Microsoft,239.1593780517578,241.9116724347951,235.66349352878527,236.3105209841857,43084800
2022-06-21,MSFT,Microsoft,245.04058837890625,246.01595545881753,240.95560233610817,241.67988876042264,29928300
2022-06-22,MSFT,Microsoft,244.45150756835938,248.3530054561835,241.78612402987773,243.25401534558895,25939900
2022-06-23,MSFT,Microsoft,249.98501586914062,250.4775400388381,244.9343443692557,246.80783416507126,25861400
2022-06-24,MSFT,Microsoft,258.5220031738281,258.7924022848079,252.747014945619,252.83392578793828,33923200
2022-06-27,MSFT,Microsoft,255.80833435058594,259.1013975165965,254.25351742662792,259.01448667805846,24615100
2022-06-28,MSFT,Microsoft,247.6866455078125,257.7590479870569,247.53212753900692,254.92950951957212,27295500
2022-06-29,MSFT,Microsoft,251.3370819091797,252.98844687606802,246.99134817655838,248.7586090036057,20069800
2022-06-30,MSFT,Microsoft,248.02464294433594,250.6320859946273,244.2293889586405,248.23710148525814,31730900
2022-07-01,MSFT,Microsoft,250.68035888671875,250.86384714723536,245.88076751202806,247.59975426359935,22837700
2022-07-05,MSFT,Microsoft,253.83822631835938,253.96377399992517,246.00627607080364,247.3775897790424,22941000
2022-07-06,MSFT,Microsoft,257.0830078125,258.8019795069243,253.40363564931488,254.70735692498906,23824400
2022-07-07,MSFT,Microsoft,259.19793701171875,259.8353125390256,255.93381513155052,256.0303925395583,20859900
2022-07-08,MSFT,Microsoft,258.4832763671875,258.9081933182006,254.26310659903194,255.71167907622672,19658800
2022-07-11,MSFT,Microsoft,255.4412841796875,257.3920178707807,253.19115172489805,256.5421839550465,19455200
2022-07-12,MSFT,Microsoft,244.97299194335938,256.8223224888686,243.39887133033,256.764381930095,35868500
2022-07-13,MSFT,Microsoft,244.0555419921875,244.8570873615849,239.603594413408,241.61228376039588,29497400
2022-07-14,MSFT,Microsoft,245.36892700195312,246.39258278636146,237.50800563214514,241.9792718550764,25102800
2022-07-15,MSFT,Microsoft,247.9184112548828,251.44326589652985,246.03526953214475,246.9526960395664,29774100
2022-07-18,MSFT,Microsoft,245.5330810546875,251.89714046464383,244.6156545937457,250.84451446983314,20975000
2022-07-19,MSFT,Microsoft,250.63204956054688,250.8155377951831,244.9826100870289,248.74889324561178,25012600
2022-07-20,MSFT,Microsoft,253.2781219482422,255.7889874324287,250.03333293209215,250.98938157590604,22788300
2022-07-21,MSFT,Microsoft,255.7600555419922,255.80835899336086,248.2178208456123,250.8832047027095,22404700
2022-07-22,MSFT,Microsoft,251.43362426757812,256.23323054289847,250.1878727355114,256.1463197014491,21881300
2022-07-25,MSFT,Microsoft,249.95608520507812,252.53455809641423,248.00535085353994,252.05170043274995,21056000
2022-07-26,MSFT,Microsoft,243.2636260986328,250.97004315253255,241.01352289869635,250.95070998904438,39348000
2022-07-27,MSFT,Microsoft,259.52630615234375,260.7913907687193,249.97539768074358,252.20619754450755,45994000
2022-07-28,MSFT,Microsoft,266.933349609375,268.31431531179504,258.68613331334205,260.5016826567174,33459300
2022-07-29,MSFT,Microsoft,271.1148986816406,272.33170936707273,267.1458230211277,268.17914544538223,32152800
2022-08-01,MSFT,Microsoft,268.4784240722656,271.63630136547664,266.3828096525368,268.2949358731118,21539600
2022-08-02,MSFT,Microsoft,265.3978576660156,268.3626103956282,263.0415102262708,266.5373945260248,22754200
2022-08-03,MSFT,Microsoft,272.78558349609375,273.7802690088794,267.12647689627147,267.2713577584934,23518900
2022-08-04,MSFT,Microsoft,273.92510986328125,274.0699612486414,270.56443983776984,272.13853085373546,18098700
2022-08-05,MSFT,Microsoft,273.2105407714844,273.9251607194615,269.125554118187,269.5794415241089,16774600
2022-08-08,MSFT,Microsoft,270.7093200683594,276.11733164460054,269.74360476800535,274.31141927705306,18739200
2022-08-09,MSFT,Microsoft,272.6213684082031,273.37462502798235,268.0921621074516,270.05259210657965,23405200
2022-08-10,MSFT,Microsoft,279.2462158203125,279.8739248174104,277.1023268586765,278.29016718582943,24687800
2022-08-11,MSFT,Microsoft,277.1795654296875,281.2259144656879,276.687070719345,280.87827114074025,20065900
2022-08-12,MSFT,Microsoft,281.9018859863281,281.9018859863281,277.1022809714472,278.58949041203584,22619700
2022-08-15,MSFT,Microsoft,283.40850830078125,284.0941580038276,280.16368913228314,281.02319001084084,18085700
2022-08-16,MSFT,Microsoft,282.6744689941406,283.958886627976,280.4630025536895,281.9791529178918,18102900
2022-08-17,MSFT,Microsoft,281.9292907714844,283.8938524278254,280.1389197170631,280.4002056199427,18253400
2022-08-18,MSFT,Microsoft,280.8163757324219,282.50027733774294,279.76148592010856,280.8357203997343,17186200
2022-08-19,MSFT,Microsoft,276.92596435546875,279.9260419302894,276.35498651754625,279.5873182545467,20570000
2022-08-22,MSFT,Microsoft,268.7967224121094,273.3548871851572,268.28380815555704,272.9871317684134,25061100
2022-08-23,MSFT,Microsoft,267.5290222167969,269.87099753157673,266.5225381093492,267.5290222167969,17527400
2022-08-24,MSFT,Microsoft,266.89996337890625,268.2935475805408,266.2418606203545,266.5322078904403,18137000
2022-08-25,MSFT,Microsoft,269.8612060546875,270.02570952300164,265.67076815428857,268.39018473515586,16583400
2022-08-26,MSFT,Microsoft,259.4481506347656,271.3032734990673,259.3417106465169,270.0838799821935,27549300
2022-08-29,MSFT,Microsoft,256.6802978515625,258.78033116845745,255.34477754961907,257.28030737067536,20338500
2022-08-30,MSFT,Microsoft,254.49314880371094,258.4416167849743,252.25761414315465,258.0738909142503,22767100
2022-08-31,MSFT,Microsoft,253.0414581298828,258.49963612980343,252.90595688448272,256.83510906120074,24791800
2022-09-01,MSFT,Microsoft,252.00601196289062,252.48023691824085,247.17687383626492,250.52533262450333,23263400
2022-09-02,MSFT,Microsoft,247.805908203125,256.20610147316614,246.26716536821394,253.26411708214042,22855400
2022-09-06,MSFT,Microsoft,245.08651733398438,249.51886860124202,243.81874738590238,247.9414362596074,21328200
2022-09-07,MSFT,Microsoft,249.7705078125,250.48664458354384,245.0574961858431,246.4897844948553,24126700
2022-09-08,MSFT,Microsoft,250.1866455078125,252.0350805590205,246.57688549508825,249.20922275197296,20319900
2022-09-09,MSFT,Microsoft,255.93505859375,256.6802563560447,251.899496108197,252.10271843707898,22084700
2022-09-12,MSFT,Microsoft,258.05450439453125,258.82873403398463,256.6125441459456,257.2125536578714,18747700
2022-09-13,MSFT,Microsoft,243.8671112060547,252.00600375133774,243.47999634028216,250.49629269213037,33353300
2022-09-14,MSFT,Microsoft,244.08973693847656,246.03493965058047,241.8058105037475,245.3575069722551,23913000
2022-09-15,MSFT,Microsoft,237.47018432617188,243.29611908968658,236.15402331387534,241.71867215528192,31530900
2022-09-16,MSFT,Microsoft,236.85079956054688,237.3927455707123,234.25718181157072,236.38626175161542,39791800
2022-09-19,MSFT,Microsoft,236.63790893554688,237.2379185278828,233.08621305250247,234.6539876734692,26826900
2022-09-20,MSFT,Microsoft,234.63462829589844,235.66045686379198,231.91521092748422,234.26688762643548,26660300
2022-09-21,MSFT,Microsoft,231.2474365234375,239.67667590576733,231.19904532157508,236.39595324962926,28625600
2022-09-22,MSFT,Microsoft,233.21197509765625,235.99914265894625,229.91190810164895,230.20222575018326,31061200
2022-09-23,MSFT,Microsoft,230.25064086914062,233.35717293349165,227.6183189581972,231.8184154017902,34176000
2022-09-26,MSFT,Microsoft,229.7958221435547,233.66688257896323,229.26354838030127,229.4087220067833,27694200
2022-09-27,MSFT,Microsoft,228.789306640625,234.0055589313427,226.94087211261905,232.24421970145121,27018700
2022-09-28,MSFT,Microsoft,233.2991485595703,234.51852731554808,227.16350637089323,229.1764596269769,29029700
2022-09-29,MSFT,Microsoft,229.84420776367188,232.215229269323,226.85381719409244,231.18940064159077,27484200
2022-09-30,MSFT,Microsoft,225.39248657226562,232.78621136819163,225.2279682767935,230.608739886535,35694800
2022-10-03,MSFT,Microsoft,232.97976684570312,233.82171772604818,227.09575348399042,227.82157728205974,28880400
2022-10-04,MSFT,Microsoft,240.85733032226562,242.28961822338192,237.08303839466038,237.18949312313714,34888400
2022-10-05,MSFT,Microsoft,241.1670379638672,242.5025584054372,236.23144526431753,238.06052054576585,20347100
2022-10-06,MSFT,Microsoft,238.83473205566406,242.2703009633561,238.1476271342794,239.93798363059574,20239900
2022-10-07,MSFT,Microsoft,226.6892852783203,233.54106344265196,225.65376961113512,233.13458913635256,37769600
2022-10-10,MSFT,Microsoft,221.860107421875,226.99893677306147,219.42133569410282,225.53761706316808,29743600
2022-10-11,MSFT,Microsoft,218.1439208984375,221.67625738261597,216.8858233948525,220.28267336430167,30474000
2022-10-12,MSFT,Microsoft,218.47296142578125,220.5149462849339,216.74066847271945,218.13423774935973,21903900
2022-10-13,MSFT,Microsoft,226.6892852783203,228.48932881951694,212.0663551272384,212.76314712814823,42551800
2022-10-14,MSFT,Microsoft,221.19235229492188,229.59255965182822,220.9794428267959,227.94734744050535,30198600
2022-10-17,MSFT,Microsoft,229.87322998046875,231.25714167375685,227.5602721133645,228.21836002283007,28142300
2022-10-18,MSFT,Microsoft,230.81198120117188,236.0669387164965,227.782871649091,235.3991931876777,26329600
2022-10-19,MSFT,Microsoft,228.85707092285156,231.88618020226818,226.7376631373762,229.39901697875123,19985700
2022-10-20,MSFT,Microsoft,228.5377197265625,233.53139112693572,227.29898159472276,228.16997903446602,21811000
2022-10-21,MSFT,Microsoft,234.31527709960938,235.166915097807,226.9409118947973,227.17318083073934,26299700
2022-10-24,MSFT,Microsoft,239.2799072265625,239.85088505869388,233.52170816579923,235.90240190553322,24911200
2022-10-25,MSFT,Microsoft,242.57998657226562,242.9477272430807,237.90567969361152,239.28957660185964,34775500
2022-10-26,MSFT,Microsoft,223.8634033203125,230.61839877791698,222.64400998891642,223.718229712473,82543200
2022-10-27,MSFT,Microsoft,219.44073486328125,226.15702697219044,218.50200154160817,223.59244061528798,40424600
2022-10-28,MSFT,Microsoft,228.2667236328125,228.97320270821285,218.76327910286216,218.94715681380413,40647700
2022-10-31,MSFT,Microsoft,224.64732360839844,227.34738181471067,223.69890315195386,226.22477072356645,28357300
2022-11-01,MSFT,Microsoft,220.81495666503906,228.14094541319034,220.00203754140927,227.0376938120004,30592300
2022-11-02,MSFT,Microsoft,213.0050811767578,223.84404616078317,212.94700287287873,222.0633621151271,38407000
2022-11-03,MSFT,Microsoft,207.34364318847656,213.30507890075714,207.08234251389777,212.9953870246754,36633900
2022-11-04,MSFT,Microsoft,214.2534942626953,214.447044310669,206.5500783111964,210.5372801806807,36789100
2022-11-07,MSFT,Microsoft,220.5246124267578,221.04721381188003,214.14704442988435,214.83416409790135,33498000
2022-11-08,MSFT,Microsoft,221.4923858642578,224.18277156558537,218.56005889650208,221.3278675751174,28192500
2022-11-09,MSFT,Microsoft,217.27296447753906,221.26016723006236,217.09877382586166,220.04077360061905,27852900
2022-11-10,MSFT,Microsoft,235.1475372314453,235.4862608906142,227.42477661146236,227.84090847628838,46268000
2022-11-11,MSFT,Microsoft,239.14442443847656,239.99606241623323,234.1313937515766,235.15723711883936,34620200
2022-11-14,MSFT,Microsoft,233.76364135742188,236.0475673740293,231.49907477577239,234.18946032496393,31123300
2022-11-15,MSFT,Microsoft,234.17010498046875,239.03796188941354,232.29263846364998,237.74116029609917,31390100
2022-11-16,MSFT,Microsoft,234.5971221923828,236.60604855552322,233.3257795259496,235.62584176038104,24093300
2022-11-17,MSFT,Microsoft,234.54859924316406,236.0722794395261,230.6181168177236,230.76368475624398,23123500
2022-11-18,MSFT,Microsoft,234.10215759277344,236.547802374884,231.97677705188883,236.32457848011174,27613500
2022-11-21,MSFT,Microsoft,234.9076385498047,237.4503233596823,234.07301467051525,234.30592331964255,26394700
2022-11-22,MSFT,Microsoft,237.7997283935547,238.0714650543678,233.6072093349116,236.40221710449453,19665700
2022-11-23,MSFT,Microsoft,240.2744903564453,240.9538320187203,237.06216314669393,237.87737314142396,19508500
2022-11-25,MSFT,Microsoft,240.1871795654297,241.36146712631268,239.44959583276983,240.01248322560096,9200800
2022-11-28,MSFT,Microsoft,234.626220703125,239.37192761122702,233.69455635778226,238.81875468278062,24778200
2022-11-29,MSFT,Microsoft,233.2384490966797,235.62585219825684,231.18100986954173,234.2768683035418,17956300
2022-11-30,MSFT,Microsoft,247.61143493652344,247.79583086530997,232.7823119741459,233.47136810668408,47594200
2022-12-01,MSFT,Microsoft,247.1747283935547,248.56252551104194,243.51596765243588,246.37891746379069,26041500
2022-12-02,MSFT,Microsoft,247.49496459960938,248.50427013338341,242.3222385687394,242.44840731366295,21528500
2022-12-05,MSFT,Microsoft,242.81716918945312,246.3303613663216,240.74031627098933,244.57375787361877,23435300
2022-12-06,MSFT,Microsoft,237.8870849609375,244.42820886485632,236.58662873937655,243.41890331596056,22463700
2022-12-07,MSFT,Microsoft,237.1592254638672,238.89641517033584,235.06297311301404,237.60565848816955,20481500
2022-12-08,MSFT,Microsoft,240.0997772216797,241.40024809384906,235.8878444020433,237.61531942592248,22611800
2022-12-09,MSFT,Microsoft,238.17820739746094,240.98292942150877,236.95539248747858,237.4794517893177,20609700
2022-12-12,MSFT,Microsoft,245.05902099609375,245.08813458227053,239.87659533709365,240.14833201376896,30665100
2022-12-13,MSFT,Microsoft,249.3389129638672,256.13235956018696,245.60251141247596,253.96815091092603,42196900
2022-12-14,MSFT,Microsoft,249.63006591796875,254.84160556776638,246.8059293712521,249.54272515265737,35410900
2022-12-15,MSFT,Microsoft,241.66232299804688,246.69918125283206,240.0416023610737,246.23334901675673,35560400
2022-12-16,MSFT,Microsoft,237.4697723388672,242.4678019516118,236.3245836806278,241.21587335248572,86102000
2022-12-19,MSFT,Microsoft,233.3548583984375,237.9744109828848,231.66621136200337,237.63473277219197,29696400
2022-12-20,MSFT,Microsoft,234.6650390625,235.74228609848038,231.38477037827317,232.33584867761797,25150800
2022-12-21,MSFT,Microsoft,237.2174530029297,238.37234134182555,233.02493348625407,234.55831327324242,23690600
2022-12-22,MSFT,Microsoft,231.16160583496094,234.84948021515527,226.9690712195299,234.14101004366566,28651700
2022-12-23,MSFT,Microsoft,231.68563842773438,231.8215067666557,227.0369865095698,229.14295316711923,21207000
2022-12-27,MSFT,Microsoft,229.96786499023438,231.87972122287346,228.87120393787913,231.65651213728756,16688600
2022-12-28,MSFT,Microsoft,227.6095733642578,232.64643111207874,227.26019552023155,229.89993593986588,17457100
2022-12-29,MSFT,Microsoft,233.89833068847656,234.78148218567202,228.6964916617764,228.6964916617764,19770700
2022-12-30,MSFT,Microsoft,232.7434844970703,232.87935283490333,229.6767250905103,231.1809912077217,21938500
2023-01-03,MSFT,Microsoft,232.51052856445312,238.49846380336683,230.39484781786445,235.90725134496904,25740000
2023-01-04,MSFT,Microsoft,222.3397979736328,225.99854338319813,219.2924526600918,225.4259564644858,50623400
2023-01-05,MSFT,Microsoft,215.7501678466797,220.8355534662342,215.21639405316571,220.49587519530553,39585600
2023-01-06,MSFT,Microsoft,218.29286193847656,219.0983724573706,212.87752704272575,216.41981859861454,43613600
2023-01-09,MSFT,Microsoft,220.41824340820312,224.41668242466997,219.72920205241053,219.76801523516428,27369800
2023-01-10,MSFT,Microsoft,222.09719848632812,224.48460157088834,220.62204584662,221.03935048334114,27033900
2023-01-11,MSFT,Microsoft,228.8129425048828,228.9876239869565,224.29044544975034,224.46512693182402,28669300
2023-01-12,MSFT,Microsoft,231.47213745117188,232.8211212975009,226.66820302336927,228.3180371449277,27269500
2023-01-13,MSFT,Microsoft,232.17086791992188,232.30673624907553,227.98804849183014,230.0066742453539,21333300
2023-01-17,MSFT,Microsoft,233.2578125,233.80128577732816,230.09399836499716,230.94803626281922,29831300
2023-01-18,MSFT,Microsoft,228.851806640625,235.22794870990262,228.57037036509706,234.4418522484385,30028700
2023-01-19,MSFT,Microsoft,225.0862579345703,228.57033632786354,223.8731426355433,226.88167450054485,28623000
2023-01-20,MSFT,Microsoft,233.13169860839844,233.63635883113758,227.59018017735744,227.92985845985373,35389800
2023-01-23,MSFT,Microsoft,235.42205810546875,237.9356299735096,232.578507553011,233.98573343923675,31934000
2023-01-24,MSFT,Microsoft,234.8979949951172,236.7516391990006,233.3452159013229,235.34442805481387,40234400
2023-01-25,MSFT,Microsoft,233.51016235351562,236.1207891156233,224.08667522306712,227.5610395748184,66526600
2023-01-26,MSFT,Microsoft,240.68211364746094,240.98296392015405,234.85915928502237,236.4604658112775,33454500
2023-01-27,MSFT,Microsoft,240.83734130859375,242.45806146117175,239.5465849409282,241.64285158955204,26498900
2023-01-30,MSFT,Microsoft,235.54818725585938,238.35290934630353,235.0532267167277,237.2950615090347,25867400
2023-01-31,MSFT,Microsoft,240.49769592285156,240.6335642533175,235.78110272448055,236.26634887736424,26541100
2023-02-01,MSFT,Microsoft,245.29190063476562,247.65018954464077,238.22671868741645,240.68206273955244,31259900
2023-02-02,MSFT,Microsoft,256.7923278808594,256.879668654006,249.65920190306966,251.18288227448434,39940400
2023-02-03,MSFT,Microsoft,250.72674560546875,256.40413270612515,249.5136299693063,251.88163406046186,29077300
2023-02-06,MSFT,Microsoft,249.1933135986328,250.67816573061054,247.26204327207444,249.84355651391297,22518000
2023-02-07,MSFT,Microsoft,259.6649475097656,260.8392350360664,252.40565360237943,252.84238703481986,50841400
2023-02-08,MSFT,Microsoft,258.85943603515625,268.59347315321855,258.35476105655573,265.13852274513965,54686000
2023-02-09,MSFT,Microsoft,255.84120178222656,265.8955184484022,255.0453909060254,265.72080730740066,42375100
2023-02-10,MSFT,Microsoft,255.33653259277344,256.2973105018647,252.96852898785733,253.81285255852234,25818500
2023-02-13,MSFT,Microsoft,263.31396484375,266.4971782446964,259.26699912258107,259.74256046553177,44630900
2023-02-14,MSFT,Microsoft,264.138916015625,266.856282749665,261.33417890703004,264.62416219078045,37047900
2023-02-15,MSFT,Microsoft,262.0277404785156,263.3995660525591,258.97274671264574,261.0548170663939,28922400
2023-02-16,MSFT,Microsoft,255.05178833007812,259.5175018592182,254.80855755164183,256.8711498021807,29603600
2023-02-17,MSFT,Microsoft,251.07257080078125,253.04760380497552,249.068351286821,252.36657534668234,30000100
2023-02-21,MSFT,Microsoft,245.82847595214844,248.57212619836037,244.77771723097973,247.58946437392655,28397400
2023-02-22,MSFT,Microsoft,244.69992065429688,247.45329522642257,243.5616022361045,247.2100644145277,22491100
2023-02-23,MSFT,Microsoft,247.87164306640625,249.88558633204974,243.69779430491118,248.64024584758673,29219100
2023-02-24,MSFT,Microsoft,242.47189331054688,244.20369522047608,241.38222420199676,243.19186174048357,24990900
2023-02-27,MSFT,Microsoft,243.386474609375,245.97445391978178,242.6373195783351,245.6242009691581,21190000
2023-02-28,MSFT,Microsoft,242.66650390625,244.68046206564443,241.99518451978517,242.32598969202303,22491000
2023-03-01,MSFT,Microsoft,239.60179138183594,244.13560203633548,239.1347775749903,243.97020688018864,27565300
2023-03-02,MSFT,Microsoft,244.31076049804688,244.59290171146822,238.95968256617152,239.87423280619296,24808200
2023-03-03,MSFT,Microsoft,248.3775634765625,248.69862992215678,244.58316883886687,245.3615103876745,30760100
2023-03-06,MSFT,Microsoft,249.91476440429688,253.07676463691814,249.04886339595808,249.48667584365674,24109800
2023-03-07,MSFT,Microsoft,247.2683563232422,250.71251180344885,246.52894024205764,249.36013468112492,21473200
2023-03-08,MSFT,Microsoft,246.83062744140625,247.64787941469785,244.01887982125263,247.1614177859818,17340200
2023-03-09,MSFT,Microsoft,245.4879913330078,252.53194586818475,244.76802281359187,248.8932225660645,26653400
2023-03-10,MSFT,Microsoft,241.8589630126953,245.9452372856859,240.89577859254197,244.2815470078051,28333900
2023-03-13,MSFT,Microsoft,247.04461669921875,250.92658497582,239.07637462103207,240.70115431743469,33339700
2023-03-14,MSFT,Microsoft,253.72862243652344,254.0010397156642,248.93210385508328,249.79800481641536,33620300
2023-03-15,MSFT,Microsoft,258.2527770996094,259.26462569990724,252.19145392381762,252.94062390775835,46028000
2023-03-16,MSFT,Microsoft,268.7214050292969,269.07164313641664,256.1512239726221,258.0289586598438,54768800
2023-03-17,MSFT,Microsoft,271.86395263671875,275.65834759698896,268.8381754027799,270.7256489942692,69527400
2023-03-20,MSFT,Microsoft,264.8588562011719,269.96670228330714,262.543294560003,269.4802407516752,43466600
2023-03-21,MSFT,Microsoft,266.3669128417969,267.5538803349331,262.2222505034053,267.4371343013886,34558700
2023-03-22,MSFT,Microsoft,264.9172668457031,273.43034485869043,264.81022985408475,265.9971973475459,34873300
2023-03-23,MSFT,Microsoft,270.141845703125,273.44977847868375,267.7484630649204,270.41426299778846,36610900
2023-03-24,MSFT,Microsoft,272.97308349609375,273.03145651581804,267.8263111878216,269.7332324450906,28172000
2023-03-27,MSFT,Microsoft,268.89642333984375,273.8388583777035,268.0596942453296,272.90486075071607,26840200
2023-03-28,MSFT,Microsoft,267.7776184082031,268.66298193563654,264.68370058234905,268.32245293412296,21878600
2023-03-29,MSFT,Microsoft,272.9147033691406,273.5276497515444,270.87155865821495,271.4066545555062,25087000
2023-03-30,MSFT,Microsoft,276.3588562011719,276.75775832392577,273.8584658428931,276.5340049635184,25053400
2023-03-31,MSFT,Microsoft,280.49371337890625,281.43744995850153,275.33723290766795,276.0474774481902,32766000
2023-04-03,MSFT,Microsoft,279.45269775390625,280.46451634607917,276.26151134425334,278.7619010121522,24883300
2023-04-04,MSFT,Microsoft,279.4040222167969,282.5854994542806,277.9349286652677,279.45268618193273,25824300
2023-04-05,MSFT,Microsoft,276.6409912109375,279.3749031470758,275.2594568336865,278.11011480832366,22064800
2023-04-06,MSFT,Microsoft,283.70440673828125,284.17139086476425,274.39352473015583,275.5415669627722,29770300
2023-04-10,MSFT,Microsoft,281.5542297363281,281.7585352734682,277.00092706983764,281.37908101323706,23103000
2023-04-11,MSFT,Microsoft,275.17181396484375,278.23654533423,274.01406284794314,278.0127623432296,27276600
2023-04-12,MSFT,Microsoft,275.81396484375,279.2386732168352,274.32539366289427,277.07878271017614,27403400
2023-04-13,MSFT,Microsoft,281.99200439453125,282.0503774003979,275.50262448189994,275.9112355229667,24222700
2023-04-14,MSFT,Microsoft,278.39227294921875,280.6689097907965,276.00859911070734,279.2289726922403,20987900
2023-04-17,MSFT,Microsoft,280.9801330566406,283.70433510204543,278.4116319357609,282.0795407288976,23836200
2023-04-18,MSFT,Microsoft,280.56182861328125,283.86005216252715,279.23866745372095,283.6751943988744,20161800
2023-04-19,MSFT,Microsoft,280.63970947265625,281.2234396408052,276.8355761901663,278.2462970182061,17150300
2023-04-20,MSFT,Microsoft,278.3630065917969,281.2039550334732,277.3608970127179,277.52630699953454,23244400
2023-04-21,MSFT,Microsoft,278.0225524902344,278.5187231488767,275.3956478853203,277.2928600656761,21676400
2023-04-24,MSFT,Microsoft,274.1405334472656,277.234451496004,271.173129844423,274.45187596772155,26611000
2023-04-25,MSFT,Microsoft,267.9625244140625,273.9751827450711,267.9138604386518,271.9417767926592,45772200
2023-04-26,MSFT,Microsoft,287.3722839355469,291.4585727273819,284.8037824567908,288.6662882525056,64599200
2023-04-27,MSFT,Microsoft,296.57611083984375,296.9361172975543,287.25552138127716,287.9560271426598,46462600
2023-04-28,MSFT,Microsoft,298.94036865234375,300.56513364270495,295.0973104351293,295.7783684985938,36469600
2023-05-01,MSFT,Microsoft,297.286376953125,300.2440714597597,296.887474923344,298.65820207273595,21294100
2023-05-02,MSFT,Microsoft,297.14044189453125,300.8083512230657,295.6810572722288,299.42681707438953,26404400
2023-05-03,MSFT,Microsoft,296.1577453613281,300.25374274084976,295.8561416167109,298.3176355367741,22360800
2023-05-04,MSFT,Microsoft,297.14044189453125,299.42681707438953,295.1848569994441,297.9479549880525,22519900
2023-05-05,MSFT,Microsoft,302.2386169433594,303.52288282414327,296.03136154416666,297.44211220444237,28197100
2023-05-08,MSFT,Microsoft,300.292724609375,301.8007733081372,297.8020437181864,301.7326615616671,21318600
2023-05-09,MSFT,Microsoft,298.6873779296875,301.6450723308815,298.0160586463366,299.66030098483304,21340800
2023-05-10,MSFT,Microsoft,303.8536376953125,304.52495706862396,299.33928955394174,300.2635487654328,30078000
2023-05-11,MSFT,Microsoft,301.71319580078125,302.695857722587,297.9674652772338,301.7034867589505,31680200
2023-05-12,MSFT,Microsoft,300.6040344238281,302.2385380136494,298.2982115576061,302.1412397708911,19774700
2023-05-15,MSFT,Microsoft,301.080810546875,301.50889913783726,299.26144888091557,300.7305724404115,16336500
2023-05-16,MSFT,Microsoft,303.29901123046875,305.2156707578937,301.44072470865035,301.44072470865035,26730300
2023-05-17,MSFT,Microsoft,306.16571044921875,306.5849748220485,302.98703781876026,304.49838322404014,24315000
2023-05-18,MSFT,Microsoft,310.5729675292969,311.0800126585323,305.8927386445008,306.68252689685806,27276000
2023-05-19,MSFT,Microsoft,310.3974304199219,310.7972045125446,308.47658062453104,308.83734438329236,27546700
2023-05-22,MSFT,Microsoft,313.16656494140625,314.5413890695808,310.0756729757329,310.65094892902596,24115700
2023-05-23,MSFT,Microsoft,307.394287109375,314.66815212283035,307.3845270869392,312.04526511786804,30797200
2023-05-24,MSFT,Microsoft,306.01947021484375,308.60334694737196,304.81038789466385,306.87751903685313,23384900
2023-05-25,MSFT,Microsoft,317.7882995605469,318.7438294879401,312.0159906409768,315.1751430242443,43301700
2023-05-26,MSFT,Microsoft,324.58441162109375,325.0816668912498,315.7992015223041,315.935693050292,36630600
2023-05-30,MSFT,Microsoft,322.9462890625,327.36326419300417,322.2735022093098,326.86600894737563,29503100
2023-05-31,MSFT,Microsoft,320.1966857910156,327.5583014347169,319.16310540886235,323.9993748636306,45950600
2023-06-01,MSFT,Microsoft,324.2821350097656,325.2084444667975,316.6182558412687,317.7980580790412,26773900
2023-06-02,MSFT,Microsoft,327.03173828125,329.07934907114736,324.2528400489723,325.9104368208326,25873800
2023-06-05,MSFT,Microsoft,327.55828857421875,330.1129147289543,326.31022580563945,326.8562514071327,21307100
2023-06-06,MSFT,Microsoft,325.354736328125,327.0025735098163,323.8824307932031,326.96356317095973,20396200
2023-06-07,MSFT,Microsoft,315.31170654296875,326.14449888626166,314.45365769277373,323.37536016910263,40717100
2023-06-08,MSFT,Microsoft,317.1448059082031,318.4903798108397,315.28245664141156,315.85773263123184,23277700
2023-06-09,MSFT,Microsoft,318.6365966796875,321.75673881470783,316.3159729270914,316.8814888323344,22529000
2023-06-12,MSFT,Microsoft,323.5703430175781,323.81410551348466,317.0472562466259,320.3819105271756,24260300
2023-06-13,MSFT,Microsoft,325.9494934082031,328.5723804542734,322.1468041193806,326.12499527780267,22951300
2023-06-14,MSFT,Microsoft,328.92333984375,330.5809366273575,324.5063648507166,325.99819005349843,26003800
2023-06-15,MSFT,Microsoft,339.4149169921875,341.1114945004108,328.78687775426107,329.0598905688736,38899100
2023-06-16,MSFT,Microsoft,333.7887878417969,342.7007573741948,333.4182939097505,342.5545058541556,46552000
2023-06-20,MSFT,Microsoft,329.61572265625,333.5451739442508,327.4803602441526,330.8442954840791,26375400
2023-06-21,MSFT,Microsoft,325.2376708984375,329.30364243212927,323.78485594149885,327.9775589781728,25117800
2023-06-22,MSFT,Microsoft,331.2342834472656,331.6340575859297,325.02321865294914,325.78375659192324,23556800
2023-06-23,MSFT,Microsoft,326.6612548828125,329.5279043913859,325.13044892910204,326.01771828331994,23146900
2023-06-26,MSFT,Microsoft,320.4014587402344,327.72406452687306,320.29418775939905,325.39371033432894,21520600
2023-06-27,MSFT,Microsoft,326.2224426269531,327.76300833110724,321.0839107605563,323.58003605093296,24354100
2023-06-28,MSFT,Microsoft,327.4705505371094,329.5474118113246,325.48144019271336,326.3102386492254,20259500
2023-06-29,MSFT,Microsoft,326.6904602050781,327.72401072843235,324.32109606698276,326.358946806659,16997000
2023-06-30,MSFT,Microsoft,332.0435485839844,334.17891054970244,328.78688502474677,329.32315064368396,26832800
2023-07-03,MSFT,Microsoft,329.5572204589844,332.39462022264365,328.1726657843153,330.72729264719277,12508700
2023-07-05,MSFT,Microsoft,329.7131652832031,333.12584042536054,326.3785108077479,326.7295145394102,18172400
2023-07-06,MSFT,Microsoft,332.75531005859375,334.43239728548525,327.1292821478824,328.88436028376566,28161200
2023-07-07,MSFT,Microsoft,328.8063049316406,333.26228979715114,328.5917927787494,330.8539155263009,21214800
2023-07-10,MSFT,Microsoft,323.5508117675781,326.86600540201454,319.4166095021663,326.25171917261997,32791400
2023-07-11,MSFT,Microsoft,324.1748962402344,324.55515029230673,318.84137119543414,322.80007207810127,26698200
2023-07-12,MSFT,Microsoft,328.7868957519531,333.12585071299276,327.2950703339859,328.201859758283,29995300
2023-07-13,MSFT,Microsoft,334.11065673828125,335.16369770913235,330.56146024108614,331.0879956045949,20567200
2023-07-14,MSFT,Microsoft,336.6262512207031,342.66181307865304,335.71946186556954,338.9176246633776,28352700
2023-07-17,MSFT,Microsoft,337.1040954589844,338.33263840062307,333.6621696566182,337.05532509830556,20363900
2023-07-18,MSFT,Microsoft,350.5207214355469,357.62884439822335,333.63287773911316,337.20153461943244,64738600
2023-07-19,MSFT,Microsoft,346.2207946777344,353.4166695562891,343.6466777511621,352.7243922804998,39732900
2023-07-20,MSFT,Microsoft,338.2156066894531,349.0386682151087,336.7530316118285,344.74845393864297,33778400
2023-07-21,MSFT,Microsoft,335.19293212890625,341.56000752112044,331.35123269865875,340.43870595783125,69405400
2023-07-24,MSFT,Microsoft,336.49945068359375,338.26431834667585,333.7693229149204,337.2210078308696,26678100
2023-07-25,MSFT,Microsoft,342.22308349609375,343.11038262849917,336.4605340248674,338.4496147386664,41637700
2023-07-26,MSFT,Microsoft,329.34259033203125,336.0704583718103,324.7988542780453,332.92103651777114,58383700
2023-07-27,MSFT,Microsoft,322.4685363769531,332.8138025679025,320.8401897883476,331.9850338749244,39635300
2023-07-28,MSFT,Microsoft,329.927734375,331.5268310003181,324.8574911431833,325.3450162475602,28484900
2023-07-31,MSFT,Microsoft,327.538818359375,329.2744062182313,325.0426629130829,328.51386838696095,25446000
2023-08-01,MSFT,Microsoft,327.9483642578125,330.0934864927497,325.374247332057,326.82706253525544,18311900
2023-08-02,MSFT,Microsoft,319.328857421875,325.3059183538415,318.2172862001048,325.3059183538415,27761300
2023-08-03,MSFT,Microsoft,318.5098876953125,321.6495503895118,317.81761041591994,317.8663510212776,18253700
2023-08-04,MSFT,Microsoft,319.6018981933594,326.7782818997198,319.0753628445266,323.5996092744747,23741500
2023-08-07,MSFT,Microsoft,321.8736877441406,322.84873758215554,319.3483122344212,320.17711054796575,17741500
2023-08-08,MSFT,Microsoft,317.9150390625,320.54768595225426,314.9411484793251,318.80233812895545,22327600
2023-08-09,MSFT,Microsoft,314.1904296875,318.9486495627494,313.03984786233747,318.32463292180273,22373300
2023-08-10,MSFT,Microsoft,314.8728942871094,320.0699275319088,313.16655676040074,317.8857952635295,20113700
2023-08-11,MSFT,Microsoft,313.0007629394531,314.3658267828832,311.24565534976296,312.2694755494556,24355500
2023-08-14,MSFT,Microsoft,315.95526123046875,315.9747515213893,312.0940411840079,313.37138426545255,18836100
2023-08-15,MSFT,Microsoft,313.82952880859375,316.9789505199591,312.8934892891786,314.9410999147791,16966300
2023-08-16,MSFT,Microsoft,313.06744384765625,316.9954627703804,312.4811692512175,313.4582836388938,20698900
2023-08-17,MSFT,Microsoft,309.62799072265625,314.50378164094593,308.9733110073384,313.2042327148122,21257200
2023-08-18,MSFT,Microsoft,309.2371826171875,311.0936940527994,304.4199858602723,307.29270464284144,24755000
2023-08-21,MSFT,Microsoft,314.5135803222656,315.3831966115051,309.78435031765304,310.65396660689254,24040000
2023-08-22,MSFT,Microsoft,315.0802917480469,318.61744100027846,314.1031773769701,318.0507277854862,16084600
2023-08-23,MSFT,Microsoft,319.5163879394531,321.66605140677217,316.0573948399172,316.40917150691627,21166400
2023-08-24,MSFT,Microsoft,312.64727783203125,325.35954498918005,312.63749714645934,325.2325153533981,23281400
2023-08-25,MSFT,Microsoft,315.5884094238281,317.91391657239774,311.5040487015702,314.11295718549064,21684100
2023-08-28,MSFT,Microsoft,316.29193115234375,318.68584344960186,314.3572339791844,318.207066953983,14808500
2023-08-29,MSFT,Microsoft,320.8941650390625,321.45112744073015,314.5136087751781,314.5136087751781,19284600
2023-08-30,MSFT,Microsoft,321.2655334472656,322.2621796532676,318.9790887493746,321.1482844605798,15222100
2023-08-31,MSFT,Microsoft,320.2590026855469,323.33690686450706,319.30141990622377,321.6660497077852,26411000
2023-09-01,MSFT,Microsoft,321.1383972167969,324.3921747944003,319.30141751711045,323.7277442108601,14942000
2023-09-05,MSFT,Microsoft,325.91650390625,327.18677054781415,321.13842988312655,321.47064520868975,18553900
2023-09-06,MSFT,Microsoft,325.2618713378906,326.8056990885685,322.6236503266788,325.7504285755841,17535800
2023-09-07,MSFT,Microsoft,322.3597717285156,325.45720725929107,321.49990640162497,323.7081941893977,18381000
2023-09-08,MSFT,Microsoft,326.62005615234375,328.46681688735,321.9201377501079,322.5357246617766,19530100
2023-09-11,MSFT,Microsoft,330.2060852050781,330.6751109123213,327.75351820340376,329.5220931094113,16583300
2023-09-12,MSFT,Microsoft,324.17724609375,329.08237965274225,323.8939043767627,328.1345774558951,17565500
2023-09-13,MSFT,Microsoft,328.36907958984375,329.141008354495,323.59100543664357,323.7277859536388,16544400
2023-09-14,MSFT,Microsoft,330.94866943359375,333.0592103619418,328.8674109262189,331.38835303568044,20267000
2023-09-15,MSFT,Microsoft,322.6627197265625,329.6783939916595,322.1057573596053,329.20939816193993,37679800
2023-09-18,MSFT,Microsoft,321.5292663574219,322.8385960925468,318.89104551464607,320.29809265490445,16834200
2023-09-19,MSFT,Microsoft,321.128662109375,321.85174708859677,317.0834237409372,318.7054373268487,16505900
2023-09-20,MSFT,Microsoft,313.42901611328125,322.0471733986375,313.17498661327795,321.9690173569062,21436500
2023-09-21,MSFT,Microsoft,312.21734619140625,317.9041588491349,307.79101939102566,311.9535360525413,35560400
2023-09-22,MSFT,Microsoft,309.75506591796875,314.09345652566765,308.9147319725734,313.96642687422224,21447900
2023-09-25,MSFT,Microsoft,310.2728576660156,310.39988728563935,307.790979198668,309.3445872296574,17836000
2023-09-26,MSFT,Microsoft,304.9964904785156,308.6508886408052,302.92498298833925,307.9180528712019,26297600
2023-09-27,MSFT,Microsoft,305.6316223144531,307.1070447852302,302.6025617027996,305.1528159801847,19410100
2023-09-28,MSFT,Microsoft,306.4621887207031,308.2600757204857,302.3680768122536,303.8728115871533,19683600
2023-09-29,MSFT,Microsoft,308.52386474609375,312.1587314237549,307.77149741019485,310.4780935014134,24147300
2023-10-02,MSFT,Microsoft,314.4353942871094,314.523360821819,307.96690188868587,309.04173366618016,20570000
2023-10-03,MSFT,Microsoft,306.2179260253906,314.03484198855955,304.0877937628594,313.48763043750324,21033500
2023-10-04,MSFT,Microsoft,311.6604309082031,312.7157312613082,306.81395136342184,306.84326360549875,20720100
2023-10-05,MSFT,Microsoft,312.05126953125,312.6571055637684,307.6933472507753,311.78745935358154,16965600
2023-10-06,MSFT,Microsoft,319.77044677734375,321.65627028707706,309.0612521971817,309.30553078090355,25673600
2023-10-09,MSFT,Microsoft,322.27191162109375,322.7409074969346,315.7838570263933,317.3179339483483,19891200
2023-10-10,MSFT,Microsoft,320.87457275390625,323.5225441036011,320.1710492794707,323.3857337911902,20557100
2023-10-11,MSFT,Microsoft,324.8123779296875,325.20321772099476,321.60744393030456,323.6300480505899,20063200
2023-10-12,MSFT,Microsoft,323.58123779296875,325.99471177384464,321.1970760539996,323.0047438226922,19313100
2023-10-13,MSFT,Microsoft,320.229736328125,326.19011074612195,318.8910644547027,324.7733126546174,21072400
2023-10-16,MSFT,Microsoft,325.02734375,328.4472441018182,323.03402205271703,323.47370563502346,22158000
2023-10-17,MSFT,Microsoft,324.46063232421875,325.828586634413,319.9170559493173,322.0471583622745,18338500
2023-10-18,MSFT,Microsoft,322.55517578125,327.9097726895979,320.78660134672003,324.8807125035586,23153600
2023-10-19,MSFT,Microsoft,323.7375183105469,329.1702714544596,323.336897867666,324.54851006231695,25052100
2023-10-20,MSFT,Microsoft,319.1940002441406,324.3238512632102,318.0019193859901,324.12841643957864,25027700
2023-10-23,MSFT,Microsoft,321.7833251953125,325.1152889172781,316.96615830256553,318.0214287466955,24374700
2023-10-24,MSFT,Microsoft,322.96563720703125,324.24565474799095,320.1026990318568,323.71800459686386,31153600
2023-10-25,MSFT,Microsoft,332.87359619140625,338.2770379621599,329.89337919706037,337.1240202368528,55053800
2023-10-26,MSFT,Microsoft,320.3860168457031,333.81155756370936,319.45774634837835,332.7465065726092,37828500
2023-10-27,MSFT,Microsoft,322.2620849609375,329.0139487725961,320.8843501338627,322.867891093588,29856500
2023-10-30,MSFT,Microsoft,329.5904846191406,331.6815239306809,324.235886505314,325.77974409067264,22828100
2023-10-31,MSFT,Microsoft,330.3721008300781,331.24174686809175,327.0303866312015,331.09518568729226,20265300
2023-11-01,MSFT,Microsoft,338.1500549316406,339.4691655982699,331.87696611346865,332.0137764699235,28158800
2023-11-02,MSFT,Microsoft,340.3484802246094,340.8467882699962,336.87970636333785,339.29318001958046,24348100
2023-11-03,MSFT,Microsoft,344.7259826660156,346.2796209573482,339.3811651738514,341.62854640879175,23637700
2023-11-06,MSFT,Microsoft,348.37060546875,349.3575005821622,345.2633887474612,345.36110615399525,23828300
2023-11-07,MSFT,Microsoft,352.2790832519531,354.16490704694723,349.44545721598166,351.17493911544506,25833900
2023-11-08,MSFT,Microsoft,354.887939453125,355.54258936078696,352.2985626023582,353.40270657525184,26767800
2023-11-09,MSFT,Microsoft,352.4354248046875,356.441600143659,352.11296032697913,354.00856480709007,24847300
2023-11-10,MSFT,Microsoft,361.2099304199219,361.63008249841977,352.8067397541227,353.2171111454846,28042100
2023-11-13,MSFT,Microsoft,358.2882995605469,360.03734267871334,357.52615152445077,359.79306407971893,19986500
2023-11-14,MSFT,Microsoft,361.7961730957031,363.43774810881337,358.94301547087497,362.5192580985715,27683900
2023-11-15,MSFT,Microsoft,361.94305419921875,365.3307238214912,359.4365366374243,363.51938712911283,26860100
2023-11-16,MSFT,Microsoft,368.30718994140625,368.48342035388106,362.4423744800686,363.20606948048294,27182300
2023-11-17,MSFT,Microsoft,362.1192321777344,366.5447423144695,359.3287982048387,365.8006186204478,40157000
2023-11-20,MSFT,Microsoft,369.5505676269531,370.950669899153,363.2451772540551,363.4605799020616,52465100
2023-11-21,MSFT,Microsoft,365.27191162109375,368.35606277121207,363.3626595435668,367.8175710979016,28423100
2023-11-22,MSFT,Microsoft,369.9520568847656,371.8515087359404,367.13225084262217,370.0989155578587,23345300
2023-11-24,MSFT,Microsoft,369.54083251953125,370.0695536363756,367.29872033158176,369.44291677497637,10176600
2023-11-27,MSFT,Microsoft,370.69610595703125,372.68370265137486,368.33650717542696,368.9043706026068,22179200
2023-11-28,MSFT,Microsoft,374.70074462890625,374.994462020648,370.25563219581977,370.4416631704875,20453100
2023-11-29,MSFT,Microsoft,370.93115234375,376.26721663239306,369.55062106548934,375.7385254123956,28963400
2023-11-30,MSFT,Microsoft,370.9898681640625,372.1451961390215,367.6217700935787,370.5786340328009,30554400
2023-12-01,MSFT,Microsoft,366.681884765625,370.2555853515813,363.5487602115402,368.884854564053,33040500
2023-12-04,MSFT,Microsoft,361.4241027832031,361.79613477265366,355.3145134346435,361.3849305128498,32063300
2023-12-05,MSFT,Microsoft,364.73345947265625,365.2817517868028,357.9776914107373,358.7903592232799,23065000
2023-12-06,MSFT,Microsoft,361.0912170410156,366.3587674073999,360.33732257448145,365.7321604216408,21182100
2023-12-07,MSFT,Microsoft,363.1963195800781,363.6858684513926,358.66309225095546,360.53317252493974,23118900
2023-12-08,MSFT,Microsoft,366.40771484375,366.6328881744278,360.53312909562084,361.4828549867559,20154400
2023-12-11,MSFT,Microsoft,363.5389099121094,363.8326571061726,358.44762055822775,360.7778775179064,27708800
2023-12-12,MSFT,Microsoft,366.5545349121094,366.59370717928465,362.7164594804309,363.09832185609827,24838300
2023-12-13,MSFT,Microsoft,366.5448303222656,369.7464991789199,363.0200723459775,368.16033567982055,30955500
2023-12-14,MSFT,Microsoft,358.28118896484375,365.9475401487158,356.5188251808004,365.50693426286074,43277500
2023-12-15,MSFT,Microsoft,362.98089599609375,364.61597239957655,358.6238993402138,359.1819921925265,78502300
2023-12-18,MSFT,Microsoft,364.86077880859375,365.20346900477807,360.97375945804686,361.7276838655909,21802900
2023-12-19,MSFT,Microsoft,365.4580078125,365.4580078125,362.1094806161989,363.7249858043668,20603700
2023-12-20,MSFT,Microsoft,362.8731689453125,368.1700908565403,362.78505374172363,367.1616214647713,26316700
2023-12-21,MSFT,Microsoft,365.7320861816406,366.58389622045354,362.3052449535161,364.7725598810794,17708000
2023-12-22,MSFT,Microsoft,366.7503356933594,367.3378001809741,364.9194281127133,365.8691539017797,17107500
2023-12-26,MSFT,Microsoft,366.8287048339844,369.0610461329153,365.69294804965995,367.1615944273694,12673100
2023-12-27,MSFT,Microsoft,366.2510070800781,367.22030403850823,365.0173346750331,365.87894525127507,14905400
2023-12-28,MSFT,Microsoft,367.4357604980469,368.5910885400905,366.33917592392487,367.5238756999293,14327000
2023-12-29,MSFT,Microsoft,368.17987060546875,369.2764551389083,365.67338313483896,368.140698335078,18730800
2024-01-02,MSFT,Microsoft,363.117919921875,368.0427796247224,359.1036138103624,366.0454121665628,25258600
2024-01-03,MSFT,Microsoft,362.85357666015625,365.45797986261033,360.8072662610182,361.2968150611858,23083500
2024-01-04,MSFT,Microsoft,360.2491455078125,365.3012923191343,359.49525117073273,362.92209250603474,20901500
2024-01-05,MSFT,Microsoft,360.0631408691406,364.2830491168241,358.8392688743441,361.25764113124956,21004600
2024-01-08,MSFT,Microsoft,366.85809326171875,367.35744261436474,361.2968258961624,361.58074269539895,23134000
2024-01-09,MSFT,Microsoft,367.93511962890625,368.13092123395006,363.4312643972459,364.23413165308716,20830000
2024-01-10,MSFT,Microsoft,374.7691650390625,376.1399255368866,368.4540036584579,368.5029465849431,25514200
2024-01-11,MSFT,Microsoft,376.5903625488281,382.5138918300766,372.4291972197734,377.93172165061986,27850800
2024-01-12,MSFT,Microsoft,380.35009765625,380.55569981393256,376.6099371438589,377.4323756542809,21661200
2024-01-16,MSFT,Microsoft,382.1123962402344,385.79381264906647,379.5177936668549,385.43155133047776,27202300
2024-01-17,MSFT,Microsoft,381.32916259765625,381.9557695556543,376.7665639671979,379.87031666196907,22234100
2024-01-18,MSFT,Microsoft,385.63720703125,385.75469397471676,381.9655906494616,383.53215294829613,23392100
2024-01-19,MSFT,Microsoft,390.33685302734375,390.33685302734375,385.2749052923237,387.48767542805655,29331100
2024-01-22,MSFT,Microsoft,388.22198486328125,392.24606151114637,385.3630068278654,391.6585969965062,27016900
2024-01-23,MSFT,Microsoft,390.5620422363281,391.03201985975426,385.6959257751216,387.47789064929606,20525900
2024-01-24,MSFT,Microsoft,394.1455383300781,397.1513752160577,392.079656679383,393.14686950723774,24867000
2024-01-25,MSFT,Microsoft,396.40728759765625,398.5025710526844,394.1162025271926,395.8687958055948,21021200
2024-01-26,MSFT,Microsoft,395.4868469238281,397.6800456471152,394.0182006704119,395.917652215205,17803300
2024-01-29,MSFT,Microsoft,401.1558837890625,401.41045873539736,395.8785331996652,397.57238286313674,24510200
2024-01-30,MSFT,Microsoft,400.0494689941406,404.41623575131524,397.9542157503529,403.64277019124665,33477600
2024-01-31,MSFT,Microsoft,389.2696228027344,406.6388350866889,388.907361460185,398.45356335794276,47871100
2024-02-01,MSFT,Microsoft,395.3400573730469,399.4718507500115,393.40143322301293,393.4308049580275,30657700
2024-02-02,MSFT,Microsoft,402.6245422363281,404.02464472350925,395.12465055102524,395.36942496681314,28256700
2024-02-05,MSFT,Microsoft,397.1709899902344,402.56582806837224,395.5456841655395,401.3321553615057,25352300
2024-02-06,MSFT,Microsoft,397.0142822265625,399.4424550677267,394.4882235276778,397.39614463854895,18382600
2024-02-07,MSFT,Microsoft,405.3953552246094,405.64012962816963,398.88436206584436,398.9235343367266,22340500
2024-02-08,MSFT,Microsoft,405.4541320800781,406.87383568951475,403.9071708692484,405.39538860876115,21225300
2024-02-09,MSFT,Microsoft,411.759521484375,412.0238969836169,406.4136564644989,406.5703156804263,22032800
2024-02-12,MSFT,Microsoft,406.5800476074219,411.94548291897434,406.0806983084005,411.76925253567924,21202900
2024-02-13,MSFT,Microsoft,397.8269348144531,401.49855072964925,394.9581860838381,396.4757753769111,27824900
2024-02-14,MSFT,Microsoft,401.6720886230469,402.01541247950905,396.8460370500132,400.27921574475005,20401200
2024-02-15,MSFT,Microsoft,398.7980651855469,401.3190066322356,396.57141418180584,400.34791702088137,21825500
2024-02-16,MSFT,Microsoft,396.3457946777344,400.49504745207923,395.73763633762957,400.17133095818804,22296500
2024-02-20,MSFT,Microsoft,395.10003662109375,396.76756266074034,390.4112964520626,395.5414273661721,24307900
2024-02-21,MSFT,Microsoft,394.5016784667969,394.60959394201785,389.63638185870155,392.53007321174096,18518900
2024-02-22,MSFT,Microsoft,403.7908630371094,404.9483275530714,400.76967888893086,402.3587454167674,27009900
2024-02-23,MSFT,Microsoft,402.5058898925781,407.92049268532105,401.1620503723916,407.7341476569605,16295900
2024-02-26,MSFT,Microsoft,399.7593688964844,404.2911603614398,399.58278265548927,403.6045125913183,16193500
2024-02-27,MSFT,Microsoft,399.70050048828125,400.5244598178457,396.13979878680874,400.2007433350152,14835800
2024-02-28,MSFT,Microsoft,399.9358825683594,401.48570431449235,397.5817089338175,400.38709194736896,13183100
2024-02-29,MSFT,Microsoft,405.7428894042969,406.29219561123216,398.17027676875426,400.83834831741547,31947300
2024-03-01,MSFT,Microsoft,407.56732177734375,407.93025299029875,403.0355310756915,403.4180696743678,17823400
2024-03-04,MSFT,Microsoft,406.99847412109375,409.3820740419509,404.4481066223211,405.54671909934444,17596000
2024-03-05,MSFT,Microsoft,394.9626770019531,406.3412180011649,392.991071894389,406.0567462440755,26919200
2024-03-06,MSFT,Microsoft,394.4133605957031,397.4247558475786,390.7840183450358,395.27656457076307,22344100
2024-03-07,MSFT,Microsoft,401.3288269042969,401.9565926355365,394.5605358436286,398.3664647487739,18718500
2024-03-08,MSFT,Microsoft,398.46453857421875,402.58436507476455,396.61060766849016,400.171309298901,18002200
2024-03-11,MSFT,Microsoft,396.7969665527344,397.9348236347475,393.5992262388283,396.05149669102667,16120800
2024-03-12,MSFT,Microsoft,407.3515319824219,407.6360037253644,399.02363143663507,399.83777202306123,22457000
2024-03-13,MSFT,Microsoft,407.175048828125,410.19623327648054,403.59473945406836,410.1177737824093,17115900
2024-03-14,MSFT,Microsoft,417.1017761230469,419.6521433696343,410.009799228429,412.21684262615895,34157300
2024-03-15,MSFT,Microsoft,408.4698181152344,414.53182378938754,404.9091164524236,411.28501994441507,45079900
2024-03-18,MSFT,Microsoft,409.3526611328125,412.6975620459207,405.88023735043,406.341265451297,20106000
2024-03-19,MSFT,Microsoft,413.364501953125,413.61954764814055,407.61636469929994,409.8528340561438,19837900
2024-03-20,MSFT,Microsoft,417.1116027832031,417.8276466076136,412.62884514501485,413.94325853489937,17860100
2024-03-21,MSFT,Microsoft,421.1725769042969,422.5949058623587,419.0047780206844,421.62378632435974,21296200
2024-03-22,MSFT,Microsoft,420.5545654296875,421.6531778067011,417.9355573407252,421.49625883993525,17648500
2024-03-25,MSFT,Microsoft,414.786865234375,419.25001591585095,413.56072987159786,417.1214317546939,18060500
2024-03-26,MSFT,Microsoft,413.5999450683594,417.8570831519167,413.30568457627095,417.48433323864253,16725600
2024-03-27,MSFT,Microsoft,413.3841552734375,416.3465173372015,411.0103740796991,416.3366986755512,16705000
2024-03-28,MSFT,Microsoft,412.6877136230469,413.81575210575176,411.11825446083225,412.9231220201488,21871200
2024-04-01,MSFT,Microsoft,416.4642333984375,419.7208560550212,414.15909296576694,415.85607505767865,16316000
2024-04-02,MSFT,Microsoft,413.3939514160156,414.31600751259526,409.8626759328322,412.08932675524255,17912000
2024-04-03,MSFT,Microsoft,412.4228820800781,415.17923184367993,411.0888313055727,411.7166269488562,16502300
2024-04-04,MSFT,Microsoft,409.90191650390625,420.48592418548293,409.5978373618215,416.8761593197056,19370900
2024-04-05,MSFT,Microsoft,417.3960876464844,418.3672072160066,410.3335658710208,411.9913032872843,16554800
2024-04-08,MSFT,Microsoft,416.4837951660156,419.12244053087517,415.21841524840187,417.0527386666228,14272400
2024-04-09,MSFT,Microsoft,418.14154052734375,419.5736580977935,413.57050478624086,418.29848942937065,12496900
2024-04-10,MSFT,Microsoft,415.17926025390625,415.9345488749053,411.687229070282,414.1296811793762,16216600
2024-04-11,MSFT,Microsoft,419.760009765625,421.17251987057847,414.29634428569665,417.6903079757618,17966400
2024-04-12,MSFT,Microsoft,413.8451843261719,417.06256218596104,411.75584496590756,415.9541310748391,19253800
2024-04-15,MSFT,Microsoft,405.7428894042969,418.6712525249299,405.5368771254888,418.4554515197094,20273500
2024-04-16,MSFT,Microsoft,406.6649169921875,410.4119935798852,405.8311689524943,406.65512826574127,16765600
2024-04-17,MSFT,Microsoft,403.9772033691406,410.88280503231437,402.49602250375233,409.2839199801292,15855500
2024-04-18,MSFT,Microsoft,396.5517883300781,404.0263347339794,396.23792042411,402.7903806947221,21029900
2024-04-19,MSFT,Microsoft,391.5000915527344,397.738683518828,390.1758594431205,396.31635459832717,30565800
2024-04-22,MSFT,Microsoft,393.304931640625,395.1588624515417,388.1944084543801,392.441727661041,20286900
2024-04-23,MSFT,Microsoft,399.78875732421875,400.4067342721825,395.3648518176367,396.5223162949651,15734500
2024-04-24,MSFT,Microsoft,401.2502746582031,404.59517495198185,399.01380533371923,401.7407287200192,15065300
2024-04-25,MSFT,Microsoft,391.4216003417969,392.2553782643455,380.62179192671005,386.5072408836068,40586500
2024-04-26,MSFT,Microsoft,398.5626220703125,405.1150815807432,398.01331587991365,404.30094095620495,29694700
2024-04-29,MSFT,Microsoft,394.5703430175781,398.56264677395114,391.56876617151903,397.5130677635141,19582100
2024-04-30,MSFT,Microsoft,381.8970031738281,394.4820730278576,381.74008419354954,393.8248513162942,28781400
2024-05-01,MSFT,Microsoft,387.39990234375,394.05045900742965,382.85829240714,385.11436938308555,23562500
2024-05-02,MSFT,Microsoft,390.2444763183594,392.2945706625557,387.115377073286,390.0679200441085,17709400
2024-05-03,MSFT,Microsoft,398.8960876464844,399.3767230316146,394.1877108514565,394.5997054208104,17446700
2024-05-06,MSFT,Microsoft,405.6448059082031,406.02734455936377,398.61168058742396,400.9560656726651,16996600
2024-05-07,MSFT,Microsoft,401.5249328613281,406.7531899905989,401.2797058272895,406.74337133005633,20018200
2024-05-08,MSFT,Microsoft,402.7020568847656,404.3597941214035,398.9451617518151,400.3773092630151,11792300
2024-05-09,MSFT,Microsoft,404.44805908203125,404.84041635842834,401.2895336143813,402.73146980472023,14689700
2024-05-10,MSFT,Microsoft,406.8218994140625,407.4496950958414,403.9380266126503,405.05627644521434,13402300
2024-05-13,MSFT,Microsoft,405.8212890625,410.36289822900073,402.9766616384639,410.02939307645266,15440200
2024-05-14,MSFT,Microsoft,408.6070861816406,409.51932355356394,403.6927268958918,404.1537549120692,15109300
2024-05-15,MSFT,Microsoft,415.7511901855469,416.46855556809163,410.0418362179186,410.66092785109674,22239500
2024-05-16,MSFT,Microsoft,413.6973876953125,418.05067177577746,413.0684896947791,414.49335406459187,17530100
2024-05-17,MSFT,Microsoft,412.930908203125,415.5939858480529,410.7886784280323,415.2205635959117,15352200
2024-05-20,MSFT,Microsoft,417.9720764160156,419.3772981518083,412.71474538865465,412.9309356548489,16272100
2024-05-21,MSFT,Microsoft,421.6079406738281,425.4698558470045,417.4905197677202,419.4362019217813,21453300
2024-05-22,MSFT,Microsoft,423.0622863769531,424.91956115828395,419.7310254046841,422.6397422694005,18073700
2024-05-23,MSFT,Microsoft,419.6032409667969,426.0889176680517,418.05062390261264,425.46982612085486,17211700
2024-05-24,MSFT,Microsoft,422.70855712890625,423.59296088139126,417.05816150216543,419.7900037534496,11855300
2024-05-28,MSFT,Microsoft,422.86578369140625,423.35712243524114,419.2102222377172,422.1877338257991,15718000
2024-05-29,MSFT,Microsoft,421.7357177734375,423.4750461602697,418.3159892619867,418.3159892619867,15517100
2024-05-30,MSFT,Microsoft,407.4869079589844,416.9500674611062,407.0643338259667,416.9500674611062,28394500
2024-05-31,MSFT,Microsoft,407.93890380859375,409.53083651523417,397.5028738526741,409.53083651523417,47995300
2024-06-03,MSFT,Microsoft,406.35675048828125,409.2163453409128,401.83645840787784,408.3319416725267,17484700
2024-06-04,MSFT,Microsoft,408.86260986328125,409.226195718034,402.58328662384173,405.2856495851976,14348900
2024-06-05,MSFT,Microsoft,416.66510009765625,416.7338647316788,409.0886349128657,410.57248754759564,16988000
2024-06-06,MSFT,Microsoft,417.166259765625,417.9425834215114,413.2945078470223,416.6651146111646,14861300
2024-06-07,MSFT,Microsoft,416.5079040527344,418.89580340788024,415.67262210037114,418.8172023955245,13621700
2024-06-10,MSFT,Microsoft,420.45819091796875,420.66454478320344,416.5471539046789,417.3431202309482,13982900
2024-06-11,MSFT,Microsoft,425.1848449707031,425.3224341996882,417.8835591764401,418.10958577165815,14551100
2024-06-12,MSFT,Microsoft,433.4197692871094,435.7192312163597,425.74505981738713,427.7792095971262,22366200
2024-06-13,MSFT,Microsoft,433.93072509765625,435.7093989946261,431.75901618030764,433.21338970261115,15960600
2024-06-14,MSFT,Microsoft,434.903564453125,435.4636977946633,429.15489539650804,430.68786981308114,13582000
2024-06-17,MSFT,Microsoft,440.60308837890625,443.1285766509554,433.08561180023855,434.9232138540311,20790000
2024-06-18,MSFT,Microsoft,438.6082763671875,442.34246889984814,437.18341197055486,441.9198947788086,17112500
2024-06-20,MSFT,Microsoft,437.9793395996094,438.79494866589,433.62605582240985,438.56892206249415,19877400
2024-06-21,MSFT,Microsoft,441.9886474609375,442.77477739903867,438.77530310305696,439.6302276576991,34187100
2024-06-24,MSFT,Microsoft,439.915283203125,444.9072720890794,438.67709986214254,442.0083612472025,15913700
2024-06-25,MSFT,Microsoft,443.1384582519531,443.60031790530934,439.01120049902784,440.4852168409384,16413400
2024-06-26,MSFT,Microsoft,444.3274230957031,445.7424809709231,440.42619256271684,441.22215886891127,16507000
2024-06-27,MSFT,Microsoft,445.0055236816406,448.2680202655606,443.94421515967235,444.3471165440364,14806300
2024-06-28,MSFT,Microsoft,439.2077331542969,447.4916975183524,438.6770788922511,445.22171482768863,28362300
2024-07-01,MSFT,Microsoft,448.81829833984375,449.447196335744,437.94005138791704,440.88808384173325,17662800
2024-07-02,MSFT,Microsoft,451.3241271972656,451.6287548273333,445.26099374388446,445.349461110364,13979800
2024-07-03,MSFT,Microsoft,452.7882995605469,453.03396893483153,449.94837718806366,450.25300481306164,9932800
2024-07-05,MSFT,Microsoft,459.4607238769531,460.2370475569388,451.01952711906966,451.6484251718753,16000300
2024-07-08,MSFT,Microsoft,458.16351318359375,459.59824381659064,456.41434856608595,458.4681407863274,12962300
2024-07-09,MSFT,Microsoft,451.57965087890625,459.23468742094946,450.0663190511327,458.9104170237532,17207200
2024-07-10,MSFT,Microsoft,458.1733703613281,458.37972423311413,450.91136946375343,453.2305038870679,18196100
2024-07-11,MSFT,Microsoft,446.823486328125,456.72886266734906,443.7280281074878,454.9600551032178,23111200
2024-07-12,MSFT,Microsoft,445.693359375,448.45468069664645,442.8436006787632,446.459846610387,16324300
2024-07-15,MSFT,Microsoft,446.09625244140625,449.33910606074033,443.61007966105154,445.4476817175394,14429400
2024-07-16,MSFT,Microsoft,441.733154296875,446.430351284593,438.92271119875926,446.35175028412175,17175700
2024-07-17,MSFT,Microsoft,435.8371276855469,437.14410559537976,431.5723108003405,434.92324477920374,21778000
2024-07-18,MSFT,Microsoft,432.74169921875,436.9475578488645,426.8751131633182,436.6429302135875,20794800
2024-07-19,MSFT,Microsoft,429.53814697265625,433.49836608097274,424.51667935003445,425.5976305961669,20940400
2024-07-22,MSFT,Microsoft,435.2671813964844,436.898429671943,431.306992206013,434.1371082507153,15808800
2024-07-23,MSFT,Microsoft,437.14410400390625,440.62279084734524,435.4244183311835,436.21054835742433,13107100
2024-07-24,MSFT,Microsoft,421.470458984375,433.8325612281148,420.18315359816376,432.82040439798817,26805800
2024-07-25,MSFT,Microsoft,411.1522521972656,422.3547694868196,410.2776848331151,421.37209200547386,29943800
2024-07-26,MSFT,Microsoft,417.9032287597656,421.49002544679837,410.04180915234855,410.95572197330205,23583800
2024-07-29,MSFT,Microsoft,419.3379821777344,424.66407745687695,417.34314804369717,424.10394408211863,15125800
2024-07-30,MSFT,Microsoft,415.5939636230469,421.6177512482942,410.13024936818454,420.3108034246303,32687600
2024-07-31,MSFT,Microsoft,411.1031494140625,414.4737261342931,405.06949500365346,413.2159000993034,42891400
2024-08-01,MSFT,Microsoft,409.88458251953125,420.05530026736574,405.9342299111822,413.5008583778063,30296400
2024-08-02,MSFT,Microsoft,401.4139404296875,407.8111808388244,397.335834619087,405.34465060644726,29437900
2024-08-05,MSFT,Microsoft,388.3050231933594,394.09300828762184,378.90079195613237,382.4286307082766,40709200
2024-08-06,MSFT,Microsoft,392.687744140625,398.6427974223072,391.59698650264767,393.07100276300895,24946500
2024-08-07,MSFT,Microsoft,391.5281677246094,402.9763539760022,390.58480577308114,401.56132604317764,20650900
2024-08-08,MSFT,Microsoft,395.7143859863281,398.8294567188382,393.0120229903142,395.46871662305415,20203000
2024-08-09,MSFT,Microsoft,398.9867248535156,400.9815590644515,395.2918776876415,397.0312061411671,19276700
2024-08-12,MSFT,Microsoft,399.76300048828125,401.67923346079886,397.2375123110676,400.0086698442997,16762900
2024-08-13,MSFT,Microsoft,406.83831787109375,407.7620371122612,402.475227409518,402.49487016333154,19414300
2024-08-14,MSFT,Microsoft,409.6389465332031,410.48406481515934,405.3053649551057,407.61463319199424,18267000
2024-08-15,MSFT,Microsoft,414.4823913574219,414.5611340262228,411.16480439429694,413.27150876832536,20752100
2024-08-16,MSFT,Microsoft,411.9622497558594,414.787612725286,410.8104315549657,414.05913029915934,22775600
2024-08-19,MSFT,Microsoft,414.9747009277344,415.1912808651751,409.9835383078453,412.44466030467504,15234000
2024-08-20,MSFT,Microsoft,418.19378662109375,419.23729981689326,415.082955234779,415.14201975205145,16387600
2024-08-21,MSFT,Microsoft,417.5440673828125,419.7689009161739,415.1616884163413,417.48497282390196,16067300
2024-08-22,MSFT,Microsoft,409.087646484375,420.1528703345148,408.16226230018384,417.7606371537281,19361900
2024-08-23,MSFT,Microsoft,410.308349609375,412.73993890763575,405.68142906839694,410.4953972510095,18493800
2024-08-26,MSFT,Microsoft,407.0596923828125,410.7907614506505,404.94313363943934,409.89490950861074,13152800
2024-08-27,MSFT,Microsoft,407.4042053222656,407.9161077791715,403.8700384507919,406.4394348780717,13492900
2024-08-28,MSFT,Microsoft,404.21466064453125,408.54622911327857,400.975815861933,408.42810007077503,14882700
2024-08-29,MSFT,Microsoft,406.6954650878906,415.4865852646763,404.2146650393698,408.48716903331825,17045200
2024-08-30,MSFT,Microsoft,410.6529541015625,410.9974871196902,405.72085639315753,409.1368946584357,24308300
2024-09-03,MSFT,Microsoft,403.0726623535156,413.3503087826454,400.7001374742272,411.41094371784055,20313600
2024-09-04,MSFT,Microsoft,402.5411071777344,404.8447137580876,398.0815553280134,399.59761488778184,15135800
2024-09-05,MSFT,Microsoft,402.0389709472656,406.6757153578755,399.81410753750566,401.2809263113811,14195500
2024-09-06,MSFT,Microsoft,395.4530334472656,404.26383081056673,394.5670056307313,402.6985610672717,19609500
2024-09-09,MSFT,Microsoft,399.4105224609375,402.2949499033103,395.89603343829765,400.9068736495872,15295100
2024-09-10,MSFT,Microsoft,407.7586669921875,409.85551750473985,401.3597503882825,401.8519747424291,19594300
2024-09-11,MSFT,Microsoft,416.4611511230469,417.3963592828998,403.21045111442425,409.03840014283475,19266900
2024-09-12,MSFT,Microsoft,420.3595886230469,420.7238298297295,413.2223356546228,416.72697057085117,17395700
2024-09-13,MSFT,Microsoft,423.8937683105469,425.11447510259467,418.84354159900835,419.20778281644255,15874600
2024-09-16,MSFT,Microsoft,424.6321105957031,426.7880557127787,421.5606353721957,423.90362815097126,13834700
2024-09-17,MSFT,Microsoft,428.38287353515625,434.9786922694464,425.54765628869114,433.3838900790578,18874200
2024-09-18,MSFT,Microsoft,424.1103515625,429.2491750935579,423.71657808226,428.2351941115192,18898000
2024-09-19,MSFT,Microsoft,431.8677978515625,434.63409626466625,430.1056262859268,434.36830593406904,21706600
2024-09-20,MSFT,Microsoft,428.5009765625,432.4092391189892,427.4673174405253,430.42066355244185,55167100
2024-09-23,MSFT,Microsoft,426.76837158203125,429.67247726227924,423.6968964015023,427.52638627626743,15128900
2024-09-24,MSFT,Microsoft,422.495849609375,426.61083784634445,419.4735849772464,426.2662748026867,17015800
2024-09-25,MSFT,Microsoft,425.39013671875,426.3844395741606,421.90520976014716,423.14559476109406,13396400
2024-09-26,MSFT,Microsoft,424.60260009765625,428.53054110869147,422.45650897162153,428.32381527731917,14492000
2024-09-27,MSFT,Microsoft,421.3636779785156,425.134132931837,420.8222432669672,424.80924807051827,14896100
2024-09-30,MSFT,Microsoft,423.6082458496094,423.7264049247719,418.7549211722127,421.5507517579481,16807300
2024-10-01,MSFT,Microsoft,414.1477355957031,421.81659955830685,412.2969671899716,421.78706729834266,19092900
2024-10-02,MSFT,Microsoft,410.64306640625,416.2445815766932,410.22958475813624,416.0082934736332,16582300
2024-10-03,MSFT,Microsoft,410.0622863769531,413.0254566537122,407.84727671300476,411.1353318978847,13686400
2024-10-04,MSFT,Microsoft,409.5896911621094,413.2223089798081,408.5166457695598,411.7357819472086,19169700
2024-10-07,MSFT,Microsoft,403.1711120605469,410.6233655735784,402.6395013728588,409.5306419831522,20919800
2024-10-08,MSFT,Microsoft,408.2607421875,409.19598053892946,401.82246884384335,404.5099947662806,19229300
2024-10-09,MSFT,Microsoft,410.9679260253906,413.84252930935924,407.8570646785986,409.3928021729279,14974300
2024-10-10,MSFT,Microsoft,409.3731384277344,410.859665558973,406.7249690560659,408.77263914925425,13848400
2024-10-11,MSFT,Microsoft,409.845703125,410.64310419410805,406.82343830885475,409.66850956364067,14144900
2024-10-14,MSFT,Microsoft,412.6218566894531,417.4456494762865,411.0270245046469,411.2731366880873,16653100
2024-10-15,MSFT,Microsoft,412.2280578613281,415.9099165968068,408.8021954562943,415.6145639475164,18900200
2024-10-16,MSFT,Microsoft,409.6487731933594,409.8850312589263,404.09649835161355,408.71356498849764,15508900
2024-10-17,MSFT,Microsoft,410.2394714355469,415.9295838303706,409.127039576057,415.7917465890575,14820000
2024-10-18,MSFT,Microsoft,411.6571044921875,413.12392355721715,409.78665782313783,410.65297755440105,17145300
2024-10-21,MSFT,Microsoft,412.26739501953125,412.4445885621628,407.3156196249642,409.64875806524304,14206100
2024-10-22,MSFT,Microsoft,420.8617248535156,423.88395989968774,411.53899332193106,411.9819772653469,25482200
2024-10-23,MSFT,Microsoft,417.9969177246094,424.37612597688815,415.95910173602493,424.1595460644349,19654400
2024-10-24,MSFT,Microsoft,418.1249084472656,419.35546932603506,415.83112614516494,418.7155536346828,13581600
2024-10-25,MSFT,Microsoft,421.49163818359375,425.79367351479823,419.9362227026973,420.123270329531,16899100
2024-10-28,MSFT,Microsoft,419.9559631347656,425.2227696357769,419.670464602579,424.9471252042487,14882400
2024-10-29,MSFT,Microsoft,425.23260498046875,426.43363353122214,419.17822176857095,421.3440208086144,17644100
2024-10-30,MSFT,Microsoft,425.8036193847656,431.68077966192817,425.3803136298507,430.6372663836306,29749100
2024-10-31,MSFT,Microsoft,400.0307312011719,409.6881704469,399.9814907408766,408.9005934690843,53971000
2024-11-01,MSFT,Microsoft,403.9881896972656,409.0384161036912,401.162826864631,402.64935394725995,24230400
2024-11-04,MSFT,Microsoft,402.1078796386719,404.0374205874987,399.26283871579096,403.42703719981586,19672300
2024-11-05,MSFT,Microsoft,405.06121826171875,408.4477238969609,401.7337771398714,402.0192756499378,17626000
2024-11-06,MSFT,Microsoft,413.6456298828125,413.91145024796907,404.1358522419557,406.00632872643234,26681800
2024-11-07,MSFT,Microsoft,418.8139953613281,420.2119257079772,413.35031719618456,414.7285393416903,19901800
2024-11-08,MSFT,Microsoft,415.9689636230469,419.8673720771894,415.2207729945687,418.7057298172818,16891400
2024-11-11,MSFT,Microsoft,411.5093994140625,418.2036383732599,409.530647967578,415.9492425000552,24503300
2024-11-12,MSFT,Microsoft,416.45135498046875,417.8394313280264,410.7120319666306,411.7456911405818,19401200
2024-11-13,MSFT,Microsoft,418.58758544921875,422.65333320998997,411.70626883397995,415.0829505962656,21502200
2024-11-14,MSFT,Microsoft,420.2513427734375,421.51143597611144,413.4684764416515,418.390720208814,30246900
2024-11-15,MSFT,Microsoft,408.5462341308594,416.22492241780895,407.2073982420546,413.29128434963707,28247600
2024-11-18,MSFT,Microsoft,409.29437255859375,411.89330132284374,405.69128696291637,408.41819885611204,24727000
2024-11-19,MSFT,Microsoft,411.2928161621094,411.4404774532615,405.149836063281,406.6855735772408,18133500
2024-11-20,MSFT,Microsoft,409.0285339355469,410.800559418531,404.19488776660336,410.3870777929387,19191700
2024-11-21,MSFT,Microsoft,407.26287841796875,414.0790385036892,404.71793020151534,413.80284233986384,20780200
2024-11-22,MSFT,Microsoft,411.3367919921875,411.73135363774225,405.4774597411712,405.7832472742104,24814600
2024-11-25,MSFT,Microsoft,413.1025085449219,415.36138685697927,409.21601445717323,412.698073057269,27691100
2024-11-26,MSFT,Microsoft,422.17755126953125,423.21330950979313,413.161695275106,413.891635863064,23458900
2024-11-27,MSFT,Microsoft,417.2454528808594,421.42789081016514,416.28862504102557,419.33665679394954,18332400
2024-11-29,MSFT,Microsoft,417.7090759277344,419.10980447039015,412.1259395107062,414.384847961252,16271900
2024-12-02,MSFT,Microsoft,425.1269836425781,427.11953971126485,415.58829615007085,415.84477479075025,20207200
2024-12-03,MSFT,Microsoft,425.3439636230469,426.5967051479557,421.93093157664276,424.00241788094525,18302000
2024-12-04,MSFT,Microsoft,431.4794921875,433.698935348809,426.754535872994,427.1490975254907,26009400
2024-12-05,MSFT,Microsoft,436.60888671875,438.62119043191433,430.2465005729482,431.9727342727058,21697800
2024-12-06,MSFT,Microsoft,437.5459899902344,440.04162946603964,435.7704172944161,436.29321828806303,18821000
2024-12-09,MSFT,Microsoft,439.9626770019531,442.2413029263077,434.51765390142566,436.5891402244184,19144400
2024-12-10,MSFT,Microsoft,437.3092041015625,443.51378920495125,435.6027181772746,438.3548361326827,18469500
2024-12-11,MSFT,Microsoft,442.8923034667969,444.2338491006331,438.0193906892449,438.0193906892449,19200200
2024-12-12,MSFT,Microsoft,443.45458984375,449.96496224230685,443.0106891858234,443.0106891858234,20834800
2024-12-13,MSFT,Microsoft,441.1957092285156,445.2992167545738,439.5286583553318,442.34983294961415,20177800
2024-12-16,MSFT,Microsoft,445.4570617675781,446.03904550783295,439.2327587604127,441.1957234184863,23598800
2024-12-17,MSFT,Microsoft,448.2880554199219,449.1068002031095,443.4644812477741,444.8849272856994,22733500
2024-12-18,MSFT,Microsoft,431.44989013671875,446.50262602359174,431.08488976149135,445.19070178831043,24444500
2024-12-19,MSFT,Microsoft,431.0947570800781,437.1612287919841,430.39440791706704,435.6224173363725,22963700
2024-12-20,MSFT,Microsoft,430.670654296875,437.71367214918683,422.80889160222836,427.2280306144627,64263700
2024-12-23,MSFT,Microsoft,429.3389587402344,431.70635881030796,426.9518110200716,430.80871372187636,19152500
2024-12-24,MSFT,Microsoft,433.363525390625,433.6298778354008,428.2933464556966,428.74709084992185,7164500
2024-12-26,MSFT,Microsoft,432.1600646972656,434.95164765481866,430.7001836707867,433.11689244443306,8194200
2024-12-27,MSFT,Microsoft,424.6830749511719,429.3093836032803,420.5598497453618,428.6978084898888,18117700
2024-12-30,MSFT,Microsoft,419.0604553222656,421.7435167493127,416.17025429217676,420.27376177490316,13158700
2024-12-31,MSFT,Microsoft,415.7757263183594,420.93470998738326,414.9471377359365,420.31326102478425,13246500
2025-01-02,MSFT,Microsoft,412.89532470703125,420.2836247921959,409.21600045312425,419.7509500092328,16896500
2025-01-03,MSFT,Microsoft,417.6005859375,418.27134378737713,413.8423310893823,415.3613950253171,16662900
2025-01-06,MSFT,Microsoft,422.0394287109375,428.42156165470556,419.70162020085996,422.1873855590837,20573600
2025-01-07,MSFT,Microsoft,416.6338806152344,424.801430542522,415.0851952170159,423.1738448521772,18139100
2025-01-08,MSFT,Microsoft,418.794189453125,421.1714636571387,415.81521390570896,417.7091221666062,15054600
2025-01-10,MSFT,Microsoft,413.2603454589844,418.9420997125399,409.383695034764,418.8631994200863,20201100
2025-01-13,MSFT,Microsoft,411.52423095703125,412.8164377086338,406.690782868284,409.6007014640922,17604800
2025-01-14,MSFT,Microsoft,410.02490234375,414.03960580749714,405.1421150215387,412.1358238822972,16935900
2025-01-15,MSFT,Microsoft,420.5203552246094,422.3353628905166,412.58953664498,413.43787278736687,19637800
2025-01-16,MSFT,Microsoft,418.8138427734375,423.6571645662551,418.6264508238549,422.8779150872359,15300000
2025-01-17,MSFT,Microsoft,423.2034606933594,428.57945778773313,422.35515456567043,428.1947398206691,26197500
2025-01-21,MSFT,Microsoft,422.6805725097656,425.04797226282506,419.81996322052214,424.35749697404,26085700
2025-01-22,MSFT,Microsoft,440.1402587890625,441.1957044539868,430.0787709144918,431.6175824572203,27803800
2025-01-23,MSFT,Microsoft,440.643310546875,440.68277574358376,435.50407496539947,435.9972845633218,18389300
2025-01-24,MSFT,Microsoft,438.029296875,440.5841189283991,435.40541825453283,439.1143639891968,15549500
2025-01-27,MSFT,Microsoft,428.6583251953125,429.28964793288844,417.74853125025015,418.2516146753107,35647800
2025-01-28,MSFT,Microsoft,441.126708984375,442.29067649663904,425.5215489294809,428.6978201786795,23491700
2025-01-29,MSFT,Microsoft,436.3227844238281,440.81100977301065,434.41900262341227,440.6235877197962,23581400
2025-01-30,MSFT,Microsoft,409.35406494140625,417.11717867451154,407.548931179693,413.08272804700266,54586300
2025-01-31,MSFT,Microsoft,409.4231262207031,414.97667080056476,409.2751693701902,413.2899024984714,34161900
2025-02-03,MSFT,Microsoft,405.3394470214844,409.7684602096033,403.11012968787463,406.010204945589,25679100
2025-02-04,MSFT,Microsoft,406.76971435546875,408.2986823038951,404.1754268282418,407.08537575034575,20532100
2025-02-05,MSFT,Microsoft,407.67718505859375,408.20982973334895,404.82641922275565,406.74994863541014,16316700
2025-02-06,MSFT,Microsoft,410.1728820800781,412.52056483933194,408.37759172263367,408.37759172263367,16309800
2025-02-07,MSFT,Microsoft,404.185302734375,412.96442836557605,402.5577169319091,410.82391537114063,22886800
2025-02-10,MSFT,Microsoft,406.6217041015625,409.8176925215145,405.33937124502273,408.0914590052598,20817900
2025-02-11,MSFT,Microsoft,405.8523254394531,406.88805357704496,403.741373863551,404.07678288840276,18140600
2025-02-12,MSFT,Microsoft,403.4849548339844,405.17172339110687,398.8783635040398,401.6797906754277,19121700
2025-02-13,MSFT,Microsoft,404.96453857421875,405.4182829681306,400.8412835235649,401.4726062482461,23891700
2025-02-14,MSFT,Microsoft,402.8831787109375,403.3566707547541,400.3678218416371,402.25188608897315,22758500
2025-02-18,MSFT,Microsoft,404.0767517089844,405.0237056562673,400.9793811541372,402.4590098668831,21423100
2025-02-19,MSFT,Microsoft,409.1370849609375,409.8473079963777,402.11378500109834,402.34067225656025,24114200
2025-02-20,MSFT,Microsoft,411.30169677734375,414.4447923675228,407.75335474991726,410.47144681938056,23508700
2025-02-21,MSFT,Microsoft,403.4735412597656,413.19936436928833,403.15727713591093,412.49761092708707,27524800
2025-02-24,MSFT,Microsoft,399.3124084472656,404.62009578289485,394.6867174896375,403.7700887978409,26443700
2025-02-25,MSFT,Microsoft,393.283203125,397.25657880262406,392.09714469383994,396.44608593506547,29387400
2025-02-26,MSFT,Microsoft,395.0920104980469,398.91710270889797,389.6755831630129,393.3919661639477,19619000
2025-02-27,MSFT,Microsoft,387.97552490234375,401.03224256641477,387.6197164134029,396.61410618114576,21127400
2025-02-28,MSFT,Microsoft,392.3837585449219,393.0163471729864,382.0846775634414,388.1040123360274,32845700
2025-03-03,MSFT,Microsoft,383.9823913574219,394.1925506012372,381.6794393165997,394.1925506012372,23007700
2025-03-04,MSFT,Microsoft,384.1009826660156,388.0249203607145,376.5792952112664,378.9514422192701,29342900
2025-03-05,MSFT,Microsoft,396.36700439453125,397.00948665687173,384.29868393839774,384.82253320835395,23433100
2025-03-06,MSFT,Microsoft,392.284912109375,397.4838599812305,388.12373889118527,389.7051801734712,23304600
2025-03-07,MSFT,Microsoft,388.7464599609375,390.2191619837315,381.0666253730808,387.76795648683793,22034100
2025-03-10,MSFT,Microsoft,375.7490234375,381.9166113327009,372.8431337183802,381.3631114017718,32840100
2025-03-11,MSFT,Microsoft,376.03570556640625,381.5212976511773,372.53677123025375,374.6025176419591,30380200
2025-03-12,MSFT,Microsoft,378.82293701171875,380.7503233781215,374.55308456142495,378.5066728711865,24253600
2025-03-13,MSFT,Microsoft,374.3751525878906,380.8491715851453,373.07049136146827,378.71423026442886,20473000
2025-03-14,MSFT,Microsoft,384.05157470703125,385.7022111357248,375.10659301872727,375.3734493768336,19952800
2025-03-17,MSFT,Microsoft,384.18994140625,388.1533930243756,381.09625384575537,382.2131473268013,22474300
2025-03-18,MSFT,Microsoft,379.0700378417969,382.87537263830677,376.67813379609476,382.57886557924786,19486900
2025-03-19,MSFT,Microsoft,383.3201599121094,385.158563988563,379.54447585576617,381.0567221702146,19185500
2025-03-20,MSFT,Microsoft,382.3515319824219,387.24410971121733,378.8328407062668,381.2642891356356,18470500
2025-03-21,MSFT,Microsoft,386.7202453613281,387.194656647968,378.3583844724842,378.77352451177876,39675900
2025-03-24,MSFT,Microsoft,388.51910400390625,390.81219242783766,385.2870564688155,390.81219242783766,21004500
2025-03-25,MSFT,Microsoft,390.5749816894531,391.7610400507305,388.08423198363494,389.3493790004213,15775000
2025-03-26,MSFT,Microsoft,385.4451904296875,390.7232269425197,384.061440622416,390.4168262767483,16108400
2025-03-27,MSFT,Microsoft,386.0481262207031,387.6888690270636,382.9050306805178,385.60336562359333,13766800
2025-03-28,MSFT,Microsoft,374.4048156738281,384.6149747790714,372.5565178920864,383.5771397086297,21632000
2025-03-31,MSFT,Microsoft,371.0343933105469,372.6948931611048,362.97893300010196,368.2174556076631,35184700
2025-04-01,MSFT,Microsoft,377.7554931640625,378.4078388750376,368.89946352111616,370.30297052308924,19689500
2025-04-02,MSFT,Microsoft,377.7060852050781,380.61194495123306,372.2501138660857,373.584455994143,16092600
2025-04-03,MSFT,Microsoft,368.78082275390625,373.10014336261634,365.0644702169303,370.4413527847735,30198000
2025-04-04,MSFT,Microsoft,355.6648254394531,370.24368334469244,355.3090169453245,359.9050576420754,49209900
2025-04-07,MSFT,Microsoft,353.7077941894531,366.6953473866903,340.78946619633433,346.808801297969,50425000
2025-04-08,MSFT,Microsoft,350.446044921875,369.3145404099518,346.1860561796805,363.98709615832223,35868900
2025-04-09,MSFT,Microsoft,385.95916748046875,388.66739600040677,349.00301621371585,349.43791334353114,50199700
2025-04-10,MSFT,Microsoft,376.92523193359375,379.44563241847453,363.5324334212975,377.6269854135807,38024400
2025-04-11,MSFT,Microsoft,383.94287109375,385.52428234575257,374.4937970946495,376.2234920445777,23839200
2025-04-14,MSFT,Microsoft,383.3102722167969,390.0709046779098,379.75203666792555,388.6575040815548,19251200
2025-04-15,MSFT,Microsoft,381.25445556640625,387.3429858222691,379.70266475267175,384.0021985236263,17199900
2025-04-16,MSFT,Microsoft,367.2982482910156,377.18221973337427,363.730149078798,376.25315416820064,21967800
2025-04-17,MSFT,Microsoft,363.5126647949219,369.9767899290697,362.6330071079686,369.41339637295704,21120200
2025-04-21,MSFT,Microsoft,354.9531555175781,360.25097956592975,351.54320368031085,358.6102367890087,20807300
2025-04-22,MSFT,Microsoft,362.5638427734375,363.5028019496421,355.68457702509073,359.1637542302739,19485000
2025-04-23,MSFT,Microsoft,370.0460205078125,375.9764033603888,368.69189108581185,371.6966268435602,20545500
2025-04-24,MSFT,Microsoft,382.80615234375,383.9428330432701,370.8366789549492,371.34077108557176,22232300
2025-04-25,MSFT,Microsoft,387.30340576171875,387.60980644654984,380.1375268589871,382.5096738423667,18973200
2025-04-28,MSFT,Microsoft,386.62139892578125,388.18305301396595,382.1538550582223,387.41210451108003,16579400
2025-04-29,MSFT,Microsoft,389.468017578125,390.5157161336794,385.8504804253008,386.75978890275064,14974000
2025-04-30,MSFT,Microsoft,390.6738586425781,392.0576085897077,379.97939447353656,385.7713871677669,36461100
2025-05-01,MSFT,Microsoft,420.4641418457031,431.9196612018972,419.96994327038766,426.10788113002934,58938100
2025-05-02,MSFT,Microsoft,430.2294921875,434.3412277785372,425.0008630376841,426.7305579775838,30757400
2025-05-05,MSFT,Microsoft,431.1091613769531,434.40051033348516,427.0962415401901,427.84743296236513,20136100
2025-05-06,MSFT,Microsoft,428.2823486328125,432.65107712392626,426.1671945058241,427.18524232094876,15104200
2025-05-07,MSFT,Microsoft,428.3218994140625,433.0365428333408,426.1078693467033,428.80620435216304,23295300
2025-05-08,MSFT,Microsoft,433.0859680175781,438.5221520354275,430.60508165893515,432.8487322038109,23491300
2025-05-09,MSFT,Microsoft,433.63946533203125,435.6261229679929,430.8225275981773,434.89471877509555,15324200
2025-05-12,MSFT,Microsoft,444.04730224609375,444.1560114514232,434.67728663767485,440.7658165502587,22821900
2025-05-13,MSFT,Microsoft,443.9287109375,445.4409573721911,440.19254074927665,442.5844751269483,23618800
2025-05-14,MSFT,Microsoft,447.6845703125,448.6334230518337,442.940276452347,442.940276452347,19902800
2025-05-15,MSFT,Microsoft,448.6946105957031,451.7246558325709,446.0210270484144,446.3576953837484,21992300
2025-05-16,MSFT,Microsoft,449.82342529296875,449.91254071320964,444.3376746324017,447.6251542704443,23849800
2025-05-19,MSFT,Microsoft,454.37841796875,455.0913715701619,446.3874026485213,446.46663650360125,21336500
2025-05-20,MSFT,Microsoft,453.6852722167969,453.8535912700005,449.87295142774695,451.13050930908776,15441800
2025-05-21,MSFT,Microsoft,448.14007568359375,453.29906971148773,447.3875051898017,450.12049890400635,19216900
2025-05-22,MSFT,Microsoft,450.40765380859375,455.74490907390424,449.4570590917957,450.4967994491365,18025600
2025-05-23,MSFT,Microsoft,445.7734680175781,449.2491205375805,444.51591011589574,445.5754438212613,16883500
2025-05-27,MSFT,Microsoft,456.18060302734375,456.4380677238799,451.65532857824905,452.0118204825961,20974300
2025-05-28,MSFT,Microsoft,452.8832092285156,457.9927052337918,452.45742544945836,456.70544210957024,17086300
2025-05-29,MSFT,Microsoft,454.1902770996094,457.2005290082406,450.8532686393741,457.0321797296883,13974800
2025-05-30,MSFT,Microsoft,455.8537902832031,457.16087682654637,451.08099341488645,455.2200705832806,34770500
2025-06-02,MSFT,Microsoft,457.4480895996094,457.5867035205711,452.41782757710985,452.6653804963421,16626500
2025-06-03,MSFT,Microsoft,458.4382629394531,459.59682380087423,456.3489007620485,456.95294554827,15743800
2025-06-04,MSFT,Microsoft,459.3294982910156,461.1316908447896,458.4878122988585,459.4582306475514,14162700
2025-06-05,MSFT,Microsoft,463.1022033691406,465.0529216385449,459.4879366863286,460.4088263203011,20131700
2025-06-06,MSFT,Microsoft,465.7757873535156,468.7068055435685,464.1914425792919,465.4886174973397,15285600
2025-06-09,MSFT,Microsoft,468.1225891113281,468.7959258262165,464.03300988597726,465.1024554626714,16469900
2025-06-10,MSFT,Microsoft,466.3104553222656,468.1720277278758,462.38919566775553,466.5778015728124,15375900
2025-06-11,MSFT,Microsoft,467.99383544921875,470.81594475736864,465.0628173622344,465.4192790589967,16399200
2025-06-12,MSFT,Microsoft,474.1826171875,475.7174632765806,468.88497916047487,470.3702965389571,18950600
2025-06-13,MSFT,Microsoft,470.3109130859375,474.48960742449077,468.13246560456287,471.74673205457395,16814500
2025-06-16,MSFT,Microsoft,474.45001220703125,475.98482813726486,470.3505215770748,470.5584575569121,15626100
2025-06-17,MSFT,Microsoft,473.3608093261719,474.0539393845567,469.4395492382731,470.74663593423935,15414100
2025-06-18,MSFT,Microsoft,475.53924560546875,476.291816149254,469.8158233270243,473.3211811212961,17526500
2025-06-20,MSFT,Microsoft,472.72705078125,478.72773115460745,472.2022397987241,477.50979012623617,37576200
2025-06-23,MSFT,Microsoft,481.24285888671875,482.97572926336846,467.8849134818946,473.52910172023695,24864000
2025-06-24,MSFT,Microsoft,485.3126220703125,487.0356109071577,482.0350238939456,484.1640031375646,22305600
2025-06-25,MSFT,Microsoft,487.45147705078125,489.71907018583636,484.59969288856837,487.2237477118272,17495100
2025-06-26,MSFT,Microsoft,492.580810546875,493.1650318097281,487.98621386300664,488.15456314430565,21578900
2025-06-27,MSFT,Microsoft,491.0855712890625,494.4126679494895,488.2040517426954,492.6797975508017,34539200
2025-06-30,MSFT,Microsoft,492.5411682128906,495.8583832017286,490.4815111095117,492.17479474651304,28369000
2025-07-01,MSFT,Microsoft,487.2336120605469,493.1748817381986,486.1741086010328,491.61036068604886,19945400
2025-07-02,MSFT,Microsoft,486.28302001953125,488.66943364597034,483.9164299655294,485.1937811955959,16319600
2025-07-03,MSFT,Microsoft,493.9571838378906,495.2345653483035,488.6100468852986,488.9764203666982,13984800
2025-07-07,MSFT,Microsoft,492.8481140136719,493.8680307430937,490.3824968234557,492.51144569917784,13981600
2025-07-08,MSFT,Microsoft,491.7588806152344,493.3234318678901,489.2734398258723,492.37280697303856,11846600
2025-07-09,MSFT,Microsoft,498.5815124511719,501.81949389446856,494.8483949293652,495.40291107466015,18659500
2025-07-10,MSFT,Microsoft,496.5713195800781,499.50233742843255,492.877819466512,498.12592881176073,16492100
2025-07-11,MSFT,Microsoft,498.393310546875,500.0865639242522,492.9273231662245,493.5907782355643,16459500
2025-07-14,MSFT,Microsoft,498.09625244140625,499.0369655948213,496.1257409313552,496.6109349689791,12058800
2025-07-15,MSFT,Microsoft,500.86883544921875,503.3245408608939,497.8684955298327,498.09622485625505,14927200
2025-07-16,MSFT,Microsoft,500.67083740234375,501.760076321519,496.97736708309617,500.23514183467364,15154400
2025-07-17,MSFT,Microsoft,506.6912841796875,508.3449206172861,500.67078077223215,500.730191050298,17503100
2025-07-18,MSFT,Microsoft,505.05743408203125,509.6025320949179,502.4630844244223,509.4440643876484,21209700
2025-07-21,MSFT,Microsoft,505.06732177734375,507.0774803175347,500.60145783110823,501.7501069031347,14066800
2025-07-22,MSFT,Microsoft,500.32421875,506.19619667447284,500.32421875,505.968437121084,13868600
2025-07-23,MSFT,Microsoft,500.9183654785156,501.82937349813983,495.7989881406536,501.78975657062705,16396600
2025-07-24,MSFT,Microsoft,505.8793640136719,508.6420329312165,502.33438916388565,503.79000158856684,16107000
2025-07-25,MSFT,Microsoft,508.6816711425781,513.216797186473,505.3644257046499,507.4537578741833,19125700
2025-07-28,MSFT,Microsoft,507.4834289550781,509.9589578768102,505.1267205865717,509.04798015617376,14308000
2025-07-29,MSFT,Microsoft,507.55279541015625,512.5533521818816,506.5526719682665,510.4838436674275,16469200
2025-07-30,MSFT,Microsoft,508.2162170410156,510.89971236727115,504.4534248625209,510.12731827097724,26380400
2025-07-31,MSFT,Microsoft,528.2779541015625,550.0131135040644,526.6936395202101,549.7952354974353,51617300
2025-08-01,MSFT,Microsoft,518.9797973632812,530.5553736121248,515.7616096000787,529.7632164041114,28977600
2025-08-04,MSFT,Microsoft,530.3969116210938,532.9813491761439,522.9604134562841,523.0990575737549,25349000
2025-08-05,MSFT,Microsoft,522.5841674804688,532.0406760929504,522.0791498987046,531.9218555369729,19171600
2025-08-06,MSFT,Microsoft,519.8016967773438,526.4955370830186,518.9006307843745,525.70337986457,21355700
2025-08-07,MSFT,Microsoft,515.7418212890625,522.9208551796034,512.483986539974,521.6434435727333,16079100
2025-08-08,MSFT,Microsoft,516.9300537109375,519.524403327164,514.3257923084495,517.4845698020915,15531000
2025-08-11,MSFT,Microsoft,516.6627197265625,522.4257584225397,514.6327376205326,517.1875004407061,20194400
2025-08-12,MSFT,Microsoft,524.0595703125,525.7825288027884,517.5836082950698,518.6233183732385,18667000
2025-08-13,MSFT,Microsoft,515.484375,527.4857348349631,514.2861971986356,526.9014833945702,19619200
2025-08-14,MSFT,Microsoft,517.36572265625,520.8017882377586,515.0486614235291,517.4449565045493,20269100
2025-08-15,MSFT,Microsoft,515.078369140625,520.9503168823401,513.9990723038397,517.6529556536844,25213300
2025-08-18,MSFT,Microsoft,512.0383911132812,517.7024328589179,508.9885829187347,516.4844919382945,23760600
2025-08-19,MSFT,Microsoft,504.78021240234375,510.1174378041072,503.57215290768977,509.9590305231463,21481000
2025-08-20,MSFT,Microsoft,500.76983642578125,505.9981527246316,499.5023667236012,504.87920872605446,27723000
2025-08-21,MSFT,Microsoft,500.1251220703125,503.48747238505433,498.6175369804135,499.57962247206007,18443300
2025-08-22,MSFT,Microsoft,503.09075927734375,506.5621975190336,498.3100856343386,500.13506667774504,24324200
2025-08-25,MSFT,Microsoft,500.1449890136719,504.04291093011733,500.00611695670057,502.4956437530773,21638600
2025-08-26,MSFT,Microsoft,497.9430847167969,500.8590951140394,494.44189267773186,500.24412923099453,30835700
2025-08-27,MSFT,Microsoft,502.6047058105469,503.1502356611414,495.82052770460996,497.90339657266526,17277900
2025-08-28,MSFT,Microsoft,505.4810485839844,506.919197559233,501.3748189208979,502.9518399416591,18015600
2025-08-29,MSFT,Microsoft,502.5551452636719,505.44140176386463,500.3730863144936,504.5090702372647,20961600
2025-09-02,MSFT,Microsoft,500.9979248046875,501.87074834041937,492.75574161607386,496.38587753866574,18128000
2025-09-03,MSFT,Microsoft,501.22607421875,503.64616490840893,498.220801883355,499.6788070917271,16345100
2025-09-04,MSFT,Microsoft,503.8247375488281,504.00326140342247,499.04406365219614,500.18467308127,15509500
2025-09-05,MSFT,Microsoft,490.9605712890625,507.7920894589463,488.3520284612672,504.9157608525771,31994800
2025-09-08,MSFT,Microsoft,494.1344299316406,497.1099483047291,490.990285532587,494.0451377441344,16771000
2025-09-09,MSFT,Microsoft,494.34271240234375,498.15137232357364,493.63851485593227,497.33805669614713,14410500
2025-09-10,MSFT,Microsoft,496.2867431640625,499.1234199731124,492.6665349159027,498.8754600894228,21611800
2025-09-11,MSFT,Microsoft,496.9215087890625,499.0638857033828,493.8170463660224,498.15138006137016,18881600
2025-09-12,MSFT,Microsoft,505.73895263671875,508.367321245748,499.73833579713096,502.5154742767582,23624900
2025-09-15,MSFT,Microsoft,511.15435791015625,511.26344571936806,502.8625947427051,504.6379958107742,17143800
2025-09-16,MSFT,Microsoft,504.8859558105469,513.0090929577493,504.449544036503,512.6619733694059,19711900
2025-09-17,MSFT,Microsoft,505.8579406738281,507.1175961354426,501.80132099339164,506.4530503919847,15816600
2025-09-18,MSFT,Microsoft,504.30078125,508.883074673213,503.5172196080818,507.31595138937655,18913700
2025-09-19,MSFT,Microsoft,513.703369140625,515.0621842649809,506.1455578149837,506.39351766303514,52474100
2025-09-22,MSFT,Microsoft,510.2518310546875,513.5149611406991,508.35738375283694,511.3825425873763,20009300
2025-09-23,MSFT,Microsoft,505.0744323730469,510.3907077578639,503.17008724169204,509.60711582016205,19799600
2025-09-24,MSFT,Microsoft,505.9869079589844,508.29788064425674,502.7832857896144,506.215041937542,13533700
2025-09-25,MSFT,Microsoft,502.8923645019531,505.84805701475193,500.9186136455738,504.15198973027213,15786500
2025-09-26,MSFT,Microsoft,507.28619384765625,509.74596656687834,502.4856945681329,505.8976246789574,16213100
2025-09-29,MSFT,Microsoft,510.40057373046875,512.6322125671903,504.72728094557834,507.325895548039,17617800
2025-09-30,MSFT,Microsoft,513.7232666015625,513.9315141469417,505.5009089039439,509.05168089535164,19728200
2025-10-01,MSFT,Microsoft,515.4689331054688,516.262392605391,507.5143608700387,510.5989672146665,22632300
2025-10-02,MSFT,Microsoft,511.53131103515625,517.343476169315,506.5126054199375,513.4158303625842,21222900
2025-10-03,MSFT,Microsoft,513.1281127929688,516.2425031799986,510.7973143114264,512.8801529316524,15112300
2025-10-06,MSFT,Microsoft,524.256591796875,526.6965386672223,513.9712214168786,514.377848960065,21388600
2025-10-07,MSFT,Microsoft,519.7039794921875,525.4764919541412,517.1847292577561,523.9788048028778,14615200
2025-10-08,MSFT,Microsoft,520.5669555664062,522.6498549115006,518.8213688365025,519.0098207695767,13363400
2025-10-09,MSFT,Microsoft,518.136962890625,520.0512058016051,513.1777655449532,518.07745494396,18343600
2025-10-10,MSFT,Microsoft,506.790283203125,519.3073226434543,505.47115003636685,515.3994727403434,24133800
2025-10-13,MSFT,Microsoft,509.85504150390625,512.1957680051081,507.50438692257717,512.1957680051081,14284200
2025-10-14,MSFT,Microsoft,509.37896728515625,511.07503445038043,501.87073577210117,506.06622732552523,14684300
2025-10-15,MSFT,Microsoft,509.2401123046875,512.9694382549203,505.838110317394,510.75765569343554,14694700
2025-10-16,MSFT,Microsoft,507.4349670410156,512.6321960787722,503.9833851231019,508.3970827878481,15559600
2025-10-17,MSFT,Microsoft,509.38897705078125,511.2734358883721,503.17012365144205,504.88601698312937,19867800
2025-10-20,MSFT,Microsoft,512.5726318359375,514.4670788802013,509.2400661752128,510.4104293345006,14665600
2025-10-21,MSFT,Microsoft,513.4356079101562,514.4572316509175,508.8533142722573,513.2769402267872,15586200
2025-10-22,MSFT,Microsoft,516.2921142578125,520.943843958813,513.4852520447155,516.8971823641815,18962700
2025-10-23,MSFT,Microsoft,516.3118896484375,519.6742395740552,514.3777908083965,518.1964086283891,14023500
2025-10-24,MSFT,Microsoft,519.3370971679688,521.0628883153897,516.4607987679614,518.5237814648117,15532400
2025-10-27,MSFT,Microsoft,527.1825561523438,530.2175826339089,524.6930292943027,527.4404441110845,18734700
2025-10-28,MSFT,Microsoft,537.6464233398438,549.2013167264516,536.3570441492753,545.511702993095,29986700
2025-10-29,MSFT,Microsoft,537.130615234375,541.8121286840217,532.3499420595073,540.4929653309738,36023000
2025-10-30,MSFT,Microsoft,521.4695434570312,530.6043464776645,517.8592331602406,526.1509968235328,41023100
2025-10-31,MSFT,Microsoft,513.5844116210938,525.0004940086545,510.89650476941233,524.5640822050067,34006400
2025-11-03,MSFT,Microsoft,512.810791015625,520.6760707602963,510.3907002836433,515.5680732671589,22374700
2025-11-04,MSFT,Microsoft,510.1328430175781,511.342858187808,503.6957838776707,507.5838081580189,20958700
2025-11-05,MSFT,Microsoft,503.02130126953125,510.6287232020861,502.4460174356622,509.11117977922714,23024300
2025-11-06,MSFT,Microsoft,493.0434265136719,501.5732523540539,491.7639450704796,501.5335702984596,27406500
2025-11-07,MSFT,Microsoft,492.7657165527344,495.304823297102,489.22484220934433,492.89466053302914,24019800
2025-11-10,MSFT,Microsoft,501.8707580566406,502.7138276367279,494.72950196106785,495.95940345274505,26101500
2025-11-11,MSFT,Microsoft,504.5289001464844,505.4414057875519,498.2505695472254,500.68055811559174,17980000
2025-11-12,MSFT,Microsoft,506.9688720703125,507.4945458106546,495.0469415436793,505.2033686484966,26574900
2025-11-13,MSFT,Microsoft,499.1828918457031,509.3095642884979,497.1992129195551,506.1455939798088,25273100
2025-11-14,MSFT,Microsoft,506.0166320800781,507.42505738590404,493.38060745410195,494.16416907736203,28505700
2025-11-17,MSFT,Microsoft,503.34857177734375,507.9407930820625,500.78963942134817,504.3007594029326,19092800
2025-11-18,MSFT,Microsoft,489.76043701171875,498.87544447228873,482.8076324047851,491.3275301094218,33815100
2025-11-19,MSFT,Microsoft,483.14483642578125,491.14898819063853,478.88983663624714,486.1005289347495,23245300
2025-11-20,MSFT,Microsoft,475.41387939453125,490.45844852333465,472.50235794747454,489.60385435710714,26802500
2025-11-21,MSFT,Microsoft,469.1436462402344,475.9007957312625,465.3179114267742,475.4834301610789,31769200
2025-11-24,MSFT,Microsoft,471.0118103027344,473.89352206444323,465.0694984877541,472.0055061050608,34421000
2025-11-25,MSFT,Microsoft,473.98297119140625,476.12935785467323,461.95927573241335,471.08139630740516,28019800
2025-11-26,MSFT,Microsoft,482.4393310546875,485.23161394332453,478.1664510662567,483.244222260298,25709100
2025-11-28,MSFT,Microsoft,488.9082946777344,489.5243812398697,483.5820692635899,484.5260924315005,14386700
2025-12-01,MSFT,Microsoft,483.6714782714844,486.7718042788117,481.59465771305275,485.3607732415945,23964000
2025-12-02,MSFT,Microsoft,486.91094970703125,490.38888506208144,483.2541563831954,483.6516286444489,19562700
2025-12-03,MSFT,Microsoft,474.7182922363281,481.18723109312356,472.2042431453193,473.3171775583083,34615100
2025-12-04,MSFT,Microsoft,477.8087158203125,478.28570075231454,473.48613274494215,476.7355376297969,22318200
2025-12-05,MSFT,Microsoft,480.11407470703125,480.35255199911325,475.86105782216015,479.4780948278929,22608700
2025-12-08,MSFT,Microsoft,487.92449951171875,489.19642891935564,481.3263751862239,481.8331697469475,21965900
2025-12-09,MSFT,Microsoft,488.918212890625,489.0175885389743,485.4204144751398,486.01663804004494,14696100
2025-12-10,MSFT,Microsoft,475.5430603027344,481.19719183884354,472.084987996716,480.97857754952304,35756200
2025-12-11,MSFT,Microsoft,480.4221496582031,482.96600869209163,472.86010822118624,473.6252734590456,24669200
2025-12-12,MSFT,Microsoft,475.5132751464844,479.4085762318817,473.3370788032073,476.79515128743174,21248100
2025-12-15,MSFT,Microsoft,471.82666015625,477.6894594742654,469.5411415575728,477.0733729131614,23727700
2025-12-16,MSFT,Microsoft,473.38677978515625,474.87732355778707,467.911505956298,468.9350114671635,20705600
2025-12-17,MSFT,Microsoft,473.1184387207031,476.9739832708393,472.0055042784347,473.903466892556,24527200
2025-12-18,MSFT,Microsoft,480.9289245605469,486.51349034093164,474.87732052138307,475.1754171439269,28573500
2025-12-19,MSFT,Microsoft,482.856689453125,484.7745151206103,479.44828972039977,484.2875835443981,70836100
2025-12-22,MSFT,Microsoft,481.86297607421875,485.6489546100234,479.6470235443271,483.05539282771,16963000
2025-12-23,MSFT,Microsoft,483.7807922363281,484.75459468390824,481.6840783901604,481.922585996358,14683600
2025-12-24,MSFT,Microsoft,484.94342041015625,486.0762481946253,481.77352833631136,482.61817584356095,5855900
2025-12-26,MSFT,Microsoft,484.6354064941406,485.04282544173617,482.8964387136479,483.64171061957336,8842200
2025-12-29,MSFT,Microsoft,484.02923583984375,485.27135560420123,481.1276307272214,481.80333660098637,10893400
2025-12-30,MSFT,Microsoft,484.4068603515625,486.5929730105466,482.43933166580535,482.8666136001516,13944500
2025-12-31,MSFT,Microsoft,480.5711669921875,485.06269150087525,480.25317705215497,484.7645645601486,15601600
2026-01-02,MSFT,Microsoft,469.95849609375,481.6046121327098,467.1960229709088,481.3363251826272,25571600
2026-01-05,MSFT,Microsoft,469.86907958984375,473.0687813775576,466.5401924921144,471.071443053882,25250300
2026-01-06,MSFT,Microsoft,475.4933776855469,475.7219083069673,466.78859294331005,470.81304872472026,23037700
2026-01-07,MSFT,Microsoft,480.4221496582031,486.61288592496,474.9369593023546,476.73554642416184,25564200
2026-01-08,MSFT,Microsoft,475.0959167480469,479.6172511411785,472.86010104573086,478.20618966596595,18162600
2026-01-09,MSFT,Microsoft,476.258544921875,476.7951491709672,469.2231916595613,471.07145138115897,18491000
2026-01-12,MSFT,Microsoft,474.1717529296875,477.95773148860775,472.68120923483104,473.6649886945649,23519900
2026-01-13,MSFT,Microsoft,467.70281982421875,472.7805908527595,463.01257439213845,471.68751939768345,28545800
2026-01-14,MSFT,Microsoft,456.4840087890625,465.24841354789686,454.2879494306214,463.51936213123724,28184300
2026-01-15,MSFT,Microsoft,453.7811279296875,461.32327541703046,453.02590941718984,461.1940901109254,23225800
2026-01-16,MSFT,Microsoft,456.9609375,460.26996150673693,453.60227115836847,454.9437362325269,34246700
2026-01-20,MSFT,Microsoft,451.65460205078125,453.92022725149957,446.44764578645413,448.37541805572727,26130000
2026-01-21,MSFT,Microsoft,441.3102111816406,449.8361378186282,435.9144504613163,449.74670883889326,37980500
2026-01-22,MSFT,Microsoft,448.29595947265625,449.98522421932967,441.8965557848095,444.7981306791853,25349400
2026-01-23,MSFT,Microsoft,463.0125732421875,468.1301005814363,447.6897705604439,449.02131930234236,38000200
2026-01-26,MSFT,Microsoft,467.3152770996094,471.2602507862521,459.0874767807031,462.3766075757791,29291200
2026-01-27,MSFT,Microsoft,477.5503234863281,479.82589540353166,470.17711748937944,470.7137217228436,29213900
2026-01-28,MSFT,Microsoft,478.5937194824219,480.69040309270366,474.9865988275796,480.16374552458444,36875400
2026-01-29,MSFT,Microsoft,430.76715087890625,439.7104135269112,418.36581575660404,437.2162272399066,128855300
2026-01-30,MSFT,Microsoft,427.577392578125,436.8286984461687,423.7616041817895,436.4014165119217,58566800
2026-02-02,MSFT,Microsoft,420.70098876953125,428.02452201181774,419.58805431821895,427.5276741085398,42219900
2026-02-03,MSFT,Microsoft,408.61767578125,419.3893355198486,405.98438775489564,419.3496095186449,61424100
2026-02-04,MSFT,Microsoft,411.5788879394531,417.15350712085007,406.6600813351222,408.4089957411405,45012400
2026-02-05,MSFT,Microsoft,391.1882629394531,405.7260079125925,389.8467674620769,404.87144402823185,66289200
2026-02-06,MSFT,Microsoft,398.6111755371094,399.2570717870675,390.44299427907015,396.65359346172795,53515300
2026-02-09,MSFT,Microsoft,410.99261474609375,412.2744908996196,398.3428555009064,402.2977759502542,45480500
2026-02-10,MSFT,Microsoft,410.6646423339844,421.009018998737,410.09825878894065,416.9746165751398,44857900
2026-02-11,MSFT,Microsoft,401.8207702636719,413.8345489802859,398.4819668946231,413.5563153661985,42491000
2026-02-12,MSFT,Microsoft,399.3067626953125,403.6392926521932,395.50092068537,402.44684542456184,40802400
2026-02-13,MSFT,Microsoft,398.7900085449219,402.98340606348665,395.54060384789733,401.90028127287496,34091600
2026-02-17,MSFT,Microsoft,394.3581237792969,397.9950542597942,392.04282577248057,396.7032617740463,32078800
2026-02-18,MSFT,Microsoft,397.0808410644531,400.02217209191446,393.8215201082963,395.6201070500213,23223400
2026-02-19,MSFT,Microsoft,396.8517761230469,402.7976819572589,395.0690225854118,399.07278661262325,28234000
2026-02-20,MSFT,Microsoft,395.6267395019531,398.5050592846536,393.56508699389525,394.51123443489973,34015200
2026-02-23,MSFT,Microsoft,382.9182434082031,393.7642745182822,381.55377772275136,393.405742102137,43238300
2026-02-24,MSFT,Microsoft,387.429931640625,387.78846403174964,380.1693467763097,382.5895619940176,33884700
2026-02-25,MSFT,Microsoft,398.9831237792969,399.84960746436826,388.5852587696308,388.95376053046306,43625500
2026-02-26,MSFT,Microsoft,400.0986022949219,405.8453028142193,397.1306190557743,403.0765245044552,34405900
2026-02-27,MSFT,Microsoft,391.15484619140625,395.2183958601928,388.30640407164015,389.30236795593413,51367200
2026-03-02,MSFT,Microsoft,396.9413757324219,399.57073485574693,389.0533591512552,391.2743390590049,35474900
2026-03-03,MSFT,Microsoft,402.2996826171875,405.05852201627056,391.0851500003899,391.5532542396072,38199200
2026-03-04,MSFT,Microsoft,403.5645751953125,409.3710312257941,398.69429724653685,399.6504140582061,35808000
2026-03-05,MSFT,Microsoft,409.0224304199219,409.9486695143622,402.7677785996419,402.78771732924594,39001300
2026-03-06,MSFT,Microsoft,407.30938720703125,411.38287590243635,406.8612216895844,407.54843921074234,31123900
2026-03-09,MSFT,Microsoft,407.757568359375,408.55432729115563,401.8714182880504,403.2857003455267,30131900
2026-03-10,MSFT,Microsoft,404.122314453125,408.5443965203919,401.30371964643086,408.37506928692744,31706400
2026-03-11,MSFT,Microsoft,403.245849609375,407.35918518479474,399.96912002302975,403.9330670994013,25512100
2026-03-12,MSFT,Microsoft,400.2380065917969,404.4808221962511,400.0886180975,402.9968458288957,27263900
2026-03-13,MSFT,Microsoft,393.9534912109375,403.16615688192843,392.65875035547907,399.3815063856616,26848000
2026-03-16,MSFT,Microsoft,398.33575439453125,399.01300251860397,393.1965772756644,396.4633374914087,27733700
2026-03-17,MSFT,Microsoft,397.7979431152344,402.7677932271478,396.1446394015159,398.6544574759768,26228300
2026-03-18,MSFT,Microsoft,390.20867919921875,396.3936061005556,389.42185925959103,395.5271224277118,25908500
2026-03-19,MSFT,Microsoft,387.4498596191406,390.90585551603124,385.4977789148814,388.52551763585893,25138800
2026-03-20,MSFT,Microsoft,380.3287048339844,385.43800417098345,378.58576812261686,385.2288602760525,50853200
2026-03-23,MSFT,Microsoft,381.4541931152344,385.64719283721575,380.1395134056624,382.3505545919761,29680100
2026-03-24,MSFT,Microsoft,371.2355651855469,380.9263046350485,370.34917314154325,380.8167328036651,42733600
2026-03-25,MSFT,Microsoft,369.5424499511719,375.5381416220395,368.13813722010167,375.39872248264555,31181200
2026-03-26,MSFT,Microsoft,364.4928894042969,373.2075730440749,363.7160388213271,369.32332012922615,36836600
2026-03-27,MSFT,Microsoft,355.3300476074219,360.9871459448897,355.07111764854045,360.43934753557875,37883400
2026-03-30,MSFT,Microsoft,357.5111999511719,363.88536295562653,354.84202394218255,360.43933630538186,44797000
2026-03-31,MSFT,Microsoft,368.67596435546875,371.3949263066763,361.6046146993887,363.07862179545566,45244400
2026-04-01,MSFT,Microsoft,367.8791809082031,372.48052926345224,366.7139201659809,371.98254731341393,29417200
2026-04-02,MSFT,Microsoft,371.9526672363281,372.1319638369453,362.680245817395,365.7278929006101,24099100
2026-04-06,MSFT,Microsoft,371.3750305175781,372.22160592655575,368.0086676124431,371.9825539180967,16146600
2026-04-07,MSFT,Microsoft,370.78741455078125,370.9467724245638,365.080530373921,368.8452727581139,21443300
2026-04-08,MSFT,Microsoft,372.8191223144531,383.44606961738685,369.91092498913014,383.4261612830284,33064800
2026-04-09,MSFT,Microsoft,371.5642395019531,371.9924966612836,365.5685176937085,370.9965328148009,30435300
2026-04-10,MSFT,Microsoft,369.37310791015625,374.1238749235223,368.5365019241105,371.47460743717505,28111100
2026-04-13,MSFT,Microsoft,382.8186340332031,382.98796126737693,369.5225100750242,372.10205289266787,35745800
2026-04-14,MSFT,Microsoft,391.5233459472656,393.09698589720546,384.95994763093,386.3543213772784,37504500
2026-04-15,MSFT,Microsoft,409.5602722167969,412.69755239260473,395.1287651714373,396.3936283702306,45063400
2026-04-16,MSFT,Microsoft,418.56378173828125,419.12151906860663,410.4765600541581,418.16537187855886,41642400
2026-04-17,MSFT,Microsoft,421.0835876464844,429.83808848207923,418.99205736838906,423.10539315661504,48568200
2026-04-20,MSFT,Microsoft,416.38262939453125,421.6213787702164,414.6197538627068,419.4501847919345,27582200
2026-04-21,MSFT,Microsoft,422.4480285644531,425.45582843737157,415.516128706763,418.5438369146158,32048500
2026-04-22,MSFT,Microsoft,431.1726989746094,431.9495495900464,421.9600330275293,424.4698510786937,29378200
2026-04-23,MSFT,Microsoft,414.0719909667969,421.9500690544079,409.7495112929088,418.19529609754903,38308000
2026-04-24,MSFT,Microsoft,422.90618896484375,423.23487407473965,414.12178001797366,415.28707116170386,27457400
2026-04-27,MSFT,Microsoft,423.1053771972656,425.38611256831246,415.3866572294081,420.6752229306716,30867300
2026-04-28,MSFT,Microsoft,427.5174865722656,428.1847957314844,420.197146128082,422.8563830057505,30438100
2026-04-29,MSFT,Microsoft,422.746826171875,425.0973167681131,418.59367375245296,422.8663369761165,38288300
2026-04-30,MSFT,Microsoft,406.1341552734375,412.74737011555624,396.4035989759817,409.15192465494977,70909400
2026-05-01,MSFT,Microsoft,412.76727294921875,415.4264794885345,408.7834174283456,411.1338775963461,31372400
2026-05-04,MSFT,Microsoft,411.9505615234375,419.0816663151199,409.14193618030583,409.87897009526375,28066500
2026-05-05,MSFT,Microsoft,409.7196044921875,415.09780308537887,407.1500007946646,413.6437044066962,25700900
2026-05-06,MSFT,Microsoft,412.2891845703125,416.73120520087787,403.4748984673602,406.3532485673598,30285900
2026-05-07,MSFT,Microsoft,419.07171630859375,426.25263786097554,417.06984955189336,418.41437649189606,34942400
2026-05-08,MSFT,Microsoft,413.44451904296875,416.9403619714099,412.32904436576047,415.70537649227293,33383800
2026-05-11,MSFT,Microsoft,410.99444580078125,411.02432350049145,403.86334099070683,406.22377045102496,35657900
2026-05-12,MSFT,Microsoft,406.1241760253906,413.8229876767416,404.9987623844293,412.8071154720842,38594200
2026-05-13,MSFT,Microsoft,403.57452392578125,404.6700902960666,399.41140211310335,401.57265715241186,29667100
2026-05-14,MSFT,Microsoft,407.7774658203125,410.17774231087935,399.2619871856725,402.8474630718804,27077500
2026-05-15,MSFT,Microsoft,420.2170715332031,426.4418454559798,411.2434277199191,412.5979239362014,50771200
2026-05-18,MSFT,Microsoft,421.83056640625,423.40417602339767,413.9325494355234,414.93848271907115,32564100
2026-05-19,MSFT,Microsoft,415.7352600097656,430.9535870211983,414.808990493047,428.16486989475214,33018700
2026-05-20,MSFT,Microsoft,419.36053466796875,420.3963455784958,409.63991780241736,412.49835957243755,27864000
2026-05-21,MSFT,Microsoft,418.3025207519531,425.5388979071037,414.92886694253497,423.9518891931334,31393500
2026-05-22,MSFT,Microsoft,417.7835388183594,423.60257118762803,415.54772693408205,418.7517174636334,22390300
2026-05-26,MSFT,Microsoft,415.248291015625,418.9812539216563,412.24393696715845,415.6475333356961,30398000
2026-05-27,MSFT,Microsoft,411.8946228027344,415.15846763645,408.8104019854481,410.23773822181624,28901500
2026-05-28,MSFT,Microsoft,426.18768310546875,428.68298564682067,411.89461329838434,412.2040283766931,47250500
2026-05-29,MSFT,Microsoft,449.3940124511719,449.48383969057267,431.54760317786213,431.7372486144539,79654400
2026-06-01,MSFT,Microsoft,459.6546936035156,465.4438139523178,457.40892124774234,463.96658383705716,53628900
2026-06-02,MSFT,Microsoft,440.48077392578125,452.64787129328397,439.6024225764256,446.0403151791343,37036800
2026-06-03,MSFT,Microsoft,426.53704833984375,439.56254639446627,423.45285793258154,437.62618910935214,39037000
2026-06-04,MSFT,Microsoft,427.2456970214844,435.33048350032107,425.60879436274143,434.9911260035114,26899500
2026-06-05,MSFT,Microsoft,415.8870849609375,428.66302140752947,413.6213308264138,427.5351398188391,34782200
2026-06-08,MSFT,Microsoft,410.9663391113281,416.37616844333525,407.79232157753756,413.3618539280056,32086700
2026-06-09,MSFT,Microsoft,402.6520080566406,411.20591258759293,397.7312786929967,408.26144336727174,35317300
2026-06-10,MSFT,Microsoft,396.61334228515625,404.2789346443135,396.41373636313654,397.80110870103243,32576000
2026-06-11,MSFT,Microsoft,389.6065673828125,396.1043451719433,383.278483574852,394.46741202742857,47224100
2026-06-12,MSFT,Microsoft,390.00579833984375,391.003919361718,381.55171206615995,390.6945042817559,34865800
2026-06-15,MSFT,Microsoft,399.0088806152344,400.99513175706005,392.11186050588947,396.05442037645633,32266400
2026-06-16,MSFT,Microsoft,393.0899963378906,396.094350419825,389.9559121071713,395.0463355104342,31506800
2026-06-17,MSFT,Microsoft,378.1980285644531,389.6364865987809,376.6110198431126,389.51671695343225,41987800
2026-06-18,MSFT,Microsoft,378.6871032714844,380.6534028700893,372.5786075934489,377.11008548581106,59714200
2026-06-22,MSFT,Microsoft,366.6497802734375,380.9129385065033,366.3802985575179,375.0339909424311,45171100
2026-06-23,MSFT,Microsoft,373.23736572265625,376.51120135394876,369.9735210485466,371.6802994138851,40647600
2026-06-24,MSFT,Microsoft,364.7733154296875,378.16811350773463,364.09460041679364,370.87185096853153,44509900
2026-06-25,MSFT,Microsoft,352.1670227050781,363.5456265920902,348.54386902384044,362.0883479855026,66179000
2026-06-26,MSFT,Microsoft,372.2691955566406,375.90234020580533,354.762144454129,356.4789138154501,186201600
2026-06-29,MSFT,Microsoft,367.8774719238281,379.7850483907747,359.2237492715265,376.790685328561,51229900
2026-06-30,MSFT,Microsoft,372.319091796875,373.44697342275583,366.7595808670141,370.3328407149792,44945700
2026-07-01,MSFT,Microsoft,383.5579528808594,388.09939143880604,374.18561213385976,380.1144231011508,48065800
2026-07-02,MSFT,Microsoft,389.7562561035156,391.4630649298244,382.97903650468743,383.7575696594082,42128900
2026-07-06,MSFT,Microsoft,386.0133056640625,388.418780928489,380.5036887115837,386.31276024010407,34224500
2026-07-07,MSFT,Microsoft,388.109375,394.8267404517197,387.4905448392632,391.75251064257776,29297500
2026-07-08,MSFT,Microsoft,382.6197204589844,384.58602015004215,380.6134873969759,383.3084264217563,25908300
2026-07-09,MSFT,Microsoft,383.6377868652344,383.92725049460796,372.64849496928053,373.74643420118315,31083200
2026-07-10,MSFT,Microsoft,384.37640380859375,391.1736053926777,380.783162110783,387.07131223677504,24644600
2026-07-13,MSFT,Microsoft,390.2553405761719,392.91034623109437,383.4281962321871,387.02143811329415,28914900
2026-07-14,MSFT,Microsoft,384.20672607421875,387.46061042423804,377.93852713765,382.1007052927433,27863900
2026-07-15,MSFT,Microsoft,394.8866271972656,398.2103568181361,385.6739591427675,387.07132248997675,36253700
2026-07-16,MSFT,Microsoft,400.3463439941406,405.2271399033625,391.31333055964967,397.56157784187184,37047400
2026-07-17,MSFT,Microsoft,393.08001708984375,397.64143734197864,388.6583483977542,394.1180409920291,33049800
2026-07-20,MSFT,Microsoft,401.53411865234375,402.4224305318551,388.91785418191677,390.67455694621333,27915800
2026-07-21,MSFT,Microsoft,397.00262451171875,400.7156358198418,395.57531880381754,398.0606303262699,24126600
2026-07-22,MSFT,Microsoft,389.6065673828125,400.246541441447,386.2329133568751,398.8291961465565,28142500
2026-07-23,MSFT,Microsoft,380.8630065917969,391.04385321150613,376.68090752842744,389.23725659651495,30351800
2026-07-24,MSFT,Microsoft,380.9828186035156,388.29903252889795,379.9347732203772,386.32274187573427,27659400
2026-07-27,MSFT,Microsoft,388.368896484375,393.45931979821836,387.2609663085435,389.3470355932277,27856200
2026-07-28,MSFT,Microsoft,392.61090087890625,399.56780545733704,390.5647345556998,392.4212554523594,32367500
2026-07-29,MSFT,Microsoft,389.8061828613281,400.4960502148319,388.00954678983055,392.6607942930367,47209000
2026-07-30,MSFT,Microsoft,450.2524108886719,457.8281459885008,431.6274684759506,437.07720086969465,110160700
2026-07-31,MSFT,Microsoft,463.8468017578125,465.962813447145,448.4857046349594,449.1544591210436,60846000
2026-08-03,MSFT,Microsoft,486.73370361328125,490.7261876465455,474.10747895013026,475.2353605631651,66762100
2026-08-04,MSFT,Microsoft,491.884033203125,498.50158065157444,478.2696778930625,479.99640781848416,50455500
2026-08-05,MSFT,Microsoft,486.5440673828125,497.3038108374591,484.7674131728324,495.42733843271316,33388900
2026-08-06,MSFT,Microsoft,498.9207458496094,500.61756372489685,487.60205742358346,487.6319998350186,36441500
2026-08-07,MSFT,Microsoft,499.0505065917969,504.23075699317457,497.79289485093346,498.2719734340298,28846200
2026-08-10,MSFT,Microsoft,505.109130859375,512.7647021753171,501.32624359045303,502.4940586092805,31206100
2026-08-11,MSFT,Microsoft,502.86334228515625,504.38047525067043,498.61133704649393,503.3823542433026,23049800
2026-08-12,MSFT,Microsoft,491.5047302246094,500.557695253814,490.59643643442394,499.0505227551261,29001500
2026-08-13,MSFT,Microsoft,495.9463806152344,500.3979918654044,492.0836571155829,492.34314786956145,23039000
2026-08-14,MSFT,Microsoft,494.4691467285156,499.07050046550256,492.991947114923,495.42733437790497,16217600
2026-08-17,MSFT,Microsoft,479.44744873046875,491.73431632358415,477.51109147171053,489.21906226283284,29635800
2026-08-18,MSFT,Microsoft,480.72503662109375,483.36006030134655,476.2534434403709,480.6352093836093,24087600
2026-08-19,MSFT,Microsoft,483.3999938964844,488.3806080919379,478.4592826108848,479.16797047398614,19961900
2026-08-20,MSFT,Microsoft,481.1499938964844,484.1600036621094,479.5,483.29998779296875,20020800
2026-08-21,MSFT,Microsoft,483.239990234375,486.3599853515625,478.5299987792969,479.8800048828125,22510800
2026-08-24,MSFT,Microsoft,487.30999755859375,490.6099853515625,481.8599853515625,483.2099914550781,17230800
2026-08-25,MSFT,Microsoft,491.7099914550781,492.44000244140625,484.29998779296875,485.44000244140625,19519000
2026-08-26,MSFT,Microsoft,496.3699951171875,497.3999938964844,487.30999755859375,487.8500061035156,20758900
2026-08-27,MSFT,Microsoft,505.05999755859375,506.4800109863281,490.0799865722656,494.8800048828125,28688800
2026-08-28,MSFT,Microsoft,513.530029296875,517.780029296875,504.8699951171875,505.3299865722656,29207300
2026-08-31,MSFT,Microsoft,507.2900085449219,512.1900024414062,506.3900146484375,510.3800048828125,27208900
2026-09-01,MSFT,Microsoft,501.0199890136719,505.9700012207031,496.7799987792969,497.5199890136719,21046900
2026-09-02,MSFT,Microsoft,496.82000732421875,500.2699890136719,493.80999755859375,499.8500061035156,15336100
2026-09-03,MSFT,Microsoft,510.1199951171875,515.6500244140625,500.79998779296875,501.6600036621094,24125900
2026-09-04,MSFT,Microsoft,499.70001220703125,511.0,499.3599853515625,510.0,18101800
2026-09-08,MSFT,Microsoft,493.95001220703125,495.19000244140625,490.1499938964844,493.010009765625,18882300
2026-09-09,MSFT,Microsoft,491.6499938964844,494.3900146484375,489.79998779296875,493.07000732421875,12889600
2026-09-10,MSFT,Microsoft,492.44000244140625,494.5199890136719,486.0,488.32000732421875,16038800
2026-09-11,MSFT,Microsoft,495.6300048828125,498.9700012207031,492.5799865722656,495.6499938964844,14510500
