Date,ticker,name,Close,High,Low,Open,Volume
2015-01-02,INTC,Intel,27.89645767211914,28.510240523597794,27.70465034811034,28.13429688077165,23605600
2015-01-05,INTC,Intel,27.581893920898438,27.965508570906074,27.57421998891968,27.773701245902256,32785000
2015-01-06,INTC,Intel,27.067852020263672,27.79672052820343,27.05250708120992,27.68163787542212,30847600
2015-01-07,INTC,Intel,27.63559913635254,27.673960015168987,27.060177173863448,27.344051189202112,27725200
2015-01-08,INTC,Intel,28.149641036987305,28.387483165789202,27.819732214704555,27.904127903206756,31765400
2015-01-09,INTC,Intel,28.20334243774414,28.47187439792533,27.92714240053192,28.211016368269096,22850500
2015-01-12,INTC,Intel,28.08058738708496,28.387480236010955,27.796713404214046,28.310758487153013,29400800
2015-01-13,INTC,Intel,28.00387191772461,28.76343027942643,27.842754452946206,28.287745964250522,31478000
2015-01-14,INTC,Intel,27.888782501220703,28.31843194154233,27.551202679591306,27.873440491519368,34250300
2015-01-15,INTC,Intel,27.766016006469727,28.29540588100953,27.643259485528645,28.026873979312818,47181800
2015-01-16,INTC,Intel,27.96550178527832,28.126619196768143,27.244304545138878,27.71231477286848,62812200
2015-01-20,INTC,Intel,27.68930435180664,27.973178360991593,27.290344781919675,27.696975356704662,35929400
2015-01-21,INTC,Intel,27.988521575927734,28.141968005175954,27.443789532506397,27.50516634815736,27442600
2015-01-22,INTC,Intel,28.318437576293945,28.387488340679027,27.72767057583222,28.049908451878593,31809900
2015-01-23,INTC,Intel,27.96550178527832,28.410493149404516,27.91179598144838,28.356787345574578,27427100
2015-01-26,INTC,Intel,27.474483489990234,27.85042422447754,27.290347162156298,27.766028529501472,30906800
2015-01-27,INTC,Intel,26.23158073425293,26.638214439785166,25.740554225514764,26.392701185416087,58456200
2015-01-28,INTC,Intel,25.917016983032227,26.622869792272155,25.870985076543,26.446407321649392,34929100
2015-01-29,INTC,Intel,26.24690818786621,26.30061399354873,25.671486332627563,25.96303422543761,29569400
2015-01-30,INTC,Intel,25.349254608154297,26.078122966217073,25.31856473635755,25.855625785811558,38719700
2015-02-02,INTC,Intel,25.8172664642334,25.893988221598416,25.050037183593446,25.364601071585927,38733800
2015-02-03,INTC,Intel,25.855632781982422,26.124161915996005,25.019352573092625,25.91700961543636,36038300
2015-02-04,INTC,Intel,25.963809967041016,26.1492670579478,25.731990814212885,26.0179010044429,25052800
2015-02-05,INTC,Intel,26.226533889770508,26.265172863977366,25.8478967035582,26.025624783498245,20491400
2015-02-06,INTC,Intel,25.731990814208984,26.272904135968183,25.608353736184633,26.21108412308578,29342400
2015-02-09,INTC,Intel,25.446081161499023,25.685629294867837,25.245169063127626,25.50017220004351,28705500
2015-02-10,INTC,Intel,26.041080474853516,26.064261501801038,25.538803274230872,25.65471430444839,20200000
2015-02-11,INTC,Intel,25.925180435180664,26.087453588086206,25.74745227517823,26.017907530020803,18364200
2015-02-12,INTC,Intel,26.37335968017578,26.37335968017578,26.087446547656807,26.25744863210156,20056700
2015-02-13,INTC,Intel,26.55109214782715,26.558818176687335,26.234271905223473,26.466091091660644,18037900
2015-02-17,INTC,Intel,26.8447265625,26.85245258998057,26.47381239314487,26.581997412055323,19374100
2015-02-18,INTC,Intel,26.481544494628906,26.82154575097934,26.419724476524806,26.775183685141972,19992900
2015-02-19,INTC,Intel,26.4351749420166,26.59744804006581,26.311537874778125,26.46608494576127,11017500
2015-02-20,INTC,Intel,26.58972930908203,26.713366410245875,26.203362999477385,26.38882012509366,20955600
2015-02-23,INTC,Intel,26.087444305419922,26.659267573568805,25.94835518652224,26.581995513321186,25565500
2015-02-24,INTC,Intel,26.58972930908203,26.651549333534458,25.894268772697266,25.9715438032628,29607500
2015-02-25,INTC,Intel,26.234264373779297,26.388811436283014,26.06426231025121,26.29608143013676,24686300
2015-02-26,INTC,Intel,26.002443313598633,26.18017139050687,25.83244126275605,25.97925933992203,25928400
2015-02-27,INTC,Intel,25.6933536529541,25.994718833184887,25.66244364786881,25.98699280578373,24427300
2015-03-02,INTC,Intel,26.31926727294922,26.373358306502382,25.592896911966307,25.724262956124168,25406400
2015-03-03,INTC,Intel,26.350173950195312,26.566541029034063,26.203355853769896,26.234265857566893,27332000
2015-03-04,INTC,Intel,26.365623474121094,26.589716533479287,26.056532343591485,26.164714386663828,23005800
2015-03-05,INTC,Intel,26.064268112182617,26.65927251923945,25.95608602867059,26.473815413404054,21225800
2015-03-06,INTC,Intel,25.64698600769043,26.02562616169362,25.561987924057902,25.917444102761287,32373100
2015-03-09,INTC,Intel,25.283809661865234,25.708811969481626,25.098352555187528,25.654720927479943,33058800
2015-03-10,INTC,Intel,24.49562644958496,25.04426594277773,24.341079324642163,24.91290280260815,50278900
2015-03-11,INTC,Intel,24.98244285583496,25.46926220292604,24.688803683806636,24.7042572134895,49683600
2015-03-12,INTC,Intel,23.80015754699707,24.418344356943678,23.630156948043552,23.962432118885964,107402400
2015-03-13,INTC,Intel,23.900609970092773,23.939245995052215,23.46015280052767,23.668789398726485,47954700
2015-03-16,INTC,Intel,23.823341369628906,24.039706986177524,23.684249292838384,23.900614909387,33074600
2015-03-17,INTC,Intel,23.637887954711914,23.746070036102257,23.49879586499844,23.63016045263113,29215600
2015-03-18,INTC,Intel,23.869707107543945,24.109255250295696,23.413794802139414,23.498795851107474,39834100
2015-03-19,INTC,Intel,23.753799438476562,24.031983640158135,23.715163398852095,23.784709449272487,27414200
2015-03-20,INTC,Intel,24.194252014160156,24.433800129077788,23.900614338734545,23.946977871934347,64777100
2015-03-23,INTC,Intel,24.109251022338867,24.56516324779163,24.109251022338867,24.178797054958444,29694000
2015-03-24,INTC,Intel,23.79243278503418,24.201980039260206,23.753795278306132,24.078342965470817,28471400
2015-03-25,INTC,Intel,23.096973419189453,23.869705901318188,23.073792388002545,23.807887361702697,37691000
2015-03-26,INTC,Intel,23.24379539489746,23.49106957880003,22.648790968712905,22.795610568106454,45450100
2015-03-27,INTC,Intel,24.727439880371094,25.50017237663269,23.066065308182715,23.18970238967495,73857200
2015-03-30,INTC,Intel,24.310161590576172,24.804709875159645,24.186524519430304,24.46470866644358,51391500
2015-03-31,INTC,Intel,24.163341522216797,24.673344767633132,24.109250492228707,24.2869785832953,32098500
2015-04-01,INTC,Intel,23.807889938354492,24.201983723756086,23.684252845742666,24.055164123578145,31532100
2015-04-02,INTC,Intel,23.807889938354492,24.132437674928134,23.699707850786748,23.800162435832455,20909600
2015-04-06,INTC,Intel,23.985612869262695,24.147885955425558,23.52970066451466,23.80788330848957,21490900
2015-04-07,INTC,Intel,24.155616760253906,24.410618411872306,23.954706144756045,24.008797180876584,23258300
2015-04-08,INTC,Intel,24.194252014160156,24.38743512200784,24.001068906312476,24.132433478603705,18250300
2015-04-09,INTC,Intel,24.140161514282227,24.43380067007961,23.622430714832277,23.707431755805757,34167600
2015-04-10,INTC,Intel,24.673343658447266,24.681071158651037,24.2097039633107,24.2097039633107,28084900
2015-04-13,INTC,Intel,24.518800735473633,24.76607488819978,24.503345732460698,24.58061927365517,23489000
2015-04-14,INTC,Intel,24.333345413208008,24.681075615824774,24.16334479963438,24.480164995854,39754000
2015-04-15,INTC,Intel,25.368810653686523,25.492447741935997,24.78153227369599,24.928350394823273,61083500
2015-04-16,INTC,Intel,25.399717330932617,25.492447356523293,25.26835421629015,25.384262326667507,28903200
2015-04-17,INTC,Intel,25.090627670288086,25.26835580892791,24.89744452640904,25.121534733025694,30593600
2015-04-20,INTC,Intel,25.291532516479492,25.337897524265845,25.136985438265317,25.19880544864712,20649300
2015-04-21,INTC,Intel,25.059711456298828,25.476987651239,24.943800419568742,25.446077648412295,19023800
2015-04-22,INTC,Intel,25.26835060119629,25.283805603250283,24.750618349478266,25.044257493023707,21144200
2015-04-23,INTC,Intel,24.99789047241211,25.04425547483778,24.735161354146626,24.758345329229464,23775300
2015-04-24,INTC,Intel,24.789257049560547,25.098348243941928,24.74289204392025,25.04425721123168,22759900
2015-04-27,INTC,Intel,25.11380386352539,25.260621963387194,24.78925765928132,24.78925765928132,25869600
2015-04-28,INTC,Intel,25.51563262939453,25.531087636228055,24.90517312430565,24.9592641743524,29572800
2015-04-29,INTC,Intel,25.41516876220703,25.500169799844954,25.1524396221172,25.160168597033508,21819000
2015-04-30,INTC,Intel,25.152441024780273,25.384260173613097,24.959257909462853,25.276078100673807,22013300
2015-05-01,INTC,Intel,25.82472038269043,25.878814373062912,25.20653493279858,25.214263909026393,27091200
2015-05-04,INTC,Intel,25.832454681396484,25.88654573517306,25.670181520066755,25.708817565944116,21397300
2015-05-05,INTC,Intel,25.404375076293945,25.762401715240554,25.349892890761044,25.684570869923963,29779200
2015-05-06,INTC,Intel,25.077476501464844,25.52111875507257,24.851762942525955,25.295405196133682,31985400
2015-05-07,INTC,Intel,25.09304428100586,25.396588680649913,25.046344000654504,25.116392936653586,21475300
2015-05-08,INTC,Intel,25.528902053833008,25.59116909519363,25.17087547317728,25.30318848248468,26926500
2015-05-11,INTC,Intel,25.44328498840332,25.45885174790645,25.24092305297421,25.43550309317965,18358600
2015-05-12,INTC,Intel,25.1008243560791,25.295404389847157,24.906244322311046,25.248704112882773,24530200
2015-05-13,INTC,Intel,25.404375076293945,25.606740024607372,25.11639738575484,25.11639738575484,20470800
2015-05-14,INTC,Intel,25.661216735839844,25.78574784321406,25.50555210935812,25.575601042822107,21098900
2015-05-15,INTC,Intel,25.67678451538086,25.777964002915812,25.489986362371244,25.75461534718558,17149700
2015-05-18,INTC,Intel,26.003681182861328,26.003681182861328,25.567820744683203,25.669003215324906,23689500
2015-05-19,INTC,Intel,25.801315307617188,25.980328593791985,25.676784196840984,25.96476183381297,21867100
2015-05-20,INTC,Intel,25.972543716430664,26.073726171716253,25.6923479750588,25.731266359515022,21359800
2015-05-21,INTC,Intel,26.11264419555664,26.120429060847883,25.73905082609386,25.848015187721813,21269800
2015-05-22,INTC,Intel,26.03481101989746,26.081508331228292,25.93362856358748,26.050377780026373,20845000
2015-05-26,INTC,Intel,25.76239776611328,25.91028050622481,25.56003581787642,25.89471374573644,28594500
2015-05-27,INTC,Intel,26.237173080444336,26.346137432776654,25.78574891091674,25.840231087082902,30172700
2015-05-28,INTC,Intel,26.47066307067871,26.579630369530477,26.213819003166396,26.260519274102865,27065700
2015-05-29,INTC,Intel,26.820911407470703,27.046624961448977,26.62633137177683,26.649682995017983,43545500
2015-06-01,INTC,Intel,26.39283561706543,26.92209354554721,26.213822342587136,26.75086216602202,46734500
2015-06-02,INTC,Intel,25.89471435546875,26.268307708818558,25.79353189443983,26.18269200864455,36351100
2015-06-03,INTC,Intel,25.474414825439453,25.871359712756966,25.3654504937226,25.81687457784318,38138700
2015-06-04,INTC,Intel,25.14752960205078,25.466640801722704,25.061913895226755,25.303191284578528,33761800
2015-06-05,INTC,Intel,24.781715393066406,25.13974197402878,24.773932012889663,25.124175213675294,27778500
2015-06-08,INTC,Intel,24.361419677734375,24.86732895406287,24.291370746689747,24.758363125477977,38171600
2015-06-09,INTC,Intel,24.3225040435791,24.64161517786863,24.24467173373408,24.38476959454955,33976700
2015-06-10,INTC,Intel,24.76614761352539,25.030776590532657,24.415904427153126,24.485951876805245,33336800
2015-06-11,INTC,Intel,24.789493560791016,24.98407208618396,24.781710182250873,24.867325861664792,24293600
2015-06-12,INTC,Intel,24.376985549926758,24.98407428419078,24.28358796828358,24.688313296283667,31629800
2015-06-15,INTC,Intel,24.431467056274414,24.52486611990813,24.08122390783543,24.221321761022125,23175000
2015-06-16,INTC,Intel,24.62605094909668,24.71945002741218,24.2291074641798,24.330289922732252,20254500
2015-06-17,INTC,Intel,24.867332458496094,24.97629681790896,24.664969016352163,24.711667815453666,28194200
2015-06-18,INTC,Intel,25.20200538635254,25.295402965968258,24.906242920337977,24.968509952785475,27722400
2015-06-19,INTC,Intel,24.96072769165039,25.349887777855177,24.875111997636406,25.21757477369235,39008400
2015-06-22,INTC,Intel,25.108604431152344,25.209786872713536,24.968509548524775,25.108604431152344,23608400
2015-06-23,INTC,Intel,24.97629165649414,25.170871677822685,24.851760561606092,25.14752302536102,17995900
2015-06-24,INTC,Intel,24.836200714111328,25.022998892946433,24.8128505706249,25.022998892946433,23313900
2015-06-25,INTC,Intel,24.89845848083496,25.15530404063056,24.89845848083496,24.92180861700827,22743300
2015-06-26,INTC,Intel,24.143491744995117,24.54043520515785,23.941128325037965,24.524868445654707,62157200
2015-06-29,INTC,Intel,23.65314483642578,24.112353765117902,23.590879294460457,23.89442511050308,35194500
2015-06-30,INTC,Intel,23.676494598388672,23.886641355909088,23.466347840868252,23.839941086775042,34412200
2015-07-01,INTC,Intel,23.48970603942871,23.77768370864647,23.35739153384733,23.730984908008367,27178900
2015-07-02,INTC,Intel,23.78545570373535,24.065651342494366,23.427429262678746,23.48969479523326,27105200
2015-07-06,INTC,Intel,23.380733489990234,23.699844570919804,23.225068896329553,23.53639659912333,32468100
2015-07-07,INTC,Intel,23.271780014038086,23.295130160820417,22.64134089619886,23.248431351784127,43833700
2015-07-08,INTC,Intel,22.9604434967041,23.09275797623571,22.688031158312217,22.882611187945304,45223800
2015-07-09,INTC,Intel,22.516796112060547,23.263982542230348,22.431180443572455,23.131668092988512,47167800
2015-07-10,INTC,Intel,22.703601837158203,22.843699720208917,22.524588535272546,22.72695197917601,31423800
2015-07-13,INTC,Intel,23.13945960998535,23.20950854801986,22.71916746630631,22.781433024056096,26452400
2015-07-14,INTC,Intel,23.07718849182129,23.43521647601223,22.913741998808295,23.084971870230618,39778300
2015-07-15,INTC,Intel,23.108322143554688,23.34181755911938,22.937090786581443,23.077188629731317,47852500
2015-07-16,INTC,Intel,23.271780014038086,23.723205793464555,22.649124278459634,23.71542241120378,81166700
2015-07-17,INTC,Intel,22.937089920043945,23.193935461272833,22.64911235069547,23.08497113606288,43697600
2015-07-20,INTC,Intel,22.649120330810547,23.053847230658484,22.625770188098052,23.053847230658484,33812900
2015-07-21,INTC,Intel,22.353357315063477,22.773650967704036,22.314441895905535,22.54015399917214,45191000
2015-07-22,INTC,Intel,22.267745971679688,22.454542679911384,22.127648069373844,22.236612444710268,36387200
2015-07-23,INTC,Intel,22.25995635986328,22.54793398109042,22.12764187633172,22.30665515271917,33775200
2015-07-24,INTC,Intel,21.839664459228516,22.291090117147462,21.839664459228516,22.20547590437992,31621000
2015-07-27,INTC,Intel,22.065380096435547,22.119862278169148,21.49720665188784,21.847449884973035,42161100
2015-07-28,INTC,Intel,22.54014778137207,22.711379141299478,22.135422486379277,22.18990465198248,33182400
2015-07-29,INTC,Intel,22.57906723022461,22.67246481482317,22.40783733544202,22.532368437925328,26470200
2015-07-30,INTC,Intel,22.501237869262695,22.92153150862735,22.454539070842635,22.649119129542264,26582400
2015-07-31,INTC,Intel,22.53236961364746,22.66468410250603,22.39227174491158,22.66468410250603,27158800
2015-08-03,INTC,Intel,22.610204696655273,22.843701683315047,22.493456945589486,22.571289274476076,26213600
2015-08-04,INTC,Intel,22.672470092773438,22.688036855339618,22.462324736242778,22.555722342583476,25741700
2015-08-05,INTC,Intel,22.85297203063965,23.064863141323784,22.774493120786666,22.907906818478526,23622700
2015-08-06,INTC,Intel,22.766639709472656,22.93929207293202,22.641074082073057,22.88435729805224,27958200
2015-08-07,INTC,Intel,22.66461753845215,22.727400354469893,22.515509285947754,22.6018347224344,25606100
2015-08-10,INTC,Intel,23.261051177978516,23.292443329206847,22.805875463188794,22.813723500995877,22807400
2015-08-11,INTC,Intel,22.735248565673828,23.135489582139236,22.727400526504656,23.12764154297006,23758900
2015-08-12,INTC,Intel,23.119787216186523,23.20611412670972,22.491959221999657,22.491959221999657,33589100
2015-08-13,INTC,Intel,22.656768798828125,23.11194454502651,22.656768798828125,23.072704353283388,18821900
2015-08-14,INTC,Intel,22.774484634399414,22.79018070989337,22.617526873180147,22.69600575378978,14302700
2015-08-17,INTC,Intel,22.821577072143555,22.915752051802148,22.531205590318372,22.625380569976965,15548300
2015-08-18,INTC,Intel,22.68816375732422,22.798033321317092,22.601836815980935,22.719555916671066,19182600
2015-08-19,INTC,Intel,22.256534576416016,22.601839387352783,22.193751747440174,22.48412177013067,30530100
2015-08-20,INTC,Intel,21.60516357421875,22.162361030629217,21.60516357421875,21.99755665513682,31936600
2015-08-21,INTC,Intel,20.843917846679688,21.683638712016574,20.843917846679688,21.448203486975437,52288400
2015-08-24,INTC,Intel,20.600629806518555,21.68363368629985,19.517625926737256,19.776605213001936,83234200
2015-08-25,INTC,Intel,20.302417755126953,21.306943039251674,20.302417755126953,21.220617583185174,59371900
2015-08-26,INTC,Intel,21.424654006958008,21.456046160770654,20.46721576857655,20.80467393776108,47386700
2015-08-27,INTC,Intel,21.754270553588867,21.903380334454717,21.197073130824954,21.754270553588867,38649400
2015-08-28,INTC,Intel,22.303619384765625,22.452729151941806,21.54237746251142,21.715029852968705,43452400
2015-08-31,INTC,Intel,22.397794723510742,22.860817118752188,22.099575184431146,22.23298887362768,42401800
2015-09-01,INTC,Intel,21.832746505737305,22.107421907943063,21.70718086419076,21.9033773662148,44144000
2015-09-02,INTC,Intel,22.444881439208984,22.444881439208984,22.08387907607486,22.248684925748872,34618800
2015-09-03,INTC,Intel,22.821577072143555,23.088404434838964,22.515511007759038,22.601836450847184,38665900
2015-09-04,INTC,Intel,22.38209342956543,22.680311402318626,22.295766504646757,22.421332124422864,29116500
2015-09-08,INTC,Intel,23.151187896728516,23.151187896728516,22.719556178754072,22.74309880167524,27805000
2015-09-09,INTC,Intel,22.947139739990234,23.63775217635992,22.892204966000442,23.32383661608625,30774100
2015-09-10,INTC,Intel,22.97068977355957,23.276755877125883,22.680318254561772,22.900058903988775,25195800
2015-09-11,INTC,Intel,23.127641677856445,23.166881873931178,22.790184972776302,22.821575632775662,21786900
2015-09-14,INTC,Intel,23.064861297607422,23.17473236136321,22.82942608372897,23.12764412109905,24065100
2015-09-15,INTC,Intel,23.33168601989746,23.49649184836983,23.13548953167728,23.19827234803332,29819000
2015-09-16,INTC,Intel,23.363080978393555,23.37877705858007,23.072709482385427,23.24536337071589,25957800
2015-09-17,INTC,Intel,23.315988540649414,23.700534951692617,23.190422915481957,23.2453591862455,29805200
2015-09-18,INTC,Intel,22.774484634399414,23.088398659977805,22.60967883543317,22.931440898758538,60693400
2015-09-21,INTC,Intel,22.88435935974121,23.025621077507346,22.711706980727314,22.829424579912263,24417100
2015-09-22,INTC,Intel,22.49981689453125,22.680317333051384,22.350707120733432,22.49981689453125,28576200
2015-09-23,INTC,Intel,22.554750442504883,22.8294258538375,22.43703283675107,22.774491070943093,25984000
2015-09-24,INTC,Intel,22.350706100463867,22.49981586745509,21.87198763306139,22.272227196949512,32754700
2015-09-25,INTC,Intel,22.609691619873047,22.852976437012064,22.468429854272582,22.7117146714116,29192300
2015-09-28,INTC,Intel,22.57044792175293,23.041319870821784,22.476272933194892,22.507665095001126,42291000
2015-09-29,INTC,Intel,22.947139739990234,23.03346666875153,22.570442863894222,22.625377637884018,34169600
2015-09-30,INTC,Intel,23.6534481048584,23.79470981565977,23.182577731334376,23.19827231275421,41051700
2015-10-01,INTC,Intel,23.543582916259766,23.763323562348038,23.11979770527396,23.708387278180453,29832800
2015-10-02,INTC,Intel,23.943819046020508,23.95951512396015,23.17472918930275,23.284598741159463,27901500
2015-10-05,INTC,Intel,24.493165969848633,24.62657962591074,23.983055460267714,24.116469116329824,34842500
2015-10-06,INTC,Intel,24.90910530090332,24.995432232414643,24.414690822384777,24.453929520238813,34899800
2015-10-07,INTC,Intel,25.364286422729492,25.44276383496318,24.89341446502393,25.113155111116043,36930100
2015-10-08,INTC,Intel,25.521238327026367,25.58401964352108,25.097453214234474,25.29364969307657,27794600
2015-10-09,INTC,Intel,25.2230167388916,25.544778817628586,25.06606046701466,25.403517125137185,24209900
2015-10-12,INTC,Intel,25.27796173095703,25.364288688357945,25.113157354312552,25.23872302133525,18795000
2015-10-13,INTC,Intel,25.144542694091797,25.48984743624192,25.09745445909462,25.136693158065185,35588600
2015-10-14,INTC,Intel,25.740978240966797,25.84300125143918,24.210646555624606,24.634430184984154,75954800
2015-10-15,INTC,Intel,25.701738357543945,25.94502306553799,25.474149726877318,25.77236920865701,37634800
2015-10-16,INTC,Intel,25.929325103759766,26.05489071953282,25.489843951693857,25.70173648963347,29371300
2015-10-19,INTC,Intel,26.3609619140625,26.384504536120286,25.795915034907566,25.803764571407502,37624000
2015-10-20,INTC,Intel,26.243247985839844,26.4472940629379,26.14122794101242,26.211858814819962,24416100
2015-10-21,INTC,Intel,26.18830680847168,26.721961504060605,26.14906810897385,26.42374199917953,31928800
2015-10-22,INTC,Intel,26.996639251708984,27.075116653215424,26.360961522111335,26.447288460001,39572600
2015-10-23,INTC,Intel,27.3890323638916,27.491052387542364,26.99663936723826,27.10650892730584,42796600
2015-10-26,INTC,Intel,27.1457462310791,27.436116195415824,27.114354074469503,27.287007942101468,22646900
2015-10-27,INTC,Intel,27.051572799682617,27.114354119284755,26.92600716675751,27.00448456469039,22630100
2015-10-28,INTC,Intel,27.23992156982422,27.23992156982422,26.776897706194443,27.051574604729314,21908400
2015-10-29,INTC,Intel,26.706270217895508,26.91031628185321,26.502227147659216,26.83968541259422,21325200
2015-10-30,INTC,Intel,26.57285499572754,26.91031322229536,26.57285499572754,26.761201963189862,24693900
2015-11-02,INTC,Intel,26.7690486907959,26.902460862605185,26.40019834378308,26.47082919759999,21743100
2015-11-03,INTC,Intel,26.92600440979004,27.00448179968758,26.667023634431214,26.682719711154824,18167000
2015-11-04,INTC,Intel,26.989238739013672,27.084075625583363,26.79166013335416,27.084075625583363,20762100
2015-11-05,INTC,Intel,26.870689392089844,27.02875287382887,26.657304143963675,26.94971962555428,16486100
2015-11-06,INTC,Intel,26.74423599243164,26.8469776954241,26.404400602757175,26.81536439991722,23701700
2015-11-09,INTC,Intel,26.35698127746582,26.73633480282315,26.143599064815888,26.554559856801575,24168700
2015-11-10,INTC,Intel,26.246341705322266,26.29376165683081,25.93021773969624,26.214728404316567,22451700
2015-11-11,INTC,Intel,25.9697265625,26.380690331509893,25.92230662248785,26.20682023294159,19864700
2015-11-12,INTC,Intel,25.60618019104004,26.017140904435657,25.598275361084763,25.851175653086354,23265400
2015-11-13,INTC,Intel,25.376989364624023,25.590374559730606,25.258441029072788,25.503439515634287,23673200
2015-11-16,INTC,Intel,25.369091033935547,25.495541217342442,25.234739033045177,25.361189216452072,29899700
2015-11-17,INTC,Intel,25.79585838317871,25.98553514252994,25.297959527840312,25.40860606276759,22636400
2015-11-18,INTC,Intel,26.206819534301758,26.27004611929909,25.780049129998297,25.86698417696487,18619800
2015-11-19,INTC,Intel,27.10777473449707,27.44761006008727,26.18310862636273,26.254237020435315,45381600
2015-11-20,INTC,Intel,27.392292022705078,27.890190848683208,27.250035215282754,27.250035215282754,41137700
2015-11-23,INTC,Intel,27.250028610229492,27.54244397024896,27.194706866842264,27.39228538317062,20152900
2015-11-24,INTC,Intel,27.15519905090332,27.218422625387447,26.79165520689288,27.131490587322986,21413500
2015-11-25,INTC,Intel,27.2263240814209,27.455515916985387,26.981325600492372,27.076162457867238,17939400
2015-11-27,INTC,Intel,27.23422622680664,27.408096313109176,27.186809304949133,27.297452809029156,6620900
2015-11-30,INTC,Intel,27.479228973388672,27.581970678033258,27.21052198687888,27.305358860114737,21785800
2015-12-01,INTC,Intel,27.732120513916016,27.819055542972972,27.431800326667133,27.66099212785204,23560200
2015-12-02,INTC,Intel,27.526649475097656,27.98503021736589,27.5108428267698,27.73212987373999,18688200
2015-12-03,INTC,Intel,26.902297973632812,27.653097119120428,26.87068467986689,27.63729047223747,30131100
2015-12-04,INTC,Intel,27.61357307434082,27.684701462659866,26.870678918971088,26.957613950784257,24901000
2015-12-07,INTC,Intel,27.65309715270996,27.79535094521013,27.46342040469368,27.495033698498,17731900
2015-12-08,INTC,Intel,27.463420867919922,27.621484324797944,27.20261571184973,27.40019427924484,13380200
2015-12-09,INTC,Intel,27.51084327697754,27.83487203597649,27.273746562989565,27.56616503962541,22548300
2015-12-10,INTC,Intel,27.479228973388672,27.716322663883233,27.392293916751704,27.542452550609294,17400700
2015-12-11,INTC,Intel,27.084068298339844,27.38438854184143,27.028746544906586,27.115681590247263,21251400
2015-12-14,INTC,Intel,27.24213218688965,27.25003400259051,26.77584667549167,27.17100378634387,19357100
2015-12-15,INTC,Intel,27.803258895874023,27.937610887403586,27.376488426056632,27.38439325779953,24365900
2015-12-16,INTC,Intel,27.898080825805664,28.03243576016013,27.47921541215208,27.94550074642636,23257900
2015-12-17,INTC,Intel,27.589862823486328,27.95340655579805,27.47131451238917,27.913891457035263,24963600
2015-12-18,INTC,Intel,26.767940521240234,27.463417846093687,26.760038705930135,27.447611200664138,41336600
2015-12-21,INTC,Intel,27.06035804748535,27.107774967401653,26.728424534024988,26.957616362984613,18006800
2015-12-22,INTC,Intel,27.44761085510254,27.48712596077425,27.084067059227905,27.15519545536071,18422000
2015-12-23,INTC,Intel,27.660993576049805,27.700508678196638,27.487123508832884,27.62147847390297,12526500
2015-12-24,INTC,Intel,27.64518928527832,27.8664762879829,27.62938264011238,27.716317681120408,5893800
2015-12-28,INTC,Intel,27.605676651000977,27.66099840662947,27.321163042163256,27.621483297581914,9449400
2015-12-29,INTC,Intel,28.00873374938965,28.127282083564193,27.668898407219288,27.668898407219288,14188600
2015-12-30,INTC,Intel,27.65309715270996,28.01664098703073,27.62148385890564,27.961319230277986,11566800
2015-12-31,INTC,Intel,27.2263240814209,27.62938298637109,27.21841925133421,27.51873948363219,14736700
2016-01-04,INTC,Intel,26.862783432006836,26.87858706441443,26.44391481777296,26.775848379716603,27882200
2016-01-05,INTC,Intel,26.736326217651367,26.870678161349847,26.499229586733517,26.839064875252948,16709500
2016-01-06,INTC,Intel,26.14360237121582,26.491339629493776,25.92231228430235,26.277954375046992,25491300
2016-01-07,INTC,Intel,25.163606643676758,26.088272898578424,25.163606643676758,25.511343839443164,37680500
2016-01-08,INTC,Intel,24.90279769897461,25.46392149894179,24.83957263069425,25.36117982085837,29953800
2016-01-11,INTC,Intel,25.337474822998047,25.463924976829457,25.037154577094896,25.13989476180614,27732400
2016-01-12,INTC,Intel,25.827468872070312,25.993434134210222,25.503440163450236,25.89069244177669,28587700
2016-01-13,INTC,Intel,25.218931198120117,26.025052210009726,25.155706109387896,25.890697200623105,34445700
2016-01-14,INTC,Intel,25.87489128112793,25.97762996856201,25.13199391617824,25.266347406293736,48728200
2016-01-15,INTC,Intel,23.51974868774414,24.10458096300724,23.274751729537673,23.49603872118045,76373900
2016-01-19,INTC,Intel,23.551362991333008,23.756844868010727,23.298462683854197,23.693619791141025,28878100
2016-01-20,INTC,Intel,23.38539695739746,23.60668547283454,23.08507672163252,23.195721733053404,39598200
2016-01-21,INTC,Intel,23.440719604492188,23.733136528649844,23.10878757236405,23.432816281417143,30157400
2016-01-22,INTC,Intel,23.65410804748535,23.899105066773583,23.322175969860513,23.8042681916836,25326500
2016-01-25,INTC,Intel,23.393301010131836,23.883294978125846,23.36959104107223,23.70152307088306,26441000
2016-01-26,INTC,Intel,23.662010192871094,23.748943739471976,23.4012065382587,23.4012065382587,24754900
2016-01-27,INTC,Intel,23.55926513671875,23.883293827904463,23.42491166666092,23.6145868877888,26384100
2016-01-28,INTC,Intel,23.685718536376953,23.851685319780337,23.511849936654006,23.725235154999126,22028100
2016-01-29,INTC,Intel,24.515548706054688,24.52345202954297,23.788459526585854,23.8753930701473,38311400
2016-02-01,INTC,Intel,24.35748291015625,24.594578069803546,24.21522611584881,24.27845119027382,19015100
2016-02-02,INTC,Intel,23.551362991333008,24.096680221462158,23.417009514559297,24.065068436729675,24994300
2016-02-03,INTC,Intel,23.39191246032715,23.69487452772394,22.73815100909787,23.69487452772394,44660100
2016-02-04,INTC,Intel,23.734737396240234,23.822436095923013,23.208539115453853,23.232456251425322,29257800
2016-02-05,INTC,Intel,23.152725219726562,23.726759163767355,23.049079251632477,23.583250297589135,27957500
2016-02-08,INTC,Intel,22.97732925415039,23.10489237745126,22.56274834308638,22.913547692499957,28725900
2016-02-09,INTC,Intel,22.9693546295166,23.240426626172244,22.65044684541357,22.714228402234177,22902600
2016-02-10,INTC,Intel,22.506933212280273,23.120831517534704,22.475043200936533,23.025158442159594,27267800
2016-02-11,INTC,Intel,22.498966217041016,22.650447992412964,22.068441066868562,22.188031301879114,28450200
2016-02-12,INTC,Intel,22.833820343017578,22.881657654723547,22.43518520283544,22.77801166669966,19699000
2016-02-16,INTC,Intel,22.9454345703125,23.08097055135787,22.610581059534066,22.921515919302585,30705200
2016-02-17,INTC,Intel,23.495553970336914,23.615145725648684,22.905574161533018,23.009220146713574,27691700
2016-02-18,INTC,Intel,23.4556941986084,23.72676624435621,23.423802654086284,23.543394425371673,20623300
2016-02-19,INTC,Intel,22.889629364013672,23.383937614378794,22.889629364013672,23.28029314546658,42056700
2016-02-22,INTC,Intel,23.399883270263672,23.55136505085823,23.120838365170243,23.208538583515363,23893100
2016-02-23,INTC,Intel,22.96138572692871,23.399885336705797,22.801932567560023,23.360020906359228,26638200
2016-02-24,INTC,Intel,23.272314071655273,23.36001274643851,22.62652421167543,22.73814305698355,21593600
2016-02-25,INTC,Intel,23.615142822265625,23.615142822265625,23.080971753922743,23.375960861720845,17571400
2016-02-26,INTC,Intel,23.758651733398438,23.981887940426585,23.678925928655474,23.82243328959616,19902200
2016-02-29,INTC,Intel,23.591224670410156,24.02972265970181,23.583251786155667,23.694869124374158,22903100
2016-03-01,INTC,Intel,24.213096618652344,24.34065972886979,23.718788426055575,23.86229730521826,25502600
2016-03-02,INTC,Intel,24.348634719848633,24.611733847517993,24.013781146390144,24.15728851729605,23779800
2016-03-03,INTC,Intel,24.38052749633789,24.99442603719913,24.348637472755147,24.81902558514019,25625200
2016-03-04,INTC,Intel,24.42038917541504,24.60376250429742,23.95797245172296,24.316744703153216,20356800
2016-03-07,INTC,Intel,24.667537689208984,24.811046552665697,24.31673841416725,24.388492845895605,18858200
2016-03-08,INTC,Intel,24.364582061767578,24.619708336654273,24.221073151975677,24.57984542645543,19104900
2016-03-09,INTC,Intel,24.611732482910156,24.74726848181118,24.45227782984815,24.579840944028845,14707800
2016-03-10,INTC,Intel,24.91469383239746,25.034284058658525,24.221068087007733,24.82699362349231,29584800
2016-03-11,INTC,Intel,25.321304321289062,25.34522297717458,25.13793252151725,25.249549874304893,22811200
2016-03-14,INTC,Intel,25.058202743530273,25.265493178955833,24.954556765481378,25.241574525404804,17438600
2016-03-15,INTC,Intel,25.233604431152344,25.233604431152344,24.76321483733997,24.986451066484413,16927700
2016-03-16,INTC,Intel,25.2654972076416,25.353195909968157,24.85091627068388,25.106042533220176,26298400
2016-03-17,INTC,Intel,25.4967041015625,25.64818436529747,25.27346938840678,25.3213051811298,22865300
2016-03-18,INTC,Intel,26.054792404174805,26.062763768602746,25.560485693335846,25.640211502994013,49934200
2016-03-21,INTC,Intel,25.78371810913086,25.847498142937827,25.472783221128896,25.69601790146991,21760900
2016-03-22,INTC,Intel,25.767778396606445,25.879395763010653,25.472789208060302,25.640215257666615,22200400
2016-03-23,INTC,Intel,25.51264762878418,25.88736561406222,25.496701859054838,25.88736561406222,18765300
2016-03-24,INTC,Intel,25.416976928710938,25.472787128028315,25.27346954962644,25.409005563766613,14211900
2016-03-28,INTC,Intel,25.432924270629883,25.512651611048916,25.209689542263625,25.409007132974946,11433000
2016-03-29,INTC,Intel,25.815608978271484,25.86344324205205,25.29738215079021,25.456836793195553,15313200
2016-03-30,INTC,Intel,26.07870864868164,26.110600187994258,25.743856609932916,25.8714197258388,16598000
2016-03-31,INTC,Intel,25.79168701171875,26.03884184232936,25.767769881491446,25.93519587577083,17880000
2016-04-01,INTC,Intel,25.871427536010742,25.887373310480825,25.59238104480253,25.72791860712549,18049700
2016-04-04,INTC,Intel,25.51264762878418,25.81561117095248,25.305357184319632,25.672102284733,21581600
2016-04-05,INTC,Intel,25.432924270629883,25.60832320301373,25.289415362010125,25.424951384520725,20080000
2016-04-06,INTC,Intel,25.576431274414062,25.696019988017028,25.3292764001498,25.488729538959422,15740600
2016-04-07,INTC,Intel,25.15387725830078,25.432922166343328,24.994424111328193,25.424949280893838,23738200
2016-04-08,INTC,Intel,25.21765899658203,25.52859544858472,25.098068755352884,25.321304987473734,17031900
2016-04-11,INTC,Intel,25.24955177307129,25.78372296263844,25.241578887176555,25.43292358663266,19707700
2016-04-12,INTC,Intel,25.401031494140625,25.4648130554293,25.018340605736206,25.416975743958513,16774200
2016-04-13,INTC,Intel,25.616294860839844,25.656157766435296,25.47278596762043,25.48873021745518,19968100
2016-04-14,INTC,Intel,25.35318946838379,25.424943901575254,25.153871936334635,25.337245221530647,21620900
2016-04-15,INTC,Intel,25.082120895385742,25.42494734018354,25.01833933733073,25.345221533118995,28782800
2016-04-18,INTC,Intel,25.233604431152344,25.289413108270356,25.018341087406533,25.05820551439968,21566600
2016-04-19,INTC,Intel,25.193740844726562,25.36116687156093,25.034286182403235,25.273468175888222,33619300
2016-04-20,INTC,Intel,25.51264762878418,25.719936552576428,24.91469494998455,24.970503623364948,57629800
2016-04-21,INTC,Intel,25.48872947692871,25.560485442126062,25.361166357922528,25.464812342535257,28431400
2016-04-22,INTC,Intel,25.225631713867188,25.401032152461188,24.89077812825513,25.305359047712425,29625600
2016-04-25,INTC,Intel,25.02631187438965,25.114012085748662,24.87483162653425,25.002394740871573,19315700
2016-04-26,INTC,Intel,25.03428840637207,25.273470421105248,24.850916592880715,25.02631552048038,20976400
2016-04-27,INTC,Intel,25.313329696655273,25.35319259971968,24.86685879551038,24.91469458332212,20006200
2016-04-28,INTC,Intel,24.803081512451172,25.281442514347777,24.739299944153455,25.074153557884603,25146400
2016-04-29,INTC,Intel,24.14134407043457,24.611733646466348,23.997835180028623,24.60376076136909,36443700
2016-05-02,INTC,Intel,24.404441833496094,24.468223390040993,24.20512427920925,24.276878720406298,21086600
2016-05-03,INTC,Intel,24.205129623413086,24.36458278964456,23.98986625229437,24.244992534802805,27111100
2016-05-04,INTC,Intel,24.004085540771484,24.29358100311706,23.883462303643523,24.261415522326516,23278800
2016-05-05,INTC,Intel,24.044288635253906,24.14078812862555,23.92366541889491,24.020164912266555,23393300
2016-05-06,INTC,Intel,24.15687370300293,24.21316443987316,23.738711752241876,23.811085995020044,19632200
2016-05-09,INTC,Intel,23.96388053894043,24.261419335507576,23.931715053094422,24.18904507509416,16888300
2016-05-10,INTC,Intel,24.23729705810547,24.269464081724102,23.979967004388833,24.124715543056467,17013800
2016-05-11,INTC,Intel,24.172950744628906,24.325740951975103,24.100576516612666,24.253366723958866,15754200
2016-05-12,INTC,Intel,23.931711196899414,24.317706167702386,23.778920945778694,24.213166438287793,20826700
2016-05-13,INTC,Intel,24.05233383178711,24.285540079442473,23.996043091679297,24.012126598512282,19999600
2016-05-16,INTC,Intel,24.438331604003906,24.575038360193986,24.02821133543366,24.044294844116685,21826100
2016-05-17,INTC,Intel,24.108623504638672,24.583076198554885,24.012125535527872,24.583076198554885,25709900
2016-05-18,INTC,Intel,24.116662979125977,24.3257439375219,23.94779078223355,24.148829988328774,22469900
2016-05-19,INTC,Intel,23.827171325683594,24.068419346885147,23.722631590161686,23.939754349100756,21740900
2016-05-20,INTC,Intel,24.245328903198242,24.430284611976344,23.88345923825945,23.907582962304215,22777300
2016-05-23,INTC,Intel,24.30965805053711,24.510697236930184,24.229242069218426,24.30965805053711,20881900
2016-05-24,INTC,Intel,24.977115631103516,25.025366154750753,24.486580911151773,24.526788147050073,23699200
2016-05-25,INTC,Intel,25.242488861083984,25.387237372926574,25.04949135656314,25.089700128634874,18359600
2016-05-26,INTC,Intel,25.32289695739746,25.435478416398215,25.25052272409488,25.32289695739746,12692300
2016-05-27,INTC,Intel,25.387231826782227,25.45156431423497,25.290733862506848,25.411357084754815,13341300
2016-05-31,INTC,Intel,25.403324127197266,25.451573126039648,25.17815957625278,25.338991617471414,23040200
2016-06-01,INTC,Intel,25.459613800048828,25.507862796841767,25.306823520761906,25.427448313456186,17753500
2016-06-02,INTC,Intel,25.540023803710938,25.540023803710938,25.290735589534346,25.379191807192598,14140100
2016-06-03,INTC,Intel,25.42744255065918,25.523940522375057,25.250527046167395,25.523940522375057,15777500
2016-06-06,INTC,Intel,25.475690841674805,25.588272316875234,25.395274844899827,25.443523829441787,15139600
2016-06-07,INTC,Intel,25.636520385742188,25.749103390728987,25.491773437286316,25.53198066733392,19339100
2016-06-08,INTC,Intel,25.64456558227539,25.733023340827955,25.564151111381474,25.572191331424694,12732100
2016-06-09,INTC,Intel,25.68477439880371,25.733023388190407,25.475693399717738,25.475693399717738,11276800
2016-06-10,INTC,Intel,25.76519012451172,25.926022132468532,25.451567862376702,25.491776631269758,35749100
2016-06-13,INTC,Intel,25.869722366333008,26.135095578508302,25.765184192701557,25.773224410821403,23004800
2016-06-14,INTC,Intel,25.845609664916992,25.926027218478925,25.56415589649023,25.74106837909448,18754300
2016-06-15,INTC,Intel,25.419401168823242,25.942101335236156,25.40331766203304,25.93406111564868,23783300
2016-06-16,INTC,Intel,25.483734130859375,25.548066625395723,25.10577938337663,25.28269489370733,18547900
2016-06-17,INTC,Intel,25.540023803710938,25.580231035936727,25.306817562140107,25.51589854409091,27047900
2016-06-20,INTC,Intel,25.869722366333008,26.08684506694515,25.741057403112634,25.789307914675785,21961600
2016-06-21,INTC,Intel,25.990352630615234,26.038603152424628,25.805396898435585,25.942102108805845,15476500
2016-06-22,INTC,Intel,25.96623420715332,26.239647751354234,25.934067186043574,25.97427442862277,18304800
2016-06-23,INTC,Intel,26.52914047241211,26.53718069256814,26.1351021972262,26.199436228936335,22048800
2016-06-24,INTC,Intel,25.37114906311035,25.990350231573057,25.250525837336358,25.572188284002852,38094300
2016-06-27,INTC,Intel,24.703704833984375,25.258573646147433,24.478541834237205,25.258573646147433,34965100
2016-06-28,INTC,Intel,25.0816593170166,25.08970107173323,24.776078773016245,24.90474378086654,23693900
2016-06-29,INTC,Intel,25.676734924316406,25.71694216340665,25.178156877034986,25.210323895353465,22771100
2016-06-30,INTC,Intel,26.376346588134766,26.44068061474046,25.708896400176826,25.733021660153963,34528900
2016-07-01,INTC,Intel,26.336137771606445,26.448719243781163,26.110974827257007,26.24768002415058,17084600
2016-07-05,INTC,Intel,26.27985382080078,26.32006106158513,26.102938280210648,26.13510529988446,20107200
2016-07-06,INTC,Intel,26.513051986694336,26.537175710248704,26.03859932856408,26.37634372878482,21070200
2016-07-07,INTC,Intel,26.69801139831543,26.97946510424151,26.50501238024089,26.50501238024089,26119400
2016-07-08,INTC,Intel,27.341339111328125,27.341339111328125,26.939260594985065,27.059885376934236,23341900
2016-07-11,INTC,Intel,27.64691734313965,27.743415320103352,27.373503852063,27.373503852063,23820700
2016-07-12,INTC,Intel,28.097240447998047,28.121367240518083,27.72732901725153,27.7514527421565,28064100
2016-07-13,INTC,Intel,28.153532028198242,28.346531036066814,28.04899383873396,28.177658821441288,29120900
2016-07-14,INTC,Intel,28.306333541870117,28.386748033370072,28.113334467607526,28.25004278429691,25296400
2016-07-15,INTC,Intel,28.2017822265625,28.37869772613016,28.06507702607122,28.354570933161305,23661900
2016-07-18,INTC,Intel,28.185705184936523,28.306329974601084,28.105290703570702,28.290246464804753,19347200
2016-07-19,INTC,Intel,28.266117095947266,28.274157315433808,28.024867564737868,28.057034577914482,20395400
2016-07-20,INTC,Intel,28.700361251831055,28.89336027503326,28.19374456770415,28.386740523290953,42994200
2016-07-21,INTC,Intel,27.558462142944336,27.73537767347142,27.228757879081105,27.60671266971054,63708600
2016-07-22,INTC,Intel,27.87208366394043,27.904250682668668,27.550419611889573,27.64692066807428,33033700
2016-07-25,INTC,Intel,27.89620590209961,27.952496648055334,27.799707918692018,27.83991515614388,20277700
2016-07-26,INTC,Intel,28.217863082885742,28.330444547451393,27.904242412277195,27.94444963996281,29644400
2016-07-27,INTC,Intel,28.008785247802734,28.370653385123482,27.847953260318505,28.14549044321457,23601800
2016-07-28,INTC,Intel,27.96054458618164,28.008795119717686,27.759505297872266,28.008795119717686,21667400
2016-07-29,INTC,Intel,28.032913208007812,28.081160664212717,27.82383067240163,27.960538956084974,18171200
2016-08-01,INTC,Intel,28.024871826171875,28.073122353273725,27.791668614218814,28.000748096428794,18824400
2016-08-02,INTC,Intel,27.791669845581055,28.040956577613183,27.606714084919343,27.992709115989324,20057300
2016-08-03,INTC,Intel,27.751163482666016,27.77547008203968,27.540499076064943,27.629624304058282,18388800
2016-08-04,INTC,Intel,28.018537521362305,28.050945277609063,27.72684607906197,27.783563516079422,16362600
2016-08-05,INTC,Intel,28.34263801574707,28.464177152551866,28.11576825730467,28.19679228792877,20046200
2016-08-08,INTC,Intel,28.391254425048828,28.496585047192493,28.24540869652981,28.27781954528263,19497300
2016-08-09,INTC,Intel,28.29401969909668,28.4884816857641,28.229201097453153,28.3912522378646,12578900
2016-08-10,INTC,Intel,27.978017807006836,28.358837470691014,27.953711221109714,28.358837470691014,19579000
2016-08-11,INTC,Intel,28.09955596923828,28.148172230258627,27.945609112309022,28.083350548898167,16364100
2016-08-12,INTC,Intel,28.01043701171875,28.16438391981033,27.905103289935607,27.969924992838745,15708300
2016-08-15,INTC,Intel,28.28591537475586,28.488478504936253,28.059045658031597,28.115763087212663,18931100
2016-08-16,INTC,Intel,28.528993606567383,28.528993606567383,28.172483571501388,28.172483571501388,16320900
2016-08-17,INTC,Intel,28.37504768371582,28.528994571843654,28.17248452471517,28.496583724595105,18221600
2016-08-18,INTC,Intel,28.334531784057617,28.4317612215999,28.156275239506694,28.326427527922707,16085200
2016-08-19,INTC,Intel,28.553300857543945,28.57760744465589,28.148174587714745,28.229198605333327,16417600
2016-08-22,INTC,Intel,28.650527954101562,28.72345080034263,28.456066000502748,28.52088768199165,14941400
2016-08-23,INTC,Intel,28.682937622070312,28.91790848069046,28.601910523522186,28.76396162975067,18316000
2016-08-24,INTC,Intel,28.480379104614258,28.691043413074595,28.375045404949958,28.618120558055967,16343500
2016-08-25,INTC,Intel,28.4317569732666,28.53709065120461,28.27781012925538,28.39934613530604,12428000
2016-08-26,INTC,Intel,28.569499969482422,28.828783596558637,28.399347697133365,28.447963956747866,14469900
2016-08-29,INTC,Intel,28.804485321044922,28.90171478788588,28.48038606795206,28.747767874481948,15264300
2016-08-30,INTC,Intel,28.926015853881836,28.958426696794614,28.78017015164243,28.836887581305746,15183200
2016-08-31,INTC,Intel,29.079971313476562,29.08807557203332,28.828794933859403,28.86120269547938,20562700
2016-09-01,INTC,Intel,29.1852970123291,29.201502434116914,28.828787005601693,29.160990425081465,18925800
2016-09-02,INTC,Intel,29.233911514282227,29.4364746381089,29.128577824449323,29.339242113247153,16726700
2016-09-06,INTC,Intel,29.630935668945312,29.65524225650097,29.30683341081827,29.47698879631248,22337800
2016-09-07,INTC,Intel,29.541810989379883,29.69576097162041,29.476992384385383,29.69576097162041,18495600
2016-09-08,INTC,Intel,29.52560806274414,29.64714720733313,29.26632743909855,29.452685194164516,20356500
2016-09-09,INTC,Intel,28.71535301208496,29.485093653355683,28.71535301208496,29.250119641338664,29457900
2016-09-12,INTC,Intel,29.233911514282227,29.26631926503483,28.40745359816524,28.512784197130166,22796600
2016-09-13,INTC,Intel,28.85308837890625,29.07185689720658,28.618114441746535,28.96652322005436,23591300
2016-09-14,INTC,Intel,28.8612003326416,29.023251490950585,28.682946840283602,28.77207204102822,14074500
2016-09-15,INTC,Intel,29.622838973999023,29.69576183853956,28.796380872829136,28.958432026349076,23736000
2016-09-16,INTC,Intel,30.522212982177734,30.830109825773278,30.181908384678668,30.562728083576623,74577900
2016-09-19,INTC,Intel,30.10898208618164,30.805799714747476,30.052264659751206,30.53841491226006,30531700
2016-09-20,INTC,Intel,30.092784881591797,30.327758907166533,29.930733722889606,30.319654649253604,24796900
2016-09-21,INTC,Intel,30.343963623046875,30.35206478990173,29.86591441602427,30.14950161897467,21233700
2016-09-22,INTC,Intel,30.424985885620117,30.65185872565471,30.335857601056723,30.4654978992757,17013400
2016-09-23,INTC,Intel,30.133291244506836,30.506009766847676,30.07657381323353,30.343958638551857,18062500
2016-09-26,INTC,Intel,29.695756912231445,29.930727800443307,29.655241812421114,29.91452237869281,25518800
2016-09-27,INTC,Intel,30.12519073486328,30.157601579401728,29.679552440498565,29.89832100483068,22391600
2016-09-28,INTC,Intel,30.335857391357422,30.384473661929164,30.100886477431892,30.230526774754715,19020800
2016-09-29,INTC,Intel,30.238636016845703,30.40878837298627,29.97935535295456,30.376380608151866,17675000
2016-09-30,INTC,Intel,30.587034225463867,30.724775677431985,30.33585481844948,30.360164497107796,24279300
2016-10-03,INTC,Intel,30.514108657836914,30.749082621807382,30.408774968666023,30.5384152434656,14113600
2016-10-04,INTC,Intel,30.416879653930664,30.740978800071794,30.24672737039147,30.603237358407114,14393100
2016-10-05,INTC,Intel,30.781496047973633,31.0407766193448,30.49790579806452,30.58703407401115,22420800
2016-10-06,INTC,Intel,30.846317291259766,30.919240151392213,30.449295234547503,30.65995955778096,15171400
2016-10-07,INTC,Intel,30.87061882019043,30.967851345006043,30.61133826908475,30.854416490255804,16942500
2016-10-10,INTC,Intel,30.805805206298828,31.08129122272773,30.70857575663818,30.992162939343604,14954300
2016-10-11,INTC,Intel,30.198116302490234,30.7896003595457,29.833501995848223,30.7166774982173,27650500
2016-10-12,INTC,Intel,30.084680557250977,30.181910005920848,29.825399966885698,30.141397993214106,14053900
2016-10-13,INTC,Intel,29.95503044128418,30.084670693964142,29.541800010895432,29.85779793362363,16936000
2016-10-14,INTC,Intel,30.343963623046875,30.546526793973932,30.108989602963,30.133296194396266,19123900
2016-10-17,INTC,Intel,30.214324951171875,30.56273387127663,30.173812932969458,30.42498930034577,15788100
2016-10-18,INTC,Intel,30.587034225463867,30.830109375969403,30.408777672687965,30.76529077823977,42907800
2016-10-19,INTC,Intel,28.77207374572754,29.242021823580387,28.545203965174544,29.225816397702467,75229000
2016-10-20,INTC,Intel,28.707244873046875,28.901703732343965,28.43986007792857,28.69103945296081,25669500
2016-10-21,INTC,Intel,28.480379104614258,28.68294224734731,28.204893106862578,28.5289922807145,20813200
2016-10-24,INTC,Intel,28.569499969482422,28.755860752570783,28.447963956747866,28.707244492956278,21524700
2016-10-25,INTC,Intel,28.439870834350586,28.561409985530236,28.366947961816603,28.472281686781027,17860300
2016-10-26,INTC,Intel,28.29401969909668,28.528993698149858,28.148177072681637,28.3912522378646,19977600
2016-10-27,INTC,Intel,28.20489501953125,28.545199638783206,28.15627874926591,28.43986593197587,14634700
2016-10-28,INTC,Intel,28.14818000793457,28.49658582347809,28.1238703252734,28.253510632947584,22296400
2016-10-31,INTC,Intel,28.253503799438477,28.423659173437215,28.22919721352494,28.294015806250368,19188600
2016-11-01,INTC,Intel,27.969924926757812,28.48848618528212,27.767361741967445,28.27782183308246,25368200
2016-11-02,INTC,Intel,28.034730911254883,28.27780909621134,27.929400328032436,28.034730911254883,21416400
2016-11-03,INTC,Intel,27.700021743774414,28.181690382398674,27.651037383919753,28.12454351970346,19400000
2016-11-04,INTC,Intel,27.438779830932617,27.700023538543356,27.283664238477673,27.37346734689461,21914700
2016-11-07,INTC,Intel,28.320476531982422,28.369460894952866,27.879629722331003,27.953104709651345,19296600
2016-11-08,INTC,Intel,28.361297607421875,28.53273820167224,28.157200772094132,28.24700076365107,14833100
2016-11-09,INTC,Intel,28.369464874267578,28.451102376398765,27.487764902749575,27.863305509657845,25999400
2016-11-10,INTC,Intel,28.16537094116211,28.532745967596767,27.781667789744645,28.532745967596767,28249900
2016-11-11,INTC,Intel,28.255168914794922,28.46742827229076,28.034743939162222,28.22251267078915,22665000
2016-11-14,INTC,Intel,28.14903450012207,28.353131330703818,27.92044704643707,28.214346980758062,22558900
2016-11-15,INTC,Intel,28.500078201293945,28.81030622206726,28.25516265406034,28.279653274502657,20676100
2016-11-16,INTC,Intel,28.44293785095215,28.50824722516249,28.198022247689376,28.491922217313046,18565500
2016-11-17,INTC,Intel,28.58989143371582,28.58989143371582,28.271500797978625,28.41845080128368,15748500
2016-11-18,INTC,Intel,28.53274154663086,28.57356029562757,28.27966032001777,28.491922797634146,16806900
2016-11-21,INTC,Intel,28.557222366333008,28.736828537365056,28.44292866268347,28.655187953136917,14259500
2016-11-22,INTC,Intel,28.96541976928711,28.98174788828872,28.663357353433014,28.72050421280351,22327400
2016-11-23,INTC,Intel,28.73683738708496,28.998081108527213,28.655196777715002,28.96542486477923,15843100
2016-11-25,INTC,Intel,28.932764053344727,28.940929670128003,28.6633578706327,28.6633578706327,6372800
2016-11-28,INTC,Intel,28.989919662475586,29.112379037018595,28.74500402766083,28.924610279851574,13549000
2016-11-29,INTC,Intel,28.826641082763672,29.096047313451475,28.793984838355797,29.096047313451475,19581000
2016-11-30,INTC,Intel,28.32863998413086,28.81847111930933,28.32863998413086,28.73683363486972,27016100
2016-12-01,INTC,Intel,27.561229705810547,28.516404321647514,27.3979547619416,28.459257468439397,29618700
2016-12-02,INTC,Intel,27.88779067993164,27.96942816608675,27.430612660359802,27.528581380870502,21492500
2016-12-05,INTC,Intel,28.07555389404297,28.100044512241656,27.73267278218192,28.01024454075652,14462000
2016-12-06,INTC,Intel,28.344970703125,28.369461327848608,28.002086385641036,28.07556137408255,15297700
2016-12-07,INTC,Intel,28.981752395629883,29.038899263888055,28.12454625748653,28.304149365896183,21710300
2016-12-08,INTC,Intel,29.1450252532959,29.414431424576964,28.753159749624228,28.965419062928397,19966500
2016-12-09,INTC,Intel,29.19400978088379,29.30830662397291,29.055225428538524,29.18584727779841,16326900
2016-12-12,INTC,Intel,29.36545753479004,29.463423156666472,29.1205388086925,29.2103419263588,21985800
2016-12-13,INTC,Intel,30.043052673339844,30.116527656515483,29.332796578822293,29.39810594482816,35773600
2016-12-14,INTC,Intel,29.838956832885742,30.11652865471926,29.765481847274792,29.96141618032751,30819400
2016-12-15,INTC,Intel,30.03488540649414,30.33694779418476,29.822622993534267,29.99406666993108,23721500
2016-12-16,INTC,Intel,29.643020629882812,30.10019547301816,29.463414447639614,29.977739260436927,38212800
2016-12-19,INTC,Intel,30.11652374267578,30.165508096517193,29.610364543394777,29.667511399074726,18744300
2016-12-20,INTC,Intel,30.377765655517578,30.402259388165692,30.116522011916853,30.165506362943194,18551800
2016-12-21,INTC,Intel,30.190004348754883,30.492066801456588,30.13285748241323,30.41042931076012,14323600
2016-12-22,INTC,Intel,30.149181365966797,30.40226253438855,30.051215768045886,30.39409691790419,10793900
2016-12-23,INTC,Intel,30.18183708190918,30.189999583982313,30.018559012015157,30.149180845076344,6287300
2016-12-27,INTC,Intel,30.26347541809082,30.475737849254546,30.132853581324778,30.132853581324778,9033700
2016-12-28,INTC,Intel,29.90424919128418,30.36958941557963,29.863430474362705,30.287948867468206,12868600
2016-12-29,INTC,Intel,29.928752899169922,29.977737249478487,29.74098422772517,29.80629358053342,8447300
2016-12-30,INTC,Intel,29.610361099243164,30.043045274569096,29.553214250210296,30.034882773679985,17468000
2017-01-03,INTC,Intel,29.879772186279297,30.14918147436823,29.61036601246058,29.88793780279302,20196500
2017-01-04,INTC,Intel,29.72466468811035,30.018564646227922,29.667517820062017,29.969580281784747,15915700
2017-01-05,INTC,Intel,29.675676345825195,29.97774188132864,29.643023221510767,29.757316942287066,13986000
2017-01-06,INTC,Intel,29.78180503845215,29.945083103258813,29.54505200019598,29.871608129809317,15114000
2017-01-09,INTC,Intel,29.887937545776367,30.116524977871425,29.781806331902153,29.781806331902153,19461400
2017-01-10,INTC,Intel,29.830795288085938,30.149185864538747,29.82262967038318,29.838957791518023,15918800
2017-01-11,INTC,Intel,30.165508270263672,30.20632700823159,29.806295901897794,29.806295901897794,22398400
2017-01-12,INTC,Intel,29.969573974609375,30.067542682877956,29.651183458411705,30.067542682877956,20391900
2017-01-13,INTC,Intel,30.03488540649414,30.09203226053642,29.896097965055766,29.969572936577265,15072200
2017-01-17,INTC,Intel,30.043052673339844,30.067546410578704,29.87161208402017,29.936921450026034,20195200
2017-01-18,INTC,Intel,30.010391235351562,30.214488029459496,29.887935027448762,30.11652244028327,15382500
2017-01-19,INTC,Intel,29.855287551879883,30.132859397871208,29.806303185785826,29.806303185785826,13654500
2017-01-20,INTC,Intel,30.1573429107666,30.230817885442207,29.86344612633429,30.01039296141539,23950900
2017-01-23,INTC,Intel,30.018571853637695,30.377781269654356,29.838965588493625,30.26348750611594,27752600
2017-01-24,INTC,Intel,30.712495803833008,30.810464542681785,30.05122394509457,30.075714572671238,35140900
2017-01-25,INTC,Intel,30.859439849853516,31.022717935526167,30.63085239847408,30.916586712698376,32276400
2017-01-26,INTC,Intel,30.663503646850586,30.957400416094313,30.549206825496423,30.875762943682712,34144800
2017-01-27,INTC,Intel,31.006385803222656,31.39008878776062,30.867601472635762,31.022713921104064,44368600
2017-01-30,INTC,Intel,30.549203872680664,30.892088075060865,30.475732023173816,30.81045061054016,23954700
2017-01-31,INTC,Intel,30.05937957763672,30.508391961429258,29.912429617228927,30.385935737269662,27059100
2017-02-01,INTC,Intel,29.814472198486328,30.165519076452032,29.40627844403981,30.0593878283,28380600
2017-02-02,INTC,Intel,29.94508934020996,29.961417461518447,29.553223771618388,29.602205021273143,31916900
2017-02-03,INTC,Intel,30.02730941772461,30.27397343205606,29.969754585597375,30.16708454246129,21038100
2017-02-06,INTC,Intel,29.82174301147461,30.01907288537335,29.723078074525237,30.01907288537335,21427000
2017-02-07,INTC,Intel,29.887537002563477,30.027315291144262,29.797095917603826,29.969760447759153,18581900
2017-02-08,INTC,Intel,29.912193298339844,30.13419180428122,29.71486024755781,29.879303933792432,20807400
2017-02-09,INTC,Intel,29.155750274658203,30.01085483645749,29.106419369959603,30.01085483645749,47802700
2017-02-10,INTC,Intel,29.057092666625977,29.131092178863256,28.645984962308408,28.99131392841379,44106500
2017-02-13,INTC,Intel,29.4353084564209,29.47641859599708,29.057090153915826,29.24619930516836,28180600
2017-02-14,INTC,Intel,29.542198181152344,29.566863638309417,29.213310782045482,29.468198673178435,25734800
2017-02-15,INTC,Intel,29.64087677001953,29.649100683853614,29.328433910911226,29.583321919197495,18452200
2017-02-16,INTC,Intel,29.936870574951172,30.06020417245464,29.68198260381239,29.747761358881885,21317500
2017-02-17,INTC,Intel,29.994415283203125,29.994415283203125,29.681972575195065,29.862860954015932,18909900
2017-02-21,INTC,Intel,30.02730941772461,30.13419830731938,29.87108960716542,30.03553019238431,20556000
2017-02-22,INTC,Intel,29.657312393188477,29.92864500967634,29.42709306029199,29.87931095126859,29904400
2017-02-23,INTC,Intel,29.74774932861328,29.846414284812816,29.517530051980227,29.797083374964252,22775000
2017-02-24,INTC,Intel,30.035526275634766,30.035526275634766,29.558642994981817,29.714862785169338,18617600
2017-02-27,INTC,Intel,30.01908302307129,30.158861272747174,29.82175308253256,29.945083511243553,14065200
2017-02-28,INTC,Intel,29.764204025268555,29.977978691711773,29.599760285271906,29.94508931641175,24977000
2017-03-01,INTC,Intel,29.542198181152344,29.681973287046013,29.139311274071574,29.476419446729896,34085900
2017-03-02,INTC,Intel,29.525754928588867,29.616199124552,29.311980304360148,29.542199612991514,23602100
2017-03-03,INTC,Intel,29.517541885375977,29.67376172336132,29.328429533467848,29.550428126291436,17538100
2017-03-06,INTC,Intel,29.24620246887207,29.435311640581464,29.122868900299324,29.427090866377984,24416700
2017-03-07,INTC,Intel,29.4353084564209,29.4353084564209,29.098200293492013,29.22153384872317,23434900
2017-03-08,INTC,Intel,29.28731346130371,29.517535920208502,29.213313945316997,29.32842360651788,20920100
2017-03-09,INTC,Intel,29.451751708984375,29.550416666475265,29.18864306467371,29.270863339832374,23616800
2017-03-10,INTC,Intel,29.525754928588867,29.846418433183363,29.418866048223087,29.69841941006239,25402300
2017-03-13,INTC,Intel,28.90909194946289,29.632642344917212,28.72820356647364,29.47641941906188,53582900
2017-03-14,INTC,Intel,28.925539016723633,28.966649160835498,28.497986617653744,28.826874043554565,28586900
2017-03-15,INTC,Intel,28.859764099121094,28.91731893580084,28.51443507904261,28.728209738638334,27996100
2017-03-16,INTC,Intel,28.89264488220215,29.07353325026794,28.8350900626362,28.917310337301146,19616100
2017-03-17,INTC,Intel,28.999528884887695,29.04886292331419,28.859750677596917,29.03241824383869,30778900
2017-03-20,INTC,Intel,29.131088256835938,29.295531943723873,28.991310025205337,29.081754209818822,17322300
2017-03-21,INTC,Intel,28.81043815612793,29.27087692918454,28.7775487761942,29.262656152453058,22814500
2017-03-22,INTC,Intel,29.081754684448242,29.155754187930402,28.777535897467146,28.95842426964631,19144500
2017-03-23,INTC,Intel,28.999528884887695,29.180417222616267,28.793975096196828,29.180417222616267,20640400
2017-03-24,INTC,Intel,28.90909194946289,29.37775445402351,28.876202582282538,29.311978856165492,22188000
2017-03-27,INTC,Intel,29.09819984436035,29.18864403193351,28.728202320880403,28.835091191330733,16992200
2017-03-28,INTC,Intel,29.2708740234375,29.361318241024822,28.950210442175962,29.057099348097672,18398100
2017-03-29,INTC,Intel,29.24620246887207,29.353091352534925,29.13931358520922,29.205092324848803,17202600
2017-03-30,INTC,Intel,29.39419937133789,29.509309020881716,29.20509021330122,29.25442426446402,16433000
2017-03-31,INTC,Intel,29.657312393188477,29.805311431908553,29.385982913203787,29.39420368802016,21438400
2017-04-03,INTC,Intel,29.73130226135254,30.208188594980633,29.698412899757052,29.755967714298077,32013600
2017-04-04,INTC,Intel,29.829975128173828,29.91219855398922,29.59153503456665,29.698420783372182,18918000
2017-04-05,INTC,Intel,29.780649185180664,30.22464321275798,29.73953589715193,29.953313703488703,22455500
2017-04-06,INTC,Intel,29.62441635131836,29.829970176984464,29.62441635131836,29.706639763486283,20198200
2017-04-07,INTC,Intel,29.62441635131836,29.862859541851634,29.591530122953657,29.65730571618553,15689500
2017-04-10,INTC,Intel,29.4353084564209,29.673751657066415,29.27908867143035,29.616196834359236,19973700
2017-04-11,INTC,Intel,29.385986328125,29.42709647999058,28.950209936139927,29.41065179194364,22711800
2017-04-12,INTC,Intel,29.295534133911133,29.60797371220406,29.1886452589674,29.49286406372744,19289800
2017-04-13,INTC,Intel,28.983091354370117,29.40241980667004,28.983091354370117,29.229755334340815,15764000
2017-04-17,INTC,Intel,29.17220115661621,29.26264534979345,29.048870732149496,29.13931178882399,12560700
2017-04-18,INTC,Intel,29.41064453125,29.44353389922438,29.024202298807896,29.131091176473262,12321100
2017-04-19,INTC,Intel,29.525754928588867,29.78064283207562,29.50931024418622,29.575088981796807,16594600
2017-04-20,INTC,Intel,29.74774932861328,29.821748829888534,29.48464068774625,29.74774932861328,22968300
2017-04-21,INTC,Intel,29.86285400390625,29.94507426432429,29.476411879637308,29.764189064104222,20390500
2017-04-24,INTC,Intel,30.21641731262207,30.298637601728693,29.97797408310869,30.15063857213439,26305800
2017-04-25,INTC,Intel,30.315086364746094,30.421975264165464,30.142421852494078,30.23286606457944,22066800
2017-04-26,INTC,Intel,30.364418029785156,30.611082047316895,30.24108445276771,30.24108445276771,27241000
2017-04-27,INTC,Intel,30.775524139404297,30.833078969226612,30.241082849336507,30.31508236432277,39890000
2017-04-28,INTC,Intel,29.723093032836914,30.0026464419651,29.50109446060247,29.681979746624208,56769300
2017-05-01,INTC,Intel,29.854646682739258,29.928646205054907,29.550424681828645,29.690202951315225,24825600
2017-05-02,INTC,Intel,30.397302627563477,30.446633541419867,29.887526850027914,29.903971533480934,35813000
2017-05-03,INTC,Intel,30.63172721862793,30.78910921368762,30.33352709338905,30.41636221697589,22040300
2017-05-04,INTC,Intel,30.524044036865234,30.739412204697082,30.350095011965102,30.640013213302286,16437100
2017-05-05,INTC,Intel,30.499187469482422,30.590304505459514,30.23412145200516,30.532321511626122,18119200
2017-05-08,INTC,Intel,30.267257690429688,30.524038636085713,30.21755662360768,30.424639662278103,17660200
2017-05-09,INTC,Intel,30.126445770263672,30.441212938463384,30.05189573463314,30.217562831571776,17819100
2017-05-10,INTC,Intel,29.82823371887207,30.134718831787886,29.761968802454998,30.043601806858092,25133800
2017-05-11,INTC,Intel,29.56317138671875,29.819955474176293,29.364373453065838,29.745405459097405,21508900
2017-05-12,INTC,Intel,29.430633544921875,29.60458565809905,29.322952665140367,29.58801863970905,19730800
2017-05-15,INTC,Intel,29.513471603393555,29.58802161372406,29.33951947273173,29.43063650311745,22120100
2017-05-16,INTC,Intel,29.670852661132812,29.728835649662926,29.33951858967283,29.6128696726027,22291800
2017-05-17,INTC,Intel,29.02476692199707,29.811683303264008,29.00819989546293,29.54661403855499,26670200
2017-05-18,INTC,Intel,29.173860549926758,29.38094359605665,29.057894549667864,29.14900843570234,17171900
2017-05-19,INTC,Intel,29.322961807250977,29.44720974415965,29.099311729011387,29.11587875256654,18340100
2017-05-22,INTC,Intel,29.629438400268555,29.91107142929465,29.30638939988134,29.389221342603577,14638100
2017-05-23,INTC,Intel,29.703990936279297,29.81167499883581,29.455491927164257,29.71227286732072,16903700
2017-05-24,INTC,Intel,29.919361114501953,29.969062188919075,29.728845068991657,29.803395100698893,20640600
2017-05-25,INTC,Intel,30.03532600402832,30.14301008131616,29.86966208184613,29.91935999456608,13148500
2017-05-26,INTC,Intel,30.03532600402832,30.09331216859621,29.92764508657725,30.03532600402832,11145500
2017-05-30,INTC,Intel,29.969051361083984,30.18441628607293,29.894501356311707,30.043601365856265,13026900
2017-05-31,INTC,Intel,29.91107749938965,30.13472758193007,29.712276372741478,30.076744578290334,17741900
2017-06-01,INTC,Intel,29.919361114501953,29.92764620682325,29.65429503728442,29.919361114501953,17510900
2017-06-02,INTC,Intel,30.085012435913086,30.093297523892375,29.81994649761004,30.043596475522342,19127400
2017-06-05,INTC,Intel,30.10158348083496,30.234116467724714,29.985617512285888,30.06844944415361,11685700
2017-06-06,INTC,Intel,29.92763900756836,30.192705021022835,29.803387931333265,29.952487958880926,18420900
2017-06-07,INTC,Intel,30.03532600402832,30.29211013914955,29.902792970380506,29.92764508657725,17192000
2017-06-08,INTC,Intel,30.217552185058594,30.258968154741954,29.95248618728197,30.101586206010815,17154200
2017-06-09,INTC,Intel,29.579730987548828,30.283814988855354,29.248400127965223,30.234113937991886,33322100
2017-06-12,INTC,Intel,29.596303939819336,29.82823590402361,29.331237935061303,29.4803379577172,28488300
2017-06-13,INTC,Intel,29.720558166503906,29.778541163709264,29.430640020640766,29.554891105987306,20588200
2017-06-14,INTC,Intel,29.430633544921875,29.8613665435549,29.173852659466025,29.81166864822056,19149000
2017-06-15,INTC,Intel,29.248414993286133,29.38922996921452,29.107596857520747,29.16557986641326,20410000
2017-06-16,INTC,Intel,29.165576934814453,29.26497907707042,28.99990985755785,29.22355993787876,30762800
2017-06-19,INTC,Intel,29.414081573486328,29.496916707811156,29.25669955802508,29.496916707811156,21583800
2017-06-20,INTC,Intel,28.875656127929688,29.364372169905174,28.85908910754319,29.364372169905174,21536500
2017-06-21,INTC,Intel,28.643728256225586,28.660292119143502,28.237844098333703,28.436645211550164,27138500
2017-06-22,INTC,Intel,28.46149253845215,28.68514259309459,28.403509542045178,28.62715959668762,24602900
2017-06-23,INTC,Intel,28.320682525634766,28.618882683701948,28.246132486117972,28.337249552175965,29260900
2017-06-26,INTC,Intel,28.221277236938477,28.585742260109956,28.1881431912402,28.378659214250508,18854800
2017-06-27,INTC,Intel,27.87337303161621,28.287539031136,27.87337303161621,28.163287967345738,27078900
2017-06-28,INTC,Intel,28.328960418701172,28.362094463362187,27.947928384608765,27.97277733818632,25940100
2017-06-29,INTC,Intel,27.782255172729492,28.246119055981637,27.61658814592413,28.097019047840387,25215700
2017-06-30,INTC,Intel,27.947933197021484,28.10531519650661,27.773981012516185,28.055614120956957,24432000
2017-07-03,INTC,Intel,27.715991973876953,28.188141029439585,27.691143021427216,27.75740794790527,12676900
2017-07-05,INTC,Intel,28.444927215576172,28.51947723824297,27.740846125818134,27.765695080094897,30010800
2017-07-06,INTC,Intel,27.856809616088867,28.403508679784057,27.79882662144212,28.262690578616088,20733200
2017-07-07,INTC,Intel,28.063894271850586,28.262692219370038,27.9147942312928,27.9147942312928,18304500
2017-07-10,INTC,Intel,27.87337303161621,27.947923037923204,27.525471948904965,27.542038968066052,29918400
2017-07-11,INTC,Intel,28.097021102905273,28.10530619276117,27.69114017537281,27.86508914431529,25737500
2017-07-12,INTC,Intel,28.370380401611328,28.486346414467373,28.11359625897518,28.39522935869852,23768300
2017-07-13,INTC,Intel,28.362091064453125,28.494624067378027,28.26268894238242,28.436641076088133,15046200
2017-07-14,INTC,Intel,28.7265567779541,28.751405729198556,28.3869407516567,28.560889730040124,16316400
2017-07-17,INTC,Intel,28.552610397338867,28.776260458395406,28.46149335470438,28.776260458395406,21044400
2017-07-18,INTC,Intel,28.60230827331543,28.64372740889446,28.370376281287587,28.519476321830172,14362800
2017-07-19,INTC,Intel,28.627161026000977,28.726560001970583,28.544325912829244,28.726560001970583,17036200
2017-07-20,INTC,Intel,28.7845458984375,28.859095927877288,28.560895810118147,28.6105968830236,17506200
2017-07-21,INTC,Intel,28.76797103881836,28.842521047953515,28.494623111880074,28.61058909057122,22245000
2017-07-24,INTC,Intel,28.577470779418945,28.825969893359403,28.4780717658103,28.76798687210122,16146300
2017-07-25,INTC,Intel,28.71826934814453,28.776255496051345,28.49462248549136,28.618870391428025,18096700
2017-07-26,INTC,Intel,28.7845458984375,28.966780005920707,28.65201286385975,28.743129917601355,15499300
2017-07-27,INTC,Intel,28.966773986816406,29.19870595917434,28.718271833763033,28.80938886857112,43062800
2017-07-28,INTC,Intel,29.248414993286133,29.703997131657438,28.991630839735723,29.09931492475196,36291500
2017-07-31,INTC,Intel,29.380949020385742,29.60459913067683,29.25669790583388,29.380949020385742,27057000
2017-08-01,INTC,Intel,30.109878540039062,30.176146642299155,29.463780342188297,29.538330377312388,38710200
2017-08-02,INTC,Intel,30.350082397460938,30.374931345022343,29.869651505538354,30.09330151309798,35004300
2017-08-03,INTC,Intel,30.452730178833008,30.536183903432363,30.16898305821747,30.50280114017041,26611300
2017-08-04,INTC,Intel,30.294178009033203,30.51116288956326,30.12726729713863,30.419361838843393,20520300
2017-08-07,INTC,Intel,30.402664184570312,30.50280931764848,30.227409405794415,30.369281412358795,18169300
2017-08-08,INTC,Intel,30.38597297668457,30.627993301303,30.294171944342658,30.352590204277256,22819900
2017-08-09,INTC,Intel,30.536191940307617,30.594610199613474,30.060498581070554,30.27748023226998,22796800
2017-08-10,INTC,Intel,30.160642623901367,30.511155350628247,30.13560713754811,30.377627450817116,22693300
2017-08-11,INTC,Intel,29.935317993164062,30.377631811420503,29.868555625453116,30.260792096702108,19275100
2017-08-14,INTC,Intel,30.327552795410156,30.436045207082415,30.110571155621837,30.143950742358058,18469400
2017-08-15,INTC,Intel,30.043813705444336,30.310869572585943,29.89359438223255,30.29417818294496,21706600
2017-08-16,INTC,Intel,29.885250091552734,30.102231788409053,29.676612497685994,30.027122127274744,22014000
2017-08-17,INTC,Intel,29.351131439208984,29.776753859286202,29.351131439208984,29.70998830964404,19525000
2017-08-18,INTC,Intel,29.21760368347168,29.46797131244413,29.200915479526387,29.45127992494219,16231400
2017-08-21,INTC,Intel,29.14249610900879,29.442934738348157,28.9588972005123,29.284371321110992,26493300
2017-08-22,INTC,Intel,28.917165756225586,29.367820445545647,28.892127085361533,29.225948439393644,26097800
2017-08-23,INTC,Intel,28.925512313842773,29.050696128124567,28.691839256310505,28.82536717255132,19648100
2017-08-24,INTC,Intel,28.96723747253418,29.117456767339288,28.833709564213688,28.958893371070097,14301900
2017-08-25,INTC,Intel,28.93385124206543,29.150836056880042,28.8587447871943,29.05903503396279,14726800
2017-08-28,INTC,Intel,28.917165756225586,29.042346376320346,28.867091598053857,29.025654990263103,20712900
2017-08-29,INTC,Intel,28.983922958374023,29.000614341460555,28.758594062039577,28.800320927978,15843700
2017-08-30,INTC,Intel,29.11745834350586,29.175876607586055,28.900476674573227,29.000621815345472,18565000
2017-08-31,INTC,Intel,29.26767349243164,29.35947451825865,29.100762825796735,29.159181081585526,16366800
2017-09-01,INTC,Intel,29.284364700317383,29.53472910697727,29.267673315399236,29.409548495425405,12822000
2017-09-05,INTC,Intel,29.22595977783203,29.48467158675399,29.15085010321324,29.22595977783203,18772000
2017-09-06,INTC,Intel,29.843523025512695,29.993742362879892,29.30106713707103,29.392868196968465,28076400
2017-09-07,INTC,Intel,29.659910202026367,30.002075602809313,29.484655451674193,29.943657352691922,16297100
2017-09-08,INTC,Intel,29.367822647094727,29.659917149658682,29.276024792232853,29.55976882580764,14125000
2017-09-11,INTC,Intel,29.85185432434082,30.043800445158208,29.326086925154968,29.618181339616285,20037600
2017-09-12,INTC,Intel,30.11892318725586,30.3275607811871,29.826831829174942,29.94366837240731,19489900
2017-09-13,INTC,Intel,30.3192081451416,30.37762640031652,30.018769585067073,30.04380507055457,15509800
2017-09-14,INTC,Intel,30.444395065307617,30.627997153081253,30.177339219576947,30.202374710252695,18093900
2017-09-15,INTC,Intel,30.87837028503418,30.945135857001404,30.22742187614219,30.502821901612762,33596100
2017-09-18,INTC,Intel,30.87837028503418,31.153773494062445,30.711459538673804,30.878370285034176,19393800
2017-09-19,INTC,Intel,31.0703067779541,31.128725043312503,30.895051981878886,31.045271288102413,23850500
2017-09-20,INTC,Intel,30.936784744262695,31.120386860917634,30.59461918912405,31.07031268813248,23957500
2017-09-21,INTC,Intel,31.045270919799805,31.10368918446517,30.753176412916325,30.870016125803712,22954200
2017-09-22,INTC,Intel,31.028579711914062,31.061962487218047,30.83663352925117,30.83663352925117,21631800
2017-09-25,INTC,Intel,31.011892318725586,31.07031059125374,30.75318055213155,30.9200912665936,23180800
2017-09-26,INTC,Intel,31.27059555053711,31.412467549796173,30.878355956140044,31.05361072589167,29790400
2017-09-27,INTC,Intel,31.329015731811523,31.45419635351475,30.961811600946675,31.39577809334196,25981400
2017-09-28,INTC,Intel,31.571035385131836,31.612762258144365,31.120377516061307,31.145413003157554,21171400
2017-09-29,INTC,Intel,31.779680252075195,31.838098524456747,31.462550213748862,31.579386758511962,23217300
2017-10-02,INTC,Intel,32.58084487915039,32.62257175795529,31.779677345291805,31.813056938201655,37394500
2017-10-03,INTC,Intel,32.864585876464844,33.13164167041474,32.50572905642789,32.50572905642789,34002200
2017-10-04,INTC,Intel,32.831207275390625,32.88128143694845,32.43062353359781,32.872934151577184,28368800
2017-10-05,INTC,Intel,32.98976135253906,33.089909647344065,32.72270560017043,32.96472587061565,17710300
2017-10-06,INTC,Intel,33.07323455810547,33.290216269965676,32.89797654763529,33.048195880291296,18887500
2017-10-09,INTC,Intel,33.265167236328125,33.28185862022487,32.981420077195466,33.11494796481343,18494100
2017-10-10,INTC,Intel,33.08991622924805,33.34028064894908,32.86458729645022,33.3235892631615,29890000
2017-10-11,INTC,Intel,32.79782485961914,33.1066075670437,32.59753457831112,32.948044162378466,30754700
2017-10-12,INTC,Intel,32.70602798461914,32.87293869599602,32.53077317027408,32.83955591700924,18286900
2017-10-13,INTC,Intel,33.10660171508789,33.22344140601426,32.78112767782601,32.91465556961437,16829400
2017-10-16,INTC,Intel,33.18172073364258,33.20675940912611,32.914664874569326,33.139993852579316,12489100
2017-10-17,INTC,Intel,33.20675277709961,33.27351513675572,32.856240042347,33.014806615698355,15532800
2017-10-18,INTC,Intel,33.590641021728516,33.62402378928179,33.048182191433504,33.215092845643966,21424600
2017-10-19,INTC,Intel,33.457115173339844,33.657408607305825,33.24013353813648,33.2818604083422,19222700
2017-10-20,INTC,Intel,33.740867614746094,33.757559002145165,33.46546449799631,33.65741386130735,18335700
2017-10-23,INTC,Intel,34.0746955871582,34.249950413415526,33.715838647550974,33.841019301924526,28647000
2017-10-24,INTC,Intel,34.17481994628906,34.258273665075926,33.982873846235044,34.2165468056825,19652400
2017-10-25,INTC,Intel,34.032962799072266,34.26663906563175,33.79094561320125,34.12476384841096,24031700
2017-10-26,INTC,Intel,34.50864791870117,34.70059725745406,33.97453632449195,34.141446993571385,38247400
2017-10-27,INTC,Intel,37.05403137207031,37.554760235115936,35.96911352954401,36.136024211744704,90028300
2017-10-30,INTC,Intel,37.02899932861328,37.713330382930465,36.62007142675784,37.12080037943386,48161500
2017-10-31,INTC,Intel,37.96368408203125,38.222392566234824,37.26266189594503,37.72166379769718,47000900
2017-11-01,INTC,Intel,38.981842041015625,38.981842041015625,38.04714663736379,38.364276628865106,47813700
2017-11-02,INTC,Intel,39.30732345581055,39.41581590166092,38.56457409237677,38.89839553335153,44602300
2017-11-03,INTC,Intel,38.67306137084961,39.4742289018708,38.055492742631124,39.39077514455655,39298100
2017-11-06,INTC,Intel,39.2044677734375,39.23804838538781,38.692374649677134,39.12051624356171,34035000
2017-11-07,INTC,Intel,39.2716178894043,39.53186277599594,38.94421499485457,39.20445988144622,24461400
2017-11-08,INTC,Intel,39.2044677734375,39.2044677734375,38.85187775280601,39.137306549536866,21565800
2017-11-09,INTC,Intel,38.8686637878418,38.944218555216246,38.32299331451352,38.658789789848676,25570400
2017-11-10,INTC,Intel,38.264225006103516,38.69236650991947,38.09632518409663,38.650392355023435,24095400
2017-11-13,INTC,Intel,38.40693664550781,38.56643971039842,37.98718870402685,37.9955822537905,18999000
2017-11-14,INTC,Intel,38.49928283691406,38.54965054182211,38.045954278205166,38.36496361978803,22201200
2017-11-15,INTC,Intel,38.163482666015625,38.45730815108801,37.92002808757863,38.10471820948569,17157200
2017-11-16,INTC,Intel,38.32298278808594,38.67556947070399,38.16347654387304,38.30619248856762,26439400
2017-11-17,INTC,Intel,37.46670150756836,38.29780062402083,37.45830475552676,38.19706201647987,63798000
2017-11-20,INTC,Intel,37.45831298828125,37.87806101478237,37.35757435859951,37.550658066499224,22420000
2017-11-21,INTC,Intel,37.72694778442383,37.962008833954926,37.533864095381745,37.54226084844874,21871000
2017-11-22,INTC,Intel,37.483497619628906,37.735345778732146,37.39115254739233,37.726949025388954,19538300
2017-11-24,INTC,Intel,37.567447662353516,37.59263151869251,37.29880918666015,37.39954781443936,6465800
2017-11-27,INTC,Intel,37.349178314208984,37.44991693716678,37.164488170100455,37.29041064819193,18202100
2017-11-28,INTC,Intel,37.55064010620117,37.64298514025094,37.206447017193156,37.48348211934246,20194100
2017-11-29,INTC,Intel,36.895835876464844,37.85286044187069,36.74472639746161,37.651380069059094,27036900
2017-11-30,INTC,Intel,37.64299011230469,37.94520909914172,37.214848682567016,37.2400325306627,34145300
2017-12-01,INTC,Intel,37.50868225097656,37.643001485439285,36.543260551609805,37.550656411291826,26656300
2017-12-04,INTC,Intel,37.349178314208984,38.02916802220296,37.214859082790895,37.79411016782707,28000800
2017-12-05,INTC,Intel,36.467708587646484,37.69337529913923,36.2914151793057,37.441523913025655,30626900
2017-12-06,INTC,Intel,36.476097106933594,36.70276138180985,35.82128813426131,36.2158522278336,27710800
2017-12-07,INTC,Intel,36.165489196777344,36.60202429839895,35.913637834980825,36.4844953708529,32708400
2017-12-08,INTC,Intel,36.39215087890625,36.58523778000912,36.190673629163555,36.39215087890625,23154700
2017-12-11,INTC,Intel,36.652374267578125,36.75311283327949,36.30818123254564,36.33336507336567,20425900
2017-12-12,INTC,Intel,36.375362396240234,36.61881379690445,36.16548840097669,36.49289132120013,16557400
2017-12-13,INTC,Intel,36.383750915527344,36.65238933612121,36.29980261000023,36.64399578653753,21399500
2017-12-14,INTC,Intel,36.31660079956055,36.57684575004455,36.11512352379914,36.45931680544647,19644900
2017-12-15,INTC,Intel,37.40795135498047,37.6430092632522,36.15710062362627,36.4341359033098,47477000
2017-12-18,INTC,Intel,38.83509063720703,38.91064541909051,37.81090750797114,37.903252597209125,50369300
2017-12-19,INTC,Intel,39.48988723754883,39.674574154781794,38.524465687886895,38.86865887297614,41421100
2017-12-20,INTC,Intel,39.92643356323242,39.99359158243043,39.17088583210911,39.85087879012009,40935000
2017-12-21,INTC,Intel,39.25482940673828,39.95161258584135,39.086932777847686,39.909638428618706,42963500
2017-12-22,INTC,Intel,39.2044677734375,39.4731062641932,38.63361017997579,38.893855118955614,33913500
2017-12-26,INTC,Intel,38.68396759033203,39.01137043646738,38.57483224081282,38.851864186611074,15533300
2017-12-27,INTC,Intel,38.70915985107422,38.91903384445248,38.616814781600105,38.70915985107422,13359700
2017-12-28,INTC,Intel,38.8015022277832,38.91903114353102,38.57483794637408,38.91903114353102,9504400
2017-12-29,INTC,Intel,38.75114059448242,39.02817584998305,38.69237612254414,38.7931147598064,17394500
2018-01-02,INTC,Intel,39.330387115478516,39.37236447826704,38.79311017698625,38.935826165136284,23370800
2018-01-03,INTC,Intel,37.995582580566406,38.79310431672374,36.64399688740861,38.17187915134584,116479000
2018-01-04,INTC,Intel,37.29880905151367,37.48349920379238,35.8380845431034,36.534867788574346,89209100
2018-01-05,INTC,Intel,37.55905532836914,37.90324858665831,36.85387850621288,37.298810395546276,41824000
2018-01-08,INTC,Intel,37.55905532836914,37.64300365383544,36.90424622052332,37.16449115334619,33733800
2018-01-09,INTC,Intel,36.618812561035156,37.64299864813077,36.50968039292586,37.52546972713742,44282300
2018-01-10,INTC,Intel,35.6785774230957,36.602021675430215,35.62820651386146,36.37536058993326,45735000
2018-01-11,INTC,Intel,36.44252395629883,36.5852399522281,35.63660850463118,35.93043084562772,35371500
2018-01-12,INTC,Intel,36.299808502197266,36.60202437260421,36.106721603782326,36.47610189387376,29973600
2018-01-16,INTC,Intel,36.21585464477539,36.76152829134853,36.005980658004624,36.56004785498253,38367200
2018-01-17,INTC,Intel,37.26522445678711,37.31559536631964,36.526467129091046,36.56004773544607,32368600
2018-01-18,INTC,Intel,37.34077835083008,37.55904908463495,37.08053346126975,37.27362034210591,26826500
2018-01-19,INTC,Intel,37.6262092590332,37.68497372095774,37.14769681054879,37.45830942392465,25780200
2018-01-22,INTC,Intel,38.40693664550781,38.440517249407726,37.601021366445806,37.60941491620946,27706800
2018-01-23,INTC,Intel,38.66718673706055,38.69237059217065,38.306203202508016,38.4573127380148,22135100
2018-01-24,INTC,Intel,38.20545959472656,38.72594939382092,37.743737458852415,38.53286570799802,32464200
2018-01-25,INTC,Intel,38.02915954589844,38.927419806248345,37.92002419393916,38.516068652776454,36758700
2018-01-26,INTC,Intel,42.041961669921875,42.100726134360876,40.396547058360504,40.61481781406804,86916100
2018-01-29,INTC,Intel,41.95800018310547,42.688360640841665,41.4459072268181,41.638990878751926,46304000
2018-01-30,INTC,Intel,40.95900344848633,42.0251635664003,40.9170292963085,41.538254434354414,32814600
2018-01-31,INTC,Intel,40.41334533691406,41.34518660320143,39.926439220857525,41.32839629541689,41619900
2018-02-01,INTC,Intel,40.00198745727539,40.690373951649654,39.83408760933511,40.043961618654656,28840400
2018-02-02,INTC,Intel,38.742740631103516,40.1195135214075,38.70076327030256,39.72494938732416,28663000
2018-02-05,INTC,Intel,37.37435531616211,39.67457213271853,37.35756501501073,38.91063104365453,47869000
2018-02-06,INTC,Intel,37.95753860473633,37.97444281649888,36.36857816469211,37.20531891412061,58145400
2018-02-07,INTC,Intel,38.2026481628418,39.13235732162939,37.475783114555604,37.67863044920601,37508400
2018-02-08,INTC,Intel,36.13192367553711,38.38858262417234,36.12347318219159,38.2702563724437,43151300
2018-02-09,INTC,Intel,37.146148681640625,37.4250600620153,35.53183384472921,36.76581205008598,49301100
2018-02-12,INTC,Intel,37.889923095703125,38.168834515529475,37.26448018821756,37.31519282098078,28379500
2018-02-13,INTC,Intel,37.577213287353516,37.847674309213886,37.40817434265336,37.687089085031076,19517600
2018-02-14,INTC,Intel,38.35478973388672,38.464662303377075,37.22223303740846,37.24758774972937,19922000
2018-02-15,INTC,Intel,38.811187744140625,38.870354108668586,37.9913542742586,38.77738253831666,23536800
2018-02-16,INTC,Intel,38.50692367553711,39.37746983850392,38.4646615236595,38.72667203421289,21475200
2018-02-20,INTC,Intel,39.14925765991211,39.47888172496281,38.36322955518412,38.422392683570216,25512000
2018-02-21,INTC,Intel,38.82807922363281,39.77469560750206,38.81117501419069,39.44506835960307,27527500
2018-02-22,INTC,Intel,38.70976257324219,39.35210979461141,38.557627874715216,38.997127756665456,16946400
2018-02-23,INTC,Intel,40.340972900390625,40.39168552970413,39.14080302397283,39.16615772655541,26040900
2018-02-26,INTC,Intel,41.50735092163086,41.524255136834945,40.65370578664631,40.73822686266672,26992300
2018-02-27,INTC,Intel,42.183502197265625,43.02024309300951,41.67638865230825,41.72709807231441,43624100
2018-02-28,INTC,Intel,41.65948486328125,42.54693518809959,41.65103114376098,42.41170469311917,35541200
2018-03-01,INTC,Intel,40.43394470214844,42.02290496522735,40.121224879741135,41.83696188069678,36326600
2018-03-02,INTC,Intel,41.397464752197266,41.456627878498466,39.69017813457318,39.893025441997715,33310600
2018-03-05,INTC,Intel,42.04826736450195,42.09052628486261,40.602991008784166,41.050941368075314,30826500
2018-03-06,INTC,Intel,42.859649658203125,43.38367058080981,42.386344597976326,42.394795092273704,39132300
2018-03-07,INTC,Intel,43.37520980834961,43.51889398122922,42.34407556771988,42.41169240769814,31801900
2018-03-08,INTC,Intel,42.885013580322266,44.01757019917143,42.65681151262698,43.77246391637102,29481200
2018-03-09,INTC,Intel,44.110538482666016,44.203510053536036,43.10476186647536,43.332963933842855,32727900
2018-03-12,INTC,Intel,43.54425811767578,43.90769065092282,42.68216256607693,43.831623301542066,32044400
2018-03-13,INTC,Intel,43.764007568359375,45.45439028755934,43.43438345397925,44.389450593088995,45573900
2018-03-14,INTC,Intel,43.83161544799805,44.10207636974767,43.36676094025016,44.00065433012869,24993500
2018-03-15,INTC,Intel,43.00334167480469,44.20351198052073,43.00334167480469,44.14434883723329,25631200
2018-03-16,INTC,Intel,43.24843215942383,43.69638568787608,43.096300709629894,43.24843215942383,42559800
2018-03-19,INTC,Intel,42.96107482910156,43.29914941069729,42.2004013782506,42.88500748401647,31115200
2018-03-20,INTC,Intel,43.569610595703125,43.78936213784221,42.97797604460035,43.003333975861885,22215000
2018-03-21,INTC,Intel,43.578067779541016,44.09363180200623,43.24844044012013,43.569614060398614,23239500
2018-03-22,INTC,Intel,42.96107482910156,43.91613866565467,42.76667799510162,42.88500748401647,30916000
2018-03-23,INTC,Intel,41.71864318847656,43.096305913692866,41.71864318847656,42.75822810318553,37683900
2018-03-26,INTC,Intel,44.35564041137695,44.36409413016228,42.53002727577977,42.88500930933566,39306200
2018-03-27,INTC,Intel,43.26534652709961,45.00644196864615,42.91881818269197,44.80359461438712,38777000
2018-03-28,INTC,Intel,41.92148208618164,42.85119433747369,41.42281915093049,42.68215545322527,37970900
2018-03-29,INTC,Intel,44.01756286621094,44.01756286621094,42.149687710133,42.24265926564828,45265800
2018-04-02,INTC,Intel,41.34675598144531,43.98375510353967,39.96909651271946,43.68793622025307,67187800
2018-04-03,INTC,Intel,42.04826736450195,42.22575676450611,40.91571088843182,41.41437388664514,39432400
2018-04-04,INTC,Intel,42.25110626220703,42.39478720758261,40.57762497746118,40.65369230858599,30370000
2018-04-05,INTC,Intel,42.58073043823242,42.868095554138804,42.234202200593685,42.26800739576337,25115400
2018-04-06,INTC,Intel,41.236881256103516,42.59763966449684,40.99177502340499,42.08207249369949,28215200
2018-04-09,INTC,Intel,41.87923812866211,43.19773802773436,41.54961395993148,41.54961395993148,31437000
2018-04-10,INTC,Intel,43.33296203613281,43.51890516972972,42.54693380211762,43.206182040653246,25906400
2018-04-11,INTC,Intel,43.18925857543945,43.72172980530479,42.95260612845387,43.09629027422925,17568400
2018-04-12,INTC,Intel,44.5584831237793,45.02333766010715,43.48508986402664,43.51889828736106,29781400
2018-04-13,INTC,Intel,43.83161544799805,44.972622260120005,43.611863933983656,44.8458455166334,20884900
2018-04-16,INTC,Intel,44.288028717041016,44.397901272858945,43.77246146967519,44.195057151234174,18855500
2018-04-17,INTC,Intel,45.25153732299805,45.38676778513917,44.70216175696617,44.71906596775238,21228700
2018-04-18,INTC,Intel,45.31071090698242,45.94460444910775,45.08250884491939,45.23464355296141,22164700
2018-04-19,INTC,Intel,44.135887145996094,44.761326851858485,43.620319978854944,44.75287635816788,25422400
2018-04-20,INTC,Intel,43.552711486816406,44.18660503210863,43.00333901538606,44.093633462935216,26910100
2018-04-23,INTC,Intel,43.18925857543945,43.856960235603374,42.97796082658868,43.687921391693195,21706700
2018-04-24,INTC,Intel,43.4850959777832,45.3360638895709,43.2230854963273,43.84007480025653,42494700
2018-04-25,INTC,Intel,43.425933837890625,44.03446943669711,42.76668237163885,43.83162531181136,25752800
2018-04-26,INTC,Intel,44.837406158447266,45.02334931075421,44.00911891731106,44.16970413348099,39575000
2018-04-27,INTC,Intel,44.56694030761719,47.15322704625924,44.144344624945894,46.85740813389982,69888100
2018-04-30,INTC,Intel,43.62876892089844,45.10785352359904,43.28224065723167,44.42325071380413,36417400
2018-05-01,INTC,Intel,45.074058532714844,45.1501226628955,43.47664409178584,43.64568301520232,27600800
2018-05-02,INTC,Intel,44.21195983886719,44.96417961020606,44.07672935440345,44.87120804760929,25778300
2018-05-03,INTC,Intel,44.18659591674805,44.42325165059171,43.28224156995788,43.85697185705893,28561000
2018-05-04,INTC,Intel,44.86665344238281,44.91765876416716,43.35353123310562,43.8805732538499,25642500
2018-05-07,INTC,Intel,45.33419418334961,45.54671149361975,44.90915956280933,44.93466060235957,20285700
2018-05-08,INTC,Intel,45.58921813964844,45.58921813964844,44.88365905371442,45.30019444367356,21026800
2018-05-09,INTC,Intel,46.1927604675293,46.21826150585259,45.21517959021884,45.6997187749013,19827500
2018-05-10,INTC,Intel,46.73681640625,46.753818183811376,45.98875440733692,46.37128629557415,18715900
2018-05-11,INTC,Intel,46.47329330444336,46.9153297888313,46.269278461038134,46.43079048229706,15405000
2018-05-14,INTC,Intel,46.66880798339844,46.95783168821511,46.53279701894101,46.55829806141516,21878200
2018-05-15,INTC,Intel,45.83572769165039,46.541286653143544,45.52970551702464,46.3967764520222,21712600
2018-05-16,INTC,Intel,46.44778060913086,46.498785928567145,45.869733293212875,46.0482470471049,16260500
2018-05-17,INTC,Intel,46.59230041503906,47.127841749767136,46.26077065761495,46.37128057675632,16872600
2018-05-18,INTC,Intel,45.47871398925781,46.36278696469397,45.453212944329415,46.354284454546175,23679900
2018-05-21,INTC,Intel,46.175758361816406,46.940821933571364,45.78472731081126,46.209761907840324,25367400
2018-05-22,INTC,Intel,46.286277770996094,46.79631809507714,45.9462487264372,46.52429615653294,19009600
2018-05-23,INTC,Intel,46.93231964111328,46.949321414203276,45.76772574787986,45.9037366898432,20555400
2018-05-24,INTC,Intel,46.54129409790039,47.00883156357447,46.01425204074545,46.90682415571542,19667100
2018-05-25,INTC,Intel,47.12784194946289,47.17884727607283,46.362781506856514,46.583798103318685,18550000
2018-05-29,INTC,Intel,47.02583312988281,47.44236851115647,46.59229921633898,46.85581862236791,24253500
2018-05-30,INTC,Intel,47.33185958862305,47.77389602033984,47.28085426247058,47.51037336602106,24711500
2018-05-31,INTC,Intel,46.923828125,47.48487375859508,46.804818936473346,47.3233585089456,30962100
2018-06-01,INTC,Intel,48.52195358276367,48.53895211387008,47.433862754816104,47.46786630254252,31183200
2018-06-04,INTC,Intel,48.309444427490234,48.9639949965392,48.26693836427946,48.462453932571115,22538100
2018-06-05,INTC,Intel,48.054420471191406,48.55596152943939,47.790901041731196,48.368948473025725,21687000
2018-06-06,INTC,Intel,48.47944641113281,48.50495069271911,47.67188324913313,48.05441180260383,22955400
2018-06-07,INTC,Intel,47.50188064575195,48.45395749916699,47.28086077805715,48.38595038825858,27596100
2018-06-08,INTC,Intel,46.79631042480469,47.34885672095701,46.464783944216,47.2298475476951,30822900
2018-06-11,INTC,Intel,46.34577560424805,46.83031481424454,46.12475578471049,46.58379395505142,25752400
2018-06-12,INTC,Intel,46.600791931152344,46.77930567970617,46.0907517230681,46.6432947413666,23294900
2018-06-13,INTC,Intel,46.77931213378906,47.34886024606097,46.677304726649695,46.736809317710744,22631400
2018-06-14,INTC,Intel,47.21284484863281,47.48486673725907,46.9068194132391,47.136338489784386,23419800
2018-06-15,INTC,Intel,46.847312927246094,47.076831994480116,46.396777300503324,46.8983150025715,39194700
2018-06-18,INTC,Intel,45.24068832397461,46.158761464294834,44.49262644621804,46.158761464294834,40764400
2018-06-19,INTC,Intel,44.99415969848633,45.01116147036377,44.10158775283736,44.32260430173127,31780900
2018-06-20,INTC,Intel,45.44469451904297,45.69121534287535,44.790140905465435,45.215175466794506,21403000
2018-06-21,INTC,Intel,44.3651123046875,46.35427444866616,44.15259499547079,46.22676600879021,44435600
2018-06-22,INTC,Intel,44.62864303588867,45.13018410638324,44.45862850910524,44.73065045485578,34682100
2018-06-25,INTC,Intel,43.10700988769531,43.99108266541651,42.426955152046986,43.4980409553485,45356500
2018-06-26,INTC,Intel,42.22293472290039,42.85198734453458,41.95941535178542,42.46095629898833,37543000
2018-06-27,INTC,Intel,41.44938278198242,42.55447560324814,41.44088351474139,41.94242459365574,33338800
2018-06-28,INTC,Intel,41.865909576416016,42.06992761842371,41.22835765393253,41.29636474885401,29055700
2018-06-29,INTC,Intel,42.25694274902344,42.59697175505629,42.07842898009681,42.10393002058435,28906500
2018-07-02,INTC,Intel,42.6734733581543,42.73297794115752,41.508879492975616,41.68739324198529,23755500
2018-07-03,INTC,Intel,42.05292510986328,43.23452080004448,42.01892156299672,42.99650245749192,16327900
2018-07-05,INTC,Intel,43.141014099121094,43.31952786195927,42.29094485578866,42.4864603926243,26163500
2018-07-06,INTC,Intel,43.66805648803711,43.77856639856852,42.84349152016785,43.158016234865265,19968000
2018-07-09,INTC,Intel,44.08458709716797,44.110088134251605,43.353527101709865,43.89757084453734,21361600
2018-07-10,INTC,Intel,44.339622497558594,44.424628145676536,44.06760053227203,44.28861716303326,17362900
2018-07-11,INTC,Intel,43.5235481262207,44.093092991768415,43.51504561741006,43.940080260746676,18665600
2018-07-12,INTC,Intel,44.50112533569336,44.61163524963022,43.97408329214031,44.24610520124878,20292700
2018-07-13,INTC,Intel,44.39060974121094,44.56062096816074,43.99957548806002,44.5436224396708,13749300
2018-07-16,INTC,Intel,44.21210861206055,44.47563129670089,44.09309941343505,44.331121053443496,15951500
2018-07-17,INTC,Intel,43.9910774230957,44.10158731783082,43.36202484086085,43.39602838428033,15754500
2018-07-18,INTC,Intel,43.9655876159668,44.178104952482094,43.7530702794515,44.09309607222165,14649000
2018-07-19,INTC,Intel,44.18659591674805,44.21209695465609,43.39603131403265,43.86356871796754,15954600
2018-07-20,INTC,Intel,44.1270866394043,44.26309756504096,43.63404825000499,44.059082797964095,17380500
2018-07-23,INTC,Intel,44.46712112426758,44.62863310525611,43.6340536954336,44.00808297692335,15945500
2018-07-24,INTC,Intel,44.356605529785156,45.30868200592242,44.271599917592205,44.84964391746551,17788700
2018-07-25,INTC,Intel,44.56913757324219,44.586139349866414,43.430044481477324,44.382121273132974,19854800
2018-07-26,INTC,Intel,44.339622497558594,45.206693727943616,44.09310157815589,44.58614341696129,28282500
2018-07-27,INTC,Intel,40.53130340576172,41.82340909653766,40.36128890173071,41.44937653911805,67816700
2018-07-30,INTC,Intel,40.539798736572266,40.79482208924244,39.46871297783275,40.48879666024354,35696600
2018-07-31,INTC,Intel,40.88832473754883,41.38136640010307,40.53979651644397,41.00733714223039,36581200
2018-08-01,INTC,Intel,41.49188232421875,41.57688795429653,40.80332504666381,40.85433037036463,28060700
2018-08-02,INTC,Intel,42.06143569946289,42.09543925548429,40.973347848838934,41.22836803348422,26452500
2018-08-03,INTC,Intel,42.188934326171875,42.31644275756266,41.797900038739705,42.078424424761266,22008200
2018-08-06,INTC,Intel,42.16328048706055,42.17183470373157,41.32514668957684,41.71000487782899,26669000
2018-08-07,INTC,Intel,42.505374908447266,42.616556881362996,42.25735483904972,42.27446000891964,28322700
2018-08-08,INTC,Intel,42.72773742675781,42.87312974565731,42.28301277847363,42.419850880832016,21990600
2018-08-09,INTC,Intel,42.881675720214844,43.27508481100204,42.522476966664094,42.642209884514344,23795600
2018-08-10,INTC,Intel,41.77841567993164,42.05209184544677,41.308034974357334,41.487634346262155,28712400
2018-08-13,INTC,Intel,41.43633270263672,42.11197233639743,41.37646623002279,41.838292838404804,17070600
2018-08-14,INTC,Intel,41.15410232543945,41.701454797476984,40.752142188930804,41.62448315219183,23061600
2018-08-15,INTC,Intel,40.58964538574219,41.05147526547351,40.110713595631005,40.86332162651376,26739900
2018-08-16,INTC,Intel,40.341617584228516,41.00870614863584,40.23898982911874,40.83765771513454,24358000
2018-08-17,INTC,Intel,40.2817497253418,40.52976978219617,39.62321866228037,40.196227142794896,26382000
2018-08-20,INTC,Intel,39.76861572265625,40.29886301879781,39.50349044334644,40.23899654645012,24334000
2018-08-21,INTC,Intel,40.72648620605469,40.92319081324473,39.88835225531862,39.90545742931059,19254300
2018-08-22,INTC,Intel,40.238990783691406,40.49556180879113,40.12780880990641,40.410039221250415,23182500
2018-08-23,INTC,Intel,40.17912292480469,40.34161714048089,39.948208031489564,40.07649517082379,31343200
2018-08-24,INTC,Intel,40.76069259643555,40.95739718452683,40.26465564874405,40.444255064504176,18214700
2018-08-27,INTC,Intel,41.350807189941406,41.38501753528976,40.735037286061434,41.05147482433851,17170300
2018-08-28,INTC,Intel,41.5389518737793,41.72710547016348,41.31659120189768,41.521846704791884,13472400
2018-08-29,INTC,Intel,41.69289016723633,41.78696695422539,41.39355790179569,41.65012888109867,13479100
2018-08-30,INTC,Intel,41.25672912597656,41.76132024605666,41.12844197617674,41.49619499229331,16418800
2018-08-31,INTC,Intel,41.419219970703125,41.53040194061354,40.983046307003995,41.017256645819124,16484000
2018-09-04,INTC,Intel,41.01726150512695,41.419224877631486,40.67516786388038,41.3764635802854,15682900
2018-09-05,INTC,Intel,40.8120002746582,41.15409386814129,40.598190555302246,40.837656396988145,20857200
2018-09-06,INTC,Intel,40.41859436035156,41.017262322561265,40.37583306215328,40.84621386729022,19318100
2018-09-07,INTC,Intel,39.72585678100586,40.60675200853845,39.64888513163556,40.11926598335262,25958300
2018-09-10,INTC,Intel,39.59756851196289,39.99097770338824,39.5377020377233,39.81993249840551,21522400
2018-09-11,INTC,Intel,38.42588806152344,39.36664964503837,38.39167771894672,39.34099351934475,32455300
2018-09-12,INTC,Intel,38.42588806152344,38.46864935850542,37.68183105410789,38.10945054888337,29778700
2018-09-13,INTC,Intel,38.97322463989258,39.21269041556763,38.57981564771885,39.06730141247249,18657100
2018-09-14,INTC,Intel,38.94758224487305,39.31533525133915,38.78508475772712,39.15283776419322,22998700
2018-09-17,INTC,Intel,38.84495162963867,39.25546919753453,38.64824706219733,38.73377291487466,17603200
2018-09-18,INTC,Intel,39.426517486572266,39.7942705258866,38.836403737719884,38.981796067496184,20528100
2018-09-19,INTC,Intel,39.46928405761719,39.71730090637351,39.24692007427662,39.417968539351335,15918900
2018-09-20,INTC,Intel,40.36728286743164,40.50412098172891,39.785720066048725,40.00808077835255,21999300
2018-09-21,INTC,Intel,39.905452728271484,40.55543295100376,39.65743262832342,40.29886189630623,52650600
2018-09-24,INTC,Intel,40.119258880615234,40.19623051635843,39.46927871626642,39.60611681731236,17847000
2018-09-25,INTC,Intel,39.264015197753906,39.67452945137886,39.16993840291703,39.52914041388716,23389900
2018-09-26,INTC,Intel,39.08442306518555,39.59756516167391,38.98179529838345,39.37520445652306,23957700
2018-09-27,INTC,Intel,39.238365173339844,39.48638199715566,39.11007802181479,39.26402129865374,15415500
2018-09-28,INTC,Intel,40.44425582885742,40.83766501247501,38.87916678699717,39.01600490575451,46223500
2018-10-01,INTC,Intel,39.72585678100586,40.38439127840105,39.512047006363716,40.0166382050183,23796200
2018-10-02,INTC,Intel,41.136985778808594,41.80407427432766,40.469900545766706,40.63239474645001,42121100
2018-10-03,INTC,Intel,41.70145797729492,42.5224900104346,41.530412763599216,41.5817250227166,39211900
2018-10-04,INTC,Intel,41.16265106201172,41.78697509620354,40.72647737598115,41.76986992592022,30108300
2018-10-05,INTC,Intel,40.22187805175781,41.34224200778117,39.90544062237601,41.24816522168677,28901400
2018-10-08,INTC,Intel,40.22187805175781,40.4955541954086,39.78570771733842,40.16201159923901,19376800
2018-10-09,INTC,Intel,39.811378479003906,40.72648403262873,39.802827523703435,40.3501800123226,23285700
2018-10-10,INTC,Intel,38.31470489501953,39.44362006533202,38.31470489501953,39.39230781553092,43109500
2018-10-11,INTC,Intel,37.827213287353516,39.00744379335933,37.39959386977664,38.61403471218314,43648800
2018-10-12,INTC,Intel,38.38312530517578,38.77653444241673,37.82721867811266,38.71666797642258,32087400
2018-10-15,INTC,Intel,38.08378982543945,38.60548611277058,38.00681818857949,38.16931567888259,21633000
2018-10-16,INTC,Intel,39.289676666259766,39.34954313248951,38.34036416069764,38.40023062692738,21472000
2018-10-17,INTC,Intel,39.246925354003906,39.62323268028698,38.94759294671378,39.34100218557467,23124400
2018-10-18,INTC,Intel,38.460086822509766,39.127171989485454,38.340353922024576,39.04164942127513,26638800
2018-10-19,INTC,Intel,37.630516052246094,38.63969833464547,37.51078311407632,38.5028602249546,28368500
2018-10-22,INTC,Intel,38.49430847167969,38.77653892612432,37.71604106128735,38.058137988648454,34508800
2018-10-23,INTC,Intel,38.058135986328125,38.56272713327519,37.55354483938106,37.78445976382917,38590300
2018-10-24,INTC,Intel,36.27923583984375,37.93840154327781,36.22792358920742,37.76735309537522,33631800
2018-10-25,INTC,Intel,37.89563751220703,38.434435679873175,37.01473921094535,37.23710315591531,48255300
2018-10-26,INTC,Intel,39.075870513916016,39.71729979310853,38.22918569236958,38.99034791501489,67280400
2018-10-29,INTC,Intel,38.827842712402344,39.98241378406361,38.00681098730047,39.76860408468359,35732200
2018-10-30,INTC,Intel,40.84621810913086,40.94884915043838,38.87916882543244,38.93903530162269,43975200
2018-10-31,INTC,Intel,40.093605041503906,41.53040681562195,40.05084374420425,41.299491895230354,33369100
2018-11-01,INTC,Intel,41.239627838134766,41.45343759961414,40.07650221369048,40.15347385832218,28335300
2018-11-02,INTC,Intel,40.290313720703125,41.26528575329217,39.98242712883749,41.16265797682969,30759800
2018-11-05,INTC,Intel,41.025814056396484,41.26527992179434,40.127810536199085,40.487012596773596,23751200
2018-11-06,INTC,Intel,40.66434097290039,41.24095544894718,40.47500330828396,41.13768185143299,23839600
2018-11-07,INTC,Intel,41.92945861816406,41.955276199108404,40.95695591215253,40.99138154208416,29913200
2018-11-08,INTC,Intel,42.161827087402344,42.42001274827075,41.7056956940924,41.7315165582854,26581700
2018-11-09,INTC,Intel,41.404483795166016,42.19625367241442,41.197933275922146,41.989706436179674,21761400
2018-11-12,INTC,Intel,40.14798355102539,41.13769604153034,40.10494986112594,41.060239995924775,24412800
2018-11-13,INTC,Intel,40.78483200073242,41.524966646553445,40.44058554237977,40.44058554237977,29315900
2018-11-14,INTC,Intel,40.52665710449219,41.284004766915864,40.35453218807639,41.180727847260556,25632700
2018-11-15,INTC,Intel,41.404483795166016,41.51636546321516,40.208220929361644,40.457798566227865,29581000
2018-11-16,INTC,Intel,42.024139404296875,42.21347385672145,41.04302837041809,41.11187964985226,31670600
2018-11-19,INTC,Intel,41.309818267822266,42.29953397702593,41.12048055019841,41.834797733590676,26859000
2018-11-20,INTC,Intel,40.78483200073242,41.41308498815963,40.52664633621573,40.79344004992132,29200800
2018-11-21,INTC,Intel,40.475013732910156,41.206543718151686,40.46640896548795,41.180722849866434,19011400
2018-11-23,INTC,Intel,40.05331039428711,40.50943856786195,40.03609757677363,40.18240160112433,8906900
2018-11-26,INTC,Intel,40.83646774291992,40.84507250853023,40.191001982862204,40.68155569786538,20723000
2018-11-27,INTC,Intel,41.37005615234375,41.499150630977915,40.096337314056505,40.39755338685759,27621000
2018-11-28,INTC,Intel,42.049957275390625,42.06717009536493,41.008606289517786,41.25818397162097,28003200
2018-11-29,INTC,Intel,41.051631927490234,41.791766685328625,40.99138870608565,41.73152346392405,23592500
2018-11-30,INTC,Intel,42.43722915649414,42.445833923281164,40.93114217706666,41.26678389291476,43313700
2018-12-03,INTC,Intel,43.142940521240234,43.46136943748017,42.626565845246795,43.03105884899027,30870400
2018-12-04,INTC,Intel,41.094661712646484,42.68680959668666,41.03441849214827,42.61796160883554,35397700
2018-12-06,INTC,Intel,41.628257751464844,41.645470574068085,40.03610941528276,40.27708236570766,31661700
2018-12-07,INTC,Intel,39.79513168334961,41.36146223893248,39.78652363157716,41.25818531572209,34016400
2018-12-10,INTC,Intel,40.62992477416992,40.84508006733923,39.5971787103554,39.829546820939356,23289000
2018-12-11,INTC,Intel,40.7762336730957,41.81758454478008,40.56107837152408,41.22375709432579,23851000
2018-12-12,INTC,Intel,41.16351318359375,41.86061424789278,40.80205057583818,41.80897907750577,31305000
2018-12-13,INTC,Intel,41.55939865112305,41.80897958773711,41.18933127145649,41.53357778260512,19526000
2018-12-14,INTC,Intel,41.18932342529297,41.963880390088875,41.18071537642363,41.21514100588355,26372100
2018-12-17,INTC,Intel,40.51803970336914,41.6626639670969,40.156577163291274,41.1893230567883,26598700
2018-12-18,INTC,Intel,41.086063385009766,41.69710373612689,40.759026363182514,40.85369523394907,29014300
2018-12-19,INTC,Intel,39.218502044677734,41.07744343154496,39.05498522264627,40.870896212453516,39717600
2018-12-20,INTC,Intel,39.19268798828125,39.85536666823876,38.736556545993345,39.08080631945488,37750900
2018-12-21,INTC,Intel,38.59025192260742,40.14797736279198,38.55582628919792,39.37341702612361,52768300
2018-12-24,INTC,Intel,37.51448059082031,38.8742604648898,37.47145018472493,38.40952748284629,19241600
2018-12-26,INTC,Intel,39.75209426879883,39.760702319765365,37.44562906119533,37.867334917298535,28677600
2018-12-27,INTC,Intel,39.898399353027344,39.91561217098663,38.44394742405645,39.26153822057114,29970700
2018-12-28,INTC,Intel,40.234046936035156,41.086063492146096,39.84676668325745,40.02749637355044,24758700
2018-12-31,INTC,Intel,40.38895797729492,40.8622990369312,40.0619209631967,40.526657254334744,20490400
2019-01-02,INTC,Intel,40.51803970336914,40.85368138007872,39.39062497120866,39.55414178516729,18774600
2019-01-03,INTC,Intel,38.289039611816406,39.82954910412985,38.2029755198096,39.71767070903514,32267300
2019-01-04,INTC,Intel,40.638526916503906,40.939742969947574,39.19268329395679,39.45086895162404,35447300
2019-01-07,INTC,Intel,40.8278694152832,41.30981847942657,40.234041956524834,40.53525806973356,22736800
2019-01-08,INTC,Intel,41.086063385009766,41.33564107347365,40.25986442023513,41.13769856323894,22749200
2019-01-09,INTC,Intel,41.31842041015625,41.800369441208915,41.12047793749422,41.275390008796535,22554500
2019-01-10,INTC,Intel,41.79176712036133,41.86922316054626,40.80205141611042,41.09466275869691,27202600
2019-01-11,INTC,Intel,42.11019515991211,42.42001931411282,41.352847592200284,41.39587799517054,21751300
2019-01-14,INTC,Intel,41.61103439331055,42.02413546517426,41.56800398920248,41.705703252153924,19193900
2019-01-15,INTC,Intel,41.82618713378906,42.28231858180951,41.68848787927571,41.920855986831214,22480800
2019-01-16,INTC,Intel,41.421695709228516,42.07576632039515,41.378665309534895,41.82618540595945,19057700
2019-01-17,INTC,Intel,41.71430969238281,42.03273861010067,41.23236064915392,41.30981668676197,17448700
2019-01-18,INTC,Intel,42.333961486816406,42.497481638502805,41.903650827447635,42.26511348848249,29874600
2019-01-22,INTC,Intel,41.54218673706055,42.15322701612815,41.19793693541179,42.13601419774477,25940700
2019-01-23,INTC,Intel,41.258182525634766,41.998317343541785,40.896723167871585,41.662675573330375,18960700
2019-01-24,INTC,Intel,42.82451629638672,43.065492503259776,41.82619567651224,41.91225978004185,50578300
2019-01-25,INTC,Intel,40.48362350463867,40.81926525953401,39.3734213284391,40.3201033695803,86455700
2019-01-28,INTC,Intel,40.19961166381836,40.21682448015227,39.63160185683539,39.700453122171034,35928700
2019-01-29,INTC,Intel,40.05331039428711,40.423377763303804,39.87258073490944,40.25985763843036,20988300
2019-01-30,INTC,Intel,40.9139289855957,41.03441541756445,39.975851829970246,40.17379429434877,26931700
2019-01-31,INTC,Intel,40.55247497558594,40.604113435773556,39.67464085045488,40.191015603301835,43051300
2019-02-01,INTC,Intel,41.93806838989258,42.21346689619978,40.45779895623446,40.50083264028991,37442900
2019-02-04,INTC,Intel,42.35977554321289,42.37698836077931,41.51636718051417,41.843400865248256,20905000
2019-02-05,INTC,Intel,43.03966522216797,43.65070877571043,42.325351325786464,42.325351325786464,31641600
2019-02-06,INTC,Intel,43.21721267700195,43.85810734796643,43.1479249807792,43.26051583523157,21647800
2019-02-07,INTC,Intel,42.63694763183594,43.1739141611142,42.160606196001034,42.87078869389739,27825900
2019-02-08,INTC,Intel,42.29916763305664,42.455061635080476,41.580322701077954,42.238542554916144,18851200
2019-02-11,INTC,Intel,42.23854446411133,42.71488580123984,42.07399114512341,42.45506355406239,18004100
2019-02-12,INTC,Intel,43.31247329711914,43.42506413855722,42.67157870023525,42.74952569756641,18050100
2019-02-13,INTC,Intel,43.71087646484375,44.00534256962563,43.30381950428135,43.41641036006187,17712800
2019-02-14,INTC,Intel,44.00534439086914,44.20454157237467,43.6069467240387,43.658912498969464,17545400
2019-02-15,INTC,Intel,44.74150085449219,44.75016016368194,44.247837635205215,44.386409708973154,22520400
2019-02-19,INTC,Intel,44.516326904296875,44.78480846554635,44.46436113252964,44.47302044258126,15611800
2019-02-20,INTC,Intel,44.50766372680664,44.80212982212037,44.22186024525401,44.71552350742421,21607700
2019-02-21,INTC,Intel,44.524986267089844,44.897399372314936,44.351770331479706,44.44703926125624,16162100
2019-02-22,INTC,Intel,45.460350036621094,45.884725607050875,45.087936933857485,45.642225281090994,31934100
2019-02-25,INTC,Intel,45.98865509033203,46.43035590035873,45.78079860640591,45.95401454555717,20711800
2019-02-26,INTC,Intel,46.10124206542969,46.222492221482646,45.824097907646085,45.910704218021344,16082200
2019-02-27,INTC,Intel,46.10991668701172,46.23116687464146,45.477677902108354,45.694197038252845,17590300
2019-02-28,INTC,Intel,45.86741256713867,46.05795046233707,45.737503068992325,45.83276871277173,18388800
2019-03-01,INTC,Intel,46.161869049072266,46.49097898895846,45.80677787576475,46.28311921013057,18359300
2019-03-04,INTC,Intel,46.71615982055664,46.85473191238587,46.08392444509708,46.55160649395295,21706100
2019-03-05,INTC,Intel,46.49098205566406,46.75946693273129,45.997318765180594,46.638213459855585,21057700
2019-03-06,INTC,Intel,45.858741760253906,46.464995844429275,45.85007914692369,46.447673921587814,14740500
2019-03-07,INTC,Intel,45.55561447143555,45.89338702153436,45.34775799856451,45.70284916822001,17803000
2019-03-08,INTC,Intel,45.451690673828125,45.52097837409785,44.77615211529531,45.00999314797653,16793900
2019-03-11,INTC,Intel,46.205177307128906,46.46500288530345,45.52963873304182,45.79812362203976,18963000
2019-03-12,INTC,Intel,46.395713806152344,46.733483083169,46.057944529135696,46.19651662493276,20782100
2019-03-13,INTC,Intel,47.08857345581055,47.26178939846104,46.46500068761582,46.76812610938969,25522300
2019-03-14,INTC,Intel,46.28311538696289,47.15785428317369,46.18784977101433,47.02794151916018,26647100
2019-03-15,INTC,Intel,47.053924560546875,47.36570923740793,46.49097367278408,46.49097367278408,46512500
2019-03-18,INTC,Intel,46.854736328125,47.20982755339102,46.655539133836214,47.131880537902404,16274000
2019-03-19,INTC,Intel,46.91536331176758,47.33108294703826,46.768131889799825,47.17518890976669,18274800
2019-03-20,INTC,Intel,46.61223602294922,47.11456196862298,46.43036075454442,46.82009583242585,24325300
2019-03-21,INTC,Intel,47.32240676879883,47.625535444979064,46.629546414959215,46.69883079843379,19127200
2019-03-22,INTC,Intel,46.127220153808594,47.30508439601675,46.083917001572445,47.114549865413956,21438400
2019-03-25,INTC,Intel,45.711517333984375,46.37839664596432,45.36508871081044,45.87607398602522,16971400
2019-03-26,INTC,Intel,46.28311538696289,46.56892214626508,45.93668685595825,46.17918715804338,17724300
2019-03-27,INTC,Intel,46.04061508178711,46.64686914077808,45.85007724226511,46.41302814786076,19656000
2019-03-28,INTC,Intel,45.9973258972168,46.283129439476006,45.70285973935649,46.11857608507342,13607900
2019-03-29,INTC,Intel,46.508296966552734,46.80276303434735,46.317759127444795,46.59490327315516,18736100
2019-04-01,INTC,Intel,47.20982360839844,47.26178938232163,46.85473241280488,47.062592204678346,17830400
2019-04-02,INTC,Intel,47.07991027832031,47.4609826777952,46.96731942927265,47.2271416699973,13704500
2019-04-03,INTC,Intel,48.0499153137207,48.49161610063284,47.538930137065314,47.660180296980315,24552800
2019-04-04,INTC,Intel,48.430992126464844,48.6215299972905,47.86804443220078,47.86804443220078,16520500
2019-04-05,INTC,Intel,48.15384292602539,48.45697162570249,47.52160759765069,48.28375569786115,19268400
2019-04-08,INTC,Intel,48.22313690185547,48.275102678124384,47.80742060316251,47.87670500103494,11758800
2019-04-09,INTC,Intel,47.911346435546875,48.00661536865876,47.547595931468024,47.93732767046128,13339700
2019-04-10,INTC,Intel,48.28376007080078,48.37902900493273,47.91134694855005,47.91134694855005,13084000
2019-04-11,INTC,Intel,48.327056884765625,48.56089788225065,48.17982549958185,48.29241303984513,10845800
2019-04-12,INTC,Intel,48.86402893066406,48.92465731821316,48.36170633635714,48.682153679474624,12910200
2019-04-15,INTC,Intel,48.74278259277344,48.985286250564734,48.4309945354843,48.89867662141801,11676900
2019-04-16,INTC,Intel,49.11518859863281,49.77340846918371,48.56090026794935,49.07188544226424,30301900
2019-04-17,INTC,Intel,50.71743392944336,51.60949154234196,50.33635820834556,50.61350238524258,38788400
2019-04-18,INTC,Intel,50.65680694580078,50.99457619222695,50.33635631893882,50.84734149537866,20464200
2019-04-22,INTC,Intel,50.94260787963867,50.95127049280751,50.12849734416976,50.36233834244484,12327500
2019-04-23,INTC,Intel,50.9079704284668,51.081186371590945,50.665470090384574,51.00323936237604,17739900
2019-04-24,INTC,Intel,50.85600662231445,51.34966989976815,50.35368073083147,50.68279068374034,17723700
2019-04-25,INTC,Intel,49.89466094970703,50.5615401610281,49.565550999120966,50.49225246455979,27949900
2019-04-26,INTC,Intel,45.40838623046875,45.97999652627073,44.62025683316876,45.67687110570123,72364500
2019-04-29,INTC,Intel,44.26516342163086,45.40838395597111,44.169894493132645,45.18320225155368,42142300
2019-04-30,INTC,Intel,44.20453643798828,44.54230567625769,44.05730174469554,44.169892592058346,27130900
2019-05-01,INTC,Intel,43.962039947509766,44.689544310887925,43.94472132555606,44.256506078015676,20467600
2019-05-02,INTC,Intel,43.78015899658203,44.45570079872263,43.40774590037425,43.99667808489729,22655400
2019-05-03,INTC,Intel,44.81945037841797,44.88007545761948,43.93605211942855,44.23918081925516,25656600
2019-05-06,INTC,Intel,44.63210678100586,44.68438747952083,43.73458267588581,43.78686669845332,26245200
2019-05-07,INTC,Intel,43.98728561401367,44.33583913074172,43.50802702155212,44.09185033941101,29713400
2019-05-08,INTC,Intel,42.90677261352539,44.25741157674009,42.75863621613793,43.743297004723246,36812400
2019-05-09,INTC,Intel,40.62376403808594,42.078971418629926,40.127077344931955,41.73913350479334,59642200
2019-05-10,INTC,Intel,40.25777816772461,40.780605117362164,39.299257661318855,40.466907617958555,42522800
2019-05-13,INTC,Intel,39.00298309326172,39.769798733762734,38.95070239953472,39.49967295203392,39091900
2019-05-14,INTC,Intel,39.36024856567383,39.63909333404296,39.09883512713325,39.368964230588105,24706500
2019-05-15,INTC,Intel,39.752376556396484,39.86565694950142,39.0029888119454,39.142409555746575,23407900
2019-05-16,INTC,Intel,39.673954010009766,40.0399355568998,39.578101620965874,39.621673306206105,19954700
2019-05-17,INTC,Intel,39.116268157958984,39.848227874334725,39.00298776788642,39.36896928810061,22500400
2019-05-20,INTC,Intel,37.95732879638672,38.793853124779,37.86147642716532,38.34073494922013,28675000
2019-05-21,INTC,Intel,38.741580963134766,39.02042249126112,38.497595457037505,38.63701622110069,25543400
2019-05-22,INTC,Intel,38.34074783325195,38.74158212646316,38.21003940874454,38.47145625775937,16932500
2019-05-23,INTC,Intel,38.80257797241211,38.985570429022324,37.34737393152601,37.791776585457626,35783900
2019-05-24,INTC,Intel,38.83742141723633,39.2556835807893,38.76771271867026,38.854849422890894,27168100
2019-05-28,INTC,Intel,37.966041564941406,38.94198662572777,37.730768471670615,38.915846278937316,34779900
2019-05-29,INTC,Intel,38.5411491394043,38.80256255692461,37.75690888684335,37.774333567166344,28450300
2019-05-30,INTC,Intel,38.976844787597656,39.23825824207949,38.54115458877713,38.602150950687815,21618900
2019-05-31,INTC,Intel,38.37559509277344,39.18597916192995,38.27974271323089,38.49758782162667,25532500
2019-06-03,INTC,Intel,37.870201110839844,38.85486214642364,37.64364361124567,38.55859260138309,31155700
2019-06-04,INTC,Intel,39.02912902832031,39.09012539057514,38.140320618825434,38.48015844397444,28094900
2019-06-05,INTC,Intel,38.81999588012695,39.36896645897185,38.506298406501294,39.30797009732824,20802000
2019-06-06,INTC,Intel,39.299259185791016,39.36025555481311,38.78514455828138,38.99427734068056,19076200
2019-06-07,INTC,Intel,40.10964584350586,40.188070226340855,39.299261662228616,39.42997007497128,24370300
2019-06-10,INTC,Intel,40.780609130859375,41.12044701397481,40.25778212976686,40.28392248260558,20806100
2019-06-11,INTC,Intel,40.82417678833008,41.233726704010735,40.536622939912874,41.18144267518354,18415500
2019-06-12,INTC,Intel,40.36233901977539,40.667320823789915,40.30134265897249,40.667320823789915,15900600
2019-06-13,INTC,Intel,40.693477630615234,40.92003514043235,40.54534118938396,40.606337569875244,12267600
2019-06-14,INTC,Intel,40.24906539916992,40.44948252176096,39.69138239299435,39.935371201235846,15381100
2019-06-17,INTC,Intel,40.1967887878418,40.545339040165594,39.90923158872274,40.20550113142726,12643300
2019-06-18,INTC,Intel,41.277286529541016,41.82625708450984,40.606323256590734,40.73703163960073,25732300
2019-06-19,INTC,Intel,41.015872955322266,41.46027879688151,40.95487659652821,41.3731387671384,17436400
2019-06-20,INTC,Intel,41.12044143676758,41.86982914099884,40.84159996413072,41.71298039713404,20126800
2019-06-21,INTC,Intel,41.355712890625,41.590985996967405,40.780601960916584,40.9113103502354,31096300
2019-06-24,INTC,Intel,41.50385284423828,41.695554287870905,41.10301530052779,41.30343573440938,14479900
2019-06-25,INTC,Intel,40.82417678833008,41.54742422886801,40.780608426333885,41.44285949526657,16665600
2019-06-26,INTC,Intel,41.991825103759766,42.244526246565044,41.442857782006946,41.52128215997918,21886300
2019-06-27,INTC,Intel,41.355712890625,42.19223727491862,41.16401146342381,41.95696749262863,23062900
2019-06-28,INTC,Intel,41.712989807128906,42.00054701043499,41.547428684168416,41.6258530737925,26646200
2019-07-01,INTC,Intel,41.869842529296875,43.08977685520866,41.608428980616814,42.95035607430905,27423300
2019-07-02,INTC,Intel,41.930824279785156,42.01796431497,41.55613043862149,41.74783519197568,15381600
2019-07-03,INTC,Intel,42.27938461303711,42.3142406327506,41.826266328920774,41.98311509357847,10739100
2019-07-05,INTC,Intel,41.895965576171875,41.98310227479698,41.33827940319447,41.85239390280734,14339200
2019-07-08,INTC,Intel,41.66940689086914,41.78268726389531,41.01587164687928,41.49513016099475,16564300
2019-07-09,INTC,Intel,41.6084098815918,41.6519782323642,41.068155019099436,41.26857209189415,17853200
2019-07-10,INTC,Intel,42.009254455566406,42.35780799637479,41.739128619290184,41.756553304682974,16032300
2019-07-11,INTC,Intel,42.34908676147461,42.50593550181028,42.09638896786936,42.314234071218614,16615100
2019-07-12,INTC,Intel,43.49931335449219,43.50802902103991,42.532083783023864,42.69764488284936,20148700
2019-07-15,INTC,Intel,43.673587799072266,43.78686818980052,43.36860596717233,43.56902307442838,14345100
2019-07-16,INTC,Intel,42.84577178955078,43.56901910219231,42.66278270709414,43.49059473484627,17131400
2019-07-17,INTC,Intel,43.0374870300293,43.30761621098044,42.90678193528765,43.13333942727174,11928600
2019-07-18,INTC,Intel,43.51675033569336,43.56032202930978,42.60180127865845,42.94163921492397,15671600
2019-07-19,INTC,Intel,43.80429458618164,44.144132421809765,43.49059709973951,43.53416545640035,29141100
2019-07-22,INTC,Intel,44.74538803100586,44.893524446783196,43.47317327928457,43.57773801015202,21688000
2019-07-23,INTC,Intel,45.093936920166016,45.311782026060534,44.70181506474537,45.311782026060534,18413500
2019-07-24,INTC,Intel,46.11345291137695,46.15702459415173,45.137507714981076,45.29435646562271,20896400
2019-07-25,INTC,Intel,45.451210021972656,45.83461627293954,45.20722452808946,45.75619188932665,27765400
2019-07-26,INTC,Intel,44.95450973510742,46.61884597237402,44.902225720535746,45.913026733890554,36401500
2019-07-29,INTC,Intel,45.75618362426758,45.799755303778866,44.24869592183504,44.902231225875,21897500
2019-07-30,INTC,Intel,45.05036926269531,45.581911861172536,44.928376533350225,45.05908160448315,16487700
2019-07-31,INTC,Intel,44.04829025268555,45.067807319936506,43.61259993698331,44.884814861061045,24169800
2019-08-01,INTC,Intel,43.13332748413086,45.215925996465785,43.107187137231136,44.02213584329619,34020800
2019-08-02,INTC,Intel,42.41879653930664,43.01133545490009,42.26194780729353,42.77606235688043,27881600
2019-08-05,INTC,Intel,40.928733825683594,41.79139846271066,40.58018037545824,41.617121737597984,38936600
2019-08-06,INTC,Intel,41.19630432128906,41.72266457183268,41.02962541585615,41.362986573217555,26119600
2019-08-07,INTC,Intel,40.994537353515625,41.12612826333725,40.3278183317758,40.6173136482892,29440400
2019-08-08,INTC,Intel,41.38053894042969,41.555992399836015,40.27518783521368,40.49450382284749,30643700
2019-08-09,INTC,Intel,40.336578369140625,41.231387608174,40.16112498661537,41.17875058946795,24975500
2019-08-12,INTC,Intel,40.003231048583984,40.41554613748851,39.86286896354143,40.14359313362654,18494300
2019-08-13,INTC,Intel,41.09103012084961,41.275254686974854,39.79268030080768,39.90672551404986,28959500
2019-08-14,INTC,Intel,40.240089416503906,40.906811776015225,40.04709365685236,40.406771679629635,25650200
2019-08-15,INTC,Intel,40.09095001220703,40.5120361682774,39.86285958610936,40.44185346901802,21896000
2019-08-16,INTC,Intel,40.79276657104492,40.95067432226541,40.406771705003635,40.65240449734847,22701800
2019-08-19,INTC,Intel,41.43315505981445,41.75774162058792,41.26647619811882,41.63492526497065,21403600
2019-08-20,INTC,Intel,40.880489349365234,41.33666690025245,40.757672959990906,41.25771302901244,23113300
2019-08-21,INTC,Intel,41.36298751831055,41.485803908961586,41.134897067248055,41.32789616484006,15915000
2019-08-22,INTC,Intel,41.038394927978516,41.60861767314483,40.959441060901575,41.47702677918477,19783000
2019-08-23,INTC,Intel,39.4417839050293,40.90681634944829,39.30142181572833,40.661180183299464,32814000
2019-08-26,INTC,Intel,39.9681396484375,40.196226762356915,39.696186667633455,40.196226762356915,22080500
2019-08-27,INTC,Intel,40.16990280151367,40.45939806197948,39.915495543244035,40.240082152401214,16925500
2019-08-28,INTC,Intel,40.16990280151367,40.27517350109258,39.80145033324468,40.09094894020569,14888800
2019-08-29,INTC,Intel,41.11734390258789,41.42438816979497,40.70503228713102,40.75766596125591,17803800
2019-08-30,INTC,Intel,41.5910758972168,41.924437072409184,41.371759951049974,41.44194266014132,16922600
2019-09-03,INTC,Intel,41.21384048461914,41.42438520553764,40.79275438927695,41.33665684411543,15003800
2019-09-04,INTC,Intel,42.915740966796875,42.94206115486675,41.7051194034426,41.72266507999064,23450700
2019-09-05,INTC,Intel,43.9509162902832,44.889588315236246,43.74914601212932,43.80178304636352,30014200
2019-09-06,INTC,Intel,44.670265197753906,44.73167673442999,43.92459240470514,44.08250013559706,17067900
2019-09-09,INTC,Intel,45.258033752441406,45.64402857003638,44.757993718501965,44.793085069145704,20749700
2019-09-10,INTC,Intel,45.459800720214844,45.47734639427127,44.5913116066401,45.02994341856537,18532000
2019-09-11,INTC,Intel,46.31075668334961,46.31075668334961,45.07381486246292,45.266810622338134,18968900
2019-09-12,INTC,Intel,46.503746032714844,46.784473488054516,45.679119381296545,46.49497486840517,23308700
2019-09-13,INTC,Intel,46.091434478759766,46.49497496777401,45.81948153364389,46.28443021244312,18010800
2019-09-16,INTC,Intel,45.79316711425781,45.87212098336756,45.35453525175821,45.52998866605716,13354600
2019-09-17,INTC,Intel,45.573848724365234,45.74052761838461,45.047488509864756,45.661573753534306,19641100
2019-09-18,INTC,Intel,45.38962173461914,45.73175401522636,44.88080722238624,45.73175401522636,14906800
2019-09-19,INTC,Intel,45.2404899597168,45.60894246381775,45.17908176678256,45.354535180807034,11428400
2019-09-20,INTC,Intel,44.494815826416016,45.51244158207559,44.35445376861799,45.26680547105747,37067900
2019-09-23,INTC,Intel,44.65272521972656,44.9422205106053,44.205318843147296,44.59131702631302,18916600
2019-09-24,INTC,Intel,43.70528030395508,44.89835955431766,43.54737255926028,44.8281768471219,28197400
2019-09-25,INTC,Intel,44.75799560546875,44.9246745083105,43.35437163900179,43.64387027427463,19486700
2019-09-26,INTC,Intel,44.670265197753906,44.87203879005665,44.16145400104302,44.72290222354967,11351800
2019-09-27,INTC,Intel,44.54745101928711,44.93344920121111,44.161456183858654,44.41586346803665,14845700
2019-09-30,INTC,Intel,45.20540237426758,45.26681057231854,44.687816600341066,44.90713254952186,13652100
2019-10-01,INTC,Intel,44.529903411865234,45.82825661739581,44.24040813447337,45.59139501962316,18413100
2019-10-02,INTC,Intel,43.32805633544922,44.187774413996706,42.96837832966409,44.13514073044003,20078700
2019-10-03,INTC,Intel,43.889503479003906,43.924594831473165,42.57360787986691,43.424554771520754,16320100
2019-10-04,INTC,Intel,44.670265197753906,44.71413105916473,43.88950105417463,44.17022516542796,12644900
2019-10-07,INTC,Intel,44.40708923339844,44.942220646039516,44.354455551168535,44.47727193836572,12081400
2019-10-08,INTC,Intel,43.62632751464844,44.284275351712004,43.52105679773708,44.00355120895121,17409100
2019-10-09,INTC,Intel,44.28426742553711,44.5562203542533,43.99477216922195,44.27549626173762,11834900
2019-10-10,INTC,Intel,44.83694839477539,45.424713469454545,44.21409196881811,44.222863133389914,13907900
2019-10-11,INTC,Intel,45.69666290283203,46.31074811692432,45.4598013196895,45.617709041784515,24072500
2019-10-14,INTC,Intel,45.30189514160156,45.57384808258857,45.12644173923882,45.529985568621704,15016800
2019-10-15,INTC,Intel,46.187931060791016,46.556380175903946,45.4685751580985,45.55630018174583,18878100
2019-10-16,INTC,Intel,46.012481689453125,46.108981231798346,45.72298306241748,45.92475331164137,14769300
2019-10-17,INTC,Intel,45.49489212036133,46.354610071138715,45.07380598201089,46.17915667686891,16533900
2019-10-18,INTC,Intel,45.05625915527344,45.45979960922373,44.766760560160144,45.39839142477456,16974100
2019-10-21,INTC,Intel,45.73176193237305,45.76684994034674,45.038722740832526,45.19663048944925,12189000
2019-10-22,INTC,Intel,45.626487731933594,45.89844070851135,45.52121701533719,45.52999152717607,13114300
2019-10-23,INTC,Intel,45.3720817565918,45.5826231803998,44.91590420968033,45.065037439336365,15887500
2019-10-24,INTC,Intel,45.81948471069336,45.99493812788553,45.117674388420234,45.69666832260751,23413000
2019-10-25,INTC,Intel,49.53030776977539,49.66189866356202,47.302057165425325,47.538918766344,59767700
2019-10-28,INTC,Intel,49.793487548828125,49.837353412266,49.179405618644346,49.46012974286994,32307500
2019-10-29,INTC,Intel,49.42502975463867,50.21456830762609,49.33730473608227,49.4513465909066,18155800
2019-10-30,INTC,Intel,49.65312576293945,49.6794459504477,48.79340770940395,49.40749298949947,15248000
2019-10-31,INTC,Intel,49.59171676635742,49.65312495872281,48.79340691911191,49.41626670045375,19249700
2019-11-01,INTC,Intel,49.57416915893555,49.696988885376456,48.793405018,49.07412912830277,17953500
2019-11-04,INTC,Intel,50.53916549682617,50.70584440565593,49.872443168515844,49.94262587528352,19068000
2019-11-05,INTC,Intel,50.48651885986328,51.18832906151701,50.18824910584857,50.41633951294541,20865400
2019-11-06,INTC,Intel,50.80848693847656,50.905517576017,50.26159095814612,50.711459665849354,17721000
2019-11-07,INTC,Intel,51.2054328918457,51.64647883124991,51.03783664624096,51.16132897088798,16962800
2019-11-08,INTC,Intel,51.39948272705078,51.425944400745465,50.552675519693665,51.02900247076159,11888900
2019-11-11,INTC,Intel,51.470062255859375,51.602377390004335,51.07312358325179,51.13486974854247,11228900
2019-11-12,INTC,Intel,51.337738037109375,51.86699171551669,51.18778069711585,51.514157051549425,11952500
2019-11-13,INTC,Intel,51.06429672241211,51.134865685659385,50.587966315233125,51.04665448160029,15332700
2019-11-14,INTC,Intel,50.993736267089844,51.19661700951739,50.78203272090987,50.81731720609215,12119000
2019-11-15,INTC,Intel,51.12604522705078,51.77879470736473,50.82613384932494,51.311283716698455,16112100
2019-11-18,INTC,Intel,51.38185119628906,51.58473192168652,50.78202845819511,50.896701342954856,16097500
2019-11-19,INTC,Intel,51.470062255859375,51.73469252414929,50.94080844910684,51.58473514779076,17061900
2019-11-20,INTC,Intel,51.07311248779297,51.47887387581388,50.60560158298261,51.39066268390961,18542300
2019-11-21,INTC,Intel,51.35538101196289,51.42594659980379,50.6408855074389,50.71145446019268,16139000
2019-11-22,INTC,Intel,50.81731414794922,51.73469051799931,50.71146406368606,51.461240821663175,15690200
2019-11-25,INTC,Intel,51.875816345214844,51.90227802059396,51.16132082576227,51.16132082576227,15011700
2019-11-26,INTC,Intel,51.9552116394043,52.15809236239722,51.55826963141232,51.99931555920043,22338700
2019-11-27,INTC,Intel,51.61119079589844,51.681759756504015,51.08193705100959,51.62883303604983,18184200
2019-11-29,INTC,Intel,51.2054328918457,51.425955861547806,50.976090483917446,51.29364409867463,9481100
2019-12-02,INTC,Intel,50.861419677734375,51.769973273294674,50.69382342527493,51.646480943596806,19154500
2019-12-03,INTC,Intel,49.45888137817383,50.155734629152576,49.17661230320496,50.155734629152576,25737400
2019-12-04,INTC,Intel,49.41477966308594,49.97931783812274,49.27364511932673,49.97931783812274,18881400
2019-12-05,INTC,Intel,49.46771240234375,49.7588009621425,49.18543991554109,49.7588009621425,17673700
2019-12-06,INTC,Intel,50.11164093017578,50.27041773781957,49.76762227033856,49.97932580216812,16476800
2019-12-09,INTC,Intel,49.864654541015625,50.243954331094066,49.838192860516905,49.8734773444576,14298600
2019-12-10,INTC,Intel,49.917572021484375,50.12927552100443,49.78525691367022,50.02342208878792,16157900
2019-12-11,INTC,Intel,50.340980529785156,50.42918836692651,49.90875741691391,50.199845971411015,20051100
2019-12-12,INTC,Intel,50.764381408691406,51.205427299930975,49.93521634452974,50.05870865569072,27883300
2019-12-13,INTC,Intel,50.97608947753906,51.46123932832308,50.614431948964054,50.7643859502426,22795200
2019-12-16,INTC,Intel,50.89670181274414,51.66412080109857,50.8525978920182,51.34656718801027,19131200
2019-12-17,INTC,Intel,50.543861389160156,51.249534183013694,50.39390739261585,51.161326345624495,21653100
2019-12-18,INTC,Intel,50.42918395996094,50.68499137619468,50.22630326033477,50.623245222609015,28261000
2019-12-19,INTC,Intel,51.12604522705078,51.15251027193868,50.252776138761156,50.429191825141686,18865100
2019-12-20,INTC,Intel,51.99931716918945,52.08752501151279,51.06429856196005,51.44359834079467,49953000
2019-12-23,INTC,Intel,52.24629592895508,52.73144573686068,52.0786997014715,52.09634194092974,23593000
2019-12-24,INTC,Intel,52.40507888793945,52.46682505085507,52.18455591612269,52.263944320573266,6313200
2019-12-26,INTC,Intel,52.7667350769043,52.793196756072874,52.35215082372502,52.40507754697559,11480300
2019-12-27,INTC,Intel,52.9960823059082,53.34891704255763,52.83730549669623,52.84612493502422,14085800
2019-12-30,INTC,Intel,52.59031677246094,52.969616548820966,52.37861660630069,52.91669318973764,12750500
2019-12-31,INTC,Intel,52.793190002441406,52.86375895774789,52.36096692838468,52.59030930330476,14432900
2020-01-02,INTC,Intel,53.66646957397461,53.78114245939691,53.11957355605152,53.13721579726368,18056000
2020-01-03,INTC,Intel,53.01371765136719,53.54297476845825,52.75791357793213,52.75791357793213,15293900
2020-01-06,INTC,Intel,52.863765716552734,53.10193092379282,52.334511943739265,52.563854347981525,17755200
2020-01-07,INTC,Intel,51.98168182373047,52.74910092147392,51.94639733615483,52.7314586776861,21876100
2020-01-08,INTC,Intel,52.01695251464844,52.325683286764566,51.62001054698982,51.94638355821444,23133500
2020-01-09,INTC,Intel,52.30805206298828,52.493290565266555,51.89347113382936,52.087529075062605,18813300
2020-01-10,INTC,Intel,51.99049377441406,52.99608133599044,51.928747612507635,52.546212596485375,15200600
2020-01-13,INTC,Intel,52.5638542175293,52.73145046002449,52.11398884824566,52.19337388554858,16453300
2020-01-14,INTC,Intel,52.42272186279297,52.69617156303979,52.2110183263255,52.47564858813823,17051200
2020-01-15,INTC,Intel,51.99049377441406,52.61678156147184,51.82289752994139,52.30804738702624,18498800
2020-01-16,INTC,Intel,52.625606536865234,52.7843833598777,52.10517214252744,52.27276840463446,21365500
2020-01-17,INTC,Intel,52.57267761230469,52.92551572980217,52.255127344453356,52.90787348743593,21803400
2020-01-21,INTC,Intel,53.41066360473633,54.02812860462908,52.74027524465309,52.75791748635443,28358500
2020-01-22,INTC,Intel,55.33362579345703,55.439475881787665,53.78114549325777,53.842891658526774,29475100
2020-01-23,INTC,Intel,55.85405349731445,56.198068767029056,55.4041881518984,55.4482920696979,42778700
2020-01-24,INTC,Intel,60.39683532714844,61.120150438199374,58.6238286692718,58.72085931964194,84711000
2020-01-27,INTC,Intel,57.94461441040039,59.470629506126805,57.86522264626708,58.85316791765251,30764000
2020-01-28,INTC,Intel,59.37360763549805,59.61177623324683,58.165145958172474,58.659115301906866,30915400
2020-01-29,INTC,Intel,58.509151458740234,60.03516652358781,58.368013538615415,59.65586677553541,18055800
2020-01-30,INTC,Intel,58.63264083862305,58.6591025148651,57.27421870964704,57.9005030567379,18522400
2020-01-31,INTC,Intel,56.39213943481445,58.20043064996657,56.16279364020054,58.04165382751503,25268400
2020-02-03,INTC,Intel,56.82435989379883,57.37125930715375,56.718513170446265,56.85964437819211,16646600
2020-02-04,INTC,Intel,57.74174118041992,58.27099503141127,57.265410695579355,58.01518754530275,20970800
2020-02-05,INTC,Intel,59.40005874633789,59.629404499325005,58.33272847295846,58.82670445860966,23401400
2020-02-06,INTC,Intel,59.470970153808594,59.7457698301944,59.187310989418826,59.65712760937908,17408000
2020-02-07,INTC,Intel,58.52249526977539,59.65713890514116,58.51363578009392,59.26710494414139,18134600
2020-02-10,INTC,Intel,58.8504638671875,58.859330117560106,58.008352681911866,58.11472063451322,22299300
2020-02-11,INTC,Intel,59.754642486572266,60.02056917752426,59.010032873375636,59.24050808257562,17975600
2020-02-12,INTC,Intel,59.79896545410156,60.357417640650596,59.66599871550343,59.923065940001344,15586600
2020-02-13,INTC,Intel,59.78123474121094,59.967385454583265,59.16072560033449,59.382334558582784,11602700
2020-02-14,INTC,Intel,59.63054275512695,60.15354347688361,59.23164928700013,59.85215174030174,13405500
2020-02-18,INTC,Intel,58.628868103027344,59.11641053839692,58.398392882400906,59.08981854428021,12758400
2020-02-19,INTC,Intel,59.48871994018555,59.56849593320784,58.664334197438954,58.85048494412755,13551200
2020-02-20,INTC,Intel,58.01722717285156,59.64827275186588,57.22829975985618,59.42666377601394,26452600
2020-02-21,INTC,Intel,57.03327560424805,57.83993542109659,56.76734892446081,57.77788518618273,20775900
2020-02-24,INTC,Intel,54.74626922607422,55.64157120748157,54.35623872200093,54.61330589539385,26903100
2020-02-25,INTC,Intel,52.94681930541992,55.20723031945537,52.707481191253606,54.95016646185584,34495700
2020-02-26,INTC,Intel,52.87589645385742,53.91302470951246,52.53904990539088,53.28365610745765,26190100
2020-02-27,INTC,Intel,49.48971176147461,51.8653565668769,49.46311638837468,51.35122556722879,42226900
2020-02-28,INTC,Intel,49.21491241455078,49.97724768771258,47.512954044924726,48.133459735741354,60721700
2020-03-02,INTC,Intel,51.572837829589844,51.60829607501277,48.32848276604894,49.45425669709383,43140300
2020-03-03,INTC,Intel,49.61381912231445,52.317447980102386,49.10855092252884,51.439874938562575,49740300
2020-03-04,INTC,Intel,52.01606369018555,52.042655687568285,49.78224460994314,50.53571384198988,29223100
2020-03-05,INTC,Intel,50.49138641357422,51.99832807095823,50.18113521123832,50.580032029587684,29099200
2020-03-06,INTC,Intel,49.436519622802734,49.649262298153054,48.346204112551746,48.913522422131074,36259200
2020-03-09,INTC,Intel,45.075260162353516,46.72403133107639,44.32179106681144,46.023746220664535,56197000
2020-03-10,INTC,Intel,47.849815368652344,47.86754449461373,44.70296821243307,46.76836235540253,36569000
2020-03-11,INTC,Intel,45.79328155517578,47.45978210667636,45.21709682862166,46.44037940015288,38563500
2020-03-12,INTC,Intel,40.368289947509766,44.401572441361935,40.21759409267074,42.54005848465615,50661700
2020-03-13,INTC,Intel,48.24869918823242,48.75396730615934,42.31844510959932,42.77938873387881,48805100
2020-03-16,INTC,Intel,39.543907165527344,46.31627709324348,38.67520036458056,42.11456931980219,53878900
2020-03-17,INTC,Intel,44.39270782470703,45.76668267980936,40.06690004355074,40.563301942357896,52085200
2020-03-18,INTC,Intel,42.203208923339844,44.36611105515104,40.06689878341861,41.40541535179904,49309900
2020-03-19,INTC,Intel,40.72286605834961,43.639241126262085,40.0314471039634,42.40709570488779,44538000
2020-03-20,INTC,Intel,40.62535858154297,43.80766018979661,40.30624111916494,41.22813187755365,52344000
2020-03-23,INTC,Intel,43.949485778808594,44.756142170005134,40.69626484231256,40.793773315119395,46698500
2020-03-24,INTC,Intel,46.449241638183594,48.434856123172885,45.51848125551754,47.10520229820371,50019800
2020-03-25,INTC,Intel,45.43869400024414,47.681378694988496,44.24200711817266,46.52014667216447,41106100
2020-03-26,INTC,Intel,49.232643127441406,49.596081655298946,45.793271417470756,45.864187901679095,41459800
2020-03-27,INTC,Intel,46.422637939453125,48.434847439594954,46.15670789843312,47.353394773765125,31633500
2020-03-30,INTC,Intel,49.188323974609375,49.72904697155534,46.83040488451694,46.97223447709828,31628600
2020-03-31,INTC,Intel,47.973915100097656,49.463127842139265,47.17612473352998,48.807167099504845,48074700
2020-04-01,INTC,Intel,45.98828887939453,48.479171238963794,45.58939210499322,46.5378781121896,29586600
2020-04-02,INTC,Intel,48.17778778076172,48.36394188183995,45.40324596543232,45.46529620529691,27810000
2020-04-03,INTC,Intel,47.9827766418457,48.86921254975315,46.74176501818143,47.73457228822207,23906100
2020-04-06,INTC,Intel,51.79444122314453,52.095829513870136,49.746773420142546,50.198857546972974,32323400
2020-04-07,INTC,Intel,51.767860412597656,54.50694761113464,51.599435419313835,53.13296919459399,41410000
2020-04-08,INTC,Intel,52.281982421875,52.75179230790207,51.333496398301016,52.29084867339486,26719500
2020-04-09,INTC,Intel,50.65094757080078,52.93795385139579,49.69359854231971,52.61883638140721,40499700
2020-04-13,INTC,Intel,52.033782958984375,52.095833195446694,50.145673728316574,50.145673728316574,23251900
2020-04-14,INTC,Intel,53.77119827270508,53.98394436355708,52.7517956974084,53.22160899510696,25674000
2020-04-15,INTC,Intel,52.184478759765625,53.03545976554092,51.75898994762022,52.95568040192088,22841600
2020-04-16,INTC,Intel,53.88644027709961,54.037132760075835,52.13129756490153,52.84044562314045,24433500
2020-04-17,INTC,Intel,53.50526428222656,55.07425602037551,53.03545440037123,54.976747543428,27385600
2020-04-20,INTC,Intel,52.45927047729492,53.22160579997869,52.20220328588125,52.547912703962446,26420300
2020-04-21,INTC,Intel,49.95951461791992,51.94512861378899,49.578347011470434,51.51077703159176,25248000
2020-04-22,INTC,Intel,53.2747917175293,53.62936740004064,51.24485624867898,51.652615916528006,23350400
2020-04-23,INTC,Intel,52.335174560546875,53.27479441831296,52.1312947162866,52.89362672380934,35092000
2020-04-24,INTC,Intel,52.53019332885742,52.65429720329623,49.72905583973602,49.817701464335165,50187000
2020-04-27,INTC,Intel,52.71633529663086,53.03545270864931,51.75898306057552,52.93794423481211,25902200
2020-04-28,INTC,Intel,52.07809829711914,53.38115988126658,51.64374330857536,53.177280072434655,28784700
2020-04-29,INTC,Intel,54.78173828125,54.98561813372808,52.58337764148258,52.68974900332231,30451500
2020-04-30,INTC,Intel,53.16842269897461,54.55126386368171,52.964542856101644,54.40056800848072,26279900
2020-05-01,INTC,Intel,50.94347381591797,52.58337892856873,50.80164420283187,52.14902721789212,21194800
2020-05-04,INTC,Intel,51.40441131591797,51.475324418492015,49.915198965538075,50.633209768464184,18957200
2020-05-05,INTC,Intel,52.07809829711914,52.56563726445496,51.72352265824732,52.113556537303104,17252100
2020-05-06,INTC,Intel,52.7556037902832,53.44201539654614,52.54165594653691,52.63080229834187,17848700
2020-05-07,INTC,Intel,52.74668884277344,53.575731233153924,52.52382805827515,53.42418753197622,14733500
2020-05-08,INTC,Intel,53.192405700683594,53.29046498127175,52.63971195624221,53.192405700683594,20384500
2020-05-11,INTC,Intel,53.60247039794922,54.2353941337214,53.22806255668245,53.25480816000634,18684400
2020-05-12,INTC,Intel,52.051368713378906,54.05711594457112,51.93548014341261,53.68271142702985,16754900
2020-05-13,INTC,Intel,51.471927642822266,52.800175997558746,50.72311528021217,52.10485144677282,21065000
2020-05-14,INTC,Intel,52.666465759277344,52.72886651107762,50.00996203726869,51.09752382679226,21569400
2020-05-15,INTC,Intel,51.953304290771484,52.03353430812823,50.7765996365962,51.1688367883784,21373300
2020-05-18,INTC,Intel,53.41526794433594,53.736187998569505,52.91606199382638,53.25481131780465,20428700
2020-05-19,INTC,Intel,53.74510192871094,55.06443722551057,53.35286481305069,53.60247117772139,21865000
2020-05-20,INTC,Intel,56.250057220458984,56.597722879589,54.39585737469305,54.52065886231564,30584000
2020-05-21,INTC,Intel,55.25163650512695,56.87406248642023,55.109005761735844,56.2500517088647,20987700
2020-05-22,INTC,Intel,55.50124740600586,55.55473521765864,54.75243504579513,55.251644419464164,14103000
2020-05-26,INTC,Intel,55.57256317138672,57.177160076506276,55.376444600559296,56.76709706530855,20933600
2020-05-27,INTC,Intel,56.66012191772461,56.68686412124284,54.44042720990553,55.554731030970544,19886300
2020-05-28,INTC,Intel,55.002037048339844,56.5620623910366,54.81483482335672,56.16091233708321,17253500
2020-05-29,INTC,Intel,56.0985107421875,56.749263752887366,54.93071913634824,55.18032549978137,33393900
2020-06-01,INTC,Intel,55.14468002319336,55.85783394351713,54.96639069296589,55.70629022320476,14317700
2020-06-02,INTC,Intel,55.37643051147461,55.421001975162916,54.22647178574363,55.0020261357912,20702400
2020-06-03,INTC,Intel,55.207069396972656,55.75085021179464,54.85049081003139,55.670620199762126,16737300
2020-06-04,INTC,Intel,56.13417053222656,56.57989206187591,54.68111739340576,55.037695977359405,22010100
2020-06-05,INTC,Intel,57.355438232421875,58.041853137637304,56.30353864155637,56.48182791818251,26813100
2020-06-08,INTC,Intel,56.758182525634766,57.18607822108403,56.10742944799312,57.025618185436976,21546200
2020-06-09,INTC,Intel,56.19657516479492,56.79384042359248,56.071773671946815,56.152003688861406,23594100
2020-06-10,INTC,Intel,56.936466217041016,57.31087406348953,55.93805096082055,55.97370949868904,21367800
2020-06-11,INTC,Intel,53.219146728515625,56.42834010486843,53.058686719639475,56.22330862699004,26998200
2020-06-12,INTC,Intel,52.88931655883789,54.3423662481257,51.81066790897703,53.58464103348078,30419800
2020-06-15,INTC,Intel,53.57572555541992,53.80750265106335,52.22073512178204,52.889317404423316,29651700
2020-06-16,INTC,Intel,53.84315872192383,54.957462475270056,53.031945725511186,54.81483173086515,23226600
2020-06-17,INTC,Intel,53.92338943481445,54.62762683171304,53.5400686665934,54.146250188404125,20454800
2020-06-18,INTC,Intel,53.55790328979492,53.94122069575572,52.8804046268167,53.79858993522118,24899700
2020-06-19,INTC,Intel,53.1478385925293,54.279971778555975,52.68428775568947,54.06602733114416,60336100
2020-06-22,INTC,Intel,53.56681442260742,53.97687742027667,52.44359764625567,53.24589437205393,22846000
2020-06-23,INTC,Intel,53.41526794433594,53.905564360851386,53.361783535687344,53.65595798501111,22809600
2020-06-24,INTC,Intel,52.675376892089844,53.31721706073708,52.300968993517024,53.165669953990566,27764500
2020-06-25,INTC,Intel,52.1583366394043,52.67537529302682,51.240151293140656,52.57731600350629,21906900
2020-06-26,INTC,Intel,51.25798034667969,52.35445499646011,50.87465952595331,52.140510548036744,38477500
2020-06-29,INTC,Intel,51.944393157958984,52.01570684220271,50.598312086781256,51.231239312592855,22150300
2020-06-30,INTC,Intel,53.33504104614258,53.4687554676345,52.18507865815046,52.33662234929174,31542100
2020-07-01,INTC,Intel,52.4257698059082,53.513328072827676,52.3811949305497,53.40635585325547,14748100
2020-07-02,INTC,Intel,52.71102523803711,53.31720674658644,52.56839449488346,52.76450964135401,15578600
2020-07-06,INTC,Intel,53.07651901245117,53.14783268680225,52.238560384875164,52.34553599727974,20536700
2020-07-07,INTC,Intel,51.980045318603516,53.10326206208074,51.828498232239674,52.65754053837646,15996500
2020-07-08,INTC,Intel,52.24747848510742,52.32770849682937,51.64129693000498,52.104847731000106,13277900
2020-07-09,INTC,Intel,52.078102111816406,52.37227995490795,51.43626541880966,51.881986950340796,20683700
2020-07-10,INTC,Intel,53.067604064941406,53.210234817957144,51.55215358936875,51.6591258039842,17742300
2020-07-13,INTC,Intel,52.220733642578125,54.03927481540555,52.051357292732135,53.34395034934169,19082900
2020-07-14,INTC,Intel,52.57732009887695,52.818010173560964,51.1242667149339,51.58781759203801,24190900
2020-07-15,INTC,Intel,52.62188720703125,52.89823580328204,52.07810635021379,52.62188720703125,19986300
2020-07-16,INTC,Intel,52.71995162963867,52.91607022675791,52.06028554937838,52.18508705642297,12425900
2020-07-17,INTC,Intel,53.48659133911133,53.8966543899039,52.84475115485451,52.96955265721869,16322800
2020-07-20,INTC,Intel,54.51174545288086,54.716776952272724,52.89823226125079,53.557901633690875,16868700
2020-07-21,INTC,Intel,54.110599517822266,55.207074176809265,53.87882239606751,54.84158262381359,19803700
2020-07-22,INTC,Intel,54.422603607177734,55.06444376312688,54.039282780773185,54.654380730419696,18959900
2020-07-23,INTC,Intel,53.84315872192383,55.03769248153439,53.4687508924952,54.60979684773448,43518600
2020-07-24,INTC,Intel,45.098106384277344,46.51550104362008,44.12643327314824,46.48875883891463,182269900
2020-07-27,INTC,Intel,44.18882751464844,45.58839269802046,44.09968457835896,45.49033342775102,107526500
2020-07-28,INTC,Intel,43.89466094970703,44.77718773869578,43.80551459689941,44.10860539527403,62362600
2020-07-29,INTC,Intel,42.8516731262207,44.12643713780414,42.700129418836724,44.11752420231689,60500800
2020-07-30,INTC,Intel,42.78034591674805,43.234980295765816,42.42376739943566,42.637715189940046,39735200
2020-07-31,INTC,Intel,42.548583984375,43.07453561404065,41.87108864136489,42.90516262843462,46536000
2020-08-03,INTC,Intel,43.05670928955078,43.35088720112803,42.55750323439357,43.02996707962056,31767100
2020-08-04,INTC,Intel,43.79659652709961,43.805509461042575,43.23498647230579,43.324129414076445,29045800
2020-08-05,INTC,Intel,43.60939407348633,44.322551261751414,43.37762036771002,44.322551261751414,29438600
2020-08-06,INTC,Intel,43.5914421081543,43.815816425541826,43.169617295888024,43.78889260303304,23795500
2020-08-07,INTC,Intel,43.10679626464844,43.66324708204788,42.81062392193771,43.55554493589793,36765200
2020-08-10,INTC,Intel,44.17482376098633,44.327396677821014,43.13372689891134,43.25937598893542,37442600
2020-08-11,INTC,Intel,43.250396728515625,44.632543490435616,43.13372453627305,44.54279512352891,35348100
2020-08-12,INTC,Intel,44.14788818359375,44.21071271675621,43.29526854105164,43.68118920604381,30659800
2020-08-13,INTC,Intel,43.582462310791016,44.273535518796216,43.429886016817974,44.21070756926857,24774500
2020-08-14,INTC,Intel,43.87864685058594,44.165845741499815,43.66324939424095,43.735047405128995,22321200
2020-08-17,INTC,Intel,43.914546966552734,44.255596928723314,43.735046806269224,44.07609676843981,20018300
2020-08-18,INTC,Intel,43.663246154785156,44.48894204898246,43.636318906979184,44.21071664619132,19251400
2020-08-19,INTC,Intel,43.37605285644531,43.95942413740121,43.30425141798125,43.7889008565706,27775000
2020-08-20,INTC,Intel,44.12994384765625,45.05436846283977,43.97737093878641,44.704345037850594,55081300
2020-08-21,INTC,Intel,44.228668212890625,44.2555954614329,43.663247348713135,43.99532040883525,34621500
2020-08-24,INTC,Intel,44.10301208496094,44.33636327541096,43.815813253391774,44.21071079087934,36295300
2020-08-25,INTC,Intel,44.36329650878906,44.767171021275644,44.16584598631099,44.29149507382218,38384300
2020-08-26,INTC,Intel,44.47098922729492,44.57868794150888,44.18379037360409,44.3273898004495,28616600
2020-08-27,INTC,Intel,44.33637237548828,44.812044895966864,44.129944963228425,44.68639580932579,24420600
2020-08-28,INTC,Intel,45.26078796386719,45.59286099780637,44.39021450939052,44.48893975767307,35384700
2020-08-31,INTC,Intel,45.72748947143555,46.221112316290885,45.16206519709113,45.77236365302593,46114100
2020-09-01,INTC,Intel,45.583885192871094,45.7723587897338,45.0723120449979,45.69158390198118,30472800
2020-09-02,INTC,Intel,46.89423370361328,47.28015781468578,45.85313697747549,45.96083569433652,53000700
2020-09-03,INTC,Intel,45.224891662597656,47.226310375176524,45.00051732140701,47.118611650035625,47394300
2020-09-04,INTC,Intel,44.94667053222656,45.97879046727903,44.41714693991936,45.350541615166634,43318400
2020-09-08,INTC,Intel,43.8965950012207,44.78511887907316,43.842743928002754,44.21071770245706,39752700
2020-09-09,INTC,Intel,44.533817291259766,44.84794341615462,44.013270611579024,44.453042393278885,33437300
2020-09-10,INTC,Intel,43.941471099853516,44.95564410242484,43.717096753848935,44.87486920091596,32649100
2020-09-11,INTC,Intel,44.228668212890625,44.91974158167712,43.932495868371085,44.210717855089335,29333600
2020-09-14,INTC,Intel,44.345340728759766,44.62356611972166,43.84274101647775,43.84274101647775,27212500
2020-09-15,INTC,Intel,44.87486267089844,45.41335965347709,44.63253800163395,44.68638906936394,27598300
2020-09-16,INTC,Intel,45.20694351196289,45.79929166468394,45.02744334550905,45.33259260137631,26531400
2020-09-17,INTC,Intel,45.16206741333008,45.31464374664146,44.246619684504104,44.30944422654974,26959900
2020-09-18,INTC,Intel,44.776145935058594,45.32361991148129,44.013274494139715,45.171046992769895,50123500
2020-09-21,INTC,Intel,44.623573303222656,44.650497130537524,43.824801138525615,44.32739750803513,27377100
2020-09-22,INTC,Intel,44.82999038696289,45.06333817629081,44.39919209796333,44.776139316957774,22290900
2020-09-23,INTC,Intel,43.815818786621094,45.00949186281213,43.67221935270223,44.7222929949744,30078800
2020-09-24,INTC,Intel,44.1209716796875,44.55177001725883,43.45682210279783,43.55554736376475,29343400
2020-09-25,INTC,Intel,44.821022033691406,45.126171307813536,43.753001286104514,43.941474931499656,26633400
2020-09-28,INTC,Intel,46.15828323364258,46.18520705521038,45.01846133030862,45.33258399420054,29652200
2020-09-29,INTC,Intel,45.942893981933594,46.43652032642552,45.72749650768359,46.05059614273972,19558200
2020-09-30,INTC,Intel,46.472412109375,47.010912578472805,45.90699123879128,45.98776613797191,27711300
2020-10-01,INTC,Intel,46.8852653503418,47.31606368844884,46.660891001930985,47.028864796377476,22127600
2020-10-02,INTC,Intel,45.781341552734375,46.65191513934108,45.763394617304954,46.22111679173555,25811800
2020-10-05,INTC,Intel,46.39162826538086,46.499330392642705,46.01468109100458,46.04160491098002,20883200
2020-10-06,INTC,Intel,46.10443878173828,47.298111923152355,45.9787896981538,46.40958802344949,25642800
2020-10-07,INTC,Intel,47.27117919921875,47.4776065825491,46.48138407282233,46.53523171744733,21978700
2020-10-08,INTC,Intel,47.8994255065918,48.087902524134854,47.271176770035346,47.48657760850734,22369500
2020-10-09,INTC,Intel,47.40580749511719,48.33022862600822,47.27118152955729,48.06098011856894,24343900
2020-10-12,INTC,Intel,48.35715103149414,48.644349867163875,47.75582611553051,48.06097530638962,27303500
2020-10-13,INTC,Intel,48.31227493286133,48.72512281474801,48.12379792271302,48.707172460272936,20005800
2020-10-14,INTC,Intel,48.06098175048828,48.82385654176372,48.02508103529589,48.47382970415886,21874200
2020-10-15,INTC,Intel,48.330230712890625,48.446906326501846,47.2263093881463,47.342985001757526,18272900
2020-10-16,INTC,Intel,48.60845184326172,49.09310118911991,48.37510406026353,48.37510406026353,23414400
2020-10-19,INTC,Intel,48.985408782958984,50.4662774099584,48.32125921345225,48.88668352308953,43537200
2020-10-20,INTC,Intel,47.95328140258789,49.09310339369234,47.809681970368146,49.00335160875467,27224900
2020-10-21,INTC,Intel,48.01611328125,48.52768655072584,47.40581474508916,47.69301365343767,21866000
2020-10-22,INTC,Intel,48.37510681152344,48.662305679399985,47.63018239418826,47.675056575353864,41522700
2020-10-23,INTC,Intel,43.25937271118164,43.681194135203874,42.774723323226894,43.393995258715286,97322500
2020-10-26,INTC,Intel,41.93107604980469,42.95422245081328,41.50925121217882,42.94524556031709,54161300
2020-10-27,INTC,Intel,40.96178436279297,41.65285783194208,40.710486164440994,41.266933642369445,50130500
2020-10-28,INTC,Intel,39.714256286621094,40.64765431820468,39.66938210549662,40.28865402184774,45066000
2020-10-29,INTC,Intel,39.5886116027832,39.911711220619715,39.41808490243563,39.70528722559771,36796800
2020-10-30,INTC,Intel,39.74118423461914,40.207883298841665,39.139862613053005,39.57963442686208,46781300
2020-11-02,INTC,Intel,39.90273666381836,40.441237199612765,39.705289548673434,40.35148539847312,33856700
2020-11-03,INTC,Intel,40.25275421142578,40.800228135008396,40.11813166502915,40.14505548957236,34349500
2020-11-04,INTC,Intel,41.015628814697266,41.41950329940019,40.18992948778456,40.486105251126915,34748200
2020-11-05,INTC,Intel,41.29587173461914,41.92869006928119,41.16026657412639,41.720764685486124,31103200
2020-11-06,INTC,Intel,41.033714294433594,41.40436458801582,40.59074375869512,41.16931949027874,36233700
2020-11-09,INTC,Intel,41.22355651855469,42.80560095542922,41.16931720209794,42.16374375441438,48481700
2020-11-10,INTC,Intel,41.07890701293945,42.0190941210704,40.90714345318933,41.04274862307498,39224500
2020-11-11,INTC,Intel,41.901573181152344,42.001016520448054,41.45860269521348,41.49476453651791,31496900
2020-11-12,INTC,Intel,40.63593673706055,41.75692614509129,40.274325248196135,41.70268683576955,42881300
2020-11-13,INTC,Intel,41.096981048583984,41.20546654575471,40.65401067184103,40.67209158803615,30884700
2020-11-16,INTC,Intel,41.75693130493164,42.26318676218248,41.395323219966606,41.62132956628844,36306300
2020-11-17,INTC,Intel,41.160274505615234,41.69364961850707,41.05179242546628,41.35916119304095,31118000
2020-11-18,INTC,Intel,40.73537826538086,41.304911679539686,40.71729734687989,41.1783486986155,32817900
2020-11-19,INTC,Intel,41.241634368896484,41.28683494543866,40.409932725054965,40.60881595155715,29469100
2020-11-20,INTC,Intel,41.033714294433594,41.47668827875546,40.979474974962244,41.27780157780482,24199300
2020-11-23,INTC,Intel,41.639400482177734,41.775002188236826,41.08794457789002,41.11506422938537,35489600
2020-11-24,INTC,Intel,42.49822998046875,42.76039815836001,41.59420463484345,41.84733407665498,33901200
2020-11-25,INTC,Intel,42.534393310546875,42.65191757519445,42.10046154329021,42.516312389171624,28126900
2020-11-27,INTC,Intel,42.89601135253906,43.48362586781109,42.8146489182911,42.8146489182911,15921400
2020-11-30,INTC,Intel,43.70962142944336,43.84522660249244,42.73327590867154,42.86887763313781,46332700
2020-12-01,INTC,Intel,44.80349349975586,45.40918877367422,44.03506995321466,44.07123179157529,57768000
2020-12-02,INTC,Intel,45.11085891723633,45.25550281147837,44.4599596688559,44.496121504562026,33753500
2020-12-03,INTC,Intel,46.09624481201172,46.20472686651763,45.002371738323724,45.12893471001101,50261200
2020-12-04,INTC,Intel,47.00027847290039,47.59693505337688,46.10529187789418,46.15953463924039,39767700
2020-12-07,INTC,Intel,45.3820686340332,46.36745630303837,44.803493020779285,46.1052881506006,51040300
2020-12-08,INTC,Intel,45.82503890991211,45.8521620125838,45.029499168917795,45.04758008783803,28956500
2020-12-09,INTC,Intel,45.264549255371094,45.9606491926496,44.95718049668426,45.454393752288034,34068400
2020-12-10,INTC,Intel,45.43630599975586,45.852160221511866,44.83061075820961,44.8938922476672,33706000
2020-12-11,INTC,Intel,44.957183837890625,45.32783412309641,44.4057277785052,45.32783412309641,29398800
2020-12-14,INTC,Intel,45.62615203857422,46.41265298130232,44.96621406955151,45.038534290847856,33436400
2020-12-15,INTC,Intel,45.80695724487305,46.11432596434518,45.391106462229175,46.087206310697894,25465600
2020-12-16,INTC,Intel,46.213775634765625,46.521144396420326,45.816005716158465,45.843125373527585,28351000
2020-12-17,INTC,Intel,45.788883209228516,46.39457850999882,45.40015205107512,46.24089586302709,26399000
2020-12-18,INTC,Intel,42.90504455566406,45.81600744038017,42.588637045839796,45.716564094840194,119298400
2020-12-21,INTC,Intel,41.910606384277344,41.99196878548477,40.898099184815564,41.87444455072243,53775700
2020-12-22,INTC,Intel,41.73885726928711,41.89254340340366,41.377249124665575,41.81118096736166,32171200
2020-12-23,INTC,Intel,42.10045623779297,42.51630703126889,41.64844360612366,41.73884475302444,22564200
2020-12-24,INTC,Intel,42.55247497558594,42.57055589727718,41.89253685247998,42.12758193729973,11865600
2020-12-28,INTC,Intel,42.55247497558594,43.067769173745155,42.36263047070269,42.6609570571502,21269200
2020-12-29,INTC,Intel,44.64980697631836,45.80695820393119,42.02813579518521,42.688073820219564,84531400
2020-12-30,INTC,Intel,44.07123565673828,44.469005567842544,43.89947208233524,44.39668533336132,37385400
2020-12-31,INTC,Intel,45.03853988647461,45.37302827976491,44.044113442170335,44.07123309745304,28576800
2021-01-04,INTC,Intel,44.90293502807617,46.45785964874451,44.658851231652974,45.10182169776617,46102500
2021-01-05,INTC,Intel,45.752716064453125,45.95160271261105,44.59556490844152,44.70404696717199,24866600
2021-01-06,INTC,Intel,46.19569778442383,47.14492723843823,45.3820769720186,45.599041142560004,36809600
2021-01-07,INTC,Intel,47.18107223510742,47.63308481871153,46.37649038806528,46.54825737692753,32092300
2021-01-08,INTC,Intel,46.692909240722656,47.48844904076202,46.34937865290666,47.41612880829613,34625400
2021-01-11,INTC,Intel,46.593467712402344,47.22628615181472,46.33129953129702,46.36746137322528,32925000
2021-01-12,INTC,Intel,48.130306243896484,48.681758754359336,46.611543534866485,46.91891226046976,39883900
2021-01-13,INTC,Intel,51.48424530029297,54.46752831935426,51.43904472169477,53.789509294632005,124070700
2021-01-14,INTC,Intel,53.56350326538086,54.36808529430273,52.28882762941385,52.84028365784339,74680900
2021-01-15,INTC,Intel,52.05378341674805,53.92511569115935,51.981459730498734,53.20189262299892,50265400
2021-01-19,INTC,Intel,52.424434661865234,52.74084217362992,51.61984915600902,52.37923063282751,35647100
2021-01-20,INTC,Intel,53.03916549682617,53.53638219695184,52.514832588397766,52.65043776999259,28701300
2021-01-21,INTC,Intel,56.46541976928711,57.81241899222635,52.63235440412696,53.37365487895273,86519500
2021-01-22,INTC,Intel,51.222068786621094,53.897982608038426,51.21303005180458,53.20188277536075,85729300
2021-01-25,INTC,Intel,50.119171142578125,51.077439388525484,48.87161846881197,50.968957297020495,61968500
2021-01-26,INTC,Intel,49.91123962402344,50.806226253647175,49.585789940523895,49.97452112375023,31485900
2021-01-27,INTC,Intel,48.446712493896484,49.58578277290941,48.18454434802008,49.36881864766057,49722900
2021-01-28,INTC,Intel,50.688697814941406,51.8910531078713,49.45018413127699,49.53154654544956,49202600
2021-01-29,INTC,Intel,50.18244552612305,51.674088729043454,50.04684379313766,50.60733854302657,37256200
2021-02-01,INTC,Intel,51.24919128417969,51.88200966251801,50.36324693393912,50.580214515985844,26926600
2021-02-02,INTC,Intel,52.433467864990234,52.6865938476885,51.420960485614316,51.701206124006575,23580900
2021-02-03,INTC,Intel,52.1441764831543,52.73179427269006,51.87296959897727,52.334020957219956,21893200
2021-02-04,INTC,Intel,53.47024154663086,53.55209781169577,52.01501944208954,52.397016502230784,29853800
2021-02-05,INTC,Intel,52.91544723510742,53.73401002308191,52.860875226070625,53.66124734436619,23432600
2021-02-08,INTC,Intel,53.80677032470703,53.861342334851784,52.706260808154454,53.09735154040298,34358300
2021-02-09,INTC,Intel,53.461151123046875,53.94319517479169,52.697160377325716,53.452057523360516,28754100
2021-02-10,INTC,Intel,53.533912658691406,54.04323749865014,52.86087180222632,53.93409695716117,16325100
2021-02-11,INTC,Intel,55.17103958129883,55.47118043406535,53.5339174348435,53.75219853729591,27539100
2021-02-12,INTC,Intel,56.21697235107422,56.85362836483985,54.961844051979725,55.11645952117565,26214200
2021-02-16,INTC,Intel,56.81725311279297,57.18105607031898,56.1169279959235,56.38978108144681,26326300
2021-02-17,INTC,Intel,56.25335693359375,56.56259137842572,55.67126938320781,55.925935288638264,21055400
2021-02-18,INTC,Intel,56.03507614135742,56.37159485771822,55.15284774140871,55.16194481103537,17846100
2021-02-19,INTC,Intel,57.30838394165039,57.53576207793129,56.25334952808764,56.30792152982046,28290100
2021-02-22,INTC,Intel,55.21650695800781,57.02643848794606,55.17103202368592,56.28063846261866,32288200
2021-02-23,INTC,Intel,55.58940887451172,55.93502463232203,53.815858619096026,55.007321368419746,27374600
2021-02-24,INTC,Intel,57.472110748291016,57.55396703645856,54.916382082367825,55.05280691630314,24669900
2021-02-25,INTC,Intel,54.9345703125,57.790439731277125,54.68900145891197,56.76268937430107,36394000
2021-02-26,INTC,Intel,55.28017044067383,56.10782670385664,54.279708045886686,55.38021737405554,38216800
2021-03-01,INTC,Intel,57.19015121459961,57.37205442199861,56.07145117294116,56.13511677510355,28495400
2021-03-02,INTC,Intel,55.69855499267578,57.42662690811826,55.58031737930111,57.117392475110506,23320000
2021-03-03,INTC,Intel,54.47981643676758,55.953226156109764,54.29791318844383,55.1528539451948,28740400
2021-03-04,INTC,Intel,53.05187225341797,54.7890412012682,52.669875152733404,54.4161411696202,40210400
2021-03-05,INTC,Intel,55.24380874633789,55.643993127484855,53.215592158424876,53.897726755310174,39511700
2021-03-08,INTC,Intel,54.43433380126953,56.11693438088684,54.316099648116435,54.99823417429533,33112400
2021-03-09,INTC,Intel,56.99915313720703,57.45390943848815,55.334746878666095,55.64398130231786,36387500
2021-03-10,INTC,Intel,56.61716842651367,58.31795975922497,56.5080278684812,57.49939690019195,27160300
2021-03-11,INTC,Intel,57.58124923706055,58.29066455037643,56.74449576415567,57.24472704613977,30701800
2021-03-12,INTC,Intel,57.20833969116211,57.57214262251104,56.60806155839716,56.980961558000914,20173000
2021-03-15,INTC,Intel,58.0178108215332,58.09966709605604,56.82634804114866,57.85409827248753,21247400
2021-03-16,INTC,Intel,58.91823196411133,59.78227319793204,58.28157584574345,58.34524145758024,30186600
2021-03-17,INTC,Intel,59.8277473449707,60.291600788540464,57.945056237577624,58.408909681147385,32394700
2021-03-18,INTC,Intel,57.9632453918457,59.75498309600088,57.89048617818977,59.69131748298355,30094200
2021-03-19,INTC,Intel,57.99052429199219,59.10922442077035,57.22653353703205,57.46300876592099,54951700
2021-03-22,INTC,Intel,59.69130325317383,60.37343763247321,58.718125149601235,58.954600344020015,34380100
2021-03-23,INTC,Intel,57.735862731933594,60.07331343950007,57.45391256079138,60.02783503128827,35160000
2021-03-24,INTC,Intel,56.42616653442383,61.337536310195794,56.38069159510502,60.55535486365655,74584700
2021-03-25,INTC,Intel,56.40797805786133,56.78997172640932,55.462084017386864,56.08055293081127,35401400
2021-03-26,INTC,Intel,59.00008773803711,59.09103761466749,56.18059645879501,56.20788072788104,34705800
2021-03-29,INTC,Intel,58.6635627746582,59.23655321533646,57.85409711475047,58.21790354301957,26161600
2021-03-30,INTC,Intel,57.99962615966797,58.208813667443465,57.435729248729,57.99962615966797,20709500
2021-03-31,INTC,Intel,58.20881271362305,58.654471993032985,57.826819045557386,58.21790978353829,33013200
2021-04-01,INTC,Intel,58.709041595458984,59.01827255130448,57.826813255853125,58.86365707338173,31416300
2021-04-05,INTC,Intel,60.51896667480469,60.70086641149235,58.84545995335146,59.072838093726126,27947500
2021-04-06,INTC,Intel,59.62765121459961,60.555358067263,59.382085835383606,60.08240757087699,28771400
2021-04-07,INTC,Intel,60.25522232055664,60.54626613571352,59.44575649280681,59.72770323713732,17793300
2021-04-08,INTC,Intel,60.98283004760742,61.201111155316674,60.35526405653312,60.910067365360575,22224200
2021-04-09,INTC,Intel,62.08334732055664,62.21067856081742,60.60083697618413,60.75545942995693,27177100
2021-04-12,INTC,Intel,59.4912223815918,62.292515910506864,58.85455939940576,62.0287564243337,51266900
2021-04-13,INTC,Intel,59.31841278076172,59.691309337827924,58.399803113404765,59.67312213903244,26822000
2021-04-14,INTC,Intel,58.381614685058594,59.463929935872045,58.06328320059831,59.40026433288302,25768400
2021-04-15,INTC,Intel,59.13650894165039,59.31841563350572,57.917765331858185,58.18152483077533,24927700
2021-04-16,INTC,Intel,58.89094924926758,59.59127099797693,58.72723668035701,59.41846829787181,24625500
2021-04-19,INTC,Intel,57.872291564941406,58.88184770380568,57.362963225984245,58.84546636469828,23997700
2021-04-20,INTC,Intel,57.02644729614258,57.990528542931266,56.762687779014655,57.88138798979805,19872100
2021-04-21,INTC,Intel,57.93595886230469,58.00871807312476,56.662639712555574,57.10830245582243,24364200
2021-04-22,INTC,Intel,56.90821075439453,58.12695794100672,56.64445123225468,57.61762956751415,38257600
2021-04-23,INTC,Intel,53.87952423095703,54.57075223265068,52.6607772923139,53.80676156261297,77479500
2021-04-26,INTC,Intel,53.442962646484375,54.134194214524236,53.170109541001466,53.75219709123579,39645900
2021-04-27,INTC,Intel,52.724449157714844,53.324727364825726,52.54254593475373,53.26106175721665,38167700
2021-04-28,INTC,Intel,52.40612030029297,52.897257986269814,51.9786516946603,52.315170418970844,30387400
2021-04-29,INTC,Intel,53.006404876708984,53.02459554905192,52.269701729158164,52.642601838398306,23290600
2021-04-30,INTC,Intel,52.32426452636719,53.14282734426123,51.90588951700606,52.39702720774248,30731800
2021-05-03,INTC,Intel,52.07869338989258,52.64259373719654,51.69669973802421,52.624403067652985,22281700
2021-05-04,INTC,Intel,51.75127029418945,51.824029500806155,50.75990138373999,51.73307962515644,35323600
2021-05-05,INTC,Intel,51.705787658691406,52.11506900467751,51.3510783153418,51.80583459543413,21001900
2021-05-06,INTC,Intel,52.335391998291016,52.39030011976375,51.475185707191464,51.813777062395566,25529300
2021-05-07,INTC,Intel,52.77464294433594,53.085781963298274,52.38114698503588,52.80209874866605,19959000
2021-05-10,INTC,Intel,51.21895217895508,52.37199474405514,51.136591746384774,52.29878741003945,35046500
2021-05-11,INTC,Intel,50.36789321899414,50.907810809663246,49.69070708340348,50.37704282624299,35968100
2021-05-12,INTC,Intel,49.06843566894531,50.011005923123264,48.88541208137491,49.773074212016375,30232300
2021-05-13,INTC,Intel,49.42533493041992,49.773079434200525,48.922022629957304,49.45279074051112,29192500
2021-05-14,INTC,Intel,50.65158462524414,51.1091418612116,49.65410971119969,49.96524877129295,28158300
2021-05-17,INTC,Intel,50.63328552246094,51.14574739373896,50.11166706066274,50.596680105688314,20010200
2021-05-18,INTC,Intel,50.18487548828125,51.37452354928085,50.14827007326353,51.20065306427348,18703400
2021-05-19,INTC,Intel,50.66073226928711,50.724789996153504,49.269758002831615,49.48023388980469,23769700
2021-05-20,INTC,Intel,51.20065689086914,51.46604093325487,50.6607391971017,50.85291240398042,23145200
2021-05-21,INTC,Intel,51.31962203979492,51.896141652417604,51.228108496683184,51.630757613720654,17723100
2021-05-24,INTC,Intel,52.12491989135742,52.51841939663843,51.612458017231226,51.84123663700462,19164400
2021-05-25,INTC,Intel,52.04256057739258,52.67399181582893,51.63075835469166,52.67399181582893,22309900
2021-05-26,INTC,Intel,52.08831787109375,52.372004634830645,51.78633188856022,52.207283738581474,15173600
2021-05-27,INTC,Intel,52.82955551147461,52.96682407203346,52.161522397916215,52.26218554354143,32387600
2021-05-28,INTC,Intel,52.27133560180664,52.75634862664112,52.10661472407184,52.66483508851927,20303900
2021-06-01,INTC,Intel,52.06086349487305,52.91192026157001,51.786329842267364,52.71974705383452,20326400
2021-06-02,INTC,Intel,52.60078430175781,52.79295752085807,51.94190070383122,52.07916928369426,18483600
2021-06-03,INTC,Intel,51.466033935546875,52.25302936493272,51.328765383077695,52.14321661748795,21831300
2021-06-04,INTC,Intel,52.50011444091797,52.84785890553627,51.74057127104209,51.74972087945211,21493800
2021-06-07,INTC,Intel,52.24387741088867,52.56416603108675,51.960190710938846,52.53671371817953,17364400
2021-06-08,INTC,Intel,52.16151809692383,52.74719072403202,51.795470959539095,52.57332025376059,33254500
2021-06-09,INTC,Intel,52.16151809692383,52.60077256725497,52.13406578342945,52.49095982239324,13904800
2021-06-10,INTC,Intel,52.50926971435547,53.10409203040307,52.0974675011627,52.298793803364646,26738100
2021-06-11,INTC,Intel,52.939369201660156,53.021729641275165,52.115768296394656,52.59162822629419,18119700
2021-06-14,INTC,Intel,53.2504997253418,53.259652823213656,52.37199083738016,53.09493197036034,21784500
2021-06-15,INTC,Intel,53.06748580932617,53.46098179132408,52.89361183844806,53.268808604349296,20806500
2021-06-16,INTC,Intel,52.36284255981445,53.41522193433575,51.95104041722608,53.21389915753573,21879700
2021-06-17,INTC,Intel,52.32624053955078,52.98512401038336,51.88698605595717,52.207274692676165,21498800
2021-06-18,INTC,Intel,50.944419860839844,51.932745144500764,50.42280490253589,51.86868741213955,55118300
2021-06-21,INTC,Intel,51.12744140625,51.283012672113614,50.669884198592065,51.01762865385974,19254600
2021-06-22,INTC,Intel,51.12744140625,51.50263817689412,50.788850050030774,51.19149913605135,18682800
2021-06-23,INTC,Intel,50.569217681884766,51.21895152650021,50.54176536833912,51.127437996541026,20287900
2021-06-24,INTC,Intel,51.310462951660156,51.33791526594739,50.642429873891054,50.77969842709585,21209700
2021-06-25,INTC,Intel,51.16404342651367,51.62160060381782,51.01762526941172,51.26470656406206,21101200
2021-06-28,INTC,Intel,52.60078430175781,52.829562940939546,51.55755426563071,51.57585697567145,22480900
2021-06-29,INTC,Intel,51.93274688720703,52.921072204033166,51.136598264798,52.66483777510525,26360000
2021-06-30,INTC,Intel,51.37452697753906,51.594155991416834,50.688191109137556,51.55755057395641,29891600
2021-07-01,INTC,Intel,51.255558013916016,51.83208108592609,51.12744255144368,51.36537425965049,24871600
2021-07-02,INTC,Intel,51.94189453125,52.1523739262634,51.53924543085807,51.74972133498689,17219400
2021-07-06,INTC,Intel,51.328765869140625,52.1706694256635,50.97187181840226,52.08830899157893,26186600
2021-07-07,INTC,Intel,51.20980453491211,51.65821215797489,50.98102591905827,51.58500132527703,14857400
2021-07-08,INTC,Intel,50.68818664550781,50.9901760766358,50.139119395491676,50.614979307918404,19162000
2021-07-09,INTC,Intel,51.23725509643555,51.34706784335397,50.61497704575735,50.79799712699329,18708000
2021-07-12,INTC,Intel,51.91444778442383,51.941900103725274,51.34707774325599,51.48434283064815,15392800
2021-07-13,INTC,Intel,52.04256057739258,52.43606009120849,51.55755101003637,51.813781952657045,15716000
2021-07-14,INTC,Intel,51.722267150878906,52.58247344419685,51.54839666876018,52.31708942605422,16263600
2021-07-15,INTC,Intel,51.07252883911133,51.6124463998829,50.852899877575474,51.6124463998829,18917000
2021-07-16,INTC,Intel,50.3038444519043,52.09746800805684,50.2397867171049,51.29216628229835,25263800
2021-07-19,INTC,Intel,50.00184631347656,50.1574175644655,49.38872138946236,49.79137043698434,27007700
2021-07-20,INTC,Intel,50.55092239379883,50.84375873064862,49.663260284100375,50.258082566064544,19867000
2021-07-21,INTC,Intel,51.45689010620117,51.50264513497164,50.340449251600106,50.49602053848161,18497200
2021-07-22,INTC,Intel,51.20980453491211,51.74057259931766,50.95357360223889,51.30131807578444,36691000
2021-07-23,INTC,Intel,48.50106430053711,50.06590912223273,47.878786215146256,49.94694676097013,67742300
2021-07-26,INTC,Intel,49.699867248535156,49.910343154028155,48.28143705226798,48.32719556767113,32881200
2021-07-27,INTC,Intel,48.6657829284668,48.68408563494312,47.869634396610145,48.6108748090378,39878000
2021-07-28,INTC,Intel,48.56512451171875,49.34297041275213,48.44615865349417,48.52851909520586,28478800
2021-07-29,INTC,Intel,49.14164733886719,49.507691029369475,48.79390286563807,48.94032104001591,16886600
2021-07-30,INTC,Intel,49.159950256347656,49.324671139584694,48.72984534001933,49.09589252296488,16465700
2021-08-02,INTC,Intel,49.12334442138672,49.84628568155878,48.995228955712605,49.40703116029699,18098100
2021-08-03,INTC,Intel,49.47107696533203,49.56258699278283,48.73898278219047,49.31550572960512,16375900
2021-08-04,INTC,Intel,49.32467269897461,49.818831873423804,49.14164910171558,49.644961376014344,17612700
2021-08-05,INTC,Intel,49.635982513427734,49.75572144118386,49.35045581883066,49.72809073230525,15310000
2021-08-06,INTC,Intel,49.66361999511719,49.857045524353474,49.488619625738394,49.608358569823764,19256000
2021-08-09,INTC,Intel,49.783348083496094,50.11493061723116,49.58071704565611,49.81098230368668,14670100
2021-08-10,INTC,Intel,49.682037353515625,50.096515575292926,49.28598077643614,49.95835851041347,16215700
2021-08-11,INTC,Intel,49.86624526977539,50.068879827494456,49.58992765424791,49.976771613272554,18590800
2021-08-12,INTC,Intel,49.3136100769043,49.903088594104446,49.0557105904524,49.89387601589057,15070100
2021-08-13,INTC,Intel,49.2675666809082,49.33204068584703,48.87151007138697,49.276775747226715,15281100
2021-08-16,INTC,Intel,49.249141693115234,49.26756333807209,48.81624182055299,49.02808546720252,17690300
2021-08-17,INTC,Intel,48.53071594238281,48.98203750033989,48.09781954460297,48.97282492025127,22014900
2021-08-18,INTC,Intel,48.0701789855957,48.843870473339166,47.996495922442186,48.447813907377075,15061700
2021-08-19,INTC,Intel,48.300437927246094,48.51228153716226,47.50832841286913,47.941224696798294,22999400
2021-08-20,INTC,Intel,47.90439224243164,48.24518742172516,47.36096598508137,48.042552830098714,25728300
2021-08-23,INTC,Intel,49.0280876159668,49.313617854957734,48.337291710871995,48.43860900579038,23976300
2021-08-24,INTC,Intel,49.56230545043945,49.709675104910396,49.10177484102156,49.3320401457305,20348800
2021-08-25,INTC,Intel,49.56230545043945,49.94914947583703,49.48861886641913,49.810992401153484,15048400
2021-08-26,INTC,Intel,48.935977935791016,49.507034842265185,48.788608298198675,49.507034842265185,19570000
2021-08-27,INTC,Intel,49.635982513427734,49.68203486608185,48.74255211494693,49.14782125086942,16525000
2021-08-30,INTC,Intel,49.682037353515625,50.53862450733223,49.516246064804704,49.976776641541825,14581300
2021-08-31,INTC,Intel,49.79256057739258,50.19782616595767,49.42413475973777,50.14256123923875,22350100
2021-09-01,INTC,Intel,49.433349609375,49.884671113142915,49.304401612175425,49.83861875893869,18615000
2021-09-02,INTC,Intel,49.488609313964844,49.63597893999001,49.13860513456668,49.55308330575279,15869500
2021-09-03,INTC,Intel,49.28598403930664,49.81099216402788,49.11098367344603,49.221510035380646,13456200
2021-09-07,INTC,Intel,49.41493606567383,49.69125373011876,49.22151053834962,49.341249481251324,13915000
2021-09-08,INTC,Intel,49.34124755859375,49.663617568956234,48.80703389662597,49.48861720812654,18235100
2021-09-09,INTC,Intel,49.18467330932617,49.635991364815226,49.12940836814449,49.424147693973644,13495800
2021-09-10,INTC,Intel,49.58993148803711,50.63994061635902,49.56230077841897,49.5991405533867,20324700
2021-09-13,INTC,Intel,50.64915466308594,51.10968524243778,50.11493750452445,50.29915043897908,22639200
2021-09-14,INTC,Intel,50.21625518798828,51.06362977412809,49.98598989650644,50.99915577359874,22072700
2021-09-15,INTC,Intel,50.768898010253906,50.79653223855667,50.12415439578668,50.35441972141283,18796200
2021-09-16,INTC,Intel,50.50178909301758,50.61231545718048,49.9583628249928,50.52941980566586,19863100
2021-09-17,INTC,Intel,49.97677230834961,50.280724149155574,49.43334613437432,50.280724149155574,35359200
2021-09-20,INTC,Intel,48.79781723022461,49.276769429485306,48.189917037618585,49.009660864087536,35051900
2021-09-21,INTC,Intel,48.69649887084961,49.230715989851895,48.65965909754229,49.0004507172273,17968900
2021-09-22,INTC,Intel,49.27676773071289,49.617559346172655,48.816237191173514,49.184663028232684,18594100
2021-09-23,INTC,Intel,49.76493453979492,50.013621480566655,49.36887795044397,49.50703853317368,16474300
2021-09-24,INTC,Intel,49.939937591552734,50.12414701406935,49.4886160738202,49.53466842944935,12976200
2021-09-27,INTC,Intel,50.3452033996582,50.538625402055416,49.57151187649982,49.68203823307401,13899900
2021-09-28,INTC,Intel,49.737300872802734,50.280727078437245,49.70045758445512,49.903092156797626,24691300
2021-09-29,INTC,Intel,49.2675666809082,49.78335872041883,48.98203643505786,49.73730636168678,20514300
2021-09-30,INTC,Intel,49.07413864135742,49.71888217132339,49.055716996093295,49.516247586987625,20534100
2021-10-01,INTC,Intel,49.60835647583008,49.83862177435245,48.862295643732544,49.414934468328,19895100
2021-10-04,INTC,Intel,49.249141693115234,50.04125485841231,48.8899284003804,49.672828986414295,27353300
2021-10-05,INTC,Intel,49.691253662109375,50.05046697675313,49.25835376314397,49.322827767640554,18129400
2021-10-06,INTC,Intel,49.7188835144043,49.80177916354736,48.88071795687762,49.25835291106942,20059600
2021-10-07,INTC,Intel,49.90309143066406,50.649152197785234,49.847826498946795,50.032039424435034,20704400
2021-10-08,INTC,Intel,49.56230545043945,50.271523010571386,49.460988154196365,50.24388878477891,16068000
2021-10-11,INTC,Intel,49.22150421142578,50.11493460807374,49.20308256768807,49.56229935021952,14398800
2021-10-12,INTC,Intel,48.05176544189453,49.479413241231086,47.90439577717481,49.3412526433695,32784300
2021-10-13,INTC,Intel,48.13465881347656,48.42940164249776,47.77544549236827,48.24518869194818,18534000
2021-10-14,INTC,Intel,49.645198822021484,49.73730353424968,48.56755541838991,48.724137645461305,26586700
2021-10-15,INTC,Intel,50.16098403930664,50.18861826008846,49.562296463759765,49.921509711801704,25231100
2021-10-18,INTC,Intel,50.17020797729492,50.253103631272005,49.47941203200918,49.91230843516073,22407600
2021-10-19,INTC,Intel,50.85179138183594,50.86100396204602,50.07809978197277,50.317577677456775,18392900
2021-10-20,INTC,Intel,50.99915313720703,51.10968300117454,50.732048083208866,50.88862678680885,16850300
2021-10-21,INTC,Intel,51.579429626464844,51.64390363241234,50.50178965828257,50.59389437718762,38390900
2021-10-22,INTC,Intel,45.55568313598633,46.55963991901545,45.260943852305246,46.41227027717491,109971900
2021-10-25,INTC,Intel,45.50963592529297,46.117536205787445,45.41753120632131,45.896483474827534,43178800
2021-10-26,INTC,Intel,44.46883010864258,45.53726087593457,44.14646011946501,45.500421101149534,68405400
2021-10-27,INTC,Intel,44.109619140625,44.966206315082886,44.09119749548327,44.68988866509604,41081500
2021-10-28,INTC,Intel,44.28461837768555,44.54251435553826,44.10040545911825,44.33987979375731,31317200
2021-10-29,INTC,Intel,45.13199234008789,45.38988831483198,44.13724469995644,44.30303597331168,42301000
2021-11-01,INTC,Intel,45.638572692871094,45.68462504101057,45.131989836198976,45.500415648452666,28013700
2021-11-02,INTC,Intel,45.92411422729492,45.96095752034319,45.34384465927901,45.69384891609795,27193300
2021-11-03,INTC,Intel,46.412269592285156,46.46753452474836,45.78594774531292,45.98858231744198,23962100
2021-11-04,INTC,Intel,46.66083526611328,46.69793123276029,46.12290306269151,46.595912901976654,24806000
2021-11-05,INTC,Intel,47.226585388183594,47.83871658272342,46.874150718483165,46.88342382536859,36816200
2021-11-08,INTC,Intel,47.810890197753906,48.21897766088027,47.35643366218569,47.7274180837511,31647800
2021-11-09,INTC,Intel,47.48627853393555,48.01493407825877,47.087467714463166,47.80161723914619,22508400
2021-11-10,INTC,Intel,47.078189849853516,47.66249463454768,47.03181724046583,47.282233576763325,25040700
2021-11-11,INTC,Intel,46.86487579345703,47.36570849573113,46.753580816730626,47.310059238366165,25420000
2021-11-12,INTC,Intel,46.66083526611328,47.208040576695936,46.540263645000906,46.92979782982067,23884800
2021-11-15,INTC,Intel,46.67011260986328,46.957628489999344,46.48461860777562,46.753584733902535,24695800
2021-11-16,INTC,Intel,46.93907165527344,47.43990432395882,46.68865532093074,46.716478178745504,30927800
2021-11-17,INTC,Intel,46.586639404296875,47.2451397353171,46.35477279157113,46.92980100048994,23546900
2021-11-18,INTC,Intel,46.07653045654297,46.59591290770332,45.418030169931384,46.59591290770332,30658200
2021-11-19,INTC,Intel,45.92813491821289,46.122902006161276,45.668445467615044,46.002330387810815,27607600
2021-11-22,INTC,Intel,46.21565246582031,47.16166508151487,45.82611473759002,45.9559594676656,33389600
2021-11-23,INTC,Intel,45.538597106933594,46.7906788225031,45.111963428148464,46.52171272752853,44713300
2021-11-24,INTC,Intel,46.15072250366211,46.16927225461333,45.10268810994258,45.31600493887673,26035800
2021-11-26,INTC,Intel,45.24180603027344,45.612793974071984,44.62967839960811,45.35310453621495,25269000
2021-11-29,INTC,Intel,46.37331771850586,46.49388933521492,45.186161917073186,45.7240905628461,31478900
2021-11-30,INTC,Intel,45.63134765625,46.74430804552508,45.14906470296401,45.90958686906789,49460800
2021-12-01,INTC,Intel,45.07486343383789,46.66083358963109,45.00066796520616,46.224923270658316,35093500
2021-12-02,INTC,Intel,45.909584045410156,46.17855013439296,44.82445012076024,45.08413956501766,37240800
2021-12-03,INTC,Intel,45.67771911621094,46.42896815606743,45.22325903427229,46.076529941788685,32224900
2021-12-06,INTC,Intel,47.2915153503418,47.49555556137703,45.612799819620804,45.89103904412608,40336000
2021-12-07,INTC,Intel,48.75690460205078,51.01064806315403,48.4230161577387,50.695309369970765,91731500
2021-12-08,INTC,Intel,47.99638748168945,49.04442553231712,47.6532258951667,48.75690966695806,37143400
2021-12-09,INTC,Intel,46.81850051879883,47.84798872448175,46.77212790930029,47.579022636185556,31694200
2021-12-10,INTC,Intel,46.920528411865234,47.36571188866405,46.41969567371515,47.15239502715652,23783600
2021-12-13,INTC,Intel,46.37331771850586,47.31933382452378,46.326945108388024,47.16166270451911,35726900
2021-12-14,INTC,Intel,46.09507751464844,46.6237330420713,45.7426393170321,46.20637248410502,34120400
2021-12-15,INTC,Intel,46.99472427368164,47.09674615132553,45.751922602030746,46.252751806276706,32590300
2021-12-16,INTC,Intel,47.14311599731445,47.671771530730446,46.91124941114943,47.059643884774914,33132300
2021-12-17,INTC,Intel,46.94834518432617,47.319333135876505,46.3825901503134,46.92052232626106,50102300
2021-12-20,INTC,Intel,46.00232696533203,46.49388650911132,45.40874910069598,46.28984279139149,30140300
2021-12-21,INTC,Intel,47.08747100830078,47.15239337526762,46.317672174260245,46.317672174260245,31956300
2021-12-22,INTC,Intel,47.2729606628418,47.31933327241857,46.56808426046287,46.96689507122911,23307900
2021-12-23,INTC,Intel,47.58829879760742,47.97783295904328,47.34715556985861,47.3749819656778,25198200
2021-12-27,INTC,Intel,48.172603607177734,48.28390212269013,47.57902567645911,47.62539828892084,20985400
2021-12-28,INTC,Intel,48.00566482543945,48.33955333389987,47.885096726942926,48.163335971325296,19290400
2021-12-29,INTC,Intel,48.07058334350586,48.35809565201856,47.9129122218669,48.05203359166578,14174800
2021-12-30,INTC,Intel,47.98711395263672,48.358098396482525,47.90364183362078,48.15405465266499,18359400
2021-12-31,INTC,Intel,47.7645263671875,48.37665413639246,47.72742685681046,48.12623774835352,16319000
2022-01-03,INTC,Intel,49.35047912597656,49.36902887584235,47.85725787280894,47.90363401647494,33857600
2022-01-04,INTC,Intel,49.28556442260742,50.02753684242391,48.83110786334639,49.68437526163446,45681400
2022-01-05,INTC,Intel,49.96261215209961,52.095784086568784,49.925516186337504,50.25940110621688,59109300
2022-01-06,INTC,Intel,50.09245300292969,50.70458061570265,49.545247747723316,50.64893490236165,35757900
2022-01-07,INTC,Intel,49.56380081176758,50.44489455793817,49.29483825729722,50.25940057905962,30717200
2022-01-10,INTC,Intel,51.20542526245117,51.29817403642466,49.44324101300238,50.055368769211576,49260800
2022-01-11,INTC,Intel,51.85464096069336,52.01231207227358,50.76023043797126,51.47437991723928,39795200
2022-01-12,INTC,Intel,51.696983337402344,52.197812549516314,50.83443922486736,52.06796780793107,29136800
2022-01-13,INTC,Intel,50.95500183105469,52.13288456255021,50.797334244116065,51.938117471154214,29605400
2022-01-14,INTC,Intel,51.65987777709961,51.72480014028671,50.57474027896593,50.871529235822244,30151500
2022-01-18,INTC,Intel,50.78805923461914,51.61350731436344,50.71386376131842,51.2981685923273,35313800
2022-01-19,INTC,Intel,49.73073959350586,50.87152266239012,49.67509388253779,50.66748249216889,30595100
2022-01-20,INTC,Intel,48.265350341796875,50.16665567685542,48.17260158276756,49.95333883809308,28582600
2022-01-21,INTC,Intel,48.265350341796875,49.27628881819435,48.181878227672186,48.3024498454086,46372400
2022-01-24,INTC,Intel,48.172603607177734,48.34882448773726,46.26202508492762,47.74596991172417,64198400
2022-01-25,INTC,Intel,47.300785064697266,47.87581322582321,46.60518528433407,47.310058171713926,44095400
2022-01-26,INTC,Intel,47.94073486328125,48.896027619695644,47.06891775877047,47.42135596612733,54895400
2022-01-27,INTC,Intel,44.56475830078125,46.42896768283003,44.31434195671484,46.35476867510513,89642800
2022-01-28,INTC,Intel,44.26797103881836,44.70388138086401,42.94169379804433,44.24942128617774,61945400
2022-01-31,INTC,Intel,45.278907775878906,45.32528038665073,43.87843511775059,44.22159668306622,51828400
2022-02-01,INTC,Intel,45.399478912353516,45.47367438120014,44.85227361984658,45.24180779179895,35386100
2022-02-02,INTC,Intel,45.91885757446289,45.98378347412771,44.60185705161216,44.750251526553136,37962700
2022-02-03,INTC,Intel,44.778072357177734,46.08579971399993,44.75024950001232,45.67771581089341,42145800
2022-02-04,INTC,Intel,44.86685562133789,45.08180100289884,44.044470470398004,44.72667803570154,32431500
2022-02-07,INTC,Intel,45.02573013305664,45.474304846959285,44.82013205232649,44.9790042687875,27558500
2022-02-08,INTC,Intel,45.6144905090332,45.73597705513846,44.76406686151994,44.838827538742,28051200
2022-02-09,INTC,Intel,46.64246368408203,46.698536853452445,45.633171590096104,46.10043730665271,35217300
2022-02-10,INTC,Intel,45.66120910644531,46.66115751411787,45.56775381860623,45.96025889762095,32762700
2022-02-11,INTC,Intel,44.51173782348633,45.89484406168886,44.39024772625868,45.74531915931439,37208200
2022-02-14,INTC,Intel,44.46501541137695,45.025732947566375,44.02578441689031,44.782752734250515,28456900
2022-02-15,INTC,Intel,45.26870346069336,45.28739451802717,44.100539114489884,44.57715216411552,35837900
2022-02-16,INTC,Intel,45.07246017456055,45.31544039520695,44.483704248330696,44.91359150833081,26022900
2022-02-17,INTC,Intel,44.45566940307617,45.100494945105524,44.278109676563666,44.726684431665205,32030600
2022-02-18,INTC,Intel,42.091304779052734,43.18470505700506,41.59600059912309,43.166013996917606,76520100
2022-02-22,INTC,Intel,41.76422119140625,42.43708516910967,40.97921440573745,41.76422119140625,57093300
2022-02-23,INTC,Intel,41.726829528808594,42.717430557181665,41.633374247388375,42.21278273237587,38176700
2022-02-24,INTC,Intel,43.66130828857422,43.72672520158731,40.77360611073059,41.025930017332975,72740100
2022-02-25,INTC,Intel,44.58649826049805,44.6612624937742,43.222083087802005,43.857564810829864,39266300
2022-02-28,INTC,Intel,44.57715606689453,44.68929885576098,43.7828021029568,43.922983262756105,41946100
2022-03-01,INTC,Intel,43.75476837158203,44.764064191033015,43.19405084852375,44.42763225121602,53853000
2022-03-02,INTC,Intel,45.67055130004883,45.78269764164299,44.37155314536384,44.40893525922856,46936500
2022-03-03,INTC,Intel,44.79209899902344,45.37150758152813,44.50239292529356,45.0257318944638,36389900
2022-03-04,INTC,Intel,44.92292785644531,45.10983486501204,44.268755108939104,44.268755108939104,38310700
2022-03-07,INTC,Intel,44.55846405029297,45.3621617439656,44.48369981601881,44.86685760428659,43813700
2022-03-08,INTC,Intel,44.3902473449707,45.53037694387971,43.8201825455162,44.56780705096684,44813900
2022-03-09,INTC,Intel,44.51173782348633,45.28739714050547,43.82018292190762,45.240671276942486,36076500
2022-03-10,INTC,Intel,43.6052360534668,44.21268290438305,43.13797034197875,44.193991848128995,36456000
2022-03-11,INTC,Intel,42.82958221435547,44.184650096181784,42.773509038539,44.06316356267847,27082100
2022-03-14,INTC,Intel,41.49319839477539,42.96975625295155,41.3997431094765,42.89499558966706,35993900
2022-03-15,INTC,Intel,41.87635803222656,41.960466010294425,41.18480314978474,41.58665198222509,34448900
2022-03-16,INTC,Intel,43.57720184326172,43.57720184326172,42.30623852036414,42.334273322648656,38885500
2022-03-17,INTC,Intel,44.05381393432617,44.193995084018454,42.736124674046685,43.28749839657241,28555000
2022-03-18,INTC,Intel,44.34352111816406,44.48369870649941,43.315534312264084,43.75476526528211,46237100
2022-03-21,INTC,Intel,44.287445068359375,44.75471079571486,43.98839528804824,44.35286198499278,32910900
2022-03-22,INTC,Intel,45.22197723388672,45.29674146261697,44.296793075555044,44.390244796513215,27923300
2022-03-23,INTC,Intel,45.109832763671875,46.334070226048645,44.91358201804832,45.287392452813975,37126400
2022-03-24,INTC,Intel,48.24051284790039,48.26855121580029,45.40888367187754,45.47430058871964,51677900
2022-03-25,INTC,Intel,48.436767578125,48.5769451590064,47.14711315727927,47.371398712671365,33239800
2022-03-28,INTC,Intel,48.13771438598633,48.19378755749413,47.2499123426513,47.99753680464878,22932400
2022-03-29,INTC,Intel,48.82926559448242,48.86664770602897,47.92276899672768,48.59563274474806,27303700
2022-03-30,INTC,Intel,48.062950134277344,49.0722421913898,47.866699396082474,48.82926559623725,24623300
2022-03-31,INTC,Intel,46.31538009643555,47.90408071465325,46.26865067181949,47.8480111090413,43698300
2022-04-01,INTC,Intel,44.96031188964844,46.633124162021375,44.23137844658407,46.56770724097482,46598600
2022-04-04,INTC,Intel,45.97895050048828,46.006985304695135,44.78274775664432,45.01638063158079,23784900
2022-04-05,INTC,Intel,44.979000091552734,45.773350405221024,44.87620106073469,45.63317282543199,25779200
2022-04-06,INTC,Intel,44.42761993408203,45.016372100580774,44.14726125027966,44.33416466284519,31518700
2022-04-07,INTC,Intel,44.446319580078125,44.77340418024935,43.70803883688619,44.324829486462484,24117000
2022-04-08,INTC,Intel,43.941673278808594,44.46501222268933,43.78280106380975,44.18464990974489,22167300
2022-04-11,INTC,Intel,43.5211296081543,44.20333714304272,43.483747494335994,43.82952669972343,30352500
2022-04-12,INTC,Intel,43.45571517944336,44.773404464867,43.37160720101399,44.222030731819956,29861400
2022-04-13,INTC,Intel,43.93232727050781,44.17530747360805,43.50244360650585,43.689350632362576,22171300
2022-04-14,INTC,Intel,42.680049896240234,43.68934558017981,42.633324036418124,43.68934558017981,36181800
2022-04-18,INTC,Intel,43.5865478515625,43.82018072260643,42.53987358747302,42.54921733373471,25593100
2022-04-19,INTC,Intel,44.79209899902344,44.857515924550334,43.30619364142451,43.54917028410226,31483100
2022-04-20,INTC,Intel,44.96031188964844,45.5584114906197,44.838821794152764,45.193944769087516,22787100
2022-04-21,INTC,Intel,44.3902473449707,45.69859290322546,44.296795618647444,45.436921652601605,27316900
2022-04-22,INTC,Intel,43.49309539794922,44.53042589833809,43.455713283621506,44.34351889165416,28219900
2022-04-25,INTC,Intel,43.97904968261719,44.05381034205675,43.15666103905541,43.184695840725944,35999300
2022-04-26,INTC,Intel,42.53987503051758,43.77345634627889,42.53052771898411,43.633275192915406,35356600
2022-04-27,INTC,Intel,42.259517669677734,43.04452431126464,42.063263335564805,42.5024943031655,28320900
2022-04-28,INTC,Intel,43.773460388183594,44.17530926231258,42.55857001835522,42.79220291889741,41097000
2022-04-29,INTC,Intel,40.736228942871094,42.39035015470979,40.65212096379609,42.04457449182577,70765900
2022-05-02,INTC,Intel,42.01653289794922,42.0445712654592,40.66146159014891,40.85771590290056,45446500
2022-05-03,INTC,Intel,42.1099853515625,42.5118341309736,41.33432259341176,41.85766145065639,40158400
2022-05-04,INTC,Intel,43.49309539794922,43.58654711881386,41.50254237193151,42.1099892524156,44625600
2022-05-05,INTC,Intel,42.00957107543945,43.24348582169498,41.56687174565513,42.951489741643336,52996700
2022-05-06,INTC,Intel,41.72700119018555,42.52763430819951,41.29371941420716,41.905968057798134,40916600
2022-05-09,INTC,Intel,40.56843566894531,41.63280474167557,40.38005122170734,41.265457045785475,44925800
2022-05-10,INTC,Intel,41.45384216308594,42.14144600518928,40.97346518670391,41.774094678385566,42770000
2022-05-11,INTC,Intel,40.342376708984375,41.71757704852445,40.29527790290518,41.46325858686138,40351700
2022-05-12,INTC,Intel,40.35179901123047,40.41773303565469,39.570004731436356,40.248187374811025,42329600
2022-05-13,INTC,Intel,41.06765365600586,41.293715723737,40.47424746533912,40.89810800349117,32034100
2022-05-16,INTC,Intel,40.57786560058594,41.077081439042104,40.304708272959445,40.89811455873877,25071900
2022-05-17,INTC,Intel,41.82119369506836,41.84002890800059,41.114754636659335,41.274879098527315,28596600
2022-05-18,INTC,Intel,39.8902587890625,41.425587402434175,39.76781193504717,41.425587402434175,35218400
2022-05-19,INTC,Intel,39.56999588012695,40.21992196569235,39.29684223709972,39.861991918071844,29181000
2022-05-20,INTC,Intel,39.23091506958008,39.83374245925689,37.968743875018745,39.79606484911842,44802300
2022-05-23,INTC,Intel,39.56058883666992,39.79606853212629,38.92950497755165,39.26859272077542,27199500
2022-05-24,INTC,Intel,39.2497444152832,39.45696764693871,38.71285112702496,39.278004415230676,29837500
2022-05-25,INTC,Intel,39.74897003173828,40.0503837296002,38.986014587887034,39.033109804465205,26283100
2022-05-26,INTC,Intel,40.95462417602539,41.143008632495935,39.63594016700088,39.72070939962125,28826700
2022-05-27,INTC,Intel,41.96247863769531,41.96247863769531,41.02055990915834,41.05823752065216,30553300
2022-05-31,INTC,Intel,41.84002685546875,42.150861750624934,41.11475261970702,41.67990240145594,41111500
2022-06-01,INTC,Intel,41.54804229736328,42.32041549013051,41.00172762323577,42.169708613325575,29885500
2022-06-02,INTC,Intel,42.235633850097656,42.27331145973486,41.38790559893357,41.623385269464194,28727600
2022-06-03,INTC,Intel,40.869850158691406,41.67990078270309,40.82275494423052,41.54803274495878,33174700
2022-06-06,INTC,Intel,40.822757720947266,41.482101547651176,40.57786043321227,41.26546067188778,25437100
2022-06-07,INTC,Intel,41.00171661376953,41.058233024821796,40.182248415750955,40.55901730316389,25168700
2022-06-08,INTC,Intel,38.83531188964844,39.80548710876224,38.64692741006665,39.79606950169394,59649900
2022-06-09,INTC,Intel,37.68616485595703,38.94833603256156,37.68616485595703,38.628083537210124,39047200
2022-06-10,INTC,Intel,36.90437316894531,37.75210139520741,36.90437316894531,37.5354569427247,43066200
2022-06-13,INTC,Intel,35.57627487182617,36.55587132375437,35.482080832331995,36.31097041420472,50335900
2022-06-14,INTC,Intel,35.72697448730469,35.98129295259526,35.35962679070757,35.80232611046422,31351700
2022-06-15,INTC,Intel,36.40515899658203,36.89495355599094,35.71755518731926,36.32038617031228,37652300
2022-06-16,INTC,Intel,35.171241760253906,35.59510586204731,34.78505526598312,35.510333041688625,45576500
2022-06-17,INTC,Intel,34.82273483276367,35.90593916147594,34.474222333272465,35.303111779734394,71393200
2022-06-21,INTC,Intel,35.538597106933594,35.821172037960224,35.161831729943145,35.19008814510526,34004900
2022-06-22,INTC,Intel,35.20892333984375,35.576271071795276,35.05821648588582,35.161828121694676,32571000
2022-06-23,INTC,Intel,35.237178802490234,35.43498086926662,34.76621944742186,35.425563263144525,30163000
2022-06-24,INTC,Intel,36.36748123168945,36.39573764261425,35.54801297665849,35.651621014427626,38159900
2022-06-27,INTC,Intel,36.386322021484375,36.79134736812814,36.23561516644029,36.61238050748308,29585300
2022-06-28,INTC,Intel,35.58568572998047,36.75366644624107,35.548011714463314,36.3392235304761,37824200
2022-06-29,INTC,Intel,35.124149322509766,35.41614182104377,34.8698308413405,35.359628998429294,25437200
2022-06-30,INTC,Intel,35.237178802490234,35.7929109851963,34.59667379214647,35.04879434183594,35141000
2022-07-01,INTC,Intel,34.22932052612305,35.0393710605419,33.796038851989195,34.93575944430682,40596300
2022-07-05,INTC,Intel,34.558998107910156,34.60609692055034,33.47579368674956,33.843141429279456,33215000
2022-07-06,INTC,Intel,34.84157180786133,35.246593514277116,34.3423524891515,34.68144377185722,26258300
2022-07-07,INTC,Intel,35.924774169921875,36.10374100024401,35.53858769473331,35.68929452424265,33165400
2022-07-08,INTC,Intel,35.78349304199219,35.92477869130094,35.21833966535307,35.47265814587047,22566300
2022-07-11,INTC,Intel,35.03937911987305,35.482078500427974,34.87925105982426,35.47266089366509,25904300
2022-07-12,INTC,Intel,35.048789978027344,35.5103316695086,34.84157033092911,35.46323645849238,30546300
2022-07-13,INTC,Intel,35.048789978027344,35.25601321825987,34.49305786451364,34.54957427361367,27059200
2022-07-14,INTC,Intel,35.519744873046875,35.94360890593855,34.18222236162631,34.841566013554036,36690700
2022-07-15,INTC,Intel,36.37690353393555,36.42399875593516,35.538596365683055,36.04723338680315,32892300
2022-07-18,INTC,Intel,36.4616813659668,37.05509130523622,36.292135669032675,36.82902917827886,30814400
2022-07-19,INTC,Intel,37.88397216796875,38.3643491354545,36.96089225111403,37.03624388048239,53095300
2022-07-20,INTC,Intel,38.204227447509766,38.30783549626199,37.262308656731136,37.874553714856226,36387900
2022-07-21,INTC,Intel,38.25132369995117,38.28900131495078,37.50720697281693,38.15712966245214,29661200
2022-07-22,INTC,Intel,36.92321014404297,38.157121220643496,36.67830929386202,38.02525319045422,41350000
2022-07-25,INTC,Intel,36.885536193847656,37.121015869138596,36.31096521123621,36.9985654319096,32263400
2022-07-26,INTC,Intel,36.69715118408203,37.27172215806789,36.62179955755017,36.82901922536377,35925500
2022-07-27,INTC,Intel,37.84629440307617,38.07235288339831,36.95147090172537,36.98914851282399,42571600
2022-07-28,INTC,Intel,37.403594970703125,37.78978153792088,36.77251109459842,37.761525123508754,56662300
2022-07-29,INTC,Intel,34.20106887817383,34.49306137204714,33.19321616877606,33.53230387845462,125292400
2022-08-01,INTC,Intel,34.81331253051758,35.50091271559671,33.956166700554874,33.956166700554874,52513400
2022-08-02,INTC,Intel,33.918487548828125,34.53073608228777,33.90906994371176,34.46480206707019,53929400
2022-08-03,INTC,Intel,34.39887237548828,34.46480639899319,33.21205276613035,33.99384703502396,59513900
2022-08-04,INTC,Intel,33.92790985107422,34.34653671045325,33.64248228197904,34.26090807678385,54046300
2022-08-05,INTC,Intel,33.67102813720703,33.95645574179639,33.47122917693537,33.63297015541941,40205100
2022-08-08,INTC,Intel,33.66151809692383,34.21334435849481,33.490260794854755,33.642489104537354,41534600
2022-08-09,INTC,Intel,32.84328842163086,33.58540095167881,32.72911810071788,33.50928861420651,48202300
2022-08-10,INTC,Intel,33.652000427246094,33.68054572937782,32.909887901184135,33.290460474728704,42243300
2022-08-11,INTC,Intel,33.86131286621094,34.52731299936226,33.76617154550735,33.90888352656273,35569700
2022-08-12,INTC,Intel,34.35606002807617,34.38460170198567,33.93742945388782,34.061116089844305,37675200
2022-08-15,INTC,Intel,34.57488250732422,34.660511144866916,33.97548204452533,34.34653826407415,25400600
2022-08-16,INTC,Intel,34.432167053222656,34.803226903813886,33.965969514088656,34.40362538371896,25000200
2022-08-17,INTC,Intel,34.042076110839844,34.32750727545277,33.55684966393232,34.070621404945946,29176100
2022-08-18,INTC,Intel,34.44168472290039,34.565371344649,33.84228423378964,33.94694186531471,24598200
2022-08-19,INTC,Intel,33.66151809692383,34.279944017142874,33.48074448395692,34.06111604881221,31425500
2022-08-22,INTC,Intel,32.19631576538086,33.3570588019882,32.09165813035444,33.29997182940773,51006100
2022-08-23,INTC,Intel,32.30097961425781,32.71960660548731,32.26292162521615,32.32952129133426,30687100
2022-08-24,INTC,Intel,32.2153434753418,32.33903009631053,31.967970233404333,32.32000110620697,25105700
2022-08-25,INTC,Intel,33.1953125,33.23337047977773,32.17728513210235,32.22485579212015,29799100
2022-08-26,INTC,Intel,31.739635467529297,33.32851832556253,31.730119156017206,33.252405980512926,44851500
2022-08-29,INTC,Intel,31.340028762817383,31.787200966505686,31.216345768553293,31.615943681238203,32976800
2022-08-30,INTC,Intel,30.693058013916016,31.46371580794256,30.58840400876969,31.435174136485276,40182500
2022-08-31,INTC,Intel,30.36957550048828,30.816745913958847,30.226861693185292,30.816745913958847,44074500
2022-09-01,INTC,Intel,30.217344284057617,30.283943933397634,29.61794381058878,30.036572511060186,36440700
2022-09-02,INTC,Intel,29.703575134277344,30.807233047033623,29.551346832111893,30.64548843444026,34893300
2022-09-06,INTC,Intel,28.885347366333008,29.865316797451694,28.85680388024729,29.865316797451694,46989600
2022-09-07,INTC,Intel,29.1612606048584,29.2944617258229,28.59040358349403,28.942432654658464,37329500
2022-09-08,INTC,Intel,29.256404876708984,29.351548019736743,28.45720537880301,28.894863110848906,37359500
2022-09-09,INTC,Intel,29.931917190551758,29.969975172940625,29.570375431379905,29.675033068244815,34069500
2022-09-12,INTC,Intel,30.02705955505371,30.312488971473055,29.589403657130262,30.19831684196443,38305500
2022-09-13,INTC,Intel,27.867319107055664,29.427660004910727,27.82926112676438,29.332516868886895,71417900
2022-09-14,INTC,Intel,27.762664794921875,28.324007368394877,27.600921988756696,28.11469208117841,40767200
2022-09-15,INTC,Intel,27.439176559448242,27.981490088656386,27.315489935243747,27.734118654951818,39919100
2022-09-16,INTC,Intel,27.819746017456055,27.895860161653708,27.039575585753997,27.305975997797965,72748000
2022-09-19,INTC,Intel,28.010032653808594,28.067117809031775,27.496260812686863,27.610432937837594,33151900
2022-09-20,INTC,Intel,27.5533447265625,27.753145482898656,27.31548780669354,27.658002352010215,31129000
2022-09-21,INTC,Intel,27.08715057373047,28.152750577478592,27.07763607734736,27.734121810144906,39977300
2022-09-22,INTC,Intel,26.70657730102539,27.11569153381817,26.678035629242753,27.020548393565633,36092700
2022-09-23,INTC,Intel,26.18329429626465,26.54483607290654,25.869323185203022,26.54483607290654,43491100
2022-09-26,INTC,Intel,25.660001754760742,26.35454528291177,25.5553459526125,26.2213441847258,44786400
2022-09-27,INTC,Intel,25.583892822265625,26.259407500241064,25.327008696837023,26.06912121539332,44121400
2022-09-28,INTC,Intel,25.812231063842773,25.954946661545947,25.30797557626616,25.555346980326323,40433400
2022-09-29,INTC,Intel,25.098663330078125,25.479235883108505,24.917893363563564,25.479235883108505,41831300
2022-09-30,INTC,Intel,24.518293380737305,25.27943484950694,24.48974989514429,25.022548923283036,43821000
2022-10-03,INTC,Intel,25.660001754760742,25.926402136428543,24.803717276498425,25.051088670610497,44096200
2022-10-04,INTC,Intel,26.354549407958984,26.449690731221,25.774177899597717,26.09766347986094,42427500
2022-10-05,INTC,Intel,26.29746437072754,26.48775066065736,25.583893505547557,26.040580238438206,30120000
2022-10-06,INTC,Intel,25.859806060791016,26.411634073076065,25.688548778581108,26.107177489015953,33985100
2022-10-07,INTC,Intel,24.470722198486328,25.003523069498016,24.404122543285993,24.898865431494915,57215500
2022-10-10,INTC,Intel,23.975980758666992,24.727607760492898,23.871323122262893,24.68003709742075,43409300
2022-10-11,INTC,Intel,23.823753356933594,24.242380288916017,23.49075325876679,23.795209869192025,48134900
2022-10-12,INTC,Intel,24.09966278076172,24.28043454597076,23.462206170007562,23.833262380174936,39634100
2022-10-13,INTC,Intel,25.1367244720459,25.536324251211383,23.395611537404424,23.52881085889137,62447000
2022-10-14,INTC,Intel,24.6514949798584,25.336522365546806,24.508781168011385,25.174779561532304,48185400
2022-10-17,INTC,Intel,25.1367244720459,25.45069559748273,24.898867503845125,25.03206682533207,39416500
2022-10-18,INTC,Intel,24.61343765258789,25.650492271076327,24.299466555409587,25.441178811192287,51126900
2022-10-19,INTC,Intel,24.73712158203125,24.974978520320015,24.442179486670426,24.489750148446408,33882300
2022-10-20,INTC,Intel,24.813234329223633,25.640977226220233,24.689549526764257,24.87983397783286,33247700
2022-10-21,INTC,Intel,25.660001754760742,25.736115890279525,24.53731870953476,24.59440385749781,53058700
2022-10-24,INTC,Intel,25.859806060791016,26.145233654671273,25.23186390249094,25.450691845446098,43831600
2022-10-25,INTC,Intel,26.07863426208496,26.221348060438835,25.688549033055654,25.859806316962064,32205300
2022-10-26,INTC,Intel,25.888347625732422,26.449690130817128,25.679034178721185,25.869320450334584,37111100
2022-10-27,INTC,Intel,24.994007110595703,26.24989143429279,24.860805993288405,26.116692131689884,56305100
2022-10-28,INTC,Intel,27.658004760742188,27.800718562151634,26.506778039374286,26.811234632968954,91695700
2022-10-31,INTC,Intel,27.049091339111328,27.7626621546783,26.68754777632292,27.667519016328484,59507700
2022-11-01,INTC,Intel,26.925403594970703,27.44868992677808,26.535318377194773,27.40111745222958,44418700
2022-11-02,INTC,Intel,26.088150024414062,27.448692051860544,26.078635528767748,26.8968640073058,51956100
2022-11-03,INTC,Intel,26.059606552124023,26.525805950828502,25.850293091900937,26.116693526033995,39678200
2022-11-04,INTC,Intel,27.1926326751709,27.23120282791374,26.43085238695134,26.585136676350324,43051900
2022-11-07,INTC,Intel,27.395130157470703,27.452986306280927,26.893705296545274,27.346917006664487,34389800
2022-11-08,INTC,Intel,27.462631225585938,27.9158429674121,26.932279172758577,27.732629670945908,36258000
2022-11-09,INTC,Intel,26.53692626953125,27.289061798318503,26.53692626953125,27.211919645642528,30544800
2022-11-10,INTC,Intel,28.69690704345703,28.764406193994382,27.62655811575354,27.848341564437387,62943900
2022-11-11,INTC,Intel,29.342973709106445,29.535828165320652,27.838700858094295,27.89655701103716,49826500
2022-11-14,INTC,Intel,29.265830993652344,29.88296818436314,29.10190369746805,29.256187995145748,39395300
2022-11-15,INTC,Intel,29.61297035217285,30.220466396071025,29.092261296616932,29.98903994480018,40933200
2022-11-16,INTC,Intel,28.475122451782227,29.150115769275452,28.388337307656638,29.034403469917226,35582800
2022-11-17,INTC,Intel,28.8222599029541,28.880117889265293,27.96405333735606,28.031552482172028,31983300
2022-11-18,INTC,Intel,28.802976608276367,29.17904433447916,28.552264177736568,29.17904433447916,27122200
2022-11-21,INTC,Intel,27.906200408935547,28.65833592559415,27.877271412443307,28.600479771823636,36086800
2022-11-22,INTC,Intel,28.754762649536133,28.793334642947404,28.021911327646837,28.099053475255506,25584100
2022-11-23,INTC,Intel,28.610122680664062,29.00547643541131,28.436552380684496,28.667978834252597,23143900
2022-11-25,INTC,Intel,28.29191017150879,28.61976476337277,28.29191017150879,28.61976476337277,11314900
2022-11-28,INTC,Intel,27.703702926635742,28.147271705836037,27.52049145449227,28.06048654988846,28267900
2022-11-29,INTC,Intel,27.867626190185547,28.13762461826266,27.713341899631146,27.819413039092478,24361500
2022-11-30,INTC,Intel,28.995830535888672,29.00547353372441,27.21191639898036,27.74227024466325,72072500
2022-12-01,INTC,Intel,28.764408111572266,29.391188344478422,28.465482493887304,29.159761881830644,38896300
2022-12-02,INTC,Intel,28.359411239624023,28.3786972379118,27.684416013264055,28.127984777812785,31546000
2022-12-05,INTC,Intel,28.12798309326172,28.687264135614384,27.85798465104481,28.36905253977949,34040400
2022-12-06,INTC,Intel,27.578346252441406,28.262982627592987,27.327633796421193,28.147270318176886,27701200
2022-12-07,INTC,Intel,27.317989349365234,27.5301297981923,27.144419055227683,27.26977619619987,28239900
2022-12-08,INTC,Intel,27.424062728881836,27.5783470386443,27.067279113047356,27.308348576952962,28486100
2022-12-09,INTC,Intel,27.231204986572266,27.751915883981724,27.18299183201833,27.37584628944802,25641300
2022-12-12,INTC,Intel,27.665128707885742,27.68441286476634,26.864778262105673,27.125131852525012,35117900
2022-12-13,INTC,Intel,27.703702926635742,29.015121426097725,27.356564142059522,28.725838799081856,58546800
2022-12-14,INTC,Intel,27.250490188598633,28.079769665058897,27.00942074443822,27.491559632759046,37141100
2022-12-15,INTC,Intel,26.180143356323242,26.99977989969243,26.15121619781342,26.941923743458737,45682700
2022-12-16,INTC,Intel,25.958356857299805,26.17049729817023,25.505146981216424,26.035499002999398,81104200
2022-12-19,INTC,Intel,25.833003997802734,26.00657246259408,25.55336254374656,25.939073308639554,37662500
2022-12-20,INTC,Intel,25.49550437927246,25.910144108555976,25.476218382744424,25.59193252269879,31863300
2022-12-21,INTC,Intel,25.871570587158203,26.006568876451833,25.630501162440286,25.640144160134653,28100900
2022-12-22,INTC,Intel,25.042293548583984,25.50514828566791,24.444442348638713,25.50514828566791,47478300
2022-12-23,INTC,Intel,25.15800666809082,25.254434811023486,24.762652937359356,24.994079376869443,23600900
2022-12-27,INTC,Intel,25.013368606567383,25.167652919517145,24.73372713983713,24.926583450631377,29548100
2022-12-28,INTC,Intel,24.627655029296875,25.186936060072682,24.589083035829773,24.916937623444614,26176900
2022-12-29,INTC,Intel,25.273719787597656,25.350863775815828,24.830152890626614,24.849438887681156,30944800
2022-12-30,INTC,Intel,25.485862731933594,25.51478988904513,24.878366683595974,24.974794832133654,31030100
2023-01-03,INTC,Intel,25.775144577026367,26.102999168842448,25.428005827443503,26.08371317186176,31308000
2023-01-04,INTC,Intel,26.691207885742188,26.922634320453884,26.189783024259942,26.43085245698635,37665200
2023-01-05,INTC,Intel,26.57549285888672,26.787635129679114,26.401922578861576,26.459780565012455,33552600
2023-01-06,INTC,Intel,27.703702926635742,27.800131082045727,26.401927426636167,26.932281361784042,31788600
2023-01-09,INTC,Intel,28.262981414794922,28.80297829961147,27.80977151713731,27.80977151713731,37493200
2023-01-10,INTC,Intel,28.388336181640625,28.455835326791227,27.886911333073627,28.19547990474139,23008100
2023-01-11,INTC,Intel,28.783689498901367,28.812616652589558,27.964053092150753,28.619762217551244,30375400
2023-01-12,INTC,Intel,29.20797348022461,29.29475678431053,28.41726419246989,28.90904605809714,28963900
2023-01-13,INTC,Intel,29.034404754638672,29.09226090687782,28.745120315015104,28.89940461379544,31361900
2023-01-17,INTC,Intel,28.54262351989746,29.179046726826428,28.465481368730735,29.101904575659702,34759100
2023-01-18,INTC,Intel,27.78084373474121,28.754764562604766,27.607273431270517,28.73547856461602,44199600
2023-01-19,INTC,Intel,27.404775619506836,27.732630224266018,27.231205318256215,27.58798891962849,36886600
2023-01-20,INTC,Intel,28.176197052001953,28.18584005084388,27.24084823490285,27.40477553678764,35158500
2023-01-23,INTC,Intel,29.18868637084961,29.40082680237245,28.137623532497187,28.28226481940884,38795800
2023-01-24,INTC,Intel,28.851192474365234,29.111547927414794,28.66797917341769,28.870478472194236,24855100
2023-01-25,INTC,Intel,28.639049530029297,28.822260975860168,28.127981667205173,28.46547924306209,28268000
2023-01-26,INTC,Intel,29.015119552612305,29.034405550291837,28.28226819371583,28.986190556093007,56088100
2023-01-27,INTC,Intel,27.154064178466797,27.231206333095972,25.82336155130999,26.10300117213549,148548200
2023-01-30,INTC,Intel,26.95156478881836,27.49155983268477,26.681566347278196,26.729779500775336,55145800
2023-01-31,INTC,Intel,27.250490188598633,27.279419184014884,26.546567853061564,26.787637297221977,52621600
2023-02-01,INTC,Intel,28.03155517578125,28.378695770150827,26.691209630742602,26.893707084648902,63330600
2023-02-02,INTC,Intel,29.111547470092773,29.217616778058037,27.771200069456867,28.2051258177228,62230700
2023-02-03,INTC,Intel,29.236900329589844,30.05653676373486,28.47512188318245,28.56190702557509,57603100
2023-02-06,INTC,Intel,28.002227783203125,28.939213232302656,27.92414566244483,28.841610115948637,48726400
2023-02-07,INTC,Intel,28.353595733642578,28.56832295693167,27.748459777304095,27.963185138968626,50780800
2023-02-08,INTC,Intel,27.56301498413086,28.421920183249103,27.533733490425252,28.255995442166576,36479100
2023-02-09,INTC,Intel,27.06524085998535,28.129110934064443,26.909076616232884,27.99246768618719,43906400
2023-02-10,INTC,Intel,27.133562088012695,27.319007822872113,26.68459035918154,26.967637348743658,31232500
2023-02-13,INTC,Intel,27.865581512451172,27.865581512451172,27.05547884529115,27.201884444523,32347500
2023-02-14,INTC,Intel,27.95342445373535,28.031506572145943,27.31900700894623,27.699657103494793,27928900
2023-02-15,INTC,Intel,28.15839385986328,28.18767349354048,27.4849343609168,27.68014060634685,23359400
2023-02-16,INTC,Intel,27.52397346496582,28.138869908751705,27.455649983101143,27.816780940744902,28972500
2023-02-17,INTC,Intel,26.948116302490234,27.397087999461537,26.723628592380113,27.32876638136803,32086200
2023-02-21,INTC,Intel,25.435274124145508,26.616268274114095,25.415754990518632,26.460104035351655,63668400
2023-02-22,INTC,Intel,24.859416961669922,26.255136427710145,24.693492230847845,25.28886953467257,89195300
2023-02-23,INTC,Intel,24.996061325073242,25.454793514818004,24.71301249664335,25.161986051002106,56473200
2023-02-24,INTC,Intel,24.537328720092773,24.742295446145526,24.32260335807878,24.61541083915464,44089900
2023-02-27,INTC,Intel,24.303083419799805,24.966782391500903,24.283562423779266,24.9375008974701,37657000
2023-02-28,INTC,Intel,24.33236312866211,24.517808854002507,24.13715690602753,24.34212362595629,50255300
2023-03-01,INTC,Intel,24.722774505615234,25.298630833078455,24.371404038247963,24.42996702389222,47823400
2023-03-02,INTC,Intel,25.571918487548828,25.669519737725928,24.5178089756653,24.605649728499785,48309300
2023-03-03,INTC,Intel,25.76712417602539,25.845206297161468,25.38647406819009,25.571919803997503,36744900
2023-03-06,INTC,Intel,25.366952896118164,25.903769104117636,25.30839177107945,25.8354456196771,37879800
2023-03-07,INTC,Intel,24.917984008789062,25.366955787976796,24.888702512119284,25.220552027877527,43164600
2023-03-08,INTC,Intel,25.35719108581543,25.386472577631434,24.839897761770864,24.947259508513874,36071900
2023-03-09,INTC,Intel,25.806163787841797,26.33321759150499,25.347429739545277,25.357190236490354,54886100
2023-03-10,INTC,Intel,26.56746482849121,26.860274161836333,25.689040551704853,25.913526404132295,65187000
2023-03-13,INTC,Intel,26.30394172668457,26.65531035887003,25.97209222955824,26.09897498475374,50977000
2023-03-14,INTC,Intel,27.338529586791992,27.42637220779286,26.59674848813171,26.694351607202076,47689800
2023-03-15,INTC,Intel,27.728939056396484,27.816781673769935,26.99691848603412,27.065240108074672,49322800
2023-03-16,INTC,Intel,29.456506729125977,29.544349342562693,27.709416819245153,27.709416819245153,75779500
2023-03-17,INTC,Intel,29.09537696838379,30.25685012340821,28.73424786425932,29.202740580670582,80628500
2023-03-20,INTC,Intel,28.460960388183594,29.18322048020236,27.943665167769986,29.085617362551254,38780100
2023-03-21,INTC,Intel,27.777740478515625,28.470720939680174,27.30924774685839,28.30479619784849,55650800
2023-03-22,INTC,Intel,27.455650329589844,28.421919107429034,27.426370698617145,27.797260296726222,37415500
2023-03-23,INTC,Intel,28.334075927734375,28.46095866988316,27.543492397953248,27.69965663211691,43785500
2023-03-24,INTC,Intel,28.656166076660156,29.09537730527202,28.236473981906343,28.343837595436273,55912100
2023-03-27,INTC,Intel,28.480480194091797,29.01729452630721,28.382877080518664,28.665925923718298,34758200
2023-03-28,INTC,Intel,28.58784294128418,28.626883068558943,27.943663155817884,28.38287622281206,37407900
2023-03-29,INTC,Intel,30.76438331604004,31.125512402388914,29.046574912128595,29.056335409276464,85556200
2023-03-30,INTC,Intel,31.32071876525879,31.798973819568147,31.04743042874265,31.086472417512596,70077600
2023-03-31,INTC,Intel,31.886812210083008,32.11130178037021,30.9693478278506,31.037669445503603,59765000
2023-04-03,INTC,Intel,32.10154724121094,32.755487670786515,31.75993906973477,32.150347876671844,57038300
2023-04-04,INTC,Intel,32.3065071105957,33.02876906193482,32.052741611786914,32.062500248058726,55714100
2023-04-05,INTC,Intel,32.0429801940918,32.19914442362998,31.56472514680358,32.01369684131975,39615700
2023-04-06,INTC,Intel,32.023460388183594,32.208904254125564,31.6818485636601,31.818491804169874,28551900
2023-04-10,INTC,Intel,31.74041175842285,31.974656251348996,31.428083285688604,31.81849201498187,30534400
2023-04-11,INTC,Intel,31.574485778808594,32.31626870845756,31.545206147434005,31.87705562159293,27059100
2023-04-12,INTC,Intel,31.252397537231445,32.101540325723725,31.19383455334442,31.98441808119869,37070800
2023-04-13,INTC,Intel,31.359760284423828,31.652567749315725,30.89126573432255,31.057190460861143,29722300
2023-04-14,INTC,Intel,31.12551498413086,31.467126827768343,30.9303106098554,31.232878600038376,24623600
2023-04-17,INTC,Intel,31.36952018737793,31.85753388966632,31.008391090194262,31.18407632087801,29601100
2023-04-18,INTC,Intel,31.066953659057617,31.68185013344323,31.018153031207433,31.652570501382968,26041400
2023-04-19,INTC,Intel,30.40325164794922,30.764382587368992,30.33493003115683,30.354451024990208,25746600
2023-04-20,INTC,Intel,30.120206832885742,30.500856931673162,29.973801230314056,30.022603718379475,30255100
2023-04-21,INTC,Intel,29.57362937927246,30.100685067139953,29.505307759354345,30.100685067139953,28655800
2023-04-24,INTC,Intel,28.948974609375,29.64195508107446,28.90017398052806,29.407706850060094,38732500
2023-04-25,INTC,Intel,28.18766975402832,28.86112916363043,28.1779111185137,28.73424642407108,38289900
2023-04-26,INTC,Intel,28.353595733642578,29.095376794335365,28.148630869547965,28.5000013355668,41218800
2023-04-27,INTC,Intel,29.144180297851562,29.23202291741756,27.826542865986188,28.06078923095398,60186200
2023-04-28,INTC,Intel,30.315410614013672,31.789212215845687,30.071403763279058,31.213355899182034,80252400
2023-05-01,INTC,Intel,29.57362937927246,30.491095653546697,29.554110246170513,30.3642129110737,36918500
2023-05-02,INTC,Intel,29.05633544921875,29.84691710303838,29.03681445489617,29.573628767395718,33463400
2023-05-03,INTC,Intel,29.915241241455078,30.3642148405713,29.524830630239645,29.90548074347161,45554500
2023-05-04,INTC,Intel,30.61595916748047,31.0863703868526,29.773137664169386,29.83194046852692,46104000
2023-05-05,INTC,Intel,30.37095069885254,30.782560950703065,30.116144174445274,30.753159550839502,35024600
2023-05-08,INTC,Intel,30.155345916748047,30.223947313565983,29.78293566366801,30.08674451993011,30882800
2023-05-09,INTC,Intel,29.498729705810547,29.969140887733957,29.312524578664576,29.773135293975265,30706500
2023-05-10,INTC,Intel,29.371328353881836,29.792739112805663,28.900917126396287,29.68493770812026,40526500
2023-05-11,INTC,Intel,28.28350257873535,29.08712222504971,28.244300708550234,29.008720353927533,47144400
2023-05-12,INTC,Intel,28.371702194213867,28.51870545480219,28.146295200780703,28.45010405781083,24153800
2023-05-15,INTC,Intel,29.204723358154297,29.234124760049205,28.303100928438564,28.32270186303517,28717500
2023-05-16,INTC,Intel,28.636306762695312,29.30272352502701,28.626506296278922,29.02831794235949,22812000
2023-05-17,INTC,Intel,28.29330062866211,28.96951600834132,28.107095499689855,28.930316010753835,41667300
2023-05-18,INTC,Intel,29.087120056152344,29.165521921428446,28.29330093657583,28.420703266681524,36529200
2023-05-19,INTC,Intel,29.332128524780273,29.635935543989117,28.91071776338681,29.00872057033265,40683000
2023-05-22,INTC,Intel,29.675138473510742,29.84174269049001,29.224326293170556,29.253727697078002,28693400
2023-05-23,INTC,Intel,28.920516967773438,29.59673424999005,28.900916033390814,29.44972911136836,29400900
2023-05-24,INTC,Intel,28.42070198059082,28.900913617332446,28.24429732439026,28.724508961131882,28045800
2023-05-25,INTC,Intel,26.852663040161133,27.724885860098915,26.323450937587317,27.724885860098915,78009400
2023-05-26,INTC,Intel,28.42070198059082,28.508904308691104,26.558656362608573,26.891864742265675,71910600
2023-05-30,INTC,Intel,29.390928268432617,29.439930604540834,28.420704444465784,29.106722195996916,54874800
2023-05-31,INTC,Intel,30.811965942382812,31.644987009812084,29.07732240242681,29.10672380571776,136243800
2023-06-01,INTC,Intel,30.508155822753906,31.30197685645799,30.400354420184527,31.16477218253184,52667400
2023-06-02,INTC,Intel,30.684560775756836,30.958968256854796,30.21414955323008,30.772763113636607,36521000
2023-06-05,INTC,Intel,29.263525009155273,30.772761397927788,29.23412360841859,30.68455906496566,48244100
2023-06-06,INTC,Intel,30.341552734375,30.821766306945452,29.106723708259256,29.17532511312701,42295300
2023-06-07,INTC,Intel,30.655160903930664,30.74336324083592,30.312152023660012,30.41015482791563,39098000
2023-06-08,INTC,Intel,31.184371948242188,31.213773349248747,30.439553279307525,30.802163081396642,35199000
2023-06-09,INTC,Intel,30.713960647583008,31.35097604666667,30.067144781529084,31.292175114093027,40218000
2023-06-12,INTC,Intel,32.40940475463867,32.63480990512271,30.73356402375987,30.772764025508007,59881600
2023-06-13,INTC,Intel,33.23262023925781,33.27182210422168,32.40939976749475,33.095417450379905,51990000
2023-06-14,INTC,Intel,34.869266510009766,34.88886370620157,33.12482070775246,33.193422109911886,74404300
2023-06-15,INTC,Intel,35.10447311401367,35.692486248650205,34.516459979377146,34.575259049742996,67676300
2023-06-16,INTC,Intel,35.64347839355469,36.0648890901967,34.88885932604447,35.63367979668896,110240300
2023-06-20,INTC,Intel,34.30084991455078,36.36870175041591,34.02644431155308,36.03549334456329,65970200
2023-06-21,INTC,Intel,32.2427978515625,34.349847649977356,32.17419645626733,34.22244345650248,70973500
2023-06-22,INTC,Intel,32.05659103393555,32.57600640777028,31.488178935761884,32.03699010110257,45740300
2023-06-23,INTC,Intel,32.340797424316406,32.78180904598346,31.39017278855582,31.56657743722264,46327100
2023-06-26,INTC,Intel,32.674007415771484,33.311024649713566,32.43879995967875,32.52700228840156,38952400
2023-06-27,INTC,Intel,33.418827056884766,33.546231262367364,32.35060042282913,32.556408366607485,33038900
2023-06-28,INTC,Intel,32.899417877197266,33.13462537147452,32.370203818945654,32.93861974932619,33906900
2023-06-29,INTC,Intel,32.25259780883789,32.67400853399177,31.840989419708507,32.67400853399177,38313000
2023-06-30,INTC,Intel,32.772010803222656,32.88961640935033,32.49760519925002,32.69361080430017,33811300
2023-07-03,INTC,Intel,32.94841384887695,33.21302084186965,32.4780026630552,32.87001385382122,15753000
2023-07-05,INTC,Intel,31.860586166381836,32.6642094767694,31.850787568991052,32.64460854349207,37664700
2023-07-06,INTC,Intel,31.331377029418945,31.399980302407595,30.753162527536734,31.262775625678355,41693600
2023-07-07,INTC,Intel,31.213775634765625,31.76258874233732,31.184374231606252,31.36077891206632,28356300
2023-07-10,INTC,Intel,32.08599853515625,32.1742008752923,31.135373729078424,31.23337653692382,36305700
2023-07-11,INTC,Intel,32.63480758666992,32.69361038898678,31.850788914924802,32.16439638362285,28148800
2023-07-12,INTC,Intel,33.30122756958008,33.39923224945889,32.39960694567266,33.017019605675934,37762200
2023-07-13,INTC,Intel,33.19342041015625,33.61483113812526,32.948414346848494,33.46782974323811,32745800
2023-07-14,INTC,Intel,32.4878044128418,33.19341930959561,32.34079928433291,33.10521698018942,30438700
2023-07-17,INTC,Intel,33.683433532714844,33.9088386690032,32.40940271354346,32.49760504848202,34111200
2023-07-18,INTC,Intel,33.81083679199219,34.00684239065943,33.154222335727155,33.59523025960864,29662200
2023-07-19,INTC,Intel,33.77164077758789,34.14405110574922,33.64424029409563,33.71284170474423,26486700
2023-07-20,INTC,Intel,32.703407287597656,33.52662778478136,32.56620449448299,33.02681707579284,37878000
2023-07-21,INTC,Intel,33.340431213378906,33.56583638133471,32.75241431834523,33.05622323437078,79737000
2023-07-24,INTC,Intel,32.95821762084961,33.77163583016144,32.88961622025087,33.164021822645815,25225800
2023-07-25,INTC,Intel,33.418827056884766,33.654034533276025,32.732813039276934,33.026819580894006,31771100
2023-07-26,INTC,Intel,33.67363357543945,33.840235902211106,33.02681772483363,33.04641865830602,32643200
2023-07-27,INTC,Intel,33.85983657836914,34.330247762644376,33.42862726074078,34.12444357049192,58890800
2023-07-28,INTC,Intel,36.09429168701172,36.25109540341828,34.80065635353817,36.015887959560686,90863000
2023-07-31,INTC,Intel,35.05546569824219,36.44709825250526,34.957461036219414,36.13349081102357,55630700
2023-08-01,INTC,Intel,35.084869384765625,35.300475928267105,34.57525629735052,35.10447031949267,24702200
2023-08-02,INTC,Intel,33.703033447265625,34.47725350402442,33.59523018132506,34.44785397276639,39052000
2023-08-03,INTC,Intel,34.17344665527344,34.33025039539027,33.44823075916909,33.60503449928593,24817900
2023-08-04,INTC,Intel,34.56195068359375,34.975043685807705,33.91280775321122,33.91280775321122,26674900
2023-08-07,INTC,Intel,34.65046691894531,34.965202626684565,34.17836335733644,34.82750622354184,22486900
2023-08-08,INTC,Intel,34.44392395019531,34.52260600489445,33.30300601746458,34.09967917404251,34753600
2023-08-09,INTC,Intel,33.716094970703125,34.52260572248699,33.66691821792523,34.4242522169312,28720200
2023-08-10,INTC,Intel,34.10951614379883,34.512771515517244,33.91280538277738,34.129187595095544,30957300
2023-08-11,INTC,Intel,34.31605911254883,34.375073463615266,33.794778809937924,33.893132309769804,28783700
2023-08-14,INTC,Intel,35.09306716918945,35.1225724709791,33.902972472360176,34.09967948688556,36896100
2023-08-15,INTC,Intel,34.198036193847656,35.04388984965245,34.17836474232362,34.82750763483381,27420300
2023-08-16,INTC,Intel,32.978431701660156,34.06033899883146,32.90958349888829,33.952147893919765,35757300
2023-08-17,INTC,Intel,32.044063568115234,33.037447503043396,31.817843746867872,33.007942201118006,39906700
2023-08-18,INTC,Intel,32.211265563964844,32.36863342885599,31.65064231079349,31.699819065082128,23701100
2023-08-21,INTC,Intel,32.5948486328125,32.6243539342114,31.49327360788662,32.063730695957865,43718200
2023-08-22,INTC,Intel,32.34896469116211,33.24399520132266,32.28995408184249,32.6735380502047,23425300
2023-08-23,INTC,Intel,33.4210319519043,33.58823741993685,32.26044253360494,32.3391283425487,32324300
2023-08-24,INTC,Intel,32.05389404296875,33.52921901502571,31.955540545609786,33.165306572463045,37931000
2023-08-25,INTC,Intel,32.703041076660156,32.85057509357383,31.81784447906994,31.994883798587985,27324800
2023-08-28,INTC,Intel,33.066951751708984,33.22431961020821,32.66369637980811,32.94892679582099,22341800
2023-08-29,INTC,Intel,33.74560546875,33.912807185742764,32.9194232300927,32.93909468243524,29943600
2023-08-30,INTC,Intel,33.96198272705078,34.089845286735404,33.22432017432113,33.499716745329984,26279200
2023-08-31,INTC,Intel,34.56195068359375,34.975043685807705,33.73576843111181,33.75543988378352,48157600
2023-09-01,INTC,Intel,36.00777053833008,36.14546695499011,35.14224538110789,35.20125973908189,43808500
2023-09-05,INTC,Intel,36.10612106323242,36.794606841531916,35.860233553264436,35.978262259449934,43379400
2023-09-06,INTC,Intel,36.37167739868164,36.43069174751434,35.43730417786343,35.95858821268886,39643400
2023-09-07,INTC,Intel,37.55194091796875,37.70930877467065,36.145464057219264,36.22414986154304,67659700
2023-09-08,INTC,Intel,37.384735107421875,38.19124958635702,37.08967084787984,37.492926211374595,44255200
2023-09-11,INTC,Intel,37.955196380615234,38.10273038812013,37.217533846982086,37.61095536569803,36349300
2023-09-12,INTC,Intel,38.22075271606445,39.410847288064396,38.014208121309835,38.014208121309835,55326600
2023-09-13,INTC,Intel,38.07322311401367,38.50598755520661,37.62079097271727,38.161742772262606,35407800
2023-09-14,INTC,Intel,38.033878326416016,38.26009813780729,37.66996586139009,38.17157848394199,30616500
2023-09-15,INTC,Intel,37.256874084472656,37.88634546783916,37.00114899001414,37.78798821922227,68881200
2023-09-18,INTC,Intel,37.36506652832031,37.758484281127345,36.892959221839014,37.00115032324325,29322200
2023-09-19,INTC,Intel,35.742210388183594,37.473256894153685,35.42747465982539,37.41424629005267,53288100
2023-09-20,INTC,Intel,34.11935043334961,35.653689886763196,34.06033983064438,35.62418458541059,57660800
2023-09-21,INTC,Intel,34.080013275146484,34.67014184838313,33.893136350462974,34.00132746434375,45240600
2023-09-22,INTC,Intel,33.617740631103516,34.316060258283514,33.578397729078986,34.237378206180104,29232700
2023-09-25,INTC,Intel,33.72593307495117,33.804615130179045,33.21448658415974,33.44070265186533,21729400
2023-09-26,INTC,Intel,33.27349853515625,34.20786804017717,33.08662163259565,33.578396636057406,34198300
2023-09-27,INTC,Intel,34.04066848754883,34.25705070334605,33.322677387430296,33.362016538710535,44369100
2023-09-28,INTC,Intel,34.601287841796875,35.073391371665416,33.8144486253493,34.08000756439011,32265300
2023-09-29,INTC,Intel,34.965206146240234,35.319284791074416,34.58162219831852,35.06356340977526,28763700
2023-10-02,INTC,Intel,34.876686096191406,35.38813260503356,34.404582492324636,35.02422011387612,26086200
2023-10-03,INTC,Intel,35.10289764404297,35.93891738317694,34.68980845092264,34.68980845092264,45292600
2023-10-04,INTC,Intel,35.338951110839844,35.91924574959853,34.748822623128994,35.91924574959853,39842200
2023-10-05,INTC,Intel,35.29961013793945,35.50615474471777,35.01437972746714,35.37829594163346,25771200
2023-10-06,INTC,Intel,35.59467315673828,35.86023210702724,34.6012893073867,35.279937456828144,33262200
2023-10-09,INTC,Intel,35.46681594848633,35.57500330172597,34.9160265729728,35.11273733222375,19376100
2023-10-10,INTC,Intel,35.83073043823242,36.135632319891045,35.22093042686105,35.5455000088046,24044100
2023-10-11,INTC,Intel,36.2733268737793,36.42085713002743,35.781551849060826,36.017601759836104,19262600
2023-10-12,INTC,Intel,36.23398208618164,36.60773213606729,35.79138383657303,36.1946391857841,23639200
2023-10-13,INTC,Intel,35.378299713134766,36.184810527248196,35.27010859749462,36.13563377066977,28390100
2023-10-16,INTC,Intel,35.95859146118164,36.3323377817168,35.4864878837064,35.54549848592473,29555800
2023-10-17,INTC,Intel,35.46681594848633,35.75204260985726,34.493099753764234,35.3291157906487,24993600
2023-10-18,INTC,Intel,35.0537223815918,35.42747244260579,34.8668492270576,34.935697428830494,22086000
2023-10-19,INTC,Intel,35.083229064941406,35.76188101195215,34.93569880615984,35.36845948464315,29201800
2023-10-20,INTC,Intel,34.34556579589844,35.68319445840024,34.29638904400115,35.063560630992285,32303300
2023-10-23,INTC,Intel,33.29317092895508,34.61112827418337,32.840738762430185,34.03083353818108,53924700
2023-10-24,INTC,Intel,34.02099609375,34.13902104821362,33.08662280371101,33.08662280371101,52673900
2023-10-25,INTC,Intel,32.28995132446289,33.88330142311442,32.01455474735268,33.61774244801486,44658500
2023-10-26,INTC,Intel,31.985048294067383,32.673534084145444,31.62113582363375,32.348960764501015,59142500
2023-10-27,INTC,Intel,34.95536804199219,35.781550195415,34.03082863700385,34.08984298794316,84128200
2023-10-30,INTC,Intel,35.10289764404297,35.36845659045408,34.34556370471026,34.886519198480364,36656300
2023-10-31,INTC,Intel,35.89957809448242,35.96842630026138,35.034052969330894,35.07339587318911,41185200
2023-11-01,INTC,Intel,36.67658233642578,36.706087637360646,35.68319468290073,35.899576894944936,41710700
2023-11-02,INTC,Intel,37.079837799072266,37.197862755048476,36.302832355675335,36.961812843096055,35440000
2023-11-03,INTC,Intel,37.51259994506836,37.68963926195629,37.0503302007559,37.37490353236572,30502700
2023-11-06,INTC,Intel,37.44845962524414,37.695155665246695,37.34977895067342,37.51753421530223,23877200
2023-11-07,INTC,Intel,38.25762176513672,38.385904758025376,37.47806138691897,37.73462737269627,32052000
2023-11-08,INTC,Intel,37.418853759765625,38.37603560514898,37.251102258437705,38.336563335089636,33483400
2023-11-09,INTC,Intel,37.30044174194336,38.010927565462474,37.270839420724386,37.54713779018939,48955800
2023-11-10,INTC,Intel,38.346431732177734,38.47471472253525,37.73462662816008,37.73462662816008,38862500
2023-11-13,INTC,Intel,37.724754333496094,38.06026106599183,37.635943617121264,37.84316736723504,24558300
2023-11-14,INTC,Intel,38.889163970947266,38.96810851136614,37.56687303319415,38.28722502524342,45457400
2023-11-15,INTC,Intel,40.073307037353516,40.300266952053384,39.05692051407083,39.066786699804304,47392100
2023-11-16,INTC,Intel,42.77709197998047,42.82643419957941,40.280529251014535,40.45815070157873,86405700
2023-11-17,INTC,Intel,43.231014251708984,43.231014251708984,41.99753408460766,42.34290702568293,49735000
2023-11-20,INTC,Intel,44.14872741699219,44.33621506262218,43.20141171013172,43.20141171013172,44564900
2023-11-21,INTC,Intel,43.063262939453125,44.06978329979618,42.72775615267211,43.911897974504114,37252100
2023-11-22,INTC,Intel,43.09286117553711,44.04017680174799,42.96458194884538,43.44810406483085,31481200
2023-11-24,INTC,Intel,43.3790283203125,43.41850058791116,43.0336553895308,43.10272997568714,13037100
2023-11-27,INTC,Intel,43.49745178222656,43.96123782252361,43.07313425128787,43.07313425128787,33339900
2023-11-28,INTC,Intel,43.64546203613281,43.79348116276332,43.082995377789274,43.11259769740228,24548900
2023-11-29,INTC,Intel,44.3460807800293,44.74079596740847,44.010574000041906,44.010574000041906,38982000
2023-11-30,INTC,Intel,44.1092529296875,44.49409815176386,43.82308461840098,44.05991447429258,46263000
2023-12-01,INTC,Intel,43.16193771362305,43.77374279486742,42.29356666121382,43.77374279486742,43928400
2023-12-04,INTC,Intel,41.790306091308594,42.73762170997078,41.13902872088735,42.72775176074531,50417600
2023-12-05,INTC,Intel,41.365989685058594,41.731102530170645,41.06008900826224,41.35612349986118,31859300
2023-12-06,INTC,Intel,40.72458267211914,42.027137460168056,40.6259019977016,41.91859060045017,31992300
2023-12-07,INTC,Intel,41.59295654296875,41.87912110704372,40.63577464121815,41.19824134769675,29118700
2023-12-08,INTC,Intel,42.135684967041016,42.39224719590146,41.257447654791754,41.28704997543026,42815000
2023-12-11,INTC,Intel,43.95136642456055,44.138854055701096,42.51066248602941,42.58960325966863,48288200
2023-12-12,INTC,Intel,43.45797348022461,43.852684869037354,43.05339214222901,43.773744096987876,31452200
2023-12-13,INTC,Intel,43.9809684753418,44.128987600899464,42.75735825929165,43.497446358514516,35216100
2023-12-14,INTC,Intel,44.582908630371094,46.44793008966711,44.05991423037119,44.41515336581766,70620800
2023-12-15,INTC,Intel,45.549957275390625,46.64528830971267,45.06643137433316,45.33286355275876,84583400
2023-12-18,INTC,Intel,45.0861701965332,45.61903458514181,44.800005630161714,45.54009380402375,27895700
2023-12-19,INTC,Intel,46.04335021972656,46.06308635526833,44.908546893913886,44.99735762171038,35358800
2023-12-20,INTC,Intel,45.15523910522461,46.32951460235054,45.09603446791247,46.02361017386815,38159100
2023-12-21,INTC,Intel,46.457801818847656,46.497270325887236,45.411809214497815,45.865729041858266,28320500
2023-12-22,INTC,Intel,47.365638732910156,47.52352404478188,46.57621217355154,46.625550627708435,30095700
2023-12-26,INTC,Intel,49.832603454589844,49.85233959084029,48.066258785147724,48.27348256935273,60287400
2023-12-27,INTC,Intel,50.08916473388672,50.60229297367966,49.526698036558166,49.96088549715075,52148000
2023-12-28,INTC,Intel,49.72405242919922,50.19770836675126,49.497092527723204,50.13850372723399,27705200
2023-12-29,INTC,Intel,49.58590316772461,49.9016737922272,49.11224723097072,49.63524162200012,29288700
2024-01-02,INTC,Intel,47.168277740478516,48.7273983761933,46.822904822077135,48.54977694264902,45905700
2024-01-03,INTC,Intel,46.42819595336914,47.178154054921954,46.181499902857844,46.4775344106148,35858400
2024-01-04,INTC,Intel,46.250572204589844,46.536740512433994,44.64211674522337,45.11577268702602,47797800
2024-01-05,INTC,Intel,46.27030944824219,47.19788898358277,46.02361340404019,46.408458630710044,34344000
2024-01-08,INTC,Intel,47.8096923828125,48.115593057371974,46.34925230589207,46.44792921427588,42135100
2024-01-09,INTC,Intel,47.41497802734375,47.91824005579795,47.16828198790462,47.37550575760561,30097000
2024-01-10,INTC,Intel,46.84264373779297,47.6616726062049,46.31964559049682,47.60246796769483,31480200
2024-01-11,INTC,Intel,47.010398864746094,47.2077564583543,46.11242538989763,46.81304127113789,31707900
2024-01-12,INTC,Intel,46.49726486206055,47.039995353979776,45.994006636825546,46.97092076942365,27587900
2024-01-16,INTC,Intel,46.43806076049805,46.59594606476858,45.767047276277616,46.35911622622149,43720700
2024-01-17,INTC,Intel,45.45127868652344,45.80651781369869,45.04669734109243,45.80651781369869,33488000
2024-01-18,INTC,Intel,46.12229537963867,46.941324312035725,45.559824919872035,46.408459938119755,46681300
2024-01-19,INTC,Intel,47.51365661621094,48.115591764024586,45.82625291965619,46.37885337888682,55979800
2024-01-22,INTC,Intel,47.582733154296875,48.520175090034456,47.01039653759373,48.2044044616061,45639500
2024-01-23,INTC,Intel,48.24387741088867,48.29321586647265,46.6946265669979,47.48405314919019,37224100
2024-01-24,INTC,Intel,48.44123077392578,49.11224425135441,47.63206812719406,48.520171543120746,49375800
2024-01-25,INTC,Intel,48.89515686035156,49.63524501796823,48.32282397588851,49.33921050777817,84845100
2024-01-26,INTC,Intel,43.0731315612793,44.80987008592942,42.777093291739064,43.59612597937656,127665300
2024-01-29,INTC,Intel,43.260616302490234,43.40863542733626,42.24422985568122,43.1323333119092,51790900
2024-01-30,INTC,Intel,42.3527717590332,43.2408789546181,42.323169440607906,43.09285983392641,47958800
2024-01-31,INTC,Intel,42.51066589355469,43.21128178449899,41.80018005243761,42.00740383466907,51584200
2024-02-01,INTC,Intel,42.78696060180664,42.994184366273146,41.92845946024345,42.579736837340135,38819900
2024-02-02,INTC,Intel,42.03700256347656,42.56986689876739,41.05021843039699,42.43171772242148,53683500
2024-02-05,INTC,Intel,42.20475769042969,42.57973671381655,41.869250935669385,42.05673856522146,28890300
2024-02-06,INTC,Intel,42.29877853393555,42.3383627277486,41.70497032294128,42.259190564805955,34068200
2024-02-07,INTC,Intel,42.33836364746094,42.65505985674417,42.11073848299591,42.44722867727391,34269200
2024-02-08,INTC,Intel,42.061256408691406,42.52640562884181,41.89301319520865,42.278986473496566,33206500
2024-02-09,INTC,Intel,42.86289596557617,43.07072715064209,41.96229038830714,42.11073961678992,51193000
2024-02-12,INTC,Intel,43.57545852661133,44.57503398469183,42.87278906222066,42.94206612066388,51107300
2024-02-13,INTC,Intel,42.71444320678711,43.17959243106469,42.318571044595544,42.55609509697383,36622200
2024-02-14,INTC,Intel,43.73380661010742,43.83277653306883,42.94206610299881,43.36762733344154,36186200
2024-02-15,INTC,Intel,43.595252990722656,44.802659637413264,43.56556390115373,44.29792246284209,44024500
2024-02-16,INTC,Intel,43.060829162597656,43.76350244978494,42.67485587510025,43.57546147103312,29975300
2024-02-20,INTC,Intel,44.060401916503906,44.703689430093235,42.97175541030291,43.80308389081493,61514100
2024-02-21,INTC,Intel,43.021240234375,44.22864304125819,42.63526698932861,44.02081187474342,57485200
2024-02-22,INTC,Intel,42.53630065917969,44.218751667634606,42.090945425277404,44.218751667634606,62809300
2024-02-23,INTC,Intel,42.54619598388672,43.060824460813436,42.21960091454698,42.68475009500671,33810700
2024-02-26,INTC,Intel,42.54619598388672,43.22907143525656,42.3779490094436,43.05092935658332,27035400
2024-02-27,INTC,Intel,42.28887939453125,42.82330564855216,42.07114934097092,42.803511664108804,25126400
2024-02-28,INTC,Intel,41.556522369384766,42.01177270231313,41.477346428710284,42.00187382207049,26928500
2024-02-29,INTC,Intel,42.60557556152344,42.704545483662436,41.922700087688604,41.93259519224425,48875100
2024-03-01,INTC,Intel,43.36762619018555,43.81298139348012,42.68475072867816,42.96185895503192,41426100
2024-03-04,INTC,Intel,45.1391487121582,46.12882527668589,43.397315844412255,43.81298196467845,59990800
2024-03-05,INTC,Intel,42.71444320678711,44.40678933828843,42.24929398250953,44.09999199914086,56655100
2024-03-06,INTC,Intel,44.05050277709961,45.04017935400904,43.11031304928887,43.476492325656736,52652000
2024-03-07,INTC,Intel,45.67357635498047,45.94078571326764,44.71358885003174,45.07976813297767,50378200
2024-03-08,INTC,Intel,43.54576873779297,46.14861915352694,43.54576873779297,45.960578190502105,54916600
2024-03-11,INTC,Intel,44.39689254760742,44.46616960706335,43.20927988143693,43.4171110598047,35051000
2024-03-12,INTC,Intel,44.77296829223633,44.802657380309554,44.00101802448503,44.59482621316421,31795800
2024-03-13,INTC,Intel,42.78371810913086,44.51565212448583,42.75402901982607,44.0505029236892,53195900
2024-03-14,INTC,Intel,42.30867385864258,42.90247829740919,42.07114981794601,42.783718164719176,38100000
2024-03-15,INTC,Intel,42.199806213378906,42.70454335281141,41.912799116471504,42.011769033672145,66952900
2024-03-18,INTC,Intel,42.26908493041992,42.93217018813967,42.16021990487515,42.64516307994282,27668300
2024-03-19,INTC,Intel,41.61589813232422,41.853422165234505,41.01219483335548,41.81383419719672,34673000
2024-03-20,INTC,Intel,41.76435470581055,42.565990363070036,40.982509258950394,42.54620015267069,74865000
2024-03-21,INTC,Intel,41.98208236694336,43.149901135053874,41.88311621045273,42.54620153995399,50807600
2024-03-22,INTC,Intel,42.13053512573242,42.35816030455685,41.65549078184012,41.81383889647089,28503100
2024-03-25,INTC,Intel,41.39817428588867,41.78414755859529,40.15117964680319,40.46787585904025,47276500
2024-03-26,INTC,Intel,41.556522369384766,41.83363061111218,41.22992727707748,41.51693439904752,39109700
2024-03-27,INTC,Intel,43.318145751953125,43.37752770777571,42.061256001916675,42.100843972465064,51017800
2024-03-28,INTC,Intel,43.714012145996094,44.139573371770645,43.25876183131705,43.30824490459669,54204200
2024-04-01,INTC,Intel,44.060401916503906,44.94121347108948,43.72391172736055,43.832776755512306,31712600
2024-04-02,INTC,Intel,43.48638916015625,43.62494705770123,43.05093280810779,43.476494055132804,32748400
2024-04-03,INTC,Intel,39.913658142089844,41.22003092103447,39.804793114625035,40.97261177691137,83718000
2024-04-04,INTC,Intel,39.31985092163086,40.3590105980652,39.29016183168939,40.170973402908174,57307200
2024-04-05,INTC,Intel,38.31037902832031,39.052636454070694,38.11244295972358,38.943771427576664,67263000
2024-04-08,INTC,Intel,37.58791732788086,38.4588338048539,37.518640266960844,38.24110374178147,56967800
2024-04-09,INTC,Intel,37.93430709838867,38.18172625626916,36.94463046686671,37.657195074347136,78671700
2024-04-10,INTC,Intel,36.81596755981445,37.82543807040204,36.63782548292745,37.62750200993688,51108400
2024-04-11,INTC,Intel,37.24153137207031,37.28111556667766,36.697209999223986,37.04359529776712,41909100
2024-04-12,INTC,Intel,35.321556091308594,36.32113156006494,35.23248504731364,36.311232680000735,80254800
2024-04-15,INTC,Intel,35.935157775878906,36.32113103584749,35.519491651462836,35.66794464775069,50751600
2024-04-16,INTC,Intel,35.88566970825195,36.13308884345184,35.390831437852185,35.895568587837126,30607500
2024-04-17,INTC,Intel,35.31166076660156,35.757015983802184,35.00485966690412,35.727323119111105,41173300
2024-04-18,INTC,Intel,34.67826843261719,35.29186685801872,34.41105530172058,35.054342816560656,42334400
2024-04-19,INTC,Intel,33.84694290161133,34.767342507621755,33.82714891515427,34.767342507621755,59070300
2024-04-22,INTC,Intel,34.054771423339844,34.213119527250065,33.72818011072603,34.06466652813322,39909900
2024-04-23,INTC,Intel,33.92611312866211,34.242809343199326,33.82714697736298,33.98549508463159,46834000
2024-04-24,INTC,Intel,34.14384078979492,34.816821142169815,33.9854926936665,34.50012494991297,53261100
2024-04-25,INTC,Intel,34.74754333496094,34.93558051526241,34.14384005173473,34.203222002242924,66549400
2024-04-26,INTC,Intel,31.55088996887207,31.907176045518334,30.323691180607266,31.45192381651619,119742500
2024-04-29,INTC,Intel,31.036256790161133,31.58057813019865,30.749249688486604,31.53109505843458,58533300
2024-04-30,INTC,Intel,30.155445098876953,30.858116461249818,30.105962024307132,30.719562342327688,72346400
2024-05-01,INTC,Intel,30.05647850036621,30.719561883042896,29.710091320581384,29.858542429729663,60654800
2024-05-02,INTC,Intel,30.195032119750977,30.353380218588107,29.87833592207671,30.274206169169542,50899400
2024-05-03,INTC,Intel,30.58100700378418,30.739355111056643,30.383072813522766,30.66018105742041,36794800
2024-05-06,INTC,Intel,30.774776458740234,31.003328068462462,30.536289553022886,30.923832433223346,36185600
2024-05-07,INTC,Intel,30.486604690551758,31.251751344198457,30.417046248461222,30.894020047360957,44683400
2024-05-08,INTC,Intel,29.81089210510254,29.959946186562956,29.5425936212785,29.81089210510254,63734600
2024-05-09,INTC,Intel,29.90032386779785,30.198432020098114,29.622088202412307,29.741332600527656,45003400
2024-05-10,INTC,Intel,29.66183853149414,30.267992059188092,29.65190133984991,30.138812358464122,42931300
2024-05-13,INTC,Intel,30.317676544189453,30.933767233590086,29.810891166912885,29.84070274039695,51459100
2024-05-14,INTC,Intel,30.854272842407227,30.913895991776922,30.417047785649103,30.42698497721072,47759900
2024-05-15,INTC,Intel,31.072887420654297,31.202067120946793,30.615786083174033,31.182192737724716,36992900
2024-05-16,INTC,Intel,31.828094482421875,32.056644199568396,31.32131098625367,31.430616301444132,47752800
2024-05-17,INTC,Intel,31.629356384277344,31.907592059017553,31.390869475353796,31.8579079970722,41449800
2024-05-20,INTC,Intel,31.897653579711914,32.21563613099912,31.55979854046339,31.649231369928607,31989000
2024-05-21,INTC,Intel,31.5399227142334,32.036772797045785,31.420680210618762,31.77840961678809,42975400
2024-05-22,INTC,Intel,31.221940994262695,31.867843275827525,30.90395844920465,31.708852003298507,36706400
2024-05-23,INTC,Intel,29.8903865814209,31.37099393773446,29.68171125454082,31.25175143532453,62014500
2024-05-24,INTC,Intel,30.526351928710938,30.82446197812326,29.94007091639133,30.099064079939822,42434500
2024-05-28,INTC,Intel,30.86421012878418,31.172257382164105,30.466731941725964,30.744967620329465,36799100
2024-05-29,INTC,Intel,29.94007110595703,30.476668061101428,29.920198618797393,30.277928026901556,35848600
2024-05-30,INTC,Intel,29.99969482421875,30.307740177296864,29.870513230933255,30.019567311756507,33351000
2024-05-31,INTC,Intel,30.655534744262695,30.76484006095746,29.75127115934644,30.029504942197292,95797500
2024-06-03,INTC,Intel,30.099063873291016,30.874145826725712,29.86057507726836,30.83439895760554,35544900
2024-06-04,INTC,Intel,29.8407039642334,30.556164699264862,29.75127113543878,30.556164699264862,51027200
2024-06-05,INTC,Intel,30.585975646972656,30.645596899838363,29.820828969781854,30.079190259300518,44161700
2024-06-06,INTC,Intel,30.22824478149414,30.397173246523653,29.96988348819456,30.35742448048119,34248100
2024-06-07,INTC,Intel,30.546226501464844,30.585975266431074,30.019566737614863,30.059315502581093,34085500
2024-06-10,INTC,Intel,30.71515464782715,30.75490341238691,30.099063959754154,30.35742334809095,37396500
2024-06-11,INTC,Intel,30.7250919342041,30.834399141756844,30.337550955172254,30.57603785729381,25326900
2024-06-12,INTC,Intel,30.56610107421875,31.281561790135704,30.198432577294135,31.26168740752887,51323900
2024-06-13,INTC,Intel,30.26799201965332,30.387236423902817,29.950009468755333,30.18849638192882,33787200
2024-06-14,INTC,Intel,30.258056640625,30.36736195761891,30.01956783277801,30.099065365610674,28125900
2024-06-17,INTC,Intel,30.784713745117188,30.804588127819695,29.989757390271375,30.14874866124054,36235300
2024-06-18,INTC,Intel,30.436920166015625,31.27162530099019,30.307740466821567,30.79465147966915,33294700
2024-06-20,INTC,Intel,30.426984786987305,30.913895798509436,30.258056322146935,30.367361637990363,43826300
2024-06-21,INTC,Intel,30.894020080566406,31.162318553482905,30.476667532249213,30.65553318086021,90795200
2024-06-24,INTC,Intel,30.37729835510254,31.221940666114026,30.337551485050767,30.943704994449813,40611800
2024-06-25,INTC,Intel,30.546226501464844,30.635659327313434,30.099064267547327,30.506479631824043,29323600
2024-06-26,INTC,Intel,30.347488403320312,30.48660529023788,30.079189925414628,30.446856525218326,30743000
2024-06-27,INTC,Intel,30.397172927856445,30.466731372376067,30.099064766965085,30.228244464597882,30184300
2024-06-28,INTC,Intel,30.774776458740234,31.11263338233784,30.526352361702315,30.556163935664028,41467700
2024-07-01,INTC,Intel,30.645597457885742,30.824463115065406,30.417047738300834,30.71515590338328,32401800
2024-07-02,INTC,Intel,30.874147415161133,31.112634328128223,30.39717358922695,30.66547207706199,35999300
2024-07-03,INTC,Intel,31.033138275146484,31.14244548620724,30.71515572877935,30.923832959411207,24065700
2024-07-05,INTC,Intel,31.818159103393555,32.13614164734713,31.112633675586775,31.2020665029894,45309400
2024-07-08,INTC,Intel,33.77574157714844,33.87510969875,32.613114843025684,32.82179017277948,82315900
2024-07-09,INTC,Intel,34.3719596862793,34.99798949894323,33.507444853034585,34.79924945469186,97546900
2024-07-10,INTC,Intel,34.65019226074219,34.7495641747144,33.91485905060243,34.22290250728898,52256200
2024-07-11,INTC,Intel,33.2888298034668,34.928430399599435,33.10002884981283,34.809184100885474,55213700
2024-07-12,INTC,Intel,34.27259063720703,35.25634795426933,33.55712801341558,33.55712801341558,62792600
2024-07-15,INTC,Intel,34.242774963378906,35.00792159998404,34.093722786783545,34.48126375284248,39847900
2024-07-16,INTC,Intel,34.12353515625,34.232842368767805,33.626686947097056,34.143409539494236,28409900
2024-07-17,INTC,Intel,34.242774963378906,36.925755839253235,34.18315560900105,35.85256576329393,112304200
2024-07-18,INTC,Intel,34.65019226074219,36.07117841001198,34.31233533453851,34.73962508799172,84188600
2024-07-19,INTC,Intel,32.7721061706543,34.362022653681926,32.64292457982029,34.35208356711346,69628700
2024-07-22,INTC,Intel,33.15964889526367,33.19939766232487,32.55349346485917,33.07021606470152,48503700
2024-07-23,INTC,Intel,32.7422981262207,33.020531913608885,32.623055616004486,32.75223342263411,29466400
2024-07-24,INTC,Intel,31.50017547607422,32.59323995949019,31.460426711784343,32.32494148650973,62216700
2024-07-25,INTC,Intel,30.90395736694336,31.78834652633028,30.754903291082982,31.17225584068728,49774000
2024-07-26,INTC,Intel,31.152381896972656,31.361057227049322,30.824462167334016,31.23187753157216,38352500
2024-07-29,INTC,Intel,30.63566017150879,31.27162526588968,30.595913300772725,31.221941203638227,32342200
2024-07-30,INTC,Intel,29.94007110595703,30.715154964946016,29.820828601697457,30.655533712816226,48256600
2024-07-31,INTC,Intel,30.546226501464844,30.675408092279664,30.08912707630577,30.34748836260998,56110600
2024-08-01,INTC,Intel,28.866878509521484,30.516414316046976,28.70788724349436,30.238180548162198,107672500
2024-08-02,INTC,Intel,21.3445987701416,21.8414469830145,20.291281089542203,21.801700111553938,300895900
2024-08-05,INTC,Intel,19.983234405517578,20.26146817330116,19.168403693593557,20.072667229540986,147385700
2024-08-06,INTC,Intel,19.704999923706055,20.4999563012095,19.62550428595571,20.191910941842604,106670400
2024-08-07,INTC,Intel,18.989999771118164,20.25,18.950000762939453,19.920000076293945,97972300
2024-08-08,INTC,Intel,20.489999771118164,20.549999237060547,18.84000015258789,19.100000381469727,96836800
2024-08-09,INTC,Intel,19.709999084472656,20.149999618530273,19.5,20.079999923706055,76394500
2024-08-12,INTC,Intel,19.360000610351562,19.969999313354492,19.0,19.8700008392334,54677600
2024-08-13,INTC,Intel,20.469999313354492,20.479999542236328,19.469999313354492,19.479999542236328,77511300
2024-08-14,INTC,Intel,19.920000076293945,20.5,19.790000915527344,20.489999771118164,56758200
2024-08-15,INTC,Intel,20.690000534057617,21.059999465942383,20.229999542236328,20.31999969482422,84814900
2024-08-16,INTC,Intel,20.8700008392334,20.899999618530273,20.40999984741211,20.530000686645508,48582700
2024-08-19,INTC,Intel,21.520000457763672,21.860000610351562,20.84000015258789,20.889999389648438,65956300
2024-08-20,INTC,Intel,20.989999771118164,21.229999542236328,20.81999969482422,21.209999084472656,84161300
2024-08-21,INTC,Intel,21.40999984741211,21.440000534057617,21.06999969482422,21.06999969482422,57028900
2024-08-22,INTC,Intel,20.100000381469727,21.399999618530273,20.040000915527344,21.389999389648438,81444700
2024-08-23,INTC,Intel,20.540000915527344,20.93000030517578,20.260000228881836,20.31999969482422,73398400
2024-08-26,INTC,Intel,20.1299991607666,20.559999465942383,19.950000762939453,20.530000686645508,58534800
2024-08-27,INTC,Intel,20.06999969482422,20.260000228881836,19.84000015258789,20.1299991607666,43862000
2024-08-28,INTC,Intel,19.610000610351562,20.110000610351562,19.510000228881836,19.979999542236328,50144900
2024-08-29,INTC,Intel,20.1299991607666,20.600000381469727,19.75,19.760000228881836,64529700
2024-08-30,INTC,Intel,22.040000915527344,22.1200008392334,21.0,21.25,177785400
2024-09-03,INTC,Intel,20.100000381469727,21.690000534057617,19.989999771118164,21.540000915527344,115305500
2024-09-04,INTC,Intel,19.43000030517578,20.049999237060547,19.280000686645508,19.760000228881836,85871900
2024-09-05,INTC,Intel,19.399999618530273,19.899999618530273,19.239999771118164,19.280000686645508,65388800
2024-09-06,INTC,Intel,18.889999389648438,19.489999771118164,18.639999389648438,19.440000534057617,92686500
2024-09-09,INTC,Intel,19.06999969482422,19.540000915527344,18.950000762939453,19.0,64244100
2024-09-10,INTC,Intel,18.979999542236328,19.110000610351562,18.510000228881836,19.030000686645508,55621300
2024-09-11,INTC,Intel,19.639999389648438,19.690000534057617,18.520000457763672,19.010000228881836,71403100
2024-09-12,INTC,Intel,19.360000610351562,19.540000915527344,19.040000915527344,19.43000030517578,51520600
2024-09-13,INTC,Intel,19.65999984741211,19.799999237060547,19.489999771118164,19.489999771118164,44236300
2024-09-16,INTC,Intel,20.90999984741211,21.06999969482422,19.760000228881836,20.030000686645508,149337000
2024-09-17,INTC,Intel,21.469999313354492,22.579999923706055,21.239999771118164,21.709999084472656,196249800
2024-09-18,INTC,Intel,20.770000457763672,21.739999771118164,20.719999313354492,21.360000610351562,118727900
2024-09-19,INTC,Intel,21.139999389648438,21.690000534057617,21.030000686645508,21.280000686645508,99829200
2024-09-20,INTC,Intel,21.84000015258789,23.139999389648438,20.350000381469727,20.889999389648438,260377900
2024-09-23,INTC,Intel,22.559999465942383,22.81999969482422,22.030000686645508,22.43000030517578,184439100
2024-09-24,INTC,Intel,22.809999465942383,23.110000610351562,22.290000915527344,22.530000686645508,113082500
2024-09-25,INTC,Intel,23.540000915527344,24.059999465942383,22.729999542236328,22.799999237060547,117013400
2024-09-26,INTC,Intel,23.920000076293945,24.420000076293945,23.25,24.280000686645508,95416900
2024-09-27,INTC,Intel,23.90999984741211,24.65999984741211,23.700000762939453,24.15999984741211,85883300
2024-09-30,INTC,Intel,23.459999084472656,23.950000762939453,23.09000015258789,23.739999771118164,66308200
2024-10-01,INTC,Intel,22.690000534057617,23.719999313354492,22.260000228881836,23.459999084472656,86344400
2024-10-02,INTC,Intel,22.389999389648438,23.06999969482422,22.350000381469727,22.670000076293945,59033900
2024-10-03,INTC,Intel,22.260000228881836,22.729999542236328,21.649999618530273,22.139999389648438,49565900
2024-10-04,INTC,Intel,22.59000015258789,22.90999984741211,22.299999237060547,22.700000762939453,49845500
2024-10-07,INTC,Intel,22.3799991607666,22.649999618530273,22.020000457763672,22.399999618530273,54928700
2024-10-08,INTC,Intel,23.31999969482422,23.420000076293945,22.049999237060547,22.25,58650500
2024-10-09,INTC,Intel,23.459999084472656,23.479999542236328,23.059999465942383,23.25,44759000
2024-10-10,INTC,Intel,23.219999313354492,23.530000686645508,22.959999084472656,23.190000534057617,44874600
2024-10-11,INTC,Intel,23.559999465942383,23.81999969482422,22.979999542236328,23.049999237060547,43585300
2024-10-14,INTC,Intel,23.440000534057617,23.770000457763672,23.270000457763672,23.579999923706055,35403600
2024-10-15,INTC,Intel,22.65999984741211,23.719999313354492,22.469999313354492,23.40999984741211,68900600
2024-10-16,INTC,Intel,22.309999465942383,22.540000915527344,21.739999771118164,22.3799991607666,62151800
2024-10-17,INTC,Intel,22.440000534057617,22.81999969482422,22.399999618530273,22.719999313354492,43807600
2024-10-18,INTC,Intel,22.770000457763672,22.81999969482422,22.5,22.610000610351562,39971700
2024-10-21,INTC,Intel,22.84000015258789,22.8799991607666,22.25,22.610000610351562,39727000
2024-10-22,INTC,Intel,22.399999618530273,22.81999969482422,22.170000076293945,22.729999542236328,50160400
2024-10-23,INTC,Intel,21.979999542236328,22.43000030517578,21.579999923706055,22.299999237060547,45799100
2024-10-24,INTC,Intel,22.34000015258789,22.3700008392334,21.969999313354492,22.09000015258789,40554400
2024-10-25,INTC,Intel,22.68000030517578,23.34000015258789,22.40999984741211,22.420000076293945,67503000
2024-10-28,INTC,Intel,22.920000076293945,23.270000457763672,22.559999465942383,22.670000076293945,41915000
2024-10-29,INTC,Intel,22.899999618530273,23.139999389648438,22.40999984741211,22.8700008392334,83422200
2024-10-30,INTC,Intel,22.299999237060547,22.93000030517578,22.260000228881836,22.420000076293945,50941200
2024-10-31,INTC,Intel,21.520000457763672,22.25,21.469999313354492,22.149999618530273,112485500
2024-11-01,INTC,Intel,23.200000762939453,23.579999923706055,21.90999984741211,23.0,173471100
2024-11-04,INTC,Intel,22.520000457763672,23.0,22.0,22.959999084472656,84616300
2024-11-05,INTC,Intel,23.31999969482422,23.579999923706055,22.399999618530273,22.579999923706055,59153300
2024-11-06,INTC,Intel,25.049999237060547,25.1200008392334,24.049999237060547,24.299999237060547,116760500
2024-11-07,INTC,Intel,26.229999542236328,26.3799991607666,25.190000534057617,25.43000030517578,101489300
2024-11-08,INTC,Intel,26.200000762939453,26.43000030517578,25.829999923706055,26.0,76428000
2024-11-11,INTC,Intel,25.049999237060547,26.290000915527344,24.829999923706055,25.959999084472656,80185300
2024-11-12,INTC,Intel,24.15999984741211,24.959999084472656,23.889999389648438,24.65999984741211,62539700
2024-11-13,INTC,Intel,24.920000076293945,25.139999389648438,24.020000457763672,24.059999465942383,58202000
2024-11-14,INTC,Intel,25.030000686645508,25.610000610351562,24.93000030517578,25.1200008392334,49252100
2024-11-15,INTC,Intel,24.350000381469727,24.81999969482422,24.229999542236328,24.809999465942383,55104900
2024-11-18,INTC,Intel,24.84000015258789,25.020000457763672,24.15999984741211,24.329999923706055,59589500
2024-11-19,INTC,Intel,24.200000762939453,24.540000915527344,24.100000381469727,24.5,61190900
2024-11-20,INTC,Intel,24.010000228881836,24.209999084472656,23.549999237060547,24.06999969482422,50191500
2024-11-21,INTC,Intel,24.440000534057617,24.770000457763672,23.829999923706055,24.079999923706055,58928400
2024-11-22,INTC,Intel,24.5,24.68000030517578,24.139999389648438,24.350000381469727,36784700
2024-11-25,INTC,Intel,24.8700008392334,25.56999969482422,24.760000228881836,25.040000915527344,91128400
2024-11-26,INTC,Intel,24.049999237060547,24.989999771118164,23.809999465942383,24.950000762939453,69613600
2024-11-27,INTC,Intel,23.649999618530273,23.93000030517578,23.059999465942383,23.829999923706055,53992300
2024-11-29,INTC,Intel,24.049999237060547,24.280000686645508,23.600000381469727,23.719999313354492,36616800
2024-12-02,INTC,Intel,23.93000030517578,25.479999542236328,23.440000534057617,24.84000015258789,150497900
2024-12-03,INTC,Intel,22.469999313354492,23.75,22.440000534057617,23.68000030517578,138160500
2024-12-04,INTC,Intel,21.959999084472656,22.540000915527344,21.809999465942383,22.530000686645508,104649000
2024-12-05,INTC,Intel,20.799999237060547,22.190000534057617,20.65999984741211,22.040000915527344,167993500
2024-12-06,INTC,Intel,20.920000076293945,21.049999237060547,20.65999984741211,20.950000762939453,78539100
2024-12-09,INTC,Intel,20.809999465942383,21.059999465942383,20.729999542236328,20.920000076293945,68818200
2024-12-10,INTC,Intel,20.15999984741211,20.860000610351562,19.959999084472656,20.829999923706055,90004800
2024-12-11,INTC,Intel,20.1200008392334,20.25,19.8700008392334,20.139999389648438,75209300
2024-12-12,INTC,Intel,20.780000686645508,20.899999618530273,19.920000076293945,20.020000457763672,77695000
2024-12-13,INTC,Intel,20.34000015258789,20.799999237060547,20.25,20.600000381469727,55104100
2024-12-16,INTC,Intel,20.829999923706055,21.100000381469727,20.0,20.170000076293945,73832900
2024-12-17,INTC,Intel,20.440000534057617,20.770000457763672,20.290000915527344,20.639999389648438,51767200
2024-12-18,INTC,Intel,19.299999237060547,20.579999923706055,19.209999084472656,20.479999542236328,86041200
2024-12-19,INTC,Intel,19.059999465942383,19.690000534057617,19.030000686645508,19.530000686645508,69117800
2024-12-20,INTC,Intel,19.520000457763672,19.760000228881836,18.899999618530273,18.969999313354492,108453700
2024-12-23,INTC,Intel,20.200000762939453,20.229999542236328,19.520000457763672,19.579999923706055,57988400
2024-12-24,INTC,Intel,20.399999618530273,20.399999618530273,19.959999084472656,20.219999313354492,29884000
2024-12-26,INTC,Intel,20.440000534057617,20.670000076293945,20.079999923706055,20.229999542236328,39846200
2024-12-27,INTC,Intel,20.299999237060547,20.610000610351562,20.09000015258789,20.209999084472656,48260800
2024-12-30,INTC,Intel,19.81999969482422,20.110000610351562,19.729999542236328,20.010000228881836,59608100
2024-12-31,INTC,Intel,20.049999237060547,20.399999618530273,19.8799991607666,19.989999771118164,49846700
2025-01-02,INTC,Intel,20.219999313354492,20.43000030517578,20.0,20.229999542236328,46438500
2025-01-03,INTC,Intel,20.559999465942383,20.670000076293945,20.059999465942383,20.389999389648438,48983900
2025-01-06,INTC,Intel,19.8700008392334,20.979999542236328,19.780000686645508,20.829999923706055,83271000
2025-01-07,INTC,Intel,20.010000228881836,20.34000015258789,19.899999618530273,20.020000457763672,61726100
2025-01-08,INTC,Intel,19.8799991607666,20.1200008392334,19.709999084472656,19.829999923706055,47897100
2025-01-10,INTC,Intel,19.149999618530273,19.65999984741211,18.90999984741211,19.65999984741211,71244600
2025-01-13,INTC,Intel,19.200000762939453,19.25,18.729999542236328,18.920000076293945,50669000
2025-01-14,INTC,Intel,19.200000762939453,19.520000457763672,18.81999969482422,19.360000610351562,47147500
2025-01-15,INTC,Intel,19.719999313354492,19.770000457763672,19.170000076293945,19.399999618530273,56306000
2025-01-16,INTC,Intel,19.670000076293945,19.950000762939453,19.399999618530273,19.75,44898100
2025-01-17,INTC,Intel,21.489999771118164,21.6200008392334,20.790000915527344,21.260000228881836,166483900
2025-01-21,INTC,Intel,21.770000457763672,22.40999984741211,21.75,22.030000686645508,96262200
2025-01-22,INTC,Intel,21.860000610351562,22.290000915527344,21.56999969482422,21.729999542236328,60972600
2025-01-23,INTC,Intel,21.56999969482422,21.75,21.350000381469727,21.690000534057617,55778200
2025-01-24,INTC,Intel,20.829999923706055,21.40999984741211,20.75,21.360000610351562,66300600
2025-01-27,INTC,Intel,20.290000915527344,21.059999465942383,20.139999389648438,20.809999465942383,83582100
2025-01-28,INTC,Intel,19.799999237060547,20.34000015258789,19.739999771118164,20.34000015258789,73411400
2025-01-29,INTC,Intel,19.75,20.079999923706055,19.65999984741211,19.8700008392334,86506800
2025-01-30,INTC,Intel,20.010000228881836,20.100000381469727,19.43000030517578,19.719999313354492,108167000
2025-01-31,INTC,Intel,19.43000030517578,20.329999923706055,19.3799991607666,20.100000381469727,117081700
2025-02-03,INTC,Intel,19.3799991607666,19.75,18.780000686645508,18.969999313354492,77523100
2025-02-04,INTC,Intel,19.290000915527344,19.530000686645508,19.020000457763672,19.100000381469727,54098200
2025-02-05,INTC,Intel,19.649999618530273,19.770000457763672,18.90999984741211,19.190000534057617,66059200
2025-02-06,INTC,Intel,19.3799991607666,19.700000762939453,19.219999313354492,19.510000228881836,45553800
2025-02-07,INTC,Intel,19.100000381469727,19.360000610351562,19.030000686645508,19.350000381469727,58277900
2025-02-10,INTC,Intel,19.770000457763672,20.079999923706055,19.239999771118164,19.25,73007300
2025-02-11,INTC,Intel,20.969999313354492,21.8799991607666,19.860000610351562,19.8700008392334,150960700
2025-02-12,INTC,Intel,22.479999542236328,22.559999465942383,20.93000030517578,21.979999542236328,162631200
2025-02-13,INTC,Intel,24.1299991607666,24.829999923706055,22.790000915527344,22.84000015258789,248661300
2025-02-14,INTC,Intel,23.600000381469727,25.190000534057617,22.860000610351562,24.360000610351562,230254100
2025-02-18,INTC,Intel,27.389999389648438,27.549999237060547,24.489999771118164,24.600000381469727,284292200
2025-02-19,INTC,Intel,25.719999313354492,26.329999923706055,25.459999084472656,25.979999542236328,151881700
2025-02-20,INTC,Intel,26.09000015258789,26.1200008392334,24.479999542236328,25.559999465942383,144939600
2025-02-21,INTC,Intel,24.8700008392334,26.290000915527344,24.84000015258789,25.959999084472656,111630900
2025-02-24,INTC,Intel,24.270000457763672,24.799999237060547,23.6200008392334,24.549999237060547,91358100
2025-02-25,INTC,Intel,22.989999771118164,24.280000686645508,22.770000457763672,24.209999084472656,88886500
2025-02-26,INTC,Intel,23.520000457763672,23.81999969482422,23.209999084472656,23.25,67449300
2025-02-27,INTC,Intel,23.09000015258789,24.399999618530273,23.06999969482422,23.700000762939453,97871900
2025-02-28,INTC,Intel,23.729999542236328,24.440000534057617,22.639999389648438,23.020000457763672,104133800
2025-03-03,INTC,Intel,22.739999771118164,25.040000915527344,22.520000457763672,25.0,141348700
2025-03-04,INTC,Intel,21.329999923706055,22.6299991607666,20.760000228881836,22.540000915527344,152182200
2025-03-05,INTC,Intel,20.809999465942383,21.360000610351562,20.18000030517578,21.329999923706055,127219300
2025-03-06,INTC,Intel,20.75,21.1299991607666,20.0,20.260000228881836,96466400
2025-03-07,INTC,Intel,20.639999389648438,21.200000762939453,20.110000610351562,20.270000457763672,81099600
2025-03-10,INTC,Intel,19.93000030517578,20.510000228881836,19.649999618530273,20.239999771118164,82760600
2025-03-11,INTC,Intel,19.780000686645508,20.059999465942383,19.290000915527344,19.969999313354492,80789000
2025-03-12,INTC,Intel,20.68000030517578,21.170000076293945,20.209999084472656,20.790000915527344,128671100
2025-03-13,INTC,Intel,23.700000762939453,24.530000686645508,23.1299991607666,23.5,243261000
2025-03-14,INTC,Intel,24.049999237060547,24.3700008392334,23.520000457763672,23.68000030517578,116901600
2025-03-17,INTC,Intel,25.690000534057617,26.149999618530273,24.3700008392334,24.420000076293945,160723600
2025-03-18,INTC,Intel,25.920000076293945,26.40999984741211,25.389999389648438,25.549999237060547,132488800
2025-03-19,INTC,Intel,24.1200008392334,25.229999542236328,24.030000686645508,24.899999618530273,135491400
2025-03-20,INTC,Intel,23.959999084472656,24.309999465942383,23.729999542236328,23.770000457763672,68937600
2025-03-21,INTC,Intel,24.260000228881836,24.700000762939453,23.489999771118164,23.600000381469727,94110700
2025-03-24,INTC,Intel,24.219999313354492,24.989999771118164,24.1299991607666,24.719999313354492,69169000
2025-03-25,INTC,Intel,24.200000762939453,24.75,24.110000610351562,24.18000030517578,51743300
2025-03-26,INTC,Intel,23.420000076293945,24.420000076293945,23.25,24.25,59496700
2025-03-27,INTC,Intel,23.6200008392334,23.760000228881836,22.860000610351562,23.290000915527344,57720600
2025-03-28,INTC,Intel,22.709999084472656,23.579999923706055,22.559999465942383,23.350000381469727,58365300
2025-03-31,INTC,Intel,22.709999084472656,22.75,21.75,22.3799991607666,65832000
2025-04-01,INTC,Intel,22.049999237060547,22.6200008392334,21.65999984741211,22.559999465942383,64060400
2025-04-02,INTC,Intel,21.979999542236328,22.3799991607666,21.700000762939453,21.889999389648438,58878800
2025-04-03,INTC,Intel,22.43000030517578,23.899999618530273,20.860000610351562,21.399999618530273,242972100
2025-04-04,INTC,Intel,19.850000381469727,22.200000762939453,19.700000762939453,21.700000762939453,175014700
2025-04-07,INTC,Intel,19.56999969482422,20.670000076293945,18.559999465942383,19.139999389648438,142491200
2025-04-08,INTC,Intel,18.1299991607666,20.389999389648438,17.670000076293945,20.059999465942383,163982700
2025-04-09,INTC,Intel,21.530000686645508,21.729999542236328,17.979999542236328,18.06999969482422,224183500
2025-04-10,INTC,Intel,19.8799991607666,20.81999969482422,19.15999984741211,20.68000030517578,129064900
2025-04-11,INTC,Intel,19.739999771118164,19.799999237060547,18.18000030517578,19.25,128425800
2025-04-14,INTC,Intel,20.309999465942383,21.049999237060547,19.979999542236328,20.59000015258789,101964400
2025-04-15,INTC,Intel,19.850000381469727,20.469999313354492,19.809999465942383,20.200000762939453,64056900
2025-04-16,INTC,Intel,19.229999542236328,19.43000030517578,18.719999313354492,19.34000015258789,89469700
2025-04-17,INTC,Intel,18.93000030517578,19.100000381469727,18.559999465942383,18.90999984741211,85646700
2025-04-21,INTC,Intel,18.84000015258789,18.989999771118164,18.25,18.93000030517578,72409900
2025-04-22,INTC,Intel,19.510000228881836,19.739999771118164,19.040000915527344,19.059999465942383,83365600
2025-04-23,INTC,Intel,20.59000015258789,21.030000686645508,20.309999465942383,20.719999313354492,97188100
2025-04-24,INTC,Intel,21.489999771118164,21.549999237060547,20.8799991607666,21.040000915527344,117086200
2025-04-25,INTC,Intel,20.049999237060547,20.18000030517578,19.34000015258789,19.729999542236328,147711200
2025-04-28,INTC,Intel,20.510000228881836,21.079999923706055,20.049999237060547,20.1200008392334,96624400
2025-04-29,INTC,Intel,20.34000015258789,20.850000381469727,20.219999313354492,20.309999465942383,70031900
2025-04-30,INTC,Intel,20.100000381469727,20.18000030517578,19.549999237060547,19.709999084472656,68297300
2025-05-01,INTC,Intel,19.979999542236328,20.649999618530273,19.940000534057617,20.219999313354492,72607500
2025-05-02,INTC,Intel,20.6200008392334,20.780000686645508,20.209999084472656,20.260000228881836,63298500
2025-05-05,INTC,Intel,20.270000457763672,20.579999923706055,20.239999771118164,20.389999389648438,44237000
2025-05-06,INTC,Intel,19.940000534057617,20.1200008392334,19.770000457763672,19.920000076293945,51330800
2025-05-07,INTC,Intel,20.309999465942383,20.3700008392334,19.81999969482422,19.969999313354492,61002600
2025-05-08,INTC,Intel,21.0,21.239999771118164,20.639999389648438,21.010000228881836,71651700
2025-05-09,INTC,Intel,21.420000076293945,21.450000762939453,20.829999923706055,21.200000762939453,51768600
2025-05-12,INTC,Intel,22.18000030517578,22.670000076293945,21.8799991607666,22.18000030517578,94578700
2025-05-13,INTC,Intel,22.559999465942383,22.8799991607666,22.299999237060547,22.360000610351562,76850400
2025-05-14,INTC,Intel,21.520000457763672,22.459999084472656,21.459999084472656,22.350000381469727,91584800
2025-05-15,INTC,Intel,21.549999237060547,21.6299991607666,21.190000534057617,21.229999542236328,66705500
2025-05-16,INTC,Intel,21.65999984741211,21.760000228881836,21.350000381469727,21.530000686645508,55795100
2025-05-19,INTC,Intel,21.3799991607666,21.559999465942383,21.049999237060547,21.18000030517578,64279100
2025-05-20,INTC,Intel,21.270000457763672,21.40999984741211,21.1200008392334,21.329999923706055,48497400
2025-05-21,INTC,Intel,20.690000534057617,21.6299991607666,20.59000015258789,21.190000534057617,62904700
2025-05-22,INTC,Intel,20.549999237060547,20.899999618530273,20.510000228881836,20.729999542236328,56077500
2025-05-23,INTC,Intel,20.049999237060547,20.270000457763672,19.940000534057617,20.15999984741211,68206100
2025-05-27,INTC,Intel,20.549999237060547,20.670000076293945,20.18000030517578,20.440000534057617,69504600
2025-05-28,INTC,Intel,20.3700008392334,20.639999389648438,20.329999923706055,20.56999969482422,46096500
2025-05-29,INTC,Intel,20.25,20.600000381469727,20.100000381469727,20.540000915527344,66372200
2025-05-30,INTC,Intel,19.549999237060547,20.260000228881836,19.309999465942383,20.260000228881836,114281900
2025-06-02,INTC,Intel,19.739999771118164,19.81999969482422,19.3700008392334,19.479999542236328,67885500
2025-06-03,INTC,Intel,20.290000915527344,20.40999984741211,19.399999618530273,19.75,80401900
2025-06-04,INTC,Intel,20.25,20.5,20.010000228881836,20.34000015258789,71166500
2025-06-05,INTC,Intel,19.989999771118164,20.549999237060547,19.850000381469727,20.270000457763672,72458400
2025-06-06,INTC,Intel,20.059999465942383,20.440000534057617,20.030000686645508,20.170000076293945,70072800
2025-06-09,INTC,Intel,20.479999542236328,20.959999084472656,20.219999313354492,20.219999313354492,92893900
2025-06-10,INTC,Intel,22.079999923706055,22.440000534057617,20.280000686645508,20.5,171457000
2025-06-11,INTC,Intel,20.68000030517578,21.829999923706055,20.3799991607666,21.780000686645508,146784500
2025-06-12,INTC,Intel,20.770000457763672,20.979999542236328,20.40999984741211,20.5,78175900
2025-06-13,INTC,Intel,20.139999389648438,20.600000381469727,20.100000381469727,20.329999923706055,87655900
2025-06-16,INTC,Intel,20.739999771118164,20.93000030517578,20.299999237060547,20.40999984741211,86745100
2025-06-17,INTC,Intel,20.799999237060547,21.479999542236328,20.6200008392334,20.6299991607666,87512200
2025-06-18,INTC,Intel,21.489999771118164,21.600000381469727,20.65999984741211,20.809999465942383,94200600
2025-06-20,INTC,Intel,21.079999923706055,21.889999389648438,20.8799991607666,21.700000762939453,133472800
2025-06-23,INTC,Intel,21.190000534057617,21.579999923706055,20.729999542236328,21.06999969482422,81461000
2025-06-24,INTC,Intel,22.549999237060547,22.690000534057617,21.329999923706055,21.34000015258789,130368700
2025-06-25,INTC,Intel,22.200000762939453,22.770000457763672,22.1299991607666,22.579999923706055,64975100
2025-06-26,INTC,Intel,22.5,22.6200008392334,22.209999084472656,22.399999618530273,63229300
2025-06-27,INTC,Intel,22.690000534057617,23.3799991607666,22.420000076293945,22.709999084472656,95542400
2025-06-30,INTC,Intel,22.399999618530273,22.969999313354492,22.270000457763672,22.969999313354492,77102400
2025-07-01,INTC,Intel,22.850000381469727,23.15999984741211,22.280000686645508,22.329999923706055,79094900
2025-07-02,INTC,Intel,21.8799991607666,22.770000457763672,21.520000457763672,22.530000686645508,138245300
2025-07-03,INTC,Intel,22.489999771118164,22.6299991607666,21.989999771118164,22.149999618530273,61176000
2025-07-07,INTC,Intel,22.0,22.389999389648438,21.860000610351562,22.209999084472656,80725200
2025-07-08,INTC,Intel,23.59000015258789,23.790000915527344,22.1299991607666,22.18000030517578,119545500
2025-07-09,INTC,Intel,23.440000534057617,23.530000686645508,23.1299991607666,23.290000915527344,70247700
2025-07-10,INTC,Intel,23.81999969482422,24.040000915527344,23.479999542236328,23.6299991607666,54599800
2025-07-11,INTC,Intel,23.43000030517578,23.65999984741211,23.15999984741211,23.559999465942383,49367900
2025-07-14,INTC,Intel,23.299999237060547,23.399999618530273,22.8799991607666,23.239999771118164,48420500
2025-07-15,INTC,Intel,22.920000076293945,23.780000686645508,22.899999618530273,23.56999969482422,66099400
2025-07-16,INTC,Intel,22.690000534057617,23.1299991607666,22.25,22.989999771118164,58865900
2025-07-17,INTC,Intel,22.799999237060547,23.049999237060547,22.59000015258789,22.65999984741211,49384000
2025-07-18,INTC,Intel,23.100000381469727,23.59000015258789,22.899999618530273,23.219999313354492,60195600
2025-07-21,INTC,Intel,23.260000228881836,23.829999923706055,23.15999984741211,23.399999618530273,61658000
2025-07-22,INTC,Intel,23.239999771118164,23.540000915527344,23.079999923706055,23.34000015258789,53969800
2025-07-23,INTC,Intel,23.489999771118164,23.6200008392334,22.920000076293945,23.260000228881836,68711700
2025-07-24,INTC,Intel,22.6299991607666,23.579999923706055,22.600000381469727,23.489999771118164,131963300
2025-07-25,INTC,Intel,20.700000762939453,21.049999237060547,20.360000610351562,20.68000030517578,245077700
2025-07-28,INTC,Intel,20.68000030517578,21.290000915527344,20.649999618530273,20.81999969482422,86105600
2025-07-29,INTC,Intel,20.40999984741211,20.850000381469727,20.34000015258789,20.690000534057617,100831500
2025-07-30,INTC,Intel,20.34000015258789,20.6200008392334,20.079999923706055,20.43000030517578,67420300
2025-07-31,INTC,Intel,19.799999237060547,20.229999542236328,19.65999984741211,20.170000076293945,90665200
2025-08-01,INTC,Intel,19.309999465942383,19.549999237060547,18.969999313354492,19.5,86496100
2025-08-04,INTC,Intel,19.5,19.59000015258789,19.350000381469727,19.520000457763672,69249400
2025-08-05,INTC,Intel,20.190000534057617,20.540000915527344,19.68000030517578,19.700000762939453,97338200
2025-08-06,INTC,Intel,20.40999984741211,20.479999542236328,19.8700008392334,20.1200008392334,67074200
2025-08-07,INTC,Intel,19.770000457763672,20.440000534057617,19.600000381469727,20.0,131382800
2025-08-08,INTC,Intel,19.950000762939453,20.020000457763672,19.610000610351562,20.0,75415000
2025-08-11,INTC,Intel,20.649999618530273,21.600000381469727,20.440000534057617,20.450000762939453,175545600
2025-08-12,INTC,Intel,21.809999465942383,21.860000610351562,20.760000228881836,21.200000762939453,134153600
2025-08-13,INTC,Intel,22.219999313354492,22.299999237060547,21.360000610351562,21.6200008392334,86024400
2025-08-14,INTC,Intel,23.860000610351562,24.200000762939453,21.899999618530273,21.989999771118164,188052500
2025-08-15,INTC,Intel,24.559999465942383,25.649999618530273,24.110000610351562,25.010000228881836,310161100
2025-08-18,INTC,Intel,23.65999984741211,24.899999618530273,23.209999084472656,24.0,212515600
2025-08-19,INTC,Intel,25.309999465942383,26.530000686645508,24.940000534057617,24.940000534057617,297659200
2025-08-20,INTC,Intel,23.540000915527344,24.93000030517578,23.329999923706055,24.899999618530273,161149400
2025-08-21,INTC,Intel,23.5,23.56999969482422,22.780000686645508,23.530000686645508,97718300
2025-08-22,INTC,Intel,24.799999237060547,25.229999542236328,23.649999618530273,23.649999618530273,200266800
2025-08-25,INTC,Intel,24.549999237060547,25.8799991607666,24.440000534057617,25.5,156825600
2025-08-26,INTC,Intel,24.350000381469727,24.739999771118164,24.100000381469727,24.579999923706055,78558200
2025-08-27,INTC,Intel,24.850000381469727,24.989999771118164,24.049999237060547,24.190000534057617,90934400
2025-08-28,INTC,Intel,24.93000030517578,25.139999389648438,24.610000610351562,24.959999084472656,60035100
2025-08-29,INTC,Intel,24.350000381469727,24.969999313354492,24.280000686645508,24.760000228881836,63734400
2025-09-02,INTC,Intel,24.209999084472656,24.239999771118164,23.68000030517578,23.8799991607666,57661800
2025-09-03,INTC,Intel,24.0,24.09000015258789,23.719999313354492,24.09000015258789,47822900
2025-09-04,INTC,Intel,24.610000610351562,24.639999389648438,23.75,23.850000381469727,59056500
2025-09-05,INTC,Intel,24.489999771118164,24.709999084472656,24.170000076293945,24.600000381469727,55975300
2025-09-08,INTC,Intel,24.479999542236328,24.739999771118164,24.1200008392334,24.479999542236328,51122100
2025-09-09,INTC,Intel,24.440000534057617,24.809999465942383,24.270000457763672,24.530000686645508,42146200
2025-09-10,INTC,Intel,24.770000457763672,24.8700008392334,24.280000686645508,24.420000076293945,61600700
2025-09-11,INTC,Intel,24.610000610351562,24.93000030517578,24.56999969482422,24.760000228881836,55536900
2025-09-12,INTC,Intel,24.079999923706055,24.6299991607666,24.049999237060547,24.610000610351562,52672800
2025-09-15,INTC,Intel,24.770000457763672,25.459999084472656,24.219999313354492,24.329999923706055,83951600
2025-09-16,INTC,Intel,25.270000457763672,25.34000015258789,24.690000534057617,24.81999969482422,60336600
2025-09-17,INTC,Intel,24.899999618530273,25.260000228881836,24.450000762939453,25.079999923706055,63093700
2025-09-18,INTC,Intel,30.56999969482422,32.380001068115234,30.15999984741211,31.780000686645508,523908000
2025-09-19,INTC,Intel,29.579999923706055,30.6299991607666,29.329999923706055,30.3799991607666,225702900
2025-09-22,INTC,Intel,28.760000228881836,30.100000381469727,28.729999542236328,29.670000076293945,130314500
2025-09-23,INTC,Intel,29.34000015258789,30.200000762939453,28.81999969482422,28.989999771118164,126317900
2025-09-24,INTC,Intel,31.219999313354492,31.700000762939453,29.229999542236328,29.3799991607666,164458500
2025-09-25,INTC,Intel,33.9900016784668,34.25,31.209999084472656,31.610000610351562,295709300
2025-09-26,INTC,Intel,35.5,36.29999923706055,34.4900016784668,35.02000045776367,268583300
2025-09-29,INTC,Intel,34.47999954223633,35.04999923706055,33.72999954223633,34.52000045776367,152605900
2025-09-30,INTC,Intel,33.54999923706055,34.2400016784668,33.02000045776367,33.93000030517578,124818400
2025-10-01,INTC,Intel,35.939998626708984,36.060001373291016,33.5,33.529998779296875,162649700
2025-10-02,INTC,Intel,37.29999923706055,37.56999969482422,35.439998626708984,35.7599983215332,149361700
2025-10-03,INTC,Intel,36.83000183105469,38.08000183105469,36.45000076293945,37.95000076293945,125359300
2025-10-06,INTC,Intel,36.59000015258789,38.68000030517578,36.43000030517578,37.189998626708984,112086100
2025-10-07,INTC,Intel,37.16999816894531,38.04999923706055,36.349998474121094,36.63999938964844,111140200
2025-10-08,INTC,Intel,37.43000030517578,37.790000915527344,35.90999984741211,36.54999923706055,103202100
2025-10-09,INTC,Intel,37.79999923706055,38.099998474121094,36.86000061035156,37.529998779296875,89884700
2025-10-10,INTC,Intel,36.369998931884766,39.650001525878906,36.29999923706055,38.459999084472656,183063300
2025-10-13,INTC,Intel,37.220001220703125,37.5099983215332,36.279998779296875,36.439998626708984,104020700
2025-10-14,INTC,Intel,35.630001068115234,36.54999923706055,34.689998626708984,36.0,117908300
2025-10-15,INTC,Intel,37.150001525878906,37.4900016784668,35.63999938964844,36.400001525878906,99242700
2025-10-16,INTC,Intel,36.84000015258789,38.02000045776367,36.40999984741211,37.150001525878906,83357800
2025-10-17,INTC,Intel,37.0099983215332,38.380001068115234,36.08000183105469,36.36000061035156,119394700
2025-10-20,INTC,Intel,38.099998474121094,38.52000045776367,37.560001373291016,37.56999969482422,80230200
2025-10-21,INTC,Intel,38.119998931884766,38.349998474121094,37.66999816894531,38.13999938964844,73134900
2025-10-22,INTC,Intel,36.91999816894531,37.93000030517578,36.040000915527344,37.84000015258789,87099900
2025-10-23,INTC,Intel,38.15999984741211,38.400001525878906,36.43000030517578,36.599998474121094,121974200
2025-10-24,INTC,Intel,38.279998779296875,41.119998931884766,37.83000183105469,40.02000045776367,246380000
2025-10-27,INTC,Intel,39.540000915527344,40.66999816894531,38.22999954223633,38.38999938964844,160007600
2025-10-28,INTC,Intel,41.529998779296875,42.47999954223633,39.540000915527344,39.59000015258789,181256400
2025-10-29,INTC,Intel,41.34000015258789,42.040000915527344,40.91999816894531,41.599998474121094,106962900
2025-10-30,INTC,Intel,40.15999984741211,41.43000030517578,40.11000061035156,40.970001220703125,84855500
2025-10-31,INTC,Intel,39.9900016784668,40.83000183105469,39.790000915527344,40.68000030517578,80471400
2025-11-03,INTC,Intel,39.5,40.45000076293945,39.04999923706055,40.25,61267500
2025-11-04,INTC,Intel,37.029998779296875,38.25,36.630001068115234,38.13999938964844,102250300
2025-11-05,INTC,Intel,38.380001068115234,38.689998626708984,37.11000061035156,37.41999816894531,74631600
2025-11-06,INTC,Intel,37.2400016784668,39.84000015258789,36.79999923706055,38.34000015258789,77629900
2025-11-07,INTC,Intel,38.130001068115234,38.27000045776367,36.970001220703125,37.2599983215332,95521400
2025-11-10,INTC,Intel,38.45000076293945,39.529998779296875,37.970001220703125,38.93000030517578,77820300
2025-11-11,INTC,Intel,37.880001068115234,38.220001220703125,37.4900016784668,38.150001525878906,53741900
2025-11-12,INTC,Intel,37.88999938964844,38.20000076293945,37.349998474121094,38.060001373291016,53876000
2025-11-13,INTC,Intel,35.90999984741211,37.310001373291016,35.45000076293945,37.27000045776367,95593200
2025-11-14,INTC,Intel,35.52000045776367,36.099998474121094,34.619998931884766,35.029998779296875,71716200
2025-11-17,INTC,Intel,34.709999084472656,35.72999954223633,34.22999954223633,35.45000076293945,72580100
2025-11-18,INTC,Intel,34.33000183105469,34.7599983215332,33.56999969482422,34.25,61504800
2025-11-19,INTC,Intel,35.11000061035156,35.75,34.25,34.33000183105469,67115500
2025-11-20,INTC,Intel,33.619998931884766,36.68000030517578,33.47999954223633,36.0,96389100
2025-11-21,INTC,Intel,34.5,34.97999954223633,32.88999938964844,33.5099983215332,105641700
2025-11-24,INTC,Intel,35.790000915527344,36.15999984741211,34.689998626708984,34.970001220703125,103804200
2025-11-25,INTC,Intel,35.83000183105469,36.130001068115234,34.68000030517578,35.54999923706055,62203300
2025-11-26,INTC,Intel,36.810001373291016,37.2400016784668,36.130001068115234,36.20000076293945,54563400
2025-11-28,INTC,Intel,40.560001373291016,40.59000015258789,37.34000015258789,37.400001525878906,95799500
2025-12-01,INTC,Intel,40.0099983215332,40.380001068115234,39.599998474121094,39.86000061035156,74534900
2025-12-02,INTC,Intel,43.470001220703125,43.68000030517578,40.04999923706055,40.470001220703125,167205800
2025-12-03,INTC,Intel,43.7599983215332,44.02000045776367,42.5099983215332,43.38999938964844,91957200
2025-12-04,INTC,Intel,40.5,43.279998779296875,40.13999938964844,43.2599983215332,107850200
2025-12-05,INTC,Intel,41.40999984741211,42.83000183105469,41.150001525878906,41.15999984741211,103042000
2025-12-08,INTC,Intel,40.29999923706055,42.119998931884766,39.70000076293945,41.939998626708984,93953600
2025-12-09,INTC,Intel,40.5,41.2599983215332,40.029998779296875,40.72999954223633,61877200
2025-12-10,INTC,Intel,40.779998779296875,40.9900016784668,38.88999938964844,40.11000061035156,75974900
2025-12-11,INTC,Intel,39.5099983215332,40.189998626708984,39.08000183105469,40.06999969482422,59096800
2025-12-12,INTC,Intel,37.810001373291016,40.029998779296875,37.619998931884766,39.25,87784500
2025-12-15,INTC,Intel,37.5099983215332,38.47999954223633,37.31999969482422,38.33000183105469,60898500
2025-12-16,INTC,Intel,37.310001373291016,37.959999084472656,36.91999816894531,37.58000183105469,50490300
2025-12-17,INTC,Intel,36.04999923706055,37.84000015258789,35.970001220703125,37.59000015258789,54792000
2025-12-18,INTC,Intel,36.279998779296875,37.4900016784668,35.66999816894531,37.380001068115234,69468400
2025-12-19,INTC,Intel,36.81999969482422,37.58000183105469,36.439998626708984,36.47999954223633,163221300
2025-12-22,INTC,Intel,36.369998931884766,37.900001525878906,36.290000915527344,37.88999938964844,51685400
2025-12-23,INTC,Intel,36.349998474121094,36.79999923706055,36.029998779296875,36.2400016784668,35958000
2025-12-24,INTC,Intel,36.15999984741211,36.18000030517578,34.95000076293945,35.16999816894531,37443800
2025-12-26,INTC,Intel,36.20000076293945,36.4900016784668,35.849998474121094,36.16999816894531,28779400
2025-12-29,INTC,Intel,36.68000030517578,36.79999923706055,35.81999969482422,36.0099983215332,38062300
2025-12-30,INTC,Intel,37.29999923706055,38.2599983215332,36.81999969482422,36.90999984741211,61935300
2025-12-31,INTC,Intel,36.900001525878906,37.58000183105469,36.869998931884766,37.400001525878906,51524700
2026-01-02,INTC,Intel,39.380001068115234,39.86000061035156,37.7599983215332,37.77000045776367,95396400
2026-01-05,INTC,Intel,39.369998931884766,42.099998474121094,39.27000045776367,41.59000015258789,96665400
2026-01-06,INTC,Intel,40.040000915527344,40.310001373291016,38.95000076293945,39.86000061035156,66395100
2026-01-07,INTC,Intel,42.630001068115234,44.56999969482422,40.119998931884766,40.18000030517578,166028400
2026-01-08,INTC,Intel,41.11000061035156,43.34000015258789,40.68000030517578,42.619998931884766,88242000
2026-01-09,INTC,Intel,45.54999923706055,45.72999954223633,41.56999969482422,41.83000183105469,186691400
2026-01-12,INTC,Intel,44.060001373291016,45.45000076293945,43.88999938964844,44.2400016784668,101989100
2026-01-13,INTC,Intel,47.290000915527344,48.2400016784668,45.220001220703125,45.88999938964844,168656400
2026-01-14,INTC,Intel,48.720001220703125,49.0,47.41999816894531,48.95000076293945,148225800
2026-01-15,INTC,Intel,48.31999969482422,50.38999938964844,47.83000183105469,49.349998474121094,132328900
2026-01-16,INTC,Intel,46.959999084472656,50.209999084472656,46.709999084472656,49.27000045776367,127314700
2026-01-20,INTC,Intel,48.560001373291016,50.22999954223633,47.0,47.29999923706055,150153000
2026-01-21,INTC,Intel,54.25,54.40999984741211,50.150001525878906,50.31999969482422,220565300
2026-01-22,INTC,Intel,54.31999969482422,54.599998474121094,53.08000183105469,54.209999084472656,190066400
2026-01-23,INTC,Intel,45.06999969482422,48.130001068115234,44.45000076293945,46.86000061035156,294675400
2026-01-26,INTC,Intel,42.4900016784668,44.459999084472656,42.279998779296875,44.279998779296875,149407800
2026-01-27,INTC,Intel,43.93000030517578,44.529998779296875,43.099998474121094,43.970001220703125,121832200
2026-01-28,INTC,Intel,48.779998779296875,49.290000915527344,46.31999969482422,46.599998474121094,201995100
2026-01-29,INTC,Intel,48.65999984741211,48.77000045776367,46.9900016784668,47.560001373291016,124256600
2026-01-30,INTC,Intel,46.470001220703125,49.58000183105469,45.959999084472656,48.97999954223633,114920100
2026-02-02,INTC,Intel,48.810001373291016,49.84000015258789,45.5,45.630001068115234,101414600
2026-02-03,INTC,Intel,49.25,51.4900016784668,48.43000030517578,50.060001373291016,122205100
2026-02-04,INTC,Intel,48.599998474121094,49.70000076293945,47.0,49.540000915527344,128702300
2026-02-05,INTC,Intel,48.2400016784668,50.86000061035156,46.790000915527344,47.59000015258789,114307800
2026-02-06,INTC,Intel,50.59000015258789,51.29999923706055,48.83000183105469,49.099998474121094,115600200
2026-02-09,INTC,Intel,50.2400016784668,51.220001220703125,47.59000015258789,49.59000015258789,94841400
2026-02-10,INTC,Intel,47.130001068115234,50.540000915527344,46.77000045776367,50.40999984741211,99832900
2026-02-11,INTC,Intel,48.290000915527344,49.54999923706055,46.86000061035156,48.11000061035156,107681200
2026-02-12,INTC,Intel,46.47999954223633,48.95000076293945,46.189998626708984,47.79999923706055,88321200
2026-02-13,INTC,Intel,46.790000915527344,47.689998626708984,44.970001220703125,45.7599983215332,69740400
2026-02-17,INTC,Intel,46.18000030517578,46.83000183105469,45.459999084472656,45.93000030517578,65802200
2026-02-18,INTC,Intel,45.459999084472656,46.77000045776367,44.880001068115234,45.91999816894531,65306100
2026-02-19,INTC,Intel,44.619998931884766,45.16999816894531,43.91999816894531,44.95000076293945,72724900
2026-02-20,INTC,Intel,44.11000061035156,44.38999938964844,42.880001068115234,43.88999938964844,90743600
2026-02-23,INTC,Intel,43.630001068115234,44.54999923706055,43.18000030517578,44.09000015258789,57130900
2026-02-24,INTC,Intel,46.119998931884766,46.599998474121094,43.540000915527344,44.099998474121094,98872300
2026-02-25,INTC,Intel,46.880001068115234,46.970001220703125,45.08000183105469,46.09000015258789,75645300
2026-02-26,INTC,Intel,45.459999084472656,46.95000076293945,44.38999938964844,46.77000045776367,71457500
2026-02-27,INTC,Intel,45.61000061035156,46.560001373291016,44.400001525878906,44.459999084472656,79327200
2026-03-02,INTC,Intel,45.5,45.810001373291016,43.95000076293945,44.20000076293945,60705100
2026-03-03,INTC,Intel,43.099998474121094,43.689998626708984,42.13999938964844,43.439998626708984,83971000
2026-03-04,INTC,Intel,45.58000183105469,46.130001068115234,43.27000045776367,44.06999969482422,96628100
2026-03-05,INTC,Intel,45.95000076293945,46.47999954223633,44.70000076293945,44.869998931884766,78229400
2026-03-06,INTC,Intel,43.41999816894531,45.18000030517578,43.279998779296875,44.66999816894531,74698300
2026-03-09,INTC,Intel,45.58000183105469,45.7599983215332,41.63999938964844,42.7400016784668,82937400
2026-03-10,INTC,Intel,46.779998779296875,47.880001068115234,45.40999984741211,45.40999984741211,85233300
2026-03-11,INTC,Intel,47.97999954223633,48.83000183105469,46.65999984741211,46.81999969482422,72480600
2026-03-12,INTC,Intel,45.25,47.439998626708984,45.16999816894531,47.400001525878906,85110200
2026-03-13,INTC,Intel,45.77000045776367,46.650001525878906,45.38999938964844,45.970001220703125,68386200
2026-03-16,INTC,Intel,45.7599983215332,49.16999816894531,45.689998626708984,47.90999984741211,114199400
2026-03-17,INTC,Intel,44.060001373291016,46.08000183105469,43.90999984741211,46.08000183105469,89061600
2026-03-18,INTC,Intel,45.029998779296875,45.709999084472656,44.04999923706055,44.20000076293945,78056200
2026-03-19,INTC,Intel,46.18000030517578,46.439998626708984,43.650001525878906,43.9900016784668,74051500
2026-03-20,INTC,Intel,43.869998931884766,47.54999923706055,43.63999938964844,46.95000076293945,162814200
2026-03-23,INTC,Intel,44.0099983215332,45.459999084472656,43.7400016784668,44.5,80772200
2026-03-24,INTC,Intel,44.060001373291016,44.310001373291016,43.20000076293945,43.540000915527344,65323500
2026-03-25,INTC,Intel,47.18000030517578,47.849998474121094,45.45000076293945,45.849998474121094,97467900
2026-03-26,INTC,Intel,44.099998474121094,46.599998474121094,43.91999816894531,46.29999923706055,82841400
2026-03-27,INTC,Intel,43.130001068115234,44.130001068115234,42.86000061035156,43.619998931884766,70002200
2026-03-30,INTC,Intel,41.189998626708984,43.9900016784668,40.630001068115234,43.720001220703125,84596000
2026-03-31,INTC,Intel,44.130001068115234,44.22999954223633,41.599998474121094,41.95000076293945,95294900
2026-04-01,INTC,Intel,48.029998779296875,48.77000045776367,44.97999954223633,45.0,129598500
2026-04-02,INTC,Intel,50.380001068115234,50.4900016784668,46.040000915527344,46.060001373291016,117134200
2026-04-06,INTC,Intel,50.779998779296875,52.38999938964844,49.869998931884766,50.880001068115234,79978800
2026-04-07,INTC,Intel,52.90999984741211,53.27000045776367,51.220001220703125,51.90999984741211,129543800
2026-04-08,INTC,Intel,58.95000076293945,59.16999816894531,54.79999923706055,55.369998931884766,184599900
2026-04-09,INTC,Intel,61.720001220703125,62.08000183105469,58.38999938964844,58.400001525878906,155609900
2026-04-10,INTC,Intel,62.380001068115234,63.38999938964844,60.75,61.52000045776367,98624400
2026-04-13,INTC,Intel,65.18000030517578,65.6500015258789,62.18000030517578,62.18000030517578,112111000
2026-04-14,INTC,Intel,63.810001373291016,65.18000030517578,62.09000015258789,65.16000366210938,112796100
2026-04-15,INTC,Intel,64.94000244140625,65.83999633789062,62.880001068115234,63.77000045776367,92051500
2026-04-16,INTC,Intel,68.5,68.61000061035156,64.2699966430664,64.93000030517578,108328300
2026-04-17,INTC,Intel,68.5,70.33000183105469,67.73999786376953,68.8499984741211,118831500
2026-04-20,INTC,Intel,65.69999694824219,69.20999908447266,64.47000122070312,68.44999694824219,96851100
2026-04-21,INTC,Intel,66.26000213623047,67.66999816894531,65.63999938964844,67.13999938964844,91402300
2026-04-22,INTC,Intel,65.2699966430664,68.7699966430664,64.9800033569336,67.94000244140625,90267300
2026-04-23,INTC,Intel,66.77999877929688,68.27999877929688,65.41999816894531,66.0999984741211,155141800
2026-04-24,INTC,Intel,82.54000091552734,85.22000122070312,79.62000274658203,82.19999694824219,281405200
2026-04-27,INTC,Intel,84.98999786376953,87.0999984741211,82.61000061035156,83.66999816894531,178820200
2026-04-28,INTC,Intel,84.5199966430664,84.58999633789062,80.80000305175781,81.27999877929688,147773500
2026-04-29,INTC,Intel,94.75,94.94999694824219,85.87000274658203,86.13999938964844,235070900
2026-04-30,INTC,Intel,94.4800033569336,95.69000244140625,91.5,95.5999984741211,160597300
2026-05-01,INTC,Intel,99.62000274658203,100.44999694824219,92.61000061035156,93.19999694824219,158502800
2026-05-04,INTC,Intel,95.77999877929688,99.81999969482422,95.5999984741211,99.18000030517578,119294000
2026-05-05,INTC,Intel,108.1500015258789,110.4800033569336,100.08000183105469,100.51000213623047,198482000
2026-05-06,INTC,Intel,113.01000213623047,113.5,106.58000183105469,110.9800033569336,157320100
2026-05-07,INTC,Intel,109.62000274658203,114.51000213623047,109.1500015258789,111.0199966430664,122699900
2026-05-08,INTC,Intel,124.91999816894531,130.57000732421875,111.80000305175781,111.80999755859375,227681300
2026-05-11,INTC,Intel,129.44000244140625,132.75,123.91999816894531,130.8800048828125,179486500
2026-05-12,INTC,Intel,120.61000061035156,127.79000091552734,115.0,124.36000061035156,172516500
2026-05-13,INTC,Intel,120.29000091552734,125.0,116.41000366210938,124.0999984741211,115364400
2026-05-14,INTC,Intel,115.93000030517578,118.56999969482422,113.16999816894531,114.66000366210938,118279800
2026-05-15,INTC,Intel,108.7699966430664,110.56999969482422,105.0199966430664,109.79000091552734,135206000
2026-05-18,INTC,Intel,108.16999816894531,115.54000091552734,103.8499984741211,113.47000122070312,145764000
2026-05-19,INTC,Intel,110.80000305175781,113.06999969482422,102.4000015258789,106.9800033569336,150234900
2026-05-20,INTC,Intel,118.95999908447266,121.94000244140625,114.80000305175781,116.22000122070312,165086900
2026-05-21,INTC,Intel,118.5,119.41000366210938,113.16999816894531,116.58000183105469,102452500
2026-05-22,INTC,Intel,119.83999633789062,122.77999877929688,118.08999633789062,120.33999633789062,82663000
2026-05-26,INTC,Intel,123.5199966430664,125.62000274658203,117.3499984741211,122.0999984741211,108167300
2026-05-27,INTC,Intel,121.7699966430664,125.2699966430664,117.0,124.38999938964844,93323300
2026-05-28,INTC,Intel,120.88999938964844,123.08000183105469,116.30999755859375,121.44999694824219,97321000
2026-05-29,INTC,Intel,114.68000030517578,126.63999938964844,113.54000091552734,123.8499984741211,191676100
2026-06-01,INTC,Intel,109.33000183105469,113.30000305175781,106.33000183105469,109.43000030517578,134900400
2026-06-02,INTC,Intel,107.93000030517578,109.0,104.16999816894531,107.44999694824219,106336200
2026-06-03,INTC,Intel,112.70999908447266,118.29000091552734,110.86000061035156,116.41999816894531,118928800
2026-06-04,INTC,Intel,111.77999877929688,113.13999938964844,107.4800033569336,108.4000015258789,77325800
2026-06-05,INTC,Intel,99.16999816894531,106.4800033569336,98.33000183105469,106.4800033569336,145209400
2026-06-08,INTC,Intel,110.2699966430664,112.54000091552734,106.66000366210938,111.0,136973900
2026-06-09,INTC,Intel,107.91999816894531,114.0,99.45999908447266,112.98999786376953,149623100
2026-06-10,INTC,Intel,107.04000091552734,111.5,104.91999816894531,106.02999877929688,122653500
2026-06-11,INTC,Intel,116.95999908447266,119.44000244140625,110.51000213623047,113.5199966430664,188430300
2026-06-12,INTC,Intel,124.56999969482422,127.5999984741211,115.33000183105469,117.41999816894531,151169400
2026-06-15,INTC,Intel,127.86000061035156,132.61000061035156,126.66000366210938,129.49000549316406,134507500
2026-06-16,INTC,Intel,117.05000305175781,128.6999969482422,116.0,125.11000061035156,132962600
2026-06-17,INTC,Intel,121.0999984741211,125.19999694824219,118.05999755859375,121.8499984741211,115324900
2026-06-18,INTC,Intel,133.99000549316406,135.47999572753906,127.9000015258789,131.80999755859375,233906600
2026-06-22,INTC,Intel,140.94000244140625,141.4499969482422,136.2100067138672,139.1199951171875,127190600
2026-06-23,INTC,Intel,132.27999877929688,137.97999572753906,128.3000030517578,129.72999572753906,132976700
2026-06-24,INTC,Intel,131.64999389648438,136.0800018310547,127.94999694824219,133.0500030517578,104591700
2026-06-25,INTC,Intel,132.8699951171875,140.72000122070312,125.41000366210938,139.72999572753906,122588800
2026-06-26,INTC,Intel,128.32000732421875,131.22999572753906,125.5,128.7100067138672,99475400
2026-06-29,INTC,Intel,131.72000122070312,132.0500030517578,118.5,127.0,106805300
2026-06-30,INTC,Intel,139.6300048828125,142.35000610351562,131.52000427246094,131.99000549316406,116996700
2026-07-01,INTC,Intel,127.0199966430664,135.74000549316406,126.68000030517578,135.0,113107200
2026-07-02,INTC,Intel,120.3499984741211,130.74000549316406,117.62999725341797,128.9199981689453,124577600
2026-07-06,INTC,Intel,122.19999694824219,127.30000305175781,121.5199966430664,122.56999969482422,86950200
2026-07-07,INTC,Intel,110.38999938964844,116.47000122070312,108.30000305175781,116.30000305175781,140405900
2026-07-08,INTC,Intel,110.23999786376953,110.48999786376953,104.41000366210938,108.30000305175781,105488100
2026-07-09,INTC,Intel,112.54000091552734,116.7699966430664,111.51000213623047,114.87000274658203,99352500
2026-07-10,INTC,Intel,109.83999633789062,110.8499984741211,107.44999694824219,109.58000183105469,70846600
2026-07-13,INTC,Intel,103.12000274658203,106.16999816894531,101.79000091552734,105.9800033569336,100988800
2026-07-14,INTC,Intel,107.76000213623047,109.19000244140625,103.58999633789062,107.9800033569336,91129000
2026-07-15,INTC,Intel,102.98999786376953,109.61000061035156,99.19999694824219,109.30000305175781,120625500
2026-07-16,INTC,Intel,96.9800033569336,101.87999725341797,95.4800033569336,101.13999938964844,107742900
2026-07-17,INTC,Intel,95.04000091552734,98.05000305175781,89.58999633789062,92.13999938964844,126779300
2026-07-20,INTC,Intel,97.05999755859375,100.9800033569336,96.91999816894531,97.58000183105469,89741400
2026-07-21,INTC,Intel,105.44999694824219,106.33999633789062,101.22000122070312,103.19000244140625,105429400
2026-07-22,INTC,Intel,102.62000274658203,106.8499984741211,101.4800033569336,101.55000305175781,78431000
2026-07-23,INTC,Intel,100.2300033569336,104.18000030517578,99.23999786376953,101.13999938964844,140806900
2026-07-24,INTC,Intel,92.31999969482422,101.73999786376953,91.58000183105469,100.36000061035156,181132900
2026-07-27,INTC,Intel,91.66999816894531,94.9800033569336,86.94000244140625,92.45999908447266,133247300
2026-07-28,INTC,Intel,86.30000305175781,88.27999877929688,83.0999984741211,86.62000274658203,154346700
2026-07-29,INTC,Intel,81.87999725341797,88.47000122070312,81.79000091552734,86.56999969482422,152394600
2026-07-30,INTC,Intel,91.12999725341797,94.0999984741211,85.97000122070312,86.51000213623047,140322600
2026-07-31,INTC,Intel,90.19999694824219,97.9000015258789,90.12999725341797,96.72000122070312,109039500
2026-08-03,INTC,Intel,91.0,91.68000030517578,85.62000274658203,88.4000015258789,96633600
2026-08-04,INTC,Intel,100.86000061035156,101.38999938964844,94.31999969482422,95.23999786376953,124355100
2026-08-05,INTC,Intel,101.05999755859375,102.83000183105469,97.9000015258789,99.30000305175781,85388400
2026-08-06,INTC,Intel,99.80999755859375,103.37999725341797,95.5999984741211,98.22000122070312,78088100
2026-08-07,INTC,Intel,101.6500015258789,103.66000366210938,98.02999877929688,102.33000183105469,76760600
2026-08-10,INTC,Intel,97.5199966430664,100.02999877929688,96.30000305175781,98.26000213623047,101153400
2026-08-11,INTC,Intel,97.70999908447266,98.3499984741211,95.3499984741211,96.77999877929688,164063600
2026-08-12,INTC,Intel,100.94999694824219,103.16000366210938,100.12000274658203,101.33000183105469,162446700
2026-08-13,INTC,Intel,104.55999755859375,107.56999969482422,100.33000183105469,101.51000213623047,116837600
2026-08-14,INTC,Intel,102.5,106.87000274658203,102.05000305175781,104.4800033569336,95387500
2026-08-17,INTC,Intel,103.48999786376953,105.97000122070312,101.80000305175781,103.55000305175781,88616800
2026-08-18,INTC,Intel,96.69000244140625,99.30999755859375,95.25,99.22000122070312,121969500
2026-08-19,INTC,Intel,92.80000305175781,98.19999694824219,91.27999877929688,97.41000366210938,110268600
2026-08-20,INTC,Intel,92.12999725341797,92.68000030517578,89.8499984741211,91.87000274658203,85654700
2026-08-21,INTC,Intel,90.06999969482422,92.7699966430664,89.75,92.70999908447266,91670100
2026-08-24,INTC,Intel,87.26000213623047,88.91000366210938,85.13999938964844,88.86000061035156,96903400
2026-08-25,INTC,Intel,87.4800033569336,90.18000030517578,87.29000091552734,90.05999755859375,81853800
2026-08-26,INTC,Intel,88.23999786376953,88.27999877929688,85.62999725341797,86.80999755859375,75752800
2026-08-27,INTC,Intel,92.08999633789062,92.94999694824219,88.45999908447266,89.91000366210938,100556800
2026-08-28,INTC,Intel,89.47000122070312,93.69999694824219,89.05000305175781,90.2699966430664,86172600
2026-08-31,INTC,Intel,89.51000213623047,91.8499984741211,88.97000122070312,90.0,65188200
2026-09-01,INTC,Intel,88.97000122070312,89.41000366210938,85.72000122070312,86.83999633789062,73962100
2026-09-02,INTC,Intel,90.05000305175781,90.43000030517578,87.5,88.8499984741211,61554500
2026-09-03,INTC,Intel,91.66999816894531,92.37000274658203,87.7300033569336,89.3499984741211,79927800
2026-09-04,INTC,Intel,95.80000305175781,95.94000244140625,91.87000274658203,92.44999694824219,97654300
2026-09-08,INTC,Intel,104.47000122070312,106.08999633789062,100.3499984741211,100.80000305175781,140269300
2026-09-09,INTC,Intel,106.23999786376953,106.69000244140625,102.69999694824219,102.69999694824219,96891400
2026-09-10,INTC,Intel,100.31999969482422,103.2300033569336,99.33999633789062,102.44999694824219,96887100
2026-09-11,INTC,Intel,102.94000244140625,104.9000015258789,101.06999969482422,102.47000122070312,86840900
